{"type":"FeatureCollection","case":"wayanad","event":"Wayanad debris flow, 29-30 July 2024","window":["2024-07-29","2024-07-31"],"note":"IMD 24 h category ratios scaled by 0.6 and applied to GPM IMERG V07 observed rainfall. NOT IMD categories and NOT the warning IMD issued.","features":[{"type":"Feature","geometry":{"type":"Polygon","coordinates":[[[93.0447,23.4105],[92.9468,23.5136],[92.881,23.5191],[92.7816,23.2992],[92.6899,23.328],[92.6731,23.383],[92.6547,23.5178],[92.6746,23.6236],[92.6257,23.7968],[92.6608,23.8326],[92.6272,23.9536],[92.8474,24.0264],[92.9024,24.2216],[92.8612,24.3137],[92.8963,24.3907],[93.0095,24.4127],[93.0233,24.234],[92.9759,24.1158],[93.2068,24.047],[93.1502,23.8106],[93.0447,23.7652],[93.0462,23.6662],[93.0447,23.4105]]]},"properties":{"name":"Aizawl","state":"Mizoram","warning":"YELLOW","category":"Lowest band, 39-68 mm/24h observed","maxMm24h":51.0}},{"type":"Feature","geometry":{"type":"MultiPolygon","coordinates":[[[[93.0462,23.6662],[93.0447,23.7652],[93.1502,23.8106],[93.2068,24.047],[93.2526,24.0209],[93.3964,23.9261],[93.427,23.6497],[93.4239,23.5274],[93.3903,23.4971],[93.274,23.4848],[93.2786,23.658],[93.2511,23.7391],[93.1624,23.6607],[93.0462,23.6662]]],[[[93.1961,23.0558],[93.1655,23.1796],[93.0508,23.2126],[93.0416,23.3074],[93.1334,23.3225],[93.2664,23.3885],[93.3581,23.3308],[93.3918,23.2208],[93.3551,23.0737],[93.3,23.005],[93.1961,23.0558]]]]},"properties":{"name":"Champhai","state":"Mizoram","warning":"ORANGE","category":"Middle band, 69-122 mm/24h observed","maxMm24h":84.8}},{"type":"Feature","geometry":{"type":"Polygon","coordinates":[[[92.6731,23.383],[92.6899,23.328],[92.6914,23.2428],[92.8168,23.2249],[92.8642,23.1754],[92.8887,22.9472],[92.855,22.8799],[92.9208,22.7809],[92.9544,22.6269],[92.9346,22.5541],[92.8367,22.6242],[92.7556,22.5417],[92.6486,22.6352],[92.6012,22.7204],[92.5094,22.741],[92.4483,22.8757],[92.3718,22.9362],[92.3917,23.0572],[92.3458,23.2373],[92.4024,23.2662],[92.4544,23.2868],[92.4773,23.3899],[92.5584,23.3693],[92.6731,23.383]]]},"properties":{"name":"Lunglei","state":"Mizoram","warning":"ORANGE","category":"Middle band, 69-122 mm/24h observed","maxMm24h":72.1}},{"type":"Feature","geometry":{"type":"Polygon","coordinates":[[[92.855,22.0633],[92.826,22.33],[92.9315,22.3946],[92.9346,22.5541],[92.9544,22.6269],[92.9208,22.7809],[93.0064,22.7534],[93.0967,22.7864],[93.0936,22.708],[93.1425,22.5829],[93.1318,22.4716],[93.1884,22.4248],[93.1991,22.2777],[93.1609,22.1801],[93.0508,22.2007],[92.9988,22.0536],[92.9391,22.0165],[92.855,22.0633]]]},"properties":{"name":"Saiha","state":"Mizoram","warning":"YELLOW","category":"Lowest band, 39-68 mm/24h observed","maxMm24h":55.2}},{"type":"Feature","geometry":{"type":"Polygon","coordinates":[[[92.6899,23.328],[92.7816,23.2992],[92.881,23.5191],[92.9468,23.5136],[93.0447,23.4105],[93.0416,23.3074],[93.0508,23.2126],[93.1655,23.1796],[93.1961,23.0558],[93.1227,23.0063],[92.9606,23.1163],[92.9254,23.1864],[92.8642,23.1754],[92.8168,23.2249],[92.6914,23.2428],[92.6899,23.328]]]},"properties":{"name":"Serchhip","state":"Mizoram","warning":"ORANGE","category":"Middle band, 69-122 mm/24h observed","maxMm24h":72.3}},{"type":"Feature","geometry":{"type":"Polygon","coordinates":[[[93.0447,23.4105],[93.0462,23.6662],[93.1624,23.6607],[93.2511,23.7391],[93.2786,23.658],[93.274,23.4848],[93.3903,23.4971],[93.4025,23.3885],[93.3581,23.3308],[93.2664,23.3885],[93.1334,23.3225],[93.0416,23.3074],[93.0447,23.4105]]]},"properties":{"name":"Khawzawl","state":"Mizoram","warning":"ORANGE","category":"Middle band, 69-122 mm/24h observed","maxMm24h":71.9}},{"type":"Feature","geometry":{"type":"Polygon","coordinates":[[[92.9208,22.7809],[92.855,22.8799],[92.8887,22.9472],[92.8642,23.1754],[92.9254,23.1864],[92.9606,23.1163],[93.1227,23.0063],[93.1456,22.928],[93.0967,22.7864],[93.0064,22.7534],[92.9208,22.7809]]]},"properties":{"name":"Hnahthial","state":"Mizoram","warning":"YELLOW","category":"Lowest band, 39-68 mm/24h observed","maxMm24h":66.3}},{"type":"Feature","geometry":{"type":"Polygon","coordinates":[[[77.6763,11.9519],[77.71,11.8103],[77.6901,11.6523],[77.7482,11.6646],[77.7329,11.512],[77.6962,11.4639],[77.684,11.4172],[77.8078,11.2673],[77.8629,11.2453],[77.8935,11.0776],[77.9332,11.0707],[77.8705,11.024],[77.7773,11.0584],[77.6396,11.123],[77.5005,11.1078],[77.4729,11.1793],[77.476,11.3017],[77.3338,11.3168],[77.2176,11.3526],[77.1472,11.3361],[77.1105,11.4062],[76.9637,11.3855],[77.0081,11.545],[76.8475,11.5945],[76.8353,11.655],[76.9087,11.7952],[77.0127,11.8145],[77.1105,11.7732],[77.2925,11.809],[77.4286,11.7677],[77.4944,11.9437],[77.6763,11.9519]]]},"properties":{"name":"Erode","state":"Tamil Nadu","warning":"YELLOW","category":"Lowest band, 39-68 mm/24h observed","maxMm24h":43.1}},{"type":"Feature","geometry":{"type":"Polygon","coordinates":[[[76.8475,11.5945],[77.0081,11.545],[76.9637,11.3855],[76.8506,11.3402],[76.8414,11.2879],[76.7068,11.2398],[76.6288,11.1945],[76.4423,11.2013],[76.5218,11.2701],[76.5478,11.3594],[76.4606,11.3883],[76.2343,11.5271],[76.378,11.6014],[76.4178,11.6715],[76.5111,11.7045],[76.56,11.622],[76.7573,11.6179],[76.8475,11.5945]]]},"properties":{"name":"Nilgiris","state":"Tamil Nadu","warning":"ORANGE","category":"Middle band, 69-122 mm/24h observed","maxMm24h":119.7}},{"type":"Feature","geometry":{"type":"Polygon","coordinates":[[[76.9637,11.3855],[77.1105,11.4062],[77.1472,11.3361],[77.161,11.1683],[77.2619,11.1147],[77.1656,11.0652],[77.1824,10.9209],[77.2482,10.9044],[77.294,10.8123],[77.1962,10.8027],[77.1335,10.7504],[77.1579,10.5841],[77.0906,10.5841],[77.0738,10.4631],[77.0906,10.3146],[77.0509,10.2624],[76.9821,10.2198],[76.8995,10.2528],[76.898,10.2541],[76.8919,10.2596],[76.8337,10.3394],[76.8154,10.4232],[76.8383,10.5964],[76.9071,10.782],[76.8307,10.87],[76.6564,10.9388],[76.7542,11.079],[76.6946,11.167],[76.7068,11.2398],[76.8414,11.2879],[76.8506,11.3402],[76.9637,11.3855]]]},"properties":{"name":"Coimbatore","state":"Tamil Nadu","warning":"ORANGE","category":"Middle band, 69-122 mm/24h observed","maxMm24h":112.6}},{"type":"Feature","geometry":{"type":"Polygon","coordinates":[[[77.1472,11.3361],[77.2176,11.3526],[77.3338,11.3168],[77.476,11.3017],[77.4729,11.1793],[77.5005,11.1078],[77.6396,11.123],[77.7773,11.0584],[77.7604,10.903],[77.8323,10.8384],[77.8078,10.6803],[77.7207,10.6308],[77.5861,10.683],[77.5142,10.6061],[77.4179,10.6253],[77.369,10.5511],[77.3843,10.4493],[77.3231,10.448],[77.3292,10.272],[77.2879,10.2321],[77.1809,10.3572],[77.0906,10.3146],[77.0738,10.4631],[77.0906,10.5841],[77.1579,10.5841],[77.1335,10.7504],[77.1962,10.8027],[77.294,10.8123],[77.2482,10.9044],[77.1824,10.9209],[77.1656,11.0652],[77.2619,11.1147],[77.161,11.1683],[77.1472,11.3361]]]},"properties":{"name":"Tiruppur","state":"Tamil Nadu","warning":"YELLOW","category":"Lowest band, 39-68 mm/24h observed","maxMm24h":67.7}},{"type":"Feature","geometry":{"type":"Polygon","coordinates":[[[78.1993,10.5469],[78.207,10.4741],[78.3155,10.4397],[78.2804,10.3724],[78.3339,10.3009],[78.3293,10.228],[78.2804,10.129],[78.2131,10.0754],[78.1427,10.1826],[78.0204,10.184],[77.9134,10.074],[77.8048,10.0672],[77.713,10.0259],[77.6916,10.1455],[77.6182,10.2143],[77.4653,10.1304],[77.3598,10.151],[77.268,10.1221],[77.2879,10.2321],[77.3292,10.272],[77.3231,10.448],[77.3843,10.4493],[77.369,10.5511],[77.4179,10.6253],[77.5142,10.6061],[77.5861,10.683],[77.7207,10.6308],[77.8078,10.6803],[77.9745,10.6404],[78.028,10.7807],[78.181,10.8109],[78.1534,10.7449],[78.1397,10.5621],[78.1993,10.5469]]]},"properties":{"name":"Dindigul","state":"Tamil Nadu","warning":"YELLOW","category":"Lowest band, 39-68 mm/24h observed","maxMm24h":42.9}},{"type":"Feature","geometry":{"type":"Polygon","coordinates":[[[76.7818,21.5587],[76.7833,21.4639],[76.6212,21.3319],[76.6625,21.281],[76.6227,21.1848],[76.4897,21.1917],[76.4774,21.1477],[76.3826,21.0762],[76.167,21.0789],[76.1594,21.2549],[76.0951,21.3718],[75.9866,21.369],[76.0095,21.4694],[75.9514,21.5477],[76.0768,21.5725],[76.1762,21.5422],[76.3765,21.5986],[76.5126,21.5615],[76.612,21.5739],[76.7818,21.5587]]]},"properties":{"name":"Burhanpur","state":"Madhya Pradesh","warning":"ORANGE","category":"Middle band, 69-122 mm/24h observed","maxMm24h":72.3}},{"type":"Feature","geometry":{"type":"Polygon","coordinates":[[[75.9866,21.369],[76.0951,21.3718],[76.1594,21.2549],[76.167,21.0789],[76.3826,21.0762],[76.3979,21.0322],[76.3459,20.9511],[76.164,21.0363],[76.0783,20.9085],[76.1135,20.892],[75.985,20.7614],[76.0065,20.6473],[75.9315,20.5744],[75.8245,20.5552],[75.7541,20.6129],[75.5355,20.606],[75.5278,20.5552],[75.3963,20.5208],[75.3887,20.5772],[75.2572,20.5758],[75.2266,20.4947],[75.1593,20.4768],[75.1058,20.4122],[75.1256,20.3503],[74.9941,20.3366],[74.9345,20.2706],[74.8641,20.3352],[74.8015,20.4452],[74.8122,20.6321],[74.933,20.6569],[74.9865,20.738],[74.962,20.9016],[74.9131,20.9277],[74.91,21.0308],[74.858,21.0597],[74.8947,21.1491],[74.9635,21.1944],[75.0369,21.1917],[75.1318,21.2783],[75.1211,21.3429],[75.2113,21.4116],[75.3825,21.38],[75.6089,21.3896],[75.9866,21.369]]]},"properties":{"name":"Jalgaon","state":"Maharashtra","warning":"ORANGE","category":"Middle band, 69-122 mm/24h observed","maxMm24h":89.9}},{"type":"Feature","geometry":{"type":"Polygon","coordinates":[[[76.3826,21.0762],[76.4774,21.1477],[76.4897,21.1917],[76.6227,21.1848],[76.6625,21.281],[76.7236,21.2893],[76.7833,21.193],[76.7741,21.0844],[76.797,21.0033],[76.7649,20.8562],[76.7741,20.7751],[76.7328,20.6555],[76.7833,20.6033],[76.7695,20.518],[76.7084,20.5002],[76.7435,20.3379],[76.82,20.2802],[76.7466,20.206],[76.7573,20.1276],[76.6686,20.1262],[76.6579,20.0011],[76.6074,19.9241],[76.6395,19.8664],[76.5371,19.8485],[76.4943,19.92],[76.4086,19.92],[76.297,19.8692],[76.0982,19.8568],[76.0799,19.9131],[75.9636,19.9984],[76.0951,20.096],[76.141,20.3008],[76.086,20.3668],[76.0309,20.305],[75.9667,20.3696],[75.9407,20.5015],[75.9759,20.5318],[76.0355,20.5552],[76.0065,20.6473],[75.985,20.7614],[76.1135,20.892],[76.0783,20.9085],[76.164,21.0363],[76.3459,20.9511],[76.3979,21.0322],[76.3826,21.0762]]]},"properties":{"name":"Buldhana","state":"Maharashtra","warning":"YELLOW","category":"Lowest band, 39-68 mm/24h observed","maxMm24h":45.7}},{"type":"Feature","geometry":{"type":"Polygon","coordinates":[[[72.7753,20.1317],[72.7401,20.2431],[72.7783,20.3366],[72.8288,20.3682],[72.8869,20.4617],[72.9037,20.5758],[72.8548,20.7504],[72.9725,20.7449],[73.0475,20.6995],[73.0735,20.6005],[73.2187,20.6019],[73.2585,20.5799],[73.4068,20.6239],[73.4726,20.584],[73.468,20.496],[73.4038,20.3861],[73.416,20.2046],[73.2998,20.2101],[73.2493,20.1221],[73.2111,20.1207],[73.1346,20.1991],[73.1668,20.2885],[73.0429,20.3256],[72.9328,20.2953],[72.9618,20.2087],[72.8731,20.2266],[72.7753,20.1317]]]},"properties":{"name":"Valsad","state":"Gujarat","warning":"YELLOW","category":"Lowest band, 39-68 mm/24h observed","maxMm24h":55.1}},{"type":"Feature","geometry":{"type":"Polygon","coordinates":[[[76.82,20.2802],[76.7435,20.3379],[76.7084,20.5002],[76.7695,20.518],[76.7833,20.6033],[76.7328,20.6555],[76.7741,20.7751],[76.7649,20.8562],[76.797,21.0033],[76.7741,21.0844],[76.7833,21.193],[76.9989,21.1958],[77.1671,21.2425],[77.1763,21.0721],[77.1289,20.8631],[77.2864,20.8466],[77.5295,20.8494],[77.6106,20.7999],[77.6106,20.7188],[77.4791,20.6624],[77.4592,20.617],[77.3399,20.5758],[77.3399,20.4837],[77.2298,20.474],[77.1824,20.3984],[77.0142,20.4122],[76.82,20.2802]]]},"properties":{"name":"Akola","state":"Maharashtra","warning":"YELLOW","category":"Lowest band, 39-68 mm/24h observed","maxMm24h":67.8}},{"type":"Feature","geometry":{"type":"Polygon","coordinates":[[[85.7122,21.1381],[85.7504,20.9923],[85.8452,20.9332],[85.9171,20.9277],[85.8988,20.8466],[86.0303,20.8095],[85.9156,20.7009],[85.8881,20.6583],[85.7871,20.672],[85.7061,20.6239],[85.6556,20.5497],[85.5853,20.5139],[85.5042,20.5359],[85.4568,20.485],[85.2519,20.518],[85.1265,20.6156],[85.1143,20.683],[85.1892,20.7009],[85.255,20.7957],[85.2305,21.0721],[85.2718,21.1752],[85.3941,21.1834],[85.4981,21.1147],[85.5455,21.1669],[85.7061,21.1683],[85.7122,21.1381]]]},"properties":{"name":"Dhenkanal","state":"Odisha","warning":"YELLOW","category":"Lowest band, 39-68 mm/24h observed","maxMm24h":43.2}},{"type":"Feature","geometry":{"type":"Polygon","coordinates":[[[74.8122,20.6321],[74.8015,20.4452],[74.8641,20.3352],[74.9345,20.2706],[74.8963,20.1799],[74.8183,20.25],[74.7143,20.1345],[74.7357,20.0809],[74.6699,19.9461],[74.3182,19.9846],[74.2739,19.9063],[74.3626,19.8719],[74.3733,19.8018],[74.1668,19.7303],[74.1194,19.6409],[74.0216,19.6739],[73.9252,19.6726],[73.8396,19.7413],[73.7769,19.6409],[73.7035,19.597],[73.6163,19.586],[73.4848,19.7248],[73.4512,19.7647],[73.4068,20.019],[73.309,20.0561],[73.2493,20.1221],[73.2998,20.2101],[73.416,20.2046],[73.4038,20.3861],[73.468,20.496],[73.4726,20.584],[73.4068,20.6239],[73.4741,20.7201],[73.6148,20.6253],[73.653,20.5648],[73.7448,20.5648],[73.8381,20.6211],[73.8748,20.7298],[73.9176,20.7243],[73.942,20.8397],[74.02,20.8342],[74.1577,20.8617],[74.3809,20.8397],[74.436,20.8026],[74.5384,20.837],[74.6654,20.7751],[74.6501,20.694],[74.8122,20.6321]]]},"properties":{"name":"Nashik","state":"Maharashtra","warning":"ORANGE","category":"Middle band, 69-122 mm/24h observed","maxMm24h":82.2}},{"type":"Feature","geometry":{"type":"Polygon","coordinates":[[[79.9823,20.6775],[80.0573,20.7119],[80.2423,20.6555],[80.3081,20.7284],[80.3325,20.8205],[80.3906,20.8067],[80.5619,20.8232],[80.5803,20.6734],[80.5206,20.5799],[80.617,20.5854],[80.591,20.3929],[80.6261,20.3324],[80.3952,20.2445],[80.4319,20.1359],[80.5053,20.1441],[80.5451,20.1001],[80.5298,19.9393],[80.4686,19.8265],[80.5466,19.8183],[80.5634,19.7592],[80.672,19.7028],[80.7148,19.6162],[80.8953,19.52],[80.8524,19.3646],[80.7515,19.2876],[80.6124,19.3096],[80.5772,19.3976],[80.4824,19.3371],[80.3937,19.1873],[80.3325,19.1447],[80.3295,19.0704],[80.2714,18.9426],[80.3493,18.8477],[80.2744,18.7652],[80.2759,18.7199],[80.1184,18.68],[80.019,18.7707],[79.9135,18.8257],[79.9609,18.8656],[79.9395,19.0347],[79.8585,19.102],[79.9288,19.1584],[79.9778,19.399],[79.9441,19.4705],[79.8646,19.5103],[79.8065,19.5791],[79.782,19.7276],[79.7377,19.8155],[79.8034,19.8925],[79.7835,20.0094],[79.8524,20.03],[79.9151,19.9695],[79.99,20.0451],[79.967,20.118],[79.9869,20.2142],[79.9426,20.2898],[79.9716,20.3531],[79.9242,20.5552],[79.9334,20.6734],[79.9823,20.6775]]]},"properties":{"name":"Gadchiroli","state":"Maharashtra","warning":"YELLOW","category":"Lowest band, 39-68 mm/24h observed","maxMm24h":46.1}},{"type":"Feature","geometry":{"type":"Polygon","coordinates":[[[76.6395,19.8664],[76.6074,19.9241],[76.6579,20.0011],[76.6686,20.1262],[76.7573,20.1276],[76.7466,20.206],[76.82,20.2802],[77.0142,20.4122],[77.1824,20.3984],[77.2298,20.474],[77.3399,20.4837],[77.3399,20.5758],[77.4592,20.617],[77.4791,20.6624],[77.6106,20.7188],[77.6564,20.639],[77.6503,20.5648],[77.6733,20.5387],[77.5739,20.3998],[77.6106,20.2637],[77.6656,20.2472],[77.6702,20.1015],[77.58,20.0286],[77.5249,20.0974],[77.372,20.0465],[77.2849,19.909],[77.2145,19.9736],[77.1029,19.9324],[77.0356,20.008],[76.7726,19.9351],[76.7405,19.8733],[76.6395,19.8664]]]},"properties":{"name":"Washim","state":"Maharashtra","warning":"YELLOW","category":"Lowest band, 39-68 mm/24h observed","maxMm24h":53.8}},{"type":"Feature","geometry":{"type":"Polygon","coordinates":[[[85.1265,20.6156],[85.2519,20.518],[85.4568,20.485],[85.5042,20.5359],[85.5853,20.5139],[85.6556,20.5497],[85.7061,20.6239],[85.7871,20.672],[85.8881,20.6583],[85.9156,20.7009],[86.041,20.5923],[86.145,20.6418],[86.2795,20.5813],[86.249,20.5387],[86.2734,20.3874],[86.249,20.3654],[86.0104,20.3778],[86.0395,20.2871],[86.1511,20.2142],[86.1419,20.1441],[86.1817,20.0534],[86.1251,20.0369],[86.0807,20.1042],[85.8789,20.3572],[85.7856,20.4342],[85.7168,20.4039],[85.6235,20.2926],[85.5241,20.3063],[85.3299,20.2788],[85.3666,20.3668],[85.1586,20.3792],[84.8482,20.5277],[84.8972,20.5827],[85.0745,20.5813],[85.1265,20.6156]]]},"properties":{"name":"Cuttack","state":"Odisha","warning":"RED","category":"Highest band, >= 123 mm/24h observed","maxMm24h":148.1}},{"type":"Feature","geometry":{"type":"Polygon","coordinates":[[[84.5103,20.3957],[84.6815,20.4328],[84.7672,20.6033],[84.8482,20.5277],[85.1586,20.3792],[85.3666,20.3668],[85.3299,20.2788],[85.3223,20.2293],[85.2229,20.2211],[85.2122,20.1317],[85.362,20.1881],[85.3804,20.0712],[85.4553,19.9709],[85.4186,19.9241],[85.1617,19.9049],[85.1235,19.9338],[84.94,19.898],[84.9017,19.9915],[84.7978,20.0905],[84.8314,20.217],[84.7045,20.2788],[84.5867,20.1744],[84.5424,20.2513],[84.5103,20.3957]]]},"properties":{"name":"Nayagarh","state":"Odisha","warning":"YELLOW","category":"Lowest band, 39-68 mm/24h observed","maxMm24h":49.5}},{"type":"Feature","geometry":{"type":"Polygon","coordinates":[[[85.3299,20.2788],[85.5241,20.3063],[85.6235,20.2926],[85.7168,20.4039],[85.7856,20.4342],[85.8789,20.3572],[86.0807,20.1042],[85.8988,20.1097],[85.8865,20.184],[85.703,20.1427],[85.6786,20.0671],[85.5516,19.9626],[85.5639,19.8527],[85.4385,19.8829],[85.3299,19.7853],[85.2519,19.7674],[85.1831,19.6726],[85.1372,19.7386],[85.0042,19.8045],[84.94,19.898],[85.1235,19.9338],[85.1617,19.9049],[85.4186,19.9241],[85.4553,19.9709],[85.3804,20.0712],[85.362,20.1881],[85.2122,20.1317],[85.2229,20.2211],[85.3223,20.2293],[85.3299,20.2788]]]},"properties":{"name":"Khordha","state":"Odisha","warning":"YELLOW","category":"Lowest band, 39-68 mm/24h observed","maxMm24h":63.6}},{"type":"Feature","geometry":{"type":"Polygon","coordinates":[[[86.1817,20.0534],[86.1419,20.1441],[86.1511,20.2142],[86.0395,20.2871],[86.0104,20.3778],[86.249,20.3654],[86.3942,20.3654],[86.4523,20.3297],[86.6037,20.3407],[86.723,20.2981],[86.7765,20.3352],[86.6802,20.2637],[86.5334,20.1812],[86.3698,19.9819],[86.2704,20.041],[86.1817,20.0534]]]},"properties":{"name":"Jagatsinghpur","state":"Odisha","warning":"RED","category":"Highest band, >= 123 mm/24h observed","maxMm24h":148.1}},{"type":"Feature","geometry":{"type":"Polygon","coordinates":[[[86.0807,20.1042],[86.1251,20.0369],[86.1817,20.0534],[86.2704,20.041],[86.3698,19.9819],[86.2275,19.9008],[85.885,19.8128],[85.6786,19.7454],[85.3528,19.5887],[85.1724,19.4677],[85.1831,19.6726],[85.2519,19.7674],[85.3299,19.7853],[85.4385,19.8829],[85.5639,19.8527],[85.5516,19.9626],[85.6786,20.0671],[85.703,20.1427],[85.8865,20.184],[85.8988,20.1097],[86.0807,20.1042]]]},"properties":{"name":"Puri","state":"Odisha","warning":"RED","category":"Highest band, >= 123 mm/24h observed","maxMm24h":148.1}},{"type":"Feature","geometry":{"type":"Polygon","coordinates":[[[73.572,17.8758],[73.6026,17.7947],[73.5689,17.7245],[73.6867,17.686],[73.7448,17.5554],[73.6943,17.4867],[73.6668,17.3918],[73.6943,17.2612],[73.7066,17.1705],[73.806,17.0839],[73.8319,17.0248],[73.7952,16.9286],[73.7096,16.8296],[73.8121,16.7691],[73.8518,16.6481],[73.7677,16.6027],[73.6209,16.5821],[73.5995,16.5436],[73.468,16.4941],[73.3472,16.5299],[73.3518,16.6151],[73.3059,16.7306],[73.3181,16.8048],[73.2769,16.8914],[73.2967,16.9849],[73.2891,17.1155],[73.2233,17.2654],[73.2447,17.3217],[73.1836,17.385],[73.1775,17.5829],[73.0444,17.9816],[73.1148,17.9802],[73.1729,18.0586],[73.2876,18.071],[73.3732,17.9253],[73.5062,17.851],[73.572,17.8758]]]},"properties":{"name":"Ratnagiri","state":"Maharashtra","warning":"ORANGE","category":"Middle band, 69-122 mm/24h observed","maxMm24h":81.2}},{"type":"Feature","geometry":{"type":"Polygon","coordinates":[[[73.8518,16.6481],[73.8121,16.7691],[73.7096,16.8296],[73.7952,16.9286],[73.8319,17.0248],[73.806,17.0839],[73.7066,17.1705],[73.8488,17.1513],[74.0231,16.9849],[74.0659,16.9024],[74.2922,16.8969],[74.4069,16.8461],[74.4742,16.8681],[74.6271,16.7883],[74.6959,16.7155],[74.6302,16.5835],[74.5705,16.5546],[74.5445,16.6357],[74.3152,16.5546],[74.332,16.4543],[74.3167,16.3264],[74.3733,16.2618],[74.4803,16.2494],[74.4803,16.1477],[74.3718,16.079],[74.4635,16.0391],[74.387,15.9044],[74.3458,15.7641],[74.2387,15.7449],[74.2097,15.7806],[74.1087,15.8219],[74.0736,15.9484],[74.095,16.0075],[73.9986,16.0391],[73.9925,16.0927],[73.9084,16.1367],[73.9405,16.2439],[73.8901,16.2563],[73.8319,16.3443],[73.887,16.4488],[73.8304,16.5491],[73.8518,16.6481]]]},"properties":{"name":"Kolhapur","state":"Maharashtra","warning":"ORANGE","category":"Middle band, 69-122 mm/24h observed","maxMm24h":70.7}},{"type":"Feature","geometry":{"type":"Polygon","coordinates":[[[74.6959,16.7155],[74.8504,16.7732],[74.9192,16.7732],[74.9024,16.8626],[75.0889,16.9519],[75.1822,16.8433],[75.2648,16.8626],[75.2801,16.9561],[75.3413,16.9561],[75.3351,16.8694],[75.3948,16.8626],[75.3841,16.7636],[75.3627,16.7141],[75.2663,16.6921],[75.2587,16.6069],[75.1578,16.5835],[75.1149,16.5065],[75.0079,16.5381],[74.988,16.4529],[75.0431,16.3182],[75.1302,16.3305],[75.1486,16.2824],[75.2342,16.2591],[75.2862,16.2013],[75.2755,16.1202],[75.4391,16.1161],[75.4192,16.0528],[75.4514,15.8865],[75.3642,15.8054],[75.303,15.8123],[75.2893,15.6913],[75.2021,15.6487],[75.1088,15.672],[75.0568,15.6322],[74.9666,15.6542],[74.8305,15.6102],[74.8137,15.5043],[74.7388,15.415],[74.6134,15.3586],[74.5445,15.4163],[74.4268,15.3985],[74.4222,15.4631],[74.3427,15.5181],[74.2785,15.5222],[74.2372,15.6679],[74.1179,15.6514],[74.1225,15.7201],[74.2097,15.7806],[74.2387,15.7449],[74.3458,15.7641],[74.387,15.9044],[74.4635,16.0391],[74.3718,16.079],[74.4803,16.1477],[74.4803,16.2494],[74.3733,16.2618],[74.3167,16.3264],[74.332,16.4543],[74.3152,16.5546],[74.5445,16.6357],[74.5705,16.5546],[74.6302,16.5835],[74.6959,16.7155]]]},"properties":{"name":"Belagavi","state":"Karnataka","warning":"YELLOW","category":"Lowest band, 39-68 mm/24h observed","maxMm24h":67.1}},{"type":"Feature","geometry":{"type":"Polygon","coordinates":[[[73.3472,16.5299],[73.468,16.4941],[73.5995,16.5436],[73.6209,16.5821],[73.7677,16.6027],[73.8518,16.6481],[73.8304,16.5491],[73.887,16.4488],[73.8319,16.3443],[73.8901,16.2563],[73.9405,16.2439],[73.9084,16.1367],[73.9925,16.0927],[73.9986,16.0391],[74.095,16.0075],[74.0736,15.9484],[74.1087,15.8219],[74.2097,15.7806],[74.1225,15.7201],[74.1179,15.6514],[73.991,15.6115],[73.939,15.7421],[73.8748,15.7504],[73.6851,15.7284],[73.5888,15.9099],[73.5108,15.9374],[73.4114,16.2728],[73.3686,16.3635],[73.3472,16.5299]]]},"properties":{"name":"Sindhudurg","state":"Maharashtra","warning":"ORANGE","category":"Middle band, 69-122 mm/24h observed","maxMm24h":83.7}},{"type":"Feature","geometry":{"type":"Polygon","coordinates":[[[74.1179,15.6514],[74.2372,15.6679],[74.2785,15.5222],[74.2509,15.4919],[74.1791,15.4369],[74.0552,15.4081],[74.0307,15.4782],[73.9619,15.5401],[73.9344,15.4328],[73.7662,15.4947],[73.6851,15.7284],[73.8748,15.7504],[73.939,15.7421],[73.991,15.6115],[74.1179,15.6514]]]},"properties":{"name":"North Goa","state":"Goa","warning":"ORANGE","category":"Middle band, 69-122 mm/24h observed","maxMm24h":85.3}},{"type":"Feature","geometry":{"type":"Polygon","coordinates":[[[74.7388,15.415],[74.8137,15.5043],[74.8305,15.6102],[74.9666,15.6542],[75.0568,15.6322],[75.1088,15.672],[75.2021,15.6487],[75.2893,15.6913],[75.4131,15.6555],[75.4881,15.7023],[75.5538,15.6473],[75.5293,15.5373],[75.4819,15.5318],[75.4926,15.3682],[75.4131,15.2995],[75.433,15.1991],[75.4162,15.085],[75.2388,15.1084],[75.0828,15.0754],[74.8886,15.0506],[74.832,15.1359],[74.91,15.2514],[74.8886,15.3077],[74.7388,15.415]]]},"properties":{"name":"Dharwad","state":"Karnataka","warning":"YELLOW","category":"Lowest band, 39-68 mm/24h observed","maxMm24h":40.8}},{"type":"Feature","geometry":{"type":"Polygon","coordinates":[[[74.2785,15.5222],[74.3427,15.5181],[74.4222,15.4631],[74.4268,15.3985],[74.5445,15.4163],[74.6134,15.3586],[74.7388,15.415],[74.8886,15.3077],[74.91,15.2514],[74.832,15.1359],[74.8886,15.0506],[75.0828,15.0754],[75.1027,14.9338],[75.0415,14.7743],[75.0507,14.6492],[75.0232,14.5681],[74.9009,14.5296],[74.8794,14.4361],[74.9483,14.399],[74.8901,14.2162],[74.7923,14.2272],[74.6654,14.1845],[74.6378,14.0952],[74.6669,13.9866],[74.5828,13.9261],[74.5155,13.9866],[74.4696,14.1887],[74.4421,14.2244],[74.3947,14.4183],[74.3549,14.509],[74.2693,14.6272],[74.2632,14.7193],[74.1179,14.7853],[74.0858,14.9008],[74.202,14.9255],[74.2968,15.041],[74.2724,15.0974],[74.3167,15.1867],[74.2601,15.2417],[74.3259,15.283],[74.3228,15.3682],[74.2754,15.3916],[74.2509,15.4919],[74.2785,15.5222]]]},"properties":{"name":"Uttara Kannada","state":"Karnataka","warning":"ORANGE","category":"Middle band, 69-122 mm/24h observed","maxMm24h":78.5}},{"type":"Feature","geometry":{"type":"Polygon","coordinates":[[[73.9344,15.4328],[73.9619,15.5401],[74.0307,15.4782],[74.0552,15.4081],[74.1791,15.4369],[74.2509,15.4919],[74.2754,15.3916],[74.3228,15.3682],[74.3259,15.283],[74.2601,15.2417],[74.3167,15.1867],[74.2724,15.0974],[74.2968,15.041],[74.202,14.9255],[74.0858,14.9008],[73.9818,15.0548],[73.8839,15.3545],[73.9344,15.4328]]]},"properties":{"name":"South Goa","state":"Goa","warning":"ORANGE","category":"Middle band, 69-122 mm/24h observed","maxMm24h":74.5}},{"type":"Feature","geometry":{"type":"Polygon","coordinates":[[[74.6669,13.9866],[74.6378,14.0952],[74.6654,14.1845],[74.7923,14.2272],[74.8901,14.2162],[74.9483,14.399],[74.8794,14.4361],[74.9009,14.5296],[75.0232,14.5681],[75.0507,14.6492],[75.1883,14.6231],[75.2648,14.5805],[75.3458,14.4856],[75.3489,14.388],[75.5324,14.278],[75.3994,14.1172],[75.4911,14.1048],[75.6043,14.0567],[75.8061,14.0979],[75.878,13.8106],[75.5416,13.7281],[75.5064,13.7652],[75.4192,13.7061],[75.4147,13.6525],[75.3443,13.581],[75.2449,13.6058],[75.2266,13.5274],[75.1409,13.4614],[75.0354,13.5673],[74.9987,13.7378],[74.9284,13.7694],[74.9085,13.8574],[74.8397,13.8972],[74.7112,13.9055],[74.6669,13.9866]]]},"properties":{"name":"Shivamogga","state":"Karnataka","warning":"ORANGE","category":"Middle band, 69-122 mm/24h observed","maxMm24h":101.2}},{"type":"Feature","geometry":{"type":"Polygon","coordinates":[[[74.5828,13.9261],[74.6669,13.9866],[74.7112,13.9055],[74.8397,13.8972],[74.9085,13.8574],[74.9284,13.7694],[74.9987,13.7378],[75.0354,13.5673],[75.1409,13.4614],[75.1119,13.3569],[75.1669,13.203],[75.2052,13.1769],[75.1501,13.1246],[74.9941,13.1576],[74.8779,13.0957],[74.8259,13.1301],[74.777,13.071],[74.7173,13.3143],[74.6699,13.6346],[74.5828,13.9261]]]},"properties":{"name":"Udupi","state":"Karnataka","warning":"RED","category":"Highest band, >= 123 mm/24h observed","maxMm24h":172.7}},{"type":"Feature","geometry":{"type":"Polygon","coordinates":[[[76.0294,13.8986],[76.0982,13.8642],[76.1487,13.7323],[76.219,13.713],[76.2725,13.6058],[76.3536,13.5797],[76.3643,13.5467],[76.2312,13.4683],[76.1624,13.4697],[76.1395,13.4064],[76.0416,13.3748],[76.0141,13.2607],[75.8994,13.2662],[75.7281,13.1837],[75.7541,13.1356],[75.7098,13.038],[75.6425,13.0311],[75.5584,12.9156],[75.5141,12.9789],[75.5156,13.0655],[75.407,13.1122],[75.3795,13.1796],[75.2939,13.1246],[75.2052,13.1769],[75.1669,13.203],[75.1119,13.3569],[75.1409,13.4614],[75.2266,13.5274],[75.2449,13.6058],[75.3443,13.581],[75.4147,13.6525],[75.4192,13.7061],[75.5064,13.7652],[75.5416,13.7281],[75.878,13.8106],[75.9529,13.8161],[76.0294,13.8986]]]},"properties":{"name":"Chikkamagaluru","state":"Karnataka","warning":"RED","category":"Highest band, >= 123 mm/24h observed","maxMm24h":153.3}},{"type":"Feature","geometry":{"type":"Polygon","coordinates":[[[75.5584,12.9156],[75.6425,13.0311],[75.7098,13.038],[75.7541,13.1356],[75.7281,13.1837],[75.8994,13.2662],[76.0141,13.2607],[76.0416,13.3748],[76.1395,13.4064],[76.1624,13.4697],[76.2312,13.4683],[76.3643,13.5467],[76.4193,13.4491],[76.3475,13.3597],[76.3704,13.2002],[76.4729,13.1494],[76.4729,13.093],[76.6044,13.071],[76.6319,13.0036],[76.5784,12.8469],[76.4897,12.807],[76.3857,12.8455],[76.349,12.785],[76.3429,12.6558],[76.3062,12.6105],[76.219,12.6448],[76.1135,12.5266],[76.0187,12.5706],[75.9361,12.6297],[75.9652,12.7108],[75.8795,12.8345],[75.8337,12.6709],[75.667,12.6971],[75.615,12.7974],[75.6211,12.8552],[75.5584,12.9156]]]},"properties":{"name":"Hassan","state":"Karnataka","warning":"RED","category":"Highest band, >= 123 mm/24h observed","maxMm24h":136.0}},{"type":"Feature","geometry":{"type":"Polygon","coordinates":[[[74.777,13.071],[74.8259,13.1301],[74.8779,13.0957],[74.9941,13.1576],[75.1501,13.1246],[75.2052,13.1769],[75.2939,13.1246],[75.3795,13.1796],[75.407,13.1122],[75.5156,13.0655],[75.5141,12.9789],[75.5584,12.9156],[75.6211,12.8552],[75.615,12.7974],[75.667,12.6971],[75.6425,12.6325],[75.67,12.5513],[75.615,12.5101],[75.4926,12.484],[75.4162,12.4991],[75.2801,12.5238],[75.1119,12.6806],[74.9819,12.7383],[74.8687,12.7589],[74.8229,12.8469],[74.777,13.071]]]},"properties":{"name":"Dakshina Kannada","state":"Karnataka","warning":"RED","category":"Highest band, >= 123 mm/24h observed","maxMm24h":172.7}},{"type":"Feature","geometry":{"type":"Polygon","coordinates":[[[74.8687,12.7589],[74.9819,12.7383],[75.1119,12.6806],[75.2801,12.5238],[75.4162,12.4991],[75.3657,12.4125],[75.4223,12.3726],[75.4147,12.2901],[75.2036,12.1912],[75.1654,12.0894],[75.0415,12.3891],[75.0155,12.418],[74.8687,12.7589]]]},"properties":{"name":"Kasaragod","state":"Kerala","warning":"RED","category":"Highest band, >= 123 mm/24h observed","maxMm24h":182.7}},{"type":"Feature","geometry":{"type":"Polygon","coordinates":[[[75.667,12.6971],[75.8337,12.6709],[75.8795,12.8345],[75.9652,12.7108],[75.9361,12.6297],[76.0187,12.5706],[75.9086,12.3987],[76.0019,12.33],[76.0248,12.2489],[76.1334,12.1912],[76.19,12.0496],[76.1135,11.9794],[76.0034,11.9313],[75.9361,11.9409],[75.8704,11.9519],[75.7939,12.0564],[75.6364,12.1485],[75.5768,12.1568],[75.485,12.2901],[75.4147,12.2901],[75.4223,12.3726],[75.3657,12.4125],[75.4162,12.4991],[75.4926,12.484],[75.615,12.5101],[75.67,12.5513],[75.6425,12.6325],[75.667,12.6971]]]},"properties":{"name":"Kodagu","state":"Karnataka","warning":"RED","category":"Highest band, >= 123 mm/24h observed","maxMm24h":151.6}},{"type":"Feature","geometry":{"type":"Polygon","coordinates":[[[77.7467,12.1554],[77.7757,12.1128],[77.7084,12.0358],[77.6763,11.9519],[77.4944,11.9437],[77.4286,11.7677],[77.2925,11.809],[77.1105,11.7732],[77.0127,11.8145],[76.9087,11.7952],[76.8353,11.655],[76.8475,11.5945],[76.7573,11.6179],[76.56,11.622],[76.5111,11.7045],[76.4178,11.6715],[76.4132,11.7581],[76.5768,11.9231],[76.5784,11.9877],[76.794,11.9863],[76.9148,12.0262],[77.0142,12.1637],[77.1228,12.1967],[77.109,12.2406],[77.1671,12.3108],[77.3261,12.308],[77.4301,12.2874],[77.4714,12.2434],[77.5051,12.198],[77.6106,12.2063],[77.7467,12.1554]]]},"properties":{"name":"Chamarajanagara","state":"Karnataka","warning":"YELLOW","category":"Lowest band, 39-68 mm/24h observed","maxMm24h":69.3}},{"type":"Feature","geometry":{"type":"Polygon","coordinates":[[[76.4178,11.6715],[76.378,11.6014],[76.2343,11.5271],[76.1426,11.4502],[76.037,11.5024],[75.9086,11.6],[75.8994,11.6756],[75.8,11.7526],[75.7939,11.7897],[75.8092,11.8557],[75.9269,11.842],[75.9361,11.9409],[76.0034,11.9313],[76.1135,11.9794],[76.1135,11.8585],[76.2068,11.8612],[76.3184,11.7512],[76.4132,11.7581],[76.4178,11.6715]]]},"properties":{"name":"Wayanad","state":"Kerala","warning":"RED","category":"Highest band, >= 123 mm/24h observed","maxMm24h":146.7}},{"type":"Feature","geometry":{"type":"Polygon","coordinates":[[[75.7939,11.7897],[75.8,11.7526],[75.8994,11.6756],[75.9086,11.6],[76.037,11.5024],[76.1426,11.4502],[76.0829,11.3072],[75.8566,11.2041],[75.826,11.123],[75.6976,11.4254],[75.618,11.4777],[75.5538,11.7017],[75.6654,11.7581],[75.7939,11.7897]]]},"properties":{"name":"Kozhikode","state":"Kerala","warning":"RED","category":"Highest band, >= 123 mm/24h observed","maxMm24h":209.9}},{"type":"Feature","geometry":{"type":"Polygon","coordinates":[[[76.0691,10.7298],[75.9575,10.6858],[75.9101,10.793],[75.826,11.123],[75.8566,11.2041],[76.0829,11.3072],[76.1426,11.4502],[76.2343,11.5271],[76.4606,11.3883],[76.5478,11.3594],[76.5218,11.2701],[76.4423,11.2013],[76.4086,11.1188],[76.3444,11.0886],[76.3199,10.936],[76.2328,10.8851],[76.1701,10.914],[76.0447,10.848],[76.0691,10.7298]]]},"properties":{"name":"Malappuram","state":"Kerala","warning":"RED","category":"Highest band, >= 123 mm/24h observed","maxMm24h":191.3}},{"type":"Feature","geometry":{"type":"Polygon","coordinates":[[[76.4423,11.2013],[76.6288,11.1945],[76.7068,11.2398],[76.6946,11.167],[76.7542,11.079],[76.6564,10.9388],[76.8307,10.87],[76.9071,10.782],[76.8383,10.5964],[76.8154,10.4232],[76.8337,10.3394],[76.6227,10.3792],[76.5891,10.4356],[76.4744,10.4865],[76.4132,10.5951],[76.4683,10.7518],[76.3536,10.7422],[76.2052,10.7683],[76.1624,10.7064],[76.0691,10.7298],[76.0447,10.848],[76.1701,10.914],[76.2328,10.8851],[76.3199,10.936],[76.3444,11.0886],[76.4086,11.1188],[76.4423,11.2013]]]},"properties":{"name":"Palakkad","state":"Kerala","warning":"RED","category":"Highest band, >= 123 mm/24h observed","maxMm24h":191.3}},{"type":"Feature","geometry":{"type":"Polygon","coordinates":[[[76.8337,10.3394],[76.8919,10.2596],[76.8093,10.2857],[76.6961,10.2637],[76.4147,10.294],[76.3123,10.1813],[76.2144,10.1936],[76.1624,10.184],[76.1013,10.382],[75.9575,10.6858],[76.0691,10.7298],[76.1624,10.7064],[76.2052,10.7683],[76.3536,10.7422],[76.4683,10.7518],[76.4132,10.5951],[76.4744,10.4865],[76.5891,10.4356],[76.6227,10.3792],[76.8337,10.3394]]]},"properties":{"name":"Thrissur","state":"Kerala","warning":"RED","category":"Highest band, >= 123 mm/24h observed","maxMm24h":226.1}},{"type":"Feature","geometry":{"type":"Polygon","coordinates":[[[77.0509,10.2624],[77.0906,10.3146],[77.1809,10.3572],[77.2879,10.2321],[77.268,10.1221],[77.2634,10.0287],[77.213,9.8774],[77.2466,9.7991],[77.1671,9.6121],[77.2696,9.5722],[77.3185,9.6025],[77.4026,9.5255],[77.3399,9.4196],[77.2818,9.2987],[77.2099,9.4485],[77.1549,9.4705],[77.0616,9.4471],[76.9729,9.4664],[76.8857,9.5393],[76.8873,9.7166],[76.8077,9.7881],[76.6288,9.8541],[76.7833,10.0355],[76.8659,10.0947],[76.927,10.1785],[77.0738,10.1771],[77.0509,10.2624]]]},"properties":{"name":"Idukki","state":"Kerala","warning":"ORANGE","category":"Middle band, 69-122 mm/24h observed","maxMm24h":103.5}},{"type":"Feature","geometry":{"type":"Polygon","coordinates":[[[76.8995,10.2528],[76.9821,10.2198],[77.0509,10.2624],[77.0738,10.1771],[76.927,10.1785],[76.8659,10.0947],[76.7833,10.0355],[76.6288,9.8541],[76.5799,9.8211],[76.4576,9.8472],[76.3735,9.8362],[76.297,9.8884],[76.2802,9.7895],[76.167,10.1813],[76.2144,10.1936],[76.3123,10.1813],[76.4147,10.294],[76.6961,10.2637],[76.8093,10.2857],[76.8919,10.2596],[76.898,10.2541],[76.8995,10.2528]]]},"properties":{"name":"Ernakulam","state":"Kerala","warning":"RED","category":"Highest band, >= 123 mm/24h observed","maxMm24h":156.2}},{"type":"Feature","geometry":{"type":"Polygon","coordinates":[[[76.2802,9.7895],[76.297,9.8884],[76.3735,9.8362],[76.3918,9.5475],[76.4667,9.5612],[76.5141,9.4004],[76.5172,9.3523],[76.6411,9.3399],[76.69,9.1763],[76.6334,9.1392],[76.5585,9.109],[76.479,9.1227],[76.349,9.3867],[76.3199,9.4829],[76.2802,9.7895]]]},"properties":{"name":"Alappuzha","state":"Kerala","warning":"ORANGE","category":"Middle band, 69-122 mm/24h observed","maxMm24h":111.0}},{"type":"Feature","geometry":{"type":"Polygon","coordinates":[[[76.6288,9.8541],[76.8077,9.7881],[76.8873,9.7166],[76.8857,9.5393],[76.9729,9.4664],[76.924,9.4155],[76.8536,9.4568],[76.6426,9.4788],[76.5141,9.4004],[76.4667,9.5612],[76.3918,9.5475],[76.3735,9.8362],[76.4576,9.8472],[76.5799,9.8211],[76.6288,9.8541]]]},"properties":{"name":"Kottayam","state":"Kerala","warning":"ORANGE","category":"Middle band, 69-122 mm/24h observed","maxMm24h":103.4}},{"type":"Feature","geometry":{"type":"Polygon","coordinates":[[[77.2818,9.2987],[77.268,9.1529],[77.2038,9.0705],[77.1075,9.0938],[76.9301,9.1736],[76.8414,9.0925],[76.6915,9.0897],[76.6334,9.1392],[76.69,9.1763],[76.6411,9.3399],[76.5172,9.3523],[76.5141,9.4004],[76.6426,9.4788],[76.8536,9.4568],[76.924,9.4155],[76.9729,9.4664],[77.0616,9.4471],[77.1549,9.4705],[77.2099,9.4485],[77.2818,9.2987]]]},"properties":{"name":"Pathanamthitta","state":"Kerala","warning":"YELLOW","category":"Lowest band, 39-68 mm/24h observed","maxMm24h":52.8}},{"type":"Feature","geometry":{"type":"Polygon","coordinates":[[[77.2038,9.0705],[77.1488,9.01],[77.1931,8.9261],[77.2558,8.8794],[77.1992,8.7708],[77.0509,8.8464],[77.0249,8.7749],[76.9347,8.7598],[76.8154,8.8587],[76.7603,8.7914],[76.6824,8.7763],[76.5478,8.9027],[76.479,9.1227],[76.5585,9.109],[76.6334,9.1392],[76.6915,9.0897],[76.8414,9.0925],[76.9301,9.1736],[77.1075,9.0938],[77.2038,9.0705]]]},"properties":{"name":"Kollam","state":"Kerala","warning":"YELLOW","category":"Lowest band, 39-68 mm/24h observed","maxMm24h":55.9}},{"type":"Feature","geometry":{"type":"Polygon","coordinates":[[[79.8065,19.5791],[79.8646,19.5103],[79.9441,19.4705],[79.9778,19.399],[79.9288,19.1584],[79.6765,19.1997],[79.6138,19.2766],[79.5175,19.2863],[79.5481,19.2024],[79.4624,19.1722],[79.3508,19.2106],[79.3156,19.0924],[79.2667,19.0333],[79.1505,19.0924],[79.0572,19.2093],[78.9532,19.2491],[78.8553,19.278],[78.8538,19.4471],[78.9272,19.4622],[78.9364,19.5502],[79.0969,19.5323],[79.1902,19.4595],[79.2529,19.5928],[79.3661,19.5763],[79.4716,19.5007],[79.7438,19.6093],[79.8065,19.5791]]]},"properties":{"name":"Komaram Bheem","state":"Telangana","warning":"YELLOW","category":"Lowest band, 39-68 mm/24h observed","maxMm24h":48.1}},{"type":"Feature","geometry":{"type":"Polygon","coordinates":[[[79.9288,19.1584],[79.8585,19.102],[79.9395,19.0347],[79.9609,18.8656],[79.9135,18.8257],[79.8661,18.8353],[79.8095,18.7034],[79.6796,18.6731],[79.6322,18.7295],[79.4303,18.8477],[79.3019,18.8161],[79.1826,18.8683],[79.1138,18.9398],[79.0847,19.0237],[79.022,19.0759],[78.9471,19.0732],[78.8783,19.1598],[78.9532,19.2491],[79.0572,19.2093],[79.1505,19.0924],[79.2667,19.0333],[79.3156,19.0924],[79.3508,19.2106],[79.4624,19.1722],[79.5481,19.2024],[79.5175,19.2863],[79.6138,19.2766],[79.6765,19.1997],[79.9288,19.1584]]]},"properties":{"name":"Mancherial","state":"Telangana","warning":"YELLOW","category":"Lowest band, 39-68 mm/24h observed","maxMm24h":50.6}},{"type":"Feature","geometry":{"type":"MultiPolygon","coordinates":[[[[88.1253,21.6742],[88.032,21.688],[88.1039,21.8419],[88.1666,21.8227],[88.1711,21.7374],[88.1253,21.6742]]],[[[89.0153,21.7787],[89.0932,21.6522],[89.0382,21.611],[89.0153,21.7787]]],[[[88.0824,22.2612],[88.0901,22.363],[88.1696,22.4826],[88.2384,22.5444],[88.3424,22.5046],[88.4143,22.5568],[88.5213,22.5623],[88.5611,22.6242],[88.6238,22.5802],[88.7033,22.4344],[88.8226,22.3712],[88.8042,22.3286],[89.055,22.1279],[89.0688,21.9492],[89.0076,21.9024],[88.9327,21.9423],[88.8532,21.923],[88.7629,21.9547],[88.7629,22.0151],[88.633,21.9547],[88.532,21.8529],[88.4449,21.9175],[88.3913,21.8969],[88.3592,21.8048],[88.2675,21.7278],[88.3027,21.6701],[88.2598,21.556],[88.2124,21.7828],[88.1451,21.9547],[88.2078,22.0261],[88.2185,22.1031],[88.1834,22.187],[88.0824,22.2612]]],[[[88.7767,21.8681],[88.8088,21.6687],[88.7461,21.6618],[88.6911,21.7512],[88.7155,21.9052],[88.7767,21.8681]]],[[[88.9434,21.9148],[88.948,21.7691],[88.821,21.9272],[88.8822,21.9134],[88.9434,21.9148]]]]},"properties":{"name":"South 24 Parganas","state":"West Bengal","warning":"YELLOW","category":"Lowest band, 39-68 mm/24h observed","maxMm24h":46.6}},{"type":"Feature","geometry":{"type":"MultiPolygon","coordinates":[[[[73.8488,20.9992],[73.8488,20.9978],[73.8075,21.0088],[73.8488,20.9992]]],[[[73.942,20.8397],[73.9176,20.7243],[73.8748,20.7298],[73.8381,20.6211],[73.7448,20.5648],[73.653,20.5648],[73.6148,20.6253],[73.4741,20.7201],[73.4955,20.8191],[73.4894,20.914],[73.5643,21.0102],[73.7524,21.0061],[73.7968,20.958],[73.8885,20.9332],[73.942,20.8397]]]]},"properties":{"name":"Dang","state":"Gujarat","warning":"ORANGE","category":"Middle band, 69-122 mm/24h observed","maxMm24h":81.9}},{"type":"Feature","geometry":{"type":"Polygon","coordinates":[[[86.6221,20.7957],[86.7597,20.7669],[86.8056,20.7353],[86.8606,20.7751],[87.0227,20.771],[87.0564,20.7146],[86.7888,20.5345],[86.7368,20.4617],[86.7765,20.3352],[86.723,20.2981],[86.6037,20.3407],[86.4523,20.3297],[86.3942,20.3654],[86.249,20.3654],[86.2734,20.3874],[86.249,20.5387],[86.2795,20.5813],[86.3774,20.5937],[86.4523,20.6748],[86.5257,20.6885],[86.564,20.7751],[86.6221,20.7957]]]},"properties":{"name":"Kendrapara","state":"Odisha","warning":"YELLOW","category":"Lowest band, 39-68 mm/24h observed","maxMm24h":53.8}},{"type":"Feature","geometry":{"type":"Polygon","coordinates":[[[72.9618,20.2087],[72.9328,20.2953],[73.0429,20.3256],[73.1668,20.2885],[73.1346,20.1991],[73.2111,20.1207],[73.1377,20.0864],[72.9649,20.1276],[72.9618,20.2087]]]},"properties":{"name":"Dadra and Nagar Haveli","state":"Dadra and Nagar Haveli and Daman and Diu","warning":"YELLOW","category":"Lowest band, 39-68 mm/24h observed","maxMm24h":47.4}},{"type":"Feature","geometry":{"type":"Polygon","coordinates":[[[73.2111,20.1207],[73.2493,20.1221],[73.309,20.0561],[73.4068,20.019],[73.4512,19.7647],[73.4848,19.7248],[73.286,19.6932],[73.2111,19.5612],[73.0566,19.4787],[72.9573,19.4004],[72.8991,19.2876],[72.7982,19.3041],[72.7187,19.5392],[72.7156,19.6464],[72.6545,19.8362],[72.6636,19.9338],[72.7325,19.9723],[72.708,20.074],[72.7753,20.1317],[72.8731,20.2266],[72.9618,20.2087],[72.9649,20.1276],[73.1377,20.0864],[73.2111,20.1207]]]},"properties":{"name":"Palghar","state":"Maharashtra","warning":"YELLOW","category":"Lowest band, 39-68 mm/24h observed","maxMm24h":47.4}},{"type":"Feature","geometry":{"type":"Polygon","coordinates":[[[84.2335,19.5736],[84.2396,19.6657],[84.1601,19.7386],[84.1845,19.8609],[84.2748,19.8802],[84.3788,19.8458],[84.4613,19.8568],[84.4629,19.953],[84.3895,19.9558],[84.3635,20.0259],[84.4537,20.1675],[84.4873,20.1414],[84.5867,20.1744],[84.7045,20.2788],[84.8314,20.217],[84.7978,20.0905],[84.9017,19.9915],[84.94,19.898],[85.0042,19.8045],[85.1372,19.7386],[85.1831,19.6726],[85.1724,19.4677],[85.0791,19.3756],[84.9813,19.3165],[84.8115,19.157],[84.7656,19.0773],[84.7014,19.1185],[84.6234,19.0855],[84.5913,19.0237],[84.5149,19.0498],[84.4231,18.9494],[84.3543,19.0086],[84.3864,19.1213],[84.3604,19.1887],[84.4262,19.2601],[84.4216,19.3481],[84.3788,19.3852],[84.3742,19.4884],[84.4017,19.575],[84.3359,19.5942],[84.2335,19.5736]]]},"properties":{"name":"Ganjam","state":"Odisha","warning":"YELLOW","category":"Lowest band, 39-68 mm/24h observed","maxMm24h":49.5}},{"type":"Feature","geometry":{"type":"Polygon","coordinates":[[[76.0187,12.5706],[76.1135,12.5266],[76.219,12.6448],[76.3062,12.6105],[76.3429,12.6558],[76.4514,12.484],[76.7313,12.3424],[76.8032,12.3547],[76.8536,12.4084],[76.9377,12.4001],[76.9974,12.3135],[76.9958,12.242],[77.109,12.2406],[77.1228,12.1967],[77.0142,12.1637],[76.9148,12.0262],[76.794,11.9863],[76.5784,11.9877],[76.5768,11.9231],[76.4132,11.7581],[76.3184,11.7512],[76.2068,11.8612],[76.1135,11.8585],[76.1135,11.9794],[76.19,12.0496],[76.1334,12.1912],[76.0248,12.2489],[76.0019,12.33],[75.9086,12.3987],[76.0187,12.5706]]]},"properties":{"name":"Mysuru","state":"Karnataka","warning":"ORANGE","category":"Middle band, 69-122 mm/24h observed","maxMm24h":77.3}},{"type":"Feature","geometry":{"type":"Polygon","coordinates":[[[75.1654,12.0894],[75.2036,12.1912],[75.4147,12.2901],[75.485,12.2901],[75.5768,12.1568],[75.6364,12.1485],[75.7939,12.0564],[75.8704,11.9519],[75.9361,11.9409],[75.9269,11.842],[75.8092,11.8557],[75.7939,11.7897],[75.6654,11.7581],[75.5538,11.7017],[75.537,11.7059],[75.5324,11.7059],[75.3856,11.8571],[75.3565,11.8598],[75.251,12.0083],[75.2006,12.0069],[75.1654,12.0894]],[[75.5553,11.7224],[75.5416,11.7389],[75.537,11.7196],[75.5553,11.7224]]]},"properties":{"name":"Kannur","state":"Kerala","warning":"RED","category":"Highest band, >= 123 mm/24h observed","maxMm24h":172.1}},{"type":"Feature","geometry":{"type":"Polygon","coordinates":[[[73.5628,22.33],[73.5047,22.1994],[73.5307,22.0509],[73.5032,21.9629],[73.3044,21.8873],[73.208,21.8241],[73.1255,21.8777],[73.0597,21.8818],[73.049,21.9767],[72.9053,22.0674],[72.867,22.2145],[72.9465,22.2928],[73.0597,22.3135],[73.0475,22.363],[73.156,22.5884],[73.2187,22.6283],[73.2692,22.6668],[73.2753,22.7823],[73.3503,22.7919],[73.4175,22.6613],[73.4206,22.4289],[73.4649,22.3602],[73.5628,22.33]]]},"properties":{"name":"Vadodara","state":"Gujarat","warning":"YELLOW","category":"Lowest band, 39-68 mm/24h observed","maxMm24h":41.3}},{"type":"Feature","geometry":{"type":"Polygon","coordinates":[[[87.5228,22.928],[87.5105,22.8977],[87.6298,22.8125],[87.7414,22.7768],[87.8133,22.6145],[87.8531,22.5953],[87.8928,22.5197],[87.6466,22.4358],[87.6466,22.3327],[87.7231,22.319],[87.7017,22.1265],[87.5381,22.0825],[87.4601,22.0083],[87.4769,21.8997],[87.4417,21.7677],[87.2827,21.8034],[87.249,21.8543],[87.2429,21.9643],[87.1374,22.1265],[87.1818,22.1911],[87.2047,22.3038],[87.1619,22.4248],[87.0824,22.4716],[87.0992,22.6943],[87.0762,22.7259],[87.064,22.851],[87.2705,22.9032],[87.3576,22.9541],[87.457,22.9129],[87.5228,22.928]]]},"properties":{"name":"Paschim Medinipur","state":"West Bengal","warning":"YELLOW","category":"Lowest band, 39-68 mm/24h observed","maxMm24h":65.1}},{"type":"Feature","geometry":{"type":"Polygon","coordinates":[[[79.964,22.8524],[80.0649,22.7616],[80.2805,22.7836],[80.2897,22.7259],[80.1536,22.5994],[80.0359,22.6077],[80.0496,22.4564],[80.1001,22.3355],[80.0986,22.2461],[80.0328,22.1815],[80.0664,22.077],[79.9334,22.0688],[79.9227,21.9739],[79.8615,21.9657],[79.7698,21.8089],[79.6903,21.8007],[79.6734,21.6962],[79.5098,21.5958],[79.4961,21.6742],[79.3921,21.6742],[79.2346,21.7182],[79.3401,21.9547],[79.3997,21.9973],[79.3936,22.1031],[79.3538,22.1306],[79.2881,22.3272],[79.3447,22.4839],[79.3278,22.6159],[79.412,22.7218],[79.4884,22.73],[79.5771,22.8331],[79.6291,22.95],[79.7484,22.9211],[79.7851,22.8469],[79.964,22.8524]]]},"properties":{"name":"Seoni","state":"Madhya Pradesh","warning":"YELLOW","category":"Lowest band, 39-68 mm/24h observed","maxMm24h":44.1}},{"type":"Feature","geometry":{"type":"Polygon","coordinates":[[[74.7418,22.5596],[74.6914,22.3685],[74.6485,22.2736],[74.5262,22.2365],[74.4711,22.1128],[74.5017,22.0454],[74.4329,22.0303],[74.2815,21.934],[74.147,21.9505],[74.095,22.0165],[74.124,22.0976],[74.1225,22.2117],[74.0537,22.2983],[74.069,22.3561],[74.1898,22.3203],[74.2158,22.4413],[74.1194,22.4193],[74.0583,22.5499],[74.15,22.5211],[74.2632,22.6434],[74.3794,22.6352],[74.4421,22.5829],[74.6088,22.5582],[74.7418,22.5596]]]},"properties":{"name":"Alirajpur","state":"Madhya Pradesh","warning":"YELLOW","category":"Lowest band, 39-68 mm/24h observed","maxMm24h":44.3}},{"type":"Feature","geometry":{"type":"Polygon","coordinates":[[[76.0768,21.5725],[75.9514,21.5477],[76.0095,21.4694],[75.9866,21.369],[75.6089,21.3896],[75.5829,21.4749],[75.4988,21.4872],[75.4651,21.556],[75.5018,21.6137],[75.3917,21.6811],[75.2923,21.6343],[75.2174,21.6948],[75.2755,21.7388],[75.3504,21.9822],[75.4131,22.0591],[75.3168,22.1334],[75.4911,22.154],[75.5355,22.2337],[75.5186,22.3258],[75.5615,22.3767],[75.615,22.3382],[75.7603,22.363],[75.8337,22.4083],[75.9942,22.4138],[76.0829,22.5376],[76.1013,22.4702],[76.2129,22.418],[76.2114,22.3272],[76.0829,22.1856],[76.138,22.11],[76.2251,22.0715],[76.1426,21.9767],[76.1685,21.8859],[76.1013,21.8543],[76.1074,21.6907],[76.0691,21.6632],[76.0768,21.5725]]]},"properties":{"name":"Khargone","state":"Madhya Pradesh","warning":"ORANGE","category":"Middle band, 69-122 mm/24h observed","maxMm24h":88.2}},{"type":"Feature","geometry":{"type":"Polygon","coordinates":[[[87.4417,21.7677],[87.4769,21.8997],[87.4601,22.0083],[87.5381,22.0825],[87.7017,22.1265],[87.7231,22.319],[87.6466,22.3327],[87.6466,22.4358],[87.8928,22.5197],[87.9372,22.4221],[87.9525,22.2764],[87.9983,22.2447],[88.0152,22.2021],[88.136,22.1856],[88.1864,22.1045],[88.0641,22.0179],[87.9555,21.8309],[87.7888,21.699],[87.6742,21.6508],[87.4845,21.6151],[87.4417,21.7677]]]},"properties":{"name":"Purba Medinipur","state":"West Bengal","warning":"YELLOW","category":"Lowest band, 39-68 mm/24h observed","maxMm24h":61.6}},{"type":"Feature","geometry":{"type":"Polygon","coordinates":[[[86.7276,22.2159],[86.8377,22.0976],[86.9646,22.0853],[87.0288,22.0385],[87.0013,21.9134],[87.1007,21.8639],[87.1588,21.7718],[87.0457,21.7141],[87.0059,21.6013],[86.7398,21.6055],[86.6481,21.5807],[86.5823,21.523],[86.5303,21.4268],[86.3606,21.303],[86.2688,21.38],[86.2092,21.281],[86.1159,21.2728],[86.1067,21.3498],[86.1648,21.424],[86.1312,21.4707],[86.0089,21.534],[86.0807,21.6288],[86.0257,21.6948],[85.8758,21.7952],[85.8116,21.8103],[85.7963,21.9505],[85.6709,22.0138],[85.6832,22.0578],[85.7489,22.0743],[85.7841,21.9849],[85.8972,21.9835],[86.0089,22.1155],[86.0318,22.1897],[85.9737,22.2475],[86.0287,22.3341],[86.018,22.4262],[85.963,22.4853],[86.067,22.5568],[86.119,22.4867],[86.2826,22.4482],[86.3591,22.3492],[86.4294,22.3162],[86.4967,22.3465],[86.5548,22.2983],[86.7276,22.2159]]]},"properties":{"name":"Mayurbhanj","state":"Odisha","warning":"ORANGE","category":"Middle band, 69-122 mm/24h observed","maxMm24h":98.4}},{"type":"Feature","geometry":{"type":"Polygon","coordinates":[[[72.867,22.2145],[72.9053,22.0674],[73.049,21.9767],[73.0597,21.8818],[73.1255,21.8777],[73.208,21.8241],[73.3044,21.8873],[73.309,21.8516],[73.5001,21.6811],[73.4527,21.5285],[73.2509,21.4941],[72.942,21.512],[72.9068,21.4295],[72.7875,21.4213],[72.7355,21.4749],[72.7065,21.5271],[72.6101,21.5807],[72.7003,21.6453],[72.5428,21.7333],[72.6224,21.8089],[72.5092,21.9437],[72.5673,22.1815],[72.6484,22.2159],[72.7523,22.1732],[72.867,22.2145]]]},"properties":{"name":"Bharuch","state":"Gujarat","warning":"YELLOW","category":"Lowest band, 39-68 mm/24h observed","maxMm24h":49.1}},{"type":"Feature","geometry":{"type":"Polygon","coordinates":[[[81.4748,22.4894],[81.5115,22.3808],[81.5559,22.3437],[81.5161,22.154],[81.5008,22.0042],[81.4549,21.9134],[81.3204,21.8309],[81.2944,21.7691],[81.172,21.7045],[81.1017,21.7347],[80.9993,21.7278],[80.9304,21.8241],[80.8463,21.8351],[80.8326,21.8969],[80.9075,22.11],[81.0038,22.0591],[81.0451,22.2406],[81.1185,22.2915],[81.1109,22.4358],[81.1935,22.4908],[81.2485,22.4592],[81.328,22.5252],[81.4748,22.4894]]]},"properties":{"name":"Kabeerdham","state":"Chhattisgarh","warning":"YELLOW","category":"Lowest band, 39-68 mm/24h observed","maxMm24h":46.8}},{"type":"Feature","geometry":{"type":"Polygon","coordinates":[[[76.7818,21.5587],[76.612,21.5739],[76.5126,21.5615],[76.3765,21.5986],[76.1762,21.5422],[76.0768,21.5725],[76.0691,21.6632],[76.1074,21.6907],[76.1013,21.8543],[76.1685,21.8859],[76.1426,21.9767],[76.2251,22.0715],[76.138,22.11],[76.0829,22.1856],[76.2114,22.3272],[76.3261,22.2983],[76.4973,22.4111],[76.6044,22.4056],[76.6824,22.297],[76.7818,22.3437],[76.8735,22.2846],[76.8261,22.1567],[76.8399,22.0605],[76.8873,21.9835],[76.976,22.0028],[77.1381,21.9945],[77.2206,21.9065],[77.1656,21.8681],[77.1503,21.7718],[77.0616,21.7127],[77.0402,21.6976],[77.0234,21.688],[77.0065,21.6783],[76.9989,21.6921],[76.9026,21.5972],[76.8552,21.6137],[76.7818,21.5587]]]},"properties":{"name":"Khandwa","state":"Madhya Pradesh","warning":"ORANGE","category":"Middle band, 69-122 mm/24h observed","maxMm24h":88.2}},{"type":"Feature","geometry":{"type":"Polygon","coordinates":[[[80.6613,21.3333],[80.6215,21.3209],[80.5283,21.3951],[80.4227,21.4405],[80.3753,21.5244],[80.2683,21.6178],[80.1215,21.611],[80.0664,21.5546],[79.9181,21.5244],[79.7392,21.6027],[79.5389,21.5409],[79.5098,21.5958],[79.6734,21.6962],[79.6903,21.8007],[79.7698,21.8089],[79.8615,21.9657],[79.9227,21.9739],[79.9334,22.0688],[80.0664,22.077],[80.0328,22.1815],[80.0986,22.2461],[80.1001,22.3355],[80.3356,22.2983],[80.3998,22.3038],[80.5803,22.2269],[80.7056,22.2021],[80.7041,22.2709],[80.8662,22.3795],[80.9151,22.2791],[81.0069,22.2832],[81.0451,22.2406],[81.0038,22.0591],[80.9075,22.11],[80.8326,21.8969],[80.8463,21.8351],[80.8173,21.7622],[80.7561,21.7622],[80.7148,21.6618],[80.7378,21.4735],[80.6613,21.3333]]]},"properties":{"name":"Balaghat","state":"Madhya Pradesh","warning":"ORANGE","category":"Middle band, 69-122 mm/24h observed","maxMm24h":70.9}},{"type":"Feature","geometry":{"type":"Polygon","coordinates":[[[73.3044,21.8873],[73.5032,21.9629],[73.5307,22.0509],[73.6484,22.0715],[73.705,21.9767],[73.8549,21.9519],[73.939,21.8735],[73.8167,21.8406],[73.8243,21.7608],[73.8809,21.7141],[73.8136,21.644],[73.835,21.5202],[73.9818,21.5216],[73.9711,21.4611],[73.8029,21.4116],[73.6989,21.3993],[73.676,21.4721],[73.494,21.4859],[73.4527,21.5285],[73.5001,21.6811],[73.309,21.8516],[73.3044,21.8873]]]},"properties":{"name":"Narmada","state":"Gujarat","warning":"YELLOW","category":"Lowest band, 39-68 mm/24h observed","maxMm24h":59.3}},{"type":"Feature","geometry":{"type":"Polygon","coordinates":[[[75.6089,21.3896],[75.3825,21.38],[75.2113,21.4116],[75.1073,21.4625],[75.0522,21.567],[74.8626,21.6343],[74.7755,21.6151],[74.5828,21.6646],[74.5048,21.7265],[74.5247,21.912],[74.4528,21.9615],[74.4329,22.0303],[74.5017,22.0454],[74.5629,22.0234],[74.6791,22.0358],[74.7785,22.0784],[75.1883,22.1045],[75.3168,22.1334],[75.4131,22.0591],[75.3504,21.9822],[75.2755,21.7388],[75.2174,21.6948],[75.2923,21.6343],[75.3917,21.6811],[75.5018,21.6137],[75.4651,21.556],[75.4988,21.4872],[75.5829,21.4749],[75.6089,21.3896]]]},"properties":{"name":"Barwani","state":"Madhya Pradesh","warning":"ORANGE","category":"Middle band, 69-122 mm/24h observed","maxMm24h":100.0}},{"type":"Feature","geometry":{"type":"Polygon","coordinates":[[[82.9367,22.1224],[83.0147,22.0756],[83.004,21.9657],[83.0912,21.9753],[83.1875,21.9272],[83.1783,21.8502],[83.264,21.7155],[82.949,21.7237],[82.871,21.6935],[82.7899,21.7237],[82.6615,21.71],[82.4459,21.7443],[82.3832,21.7608],[82.3052,21.9079],[82.3342,22.1059],[82.4214,22.1375],[82.4581,22.2145],[82.5942,22.2626],[82.6645,22.1884],[82.6691,22.0811],[82.8618,22.1719],[82.9367,22.1224]]]},"properties":{"name":"Janjgir Champa","state":"Chhattisgarh","warning":"ORANGE","category":"Middle band, 69-122 mm/24h observed","maxMm24h":76.4}},{"type":"Feature","geometry":{"type":"Polygon","coordinates":[[[73.8488,20.9992],[73.8075,21.0088],[73.8014,21.0294],[73.7371,21.0789],[73.6668,21.1546],[73.8151,21.1738],[73.8228,21.27],[73.942,21.3003],[73.9589,21.3951],[74.046,21.446],[74.2097,21.4625],[74.3213,21.4982],[74.2754,21.5615],[74.1638,21.5684],[73.9818,21.523],[73.9818,21.5216],[73.835,21.5202],[73.8136,21.644],[73.8809,21.7141],[73.8243,21.7608],[73.8167,21.8406],[73.939,21.8735],[74.147,21.9505],[74.2815,21.934],[74.4329,22.0303],[74.4528,21.9615],[74.5247,21.912],[74.5048,21.7265],[74.5828,21.6646],[74.7755,21.6151],[74.7525,21.479],[74.6883,21.4103],[74.5017,21.4158],[74.4819,21.3085],[74.3381,21.2288],[74.2464,21.248],[74.1194,21.2137],[73.9482,21.0831],[73.9482,21.0322],[73.8488,20.9992]]]},"properties":{"name":"Nandurbar","state":"Maharashtra","warning":"ORANGE","category":"Middle band, 69-122 mm/24h observed","maxMm24h":75.6}},{"type":"Feature","geometry":{"type":"Polygon","coordinates":[[[86.3667,21.237],[86.2857,21.0157],[86.1343,21.0762],[86.0502,21.0212],[86.0272,21.1381],[85.9171,21.0927],[85.8223,21.0913],[85.7122,21.1381],[85.7061,21.1683],[85.5455,21.1669],[85.4981,21.1147],[85.3941,21.1834],[85.284,21.2989],[85.3421,21.3663],[85.3039,21.4158],[85.3345,21.4817],[85.255,21.6742],[85.1908,21.6605],[85.1999,21.7622],[85.2902,21.8378],[85.3406,21.8254],[85.3773,21.9354],[85.2794,21.9588],[85.2382,22.0096],[85.2749,22.0825],[85.3972,22.1636],[85.6832,22.0578],[85.6709,22.0138],[85.7963,21.9505],[85.8116,21.8103],[85.8758,21.7952],[86.0257,21.6948],[86.0807,21.6288],[86.0089,21.534],[86.1312,21.4707],[86.1648,21.424],[86.1067,21.3498],[86.1159,21.2728],[86.2092,21.281],[86.2688,21.38],[86.3606,21.303],[86.3667,21.237]]]},"properties":{"name":"Kendujhar","state":"Odisha","warning":"YELLOW","category":"Lowest band, 39-68 mm/24h observed","maxMm24h":41.0}},{"type":"Feature","geometry":{"type":"Polygon","coordinates":[[[86.8591,21.2137],[86.801,21.2302],[86.6725,21.1697],[86.6527,21.1078],[86.515,21.1353],[86.3667,21.237],[86.3606,21.303],[86.5303,21.4268],[86.5823,21.523],[86.6481,21.5807],[86.7398,21.6055],[87.0059,21.6013],[87.0457,21.7141],[87.1588,21.7718],[87.1007,21.8639],[87.1084,21.9244],[87.2429,21.9643],[87.249,21.8543],[87.2827,21.8034],[87.4417,21.7677],[87.4845,21.6151],[87.4081,21.545],[87.22,21.5354],[87.1481,21.5092],[86.9493,21.358],[86.8591,21.2137]]]},"properties":{"name":"Balasore","state":"Odisha","warning":"ORANGE","category":"Middle band, 69-122 mm/24h observed","maxMm24h":98.4}},{"type":"Feature","geometry":{"type":"Polygon","coordinates":[[[80.5619,20.8232],[80.5466,20.9346],[80.464,20.9291],[80.4396,21.0968],[80.464,21.1752],[80.6139,21.226],[80.6613,21.3333],[80.7378,21.4735],[80.7148,21.6618],[80.7561,21.7622],[80.8173,21.7622],[80.8463,21.8351],[80.9304,21.8241],[80.9993,21.7278],[81.1017,21.7347],[81.172,21.7045],[81.2042,21.5175],[81.1919,21.3883],[81.1491,21.2123],[81.198,21.2219],[81.2072,21.1037],[81.1552,21.0762],[81.1201,21.0047],[80.9534,21.0033],[80.9656,20.9085],[80.9213,20.782],[80.8188,20.76],[80.8173,20.6885],[80.958,20.6308],[80.9534,20.5414],[80.9916,20.4589],[80.8601,20.3874],[80.8295,20.3091],[80.75,20.2912],[80.7148,20.1908],[80.6537,20.2266],[80.5848,20.1771],[80.5451,20.1001],[80.5053,20.1441],[80.4319,20.1359],[80.3952,20.2445],[80.6261,20.3324],[80.591,20.3929],[80.617,20.5854],[80.5206,20.5799],[80.5803,20.6734],[80.5619,20.8232]]]},"properties":{"name":"Rajnandgaon","state":"Chhattisgarh","warning":"YELLOW","category":"Lowest band, 39-68 mm/24h observed","maxMm24h":40.2}},{"type":"Feature","geometry":{"type":"Polygon","coordinates":[[[76.6625,21.281],[76.6212,21.3319],[76.7833,21.4639],[76.7818,21.5587],[76.8552,21.6137],[76.9026,21.5972],[76.9989,21.6921],[77.0065,21.6783],[77.0234,21.688],[77.0402,21.6976],[77.0616,21.7127],[77.2099,21.6893],[77.2803,21.7581],[77.4791,21.7704],[77.5433,21.7045],[77.5754,21.5271],[77.4546,21.5532],[77.4882,21.3745],[77.5616,21.3965],[77.8017,21.4089],[77.8843,21.3841],[78.0296,21.4213],[78.1764,21.4996],[78.2238,21.5519],[78.3431,21.589],[78.4195,21.5711],[78.4333,21.4969],[78.447,21.4034],[78.3645,21.3938],[78.2513,21.3305],[78.0785,21.3553],[78.0525,21.2549],[78.1443,21.1394],[78.1427,20.9538],[78.2574,20.8865],[78.3125,20.7366],[78.2742,20.6926],[78.129,20.6473],[78.0372,20.6651],[77.973,20.5882],[77.7788,20.54],[77.6503,20.5648],[77.6564,20.639],[77.6106,20.7188],[77.6106,20.7999],[77.5295,20.8494],[77.2864,20.8466],[77.1289,20.8631],[77.1763,21.0721],[77.1671,21.2425],[76.9989,21.1958],[76.7833,21.193],[76.7236,21.2893],[76.6625,21.281]]]},"properties":{"name":"Amravati","state":"Maharashtra","warning":"YELLOW","category":"Lowest band, 39-68 mm/24h observed","maxMm24h":56.4}},{"type":"Feature","geometry":{"type":"Polygon","coordinates":[[[72.7355,21.4749],[72.7875,21.4213],[72.9068,21.4295],[72.942,21.512],[73.2509,21.4941],[73.4527,21.5285],[73.494,21.4859],[73.676,21.4721],[73.6989,21.3993],[73.5903,21.3663],[73.4542,21.3841],[73.3747,21.2247],[73.1989,21.0776],[73.2096,20.958],[73.2891,20.9318],[73.3166,20.8796],[73.2998,20.8164],[73.1255,20.8975],[73.0245,21.0198],[72.9527,21.0693],[72.9083,21.0418],[72.7508,21.0624],[72.6208,21.0996],[72.6377,21.2109],[72.5979,21.3168],[72.6545,21.3456],[72.6927,21.4611],[72.7355,21.4749]]]},"properties":{"name":"Surat","state":"Gujarat","warning":"YELLOW","category":"Lowest band, 39-68 mm/24h observed","maxMm24h":47.1}},{"type":"Feature","geometry":{"type":"Polygon","coordinates":[[[75.2113,21.4116],[75.1211,21.3429],[75.1318,21.2783],[75.0369,21.1917],[74.9635,21.1944],[74.8947,21.1491],[74.858,21.0597],[74.91,21.0308],[74.9131,20.9277],[74.962,20.9016],[74.9865,20.738],[74.933,20.6569],[74.8122,20.6321],[74.6501,20.694],[74.6654,20.7751],[74.5384,20.837],[74.436,20.8026],[74.3809,20.8397],[74.1577,20.8617],[74.02,20.8342],[73.942,20.8397],[73.8885,20.9332],[73.8488,20.9978],[73.8488,20.9992],[73.9482,21.0322],[73.9482,21.0831],[74.1194,21.2137],[74.2464,21.248],[74.3381,21.2288],[74.4819,21.3085],[74.5017,21.4158],[74.6883,21.4103],[74.7525,21.479],[74.7755,21.6151],[74.8626,21.6343],[75.0522,21.567],[75.1073,21.4625],[75.2113,21.4116]]]},"properties":{"name":"Dhule","state":"Maharashtra","warning":"ORANGE","category":"Middle band, 69-122 mm/24h observed","maxMm24h":100.0}},{"type":"Feature","geometry":{"type":"Polygon","coordinates":[[[73.8075,21.0088],[73.8488,20.9978],[73.8885,20.9332],[73.7968,20.958],[73.7524,21.0061],[73.5643,21.0102],[73.4894,20.914],[73.4955,20.8191],[73.3808,20.8246],[73.3166,20.8796],[73.2891,20.9318],[73.2096,20.958],[73.1989,21.0776],[73.3747,21.2247],[73.4542,21.3841],[73.5903,21.3663],[73.6989,21.3993],[73.8029,21.4116],[73.9711,21.4611],[73.9818,21.5216],[73.9818,21.523],[74.1638,21.5684],[74.2754,21.5615],[74.3213,21.4982],[74.2097,21.4625],[74.046,21.446],[73.9589,21.3951],[73.942,21.3003],[73.8228,21.27],[73.8151,21.1738],[73.6668,21.1546],[73.7371,21.0789],[73.8014,21.0294],[73.8075,21.0088]]]},"properties":{"name":"Tapi","state":"Gujarat","warning":"ORANGE","category":"Middle band, 69-122 mm/24h observed","maxMm24h":75.6}},{"type":"Feature","geometry":{"type":"Polygon","coordinates":[[[82.9337,21.4969],[82.8771,21.556],[82.6905,21.4845],[82.6966,21.3305],[82.4719,21.3278],[82.3893,21.2618],[82.2517,21.3181],[82.1935,21.3786],[81.9305,21.4927],[81.9015,21.6],[81.7516,21.5835],[81.695,21.6013],[81.7226,21.6866],[81.6981,21.7484],[81.848,21.7594],[81.9366,21.8144],[82.0376,21.8832],[82.2012,21.7608],[82.3923,21.7127],[82.4459,21.7443],[82.6615,21.71],[82.7899,21.7237],[82.871,21.6935],[82.949,21.7237],[82.9857,21.6481],[82.923,21.5477],[82.9337,21.4969]]]},"properties":{"name":"Baloda Bazar","state":"Chhattisgarh","warning":"YELLOW","category":"Lowest band, 39-68 mm/24h observed","maxMm24h":48.2}},{"type":"Feature","geometry":{"type":"Polygon","coordinates":[[[81.5008,22.0042],[81.5161,22.154],[81.5559,22.3437],[81.5115,22.3808],[81.4748,22.4894],[81.6216,22.5376],[81.6492,22.6145],[81.7287,22.6695],[81.747,22.5912],[81.9764,22.3602],[81.8969,22.3052],[81.7638,22.2901],[81.7654,22.242],[81.9886,21.9945],[82.0376,21.8832],[81.9366,21.8144],[81.7531,21.9602],[81.5008,22.0042]]]},"properties":{"name":"Mungeli","state":"Chhattisgarh","warning":"ORANGE","category":"Middle band, 69-122 mm/24h observed","maxMm24h":100.5}},{"type":"Feature","geometry":{"type":"Polygon","coordinates":[[[71.5902,21.688],[71.4541,21.8708],[71.4663,21.9285],[71.3929,21.9808],[71.4999,22.0536],[71.4862,22.187],[71.4372,22.2612],[71.532,22.3423],[71.8624,22.3712],[71.8348,22.2667],[72.0596,22.2475],[72.1315,22.1994],[72.0611,22.1018],[71.9205,22.1306],[71.8639,22.0578],[71.7354,22.011],[71.6834,21.8708],[71.6177,21.8337],[71.5902,21.688]]]},"properties":{"name":"Botad","state":"Gujarat","warning":"YELLOW","category":"Lowest band, 39-68 mm/24h observed","maxMm24h":56.9}},{"type":"Feature","geometry":{"type":"Polygon","coordinates":[[[73.5307,22.0509],[73.5047,22.1994],[73.5628,22.33],[73.6546,22.3368],[73.731,22.2874],[73.7295,22.5156],[73.8029,22.5486],[73.8763,22.5032],[74.0155,22.5596],[74.0583,22.5499],[74.1194,22.4193],[74.2158,22.4413],[74.1898,22.3203],[74.069,22.3561],[74.0537,22.2983],[74.1225,22.2117],[74.124,22.0976],[74.095,22.0165],[74.147,21.9505],[73.939,21.8735],[73.8549,21.9519],[73.705,21.9767],[73.6484,22.0715],[73.5307,22.0509]]]},"properties":{"name":"Chhota Udaipur","state":"Gujarat","warning":"YELLOW","category":"Lowest band, 39-68 mm/24h observed","maxMm24h":59.3}},{"type":"Feature","geometry":{"type":"Polygon","coordinates":[[[87.0762,22.7259],[87.0992,22.6943],[87.0824,22.4716],[87.1619,22.4248],[87.2047,22.3038],[87.1818,22.1911],[87.1374,22.1265],[87.2429,21.9643],[87.1084,21.9244],[87.1007,21.8639],[87.0013,21.9134],[87.0288,22.0385],[86.9646,22.0853],[86.8377,22.0976],[86.7276,22.2159],[86.8331,22.3258],[86.8453,22.4001],[86.7643,22.4262],[86.801,22.4881],[86.7658,22.576],[86.6588,22.576],[86.642,22.6572],[86.5594,22.7135],[86.6098,22.7988],[86.6955,22.7685],[86.8943,22.6517],[87.0151,22.6503],[87.0762,22.7259]]]},"properties":{"name":"Jhargram","state":"West Bengal","warning":"ORANGE","category":"Middle band, 69-122 mm/24h observed","maxMm24h":80.7}},{"type":"Feature","geometry":{"type":"MultiPolygon","coordinates":[[[[72.3563,21.7979],[72.3104,21.8406],[72.2921,21.967],[72.3746,22.0289],[72.4373,21.9272],[72.3563,21.7979]]],[[[71.6773,20.9965],[71.6223,21.1133],[71.5259,21.1862],[71.532,21.2893],[71.6253,21.3278],[71.6146,21.4405],[71.4785,21.4817],[71.5458,21.5587],[71.5902,21.688],[71.6177,21.8337],[71.6834,21.8708],[71.7354,22.011],[71.8639,22.0578],[71.9205,22.1306],[72.0611,22.1018],[72.1697,21.9945],[72.2447,21.9945],[72.2049,21.8914],[72.2416,21.8241],[72.1942,21.7498],[72.3089,21.6247],[72.2355,21.4556],[72.1086,21.3017],[72.1131,21.1985],[71.8226,21.0803],[71.6773,20.9965]]]]},"properties":{"name":"Bhavnagar","state":"Gujarat","warning":"ORANGE","category":"Middle band, 69-122 mm/24h observed","maxMm24h":82.3}},{"type":"Feature","geometry":{"type":"Polygon","coordinates":[[[78.2697,22.4015],[78.2452,22.3203],[78.2773,22.0908],[78.5143,21.9368],[78.5495,21.8735],[78.4669,21.8131],[78.4593,21.7182],[78.3935,21.6715],[78.3431,21.589],[78.2238,21.5519],[78.1764,21.4996],[78.0296,21.4213],[77.8843,21.3841],[77.8017,21.4089],[77.5616,21.3965],[77.4882,21.3745],[77.4546,21.5532],[77.5754,21.5271],[77.5433,21.7045],[77.4791,21.7704],[77.2803,21.7581],[77.2099,21.6893],[77.0616,21.7127],[77.1503,21.7718],[77.1656,21.8681],[77.2206,21.9065],[77.2772,21.9643],[77.5051,22.0303],[77.4592,22.0839],[77.4729,22.1636],[77.3904,22.2227],[77.4531,22.2172],[77.5479,22.352],[77.684,22.3217],[77.8552,22.3685],[78.0326,22.33],[78.1871,22.3987],[78.2697,22.4015]]]},"properties":{"name":"Betul","state":"Madhya Pradesh","warning":"YELLOW","category":"Lowest band, 39-68 mm/24h observed","maxMm24h":47.0}},{"type":"Feature","geometry":{"type":"Polygon","coordinates":[[[70.0732,21.7388],[69.9922,21.8076],[69.8178,21.7416],[69.8148,21.8213],[69.9096,21.8406],[69.9157,21.9272],[69.8591,22.088],[69.8117,22.1279],[69.7322,22.308],[69.7536,22.418],[69.8637,22.4633],[69.9753,22.5431],[70.1252,22.5527],[70.2231,22.6613],[70.2185,22.7176],[70.2919,22.7658],[70.3989,22.9046],[70.4494,22.8441],[70.4968,22.9335],[70.5794,22.917],[70.6451,22.8634],[70.6451,22.7067],[70.5809,22.6035],[70.5503,22.5568],[70.587,22.4908],[70.4662,22.4702],[70.4739,22.3093],[70.5197,22.2447],[70.5794,22.2392],[70.5824,22.099],[70.5488,22.0468],[70.3301,22.0509],[70.2659,22.0014],[70.2169,21.9065],[70.0304,21.7938],[70.0732,21.7388]]]},"properties":{"name":"Jamnagar","state":"Gujarat","warning":"ORANGE","category":"Middle band, 69-122 mm/24h observed","maxMm24h":91.1}},{"type":"Feature","geometry":{"type":"Polygon","coordinates":[[[69.8148,21.8213],[69.6557,21.8378],[69.6664,21.9258],[69.5594,21.9409],[69.4478,21.8529],[69.3958,21.8887],[69.3514,21.8392],[69.2169,21.9574],[68.9661,22.2337],[68.937,22.3107],[69.0058,22.4399],[69.1633,22.3478],[69.1786,22.2131],[69.3407,22.3121],[69.4906,22.3368],[69.541,22.3767],[69.6206,22.3712],[69.7536,22.418],[69.7322,22.308],[69.8117,22.1279],[69.8591,22.088],[69.9157,21.9272],[69.9096,21.8406],[69.8148,21.8213]]]},"properties":{"name":"Devbhumi Dwarka","state":"Gujarat","warning":"YELLOW","category":"Lowest band, 39-68 mm/24h observed","maxMm24h":43.6}},{"type":"Feature","geometry":{"type":"Polygon","coordinates":[[[73.5261,19.1295],[73.5322,19.0306],[73.4604,18.9646],[73.4298,18.8738],[73.3686,18.7955],[73.3548,18.7212],[73.3885,18.6539],[73.3227,18.5576],[73.4084,18.4999],[73.3992,18.4009],[73.4206,18.3033],[73.5368,18.2428],[73.5414,18.2071],[73.653,18.1727],[73.5934,18.1081],[73.6576,18.0297],[73.572,17.8758],[73.5062,17.851],[73.3732,17.9253],[73.2876,18.071],[73.1729,18.0586],[73.1148,17.9802],[73.0444,17.9816],[72.9725,18.1246],[72.9695,18.2428],[73.0291,18.2648],[72.9144,18.3542],[72.8946,18.4628],[72.9343,18.5411],[72.8563,18.6992],[72.8686,18.7996],[72.8364,18.8642],[72.9114,18.9481],[72.8946,18.9811],[72.9557,18.9879],[73.0444,19.0182],[73.0475,19.0979],[73.1759,19.1089],[73.2509,19.0608],[73.3533,19.1309],[73.5261,19.1295]]]},"properties":{"name":"Raigad","state":"Maharashtra","warning":"YELLOW","category":"Lowest band, 39-68 mm/24h observed","maxMm24h":63.4}},{"type":"Feature","geometry":{"type":"Polygon","coordinates":[[[83.2686,21.3773],[83.0591,21.4364],[82.9337,21.4969],[82.923,21.5477],[82.9857,21.6481],[82.949,21.7237],[83.264,21.7155],[83.1783,21.8502],[83.1875,21.9272],[83.0912,21.9753],[83.004,21.9657],[83.0147,22.0756],[82.9367,22.1224],[83.03,22.1691],[83.03,22.2392],[83.0805,22.3107],[83.1141,22.4221],[83.0866,22.4702],[83.1111,22.6709],[83.1585,22.774],[83.2181,22.7878],[83.3511,22.73],[83.4093,22.6407],[83.4001,22.5541],[83.5759,22.4592],[83.6493,22.3918],[83.738,22.3781],[83.8023,22.2942],[83.6279,22.2035],[83.5377,22.0454],[83.5392,21.9657],[83.5912,21.8254],[83.4612,21.6976],[83.4872,21.644],[83.3833,21.6206],[83.3374,21.501],[83.3985,21.4048],[83.3924,21.3429],[83.2747,21.3773],[83.2716,21.3773],[83.2686,21.3773]]]},"properties":{"name":"Raigarh","state":"Chhattisgarh","warning":"YELLOW","category":"Lowest band, 39-68 mm/24h observed","maxMm24h":68.3}},{"type":"Feature","geometry":{"type":"Polygon","coordinates":[[[82.4581,22.2145],[82.4214,22.1375],[82.3342,22.1059],[82.3052,21.9079],[82.3832,21.7608],[82.4459,21.7443],[82.3923,21.7127],[82.2012,21.7608],[82.0376,21.8832],[81.9886,21.9945],[81.7654,22.242],[81.7638,22.2901],[81.8969,22.3052],[81.9764,22.3602],[81.747,22.5912],[81.7287,22.6695],[81.7317,22.6764],[81.7944,22.7658],[81.7761,22.8744],[81.8617,22.8895],[81.9504,22.983],[81.9428,23.0792],[82.1232,23.104],[82.2165,22.9445],[82.1339,22.8537],[82.1737,22.6709],[82.2394,22.653],[82.1568,22.5444],[82.1385,22.4551],[82.1828,22.4097],[82.2043,22.3121],[82.3511,22.3272],[82.4581,22.2145]]]},"properties":{"name":"Bilaspur","state":"Chhattisgarh","warning":"ORANGE","category":"Middle band, 69-122 mm/24h observed","maxMm24h":89.6}},{"type":"Feature","geometry":{"type":"Polygon","coordinates":[[[75.5553,11.7224],[75.537,11.7196],[75.5416,11.7389],[75.5553,11.7224]]]},"properties":{"name":"Mahe","state":"Puducherry","warning":"RED","category":"Highest band, >= 123 mm/24h observed","maxMm24h":167.6}},{"type":"Feature","geometry":{"type":"Polygon","coordinates":[[[73.4068,20.6239],[73.2585,20.5799],[73.2187,20.6019],[73.0735,20.6005],[73.0475,20.6995],[72.9725,20.7449],[72.8548,20.7504],[72.7218,21.0487],[72.7508,21.0624],[72.9083,21.0418],[72.9527,21.0693],[73.0245,21.0198],[73.1255,20.8975],[73.2998,20.8164],[73.3166,20.8796],[73.3808,20.8246],[73.4955,20.8191],[73.4741,20.7201],[73.4068,20.6239]]]},"properties":{"name":"Navsari","state":"Gujarat","warning":"YELLOW","category":"Lowest band, 39-68 mm/24h observed","maxMm24h":55.1}},{"type":"Feature","geometry":{"type":"Polygon","coordinates":[[[94.4011,28.339],[94.3567,28.1988],[94.3919,28.0833],[94.4852,28.0215],[94.5953,27.8702],[94.3185,27.7726],[94.1931,27.8111],[94.1487,27.8661],[94.0738,27.8496],[94.0677,27.939],[93.9622,27.9788],[93.8551,28.0819],[93.8918,28.1287],[93.8398,28.2373],[93.6793,28.3225],[93.612,28.2717],[93.456,28.2717],[93.3367,28.3528],[93.2236,28.3418],[93.1823,28.4325],[93.2786,28.504],[93.3398,28.6401],[93.4927,28.6841],[93.6227,28.6566],[93.846,28.7075],[93.9622,28.713],[94.0233,28.6511],[94.0019,28.5782],[94.109,28.5219],[94.1487,28.4394],[94.242,28.4462],[94.3292,28.3583],[94.4011,28.339]]]},"properties":{"name":"Upper Subansiri","state":"Arunachal Pradesh","warning":"YELLOW","category":"Lowest band, 39-68 mm/24h observed","maxMm24h":39.0}},{"type":"Feature","geometry":{"type":"Polygon","coordinates":[[[96.8615,27.631],[96.6994,27.6599],[96.6291,27.6846],[96.6321,27.8111],[96.5282,27.9005],[96.4165,27.9238],[96.2881,28.0613],[96.3355,28.1727],[96.2957,28.2497],[96.3049,28.3693],[96.3141,28.383],[96.5083,28.4133],[96.5786,28.4572],[96.6627,28.46],[96.7805,28.3638],[96.8967,28.3803],[96.9946,28.3101],[97.0894,28.3624],[97.1704,28.2923],[97.2209,28.2923],[97.3707,28.218],[97.3279,28.1548],[97.3279,28.0572],[97.3876,28.0036],[97.3753,27.9087],[97.253,27.9005],[97.1566,27.8139],[97.0313,27.7492],[96.9028,27.6131],[96.8615,27.631]]]},"properties":{"name":"Anjaw","state":"Arunachal Pradesh","warning":"YELLOW","category":"Lowest band, 39-68 mm/24h observed","maxMm24h":66.0}},{"type":"Feature","geometry":{"type":"Polygon","coordinates":[[[95.7743,27.7328],[95.7804,27.6214],[95.8737,27.5444],[95.8828,27.4358],[95.9409,27.4372],[96.0159,27.3684],[95.9593,27.3107],[95.8568,27.2708],[95.7422,27.2667],[95.6336,27.231],[95.5342,27.264],[95.4837,27.242],[95.4455,27.2942],[95.4745,27.3671],[95.3094,27.3891],[95.2207,27.4441],[95.2283,27.499],[95.3186,27.587],[95.2696,27.6805],[95.392,27.7273],[95.5143,27.8799],[95.5189,27.884],[95.6061,27.9555],[95.8186,27.972],[95.97,27.9596],[95.7743,27.7328]]]},"properties":{"name":"Tinsukia","state":"Assam","warning":"YELLOW","category":"Lowest band, 39-68 mm/24h observed","maxMm24h":66.8}},{"type":"Feature","geometry":{"type":"Polygon","coordinates":[[[95.5143,27.8799],[95.392,27.7273],[95.2696,27.6805],[95.1962,27.7039],[95.0922,27.6599],[94.9959,27.6585],[94.7466,27.4372],[94.6931,27.4221],[94.6258,27.3368],[94.5922,27.3781],[94.4989,27.3299],[94.3903,27.3506],[94.3093,27.319],[94.3078,27.4358],[94.2665,27.5197],[94.213,27.6063],[94.2374,27.6324],[94.3644,27.5747],[94.4622,27.5554],[94.8522,27.7273],[95.1366,27.8152],[95.3094,27.8675],[95.3797,27.8386],[95.5143,27.8799]]]},"properties":{"name":"Dhemaji","state":"Assam","warning":"ORANGE","category":"Middle band, 69-122 mm/24h observed","maxMm24h":73.5}},{"type":"Feature","geometry":{"type":"Polygon","coordinates":[[[96.6994,27.6599],[96.8615,27.631],[96.9349,27.5087],[96.9028,27.4523],[96.9624,27.4014],[97.0909,27.2131],[97.1643,27.1416],[97.0634,27.0921],[96.9839,27.154],[96.86,27.1897],[96.8845,27.2598],[96.7973,27.3464],[96.6061,27.3657],[96.5083,27.2983],[96.3064,27.2942],[96.0893,27.2227],[96.022,27.1801],[95.9455,27.0509],[95.8018,27.0151],[95.7452,26.8955],[95.684,26.9038],[95.681,26.9849],[95.629,27.0275],[95.6672,27.1719],[95.6336,27.231],[95.7422,27.2667],[95.8568,27.2708],[95.9593,27.3107],[96.0159,27.3684],[95.9409,27.4372],[95.8828,27.4358],[95.8737,27.5444],[96.0021,27.5568],[96.0618,27.6063],[96.2254,27.5678],[96.311,27.5705],[96.3722,27.6448],[96.6413,27.6283],[96.6994,27.6599]]]},"properties":{"name":"Changlang","state":"Arunachal Pradesh","warning":"YELLOW","category":"Lowest band, 39-68 mm/24h observed","maxMm24h":51.0}},{"type":"Feature","geometry":{"type":"Polygon","coordinates":[[[95.2696,27.6805],[95.3186,27.587],[95.2283,27.499],[95.2207,27.4441],[95.3094,27.3891],[95.4745,27.3671],[95.4455,27.2942],[95.4837,27.242],[95.4485,27.132],[95.3767,27.0962],[95.369,27.11],[95.3583,27.1664],[95.2834,27.198],[95.1534,27.1237],[94.9852,27.1691],[94.9684,27.2241],[94.8353,27.0921],[94.7604,27.1292],[94.7696,27.2378],[94.6411,27.2461],[94.5937,27.1457],[94.5631,27.1815],[94.6258,27.3368],[94.6931,27.4221],[94.7466,27.4372],[94.9959,27.6585],[95.0922,27.6599],[95.1962,27.7039],[95.2696,27.6805]]]},"properties":{"name":"Dibrugarh","state":"Assam","warning":"ORANGE","category":"Middle band, 69-122 mm/24h observed","maxMm24h":73.5}},{"type":"Feature","geometry":{"type":"Polygon","coordinates":[[[92.014,27.4894],[91.9406,27.4606],[91.6546,27.4825],[91.5644,27.5843],[91.5598,27.6338],[91.6256,27.7053],[91.6302,27.8015],[91.8259,27.8097],[91.881,27.7218],[91.9865,27.7699],[92.0568,27.7589],[92.1577,27.8372],[92.2571,27.862],[92.3091,27.7795],[92.4682,27.8152],[92.4605,27.7822],[92.3932,27.6723],[92.222,27.6269],[92.1119,27.5252],[92.014,27.4894]]]},"properties":{"name":"Tawang","state":"Arunachal Pradesh","warning":"YELLOW","category":"Lowest band, 39-68 mm/24h observed","maxMm24h":50.8}},{"type":"Feature","geometry":{"type":"Polygon","coordinates":[[[93.9423,27.5114],[94.1059,27.4935],[94.2191,27.5045],[93.9912,27.3286],[93.8062,27.1485],[93.8291,27.0674],[93.6976,26.9945],[93.6655,26.9684],[93.4713,26.9368],[93.3979,26.9574],[93.3398,26.9931],[93.3123,27.0797],[93.2144,27.1375],[93.3123,27.1732],[93.2251,27.2516],[93.3306,27.3547],[93.3704,27.4152],[93.2297,27.6035],[93.3291,27.6695],[93.5141,27.6503],[93.5432,27.6214],[93.6181,27.532],[93.5676,27.4715],[93.5998,27.3671],[93.6655,27.3368],[93.8353,27.3629],[93.8521,27.4647],[93.9423,27.5114]]]},"properties":{"name":"Papum Pare","state":"Arunachal Pradesh","warning":"YELLOW","category":"Lowest band, 39-68 mm/24h observed","maxMm24h":63.8}},{"type":"Feature","geometry":{"type":"Polygon","coordinates":[[[94.2665,27.5197],[94.3078,27.4358],[94.3093,27.319],[94.3903,27.3506],[94.4989,27.3299],[94.5922,27.3781],[94.6258,27.3368],[94.5631,27.1815],[94.5066,27.121],[94.3124,27.0715],[94.2344,27.0715],[94.1885,27.0041],[93.9637,26.9244],[93.8918,26.8653],[93.7695,26.8447],[93.7802,26.8859],[93.6976,26.9945],[93.8291,27.0674],[93.8062,27.1485],[93.9912,27.3286],[94.2191,27.5045],[94.2665,27.5197]]]},"properties":{"name":"Lakhimpur","state":"Assam","warning":"YELLOW","category":"Lowest band, 39-68 mm/24h observed","maxMm24h":66.6}},{"type":"Feature","geometry":{"type":"Polygon","coordinates":[[[95.4837,27.242],[95.5342,27.264],[95.6336,27.231],[95.6672,27.1719],[95.629,27.0275],[95.681,26.9849],[95.684,26.9038],[95.6076,26.813],[95.496,26.8172],[95.3675,26.9354],[95.3767,27.0962],[95.4485,27.132],[95.4837,27.242]]]},"properties":{"name":"Tirap","state":"Arunachal Pradesh","warning":"YELLOW","category":"Lowest band, 39-68 mm/24h observed","maxMm24h":51.0}},{"type":"Feature","geometry":{"type":"Polygon","coordinates":[[[94.5937,27.1457],[94.6411,27.2461],[94.7696,27.2378],[94.7604,27.1292],[94.8353,27.0921],[94.8292,27.0165],[94.7344,26.9326],[94.924,26.9491],[94.8659,26.9093],[94.791,26.7965],[94.7359,26.7498],[94.5861,26.7251],[94.5127,26.7718],[94.4745,26.9354],[94.3965,26.9505],[94.5448,27.077],[94.5937,27.1457]]]},"properties":{"name":"Sivasagar","state":"Assam","warning":"YELLOW","category":"Lowest band, 39-68 mm/24h observed","maxMm24h":58.8}},{"type":"Feature","geometry":{"type":"Polygon","coordinates":[[[94.3965,26.9505],[94.4745,26.9354],[94.5127,26.7718],[94.5861,26.7251],[94.4026,26.611],[94.4011,26.534],[94.3139,26.4611],[94.2848,26.5615],[94.1839,26.4556],[94.164,26.3511],[94.0967,26.4845],[94.0983,26.6426],[93.9729,26.7677],[94.0004,26.8667],[94.2084,26.9271],[94.3047,26.9093],[94.3965,26.9505]]]},"properties":{"name":"Jorhat","state":"Assam","warning":"YELLOW","category":"Lowest band, 39-68 mm/24h observed","maxMm24h":42.1}},{"type":"Feature","geometry":{"type":"Polygon","coordinates":[[[94.791,26.7965],[94.8659,26.9093],[94.924,26.9491],[94.9821,26.9134],[95.1014,26.9615],[95.1962,27.0344],[95.2299,26.923],[95.2023,26.846],[95.2345,26.6824],[95.0617,26.4501],[95.1228,26.3484],[95.0005,26.2934],[94.9424,26.3058],[94.9133,26.38],[94.8797,26.5766],[94.7788,26.6591],[94.8338,26.7182],[94.791,26.7965]]]},"properties":{"name":"Mon","state":"Nagaland","warning":"YELLOW","category":"Lowest band, 39-68 mm/24h observed","maxMm24h":56.2}},{"type":"Feature","geometry":{"type":"Polygon","coordinates":[[[93.0615,26.9216],[93.0676,26.7471],[93.1441,26.5945],[93.0967,26.5766],[92.9514,26.6206],[92.722,26.5367],[92.5752,26.4996],[92.4192,26.5147],[92.3412,26.5023],[92.3596,26.5835],[92.3275,26.813],[92.3596,26.9258],[92.4468,26.9588],[92.563,26.9574],[92.6562,27.0083],[92.6731,27.0316],[92.8872,27],[93.0217,26.9134],[93.0615,26.9216]]]},"properties":{"name":"Sonitpur","state":"Assam","warning":"YELLOW","category":"Lowest band, 39-68 mm/24h observed","maxMm24h":52.4}},{"type":"Feature","geometry":{"type":"Polygon","coordinates":[[[93.7695,26.8447],[93.8918,26.8653],[93.9637,26.9244],[94.0004,26.8667],[93.9729,26.7677],[94.0983,26.6426],[94.0967,26.4845],[94.164,26.3511],[94.1044,26.3195],[94.0004,26.1724],[93.9545,25.9689],[93.979,25.9167],[93.8811,25.8438],[93.7771,25.8493],[93.7756,25.9689],[93.7863,26.0542],[93.8934,26.3717],[93.794,26.4405],[93.7007,26.6068],[93.4958,26.611],[93.4575,26.5766],[93.297,26.5752],[93.3062,26.6976],[93.3964,26.7512],[93.5049,26.7567],[93.6502,26.7058],[93.6487,26.7883],[93.7695,26.8447]]]},"properties":{"name":"Golaghat","state":"Assam","warning":"RED","category":"Highest band, >= 123 mm/24h observed","maxMm24h":173.4}},{"type":"Feature","geometry":{"type":"Polygon","coordinates":[[[94.5861,26.7251],[94.7359,26.7498],[94.7329,26.6013],[94.6885,26.5202],[94.7099,26.446],[94.6503,26.3388],[94.5647,26.2879],[94.583,26.2191],[94.372,26.1958],[94.3659,26.336],[94.3139,26.4611],[94.4011,26.534],[94.4026,26.611],[94.5861,26.7251]]]},"properties":{"name":"Mokokchung","state":"Nagaland","warning":"ORANGE","category":"Middle band, 69-122 mm/24h observed","maxMm24h":87.2}},{"type":"Feature","geometry":{"type":"Polygon","coordinates":[[[90.8747,26.5628],[90.8472,26.5285],[90.7448,26.4652],[90.6821,26.4996],[90.52,26.5092],[90.5047,26.4267],[90.3992,26.4419],[90.3548,26.5697],[90.3778,26.7182],[90.3365,26.8625],[90.4175,26.9052],[90.546,26.8172],[90.7172,26.769],[90.9512,26.7773],[90.8992,26.6893],[90.8747,26.5628]]]},"properties":{"name":"Chirang","state":"Assam","warning":"YELLOW","category":"Lowest band, 39-68 mm/24h observed","maxMm24h":45.0}},{"type":"Feature","geometry":{"type":"Polygon","coordinates":[[[91.7036,26.813],[91.7449,26.6879],[91.7372,26.6055],[91.7785,26.5133],[91.78,26.479],[91.725,26.5037],[91.6256,26.4474],[91.5782,26.5285],[91.5782,26.5725],[91.3121,26.5175],[91.2494,26.523],[91.2341,26.6082],[91.1515,26.6384],[91.1102,26.5615],[90.991,26.5243],[90.9894,26.5903],[90.8747,26.5628],[90.8992,26.6893],[90.9512,26.7773],[91.0537,26.7814],[91.098,26.8227],[91.2372,26.8117],[91.3366,26.78],[91.4084,26.8405],[91.4956,26.791],[91.6256,26.8213],[91.7036,26.813]]]},"properties":{"name":"Baksa","state":"Assam","warning":"YELLOW","category":"Lowest band, 39-68 mm/24h observed","maxMm24h":46.1}},{"type":"Feature","geometry":{"type":"Polygon","coordinates":[[[92.4192,26.5147],[92.5752,26.4996],[92.722,26.5367],[92.9514,26.6206],[93.0967,26.5766],[93.1441,26.5945],[93.3062,26.6976],[93.297,26.5752],[93.1915,26.567],[93.0126,26.5078],[92.9422,26.3305],[92.8138,26.2631],[92.8015,26.2013],[92.7037,26.1257],[92.7526,26.0542],[92.6547,26.0006],[92.5461,25.9717],[92.5951,26.0803],[92.5293,26.1504],[92.3948,26.1133],[92.4315,26.1903],[92.4192,26.27],[92.5049,26.2728],[92.5676,26.3374],[92.5507,26.3827],[92.4406,26.3704],[92.4192,26.5147]]]},"properties":{"name":"Nagaon","state":"Assam","warning":"YELLOW","category":"Lowest band, 39-68 mm/24h observed","maxMm24h":68.1}},{"type":"Feature","geometry":{"type":"Polygon","coordinates":[[[90.3365,26.8625],[90.3778,26.7182],[90.3548,26.5697],[90.3992,26.4419],[90.4252,26.3635],[90.2875,26.2521],[90.2677,26.3305],[90.1163,26.3388],[90.1361,26.215],[90.0245,26.127],[89.8823,26.1353],[89.8594,26.2205],[89.9037,26.3374],[89.8425,26.3827],[89.8349,26.4144],[89.8701,26.6137],[89.8517,26.6976],[89.8594,26.7347],[90.049,26.7306],[90.1943,26.7732],[90.231,26.8584],[90.3365,26.8625]]]},"properties":{"name":"Kokrajhar","state":"Assam","warning":"YELLOW","category":"Lowest band, 39-68 mm/24h observed","maxMm24h":45.0}},{"type":"Feature","geometry":{"type":"Polygon","coordinates":[[[92.3596,26.5835],[92.3412,26.5023],[92.2189,26.4157],[92.1577,26.4116],[92.04,26.2728],[91.9803,26.2741],[91.8794,26.2164],[91.7479,26.2095],[91.8228,26.3704],[91.78,26.479],[91.7785,26.5133],[91.8274,26.545],[92.0033,26.5436],[92.0721,26.6467],[92.1776,26.6508],[92.2418,26.6027],[92.3596,26.5835]]]},"properties":{"name":"Darrang","state":"Assam","warning":"YELLOW","category":"Lowest band, 39-68 mm/24h observed","maxMm24h":44.5}},{"type":"Feature","geometry":{"type":"Polygon","coordinates":[[[94.9133,26.38],[94.9424,26.3058],[95.0005,26.2934],[95.1228,26.3484],[95.1167,26.1078],[95.1855,26.0734],[95.1259,25.9868],[95.0143,25.8906],[94.973,25.8823],[94.846,26.0418],[94.6687,26.0198],[94.7054,26.0487],[94.7054,26.1724],[94.583,26.2191],[94.5647,26.2879],[94.6503,26.3388],[94.7099,26.446],[94.7665,26.4597],[94.8476,26.3827],[94.9133,26.38]]]},"properties":{"name":"Tuensang","state":"Nagaland","warning":"ORANGE","category":"Middle band, 69-122 mm/24h observed","maxMm24h":89.0}},{"type":"Feature","geometry":{"type":"Polygon","coordinates":[[[90.8472,26.5285],[90.8747,26.5628],[90.9894,26.5903],[90.991,26.5243],[91.1102,26.5615],[91.1515,26.6384],[91.2341,26.6082],[91.2494,26.523],[91.231,26.4391],[91.2769,26.3415],[91.2158,26.2673],[91.2234,26.1793],[91.0812,26.1614],[90.9436,26.094],[90.7142,26.1298],[90.6698,26.2027],[90.653,26.237],[90.7891,26.3291],[90.861,26.4309],[90.8472,26.5285]]]},"properties":{"name":"Barpeta","state":"Assam","warning":"YELLOW","category":"Lowest band, 39-68 mm/24h observed","maxMm24h":46.1}},{"type":"Feature","geometry":{"type":"Polygon","coordinates":[[[92.3412,26.5023],[92.4192,26.5147],[92.4406,26.3704],[92.5507,26.3827],[92.5676,26.3374],[92.5049,26.2728],[92.4192,26.27],[92.4315,26.1903],[92.3948,26.1133],[92.274,26.0652],[92.173,26.0762],[92.1669,26.1642],[92.0599,26.1958],[91.9803,26.2741],[92.04,26.2728],[92.1577,26.4116],[92.2189,26.4157],[92.3412,26.5023]]]},"properties":{"name":"Morigaon","state":"Assam","warning":"YELLOW","category":"Lowest band, 39-68 mm/24h observed","maxMm24h":68.1}},{"type":"Feature","geometry":{"type":"Polygon","coordinates":[[[91.5782,26.5285],[91.6256,26.4474],[91.725,26.5037],[91.78,26.479],[91.8228,26.3704],[91.7479,26.2095],[91.569,26.1504],[91.5644,26.1037],[91.7234,26.0349],[91.7219,25.9662],[91.5797,26.0336],[91.4451,25.8397],[91.335,25.8411],[91.2219,25.7229],[91.1469,25.8507],[91.0078,25.8246],[91.0261,25.8865],[91.0995,26.0102],[90.9436,26.094],[91.0812,26.1614],[91.2234,26.1793],[91.3534,26.1669],[91.413,26.2659],[91.5247,26.336],[91.5782,26.5285]]]},"properties":{"name":"Kamrup","state":"Assam","warning":"YELLOW","category":"Lowest band, 39-68 mm/24h observed","maxMm24h":50.8}},{"type":"Feature","geometry":{"type":"Polygon","coordinates":[[[90.3992,26.4419],[90.5047,26.4267],[90.52,26.5092],[90.6821,26.4996],[90.7448,26.4652],[90.8472,26.5285],[90.861,26.4309],[90.7891,26.3291],[90.653,26.237],[90.6698,26.2027],[90.5215,26.1999],[90.4695,26.1683],[90.39,26.204],[90.4833,26.2961],[90.4252,26.3635],[90.3992,26.4419]]]},"properties":{"name":"Bongaigaon","state":"Assam","warning":"YELLOW","category":"Lowest band, 39-68 mm/24h observed","maxMm24h":45.0}},{"type":"Feature","geometry":{"type":"Polygon","coordinates":[[[91.7479,26.2095],[91.8794,26.2164],[91.9803,26.2741],[92.0599,26.1958],[92.1669,26.1642],[92.173,26.0762],[92.1333,26.0446],[91.8672,26.0418],[91.8259,26.1188],[91.7234,26.0349],[91.5644,26.1037],[91.569,26.1504],[91.7479,26.2095]]]},"properties":{"name":"Kamrup Metropolitan","state":"Assam","warning":"YELLOW","category":"Lowest band, 39-68 mm/24h observed","maxMm24h":42.1}},{"type":"Feature","geometry":{"type":"Polygon","coordinates":[[[94.6687,26.0198],[94.846,26.0418],[94.973,25.8823],[95.0143,25.8906],[95.0403,25.7421],[94.9363,25.6679],[94.8827,25.5868],[94.8568,25.7174],[94.8185,25.7641],[94.713,25.7586],[94.6106,25.8177],[94.5693,25.8892],[94.6687,26.0198]]]},"properties":{"name":"Kiphire","state":"Nagaland","warning":"ORANGE","category":"Middle band, 69-122 mm/24h observed","maxMm24h":110.1}},{"type":"Feature","geometry":{"type":"Polygon","coordinates":[[[92.173,26.0762],[92.274,26.0652],[92.1639,25.9703],[92.2021,25.9071],[92.1516,25.8163],[92.1516,25.672],[92.1317,25.6404],[91.8335,25.6445],[91.829,25.6734],[91.7877,25.7902],[91.5873,25.8122],[91.4589,25.7888],[91.335,25.8411],[91.4451,25.8397],[91.5797,26.0336],[91.7219,25.9662],[91.7234,26.0349],[91.8259,26.1188],[91.8672,26.0418],[92.1333,26.0446],[92.173,26.0762]]]},"properties":{"name":"Ribhoi","state":"Meghalaya","warning":"ORANGE","category":"Middle band, 69-122 mm/24h observed","maxMm24h":79.3}},{"type":"Feature","geometry":{"type":"Polygon","coordinates":[[[93.0645,25.7751],[93.1425,25.7187],[93.2083,25.5428],[93.3291,25.5428],[93.456,25.4342],[93.4698,25.3063],[93.3811,25.2403],[93.3444,25.1235],[93.2465,24.9722],[93.1792,25.0011],[93.0615,25.0025],[93.0141,25.0616],[92.8979,25.0795],[92.8352,25.052],[92.722,25.1125],[92.54,25.0987],[92.6211,25.1152],[92.6639,25.1771],[92.7434,25.2073],[92.7923,25.2829],[92.6532,25.4342],[92.5691,25.4658],[92.6608,25.5716],[92.7342,25.5936],[92.8214,25.7407],[93.0187,25.8012],[93.0645,25.7751]]]},"properties":{"name":"Dima Hasao","state":"Assam","warning":"ORANGE","category":"Middle band, 69-122 mm/24h observed","maxMm24h":116.0}},{"type":"Feature","geometry":{"type":"Polygon","coordinates":[[[94.1732,24.6313],[94.187,24.7165],[94.1396,24.8705],[94.1671,24.9269],[94.3322,24.986],[94.531,25.0341],[94.6534,25.1152],[94.7359,25.1138],[94.7436,25.0369],[94.687,24.8898],[94.632,24.8389],[94.6289,24.7564],[94.5448,24.711],[94.5341,24.6423],[94.3751,24.4938],[94.2818,24.6011],[94.1732,24.6313]]]},"properties":{"name":"Kamjong","state":"Manipur","warning":"ORANGE","category":"Middle band, 69-122 mm/24h observed","maxMm24h":105.5}},{"type":"Feature","geometry":{"type":"Polygon","coordinates":[[[91.0078,25.8246],[91.1469,25.8507],[91.2219,25.7229],[91.335,25.8411],[91.4589,25.7888],[91.5873,25.8122],[91.7877,25.7902],[91.829,25.6734],[91.7999,25.6101],[91.5415,25.5111],[91.5461,25.4823],[91.517,25.4562],[91.309,25.4438],[91.1684,25.4658],[91.1378,25.3998],[91.0246,25.3379],[90.9237,25.3517],[90.8396,25.3077],[90.7478,25.3792],[90.7906,25.507],[90.7616,25.5524],[90.8747,25.6074],[90.9833,25.7435],[90.942,25.7545],[91.0078,25.8246]]]},"properties":{"name":"West Khasi Hills","state":"Meghalaya","warning":"ORANGE","category":"Middle band, 69-122 mm/24h observed","maxMm24h":89.0}},{"type":"Feature","geometry":{"type":"Polygon","coordinates":[[[93.4698,25.3063],[93.456,25.4342],[93.3291,25.5428],[93.427,25.6321],[93.5126,25.6747],[93.6594,25.65],[93.9285,25.6706],[93.9362,25.5593],[93.7649,25.5386],[93.8047,25.463],[93.667,25.3104],[93.6059,25.1991],[93.5019,25.2431],[93.4698,25.3063]]]},"properties":{"name":"Peren","state":"Nagaland","warning":"RED","category":"Highest band, >= 123 mm/24h observed","maxMm24h":142.8}},{"type":"Feature","geometry":{"type":"Polygon","coordinates":[[[93.8047,25.463],[93.7649,25.5386],[93.9362,25.5593],[94.0065,25.5675],[94.1074,25.5221],[94.19,25.5483],[94.2084,25.496],[94.3215,25.5029],[94.4163,25.5359],[94.4882,25.6046],[94.3796,25.408],[94.3781,25.3572],[94.2145,25.1757],[94.0723,25.1702],[93.9973,25.1922],[93.9714,25.2926],[93.9882,25.375],[93.9209,25.3957],[93.8047,25.463]]]},"properties":{"name":"Senapati","state":"Manipur","warning":"RED","category":"Highest band, >= 123 mm/24h observed","maxMm24h":207.0}},{"type":"Feature","geometry":{"type":"Polygon","coordinates":[[[91.829,25.6734],[91.8335,25.6445],[92.1317,25.6404],[92.095,25.4507],[92.1119,25.3063],[91.988,25.2816],[92.017,25.1895],[91.7464,25.1716],[91.6424,25.1248],[91.6026,25.1743],[91.4925,25.1345],[91.3794,25.1771],[91.3549,25.2334],[91.5476,25.2871],[91.5247,25.3489],[91.5461,25.4823],[91.5415,25.5111],[91.7999,25.6101],[91.829,25.6734]]]},"properties":{"name":"East Khasi Hills","state":"Meghalaya","warning":"ORANGE","category":"Middle band, 69-122 mm/24h observed","maxMm24h":89.0}},{"type":"Feature","geometry":{"type":"Polygon","coordinates":[[[93.2465,24.9722],[93.3444,25.1235],[93.3811,25.2403],[93.4698,25.3063],[93.5019,25.2431],[93.6059,25.1991],[93.667,25.3104],[93.8047,25.463],[93.9209,25.3957],[93.9025,25.2719],[93.7726,25.1537],[93.8169,25.0231],[93.7588,24.9076],[93.7573,24.7922],[93.4071,24.8251],[93.2786,24.6588],[93.2144,24.6973],[93.1746,24.7977],[93.248,24.9145],[93.2465,24.9722]]]},"properties":{"name":"Tamenglong","state":"Manipur","warning":"RED","category":"Highest band, >= 123 mm/24h observed","maxMm24h":142.8}},{"type":"Feature","geometry":{"type":"Polygon","coordinates":[[[90.7616,25.5524],[90.7906,25.507],[90.7478,25.3792],[90.8396,25.3077],[90.9589,25.2472],[90.9696,25.173],[90.8549,25.1592],[90.7799,25.184],[90.6928,25.1592],[90.5108,25.1688],[90.445,25.1441],[90.3319,25.1922],[90.234,25.2032],[90.2615,25.3214],[90.3089,25.3654],[90.3197,25.4644],[90.442,25.4603],[90.6438,25.4163],[90.7616,25.5524]]]},"properties":{"name":"South Garo Hills","state":"Meghalaya","warning":"ORANGE","category":"Middle band, 69-122 mm/24h observed","maxMm24h":92.0}},{"type":"Feature","geometry":{"type":"Polygon","coordinates":[[[92.8963,24.3907],[92.8,24.4196],[92.7618,24.5131],[92.6685,24.5914],[92.6287,24.8554],[92.5798,24.8719],[92.5156,24.8801],[92.4253,25.03],[92.4804,25.1083],[92.54,25.0987],[92.722,25.1125],[92.8352,25.052],[92.8979,25.0795],[93.0141,25.0616],[93.0615,25.0025],[93.1792,25.0011],[93.2465,24.9722],[93.248,24.9145],[93.1746,24.7977],[93.1089,24.8114],[93.086,24.7097],[93.0875,24.5722],[93.0493,24.5447],[93.0095,24.4127],[92.8963,24.3907]]]},"properties":{"name":"Cachar","state":"Assam","warning":"RED","category":"Highest band, >= 123 mm/24h observed","maxMm24h":138.6}},{"type":"Feature","geometry":{"type":"Polygon","coordinates":[[[93.9148,24.9104],[93.9454,24.8306],[93.9423,24.7193],[93.8888,24.6162],[93.9132,24.5543],[93.8689,24.5268],[93.8062,24.6176],[93.7695,24.7344],[93.8062,24.865],[93.8781,24.9874],[93.9148,24.9104]]]},"properties":{"name":"Imphal West","state":"Manipur","warning":"YELLOW","category":"Lowest band, 39-68 mm/24h observed","maxMm24h":64.5}},{"type":"Feature","geometry":{"type":"Polygon","coordinates":[[[92.7618,24.5131],[92.6899,24.3536],[92.6257,24.3316],[92.6119,24.256],[92.5507,24.2478],[92.5324,24.1776],[92.436,24.1543],[92.4223,24.2505],[92.4636,24.3],[92.5094,24.4553],[92.5064,24.6643],[92.5798,24.8719],[92.6287,24.8554],[92.6685,24.5914],[92.7618,24.5131]]]},"properties":{"name":"Hailakandi","state":"Assam","warning":"YELLOW","category":"Lowest band, 39-68 mm/24h observed","maxMm24h":45.9}},{"type":"Feature","geometry":{"type":"Polygon","coordinates":[[[93.8689,24.5268],[93.9132,24.5543],[94.0233,24.52],[94.0386,24.4485],[93.9836,24.4856],[93.8918,24.3509],[93.9025,24.2546],[93.8628,24.2079],[93.8704,24.2725],[93.8674,24.289],[93.8658,24.2931],[93.8383,24.4265],[93.8689,24.5268]]]},"properties":{"name":"Kakching","state":"Manipur","warning":"YELLOW","category":"Lowest band, 39-68 mm/24h observed","maxMm24h":53.3}},{"type":"Feature","geometry":{"type":"Polygon","coordinates":[[[93.7695,24.7344],[93.8062,24.6176],[93.8689,24.5268],[93.8383,24.4265],[93.8658,24.2931],[93.8123,24.3921],[93.6976,24.4251],[93.7297,24.4856],[93.7343,24.6176],[93.7374,24.6244],[93.7695,24.7344]]]},"properties":{"name":"Bishnupur","state":"Manipur","warning":"YELLOW","category":"Lowest band, 39-68 mm/24h observed","maxMm24h":56.3}},{"type":"Feature","geometry":{"type":"Polygon","coordinates":[[[93.8628,24.2079],[93.9025,24.2546],[93.8918,24.3509],[93.9836,24.4856],[94.0386,24.4485],[94.1472,24.3825],[94.1533,24.3014],[94.2114,24.245],[94.1961,24.1336],[94.2527,24.1144],[94.2374,24.036],[94.1701,23.9288],[94.1564,23.8477],[94.0172,23.9274],[93.8934,23.9536],[93.8077,23.9261],[93.7404,24.0058],[93.7802,24.1364],[93.8628,24.2079]]]},"properties":{"name":"Chandel","state":"Manipur","warning":"ORANGE","category":"Middle band, 69-122 mm/24h observed","maxMm24h":108.8}},{"type":"Feature","geometry":{"type":"Polygon","coordinates":[[[93.8704,24.2725],[93.8628,24.2079],[93.7802,24.1364],[93.7404,24.0058],[93.6242,24.0113],[93.5049,23.9426],[93.4163,24.0718],[93.378,24.0883],[93.3948,24.1859],[93.479,24.2491],[93.4912,24.366],[93.3658,24.3839],[93.3887,24.5681],[93.4484,24.5406],[93.5676,24.5928],[93.7343,24.6176],[93.7297,24.4856],[93.6976,24.4251],[93.8123,24.3921],[93.8658,24.2931],[93.8674,24.289],[93.8704,24.2725]]]},"properties":{"name":"Churachandpur","state":"Manipur","warning":"RED","category":"Highest band, >= 123 mm/24h observed","maxMm24h":133.5}},{"type":"Feature","geometry":{"type":"Polygon","coordinates":[[[94.164,26.3511],[94.1839,26.4556],[94.2848,26.5615],[94.3139,26.4611],[94.3659,26.336],[94.372,26.1958],[94.3873,26.116],[94.3582,26.0212],[94.2757,26.0047],[94.0019,25.9909],[93.9545,25.9689],[94.0004,26.1724],[94.1044,26.3195],[94.164,26.3511]]]},"properties":{"name":"Wokha","state":"Nagaland","warning":"RED","category":"Highest band, >= 123 mm/24h observed","maxMm24h":173.4}},{"type":"Feature","geometry":{"type":"Polygon","coordinates":[[[94.372,26.1958],[94.583,26.2191],[94.7054,26.1724],[94.7054,26.0487],[94.6687,26.0198],[94.5693,25.8892],[94.6106,25.8177],[94.713,25.7586],[94.6075,25.7779],[94.4561,25.8535],[94.2726,25.7943],[94.2145,25.8755],[94.2833,25.9401],[94.2757,26.0047],[94.3582,26.0212],[94.3873,26.116],[94.372,26.1958]]]},"properties":{"name":"Zunheboto","state":"Nagaland","warning":"ORANGE","category":"Middle band, 69-122 mm/24h observed","maxMm24h":110.1}},{"type":"Feature","geometry":{"type":"Polygon","coordinates":[[[94.713,25.7586],[94.8185,25.7641],[94.8568,25.7174],[94.8827,25.5868],[94.8078,25.4933],[94.6748,25.4452],[94.554,25.5043],[94.5509,25.5799],[94.4882,25.6046],[94.4163,25.5359],[94.3215,25.5029],[94.2084,25.496],[94.19,25.5483],[94.213,25.672],[94.2726,25.7943],[94.4561,25.8535],[94.6075,25.7779],[94.713,25.7586]]]},"properties":{"name":"Phek","state":"Nagaland","warning":"RED","category":"Highest band, >= 123 mm/24h observed","maxMm24h":207.0}},{"type":"Feature","geometry":{"type":"Polygon","coordinates":[[[90.942,25.7545],[90.9833,25.7435],[90.8747,25.6074],[90.7616,25.5524],[90.6438,25.4163],[90.442,25.4603],[90.3197,25.4644],[90.39,25.5469],[90.4129,25.6582],[90.4007,25.7586],[90.5001,25.7187],[90.5429,25.782],[90.624,25.7366],[90.679,25.7834],[90.8319,25.8191],[90.942,25.7545]]]},"properties":{"name":"East Garo Hills","state":"Meghalaya","warning":"ORANGE","category":"Middle band, 69-122 mm/24h observed","maxMm24h":81.4}},{"type":"Feature","geometry":{"type":"Polygon","coordinates":[[[93.9362,25.5593],[93.9285,25.6706],[93.9637,25.694],[94.0172,25.8452],[93.9775,25.8823],[94.0019,25.9909],[94.2757,26.0047],[94.2833,25.9401],[94.2145,25.8755],[94.2726,25.7943],[94.213,25.672],[94.19,25.5483],[94.1074,25.5221],[94.0065,25.5675],[93.9362,25.5593]]]},"properties":{"name":"Kohima","state":"Nagaland","warning":"RED","category":"Highest band, >= 123 mm/24h observed","maxMm24h":207.0}},{"type":"Feature","geometry":{"type":"Polygon","coordinates":[[[93.7756,25.9689],[93.7771,25.8493],[93.8811,25.8438],[93.979,25.9167],[93.9545,25.9689],[94.0019,25.9909],[93.9775,25.8823],[94.0172,25.8452],[93.9637,25.694],[93.9285,25.6706],[93.6594,25.65],[93.5126,25.6747],[93.5432,25.7311],[93.7022,25.8521],[93.6808,25.9043],[93.7756,25.9689]]]},"properties":{"name":"Dimapur","state":"Nagaland","warning":"RED","category":"Highest band, >= 123 mm/24h observed","maxMm24h":142.8}},{"type":"Feature","geometry":{"type":"Polygon","coordinates":[[[93.2236,28.3418],[93.3367,28.3528],[93.456,28.2717],[93.4606,28.1136],[93.5707,28.0572],[93.6181,27.9541],[93.5921,27.8331],[93.5095,27.7424],[93.5141,27.6503],[93.3291,27.6695],[93.2297,27.6035],[93.1961,27.675],[93.2389,27.8015],[93.1762,27.8221],[92.9789,27.8235],[92.9315,27.9252],[92.7342,27.9761],[92.6624,28.0668],[92.6884,28.1259],[92.8015,28.2015],[92.8963,28.2043],[93.0248,28.3033],[93.2236,28.3418]]]},"properties":{"name":"Kurung Kumey","state":"Arunachal Pradesh","warning":"ORANGE","category":"Middle band, 69-122 mm/24h observed","maxMm24h":76.6}},{"type":"Feature","geometry":{"type":"Polygon","coordinates":[[[93.9423,27.5114],[93.8521,27.4647],[93.8353,27.3629],[93.6655,27.3368],[93.5998,27.3671],[93.5676,27.4715],[93.6181,27.532],[93.5432,27.6214],[93.5768,27.6173],[93.768,27.73],[93.768,27.7891],[93.8903,27.8207],[93.9408,27.6379],[94.0524,27.6076],[94.0723,27.5155],[93.9423,27.5114]]]},"properties":{"name":"Lower Subansiri","state":"Arunachal Pradesh","warning":"YELLOW","category":"Lowest band, 39-68 mm/24h observed","maxMm24h":41.2}},{"type":"Feature","geometry":{"type":"Polygon","coordinates":[[[92.014,27.4894],[92.1119,27.5252],[92.222,27.6269],[92.3932,27.6723],[92.4605,27.7822],[92.5156,27.7341],[92.5309,27.6283],[92.5951,27.631],[92.6608,27.4825],[92.8031,27.4482],[92.8229,27.4001],[92.8,27.2598],[92.8092,27.1774],[92.7526,27.1938],[92.615,27.143],[92.5981,27.0536],[92.6562,27.0083],[92.563,26.9574],[92.4468,26.9588],[92.3596,26.9258],[92.1944,26.89],[92.1134,26.8928],[92.1042,27.0069],[92.0339,27.0646],[92.0247,27.1622],[92.0706,27.2763],[92.0553,27.4001],[92.014,27.4894]]]},"properties":{"name":"West Kameng","state":"Arunachal Pradesh","warning":"ORANGE","category":"Middle band, 69-122 mm/24h observed","maxMm24h":82.1}},{"type":"Feature","geometry":{"type":"Polygon","coordinates":[[[92.1317,25.6404],[92.1516,25.672],[92.225,25.716],[92.4437,25.7201],[92.5049,25.617],[92.5844,25.551],[92.6608,25.5716],[92.5691,25.4658],[92.3734,25.4053],[92.2694,25.3957],[92.1746,25.3544],[92.2051,25.2266],[92.199,25.1248],[92.0813,25.184],[92.017,25.1895],[91.988,25.2816],[92.1119,25.3063],[92.095,25.4507],[92.1317,25.6404]]]},"properties":{"name":"West Jaintia Hills","state":"Meghalaya","warning":"YELLOW","category":"Lowest band, 39-68 mm/24h observed","maxMm24h":49.8}},{"type":"Feature","geometry":{"type":"Polygon","coordinates":[[[90.8396,25.3077],[90.9237,25.3517],[91.0246,25.3379],[91.1378,25.3998],[91.1684,25.4658],[91.309,25.4438],[91.517,25.4562],[91.5461,25.4823],[91.5247,25.3489],[91.5476,25.2871],[91.3549,25.2334],[91.2525,25.1977],[91.0812,25.2018],[90.9696,25.173],[90.9589,25.2472],[90.8396,25.3077]]]},"properties":{"name":"South West Khasi Hills","state":"Meghalaya","warning":"ORANGE","category":"Middle band, 69-122 mm/24h observed","maxMm24h":83.1}},{"type":"Feature","geometry":{"type":"Polygon","coordinates":[[[91.3197,23.2772],[91.4207,23.3748],[91.6072,23.4037],[91.7586,23.2662],[91.8152,23.1452],[91.806,23.0627],[91.7204,22.9871],[91.5766,22.9651],[91.543,22.9995],[91.5078,23.1837],[91.4543,23.2607],[91.3197,23.2772]]]},"properties":{"name":"South Tripura","state":"Tripura","warning":"YELLOW","category":"Lowest band, 39-68 mm/24h observed","maxMm24h":42.3}},{"type":"Feature","geometry":{"type":"Polygon","coordinates":[[[92.0706,24.377],[92.069,24.2711],[92.2036,24.1818],[92.1424,24.0402],[92.0843,23.9893],[92.0736,24.0952],[91.9696,24.0759],[91.9238,24.1089],[91.9421,24.2629],[91.9222,24.3385],[91.9712,24.3825],[92.0706,24.377]]]},"properties":{"name":"Unokoti","state":"Tripura","warning":"ORANGE","category":"Middle band, 69-122 mm/24h observed","maxMm24h":94.6}},{"type":"Feature","geometry":{"type":"Polygon","coordinates":[[[94.8353,27.0921],[94.9684,27.2241],[94.9852,27.1691],[95.1534,27.1237],[95.2834,27.198],[95.3583,27.1664],[95.369,27.11],[95.2589,27.0303],[95.1962,27.0344],[95.1014,26.9615],[94.9821,26.9134],[94.924,26.9491],[94.7344,26.9326],[94.8292,27.0165],[94.8353,27.0921]]]},"properties":{"name":"Charaideo","state":"Assam","warning":"YELLOW","category":"Lowest band, 39-68 mm/24h observed","maxMm24h":60.4}},{"type":"Feature","geometry":{"type":"Polygon","coordinates":[[[94.5631,27.1815],[94.5937,27.1457],[94.5448,27.077],[94.3965,26.9505],[94.3047,26.9093],[94.2084,26.9271],[94.0004,26.8667],[93.9637,26.9244],[94.1885,27.0041],[94.2344,27.0715],[94.3124,27.0715],[94.5066,27.121],[94.5631,27.1815]]]},"properties":{"name":"Majuli","state":"Assam","warning":"YELLOW","category":"Lowest band, 39-68 mm/24h observed","maxMm24h":47.7}},{"type":"Feature","geometry":{"type":"Polygon","coordinates":[[[93.3979,26.9574],[93.4713,26.9368],[93.6655,26.9684],[93.6976,26.9945],[93.7802,26.8859],[93.7695,26.8447],[93.6487,26.7883],[93.6502,26.7058],[93.5049,26.7567],[93.3964,26.7512],[93.3062,26.6976],[93.1441,26.5945],[93.0676,26.7471],[93.0615,26.9216],[93.3979,26.9574]]]},"properties":{"name":"Biswanath","state":"Assam","warning":"YELLOW","category":"Lowest band, 39-68 mm/24h observed","maxMm24h":62.5}},{"type":"Feature","geometry":{"type":"Polygon","coordinates":[[[92.7526,26.0542],[92.7037,26.1257],[92.8015,26.2013],[92.9391,26.2027],[92.9315,26.1518],[93.1089,26.0775],[93.1823,25.903],[93.2404,25.8466],[93.2266,25.727],[93.1425,25.7187],[93.0645,25.7751],[92.982,25.8755],[92.8688,25.8686],[92.7633,25.9607],[92.7526,26.0542]]]},"properties":{"name":"Hojai","state":"Assam","warning":"YELLOW","category":"Lowest band, 39-68 mm/24h observed","maxMm24h":50.0}},{"type":"Feature","geometry":{"type":"Polygon","coordinates":[[[93.297,26.5752],[93.4575,26.5766],[93.4958,26.611],[93.7007,26.6068],[93.794,26.4405],[93.8934,26.3717],[93.7863,26.0542],[93.7756,25.9689],[93.6808,25.9043],[93.7022,25.8521],[93.5432,25.7311],[93.5126,25.6747],[93.427,25.6321],[93.3291,25.5428],[93.2083,25.5428],[93.1425,25.7187],[93.2266,25.727],[93.2404,25.8466],[93.1823,25.903],[93.1089,26.0775],[92.9315,26.1518],[92.9391,26.2027],[92.8015,26.2013],[92.8138,26.2631],[92.9422,26.3305],[93.0126,26.5078],[93.1915,26.567],[93.297,26.5752]]]},"properties":{"name":"Karbi Anglong","state":"Assam","warning":"ORANGE","category":"Middle band, 69-122 mm/24h observed","maxMm24h":107.4}},{"type":"Feature","geometry":{"type":"Polygon","coordinates":[[[92.3948,26.1133],[92.5293,26.1504],[92.5951,26.0803],[92.5461,25.9717],[92.6547,26.0006],[92.7526,26.0542],[92.7633,25.9607],[92.8688,25.8686],[92.982,25.8755],[93.0645,25.7751],[93.0187,25.8012],[92.8214,25.7407],[92.7342,25.5936],[92.6608,25.5716],[92.5844,25.551],[92.5049,25.617],[92.4437,25.7201],[92.225,25.716],[92.1516,25.672],[92.1516,25.8163],[92.2021,25.9071],[92.1639,25.9703],[92.274,26.0652],[92.3948,26.1133]]]},"properties":{"name":"West Karbi Anglong","state":"Assam","warning":"YELLOW","category":"Lowest band, 39-68 mm/24h observed","maxMm24h":50.2}},{"type":"Feature","geometry":{"type":"Polygon","coordinates":[[[93.456,28.2717],[93.612,28.2717],[93.6793,28.3225],[93.8398,28.2373],[93.8918,28.1287],[93.8551,28.0819],[93.9622,27.9788],[93.8903,27.8207],[93.768,27.7891],[93.768,27.73],[93.5768,27.6173],[93.5432,27.6214],[93.5141,27.6503],[93.5095,27.7424],[93.5921,27.8331],[93.6181,27.9541],[93.5707,28.0572],[93.4606,28.1136],[93.456,28.2717]]]},"properties":{"name":"Kra Daadi","state":"Arunachal Pradesh","warning":"ORANGE","category":"Middle band, 69-122 mm/24h observed","maxMm24h":76.6}},{"type":"Feature","geometry":{"type":"Polygon","coordinates":[[[95.369,27.11],[95.3767,27.0962],[95.3675,26.9354],[95.496,26.8172],[95.4271,26.6976],[95.3033,26.6508],[95.2345,26.6824],[95.2023,26.846],[95.2299,26.923],[95.1962,27.0344],[95.2589,27.0303],[95.369,27.11]]]},"properties":{"name":"Longding","state":"Arunachal Pradesh","warning":"YELLOW","category":"Lowest band, 39-68 mm/24h observed","maxMm24h":43.1}},{"type":"Feature","geometry":{"type":"Polygon","coordinates":[[[93.9423,24.7193],[93.9454,24.8306],[93.9148,24.9104],[94.0279,24.964],[94.1197,24.92],[94.0677,24.7454],[94.0799,24.689],[93.9729,24.6657],[93.9423,24.7193]]]},"properties":{"name":"Imphal East","state":"Manipur","warning":"YELLOW","category":"Lowest band, 39-68 mm/24h observed","maxMm24h":66.5}},{"type":"Feature","geometry":{"type":"Polygon","coordinates":[[[93.1746,24.7977],[93.2144,24.6973],[93.2175,24.5942],[93.1777,24.5364],[93.0875,24.5722],[93.086,24.7097],[93.1089,24.8114],[93.1746,24.7977]]]},"properties":{"name":"Jiribam","state":"Manipur","warning":"RED","category":"Highest band, >= 123 mm/24h observed","maxMm24h":139.7}},{"type":"Feature","geometry":{"type":"Polygon","coordinates":[[[94.1671,24.9269],[94.1396,24.8705],[94.187,24.7165],[94.1732,24.6313],[94.1197,24.6258],[94.0799,24.689],[94.0677,24.7454],[94.1197,24.92],[94.0279,24.964],[93.9148,24.9104],[93.8781,24.9874],[93.8062,24.865],[93.7695,24.7344],[93.7374,24.6244],[93.7267,24.7468],[93.7573,24.7922],[93.7588,24.9076],[93.8169,25.0231],[93.7726,25.1537],[93.9025,25.2719],[93.9209,25.3957],[93.9882,25.375],[93.9714,25.2926],[93.9973,25.1922],[94.0723,25.1702],[94.2145,25.1757],[94.1319,25.118],[94.1671,24.9269]]]},"properties":{"name":"Kangpokpi","state":"Manipur","warning":"ORANGE","category":"Middle band, 69-122 mm/24h observed","maxMm24h":117.4}},{"type":"Feature","geometry":{"type":"Polygon","coordinates":[[[93.9132,24.5543],[93.8888,24.6162],[93.9423,24.7193],[93.9729,24.6657],[94.0799,24.689],[94.1197,24.6258],[94.0784,24.5433],[94.0233,24.52],[93.9132,24.5543]]]},"properties":{"name":"Thoubal","state":"Manipur","warning":"YELLOW","category":"Lowest band, 39-68 mm/24h observed","maxMm24h":44.3}},{"type":"Feature","geometry":{"type":"Polygon","coordinates":[[[94.1732,24.6313],[94.2818,24.6011],[94.3751,24.4938],[94.4072,24.4375],[94.291,24.2326],[94.2527,24.1144],[94.1961,24.1336],[94.2114,24.245],[94.1533,24.3014],[94.1472,24.3825],[94.0386,24.4485],[94.0233,24.52],[94.0784,24.5433],[94.1197,24.6258],[94.1732,24.6313]]]},"properties":{"name":"Tengnoupal","state":"Manipur","warning":"YELLOW","category":"Lowest band, 39-68 mm/24h observed","maxMm24h":58.5}},{"type":"Feature","geometry":{"type":"Polygon","coordinates":[[[94.6534,25.1152],[94.531,25.0341],[94.3322,24.986],[94.1671,24.9269],[94.1319,25.118],[94.2145,25.1757],[94.3781,25.3572],[94.3796,25.408],[94.4882,25.6046],[94.5509,25.5799],[94.554,25.5043],[94.6748,25.4452],[94.5754,25.2142],[94.6534,25.1152]]]},"properties":{"name":"Ukhrul","state":"Manipur","warning":"RED","category":"Highest band, >= 123 mm/24h observed","maxMm24h":134.0}},{"type":"Feature","geometry":{"type":"Polygon","coordinates":[[[93.2144,24.6973],[93.2786,24.6588],[93.4071,24.8251],[93.7573,24.7922],[93.7267,24.7468],[93.7374,24.6244],[93.7343,24.6176],[93.5676,24.5928],[93.4484,24.5406],[93.3887,24.5681],[93.2817,24.5681],[93.1777,24.5364],[93.2175,24.5942],[93.2144,24.6973]]]},"properties":{"name":"Noney","state":"Manipur","warning":"RED","category":"Highest band, >= 123 mm/24h observed","maxMm24h":142.8}},{"type":"Feature","geometry":{"type":"Polygon","coordinates":[[[93.2068,24.047],[92.9759,24.1158],[93.0233,24.234],[93.0095,24.4127],[93.0493,24.5447],[93.0875,24.5722],[93.1777,24.5364],[93.2817,24.5681],[93.3887,24.5681],[93.3658,24.3839],[93.4912,24.366],[93.479,24.2491],[93.3948,24.1859],[93.378,24.0883],[93.2526,24.0209],[93.2068,24.047]]]},"properties":{"name":"Pherzawl","state":"Manipur","warning":"RED","category":"Highest band, >= 123 mm/24h observed","maxMm24h":133.5}},{"type":"Feature","geometry":{"type":"Polygon","coordinates":[[[94.3185,27.7726],[94.5953,27.8702],[94.7176,27.8249],[94.7466,27.7726],[94.9011,27.8235],[94.9561,27.9802],[94.8935,28.016],[94.9286,28.0517],[95.0678,28.0228],[95.1366,27.8152],[94.8522,27.7273],[94.4622,27.5554],[94.3644,27.5747],[94.2374,27.6324],[94.213,27.6063],[94.2451,27.6489],[94.3536,27.7231],[94.3185,27.7726]]]},"properties":{"name":"Lower Siang","state":"Arunachal Pradesh","warning":"YELLOW","category":"Lowest band, 39-68 mm/24h observed","maxMm24h":50.7}},{"type":"Feature","geometry":{"type":"Polygon","coordinates":[[[95.395,28.5301],[95.3537,28.7061],[95.3935,28.7418],[95.3232,28.8436],[95.3277,28.9288],[95.2452,29.0017],[95.2696,29.0498],[95.4547,29.0346],[95.5388,29.212],[95.5877,29.2161],[95.7039,29.2986],[95.8828,29.3893],[95.9578,29.3811],[96.0893,29.4594],[96.1764,29.3618],[96.2437,29.2326],[96.3936,29.2532],[96.3462,29.168],[96.2177,29.135],[96.1504,29.0498],[96.2483,28.9398],[96.3462,29.0291],[96.4364,29.0346],[96.519,28.9673],[96.5373,28.8807],[96.6077,28.7941],[96.5847,28.7171],[96.4716,28.6841],[96.493,28.6332],[96.3263,28.5109],[96.256,28.537],[96.103,28.4889],[96.0143,28.5081],[95.9486,28.482],[95.9455,28.4023],[95.8507,28.3665],[95.8324,28.2744],[95.6764,28.3624],[95.5739,28.3706],[95.5801,28.4627],[95.395,28.5301]]]},"properties":{"name":"Upper Dibang Valley","state":"Arunachal Pradesh","warning":"YELLOW","category":"Lowest band, 39-68 mm/24h observed","maxMm24h":62.6}},{"type":"Feature","geometry":{"type":"Polygon","coordinates":[[[94.5953,27.8702],[94.4852,28.0215],[94.6029,28.0613],[94.8201,27.9857],[94.8935,28.016],[94.9561,27.9802],[94.9011,27.8235],[94.7466,27.7726],[94.7176,27.8249],[94.5953,27.8702]]]},"properties":{"name":"Lepa Rada","state":"Arunachal Pradesh","warning":"YELLOW","category":"Lowest band, 39-68 mm/24h observed","maxMm24h":39.0}},{"type":"Feature","geometry":{"type":"Polygon","coordinates":[[[93.9622,27.9788],[94.0677,27.939],[94.0738,27.8496],[94.1487,27.8661],[94.1931,27.8111],[94.3185,27.7726],[94.3536,27.7231],[94.2451,27.6489],[94.213,27.6063],[94.2665,27.5197],[94.2191,27.5045],[94.1059,27.4935],[93.9423,27.5114],[94.0723,27.5155],[94.0524,27.6076],[93.9408,27.6379],[93.8903,27.8207],[93.9622,27.9788]]]},"properties":{"name":"Kamle","state":"Arunachal Pradesh","warning":"YELLOW","category":"Lowest band, 39-68 mm/24h observed","maxMm24h":41.2}},{"type":"Feature","geometry":{"type":"Polygon","coordinates":[[[81.2822,27.6819],[81.3051,27.9073],[81.195,28.0077],[81.1965,28.1026],[81.0405,28.2854],[81.0528,28.405],[81.2133,28.3583],[81.2332,28.2895],[81.3204,28.1974],[81.4259,28.1713],[81.4779,28.0833],[81.7424,27.9527],[81.6767,27.8661],[81.6446,27.7754],[81.6966,27.7273],[81.6813,27.5719],[81.7761,27.5252],[81.903,27.5128],[81.981,27.4344],[81.8143,27.2653],[81.7424,27.3258],[81.6644,27.2337],[81.6415,27.1581],[81.5146,27.0839],[81.4366,27.1787],[81.4121,27.3341],[81.2653,27.5912],[81.2822,27.6819]]]},"properties":{"name":"Bahraich","state":"Uttar Pradesh","warning":"YELLOW","category":"Lowest band, 39-68 mm/24h observed","maxMm24h":59.7}},{"type":"Feature","geometry":{"type":"Polygon","coordinates":[[[88.4831,27.3753],[88.4143,27.4193],[88.3562,27.521],[88.2812,27.5128],[88.2094,27.5815],[88.1146,27.6186],[88.1971,27.7891],[88.2048,27.9417],[88.4678,28.0173],[88.4953,28.0544],[88.6192,28.0984],[88.7568,28.0764],[88.844,27.9926],[88.8363,27.9293],[88.8883,27.8565],[88.8562,27.8166],[88.8486,27.6681],[88.7645,27.565],[88.7935,27.4166],[88.4831,27.3753]]]},"properties":{"name":"North Sikkim","state":"Sikkim","warning":"YELLOW","category":"Lowest band, 39-68 mm/24h observed","maxMm24h":40.4}},{"type":"Feature","geometry":{"type":"Polygon","coordinates":[[[81.981,27.4344],[81.903,27.5128],[81.7761,27.5252],[81.6813,27.5719],[81.6966,27.7273],[81.6446,27.7754],[81.6767,27.8661],[81.7424,27.9527],[81.8847,27.8565],[81.9611,27.9238],[82.0697,27.9238],[82.1217,27.8661],[82.2073,27.8441],[82.1247,27.7355],[82.085,27.6338],[82.0223,27.5802],[82.0743,27.4014],[81.981,27.4344]]]},"properties":{"name":"Shrawasti","state":"Uttar Pradesh","warning":"YELLOW","category":"Lowest band, 39-68 mm/24h observed","maxMm24h":59.7}},{"type":"Feature","geometry":{"type":"Polygon","coordinates":[[[88.1146,27.6186],[88.2094,27.5815],[88.2812,27.5128],[88.2751,27.4056],[88.3027,27.2282],[88.2812,27.132],[88.1543,27.11],[88.0962,27.1334],[88.0381,27.22],[88.0442,27.4784],[88.1146,27.6186]]]},"properties":{"name":"West Sikkim","state":"Sikkim","warning":"YELLOW","category":"Lowest band, 39-68 mm/24h observed","maxMm24h":56.0}},{"type":"Feature","geometry":{"type":"Polygon","coordinates":[[[88.4831,27.3753],[88.7935,27.4166],[88.9189,27.3203],[88.9036,27.2722],[88.8027,27.2475],[88.792,27.1856],[88.7216,27.1389],[88.5978,27.1883],[88.532,27.176],[88.4387,27.264],[88.4831,27.3753]]]},"properties":{"name":"East Sikkim","state":"Sikkim","warning":"YELLOW","category":"Lowest band, 39-68 mm/24h observed","maxMm24h":67.5}},{"type":"Feature","geometry":{"type":"Polygon","coordinates":[[[84.5026,26.6027],[84.4185,26.6316],[84.3298,26.6838],[84.2595,26.8048],[84.0607,26.8873],[84.05,27.044],[83.9643,27.0839],[83.9934,27.1746],[83.9078,27.275],[83.8619,27.3354],[83.8313,27.4276],[84.0163,27.4372],[84.0974,27.5169],[84.258,27.4509],[84.2794,27.3946],[84.6204,27.3396],[84.6892,27.2213],[84.6418,27.0481],[84.758,27.0028],[84.6785,26.9134],[84.7442,26.8158],[84.7274,26.7429],[84.5439,26.6536],[84.5026,26.6027]]]},"properties":{"name":"West Champaran","state":"Bihar","warning":"YELLOW","category":"Lowest band, 39-68 mm/24h observed","maxMm24h":55.0}},{"type":"Feature","geometry":{"type":"Polygon","coordinates":[[[83.1478,27.1141],[83.1202,27.1004],[82.9046,27.0041],[82.793,27.0481],[82.7639,27.1114],[82.585,27.1045],[82.559,27.0825],[82.4566,27.1512],[82.5116,27.2117],[82.4933,27.3588],[82.5774,27.4221],[82.715,27.4014],[82.7318,27.4867],[82.9291,27.5004],[83.0346,27.4482],[83.189,27.4537],[83.2915,27.3354],[83.1661,27.2255],[83.1478,27.1141]]]},"properties":{"name":"Siddharthnagar","state":"Uttar Pradesh","warning":"YELLOW","category":"Lowest band, 39-68 mm/24h observed","maxMm24h":51.4}},{"type":"Feature","geometry":{"type":"Polygon","coordinates":[[[83.8619,27.3354],[83.9078,27.275],[83.8175,27.2406],[83.8007,27.11],[83.7243,26.9519],[83.6249,26.956],[83.5453,26.8887],[83.4383,26.9588],[83.3236,26.9684],[83.3894,27.0825],[83.2227,27.0907],[83.1478,27.1141],[83.1661,27.2255],[83.2915,27.3354],[83.3435,27.3354],[83.4093,27.4138],[83.3955,27.4798],[83.6142,27.4688],[83.8313,27.3698],[83.8619,27.3354]]]},"properties":{"name":"Maharajganj","state":"Uttar Pradesh","warning":"YELLOW","category":"Lowest band, 39-68 mm/24h observed","maxMm24h":47.2}},{"type":"Feature","geometry":{"type":"Polygon","coordinates":[[[88.0381,27.22],[88.0962,27.1334],[88.1543,27.11],[88.2812,27.132],[88.425,27.0715],[88.4235,26.956],[88.4785,26.8804],[88.4311,26.8199],[88.4495,26.7031],[88.4005,26.6439],[88.3332,26.4968],[88.24,26.4584],[88.11,26.5477],[88.1604,26.6371],[88.1864,26.7718],[88.1207,26.9505],[87.9922,27.1086],[88.0381,27.22]]]},"properties":{"name":"Darjeeling","state":"West Bengal","warning":"YELLOW","category":"Lowest band, 39-68 mm/24h observed","maxMm24h":56.0}},{"type":"Feature","geometry":{"type":"Polygon","coordinates":[[[83.9078,27.275],[83.9934,27.1746],[83.9643,27.0839],[84.05,27.044],[84.0607,26.8873],[84.2595,26.8048],[84.3298,26.6838],[84.4185,26.6316],[84.2809,26.6],[84.1127,26.6302],[84.0515,26.5518],[83.8405,26.7594],[83.7701,26.7003],[83.6279,26.6618],[83.6218,26.7539],[83.5239,26.8529],[83.5453,26.8887],[83.6249,26.956],[83.7243,26.9519],[83.8007,27.11],[83.8175,27.2406],[83.9078,27.275]]]},"properties":{"name":"Kushinagar","state":"Uttar Pradesh","warning":"YELLOW","category":"Lowest band, 39-68 mm/24h observed","maxMm24h":53.4}},{"type":"Feature","geometry":{"type":"Polygon","coordinates":[[[88.4005,26.6439],[88.4495,26.7031],[88.4311,26.8199],[88.4785,26.8804],[88.6024,26.8804],[88.6635,26.9258],[88.7599,26.9258],[88.7889,26.9918],[88.8685,26.9656],[88.9204,26.9945],[89.0887,26.8887],[89.0902,26.8405],[89.0428,26.6316],[89.1055,26.5931],[89.1192,26.5243],[88.9617,26.5381],[88.9266,26.4529],[88.7599,26.3291],[88.7018,26.3869],[88.5305,26.479],[88.4204,26.5628],[88.4005,26.6439]]]},"properties":{"name":"Jalpaiguri","state":"West Bengal","warning":"YELLOW","category":"Lowest band, 39-68 mm/24h observed","maxMm24h":44.0}},{"type":"Feature","geometry":{"type":"Polygon","coordinates":[[[82.559,27.0825],[82.585,27.1045],[82.7639,27.1114],[82.793,27.0481],[82.9046,27.0041],[82.8694,26.9395],[82.8863,26.7787],[82.978,26.7072],[82.8939,26.6096],[82.819,26.5683],[82.7119,26.5546],[82.663,26.6041],[82.5774,26.6041],[82.4734,26.6522],[82.3923,26.6522],[82.2822,26.7374],[82.2287,26.8117],[82.2302,26.868],[82.3159,26.978],[82.4887,26.9038],[82.5621,26.9643],[82.559,27.0825]]]},"properties":{"name":"Basti","state":"Uttar Pradesh","warning":"YELLOW","category":"Lowest band, 39-68 mm/24h observed","maxMm24h":43.4}},{"type":"Feature","geometry":{"type":"Polygon","coordinates":[[[84.5026,26.6027],[84.5439,26.6536],[84.7274,26.7429],[84.7442,26.8158],[84.6785,26.9134],[84.758,27.0028],[84.8237,27.0206],[84.9614,26.9601],[85.0302,26.8749],[85.1923,26.8694],[85.1785,26.7979],[85.255,26.7539],[85.2657,26.6467],[85.2611,26.5876],[85.1785,26.4872],[85.2902,26.3539],[85.2871,26.3525],[85.281,26.3497],[85.1999,26.2851],[85.0455,26.3415],[84.9017,26.3264],[84.865,26.2604],[84.651,26.4666],[84.5913,26.4377],[84.5103,26.5326],[84.5026,26.6027]]]},"properties":{"name":"East Champaran","state":"Bihar","warning":"ORANGE","category":"Middle band, 69-122 mm/24h observed","maxMm24h":112.1}},{"type":"Feature","geometry":{"type":"Polygon","coordinates":[[[70.1405,26.1559],[70.3622,26.1422],[70.431,26.1752],[70.6543,26.1958],[70.7415,26.1408],[70.8669,26.1312],[70.9403,26.0789],[71.0504,26.1394],[71.0106,26.2796],[71.0748,26.3223],[71.1406,26.3085],[71.2124,26.4432],[71.2828,26.4666],[71.3271,26.4212],[71.4357,26.4968],[71.4877,26.457],[71.5733,26.5065],[71.6345,26.4047],[71.7874,26.347],[71.8379,26.3745],[71.8929,26.2975],[72.0642,26.3511],[72.2676,26.1972],[72.3425,26.2453],[72.4113,26.237],[72.4587,26.3003],[72.5948,26.2783],[72.6896,26.1862],[72.6942,26.0377],[72.6208,25.9744],[72.8349,25.8645],[72.7783,25.804],[72.76,25.7242],[72.6866,25.6692],[72.6759,25.6129],[72.5902,25.6088],[72.5612,25.5304],[72.422,25.4397],[72.3364,25.4397],[72.3211,25.3888],[72.0321,25.474],[71.9159,25.3462],[71.9465,25.3159],[71.8455,25.1991],[71.7905,25.0781],[71.737,25.0685],[71.6819,24.986],[71.6345,25.0341],[71.555,24.9819],[71.5045,25.0094],[71.3394,24.9393],[71.3271,24.843],[71.188,24.6506],[71.1115,24.6753],[70.9372,24.9393],[70.8883,25.1482],[70.7506,25.2774],[70.665,25.397],[70.6742,25.6761],[70.6084,25.7146],[70.5304,25.683],[70.3867,25.6734],[70.2689,25.7132],[70.0992,25.9387],[70.0839,26.083],[70.1405,26.1559]]]},"properties":{"name":"Barmer","state":"Rajasthan","warning":"YELLOW","category":"Lowest band, 39-68 mm/24h observed","maxMm24h":60.5}},{"type":"Feature","geometry":{"type":"Polygon","coordinates":[[[85.2657,26.6467],[85.255,26.7539],[85.3345,26.7416],[85.544,26.8378],[85.6434,26.8529],[85.729,26.8089],[85.7229,26.6742],[85.8162,26.6],[85.8254,26.5408],[85.7673,26.4364],[85.7061,26.4446],[85.7046,26.303],[85.5042,26.3814],[85.4614,26.3016],[85.3758,26.3374],[85.3605,26.5065],[85.4018,26.5147],[85.3177,26.6618],[85.2657,26.6467]]]},"properties":{"name":"Sitamarhi","state":"Bihar","warning":"RED","category":"Highest band, >= 123 mm/24h observed","maxMm24h":123.7}},{"type":"Feature","geometry":{"type":"Polygon","coordinates":[[[85.2902,26.3539],[85.1785,26.4872],[85.2611,26.5876],[85.2657,26.6467],[85.3177,26.6618],[85.4018,26.5147],[85.3605,26.5065],[85.3758,26.3374],[85.2902,26.3539]]]},"properties":{"name":"Sheohar","state":"Bihar","warning":"YELLOW","category":"Lowest band, 39-68 mm/24h observed","maxMm24h":49.6}},{"type":"Feature","geometry":{"type":"Polygon","coordinates":[[[84.4185,26.6316],[84.5026,26.6027],[84.5103,26.5326],[84.5913,26.4377],[84.651,26.4666],[84.865,26.2604],[84.8972,26.215],[84.7656,26.2095],[84.654,26.2989],[84.3635,26.369],[84.2671,26.3099],[84.157,26.3759],[83.9078,26.4474],[83.9154,26.5023],[84.0515,26.5518],[84.1127,26.6302],[84.2809,26.6],[84.4185,26.6316]]]},"properties":{"name":"Gopalganj","state":"Bihar","warning":"YELLOW","category":"Lowest band, 39-68 mm/24h observed","maxMm24h":53.4}},{"type":"Feature","geometry":{"type":"Polygon","coordinates":[[[83.1325,26.3855],[83.2288,26.3951],[83.3374,26.3497],[83.4184,26.2741],[83.4674,26.2755],[83.4093,26.1683],[83.4184,26.1105],[83.319,26.0487],[83.2961,25.9456],[83.3481,25.8191],[83.2181,25.7586],[83.1875,25.6775],[83.0667,25.6527],[82.9826,25.6802],[82.8985,25.7751],[82.8251,25.7696],[82.7548,25.837],[82.7731,25.8961],[82.6783,26.1518],[82.6783,26.2563],[82.822,26.1875],[82.8863,26.2453],[82.8817,26.3827],[82.9352,26.4102],[83.0637,26.2796],[83.1095,26.2838],[83.1325,26.3855]]]},"properties":{"name":"Azamgarh","state":"Uttar Pradesh","warning":"YELLOW","category":"Lowest band, 39-68 mm/24h observed","maxMm24h":42.1}},{"type":"Feature","geometry":{"type":"Polygon","coordinates":[[[82.4336,26.0061],[82.4352,26.0982],[82.5789,26.1862],[82.6783,26.1518],[82.7731,25.8961],[82.7548,25.837],[82.8251,25.7696],[82.8985,25.7751],[82.9826,25.6802],[83.0667,25.6527],[83.0713,25.5483],[83.0208,25.5771],[82.9413,25.5318],[82.874,25.5661],[82.7395,25.5469],[82.6936,25.3943],[82.6202,25.3943],[82.5162,25.441],[82.4428,25.518],[82.3296,25.5331],[82.2241,25.5895],[82.1507,25.6734],[82.1874,25.7077],[82.218,25.8397],[82.2792,25.8425],[82.3541,25.9043],[82.3694,25.9827],[82.4336,26.0061]]]},"properties":{"name":"Jaunpur","state":"Uttar Pradesh","warning":"YELLOW","category":"Lowest band, 39-68 mm/24h observed","maxMm24h":45.6}},{"type":"Feature","geometry":{"type":"Polygon","coordinates":[[[81.1935,25.4479],[81.2607,25.5483],[81.2072,25.5978],[81.2271,25.7146],[81.3387,25.8108],[81.3923,25.7724],[81.3739,25.6954],[81.4687,25.6198],[81.6109,25.5978],[81.6706,25.5057],[81.6293,25.3503],[81.5498,25.2926],[81.4549,25.2582],[81.4014,25.3173],[81.1522,25.3957],[81.1935,25.4479]]]},"properties":{"name":"Kaushambi","state":"Uttar Pradesh","warning":"YELLOW","category":"Lowest band, 39-68 mm/24h observed","maxMm24h":53.3}},{"type":"Feature","geometry":{"type":"Polygon","coordinates":[[[82.1507,25.6734],[82.2241,25.5895],[82.3296,25.5331],[82.2991,25.3022],[82.2226,25.2774],[82.1981,25.2238],[82.2685,25.1826],[82.3251,25.0712],[82.2257,24.9296],[82.1507,24.8953],[82.0941,24.8169],[81.9428,24.8458],[81.8923,24.9887],[81.7929,25.0039],[81.6675,25.0616],[81.6262,25.1606],[81.5406,25.1881],[81.5498,25.2926],[81.6293,25.3503],[81.6706,25.5057],[81.6109,25.5978],[81.7516,25.6692],[81.7975,25.7504],[81.8862,25.7119],[82.0223,25.7435],[82.0636,25.6555],[82.1507,25.6734]]]},"properties":{"name":"Prayagraj","state":"Uttar Pradesh","warning":"YELLOW","category":"Lowest band, 39-68 mm/24h observed","maxMm24h":53.3}},{"type":"Feature","geometry":{"type":"Polygon","coordinates":[[[82.0941,24.8169],[82.1507,24.8953],[82.2257,24.9296],[82.3251,25.0712],[82.2685,25.1826],[82.3036,25.2692],[82.5177,25.2321],[82.6676,25.2554],[82.7762,25.2706],[82.7838,25.2032],[83.0055,25.206],[83.03,25.2431],[83.1585,25.1895],[83.1325,25.0602],[83.0621,25.063],[83.0606,24.9571],[82.9536,24.8361],[82.8068,24.8513],[82.6584,24.7812],[82.5453,24.8045],[82.5239,24.6767],[82.4183,24.6519],[82.4183,24.5942],[82.2975,24.6066],[82.2165,24.7935],[82.0941,24.8169]]]},"properties":{"name":"Mirzapur","state":"Uttar Pradesh","warning":"YELLOW","category":"Lowest band, 39-68 mm/24h observed","maxMm24h":46.0}},{"type":"Feature","geometry":{"type":"Polygon","coordinates":[[[81.5406,25.1881],[81.6262,25.1606],[81.6675,25.0616],[81.7929,25.0039],[81.8923,24.9887],[81.9428,24.8458],[82.0941,24.8169],[82.2165,24.7935],[82.2975,24.6066],[82.3036,24.5942],[82.1828,24.6024],[81.8663,24.5241],[81.7914,24.5296],[81.5039,24.4237],[81.3051,24.322],[81.2913,24.3962],[81.1568,24.498],[81.1568,24.7069],[81.091,24.7743],[81.1201,24.9035],[81.1598,24.9131],[81.2638,25.0534],[81.2776,25.1661],[81.3923,25.1317],[81.4993,25.1482],[81.5406,25.1881]]]},"properties":{"name":"Rewa","state":"Madhya Pradesh","warning":"YELLOW","category":"Lowest band, 39-68 mm/24h observed","maxMm24h":41.5}},{"type":"Feature","geometry":{"type":"Polygon","coordinates":[[[83.0606,24.9571],[83.0866,24.7812],[83.186,24.7193],[83.29,24.7207],[83.3955,24.7812],[83.4888,24.7358],[83.5301,24.6437],[83.5239,24.5502],[83.5025,24.5255],[83.4001,24.498],[83.3802,24.3137],[83.4093,24.267],[83.3297,24.102],[83.2074,23.9219],[83.0912,23.8711],[82.9474,23.8711],[82.8129,23.9618],[82.6645,24.1281],[82.7441,24.1653],[82.7701,24.3701],[82.7135,24.3797],[82.7441,24.4966],[82.7976,24.5763],[82.7731,24.6423],[82.7074,24.6368],[82.6707,24.6973],[82.5239,24.6767],[82.5453,24.8045],[82.6584,24.7812],[82.8068,24.8513],[82.9536,24.8361],[83.0606,24.9571]]]},"properties":{"name":"Sonbhadra","state":"Uttar Pradesh","warning":"ORANGE","category":"Middle band, 69-122 mm/24h observed","maxMm24h":97.6}},{"type":"Feature","geometry":{"type":"Polygon","coordinates":[[[86.0547,24.7798],[86.1281,24.6987],[86.1327,24.6038],[86.3009,24.5612],[86.2765,24.4663],[86.3499,24.4471],[86.4523,24.3729],[86.515,24.223],[86.4844,24.1529],[86.5701,24.1419],[86.4814,24.0223],[86.3789,24.0594],[86.2933,23.9164],[86.223,23.9412],[86.1098,23.8876],[86.0716,23.9219],[85.9676,23.8944],[85.9141,23.9494],[85.8361,24.0718],[85.7107,24.102],[85.6816,24.1763],[85.8468,24.2189],[85.8498,24.2739],[85.8682,24.5268],[85.7734,24.6107],[85.8177,24.7234],[85.9018,24.766],[85.9324,24.7385],[86.0547,24.7798]]]},"properties":{"name":"Giridih","state":"Jharkhand","warning":"YELLOW","category":"Lowest band, 39-68 mm/24h observed","maxMm24h":49.7}},{"type":"Feature","geometry":{"type":"Polygon","coordinates":[[[87.0518,24.6272],[87.1221,24.6341],[87.2445,24.5859],[87.3072,24.5983],[87.3775,24.5048],[87.4203,24.5145],[87.5641,24.5241],[87.5824,24.2574],[87.639,24.2546],[87.6313,24.1639],[87.4402,23.9824],[87.3362,24.0347],[87.2337,24.025],[87.1359,24.0374],[87.0961,24.1075],[87.0105,24.146],[86.9738,24.1089],[86.934,24.1364],[87.0457,24.223],[87.0212,24.3069],[86.9616,24.3137],[86.8882,24.4471],[86.9126,24.5474],[86.9524,24.6313],[87.0518,24.6272]]]},"properties":{"name":"Dumka","state":"Jharkhand","warning":"YELLOW","category":"Lowest band, 39-68 mm/24h observed","maxMm24h":45.5}},{"type":"Feature","geometry":{"type":"Polygon","coordinates":[[[87.8898,24.5653],[87.9479,24.5172],[87.9785,24.4168],[87.9571,24.3412],[88.0167,24.311],[87.9846,24.19],[87.8989,24.1625],[87.8974,24.0443],[87.8607,24.025],[87.8439,23.9096],[87.8913,23.8394],[87.9662,23.8092],[87.9097,23.7185],[87.9586,23.6305],[87.9295,23.57],[87.8454,23.5507],[87.7078,23.6195],[87.5335,23.6085],[87.4463,23.614],[87.4096,23.6869],[87.2643,23.7487],[87.1542,23.7487],[87.0854,23.812],[87.1298,23.8532],[87.2337,23.8559],[87.2949,23.9013],[87.2337,24.025],[87.3362,24.0347],[87.4402,23.9824],[87.6313,24.1639],[87.639,24.2546],[87.7063,24.2601],[87.8011,24.3825],[87.7934,24.5832],[87.8898,24.5653]]]},"properties":{"name":"Birbhum","state":"West Bengal","warning":"ORANGE","category":"Middle band, 69-122 mm/24h observed","maxMm24h":73.4}},{"type":"Feature","geometry":{"type":"Polygon","coordinates":[[[86.4523,24.3729],[86.4997,24.5103],[86.6114,24.6079],[86.6527,24.5708],[86.7536,24.6176],[86.9126,24.5474],[86.8882,24.4471],[86.9616,24.3137],[87.0212,24.3069],[87.0457,24.223],[86.934,24.1364],[86.9738,24.1089],[86.9539,24.0415],[86.6802,24.1295],[86.5701,24.1419],[86.4844,24.1529],[86.515,24.223],[86.4523,24.3729]]]},"properties":{"name":"Deoghar","state":"Jharkhand","warning":"YELLOW","category":"Lowest band, 39-68 mm/24h observed","maxMm24h":39.4}},{"type":"Feature","geometry":{"type":"Polygon","coordinates":[[[83.8726,24.5323],[83.9368,24.5488],[84.0087,24.6423],[84.0928,24.5337],[84.2564,24.5268],[84.3268,24.4897],[84.3421,24.3935],[84.4598,24.3371],[84.4965,24.2876],[84.4476,24.2395],[84.5821,24.1419],[84.5546,24.0085],[84.5791,23.9879],[84.5668,23.9274],[84.469,23.9577],[84.3344,23.9096],[84.1371,23.9041],[84.0194,23.8023],[83.9368,23.8683],[83.8649,24.069],[83.9888,24.1062],[83.8175,24.289],[83.8726,24.5323]]]},"properties":{"name":"Palamu","state":"Jharkhand","warning":"YELLOW","category":"Lowest band, 39-68 mm/24h observed","maxMm24h":57.1}},{"type":"Feature","geometry":{"type":"Polygon","coordinates":[[[84.4965,24.2876],[84.5852,24.4003],[84.8023,24.5309],[84.888,24.4636],[84.9033,24.3729],[85.0287,24.4155],[85.0883,24.3701],[85.1005,24.3289],[85.2259,24.344],[85.3223,24.3096],[85.2718,24.2161],[85.1602,24.2299],[85.1693,24.0993],[85.2489,24.0347],[85.2015,23.9563],[85.0241,23.992],[85.021,23.8821],[85.0531,23.7116],[84.969,23.7157],[84.9384,23.7336],[84.9522,23.8766],[84.9339,23.9412],[84.6708,23.9989],[84.5791,23.9879],[84.5546,24.0085],[84.5821,24.1419],[84.4476,24.2395],[84.4965,24.2876]]]},"properties":{"name":"Chatra","state":"Jharkhand","warning":"ORANGE","category":"Middle band, 69-122 mm/24h observed","maxMm24h":75.1}},{"type":"Feature","geometry":{"type":"Polygon","coordinates":[[[83.5025,24.5255],[83.7181,24.5035],[83.8726,24.5323],[83.8175,24.289],[83.9888,24.1062],[83.8649,24.069],[83.9368,23.8683],[84.0194,23.8023],[84.0163,23.6346],[83.9384,23.5686],[83.7747,23.6099],[83.7059,23.8202],[83.5713,23.8628],[83.5148,23.981],[83.4322,24.0855],[83.3297,24.102],[83.4093,24.267],[83.3802,24.3137],[83.4001,24.498],[83.5025,24.5255]]]},"properties":{"name":"Garhwa","state":"Jharkhand","warning":"YELLOW","category":"Lowest band, 39-68 mm/24h observed","maxMm24h":57.1}},{"type":"Feature","geometry":{"type":"Polygon","coordinates":[[[71.3195,23.9838],[71.396,23.9659],[71.688,23.97],[71.714,23.8697],[71.8608,23.8463],[71.9618,23.9907],[72.2064,24.1144],[72.2263,24.0718],[72.3395,24.0374],[72.37,23.9714],[72.4863,23.9357],[72.3807,23.8669],[72.3288,23.8807],[72.3104,23.6745],[72.2905,23.6195],[72.1835,23.6415],[72.0719,23.5837],[72.0137,23.6291],[71.9694,23.526],[71.8624,23.471],[71.7721,23.4683],[71.6039,23.4971],[71.5336,23.4793],[71.4479,23.5356],[71.3761,23.6497],[71.2216,23.6566],[71.217,23.7295],[71.0809,23.5989],[71.0641,23.8381],[71.1008,23.9027],[71.3195,23.9838]]]},"properties":{"name":"Patan","state":"Gujarat","warning":"YELLOW","category":"Lowest band, 39-68 mm/24h observed","maxMm24h":67.6}},{"type":"Feature","geometry":{"type":"Polygon","coordinates":[[[72.4863,23.9357],[72.5841,23.9357],[72.6514,23.9934],[72.6529,24.0842],[72.7829,24.102],[72.867,24.025],[72.8181,23.9481],[72.789,23.8326],[72.8349,23.6717],[72.8319,23.5453],[72.7982,23.5013],[72.6239,23.5562],[72.5046,23.3844],[72.5214,23.35],[72.4129,23.2813],[72.4282,23.1438],[72.3364,23.1067],[72.2829,23.0806],[72.1881,23.1438],[72.1743,23.273],[72.2508,23.3322],[72.2982,23.4146],[72.1911,23.416],[72.1529,23.4518],[72.052,23.4435],[71.9893,23.4889],[71.9694,23.526],[72.0137,23.6291],[72.0719,23.5837],[72.1835,23.6415],[72.2905,23.6195],[72.3104,23.6745],[72.3288,23.8807],[72.3807,23.8669],[72.4863,23.9357]]]},"properties":{"name":"Mehsana","state":"Gujarat","warning":"YELLOW","category":"Lowest band, 39-68 mm/24h observed","maxMm24h":62.0}},{"type":"Feature","geometry":{"type":"Polygon","coordinates":[[[86.4814,24.0223],[86.5701,24.1419],[86.6802,24.1295],[86.9539,24.0415],[86.9738,24.1089],[87.0105,24.146],[87.0961,24.1075],[87.1359,24.0374],[87.2337,24.025],[87.2949,23.9013],[87.2337,23.8559],[87.1298,23.8532],[87.0854,23.812],[86.9157,23.8821],[86.801,23.8339],[86.5823,23.9824],[86.4814,24.0223]]]},"properties":{"name":"Jamtara","state":"Jharkhand","warning":"ORANGE","category":"Middle band, 69-122 mm/24h observed","maxMm24h":73.4}},{"type":"Feature","geometry":{"type":"Polygon","coordinates":[[[84.0194,23.8023],[84.1371,23.9041],[84.3344,23.9096],[84.469,23.9577],[84.5668,23.9274],[84.5791,23.9879],[84.6708,23.9989],[84.9339,23.9412],[84.9522,23.8766],[84.9384,23.7336],[84.969,23.7157],[84.9231,23.669],[84.9476,23.6085],[84.8849,23.559],[84.8574,23.5329],[84.6418,23.669],[84.469,23.658],[84.3879,23.6044],[84.3176,23.581],[84.3283,23.4944],[84.2457,23.4463],[84.2595,23.3817],[84.1922,23.3253],[84.0744,23.3335],[83.9628,23.3858],[84.0148,23.504],[84.0163,23.6346],[84.0194,23.8023]]]},"properties":{"name":"Latehar","state":"Jharkhand","warning":"ORANGE","category":"Middle band, 69-122 mm/24h observed","maxMm24h":96.8}},{"type":"Feature","geometry":{"type":"Polygon","coordinates":[[[85.6434,23.9549],[85.5822,23.8532],[85.6128,23.7982],[85.6143,23.6332],[85.755,23.6635],[85.885,23.4834],[85.859,23.4298],[85.7749,23.4614],[85.7137,23.4449],[85.6006,23.4889],[85.5287,23.5617],[85.385,23.5507],[85.2672,23.5782],[85.2045,23.6277],[85.2305,23.6841],[85.336,23.7047],[85.4232,23.6841],[85.4691,23.7652],[85.4262,23.7941],[85.6434,23.9549]]]},"properties":{"name":"Ramgarh","state":"Jharkhand","warning":"YELLOW","category":"Lowest band, 39-68 mm/24h observed","maxMm24h":42.3}},{"type":"Feature","geometry":{"type":"Polygon","coordinates":[[[87.9662,23.8092],[88.009,23.8449],[88.061,23.7226],[88.1773,23.7611],[88.1344,23.6649],[88.2568,23.6195],[88.3868,23.4971],[88.3256,23.3157],[88.4143,23.2098],[88.3608,23.1177],[88.1696,23.1562],[88.1467,23.0778],[88.0503,22.9898],[87.9402,22.9431],[87.8393,22.9362],[87.743,22.9651],[87.7124,23.0105],[87.7644,23.0751],[87.6451,23.1961],[87.5564,23.3129],[87.4494,23.4023],[87.4494,23.4806],[87.5335,23.6085],[87.7078,23.6195],[87.8454,23.5507],[87.9295,23.57],[87.9586,23.6305],[87.9097,23.7185],[87.9662,23.8092]]]},"properties":{"name":"Purba Bardhaman","state":"West Bengal","warning":"YELLOW","category":"Lowest band, 39-68 mm/24h observed","maxMm24h":55.0}},{"type":"Feature","geometry":{"type":"Polygon","coordinates":[[[82.2165,22.9445],[82.1232,23.104],[82.1997,23.3143],[82.1033,23.3982],[81.9856,23.4146],[81.9168,23.5343],[81.8204,23.515],[81.7577,23.5494],[81.6109,23.5123],[81.614,23.6635],[81.6966,23.7212],[81.6109,23.8367],[81.6033,23.8848],[81.6675,23.9247],[81.7256,23.8394],[81.8097,23.8078],[81.9214,23.8711],[82.007,23.8614],[82.0819,23.8161],[82.2088,23.8532],[82.2608,23.8216],[82.4979,23.7845],[82.6018,23.6759],[82.582,23.5453],[82.6416,23.5013],[82.6508,23.3844],[82.7486,23.3542],[82.7441,23.2689],[82.5774,23.1273],[82.6064,23.0242],[82.5728,22.961],[82.455,22.9665],[82.3847,22.9995],[82.2593,22.9376],[82.2165,22.9445]]]},"properties":{"name":"Koriya","state":"Chhattisgarh","warning":"YELLOW","category":"Lowest band, 39-68 mm/24h observed","maxMm24h":58.4}},{"type":"Feature","geometry":{"type":"Polygon","coordinates":[[[72.3364,23.1067],[72.4282,23.1438],[72.4129,23.2813],[72.5214,23.35],[72.5046,23.3844],[72.6239,23.5562],[72.7982,23.5013],[72.7936,23.427],[72.734,23.4037],[72.9481,23.2524],[73.0169,23.2785],[72.9817,23.2222],[73.0123,23.1603],[73.0077,23.1026],[72.9251,23.0806],[72.838,22.9967],[72.7661,23.0957],[72.6652,23.0943],[72.6086,23.1287],[72.4832,23.1438],[72.4496,23.06],[72.3364,23.1067]]]},"properties":{"name":"Gandhinagar","state":"Gujarat","warning":"YELLOW","category":"Lowest band, 39-68 mm/24h observed","maxMm24h":61.2}},{"type":"Feature","geometry":{"type":"Polygon","coordinates":[[[72.0611,22.1018],[72.1315,22.1994],[72.0596,22.2475],[71.8348,22.2667],[71.8624,22.3712],[71.9342,22.4537],[71.9128,22.5266],[72.0336,22.5073],[72.0841,22.4358],[72.1636,22.4798],[72.1498,22.5843],[72.0673,22.5912],[72.0566,22.796],[71.9893,22.8634],[72.0153,23.0572],[71.9189,23.0655],[71.9067,23.1768],[71.9877,23.2098],[71.8731,23.2785],[71.87,23.3817],[71.9556,23.3872],[71.9893,23.4889],[72.052,23.4435],[72.1529,23.4518],[72.1911,23.416],[72.2982,23.4146],[72.2508,23.3322],[72.1743,23.273],[72.1881,23.1438],[72.2829,23.0806],[72.3364,23.1067],[72.4496,23.06],[72.4832,23.1438],[72.6086,23.1287],[72.6652,23.0943],[72.7661,23.0957],[72.838,22.9967],[72.7906,22.9074],[72.6438,22.8977],[72.5214,22.796],[72.5092,22.6104],[72.4266,22.5705],[72.4389,22.5087],[72.3762,22.4729],[72.3762,22.3148],[72.3379,22.1774],[72.2447,21.9945],[72.1697,21.9945],[72.0611,22.1018]]]},"properties":{"name":"Ahmedabad","state":"Gujarat","warning":"ORANGE","category":"Middle band, 69-122 mm/24h observed","maxMm24h":90.0}},{"type":"Feature","geometry":{"type":"Polygon","coordinates":[[[86.6098,22.7988],[86.5594,22.7135],[86.4187,22.7905],[86.4355,22.9266],[86.5013,22.994],[86.2413,22.9967],[86.044,23.1452],[85.885,23.1672],[85.8193,23.2689],[85.8835,23.35],[85.859,23.4298],[85.885,23.4834],[86.0395,23.4985],[86.0823,23.5659],[86.1587,23.559],[86.1771,23.4696],[86.3101,23.4119],[86.3652,23.5315],[86.486,23.636],[86.7123,23.6992],[86.801,23.6992],[86.9019,23.6387],[86.8943,23.5123],[86.8515,23.3872],[86.7872,23.339],[86.7826,23.2607],[86.7169,23.1218],[86.7521,23.0888],[86.6894,22.9307],[86.7062,22.8799],[86.6098,22.7988]]]},"properties":{"name":"Purulia","state":"West Bengal","warning":"YELLOW","category":"Lowest band, 39-68 mm/24h observed","maxMm24h":54.1}},{"type":"Feature","geometry":{"type":"Polygon","coordinates":[[[84.969,23.7157],[85.0531,23.7116],[85.0761,23.6676],[85.2305,23.6841],[85.2045,23.6277],[85.2672,23.5782],[85.385,23.5507],[85.5287,23.5617],[85.6006,23.4889],[85.7137,23.4449],[85.7749,23.4614],[85.859,23.4298],[85.8835,23.35],[85.8193,23.2689],[85.885,23.1672],[85.8101,23.0765],[85.8575,22.9005],[85.729,22.9445],[85.5822,22.895],[85.5486,22.9307],[85.6556,23.005],[85.6143,23.115],[85.4828,23.1246],[85.385,23.1933],[85.2213,23.2084],[85.2275,23.2676],[85.0883,23.2428],[85.047,23.1947],[85.0547,23.1205],[84.943,23.0022],[84.9033,23.0558],[84.8895,23.1672],[84.9017,23.3267],[84.8849,23.4037],[84.9446,23.4985],[84.8849,23.559],[84.9476,23.6085],[84.9231,23.669],[84.969,23.7157]]]},"properties":{"name":"Ranchi","state":"Jharkhand","warning":"ORANGE","category":"Middle band, 69-122 mm/24h observed","maxMm24h":70.0}},{"type":"Feature","geometry":{"type":"Polygon","coordinates":[[[87.5228,22.928],[87.457,22.9129],[87.3576,22.9541],[87.2705,22.9032],[87.064,22.851],[87.0762,22.7259],[87.0151,22.6503],[86.8943,22.6517],[86.6955,22.7685],[86.6098,22.7988],[86.7062,22.8799],[86.6894,22.9307],[86.7521,23.0888],[86.7169,23.1218],[86.7826,23.2607],[86.7872,23.339],[86.8515,23.3872],[86.8943,23.5123],[86.9019,23.6387],[87.0151,23.6319],[87.2093,23.5576],[87.2781,23.4999],[87.4494,23.4023],[87.5564,23.3129],[87.6451,23.1961],[87.7644,23.0751],[87.7124,23.0105],[87.642,22.9816],[87.6313,22.8991],[87.5228,22.928]]]},"properties":{"name":"Bankura","state":"West Bengal","warning":"YELLOW","category":"Lowest band, 39-68 mm/24h observed","maxMm24h":51.0}},{"type":"Feature","geometry":{"type":"Polygon","coordinates":[[[84.3879,23.6044],[84.469,23.658],[84.6418,23.669],[84.8574,23.5329],[84.8849,23.559],[84.9446,23.4985],[84.8849,23.4037],[84.9017,23.3267],[84.7932,23.2785],[84.5913,23.3184],[84.5133,23.3844],[84.4415,23.405],[84.4751,23.4861],[84.4705,23.5796],[84.3879,23.6044]]]},"properties":{"name":"Lohardaga","state":"Jharkhand","warning":"ORANGE","category":"Middle band, 69-122 mm/24h observed","maxMm24h":96.8}},{"type":"Feature","geometry":{"type":"Polygon","coordinates":[[[84.0744,23.3335],[84.1922,23.3253],[84.2595,23.3817],[84.2457,23.4463],[84.3283,23.4944],[84.3176,23.581],[84.3879,23.6044],[84.4705,23.5796],[84.4751,23.4861],[84.4415,23.405],[84.5133,23.3844],[84.5913,23.3184],[84.7932,23.2785],[84.9017,23.3267],[84.8895,23.1672],[84.9033,23.0558],[84.943,23.0022],[84.9858,22.9197],[84.9797,22.785],[84.8574,22.7204],[84.7335,22.8015],[84.6953,22.741],[84.5577,22.7328],[84.5561,22.7878],[84.4491,22.8359],[84.4155,22.7644],[84.2931,22.7726],[84.3237,22.851],[84.3971,22.928],[84.3742,22.9789],[84.1784,22.9802],[84.0637,23.1136],[84.0377,23.1713],[84.0744,23.3335]]]},"properties":{"name":"Gumla","state":"Jharkhand","warning":"ORANGE","category":"Middle band, 69-122 mm/24h observed","maxMm24h":96.8}},{"type":"Feature","geometry":{"type":"Polygon","coordinates":[[[74.7418,22.5596],[74.6088,22.5582],[74.4421,22.5829],[74.3794,22.6352],[74.4023,22.7314],[74.465,22.8166],[74.4604,22.9074],[74.3932,22.8964],[74.3198,23.06],[74.3855,23.1122],[74.5063,23.0847],[74.7342,23.2208],[74.78,23.1521],[75.0064,23.1095],[75.0033,22.9129],[74.8947,22.7479],[74.7602,22.752],[74.7785,22.5788],[74.7418,22.5596]]]},"properties":{"name":"Jhabua","state":"Madhya Pradesh","warning":"YELLOW","category":"Lowest band, 39-68 mm/24h observed","maxMm24h":53.6}},{"type":"Feature","geometry":{"type":"Polygon","coordinates":[[[81.4748,22.4894],[81.328,22.5252],[81.2485,22.4592],[81.1935,22.4908],[81.1201,22.5939],[81.013,22.5912],[80.8677,22.7575],[80.8708,22.8483],[80.7301,22.8111],[80.5237,22.8716],[80.565,22.994],[80.5298,23.0833],[80.5038,23.2029],[80.5818,23.284],[80.5757,23.3514],[80.7011,23.3748],[80.75,23.3294],[80.7255,23.2607],[80.8647,23.2332],[80.9213,23.284],[81.0681,23.1947],[81.1262,23.2098],[81.2638,23.071],[81.2042,23.0036],[81.1996,22.9129],[81.429,22.8359],[81.4534,22.7699],[81.5941,22.7534],[81.692,22.7809],[81.7317,22.6764],[81.7287,22.6695],[81.6492,22.6145],[81.6216,22.5376],[81.4748,22.4894]]]},"properties":{"name":"Dindori","state":"Madhya Pradesh","warning":"YELLOW","category":"Lowest band, 39-68 mm/24h observed","maxMm24h":43.3}},{"type":"Feature","geometry":{"type":"Polygon","coordinates":[[[84.943,23.0022],[85.0547,23.1205],[85.047,23.1947],[85.0883,23.2428],[85.2275,23.2676],[85.2213,23.2084],[85.385,23.1933],[85.4828,23.1246],[85.6143,23.115],[85.6556,23.005],[85.5486,22.9307],[85.5822,22.895],[85.5165,22.807],[85.3406,22.8826],[85.2489,22.8345],[85.1571,22.8318],[85.073,22.5678],[85.0409,22.6819],[85.0485,22.7534],[84.9797,22.785],[84.9858,22.9197],[84.943,23.0022]]]},"properties":{"name":"Khunti","state":"Jharkhand","warning":"YELLOW","category":"Lowest band, 39-68 mm/24h observed","maxMm24h":47.8}},{"type":"Feature","geometry":{"type":"Polygon","coordinates":[[[74.5017,22.0454],[74.4711,22.1128],[74.5262,22.2365],[74.6485,22.2736],[74.6914,22.3685],[74.7418,22.5596],[74.7785,22.5788],[74.7602,22.752],[74.8947,22.7479],[75.0033,22.9129],[75.0064,23.1095],[75.1088,23.115],[75.2373,23.0861],[75.2419,23.1356],[75.3198,23.1081],[75.3351,23.0393],[75.3061,22.9321],[75.3718,22.8689],[75.4407,22.8675],[75.4391,22.774],[75.4911,22.763],[75.5293,22.6297],[75.6547,22.6379],[75.696,22.5953],[75.5569,22.5156],[75.5615,22.3767],[75.5186,22.3258],[75.5355,22.2337],[75.4911,22.154],[75.3168,22.1334],[75.1883,22.1045],[74.7785,22.0784],[74.6791,22.0358],[74.5629,22.0234],[74.5017,22.0454]]]},"properties":{"name":"Dhar","state":"Madhya Pradesh","warning":"YELLOW","category":"Lowest band, 39-68 mm/24h observed","maxMm24h":54.2}},{"type":"Feature","geometry":{"type":"Polygon","coordinates":[[[84.0118,22.5279],[84.0469,22.4688],[84.0102,22.3712],[83.8634,22.3437],[83.8023,22.2942],[83.738,22.3781],[83.6493,22.3918],[83.5759,22.4592],[83.4001,22.5541],[83.4093,22.6407],[83.6295,22.7121],[83.6463,22.8263],[83.5958,22.8496],[83.5041,22.9514],[83.5484,23.0311],[83.4995,23.0655],[83.5545,23.1699],[83.6249,23.2194],[83.7915,23.2511],[83.9261,23.1686],[84.0377,23.1713],[84.0637,23.1136],[84.1784,22.9802],[84.3742,22.9789],[84.3971,22.928],[84.3237,22.851],[84.2931,22.7726],[84.2381,22.6915],[84.1524,22.6365],[84.0836,22.6379],[84.0102,22.5733],[84.0118,22.5279]]]},"properties":{"name":"Jashpur","state":"Chhattisgarh","warning":"YELLOW","category":"Lowest band, 39-68 mm/24h observed","maxMm24h":54.9}},{"type":"Feature","geometry":{"type":"Polygon","coordinates":[[[76.0829,22.5376],[75.9942,22.4138],[75.8337,22.4083],[75.7603,22.363],[75.615,22.3382],[75.5615,22.3767],[75.5569,22.5156],[75.696,22.5953],[75.6547,22.6379],[75.5293,22.6297],[75.4911,22.763],[75.4391,22.774],[75.4407,22.8675],[75.4743,22.9857],[75.566,23.0861],[75.6257,23.082],[75.6716,23.0146],[75.8749,23.0393],[75.8979,23.0036],[76.0233,22.8592],[76.1028,22.7012],[76.19,22.6902],[76.2465,22.6434],[76.1196,22.6049],[76.0829,22.5376]]]},"properties":{"name":"Indore","state":"Madhya Pradesh","warning":"YELLOW","category":"Lowest band, 39-68 mm/24h observed","maxMm24h":41.4}},{"type":"Feature","geometry":{"type":"Polygon","coordinates":[[[86.067,22.5568],[85.963,22.4853],[85.9003,22.5252],[85.9141,22.6049],[85.8651,22.7121],[85.7244,22.6847],[85.7015,22.807],[85.6465,22.851],[85.5165,22.807],[85.5822,22.895],[85.729,22.9445],[85.8575,22.9005],[85.8101,23.0765],[85.885,23.1672],[86.044,23.1452],[86.2413,22.9967],[86.1878,22.9472],[86.1985,22.818],[86.1587,22.752],[86.1496,22.631],[86.067,22.5568]]]},"properties":{"name":"Saraikela-Kharsawan","state":"Jharkhand","warning":"YELLOW","category":"Lowest band, 39-68 mm/24h observed","maxMm24h":54.1}},{"type":"Feature","geometry":{"type":"Polygon","coordinates":[[[86.7276,22.2159],[86.5548,22.2983],[86.4967,22.3465],[86.4294,22.3162],[86.3591,22.3492],[86.2826,22.4482],[86.119,22.4867],[86.067,22.5568],[86.1496,22.631],[86.1587,22.752],[86.1985,22.818],[86.1878,22.9472],[86.2413,22.9967],[86.5013,22.994],[86.4355,22.9266],[86.4187,22.7905],[86.5594,22.7135],[86.642,22.6572],[86.6588,22.576],[86.7658,22.576],[86.801,22.4881],[86.7643,22.4262],[86.8453,22.4001],[86.8331,22.3258],[86.7276,22.2159]]]},"properties":{"name":"East Singhbhum","state":"Jharkhand","warning":"ORANGE","category":"Middle band, 69-122 mm/24h observed","maxMm24h":78.0}},{"type":"Feature","geometry":{"type":"Polygon","coordinates":[[[82.9367,22.1224],[82.8618,22.1719],[82.6691,22.0811],[82.6645,22.1884],[82.5942,22.2626],[82.4581,22.2145],[82.3511,22.3272],[82.2043,22.3121],[82.1828,22.4097],[82.1385,22.4551],[82.1568,22.5444],[82.2394,22.653],[82.1737,22.6709],[82.1339,22.8537],[82.2165,22.9445],[82.2593,22.9376],[82.3847,22.9995],[82.455,22.9665],[82.5728,22.961],[82.559,22.8565],[82.6508,22.8098],[82.7578,22.7974],[82.874,22.7465],[83.0132,22.6393],[83.1111,22.6709],[83.0866,22.4702],[83.1141,22.4221],[83.0805,22.3107],[83.03,22.2392],[83.03,22.1691],[82.9367,22.1224]]]},"properties":{"name":"Korba","state":"Chhattisgarh","warning":"YELLOW","category":"Lowest band, 39-68 mm/24h observed","maxMm24h":59.6}},{"type":"Feature","geometry":{"type":"Polygon","coordinates":[[[85.963,22.4853],[86.018,22.4262],[86.0287,22.3341],[85.9737,22.2475],[86.0318,22.1897],[86.0089,22.1155],[85.8972,21.9835],[85.7841,21.9849],[85.7489,22.0743],[85.6832,22.0578],[85.3972,22.1636],[85.2749,22.0825],[85.2382,22.0096],[85.1801,22.0729],[85.0287,22.1224],[85.0776,22.2571],[85.0699,22.4908],[85.073,22.5678],[85.1571,22.8318],[85.2489,22.8345],[85.3406,22.8826],[85.5165,22.807],[85.6465,22.851],[85.7015,22.807],[85.7244,22.6847],[85.8651,22.7121],[85.9141,22.6049],[85.9003,22.5252],[85.963,22.4853]]]},"properties":{"name":"West Singhbhum","state":"Jharkhand","warning":"YELLOW","category":"Lowest band, 39-68 mm/24h observed","maxMm24h":46.5}},{"type":"Feature","geometry":{"type":"Polygon","coordinates":[[[85.0883,24.3701],[85.2886,24.5227],[85.3314,24.5103],[85.4125,24.4072],[85.3972,24.3619],[85.5165,24.3179],[85.6419,24.3316],[85.8498,24.2739],[85.8468,24.2189],[85.6816,24.1763],[85.7107,24.102],[85.8361,24.0718],[85.9141,23.9494],[85.8345,23.8408],[85.7367,23.9508],[85.6434,23.9549],[85.4262,23.7941],[85.4691,23.7652],[85.4232,23.6841],[85.336,23.7047],[85.2305,23.6841],[85.0761,23.6676],[85.0531,23.7116],[85.021,23.8821],[85.0241,23.992],[85.2015,23.9563],[85.2489,24.0347],[85.1693,24.0993],[85.1602,24.2299],[85.2718,24.2161],[85.3223,24.3096],[85.2259,24.344],[85.1005,24.3289],[85.0883,24.3701]]]},"properties":{"name":"Hazaribagh","state":"Jharkhand","warning":"ORANGE","category":"Middle band, 69-122 mm/24h observed","maxMm24h":95.1}},{"type":"Feature","geometry":{"type":"Polygon","coordinates":[[[87.0793,25.9648],[87.0931,26.0597],[87.1175,26.1779],[87.0441,26.3168],[87.0808,26.4047],[87.0426,26.5601],[87.0915,26.4501],[87.1619,26.4047],[87.3683,26.4075],[87.4631,26.4405],[87.5885,26.3814],[87.6589,26.38],[87.6252,26.3456],[87.7063,26.1614],[87.6849,26.1023],[87.6344,26.0171],[87.5182,25.9744],[87.4708,25.9896],[87.272,25.9854],[87.1649,25.9428],[87.0793,25.9648]]]},"properties":{"name":"Araria","state":"Bihar","warning":"YELLOW","category":"Lowest band, 39-68 mm/24h observed","maxMm24h":52.0}},{"type":"Feature","geometry":{"type":"Polygon","coordinates":[[[82.4979,23.7845],[82.6355,23.8381],[82.6936,23.9192],[82.7716,23.8766],[82.7823,23.8175],[82.9092,23.7735],[83.0652,23.7693],[83.1982,23.6855],[83.1998,23.5947],[83.2793,23.5769],[83.3481,23.4696],[83.2074,23.3775],[83.2089,23.2456],[83.2456,23.2318],[83.1004,23.1287],[82.8312,23.016],[82.8526,22.9871],[82.7563,22.8441],[82.7578,22.7974],[82.6508,22.8098],[82.559,22.8565],[82.5728,22.961],[82.6064,23.0242],[82.5774,23.1273],[82.7441,23.2689],[82.7486,23.3542],[82.6508,23.3844],[82.6416,23.5013],[82.582,23.5453],[82.6018,23.6759],[82.4979,23.7845]]]},"properties":{"name":"Surajpur","state":"Chhattisgarh","warning":"ORANGE","category":"Middle band, 69-122 mm/24h observed","maxMm24h":112.2}},{"type":"Feature","geometry":{"type":"Polygon","coordinates":[[[83.4093,22.6407],[83.3511,22.73],[83.2181,22.7878],[83.1585,22.774],[83.1111,22.6709],[83.0132,22.6393],[82.874,22.7465],[82.7578,22.7974],[82.7563,22.8441],[82.8526,22.9871],[82.8312,23.016],[83.1004,23.1287],[83.2456,23.2318],[83.3542,23.1727],[83.3924,23.2703],[83.4765,23.2579],[83.5545,23.1699],[83.4995,23.0655],[83.5484,23.0311],[83.5041,22.9514],[83.5958,22.8496],[83.6463,22.8263],[83.6295,22.7121],[83.4093,22.6407]]]},"properties":{"name":"Surguja","state":"Chhattisgarh","warning":"ORANGE","category":"Middle band, 69-122 mm/24h observed","maxMm24h":82.8}},{"type":"Feature","geometry":{"type":"Polygon","coordinates":[[[73.3778,23.9041],[73.3686,23.8147],[73.4741,23.7047],[73.5231,23.6071],[73.572,23.6539],[73.6561,23.6209],[73.627,23.449],[73.6301,23.4133],[73.5246,23.2854],[73.4512,23.2827],[73.3411,23.2002],[73.3747,23.1713],[73.3258,23.082],[73.2723,23.0586],[73.2019,23.1466],[73.1209,23.1864],[73.0123,23.1603],[72.9817,23.2222],[73.0169,23.2785],[73.1025,23.3239],[73.2096,23.6099],[73.1255,23.7075],[73.1408,23.7762],[73.2249,23.8559],[73.2891,23.8326],[73.3778,23.9041]]]},"properties":{"name":"Aravalli","state":"Gujarat","warning":"YELLOW","category":"Lowest band, 39-68 mm/24h observed","maxMm24h":39.2}},{"type":"Feature","geometry":{"type":"Polygon","coordinates":[[[73.627,23.449],[73.7555,23.4545],[73.8304,23.4256],[73.8916,23.3349],[73.9589,23.3803],[73.9818,23.3377],[73.9971,23.2895],[73.9589,23.1136],[73.9023,23.0503],[73.809,23.1095],[73.7417,23.0118],[73.6744,23.1026],[73.5842,22.9871],[73.4359,23.0036],[73.4221,22.9445],[73.3487,22.9239],[73.2417,23.0187],[73.2723,23.0586],[73.3258,23.082],[73.3747,23.1713],[73.3411,23.2002],[73.4512,23.2827],[73.5246,23.2854],[73.6301,23.4133],[73.627,23.449]]]},"properties":{"name":"Mahisagar","state":"Gujarat","warning":"YELLOW","category":"Lowest band, 39-68 mm/24h observed","maxMm24h":49.4}},{"type":"Feature","geometry":{"type":"Polygon","coordinates":[[[81.3448,26.5436],[81.3815,26.5903],[81.536,26.5436],[81.5589,26.6412],[81.6415,26.6398],[81.6981,26.5436],[81.9397,26.5078],[81.9489,26.4199],[81.8816,26.3882],[81.8525,26.2838],[82.0498,26.149],[82.0483,26.0583],[81.8847,26.0817],[81.7684,26.0679],[81.6002,26.1435],[81.5666,26.0734],[81.5696,25.9758],[81.4458,25.9346],[81.3066,26.0184],[81.3387,26.0473],[81.3739,26.1889],[81.3571,26.2783],[81.4075,26.3154],[81.3448,26.5436]]]},"properties":{"name":"Amethi","state":"Uttar Pradesh","warning":"YELLOW","category":"Lowest band, 39-68 mm/24h observed","maxMm24h":41.2}},{"type":"Feature","geometry":{"type":"Polygon","coordinates":[[[89.8517,26.6976],[89.8701,26.6137],[89.8349,26.4144],[89.7493,26.4652],[89.6973,26.4281],[89.5367,26.4419],[89.4511,26.4872],[89.3914,26.4625],[89.1192,26.5243],[89.1055,26.5931],[89.0428,26.6316],[89.0902,26.8405],[89.1284,26.8062],[89.2553,26.8075],[89.3746,26.8543],[89.4541,26.7979],[89.5474,26.813],[89.6361,26.7512],[89.763,26.6989],[89.8517,26.6976]]]},"properties":{"name":"Alipurduar","state":"West Bengal","warning":"ORANGE","category":"Middle band, 69-122 mm/24h observed","maxMm24h":84.4}},{"type":"Feature","geometry":{"type":"Polygon","coordinates":[[[88.425,27.0715],[88.532,27.176],[88.5978,27.1883],[88.7216,27.1389],[88.8654,27.1086],[88.8685,26.9656],[88.7889,26.9918],[88.7599,26.9258],[88.6635,26.9258],[88.6024,26.8804],[88.4785,26.8804],[88.4235,26.956],[88.425,27.0715]]]},"properties":{"name":"Kalimpong","state":"West Bengal","warning":"YELLOW","category":"Lowest band, 39-68 mm/24h observed","maxMm24h":53.0}},{"type":"Feature","geometry":{"type":"Polygon","coordinates":[[[89.8349,26.4144],[89.8425,26.3827],[89.7814,26.3525],[89.7003,26.2178],[89.7294,26.171],[89.6346,26.2288],[89.6086,26.1532],[89.6499,26.0638],[89.5413,26.0061],[89.3486,26.0102],[89.2293,26.1243],[89.1544,26.1394],[89.0963,26.391],[88.9831,26.4474],[88.9097,26.38],[88.9862,26.3497],[88.9266,26.2838],[88.7599,26.3291],[88.9266,26.4529],[88.9617,26.5381],[89.1192,26.5243],[89.3914,26.4625],[89.4511,26.4872],[89.5367,26.4419],[89.6973,26.4281],[89.7493,26.4652],[89.8349,26.4144]]]},"properties":{"name":"Cooch Behar","state":"West Bengal","warning":"YELLOW","category":"Lowest band, 39-68 mm/24h observed","maxMm24h":42.2}},{"type":"Feature","geometry":{"type":"Polygon","coordinates":[[[72.9588,24.3605],[73.0016,24.4801],[73.0872,24.498],[73.0765,24.3962],[73.1515,24.355],[73.0674,24.1941],[73.1255,24.1254],[73.2142,24.0773],[73.2432,24.0017],[73.3166,24.0539],[73.4053,24.0415],[73.416,23.9247],[73.3778,23.9041],[73.2891,23.8326],[73.2249,23.8559],[73.1408,23.7762],[73.1255,23.7075],[73.2096,23.6099],[73.1025,23.3239],[73.0169,23.2785],[72.9481,23.2524],[72.734,23.4037],[72.7936,23.427],[72.7982,23.5013],[72.8319,23.5453],[72.8349,23.6717],[72.789,23.8326],[72.8181,23.9481],[72.867,24.025],[72.9236,24.0402],[72.9573,24.1584],[73.0276,24.2739],[72.9588,24.3605]]]},"properties":{"name":"Sabarkantha","state":"Gujarat","warning":"YELLOW","category":"Lowest band, 39-68 mm/24h observed","maxMm24h":48.4}},{"type":"Feature","geometry":{"type":"Polygon","coordinates":[[[71.1115,24.6753],[71.188,24.6506],[71.2874,24.6162],[71.2599,24.5337],[71.3485,24.5172],[71.3195,24.4017],[71.3745,24.3344],[71.295,24.3014],[71.3195,23.9838],[71.1008,23.9027],[71.0641,23.8381],[71.0809,23.5989],[71.217,23.7295],[71.2216,23.6566],[71.3761,23.6497],[71.4479,23.5356],[71.5336,23.4793],[71.5642,23.3734],[71.6896,23.1823],[71.6697,23.1424],[71.5152,23.1589],[71.3868,23.1466],[71.3088,23.1713],[71.1222,23.2057],[70.9647,23.1548],[70.8164,23.1644],[70.6895,23.1177],[70.7185,23.1892],[70.5044,23.1768],[70.4249,23.2167],[70.3118,23.2153],[70.165,23.0668],[70.0809,22.9197],[69.9264,22.8964],[69.7689,22.8263],[69.6481,22.796],[69.4172,22.8111],[69.1312,22.8744],[68.6327,23.1699],[68.5318,23.2799],[68.5501,23.3555],[68.4003,23.4201],[68.4156,23.4861],[68.3269,23.4958],[68.3101,23.5782],[68.1418,23.6016],[68.1006,23.6786],[68.1724,23.6965],[68.2091,23.8752],[68.3391,23.9659],[68.7535,23.9714],[68.7642,24.2959],[68.8483,24.2395],[68.9462,24.3027],[69.0028,24.223],[69.0945,24.2739],[69.1939,24.2368],[69.3132,24.2807],[69.4921,24.267],[69.5946,24.2931],[69.7322,24.1708],[70.0258,24.1708],[70.1099,24.2945],[70.5732,24.4223],[70.5717,24.2519],[70.6681,24.2189],[70.8057,24.2203],[70.8745,24.2945],[70.9861,24.366],[71.0488,24.3564],[71.1023,24.4361],[70.9984,24.4443],[70.9861,24.5956],[71.1115,24.6753]]]},"properties":{"name":"Kutch","state":"Gujarat","warning":"ORANGE","category":"Middle band, 69-122 mm/24h observed","maxMm24h":71.9}},{"type":"Feature","geometry":{"type":"Polygon","coordinates":[[[71.8624,22.3712],[71.532,22.3423],[71.4372,22.2612],[71.2354,22.2764],[71.1589,22.165],[71.0182,22.3341],[70.9815,22.4152],[71.0825,22.4028],[71.1635,22.5046],[71.0947,22.5637],[71.11,22.642],[71.162,22.6833],[71.1253,22.7974],[71.2537,22.8373],[71.347,23.0985],[71.3088,23.1713],[71.3868,23.1466],[71.5152,23.1589],[71.6697,23.1424],[71.6896,23.1823],[71.5642,23.3734],[71.5336,23.4793],[71.6039,23.4971],[71.7721,23.4683],[71.8624,23.471],[71.9694,23.526],[71.9893,23.4889],[71.9556,23.3872],[71.87,23.3817],[71.8731,23.2785],[71.9877,23.2098],[71.9067,23.1768],[71.9189,23.0655],[72.0153,23.0572],[71.9893,22.8634],[72.0566,22.796],[72.0673,22.5912],[72.1498,22.5843],[72.1636,22.4798],[72.0841,22.4358],[72.0336,22.5073],[71.9128,22.5266],[71.9342,22.4537],[71.8624,22.3712]]]},"properties":{"name":"Surendranagar","state":"Gujarat","warning":"ORANGE","category":"Middle band, 69-122 mm/24h observed","maxMm24h":73.1}},{"type":"Feature","geometry":{"type":"Polygon","coordinates":[[[73.3503,22.7919],[73.2753,22.7823],[73.2692,22.6668],[73.2187,22.6283],[73.0964,22.7286],[73.0031,22.7231],[72.9848,22.653],[72.9175,22.5953],[72.8303,22.5939],[72.7401,22.6462],[72.6881,22.6049],[72.6529,22.5004],[72.5765,22.5046],[72.5092,22.6104],[72.5214,22.796],[72.6438,22.8977],[72.7906,22.9074],[72.838,22.9967],[72.9251,23.0806],[73.0077,23.1026],[73.0123,23.1603],[73.1209,23.1864],[73.2019,23.1466],[73.2723,23.0586],[73.2417,23.0187],[73.3487,22.9239],[73.4221,22.9445],[73.3503,22.7919]]]},"properties":{"name":"Kheda","state":"Gujarat","warning":"YELLOW","category":"Lowest band, 39-68 mm/24h observed","maxMm24h":67.1}},{"type":"Feature","geometry":{"type":"Polygon","coordinates":[[[73.2187,22.6283],[73.156,22.5884],[73.0475,22.363],[73.0597,22.3135],[72.9465,22.2928],[72.6591,22.2791],[72.5153,22.3217],[72.4603,22.2571],[72.3762,22.3148],[72.3762,22.4729],[72.4389,22.5087],[72.4266,22.5705],[72.5092,22.6104],[72.5765,22.5046],[72.6529,22.5004],[72.6881,22.6049],[72.7401,22.6462],[72.8303,22.5939],[72.9175,22.5953],[72.9848,22.653],[73.0031,22.7231],[73.0964,22.7286],[73.2187,22.6283]]]},"properties":{"name":"Anand","state":"Gujarat","warning":"ORANGE","category":"Middle band, 69-122 mm/24h observed","maxMm24h":90.0}},{"type":"Feature","geometry":{"type":"Polygon","coordinates":[[[70.9815,22.4152],[70.795,22.4757],[70.6941,22.4372],[70.5809,22.6035],[70.6451,22.7067],[70.6451,22.8634],[70.5794,22.917],[70.4968,22.9335],[70.561,23.0297],[70.6895,23.1177],[70.8164,23.1644],[70.9647,23.1548],[71.1222,23.2057],[71.3088,23.1713],[71.347,23.0985],[71.2537,22.8373],[71.1253,22.7974],[71.162,22.6833],[71.11,22.642],[71.0947,22.5637],[71.1635,22.5046],[71.0825,22.4028],[70.9815,22.4152]]]},"properties":{"name":"Morbi","state":"Gujarat","warning":"ORANGE","category":"Middle band, 69-122 mm/24h observed","maxMm24h":91.1}},{"type":"Feature","geometry":{"type":"Polygon","coordinates":[[[78.3981,32.5251],[78.3125,32.5733],[78.4057,32.62],[78.3874,32.7575],[78.2192,32.664],[78.1427,32.6819],[78.0984,32.631],[78.0158,32.62],[77.9179,32.6901],[77.9348,32.7259],[77.8109,32.9073],[77.7406,32.9692],[77.6029,32.9431],[77.4684,32.8578],[77.4057,32.8826],[77.3384,32.8166],[77.2741,32.8743],[77.3185,32.895],[77.2772,32.9953],[77.3399,33.0847],[77.4087,33.0847],[77.4194,33.1974],[77.4775,33.2744],[77.4928,33.3885],[77.4424,33.4916],[77.3001,33.4847],[77.2084,33.6373],[77.0539,33.7074],[76.9408,33.7171],[76.8888,33.7817],[76.7588,33.805],[76.6457,33.9068],[76.5738,33.8642],[76.5157,33.9453],[76.5799,34.0456],[76.6885,34.08],[76.6716,34.2202],[76.7236,34.3247],[76.6258,34.3769],[76.557,34.4883],[76.5615,34.5708],[76.4729,34.634],[76.4209,34.7206],[76.1334,34.6629],[75.9728,34.7344],[75.8933,34.5447],[75.7893,34.4993],[75.5997,34.502],[75.5079,34.4567],[75.4666,34.3838],[75.3841,34.3618],[75.3749,34.3879],[75.3198,34.4347],[75.3565,34.5295],[75.2388,34.6285],[75.1318,34.6464],[75.0201,34.6258],[74.9253,34.6629],[74.7326,34.6711],[74.6011,34.7371],[74.5629,34.7687],[74.3198,34.7866],[74.413,34.799],[74.4574,34.8526],[74.5675,34.8732],[74.5874,35.0093],[74.4864,35.1097],[74.3809,35.0574],[74.2525,35.0368],[74.147,35.0973],[73.7952,35.2444],[73.731,35.2169],[73.7004,35.3571],[73.7937,35.4602],[73.7845,35.5249],[73.6347,35.5716],[73.4068,35.5634],[73.1362,35.7187],[73.153,35.8411],[73.0888,35.8823],[72.9282,35.8452],[72.9007,35.8809],[72.6896,35.8328],[72.5337,35.9167],[72.5948,36.0266],[72.5306,36.0734],[72.5948,36.2617],[72.7783,36.3098],[72.8823,36.3868],[72.8793,36.4432],[72.9909,36.4569],[73.1117,36.6095],[73.1255,36.6865],[73.3136,36.7058],[73.4405,36.7443],[73.7004,36.6838],[73.8075,36.7154],[73.8625,36.7869],[73.7234,36.8336],[73.6897,36.912],[73.8778,36.8941],[74.0552,36.8061],[74.1424,36.8391],[74.1684,36.9024],[74.2601,36.8859],[74.4283,36.989],[74.5308,36.9862],[74.5858,37.044],[74.7082,37.077],[74.7342,37.0206],[74.8397,37.022],[74.9207,36.9051],[75.0171,36.9752],[75.0951,36.9422],[75.2082,37.0357],[75.3428,37.0522],[75.3504,36.9807],[75.4223,36.9601],[75.4728,36.8103],[75.615,36.7608],[75.748,36.5875],[75.9223,36.5023],[76.0768,36.4734],[76.2542,36.347],[76.3505,36.3593],[76.4316,36.3071],[76.4805,36.2109],[76.5998,36.1655],[76.6426,36.1834],[76.7191,36.083],[76.8001,36.0473],[76.7221,35.9524],[76.8108,35.8438],[76.9347,35.7833],[77.1151,35.7971],[77.1656,35.7338],[77.4301,35.6541],[77.4638,35.573],[77.4347,35.5166],[77.6121,35.4685],[77.7222,35.4754],[77.817,35.5125],[77.8996,35.4671],[77.9653,35.5716],[78.0403,35.5867],[78.1366,35.5386],[78.1978,35.6692],[78.2712,35.7215],[78.3843,35.7352],[78.4226,35.7847],[78.5204,35.7627],[78.6642,35.8576],[78.8217,35.8548],[78.9593,35.8919],[79.0205,35.8479],[79.1306,35.8356],[79.1933,35.8864],[79.2147,35.9785],[79.3768,35.995],[79.4211,35.896],[79.8692,35.7819],[79.9976,35.8369],[80.1062,35.6802],[80.2897,35.6073],[80.3264,35.4699],[80.224,35.2197],[80.1811,35.166],[80.1735,35.0025],[80.071,34.8279],[80.068,34.7138],[79.9426,34.6808],[79.8585,34.689],[79.7744,34.6271],[79.7927,34.4842],[79.5924,34.5007],[79.5068,34.4745],[79.5909,34.2821],[79.5052,34.2051],[79.493,34.135],[79.3538,34.036],[79.1963,34.0511],[79.1336,34.0264],[79.0205,34.0511],[78.9043,33.9755],[78.9991,33.8037],[79.0449,33.7652],[79.1061,33.6167],[78.9884,33.6112],[78.9134,33.5741],[78.9318,33.4325],[78.9884,33.3335],[79.1092,33.2923],[79.2392,33.2978],[79.4532,33.2579],[79.3753,33.0847],[79.4211,32.9609],[79.5664,32.7863],[79.626,32.7396],[79.4471,32.532],[79.3187,32.5925],[79.1933,32.4825],[79.1352,32.477],[79.1138,32.3835],[79.0327,32.3863],[78.9807,32.3382],[78.8569,32.4399],[78.7758,32.5581],[78.7605,32.6544],[78.6611,32.6544],[78.4577,32.5801],[78.3981,32.5251]]]},"properties":{"name":"Leh","state":"Ladakh","warning":"YELLOW","category":"Lowest band, 39-68 mm/24h observed","maxMm24h":43.9}},{"type":"Feature","geometry":{"type":"Polygon","coordinates":[[[74.3198,34.7866],[74.5629,34.7687],[74.6011,34.7371],[74.5476,34.5543],[74.4299,34.4333],[74.3473,34.3467],[74.1837,34.3192],[74.1408,34.2436],[73.994,34.2573],[73.9375,34.3329],[73.7601,34.3522],[73.809,34.4251],[73.8931,34.4498],[73.9665,34.5777],[73.9772,34.6863],[74.1577,34.6835],[74.3198,34.7866]]]},"properties":{"name":"Kupwara","state":"Jammu and Kashmir","warning":"YELLOW","category":"Lowest band, 39-68 mm/24h observed","maxMm24h":64.8}},{"type":"Feature","geometry":{"type":"Polygon","coordinates":[[[75.5951,34.1982],[75.6869,34.1597],[75.8642,33.9783],[76.0217,33.9975],[76.0477,33.9288],[76.1701,33.7954],[76.2649,33.7418],[76.271,33.6428],[76.3092,33.5713],[76.5019,33.5163],[76.7726,33.251],[76.7481,33.1795],[76.6457,33.1617],[76.5692,33.2098],[76.4102,33.1864],[76.2924,33.1039],[76.2221,33.0214],[76.2129,33.0888],[76.1456,33.1603],[75.9988,33.0874],[75.8597,33.1245],[75.693,33.2386],[75.6043,33.2565],[75.4728,33.3995],[75.4575,33.4985],[75.5293,33.6016],[75.5217,33.7157],[75.3948,33.9027],[75.4468,34.0401],[75.5217,34.047],[75.5324,34.1185],[75.5951,34.1982]]]},"properties":{"name":"Kishtwar","state":"Jammu and Kashmir","warning":"ORANGE","category":"Middle band, 69-122 mm/24h observed","maxMm24h":79.6}},{"type":"Feature","geometry":{"type":"Polygon","coordinates":[[[73.8946,34.0649],[73.9543,34.0168],[74.2464,34.0209],[74.4161,33.9081],[74.4528,33.7528],[74.543,33.6813],[74.514,33.5988],[74.5736,33.5081],[74.5277,33.4682],[74.4222,33.5672],[74.2097,33.5452],[74.2265,33.4888],[74.1668,33.4119],[74.147,33.5397],[74.0644,33.5507],[73.9528,33.6222],[73.8472,33.5933],[73.7035,33.6222],[73.598,33.7129],[73.5598,33.7762],[73.5888,33.8834],[73.5215,33.9851],[73.4879,34.1446],[73.5338,34.1515],[73.653,34.0635],[73.806,34.0814],[73.8946,34.0649]]]},"properties":{"name":"Punch","state":"Jammu and Kashmir","warning":"YELLOW","category":"Lowest band, 39-68 mm/24h observed","maxMm24h":56.0}},{"type":"Feature","geometry":{"type":"Polygon","coordinates":[[[75.3825,33.3637],[75.4728,33.3995],[75.6043,33.2565],[75.693,33.2386],[75.8597,33.1245],[75.9988,33.0874],[76.1456,33.1603],[76.2129,33.0888],[76.2221,33.0214],[76.112,33.0063],[76.0875,32.9568],[75.9545,32.873],[75.8505,32.9293],[75.8015,32.8853],[75.6823,32.862],[75.6563,32.9238],[75.5615,32.9651],[75.4514,32.9596],[75.3565,33.0695],[75.3351,33.141],[75.3764,33.2029],[75.3489,33.2978],[75.3825,33.3637]]]},"properties":{"name":"Doda","state":"Jammu and Kashmir","warning":"ORANGE","category":"Middle band, 69-122 mm/24h observed","maxMm24h":79.6}},{"type":"Feature","geometry":{"type":"Polygon","coordinates":[[[77.2741,32.8743],[77.3384,32.8166],[77.4057,32.8826],[77.4684,32.8578],[77.6029,32.9431],[77.7406,32.9692],[77.8109,32.9073],[77.9348,32.7259],[77.9179,32.6901],[78.0158,32.62],[78.0984,32.631],[78.1427,32.6819],[78.2192,32.664],[78.3874,32.7575],[78.4057,32.62],[78.3125,32.5733],[78.3981,32.5251],[78.4547,32.4523],[78.5342,32.4138],[78.4807,32.3478],[78.4822,32.2791],[78.6091,32.2145],[78.5908,32.154],[78.6734,32.0784],[78.5082,32.0481],[78.4486,32.0605],[78.4195,31.9354],[78.2008,31.9326],[78.028,31.7594],[77.8629,31.7814],[77.7665,31.9436],[77.7987,31.9876],[77.7436,32.0907],[77.4684,32.2241],[77.421,32.1897],[77.3445,32.2474],[77.3185,32.3231],[77.1518,32.4152],[77.0738,32.3987],[76.9805,32.4042],[76.8659,32.4633],[76.8674,32.5334],[76.7145,32.5389],[76.5952,32.6365],[76.4667,32.6516],[76.4025,32.7286],[76.3796,32.8193],[76.4912,32.8015],[76.6105,32.8523],[76.6793,32.8468],[76.716,32.9183],[76.7863,32.9527],[76.7405,33.1039],[76.7481,33.1795],[76.7726,33.251],[76.8169,33.1603],[76.8857,33.1218],[76.9331,33.0283],[77.0096,32.9884],[77.1503,32.9774],[77.2741,32.8743]]]},"properties":{"name":"Lahaul and Spiti","state":"Himachal Pradesh","warning":"ORANGE","category":"Middle band, 69-122 mm/24h observed","maxMm24h":84.9}},{"type":"Feature","geometry":{"type":"Polygon","coordinates":[[[76.2221,33.0214],[76.2924,33.1039],[76.4102,33.1864],[76.5692,33.2098],[76.6457,33.1617],[76.7481,33.1795],[76.7405,33.1039],[76.7863,32.9527],[76.716,32.9183],[76.6793,32.8468],[76.6105,32.8523],[76.4912,32.8015],[76.3796,32.8193],[76.4025,32.7286],[76.4667,32.6516],[76.5952,32.6365],[76.7145,32.5389],[76.8674,32.5334],[76.8659,32.4633],[76.7512,32.3574],[76.7634,32.209],[76.6655,32.176],[76.586,32.2227],[76.4285,32.2612],[76.3551,32.3258],[76.2221,32.3945],[76.1624,32.2997],[76.0309,32.2694],[76.0233,32.3341],[75.9315,32.3945],[75.8367,32.5114],[75.9178,32.6338],[75.9239,32.7479],[75.8015,32.8853],[75.8505,32.9293],[75.9545,32.873],[76.0875,32.9568],[76.112,33.0063],[76.2221,33.0214]]]},"properties":{"name":"Chamba","state":"Himachal Pradesh","warning":"ORANGE","category":"Middle band, 69-122 mm/24h observed","maxMm24h":84.9}},{"type":"Feature","geometry":{"type":"Polygon","coordinates":[[[75.6823,32.862],[75.8015,32.8853],[75.9239,32.7479],[75.9178,32.6338],[75.8367,32.5114],[75.7281,32.4523],[75.6869,32.3904],[75.5966,32.378],[75.5125,32.3079],[75.3413,32.3464],[75.2052,32.4179],[75.2587,32.4867],[75.2847,32.642],[75.4131,32.6791],[75.4942,32.7644],[75.6547,32.7712],[75.6823,32.862]]]},"properties":{"name":"Kathua","state":"Jammu and Kashmir","warning":"YELLOW","category":"Lowest band, 39-68 mm/24h observed","maxMm24h":43.9}},{"type":"Feature","geometry":{"type":"Polygon","coordinates":[[[75.3795,32.1828],[75.4345,32.1498],[75.5875,32.1416],[75.6012,32.0935],[75.5982,32.0825],[75.5309,31.9409],[75.5676,31.8007],[75.4758,31.6494],[75.404,31.5931],[75.2281,31.6838],[75.1899,31.7402],[75.0706,31.8075],[74.9697,31.8309],[74.8901,31.9285],[74.9131,32.044],[75.0125,32.0357],[75.1226,32.0811],[75.1746,32.0674],[75.3795,32.1828]]]},"properties":{"name":"Gurdaspur","state":"Punjab","warning":"YELLOW","category":"Lowest band, 39-68 mm/24h observed","maxMm24h":39.9}},{"type":"Feature","geometry":{"type":"Polygon","coordinates":[[[76.8659,32.4633],[76.9805,32.4042],[77.0738,32.3987],[77.0692,32.3341],[76.9362,32.0619],[76.771,32.0632],[76.6625,32.0137],[76.6961,31.934],[76.6395,31.8721],[76.557,31.8859],[76.4346,31.7938],[76.3001,31.78],[76.3123,31.7223],[76.1104,31.7952],[76.0432,31.8611],[75.9606,31.857],[75.9101,31.9505],[75.6547,32.077],[75.5982,32.0825],[75.6012,32.0935],[75.6609,32.1375],[75.6379,32.2516],[75.771,32.2887],[75.8734,32.3959],[75.9315,32.3945],[76.0233,32.3341],[76.0309,32.2694],[76.1624,32.2997],[76.2221,32.3945],[76.3551,32.3258],[76.4285,32.2612],[76.586,32.2227],[76.6655,32.176],[76.7634,32.209],[76.7512,32.3574],[76.8659,32.4633]]]},"properties":{"name":"Kangra","state":"Himachal Pradesh","warning":"ORANGE","category":"Middle band, 69-122 mm/24h observed","maxMm24h":84.9}},{"type":"Feature","geometry":{"type":"Polygon","coordinates":[[[75.4758,31.6494],[75.5676,31.8007],[75.5309,31.9409],[75.5982,32.0825],[75.6547,32.077],[75.9101,31.9505],[75.9606,31.857],[75.9606,31.7814],[76.0172,31.6316],[76.1211,31.4982],[76.2007,31.303],[76.2894,31.3071],[76.3306,31.2233],[76.2358,31.2439],[76.2098,31.1366],[76.138,31.1463],[75.9927,31.259],[75.8902,31.2755],[75.8489,31.3731],[75.7878,31.3649],[75.8,31.4542],[75.7021,31.5298],[75.67,31.6068],[75.5982,31.6054],[75.4758,31.6494]]]},"properties":{"name":"Hoshiarpur","state":"Punjab","warning":"YELLOW","category":"Lowest band, 39-68 mm/24h observed","maxMm24h":45.4}},{"type":"Feature","geometry":{"type":"Polygon","coordinates":[[[76.6395,31.8721],[76.6961,31.934],[76.6625,32.0137],[76.771,32.0632],[76.9362,32.0619],[77.0585,31.8598],[77.1778,31.8419],[77.213,31.725],[77.3032,31.6687],[77.2986,31.5518],[77.3827,31.3607],[77.3047,31.2686],[77.1549,31.2301],[77.031,31.2727],[76.8766,31.3511],[76.8016,31.4212],[76.7313,31.5821],[76.7236,31.6645],[76.638,31.747],[76.6395,31.8721]]]},"properties":{"name":"Mandi","state":"Himachal Pradesh","warning":"YELLOW","category":"Lowest band, 39-68 mm/24h observed","maxMm24h":59.1}},{"type":"Feature","geometry":{"type":"Polygon","coordinates":[[[77.3827,31.3607],[77.5173,31.3484],[77.6289,31.3896],[77.6274,31.4515],[77.7069,31.5023],[77.6488,31.5834],[77.6457,31.6632],[77.7482,31.714],[77.8124,31.6632],[77.8399,31.5065],[77.9653,31.402],[78.1014,31.4198],[78.1626,31.3442],[78.2911,31.3264],[78.3109,31.2837],[78.2467,31.2301],[78.103,31.1861],[77.9669,31.1738],[77.8644,31.1091],[77.8292,31.0294],[77.8063,30.8534],[77.7039,30.7641],[77.6595,30.8067],[77.5463,30.7737],[77.4928,30.7957],[77.3797,31.0212],[77.2466,30.9194],[77.0478,31.1146],[77.031,31.2727],[77.1549,31.2301],[77.3047,31.2686],[77.3827,31.3607]]]},"properties":{"name":"Shimla","state":"Himachal Pradesh","warning":"YELLOW","category":"Lowest band, 39-68 mm/24h observed","maxMm24h":47.8}},{"type":"Feature","geometry":{"type":"Polygon","coordinates":[[[75.5982,31.6054],[75.67,31.6068],[75.7021,31.5298],[75.8,31.4542],[75.7878,31.3649],[75.6823,31.3154],[75.6731,31.2686],[75.7985,31.2164],[75.8979,31.1559],[75.9529,31.0102],[75.797,30.995],[75.7465,31.0129],[75.5936,30.9689],[75.3596,30.9937],[75.147,31.0913],[75.0782,31.1476],[75.1256,31.1696],[75.2694,31.1476],[75.277,31.1875],[75.4177,31.2494],[75.4605,31.2356],[75.4911,31.3841],[75.4407,31.4955],[75.5202,31.4996],[75.5982,31.6054]]]},"properties":{"name":"Jalandhar","state":"Punjab","warning":"YELLOW","category":"Lowest band, 39-68 mm/24h observed","maxMm24h":48.1}},{"type":"Feature","geometry":{"type":"Polygon","coordinates":[[[78.3109,31.2837],[78.3706,31.2865],[78.4837,31.1985],[78.6091,31.2288],[78.6718,31.1971],[78.8095,31.1985],[78.8859,31.0982],[79.0082,31.1105],[78.9853,31.1738],[78.8813,31.2837],[78.944,31.3662],[79.0067,31.3786],[79.0725,31.4556],[79.1382,31.4336],[79.1673,31.3607],[79.233,31.3332],[79.2223,31.2604],[79.2957,31.2178],[79.3187,31.1353],[79.4074,31.0734],[79.2927,30.9689],[79.2254,30.8108],[79.2743,30.7242],[79.1994,30.7325],[79.0327,30.8095],[79.0037,30.8589],[78.8798,30.8754],[78.8477,30.738],[78.7192,30.7338],[78.6,30.672],[78.5464,30.5331],[78.4532,30.5428],[78.3935,30.5056],[78.2773,30.6115],[78.2054,30.5785],[78.158,30.628],[78.0127,30.617],[78.0785,30.7407],[77.9745,30.8892],[77.9638,30.9772],[77.8537,30.9538],[77.8292,31.0294],[77.8644,31.1091],[77.9669,31.1738],[78.103,31.1861],[78.2467,31.2301],[78.3109,31.2837]]]},"properties":{"name":"Uttarkashi","state":"Uttarakhand","warning":"ORANGE","category":"Middle band, 69-122 mm/24h observed","maxMm24h":77.8}},{"type":"Feature","geometry":{"type":"Polygon","coordinates":[[[79.2743,30.7242],[79.2254,30.8108],[79.2927,30.9689],[79.4074,31.0734],[79.5068,31.0322],[79.6016,30.9332],[79.7316,30.9785],[79.8646,30.973],[79.8891,30.9181],[80.0542,30.8438],[80.1016,30.7888],[79.9839,30.6898],[80.0435,30.5977],[79.9961,30.5373],[80.0374,30.4438],[79.9869,30.3187],[79.8738,30.2705],[79.7637,30.1331],[79.8126,30.0231],[79.7209,30.0011],[79.6107,30.0203],[79.4716,29.9791],[79.4242,29.9351],[79.3248,29.9296],[79.23,29.975],[79.1933,30.0836],[79.0771,30.2211],[79.1596,30.3283],[79.1673,30.4465],[79.2453,30.5592],[79.3355,30.5964],[79.3477,30.65],[79.2743,30.7242]]]},"properties":{"name":"Chamoli","state":"Uttarakhand","warning":"YELLOW","category":"Lowest band, 39-68 mm/24h observed","maxMm24h":64.9}},{"type":"Feature","geometry":{"type":"Polygon","coordinates":[[[77.7039,30.7641],[77.8063,30.8534],[77.8292,31.0294],[77.8537,30.9538],[77.9638,30.9772],[77.9745,30.8892],[78.0785,30.7407],[78.0127,30.617],[77.973,30.4864],[78.106,30.4781],[78.2238,30.4053],[78.1336,30.3434],[78.2773,30.2719],[78.2345,30.1853],[78.3018,30.1125],[78.2024,29.9667],[78.1488,29.9681],[78.0693,30.0423],[77.9592,30.2417],[77.7222,30.3297],[77.658,30.4012],[77.5754,30.4012],[77.8155,30.5056],[77.8185,30.5606],[77.7039,30.7641]]]},"properties":{"name":"Dehradun","state":"Uttarakhand","warning":"YELLOW","category":"Lowest band, 39-68 mm/24h observed","maxMm24h":47.8}},{"type":"Feature","geometry":{"type":"Polygon","coordinates":[[[77.2466,30.9194],[77.3797,31.0212],[77.4928,30.7957],[77.5463,30.7737],[77.6595,30.8067],[77.7039,30.7641],[77.8185,30.5606],[77.8155,30.5056],[77.5754,30.4012],[77.58,30.3792],[77.5234,30.4438],[77.4072,30.4273],[77.2084,30.4878],[77.1228,30.5634],[77.1717,30.6019],[77.1671,30.6844],[77.0249,30.749],[77.1151,30.8507],[77.2466,30.9194]]]},"properties":{"name":"Sirmaur","state":"Himachal Pradesh","warning":"YELLOW","category":"Lowest band, 39-68 mm/24h observed","maxMm24h":47.8}},{"type":"Feature","geometry":{"type":"Polygon","coordinates":[[[74.9054,30.7366],[74.9559,30.6775],[74.9452,30.5716],[75.0201,30.4905],[74.9957,30.4053],[74.9207,30.3668],[74.8213,30.3929],[74.7571,30.3943],[74.6898,30.5221],[74.7097,30.5592],[74.5721,30.6637],[74.5002,30.6665],[74.4711,30.749],[74.6241,30.8369],[74.7709,30.815],[74.9054,30.7366]]]},"properties":{"name":"Faridkot","state":"Punjab","warning":"YELLOW","category":"Lowest band, 39-68 mm/24h observed","maxMm24h":38.8}},{"type":"Feature","geometry":{"type":"Polygon","coordinates":[[[78.0127,30.617],[78.158,30.628],[78.2054,30.5785],[78.2773,30.6115],[78.3935,30.5056],[78.4532,30.5428],[78.5464,30.5331],[78.6,30.672],[78.7192,30.7338],[78.8477,30.738],[78.8798,30.8754],[79.0037,30.8589],[79.0327,30.8095],[79.0281,30.7682],[78.9104,30.6912],[78.863,30.5675],[78.8355,30.3572],[78.8997,30.2444],[78.8064,30.2197],[78.7162,30.2376],[78.6474,30.2073],[78.5785,30.1042],[78.5113,30.0547],[78.4103,30.1358],[78.3018,30.1125],[78.2345,30.1853],[78.2773,30.2719],[78.1336,30.3434],[78.2238,30.4053],[78.106,30.4781],[77.973,30.4864],[78.0127,30.617]]]},"properties":{"name":"Tehri Garhwal","state":"Uttarakhand","warning":"YELLOW","category":"Lowest band, 39-68 mm/24h observed","maxMm24h":39.0}},{"type":"Feature","geometry":{"type":"Polygon","coordinates":[[[79.0327,30.8095],[79.1994,30.7325],[79.2743,30.7242],[79.3477,30.65],[79.3355,30.5964],[79.2453,30.5592],[79.1673,30.4465],[79.1596,30.3283],[79.0771,30.2211],[78.9823,30.1784],[78.8997,30.2444],[78.8355,30.3572],[78.863,30.5675],[78.9104,30.6912],[79.0281,30.7682],[79.0327,30.8095]]]},"properties":{"name":"Rudraprayag","state":"Uttarakhand","warning":"YELLOW","category":"Lowest band, 39-68 mm/24h observed","maxMm24h":45.0}},{"type":"Feature","geometry":{"type":"Polygon","coordinates":[[[75.0201,30.4905],[75.1654,30.5785],[75.1822,30.5111],[75.2969,30.5166],[75.2541,30.4644],[75.3336,30.3778],[75.3153,30.3283],[75.3718,30.2609],[75.3688,30.2004],[75.3443,30.1317],[75.2526,30.1056],[75.2373,29.9599],[75.1822,29.9695],[75.1914,29.8444],[75.118,29.832],[74.9972,29.8677],[74.9268,29.9502],[74.8122,29.9928],[74.7051,29.975],[74.7036,30.1606],[74.7235,30.309],[74.8213,30.3929],[74.9207,30.3668],[74.9957,30.4053],[75.0201,30.4905]]]},"properties":{"name":"Bathinda","state":"Punjab","warning":"YELLOW","category":"Lowest band, 39-68 mm/24h observed","maxMm24h":38.8}},{"type":"Feature","geometry":{"type":"Polygon","coordinates":[[[77.2084,30.4878],[77.4072,30.4273],[77.5234,30.4438],[77.58,30.3792],[77.583,30.3077],[77.4561,30.1633],[77.2267,29.9392],[77.1197,29.9915],[77.0647,30.1262],[77.0922,30.2252],[77.1778,30.3242],[77.1671,30.4383],[77.2084,30.4878]]]},"properties":{"name":"Yamunanagar","state":"Haryana","warning":"YELLOW","category":"Lowest band, 39-68 mm/24h observed","maxMm24h":46.8}},{"type":"Feature","geometry":{"type":"Polygon","coordinates":[[[78.5327,29.0649],[78.3859,29.0209],[78.2146,29.0291],[78.0724,29.0828],[78.1244,29.1721],[78.1137,29.256],[78.0265,29.3866],[77.9868,29.5282],[78.0204,29.5818],[78.1305,29.6519],[78.2039,29.7371],[78.3354,29.7976],[78.5113,29.7248],[78.5327,29.6395],[78.6168,29.5584],[78.8003,29.4649],[78.9257,29.4388],[78.8507,29.3481],[78.7605,29.2642],[78.6886,29.2395],[78.6504,29.1226],[78.5327,29.0649]]]},"properties":{"name":"Bijnor","state":"Uttar Pradesh","warning":"YELLOW","category":"Lowest band, 39-68 mm/24h observed","maxMm24h":59.9}},{"type":"Feature","geometry":{"type":"Polygon","coordinates":[[[75.092,33.1864],[75.2342,33.1493],[75.3565,33.0695],[75.4514,32.9596],[75.5615,32.9651],[75.6563,32.9238],[75.6823,32.862],[75.6547,32.7712],[75.4942,32.7644],[75.4131,32.6791],[75.2847,32.642],[75.1608,32.7231],[75.092,32.7162],[75.1654,32.7657],[74.9804,32.9279],[75.0828,33.0654],[75.0293,33.0998],[75.092,33.1864]]]},"properties":{"name":"Udhampur","state":"Jammu and Kashmir","warning":"YELLOW","category":"Lowest band, 39-68 mm/24h observed","maxMm24h":53.5}},{"type":"Feature","geometry":{"type":"MultiPolygon","coordinates":[[[[75.7878,31.3649],[75.8489,31.3731],[75.8902,31.2755],[75.7985,31.2164],[75.6731,31.2686],[75.6823,31.3154],[75.7878,31.3649]]],[[[75.404,31.5931],[75.4758,31.6494],[75.5982,31.6054],[75.5202,31.4996],[75.4407,31.4955],[75.4911,31.3841],[75.4605,31.2356],[75.4177,31.2494],[75.277,31.1875],[75.2694,31.1476],[75.1256,31.1696],[75.0782,31.1476],[74.9651,31.1531],[75.0461,31.1903],[75.1073,31.3167],[75.2908,31.4913],[75.404,31.5931]]]]},"properties":{"name":"Kapurthala","state":"Punjab","warning":"YELLOW","category":"Lowest band, 39-68 mm/24h observed","maxMm24h":48.1}},{"type":"Feature","geometry":{"type":"Polygon","coordinates":[[[82.8129,23.9618],[82.9474,23.8711],[83.0912,23.8711],[83.2074,23.9219],[83.3297,24.102],[83.4322,24.0855],[83.5148,23.981],[83.5713,23.8628],[83.7059,23.8202],[83.7747,23.6099],[83.9384,23.5686],[84.0163,23.6346],[84.0148,23.504],[83.9628,23.3858],[84.0744,23.3335],[84.0377,23.1713],[83.9261,23.1686],[83.7915,23.2511],[83.6249,23.2194],[83.5545,23.1699],[83.4765,23.2579],[83.3924,23.2703],[83.3542,23.1727],[83.2456,23.2318],[83.2089,23.2456],[83.2074,23.3775],[83.3481,23.4696],[83.2793,23.5769],[83.1998,23.5947],[83.1982,23.6855],[83.0652,23.7693],[82.9092,23.7735],[82.7823,23.8175],[82.7716,23.8766],[82.6936,23.9192],[82.8129,23.9618]]]},"properties":{"name":"Balrampur","state":"Chhattisgarh","warning":"ORANGE","category":"Middle band, 69-122 mm/24h observed","maxMm24h":112.2}},{"type":"Feature","geometry":{"type":"Polygon","coordinates":[[[82.0743,27.4014],[82.0223,27.5802],[82.085,27.6338],[82.1247,27.7355],[82.2073,27.8441],[82.4489,27.6791],[82.6645,27.7231],[82.7058,27.7039],[82.7532,27.587],[82.7318,27.4867],[82.715,27.4014],[82.5774,27.4221],[82.4933,27.3588],[82.5116,27.2117],[82.4566,27.1512],[82.4214,27.0852],[82.3251,27.066],[82.2287,27.1691],[82.2975,27.2475],[82.0743,27.4014]]]},"properties":{"name":"Balrampur","state":"Uttar Pradesh","warning":"YELLOW","category":"Lowest band, 39-68 mm/24h observed","maxMm24h":50.9}},{"type":"Feature","geometry":{"type":"Polygon","coordinates":[[[82.0483,26.0583],[82.1003,26.072],[82.1981,26.0184],[82.2425,26.0569],[82.3587,26.0047],[82.4336,26.0061],[82.3694,25.9827],[82.3541,25.9043],[82.2792,25.8425],[82.218,25.8397],[82.1874,25.7077],[82.1507,25.6734],[82.0636,25.6555],[82.0223,25.7435],[81.8862,25.7119],[81.7975,25.7504],[81.7516,25.6692],[81.6109,25.5978],[81.4687,25.6198],[81.3739,25.6954],[81.3923,25.7724],[81.3387,25.8108],[81.3326,25.87],[81.4458,25.9346],[81.5696,25.9758],[81.5666,26.0734],[81.6002,26.1435],[81.7684,26.0679],[81.8847,26.0817],[82.0483,26.0583]]]},"properties":{"name":"Pratapgarh","state":"Uttar Pradesh","warning":"YELLOW","category":"Lowest band, 39-68 mm/24h observed","maxMm24h":39.7}},{"type":"Feature","geometry":{"type":"Polygon","coordinates":[[[74.147,35.0973],[74.2525,35.0368],[74.3809,35.0574],[74.4864,35.1097],[74.5874,35.0093],[74.5675,34.8732],[74.4574,34.8526],[74.413,34.799],[74.3198,34.7866],[74.1577,34.6835],[73.9772,34.6863],[73.9665,34.5777],[73.8931,34.4498],[73.809,34.4251],[73.7601,34.3522],[73.9375,34.3329],[73.994,34.2573],[74.0032,34.1845],[73.9329,34.1405],[73.8946,34.0649],[73.806,34.0814],[73.653,34.0635],[73.5338,34.1515],[73.4879,34.1446],[73.4925,34.2202],[73.39,34.3742],[73.4466,34.5735],[73.6179,34.5859],[73.7494,34.7866],[73.9635,34.8416],[74.0736,34.9392],[74.0659,35.0478],[74.147,35.0973]]]},"properties":{"name":"Muzaffarabad","state":"Jammu and Kashmir","warning":"ORANGE","category":"Middle band, 69-122 mm/24h observed","maxMm24h":121.8}},{"type":"Feature","geometry":{"type":"Polygon","coordinates":[[[73.598,33.7129],[73.7035,33.6222],[73.8472,33.5933],[73.9528,33.6222],[74.0644,33.5507],[74.147,33.5397],[74.1668,33.4119],[74.1317,33.3074],[74.0047,33.2593],[74.0017,33.218],[74.147,33.1397],[74.1638,33.075],[74.3198,33.0297],[74.3335,32.9541],[74.4115,32.8963],[74.4467,32.7891],[74.3825,32.7575],[74.1775,32.8826],[74.0598,32.9087],[73.9573,32.9871],[73.8289,33.0077],[73.6882,33.0874],[73.627,33.0902],[73.6561,33.2084],[73.5643,33.3418],[73.6209,33.5741],[73.5613,33.6208],[73.598,33.7129]]]},"properties":{"name":"Mirpur","state":"Jammu and Kashmir","warning":"YELLOW","category":"Lowest band, 39-68 mm/24h observed","maxMm24h":39.5}},{"type":"Feature","geometry":{"type":"Polygon","coordinates":[[[72.9968,24.3079],[73.0013,24.289],[73.0279,24.2738],[73.0141,24.2346],[72.9916,24.2234],[72.9919,24.1839],[72.9567,24.159],[72.9529,24.1385],[72.9428,24.1352],[72.9466,24.109],[72.9274,24.0884],[72.9233,24.0407],[72.8986,24.0254],[72.8667,24.0247],[72.8562,24.0453],[72.8389,24.0397],[72.8206,24.0476],[72.8198,24.0486],[72.7827,24.102],[72.7703,24.0993],[72.7591,24.0801],[72.7347,24.0765],[72.7298,24.094],[72.7144,24.0984],[72.6859,24.0728],[72.6702,24.0712],[72.6522,24.0838],[72.6372,24.0758],[72.6199,24.0539],[72.6368,24.0423],[72.6398,24.0237],[72.6484,24.0267],[72.6507,23.9939],[72.5911,23.9773],[72.5843,23.9359],[72.5348,23.9349],[72.5247,23.9438],[72.4872,23.9319],[72.4864,23.9349],[72.4804,23.9531],[72.4801,23.9541],[72.4651,23.9697],[72.4624,23.9704],[72.4381,23.967],[72.4298,23.9836],[72.4141,23.9724],[72.3702,23.9717],[72.3612,24.0098],[72.3443,24.0138],[72.3398,24.0377],[72.3094,24.0383],[72.2993,24.0533],[72.2704,24.0556],[72.2558,24.0814],[72.2258,24.0722],[72.2239,24.0761],[72.2063,24.1139],[72.2236,24.1308],[72.2146,24.1444],[72.2037,24.1491],[72.1771,24.1182],[72.149,24.1295],[72.1497,24.1524],[72.1298,24.1551],[72.1122,24.1358],[72.0897,24.1385],[72.0931,24.1239],[72.1482,24.1239],[72.1471,24.1043],[72.1572,24.0944],[72.1325,24.0526],[72.1013,24.0543],[72.101,24.0344],[72.0901,24.0413],[72.0608,24.0324],[72.0316,24.0529],[72.0286,24.0672],[72.0132,24.0685],[72.0275,24.0191],[72.0503,23.9995],[72.0503,23.9992],[72.0466,23.9926],[72.0398,23.9803],[72.0391,23.9806],[72.0387,23.98],[72.0121,23.985],[72.0113,23.9836],[72.0027,23.971],[72.0001,23.967],[71.9956,23.9816],[71.9885,23.9932],[71.9611,23.9909],[71.9491,24.0078],[71.9255,24.0092],[71.9288,23.9793],[71.9487,23.973],[71.9292,23.9521],[71.9382,23.9276],[71.9742,23.9054],[71.9776,23.8891],[71.8895,23.8782],[71.8673,23.8696],[71.8613,23.847],[71.828,23.8444],[71.8152,23.855],[71.7788,23.8447],[71.7665,23.8268],[71.7616,23.8414],[71.7143,23.8699],[71.7173,23.9276],[71.6978,23.9302],[71.6885,23.9707],[71.6796,23.9713],[71.6797,23.9713],[71.6797,23.9714],[71.6798,23.9714],[71.6799,23.9714],[71.6799,23.9715],[71.68,23.9715],[71.68,23.9716],[71.6821,23.9759],[71.6821,23.976],[71.6822,23.976],[71.6822,23.9761],[71.682,23.9856],[71.6825,23.9889],[71.6846,23.9926],[71.689,23.9968],[71.6911,23.9988],[71.6911,23.9989],[71.6912,23.9989],[71.6912,23.999],[71.6925,24.0032],[71.6925,24.0033],[71.6925,24.0034],[71.6925,24.0071],[71.6925,24.0072],[71.6925,24.0073],[71.6925,24.0074],[71.6924,24.0074],[71.6924,24.0075],[71.6896,24.011],[71.6895,24.011],[71.6894,24.0111],[71.6847,24.0138],[71.6846,24.0138],[71.6788,24.0165],[71.6787,24.0165],[71.6786,24.0165],[71.6785,24.0165],[71.6717,24.0158],[71.6716,24.0158],[71.6716,24.0157],[71.665,24.0134],[71.6635,24.0136],[71.6626,24.0156],[71.6614,24.0188],[71.6613,24.0189],[71.6613,24.019],[71.6612,24.019],[71.6611,24.0191],[71.661,24.0191],[71.6581,24.0195],[71.6561,24.0281],[71.6553,24.0321],[71.6566,24.0338],[71.6599,24.0341],[71.6644,24.0344],[71.6645,24.0344],[71.6646,24.0344],[71.6704,24.0382],[71.6773,24.0412],[71.6774,24.0412],[71.6774,24.0413],[71.6775,24.0413],[71.6775,24.0414],[71.6775,24.0415],[71.6791,24.0459],[71.6812,24.0515],[71.6812,24.0516],[71.6812,24.0517],[71.6812,24.0577],[71.684,24.0637],[71.6931,24.0631],[71.7012,24.0634],[71.7013,24.0634],[71.7013,24.0635],[71.7014,24.0635],[71.702,24.0637],[71.7021,24.0637],[71.7061,24.0652],[71.7094,24.0656],[71.7193,24.0612],[71.7263,24.0576],[71.7334,24.0525],[71.7335,24.0524],[71.7336,24.0524],[71.7337,24.0524],[71.7338,24.0524],[71.7339,24.0524],[71.7339,24.0525],[71.734,24.0525],[71.7358,24.0537],[71.7359,24.0538],[71.7384,24.0565],[71.7415,24.0596],[71.7457,24.064],[71.7486,24.0665],[71.7514,24.066],[71.7545,24.0653],[71.7577,24.064],[71.76,24.063],[71.76,24.0629],[71.7601,24.0629],[71.7602,24.0629],[71.7603,24.0629],[71.768,24.0647],[71.7755,24.0663],[71.7809,24.0675],[71.7868,24.0661],[71.7895,24.0658],[71.7896,24.0658],[71.7941,24.0656],[71.7993,24.065],[71.8039,24.0648],[71.809,24.0635],[71.8142,24.0608],[71.8143,24.0608],[71.8144,24.0607],[71.8145,24.0607],[71.8146,24.0607],[71.8146,24.0608],[71.8147,24.0608],[71.818,24.063],[71.8211,24.0655],[71.8248,24.0662],[71.8249,24.0662],[71.8287,24.0675],[71.832,24.068],[71.8362,24.0685],[71.8399,24.069],[71.84,24.069],[71.8401,24.069],[71.843,24.0707],[71.8482,24.0729],[71.8521,24.0745],[71.8521,24.0746],[71.8522,24.0746],[71.8522,24.0747],[71.8523,24.0747],[71.8542,24.0779],[71.8542,24.078],[71.8543,24.0781],[71.8543,24.0782],[71.8531,24.0842],[71.8531,24.0872],[71.8531,24.0873],[71.8531,24.0874],[71.8522,24.09],[71.8522,24.0901],[71.8521,24.0902],[71.8507,24.0917],[71.8507,24.0918],[71.8506,24.0918],[71.8459,24.0946],[71.8458,24.0947],[71.8422,24.0958],[71.842,24.0978],[71.8442,24.1037],[71.8524,24.1105],[71.8525,24.1105],[71.8557,24.1148],[71.8558,24.1149],[71.8568,24.1177],[71.8568,24.1178],[71.8568,24.1179],[71.857,24.1224],[71.857,24.1225],[71.8554,24.1292],[71.8557,24.1309],[71.8569,24.1341],[71.8591,24.1376],[71.861,24.1402],[71.8646,24.1428],[71.868,24.1429],[71.8717,24.1403],[71.8718,24.1403],[71.8719,24.1402],[71.872,24.1402],[71.8813,24.1393],[71.8814,24.1393],[71.8896,24.1411],[71.8897,24.1411],[71.8897,24.1412],[71.9016,24.1475],[71.9109,24.1492],[71.9224,24.1477],[71.9225,24.1477],[71.9226,24.1477],[71.9312,24.1498],[71.9313,24.1498],[71.9313,24.1499],[71.9314,24.1499],[71.9315,24.15],[71.9315,24.1501],[71.9316,24.1501],[71.9316,24.1502],[71.9316,24.1503],[71.9316,24.1504],[71.9316,24.1505],[71.9315,24.1505],[71.9315,24.1506],[71.927,24.156],[71.9235,24.1631],[71.9255,24.1666],[71.9273,24.1689],[71.9273,24.169],[71.9274,24.169],[71.9274,24.1691],[71.928,24.1712],[71.9295,24.1743],[71.9295,24.1744],[71.9295,24.1745],[71.93,24.1774],[71.93,24.1775],[71.93,24.1776],[71.93,24.1777],[71.9286,24.1816],[71.9297,24.1878],[71.9306,24.1962],[71.9307,24.1962],[71.9309,24.2003],[71.9309,24.2004],[71.9307,24.2053],[71.9306,24.2054],[71.9306,24.2055],[71.9293,24.2084],[71.9482,24.2161],[71.9594,24.2168],[71.9595,24.2169],[71.9712,24.2204],[71.9713,24.2204],[71.9823,24.2277],[71.9824,24.2278],[71.9824,24.2279],[71.9825,24.2279],[71.9825,24.228],[71.9843,24.2361],[71.9843,24.2362],[71.9843,24.2363],[71.9843,24.2364],[71.9818,24.2461],[71.987,24.249],[71.987,24.2491],[71.9979,24.2575],[72.0108,24.2578],[72.0237,24.2562],[72.0238,24.2562],[72.0326,24.2565],[72.0327,24.2565],[72.0328,24.2565],[72.0328,24.2566],[72.0463,24.2654],[72.0464,24.2655],[72.052,24.2722],[72.0521,24.2722],[72.0521,24.2723],[72.0521,24.2724],[72.0521,24.2725],[72.0522,24.2823],[72.0522,24.2824],[72.0522,24.2825],[72.0522,24.2826],[72.0521,24.2826],[72.0521,24.2827],[72.052,24.2827],[72.052,24.2828],[72.0428,24.2873],[72.0427,24.2873],[72.0426,24.2873],[72.0248,24.2908],[72.0205,24.2969],[72.0233,24.3027],[72.0267,24.3078],[72.0351,24.3114],[72.0352,24.3115],[72.0353,24.3116],[72.0353,24.3117],[72.0354,24.3117],[72.0354,24.3118],[72.0354,24.3119],[72.0354,24.3166],[72.0405,24.3207],[72.0405,24.3208],[72.0406,24.3208],[72.0406,24.3209],[72.0406,24.321],[72.0406,24.3211],[72.0406,24.3212],[72.0406,24.3213],[72.0406,24.3214],[72.0405,24.3214],[72.0342,24.3299],[72.0291,24.3421],[72.0454,24.3403],[72.0455,24.3403],[72.0455,24.3404],[72.0456,24.3404],[72.0457,24.3404],[72.0457,24.3405],[72.0458,24.3405],[72.0458,24.3406],[72.0459,24.3406],[72.0459,24.3407],[72.0501,24.3513],[72.0501,24.3514],[72.0501,24.3515],[72.0501,24.3516],[72.0501,24.3517],[72.05,24.3517],[72.05,24.3518],[72.0499,24.3519],[72.0498,24.352],[72.0426,24.3559],[72.0425,24.3559],[72.0424,24.3559],[72.0423,24.3559],[72.0422,24.3559],[72.0298,24.3538],[72.0254,24.355],[72.0204,24.3621],[72.0193,24.3725],[72.0254,24.3755],[72.0321,24.3775],[72.0424,24.3743],[72.0425,24.3743],[72.0426,24.3743],[72.0427,24.3743],[72.0428,24.3744],[72.0429,24.3744],[72.0429,24.3745],[72.043,24.3745],[72.0454,24.3781],[72.0455,24.3781],[72.0489,24.3845],[72.0489,24.3846],[72.0489,24.3847],[72.0494,24.3891],[72.0494,24.3892],[72.0493,24.3892],[72.0493,24.3893],[72.0493,24.3894],[72.0492,24.3894],[72.0492,24.3895],[72.0491,24.3895],[72.0491,24.3896],[72.034,24.3975],[72.0329,24.3999],[72.0319,24.4061],[72.0319,24.4062],[72.0318,24.4063],[72.0318,24.4064],[72.0317,24.4064],[72.0316,24.4065],[72.0244,24.4099],[72.0227,24.4126],[72.0229,24.4162],[72.0248,24.4211],[72.0285,24.4311],[72.0285,24.4312],[72.0285,24.4313],[72.0292,24.4411],[72.0294,24.4459],[72.0294,24.446],[72.0294,24.4461],[72.0294,24.4462],[72.0293,24.4463],[72.0292,24.4464],[72.0291,24.4464],[72.029,24.4464],[72.029,24.4465],[72.007,24.4491],[72.0069,24.4491],[72.0068,24.449],[71.9768,24.4406],[71.9665,24.4391],[71.9562,24.439],[71.9546,24.4401],[71.9488,24.4449],[71.9477,24.4461],[71.9461,24.4494],[71.9458,24.475],[71.9457,24.4751],[71.9457,24.4752],[71.9456,24.4753],[71.9456,24.4754],[71.9455,24.4754],[71.9454,24.4754],[71.9454,24.4755],[71.9453,24.4755],[71.9416,24.4755],[71.9424,24.4809],[71.9424,24.481],[71.9411,24.4923],[71.9411,24.4924],[71.9411,24.4925],[71.941,24.4925],[71.941,24.4926],[71.9346,24.4992],[71.9309,24.5101],[71.9318,24.5173],[71.9319,24.5174],[71.9319,24.5206],[71.9345,24.5248],[71.9346,24.5249],[71.9346,24.525],[71.9355,24.5289],[71.9355,24.529],[71.9355,24.5291],[71.9355,24.5292],[71.9339,24.5339],[71.9339,24.534],[71.9338,24.534],[71.9338,24.5341],[71.9337,24.5342],[71.9309,24.5364],[71.9309,24.5365],[71.9308,24.5365],[71.9307,24.5365],[71.9306,24.5365],[71.926,24.5371],[71.9253,24.5389],[71.9231,24.545],[71.9216,24.552],[71.9229,24.5594],[71.9229,24.5595],[71.9229,24.5596],[71.9229,24.5597],[71.9229,24.5598],[71.9228,24.5598],[71.9228,24.5599],[71.9181,24.565],[71.918,24.565],[71.9179,24.5651],[71.9156,24.5662],[71.9155,24.5663],[71.9154,24.5663],[71.9127,24.5666],[71.9076,24.5673],[71.9031,24.5679],[71.9007,24.5699],[71.8993,24.572],[71.8948,24.5813],[71.8932,24.5866],[71.8932,24.5867],[71.8931,24.5867],[71.8931,24.5868],[71.893,24.5869],[71.8929,24.5869],[71.8928,24.587],[71.8927,24.587],[71.8889,24.5871],[71.8888,24.5871],[71.8887,24.5871],[71.8886,24.5871],[71.8886,24.587],[71.8855,24.5848],[71.8801,24.5822],[71.88,24.5822],[71.8799,24.5821],[71.8798,24.582],[71.8794,24.5809],[71.8794,24.5808],[71.8793,24.5801],[71.8708,24.5794],[71.8608,24.5809],[71.8523,24.5858],[71.8487,24.5893],[71.8485,24.5952],[71.8495,24.5998],[71.8512,24.6018],[71.8513,24.6019],[71.8513,24.602],[71.8527,24.6081],[71.8527,24.6082],[71.8528,24.6082],[71.8527,24.6083],[71.8527,24.6084],[71.8527,24.6085],[71.8526,24.6086],[71.8526,24.6087],[71.8512,24.6097],[71.8523,24.6093],[71.8655,24.6305],[71.8576,24.6663],[71.8718,24.6816],[71.9187,24.672],[71.9153,24.6494],[71.9397,24.6338],[71.9881,24.6574],[71.984,24.6859],[71.9937,24.6949],[72.0125,24.6905],[72.0582,24.7124],[72.0848,24.7068],[72.0897,24.6587],[72.1246,24.6385],[72.1505,24.6435],[72.1647,24.6212],[72.1966,24.6146],[72.1947,24.6229],[72.2303,24.6405],[72.2547,24.6249],[72.2708,24.6375],[72.3049,24.6176],[72.3203,24.6176],[72.3353,24.6332],[72.3473,24.6285],[72.3361,24.5987],[72.3136,24.5937],[72.2974,24.609],[72.2761,24.6073],[72.2464,24.5854],[72.2648,24.5602],[72.2858,24.5652],[72.2948,24.5466],[72.3289,24.5523],[72.3308,24.5692],[72.3537,24.5636],[72.3886,24.5075],[72.4163,24.5211],[72.4414,24.5148],[72.4302,24.48],[72.4572,24.4147],[72.5003,24.417],[72.4932,24.4591],[72.5044,24.4581],[72.5202,24.5002],[72.5337,24.5039],[72.5389,24.5195],[72.5761,24.4787],[72.6833,24.4637],[72.6893,24.4117],[72.7249,24.3673],[72.8059,24.3629],[72.8536,24.3712],[72.8911,24.357],[72.9106,24.3371],[72.9593,24.361],[72.9672,24.3132],[72.9968,24.3079]]]},"properties":{"name":"Banaskantha","state":"Gujarat","warning":"YELLOW","category":"Lowest band, 39-68 mm/24h observed","maxMm24h":39.3}},{"type":"Feature","geometry":{"type":"Polygon","coordinates":[[[71.6652,23.9724],[71.6052,23.9425],[71.5868,23.9634],[71.5917,23.9763],[71.5606,23.9793],[71.5658,23.9959],[71.5546,24.0009],[71.546,23.9816],[71.498,23.9697],[71.4875,23.9753],[71.4912,24.0148],[71.4792,24.0251],[71.4425,23.981],[71.4545,23.9647],[71.4447,23.9412],[71.4162,23.9249],[71.3952,23.9657],[71.3742,23.9551],[71.366,23.9704],[71.3356,23.97],[71.3191,23.9836],[71.3094,23.9932],[71.285,23.9916],[71.2917,24.0198],[71.3217,24.0523],[71.3052,24.0622],[71.3157,24.0718],[71.3165,24.0957],[71.3262,24.1003],[71.3364,24.105],[71.3364,24.1053],[71.336,24.106],[71.3337,24.1163],[71.3326,24.1163],[71.3019,24.1212],[71.273,24.1411],[71.2854,24.1494],[71.258,24.1594],[71.2726,24.1763],[71.3022,24.1597],[71.3289,24.172],[71.3375,24.1637],[71.3435,24.1773],[71.3585,24.173],[71.3607,24.1856],[71.3259,24.1819],[71.3296,24.1955],[71.303,24.2074],[71.3101,24.222],[71.2906,24.225],[71.2797,24.2363],[71.2917,24.2479],[71.2854,24.2419],[71.2741,24.2575],[71.2839,24.2658],[71.3026,24.2595],[71.2947,24.3009],[71.3142,24.3218],[71.375,24.3338],[71.3821,24.3477],[71.3712,24.3507],[71.384,24.3507],[71.3735,24.3785],[71.3619,24.3838],[71.366,24.3915],[71.3461,24.3865],[71.3191,24.4024],[71.3431,24.4253],[71.3206,24.4455],[71.3311,24.4608],[71.3491,24.4574],[71.3315,24.4793],[71.3484,24.5175],[71.2925,24.5191],[71.2572,24.5082],[71.2602,24.5334],[71.2974,24.5642],[71.3064,24.5884],[71.3067,24.5894],[71.288,24.5931],[71.285,24.5937],[71.288,24.6159],[71.3139,24.6481],[71.348,24.661],[71.3585,24.6309],[71.3772,24.6259],[71.4777,24.6796],[71.5306,24.6832],[71.5418,24.676],[71.5733,24.6839],[71.5902,24.6673],[71.6078,24.6769],[71.6555,24.6392],[71.708,24.6617],[71.7365,24.6604],[71.7916,24.6773],[71.8103,24.6561],[71.8058,24.6266],[71.8512,24.6097],[71.8526,24.6087],[71.8526,24.6086],[71.8527,24.6085],[71.8527,24.6084],[71.8527,24.6083],[71.8528,24.6082],[71.8527,24.6082],[71.8527,24.6081],[71.8513,24.602],[71.8513,24.6019],[71.8512,24.6018],[71.8495,24.5998],[71.8485,24.5952],[71.8487,24.5893],[71.8523,24.5858],[71.8608,24.5809],[71.8708,24.5794],[71.8793,24.5801],[71.8794,24.5808],[71.8794,24.5809],[71.8798,24.582],[71.8799,24.5821],[71.88,24.5822],[71.8801,24.5822],[71.8855,24.5848],[71.8886,24.587],[71.8886,24.5871],[71.8887,24.5871],[71.8888,24.5871],[71.8889,24.5871],[71.8927,24.587],[71.8928,24.587],[71.8929,24.5869],[71.893,24.5869],[71.8931,24.5868],[71.8931,24.5867],[71.8932,24.5867],[71.8932,24.5866],[71.8948,24.5813],[71.8993,24.572],[71.9007,24.5699],[71.9031,24.5679],[71.9076,24.5673],[71.9127,24.5666],[71.9154,24.5663],[71.9155,24.5663],[71.9156,24.5662],[71.9179,24.5651],[71.918,24.565],[71.9181,24.565],[71.9228,24.5599],[71.9228,24.5598],[71.9229,24.5598],[71.9229,24.5597],[71.9229,24.5596],[71.9229,24.5595],[71.9229,24.5594],[71.9216,24.552],[71.9231,24.545],[71.9253,24.5389],[71.926,24.5371],[71.9306,24.5365],[71.9307,24.5365],[71.9308,24.5365],[71.9309,24.5365],[71.9309,24.5364],[71.9337,24.5342],[71.9338,24.5341],[71.9338,24.534],[71.9339,24.534],[71.9339,24.5339],[71.9355,24.5292],[71.9355,24.5291],[71.9355,24.529],[71.9355,24.5289],[71.9346,24.525],[71.9346,24.5249],[71.9345,24.5248],[71.9319,24.5206],[71.9319,24.5174],[71.9318,24.5173],[71.9309,24.5101],[71.9346,24.4992],[71.941,24.4926],[71.941,24.4925],[71.9411,24.4925],[71.9411,24.4924],[71.9411,24.4923],[71.9424,24.481],[71.9424,24.4809],[71.9416,24.4755],[71.9453,24.4755],[71.9454,24.4755],[71.9454,24.4754],[71.9455,24.4754],[71.9456,24.4754],[71.9456,24.4753],[71.9457,24.4752],[71.9457,24.4751],[71.9458,24.475],[71.9461,24.4494],[71.9477,24.4461],[71.9488,24.4449],[71.9546,24.4401],[71.9562,24.439],[71.9665,24.4391],[71.9768,24.4406],[72.0068,24.449],[72.0069,24.4491],[72.007,24.4491],[72.029,24.4465],[72.029,24.4464],[72.0291,24.4464],[72.0292,24.4464],[72.0293,24.4463],[72.0294,24.4462],[72.0294,24.4461],[72.0294,24.446],[72.0294,24.4459],[72.0292,24.4411],[72.0285,24.4313],[72.0285,24.4312],[72.0285,24.4311],[72.0248,24.4211],[72.0229,24.4162],[72.0227,24.4126],[72.0244,24.4099],[72.0316,24.4065],[72.0317,24.4064],[72.0318,24.4064],[72.0318,24.4063],[72.0319,24.4062],[72.0319,24.4061],[72.0329,24.3999],[72.034,24.3975],[72.0491,24.3896],[72.0491,24.3895],[72.0492,24.3895],[72.0492,24.3894],[72.0493,24.3894],[72.0493,24.3893],[72.0493,24.3892],[72.0494,24.3892],[72.0494,24.3891],[72.0489,24.3847],[72.0489,24.3846],[72.0489,24.3845],[72.0455,24.3781],[72.0454,24.3781],[72.043,24.3745],[72.0429,24.3745],[72.0429,24.3744],[72.0428,24.3744],[72.0427,24.3743],[72.0426,24.3743],[72.0425,24.3743],[72.0424,24.3743],[72.0321,24.3775],[72.0254,24.3755],[72.0193,24.3725],[72.0204,24.3621],[72.0254,24.355],[72.0298,24.3538],[72.0422,24.3559],[72.0423,24.3559],[72.0424,24.3559],[72.0425,24.3559],[72.0426,24.3559],[72.0498,24.352],[72.0499,24.3519],[72.05,24.3518],[72.05,24.3517],[72.0501,24.3517],[72.0501,24.3516],[72.0501,24.3515],[72.0501,24.3514],[72.0501,24.3513],[72.0459,24.3407],[72.0459,24.3406],[72.0458,24.3406],[72.0458,24.3405],[72.0457,24.3405],[72.0457,24.3404],[72.0456,24.3404],[72.0455,24.3404],[72.0455,24.3403],[72.0454,24.3403],[72.0291,24.3421],[72.0342,24.3299],[72.0405,24.3214],[72.0406,24.3214],[72.0406,24.3213],[72.0406,24.3212],[72.0406,24.3211],[72.0406,24.321],[72.0406,24.3209],[72.0406,24.3208],[72.0405,24.3208],[72.0405,24.3207],[72.0354,24.3166],[72.0354,24.3119],[72.0354,24.3118],[72.0354,24.3117],[72.0353,24.3117],[72.0353,24.3116],[72.0352,24.3115],[72.0351,24.3114],[72.0267,24.3078],[72.0233,24.3027],[72.0205,24.2969],[72.0248,24.2908],[72.0426,24.2873],[72.0427,24.2873],[72.0428,24.2873],[72.052,24.2828],[72.052,24.2827],[72.0521,24.2827],[72.0521,24.2826],[72.0522,24.2826],[72.0522,24.2825],[72.0522,24.2824],[72.0522,24.2823],[72.0521,24.2725],[72.0521,24.2724],[72.0521,24.2723],[72.0521,24.2722],[72.052,24.2722],[72.0464,24.2655],[72.0463,24.2654],[72.0328,24.2566],[72.0328,24.2565],[72.0327,24.2565],[72.0326,24.2565],[72.0238,24.2562],[72.0237,24.2562],[72.0108,24.2578],[71.9979,24.2575],[71.987,24.2491],[71.987,24.249],[71.9818,24.2461],[71.9843,24.2364],[71.9843,24.2363],[71.9843,24.2362],[71.9843,24.2361],[71.9825,24.228],[71.9825,24.2279],[71.9824,24.2279],[71.9824,24.2278],[71.9823,24.2277],[71.9713,24.2204],[71.9712,24.2204],[71.9595,24.2169],[71.9594,24.2168],[71.9482,24.2161],[71.9293,24.2084],[71.9306,24.2055],[71.9306,24.2054],[71.9307,24.2053],[71.9309,24.2004],[71.9309,24.2003],[71.9307,24.1962],[71.9306,24.1962],[71.9297,24.1878],[71.9286,24.1816],[71.93,24.1777],[71.93,24.1776],[71.93,24.1775],[71.93,24.1774],[71.9295,24.1745],[71.9295,24.1744],[71.9295,24.1743],[71.928,24.1712],[71.9274,24.1691],[71.9274,24.169],[71.9273,24.169],[71.9273,24.1689],[71.9255,24.1666],[71.9235,24.1631],[71.927,24.156],[71.9315,24.1506],[71.9315,24.1505],[71.9316,24.1505],[71.9316,24.1504],[71.9316,24.1503],[71.9316,24.1502],[71.9316,24.1501],[71.9315,24.1501],[71.9315,24.15],[71.9314,24.1499],[71.9313,24.1499],[71.9313,24.1498],[71.9312,24.1498],[71.9226,24.1477],[71.9225,24.1477],[71.9224,24.1477],[71.9109,24.1492],[71.9016,24.1475],[71.8897,24.1412],[71.8897,24.1411],[71.8896,24.1411],[71.8814,24.1393],[71.8813,24.1393],[71.872,24.1402],[71.8719,24.1402],[71.8718,24.1403],[71.8717,24.1403],[71.868,24.1429],[71.8646,24.1428],[71.861,24.1402],[71.8591,24.1376],[71.8569,24.1341],[71.8557,24.1309],[71.8554,24.1292],[71.857,24.1225],[71.857,24.1224],[71.8568,24.1179],[71.8568,24.1178],[71.8568,24.1177],[71.8558,24.1149],[71.8557,24.1148],[71.8525,24.1105],[71.8524,24.1105],[71.8442,24.1037],[71.842,24.0978],[71.8422,24.0958],[71.8458,24.0947],[71.8459,24.0946],[71.8506,24.0918],[71.8507,24.0918],[71.8507,24.0917],[71.8521,24.0902],[71.8522,24.0901],[71.8522,24.09],[71.8531,24.0874],[71.8531,24.0873],[71.8531,24.0872],[71.8531,24.0842],[71.8543,24.0782],[71.8543,24.0781],[71.8542,24.078],[71.8542,24.0779],[71.8523,24.0747],[71.8522,24.0747],[71.8522,24.0746],[71.8521,24.0746],[71.8521,24.0745],[71.8482,24.0729],[71.843,24.0707],[71.8401,24.069],[71.84,24.069],[71.8399,24.069],[71.8362,24.0685],[71.832,24.068],[71.8287,24.0675],[71.8249,24.0662],[71.8248,24.0662],[71.8211,24.0655],[71.818,24.063],[71.8147,24.0608],[71.8146,24.0608],[71.8146,24.0607],[71.8145,24.0607],[71.8144,24.0607],[71.8143,24.0608],[71.8142,24.0608],[71.809,24.0635],[71.8039,24.0648],[71.7993,24.065],[71.7941,24.0656],[71.7896,24.0658],[71.7895,24.0658],[71.7868,24.0661],[71.7809,24.0675],[71.7755,24.0663],[71.768,24.0647],[71.7603,24.0629],[71.7602,24.0629],[71.7601,24.0629],[71.76,24.0629],[71.76,24.063],[71.7577,24.064],[71.7545,24.0653],[71.7514,24.066],[71.7486,24.0665],[71.7457,24.064],[71.7415,24.0596],[71.7384,24.0565],[71.7359,24.0538],[71.7358,24.0537],[71.734,24.0525],[71.7339,24.0525],[71.7339,24.0524],[71.7338,24.0524],[71.7337,24.0524],[71.7336,24.0524],[71.7335,24.0524],[71.7334,24.0525],[71.7263,24.0576],[71.7193,24.0612],[71.7094,24.0656],[71.7061,24.0652],[71.7021,24.0637],[71.702,24.0637],[71.7014,24.0635],[71.7013,24.0635],[71.7013,24.0634],[71.7012,24.0634],[71.6931,24.0631],[71.684,24.0637],[71.6812,24.0577],[71.6812,24.0517],[71.6812,24.0516],[71.6812,24.0515],[71.6791,24.0459],[71.6775,24.0415],[71.6775,24.0414],[71.6775,24.0413],[71.6774,24.0413],[71.6774,24.0412],[71.6773,24.0412],[71.6704,24.0382],[71.6646,24.0344],[71.6645,24.0344],[71.6644,24.0344],[71.6599,24.0341],[71.6566,24.0338],[71.6553,24.0321],[71.6561,24.0281],[71.6581,24.0195],[71.661,24.0191],[71.6611,24.0191],[71.6612,24.019],[71.6613,24.019],[71.6613,24.0189],[71.6614,24.0188],[71.6626,24.0156],[71.6635,24.0136],[71.665,24.0134],[71.6716,24.0157],[71.6716,24.0158],[71.6717,24.0158],[71.6785,24.0165],[71.6786,24.0165],[71.6787,24.0165],[71.6788,24.0165],[71.6846,24.0138],[71.6847,24.0138],[71.6894,24.0111],[71.6895,24.011],[71.6896,24.011],[71.6924,24.0075],[71.6924,24.0074],[71.6925,24.0074],[71.6925,24.0073],[71.6925,24.0072],[71.6925,24.0071],[71.6925,24.0034],[71.6925,24.0033],[71.6925,24.0032],[71.6912,23.999],[71.6912,23.9989],[71.6911,23.9989],[71.6911,23.9988],[71.689,23.9968],[71.6846,23.9926],[71.6825,23.9889],[71.682,23.9856],[71.6822,23.9761],[71.6822,23.976],[71.6821,23.976],[71.6821,23.9759],[71.68,23.9716],[71.68,23.9715],[71.6799,23.9715],[71.6799,23.9714],[71.6798,23.9714],[71.6797,23.9714],[71.6797,23.9713],[71.6796,23.9713],[71.6652,23.9724]]]},"properties":{"name":"Vav-Tharad","state":"Gujarat","warning":"YELLOW","category":"Lowest band, 39-68 mm/24h observed","maxMm24h":41.8}}]}