{"type":"FeatureCollection","case":"assam","event":"Live case, most recent 48 h available","window":["2026-08-29","2026-08-31"],"note":"IMD 24 h category ratios scaled by 0.6 and applied to GPM IMERG V07 observed rainfall. NOT IMD categories and NOT the warning IMD issued.","features":[{"type":"Feature","geometry":{"type":"Polygon","coordinates":[[[93.0447,23.4105],[92.9468,23.5136],[92.881,23.5191],[92.7816,23.2992],[92.6899,23.328],[92.6731,23.383],[92.6547,23.5178],[92.6746,23.6236],[92.6257,23.7968],[92.6608,23.8326],[92.6272,23.9536],[92.8474,24.0264],[92.9024,24.2216],[92.8612,24.3137],[92.8963,24.3907],[93.0095,24.4127],[93.0233,24.234],[92.9759,24.1158],[93.2068,24.047],[93.1502,23.8106],[93.0447,23.7652],[93.0462,23.6662],[93.0447,23.4105]]]},"properties":{"name":"Aizawl","state":"Mizoram","warning":"YELLOW","category":"Lowest band, 39-68 mm/24h observed","maxMm24h":57.8}},{"type":"Feature","geometry":{"type":"Polygon","coordinates":[[[92.8963,24.3907],[92.8612,24.3137],[92.9024,24.2216],[92.8474,24.0264],[92.6272,23.9536],[92.6318,24.0292],[92.5385,24.1103],[92.5324,24.1776],[92.5507,24.2478],[92.6119,24.256],[92.6257,24.3316],[92.6899,24.3536],[92.7618,24.5131],[92.8,24.4196],[92.8963,24.3907]]]},"properties":{"name":"Kolasib","state":"Mizoram","warning":"YELLOW","category":"Lowest band, 39-68 mm/24h observed","maxMm24h":43.2}},{"type":"Feature","geometry":{"type":"Polygon","coordinates":[[[86.6221,20.7957],[86.5991,20.8549],[86.4952,20.8672],[86.3606,20.848],[86.2811,20.9085],[86.2857,21.0157],[86.3667,21.237],[86.515,21.1353],[86.6527,21.1078],[86.6725,21.1697],[86.801,21.2302],[86.8591,21.2137],[86.853,21.0941],[86.9768,20.8604],[86.9677,20.7916],[86.8652,20.7834],[86.8056,20.7353],[86.7597,20.7669],[86.6221,20.7957]]]},"properties":{"name":"Bhadrak","state":"Odisha","warning":"RED","category":"Highest band, >= 123 mm/24h observed","maxMm24h":199.8}},{"type":"Feature","geometry":{"type":"Polygon","coordinates":[[[85.7122,21.1381],[85.7504,20.9923],[85.8452,20.9332],[85.9171,20.9277],[85.8988,20.8466],[86.0303,20.8095],[85.9156,20.7009],[85.8881,20.6583],[85.7871,20.672],[85.7061,20.6239],[85.6556,20.5497],[85.5853,20.5139],[85.5042,20.5359],[85.4568,20.485],[85.2519,20.518],[85.1265,20.6156],[85.1143,20.683],[85.1892,20.7009],[85.255,20.7957],[85.2305,21.0721],[85.2718,21.1752],[85.3941,21.1834],[85.4981,21.1147],[85.5455,21.1669],[85.7061,21.1683],[85.7122,21.1381]]]},"properties":{"name":"Dhenkanal","state":"Odisha","warning":"ORANGE","category":"Middle band, 69-122 mm/24h observed","maxMm24h":85.2}},{"type":"Feature","geometry":{"type":"Polygon","coordinates":[[[86.2857,21.0157],[86.2811,20.9085],[86.3606,20.848],[86.4952,20.8672],[86.5991,20.8549],[86.6221,20.7957],[86.564,20.7751],[86.5257,20.6885],[86.4523,20.6748],[86.3774,20.5937],[86.2795,20.5813],[86.145,20.6418],[86.041,20.5923],[85.9156,20.7009],[86.0303,20.8095],[85.8988,20.8466],[85.9171,20.9277],[85.8452,20.9332],[85.7504,20.9923],[85.7122,21.1381],[85.8223,21.0913],[85.9171,21.0927],[86.0272,21.1381],[86.0502,21.0212],[86.1343,21.0762],[86.2857,21.0157]]]},"properties":{"name":"Jajpur","state":"Odisha","warning":"ORANGE","category":"Middle band, 69-122 mm/24h observed","maxMm24h":88.1}},{"type":"Feature","geometry":{"type":"Polygon","coordinates":[[[82.3388,20.8741],[82.4596,20.826],[82.4887,20.9085],[82.5606,20.947],[82.6385,21.0886],[82.6936,21.0198],[82.6814,20.8851],[82.7012,20.7284],[82.7425,20.6294],[82.6844,20.4603],[82.7303,20.3819],[82.8129,20.3256],[82.8618,20.2293],[82.8205,20.1661],[82.7181,19.9888],[82.3985,20.0561],[82.3862,20.1455],[82.4214,20.2046],[82.4,20.3407],[82.4382,20.4342],[82.3327,20.562],[82.377,20.6321],[82.3526,20.7009],[82.3388,20.8741]]]},"properties":{"name":"Nuapada","state":"Odisha","warning":"YELLOW","category":"Lowest band, 39-68 mm/24h observed","maxMm24h":57.8}},{"type":"Feature","geometry":{"type":"Polygon","coordinates":[[[83.4567,21.0583],[83.5102,20.98],[83.6386,20.9813],[83.5759,20.8727],[83.6646,20.705],[83.5943,20.606],[83.6019,20.5304],[83.5836,20.4878],[83.6662,20.4218],[83.6509,20.3888],[83.6187,20.3517],[83.4995,20.4163],[83.4215,20.4026],[83.3618,20.3173],[83.238,20.2568],[83.2257,20.2046],[83.1447,20.1689],[83.0912,20.2005],[83.0162,20.1716],[82.8205,20.1661],[82.8618,20.2293],[82.8129,20.3256],[82.7303,20.3819],[82.6844,20.4603],[82.7425,20.6294],[82.7012,20.7284],[82.8893,20.9071],[82.9811,20.8452],[83.1309,20.8576],[83.2166,20.9305],[83.2854,20.8535],[83.4047,20.8892],[83.3863,20.9896],[83.4567,21.0583]]]},"properties":{"name":"Balangir","state":"Odisha","warning":"YELLOW","category":"Lowest band, 39-68 mm/24h observed","maxMm24h":52.7}},{"type":"Feature","geometry":{"type":"Polygon","coordinates":[[[83.6019,20.5304],[83.6845,20.5593],[83.7579,20.7174],[83.7625,20.7806],[83.8374,20.826],[83.9368,20.8425],[84.0408,20.8205],[84.1922,20.8892],[84.2671,20.881],[84.3482,20.8329],[84.3604,20.7655],[84.5607,20.6899],[84.6387,20.6239],[84.7672,20.6033],[84.6815,20.4328],[84.5103,20.3957],[84.3879,20.5304],[84.3696,20.6514],[84.2763,20.672],[84.2258,20.5813],[83.8741,20.5827],[83.7961,20.5084],[83.8145,20.4356],[83.6662,20.4218],[83.5836,20.4878],[83.6019,20.5304]]]},"properties":{"name":"Boudh","state":"Odisha","warning":"YELLOW","category":"Lowest band, 39-68 mm/24h observed","maxMm24h":40.4}},{"type":"Feature","geometry":{"type":"Polygon","coordinates":[[[85.1265,20.6156],[85.2519,20.518],[85.4568,20.485],[85.5042,20.5359],[85.5853,20.5139],[85.6556,20.5497],[85.7061,20.6239],[85.7871,20.672],[85.8881,20.6583],[85.9156,20.7009],[86.041,20.5923],[86.145,20.6418],[86.2795,20.5813],[86.249,20.5387],[86.2734,20.3874],[86.249,20.3654],[86.0104,20.3778],[86.0395,20.2871],[86.1511,20.2142],[86.1419,20.1441],[86.1817,20.0534],[86.1251,20.0369],[86.0807,20.1042],[85.8789,20.3572],[85.7856,20.4342],[85.7168,20.4039],[85.6235,20.2926],[85.5241,20.3063],[85.3299,20.2788],[85.3666,20.3668],[85.1586,20.3792],[84.8482,20.5277],[84.8972,20.5827],[85.0745,20.5813],[85.1265,20.6156]]]},"properties":{"name":"Cuttack","state":"Odisha","warning":"YELLOW","category":"Lowest band, 39-68 mm/24h observed","maxMm24h":66.0}},{"type":"Feature","geometry":{"type":"Polygon","coordinates":[[[83.6509,20.3888],[83.6662,20.4218],[83.8145,20.4356],[83.7961,20.5084],[83.8741,20.5827],[84.2258,20.5813],[84.2763,20.672],[84.3696,20.6514],[84.3879,20.5304],[84.5103,20.3957],[84.5424,20.2513],[84.5867,20.1744],[84.4873,20.1414],[84.4537,20.1675],[84.3635,20.0259],[84.3895,19.9558],[84.4629,19.953],[84.4613,19.8568],[84.3788,19.8458],[84.2748,19.8802],[84.1845,19.8609],[84.1601,19.7386],[84.2396,19.6657],[84.2335,19.5736],[84.1295,19.63],[83.9399,19.6354],[83.8451,19.7097],[83.7671,19.7166],[83.6478,19.6574],[83.6187,19.8142],[83.5285,19.8554],[83.5606,19.9296],[83.4964,19.9599],[83.5882,20.0987],[83.7105,20.1015],[83.7824,20.2128],[83.7197,20.2376],[83.7059,20.3682],[83.6509,20.3888]]]},"properties":{"name":"Kandhamal","state":"Odisha","warning":"YELLOW","category":"Lowest band, 39-68 mm/24h observed","maxMm24h":61.6}},{"type":"Feature","geometry":{"type":"Polygon","coordinates":[[[84.5103,20.3957],[84.6815,20.4328],[84.7672,20.6033],[84.8482,20.5277],[85.1586,20.3792],[85.3666,20.3668],[85.3299,20.2788],[85.3223,20.2293],[85.2229,20.2211],[85.2122,20.1317],[85.362,20.1881],[85.3804,20.0712],[85.4553,19.9709],[85.4186,19.9241],[85.1617,19.9049],[85.1235,19.9338],[84.94,19.898],[84.9017,19.9915],[84.7978,20.0905],[84.8314,20.217],[84.7045,20.2788],[84.5867,20.1744],[84.5424,20.2513],[84.5103,20.3957]]]},"properties":{"name":"Nayagarh","state":"Odisha","warning":"YELLOW","category":"Lowest band, 39-68 mm/24h observed","maxMm24h":47.0}},{"type":"Feature","geometry":{"type":"Polygon","coordinates":[[[80.672,19.7028],[80.5634,19.7592],[80.5466,19.8183],[80.4686,19.8265],[80.5298,19.9393],[80.5451,20.1001],[80.5848,20.1771],[80.6537,20.2266],[80.7148,20.1908],[80.75,20.2912],[80.8295,20.3091],[80.8601,20.3874],[80.9916,20.4589],[81.1491,20.3764],[81.2225,20.4191],[81.325,20.5634],[81.4106,20.5538],[81.4565,20.5139],[81.5972,20.5194],[81.692,20.4809],[81.7944,20.327],[81.7745,20.2321],[81.8143,20.1675],[81.6797,20.1304],[81.5849,20.195],[81.4504,20.1469],[81.3877,20.0479],[81.2913,20.0218],[81.3265,19.9393],[81.406,19.8802],[81.3739,19.7798],[81.1583,19.7551],[81.0849,19.7069],[81.0084,19.8128],[80.9488,19.8307],[80.8876,19.9379],[80.8433,19.9475],[80.7485,19.8527],[80.672,19.7028]]]},"properties":{"name":"Uttar Bastar Kanker","state":"Chhattisgarh","warning":"YELLOW","category":"Lowest band, 39-68 mm/24h observed","maxMm24h":53.0}},{"type":"Feature","geometry":{"type":"Polygon","coordinates":[[[85.3299,20.2788],[85.5241,20.3063],[85.6235,20.2926],[85.7168,20.4039],[85.7856,20.4342],[85.8789,20.3572],[86.0807,20.1042],[85.8988,20.1097],[85.8865,20.184],[85.703,20.1427],[85.6786,20.0671],[85.5516,19.9626],[85.5639,19.8527],[85.4385,19.8829],[85.3299,19.7853],[85.2519,19.7674],[85.1831,19.6726],[85.1372,19.7386],[85.0042,19.8045],[84.94,19.898],[85.1235,19.9338],[85.1617,19.9049],[85.4186,19.9241],[85.4553,19.9709],[85.3804,20.0712],[85.362,20.1881],[85.2122,20.1317],[85.2229,20.2211],[85.3223,20.2293],[85.3299,20.2788]]]},"properties":{"name":"Khordha","state":"Odisha","warning":"YELLOW","category":"Lowest band, 39-68 mm/24h observed","maxMm24h":53.7}},{"type":"Feature","geometry":{"type":"Polygon","coordinates":[[[82.7181,19.9888],[82.8205,20.1661],[83.0162,20.1716],[83.0912,20.2005],[83.1447,20.1689],[83.2257,20.2046],[83.238,20.2568],[83.3618,20.3173],[83.4215,20.4026],[83.4995,20.4163],[83.6187,20.3517],[83.6509,20.3888],[83.7059,20.3682],[83.7197,20.2376],[83.7824,20.2128],[83.7105,20.1015],[83.5882,20.0987],[83.4964,19.9599],[83.4047,19.9214],[83.4536,19.7372],[83.3695,19.6203],[83.264,19.5475],[83.186,19.4567],[83.0698,19.5612],[82.9795,19.4499],[82.9184,19.2381],[82.871,19.1955],[82.8557,19.2052],[82.822,19.322],[82.7563,19.3275],[82.689,19.4196],[82.5667,19.5447],[82.5468,19.6121],[82.5942,19.7757],[82.6966,19.8307],[82.7181,19.9888]]]},"properties":{"name":"Kalahandi","state":"Odisha","warning":"YELLOW","category":"Lowest band, 39-68 mm/24h observed","maxMm24h":55.9}},{"type":"Feature","geometry":{"type":"Polygon","coordinates":[[[86.1817,20.0534],[86.1419,20.1441],[86.1511,20.2142],[86.0395,20.2871],[86.0104,20.3778],[86.249,20.3654],[86.3942,20.3654],[86.4523,20.3297],[86.6037,20.3407],[86.723,20.2981],[86.7765,20.3352],[86.6802,20.2637],[86.5334,20.1812],[86.3698,19.9819],[86.2704,20.041],[86.1817,20.0534]]]},"properties":{"name":"Jagatsinghpur","state":"Odisha","warning":"ORANGE","category":"Middle band, 69-122 mm/24h observed","maxMm24h":100.2}},{"type":"Feature","geometry":{"type":"Polygon","coordinates":[[[86.0807,20.1042],[86.1251,20.0369],[86.1817,20.0534],[86.2704,20.041],[86.3698,19.9819],[86.2275,19.9008],[85.885,19.8128],[85.6786,19.7454],[85.3528,19.5887],[85.1724,19.4677],[85.1831,19.6726],[85.2519,19.7674],[85.3299,19.7853],[85.4385,19.8829],[85.5639,19.8527],[85.5516,19.9626],[85.6786,20.0671],[85.703,20.1427],[85.8865,20.184],[85.8988,20.1097],[86.0807,20.1042]]]},"properties":{"name":"Puri","state":"Odisha","warning":"YELLOW","category":"Lowest band, 39-68 mm/24h observed","maxMm24h":64.0}},{"type":"Feature","geometry":{"type":"Polygon","coordinates":[[[82.5942,19.7757],[82.5468,19.6121],[82.5667,19.5447],[82.689,19.4196],[82.7563,19.3275],[82.822,19.322],[82.8557,19.2052],[82.8037,19.1515],[82.7012,19.1914],[82.6156,19.1584],[82.5177,19.2024],[82.4015,19.1653],[82.3526,19.1845],[82.2058,19.1213],[82.1614,19.2024],[82.189,19.4279],[82.1263,19.4292],[82.1003,19.5172],[82.0284,19.5076],[82.059,19.6286],[82.0651,19.7908],[81.9856,19.8018],[81.9688,19.8595],[81.8694,19.9022],[81.8449,19.9516],[81.8755,20.0506],[81.8755,20.052],[81.9458,20.1056],[82.0177,20.0493],[82.0697,20.0575],[82.1844,19.9846],[82.2685,19.975],[82.3449,19.8362],[82.4459,19.9104],[82.5315,19.8788],[82.5942,19.7757]]]},"properties":{"name":"Nabarangapur","state":"Odisha","warning":"YELLOW","category":"Lowest band, 39-68 mm/24h observed","maxMm24h":48.5}},{"type":"Feature","geometry":{"type":"Polygon","coordinates":[[[80.8524,19.3646],[80.8953,19.52],[80.7148,19.6162],[80.672,19.7028],[80.7485,19.8527],[80.8433,19.9475],[80.8876,19.9379],[80.9488,19.8307],[81.0084,19.8128],[81.0849,19.7069],[81.1583,19.7551],[81.3739,19.7798],[81.3739,19.7303],[81.4855,19.6877],[81.4274,19.4801],[81.4764,19.4719],[81.4702,19.377],[81.3433,19.3193],[81.2974,19.3358],[81.1292,19.256],[80.9549,19.2368],[80.9518,19.311],[80.8524,19.3646]]]},"properties":{"name":"Narayanpur","state":"Chhattisgarh","warning":"YELLOW","category":"Lowest band, 39-68 mm/24h observed","maxMm24h":47.5}},{"type":"Feature","geometry":{"type":"Polygon","coordinates":[[[74.2785,15.5222],[74.3427,15.5181],[74.4222,15.4631],[74.4268,15.3985],[74.5445,15.4163],[74.6134,15.3586],[74.7388,15.415],[74.8886,15.3077],[74.91,15.2514],[74.832,15.1359],[74.8886,15.0506],[75.0828,15.0754],[75.1027,14.9338],[75.0415,14.7743],[75.0507,14.6492],[75.0232,14.5681],[74.9009,14.5296],[74.8794,14.4361],[74.9483,14.399],[74.8901,14.2162],[74.7923,14.2272],[74.6654,14.1845],[74.6378,14.0952],[74.6669,13.9866],[74.5828,13.9261],[74.5155,13.9866],[74.4696,14.1887],[74.4421,14.2244],[74.3947,14.4183],[74.3549,14.509],[74.2693,14.6272],[74.2632,14.7193],[74.1179,14.7853],[74.0858,14.9008],[74.202,14.9255],[74.2968,15.041],[74.2724,15.0974],[74.3167,15.1867],[74.2601,15.2417],[74.3259,15.283],[74.3228,15.3682],[74.2754,15.3916],[74.2509,15.4919],[74.2785,15.5222]]]},"properties":{"name":"Uttara Kannada","state":"Karnataka","warning":"YELLOW","category":"Lowest band, 39-68 mm/24h observed","maxMm24h":39.9}},{"type":"Feature","geometry":{"type":"Polygon","coordinates":[[[73.9344,15.4328],[73.9619,15.5401],[74.0307,15.4782],[74.0552,15.4081],[74.1791,15.4369],[74.2509,15.4919],[74.2754,15.3916],[74.3228,15.3682],[74.3259,15.283],[74.2601,15.2417],[74.3167,15.1867],[74.2724,15.0974],[74.2968,15.041],[74.202,14.9255],[74.0858,14.9008],[73.9818,15.0548],[73.8839,15.3545],[73.9344,15.4328]]]},"properties":{"name":"South Goa","state":"Goa","warning":"YELLOW","category":"Lowest band, 39-68 mm/24h observed","maxMm24h":39.9}},{"type":"Feature","geometry":{"type":"Polygon","coordinates":[[[74.777,13.071],[74.8259,13.1301],[74.8779,13.0957],[74.9941,13.1576],[75.1501,13.1246],[75.2052,13.1769],[75.2939,13.1246],[75.3795,13.1796],[75.407,13.1122],[75.5156,13.0655],[75.5141,12.9789],[75.5584,12.9156],[75.6211,12.8552],[75.615,12.7974],[75.667,12.6971],[75.6425,12.6325],[75.67,12.5513],[75.615,12.5101],[75.4926,12.484],[75.4162,12.4991],[75.2801,12.5238],[75.1119,12.6806],[74.9819,12.7383],[74.8687,12.7589],[74.8229,12.8469],[74.777,13.071]]]},"properties":{"name":"Dakshina Kannada","state":"Karnataka","warning":"YELLOW","category":"Lowest band, 39-68 mm/24h observed","maxMm24h":40.7}},{"type":"Feature","geometry":{"type":"Polygon","coordinates":[[[74.8687,12.7589],[74.9819,12.7383],[75.1119,12.6806],[75.2801,12.5238],[75.4162,12.4991],[75.3657,12.4125],[75.4223,12.3726],[75.4147,12.2901],[75.2036,12.1912],[75.1654,12.0894],[75.0415,12.3891],[75.0155,12.418],[74.8687,12.7589]]]},"properties":{"name":"Kasaragod","state":"Kerala","warning":"YELLOW","category":"Lowest band, 39-68 mm/24h observed","maxMm24h":40.7}},{"type":"Feature","geometry":{"type":"Polygon","coordinates":[[[81.3739,19.7798],[81.406,19.8802],[81.3265,19.9393],[81.2913,20.0218],[81.3877,20.0479],[81.4504,20.1469],[81.5849,20.195],[81.6797,20.1304],[81.8143,20.1675],[81.8755,20.052],[81.8755,20.0506],[81.8449,19.9516],[81.8694,19.9022],[81.9688,19.8595],[81.9856,19.8018],[82.0651,19.7908],[82.059,19.6286],[82.0284,19.5076],[81.8632,19.5516],[81.7914,19.454],[81.7944,19.3522],[81.666,19.366],[81.6079,19.2725],[81.536,19.223],[81.3754,19.3055],[81.3433,19.3193],[81.4702,19.377],[81.4764,19.4719],[81.4274,19.4801],[81.4855,19.6877],[81.3739,19.7303],[81.3739,19.7798]]]},"properties":{"name":"Kondagaon","state":"Chhattisgarh","warning":"YELLOW","category":"Lowest band, 39-68 mm/24h observed","maxMm24h":49.8}},{"type":"Feature","geometry":{"type":"Polygon","coordinates":[[[81.9886,21.0831],[82.1614,21.0157],[82.1981,20.9387],[82.3388,20.8741],[82.3526,20.7009],[82.377,20.6321],[82.3327,20.562],[82.4382,20.4342],[82.4,20.3407],[82.4214,20.2046],[82.3862,20.1455],[82.3985,20.0561],[82.7181,19.9888],[82.6966,19.8307],[82.5942,19.7757],[82.5315,19.8788],[82.4459,19.9104],[82.3449,19.8362],[82.2685,19.975],[82.1844,19.9846],[82.0697,20.0575],[82.0177,20.0493],[82.1003,20.1056],[82.1798,20.2568],[82.1079,20.2912],[82.085,20.4108],[82.0207,20.5277],[81.981,20.7243],[81.9229,20.7517],[81.8663,20.9621],[81.9886,21.0831]]]},"properties":{"name":"Gariaband","state":"Chhattisgarh","warning":"YELLOW","category":"Lowest band, 39-68 mm/24h observed","maxMm24h":66.8}},{"type":"Feature","geometry":{"type":"Polygon","coordinates":[[[82.1935,21.3786],[82.1461,21.3113],[82.0284,21.2329],[81.9886,21.0831],[81.8663,20.9621],[81.8143,20.9456],[81.7486,21.0116],[81.6125,21.0226],[81.5803,21.1216],[81.6262,21.1614],[81.5421,21.2467],[81.5543,21.3319],[81.6385,21.4034],[81.643,21.5464],[81.695,21.6013],[81.7516,21.5835],[81.9015,21.6],[81.9305,21.4927],[82.1935,21.3786]]]},"properties":{"name":"Raipur","state":"Chhattisgarh","warning":"YELLOW","category":"Lowest band, 39-68 mm/24h observed","maxMm24h":38.9}},{"type":"Feature","geometry":{"type":"Polygon","coordinates":[[[81.5543,21.3319],[81.5421,21.2467],[81.6262,21.1614],[81.5803,21.1216],[81.6125,21.0226],[81.5895,20.9401],[81.4718,20.87],[81.4167,20.8494],[81.4198,21.0061],[81.1552,21.0762],[81.2072,21.1037],[81.198,21.2219],[81.1491,21.2123],[81.1919,21.3883],[81.2042,21.5175],[81.3556,21.5436],[81.4412,21.4872],[81.4962,21.3539],[81.5543,21.3319]]]},"properties":{"name":"Durg","state":"Chhattisgarh","warning":"YELLOW","category":"Lowest band, 39-68 mm/24h observed","maxMm24h":47.8}},{"type":"Feature","geometry":{"type":"MultiPolygon","coordinates":[[[[88.1253,21.6742],[88.032,21.688],[88.1039,21.8419],[88.1666,21.8227],[88.1711,21.7374],[88.1253,21.6742]]],[[[89.0153,21.7787],[89.0932,21.6522],[89.0382,21.611],[89.0153,21.7787]]],[[[88.0824,22.2612],[88.0901,22.363],[88.1696,22.4826],[88.2384,22.5444],[88.3424,22.5046],[88.4143,22.5568],[88.5213,22.5623],[88.5611,22.6242],[88.6238,22.5802],[88.7033,22.4344],[88.8226,22.3712],[88.8042,22.3286],[89.055,22.1279],[89.0688,21.9492],[89.0076,21.9024],[88.9327,21.9423],[88.8532,21.923],[88.7629,21.9547],[88.7629,22.0151],[88.633,21.9547],[88.532,21.8529],[88.4449,21.9175],[88.3913,21.8969],[88.3592,21.8048],[88.2675,21.7278],[88.3027,21.6701],[88.2598,21.556],[88.2124,21.7828],[88.1451,21.9547],[88.2078,22.0261],[88.2185,22.1031],[88.1834,22.187],[88.0824,22.2612]]],[[[88.7767,21.8681],[88.8088,21.6687],[88.7461,21.6618],[88.6911,21.7512],[88.7155,21.9052],[88.7767,21.8681]]],[[[88.9434,21.9148],[88.948,21.7691],[88.821,21.9272],[88.8822,21.9134],[88.9434,21.9148]]]]},"properties":{"name":"South 24 Parganas","state":"West Bengal","warning":"YELLOW","category":"Lowest band, 39-68 mm/24h observed","maxMm24h":43.8}},{"type":"Feature","geometry":{"type":"Polygon","coordinates":[[[85.3941,21.1834],[85.2718,21.1752],[85.2305,21.0721],[85.255,20.7957],[85.1892,20.7009],[85.1143,20.683],[85.1265,20.6156],[85.0745,20.5813],[84.8972,20.5827],[84.8482,20.5277],[84.7672,20.6033],[84.6387,20.6239],[84.5607,20.6899],[84.3604,20.7655],[84.3482,20.8329],[84.2671,20.881],[84.2794,20.9222],[84.3742,20.9552],[84.4812,21.0803],[84.5852,21.0611],[84.6678,21.0927],[84.7442,21.1697],[84.8773,21.1642],[84.94,21.1958],[84.8972,21.2604],[85.0118,21.2975],[84.992,21.4116],[85.0256,21.4474],[85.1541,21.4625],[85.203,21.5216],[85.1449,21.5945],[85.1908,21.6605],[85.255,21.6742],[85.3345,21.4817],[85.3039,21.4158],[85.3421,21.3663],[85.284,21.2989],[85.3941,21.1834]]]},"properties":{"name":"Angul","state":"Odisha","warning":"ORANGE","category":"Middle band, 69-122 mm/24h observed","maxMm24h":83.0}},{"type":"Feature","geometry":{"type":"Polygon","coordinates":[[[81.8143,20.1675],[81.7745,20.2321],[81.7944,20.327],[81.692,20.4809],[81.5972,20.5194],[81.4565,20.5139],[81.4106,20.5538],[81.4978,20.6101],[81.5161,20.7133],[81.4779,20.7765],[81.4718,20.87],[81.5895,20.9401],[81.6125,21.0226],[81.7486,21.0116],[81.8143,20.9456],[81.8663,20.9621],[81.9229,20.7517],[81.981,20.7243],[82.0207,20.5277],[82.085,20.4108],[82.1079,20.2912],[82.1798,20.2568],[82.1003,20.1056],[82.0177,20.0493],[81.9458,20.1056],[81.8755,20.052],[81.8143,20.1675]]]},"properties":{"name":"Dhamtari","state":"Chhattisgarh","warning":"YELLOW","category":"Lowest band, 39-68 mm/24h observed","maxMm24h":66.8}},{"type":"Feature","geometry":{"type":"Polygon","coordinates":[[[86.6221,20.7957],[86.7597,20.7669],[86.8056,20.7353],[86.8606,20.7751],[87.0227,20.771],[87.0564,20.7146],[86.7888,20.5345],[86.7368,20.4617],[86.7765,20.3352],[86.723,20.2981],[86.6037,20.3407],[86.4523,20.3297],[86.3942,20.3654],[86.249,20.3654],[86.2734,20.3874],[86.249,20.5387],[86.2795,20.5813],[86.3774,20.5937],[86.4523,20.6748],[86.5257,20.6885],[86.564,20.7751],[86.6221,20.7957]]]},"properties":{"name":"Kendrapara","state":"Odisha","warning":"RED","category":"Highest band, >= 123 mm/24h observed","maxMm24h":201.8}},{"type":"Feature","geometry":{"type":"Polygon","coordinates":[[[81.4106,20.5538],[81.325,20.5634],[81.2225,20.4191],[81.1491,20.3764],[80.9916,20.4589],[80.9534,20.5414],[80.958,20.6308],[80.8173,20.6885],[80.8188,20.76],[80.9213,20.782],[80.9656,20.9085],[80.9534,21.0033],[81.1201,21.0047],[81.1552,21.0762],[81.4198,21.0061],[81.4167,20.8494],[81.4718,20.87],[81.4779,20.7765],[81.5161,20.7133],[81.4978,20.6101],[81.4106,20.5538]]]},"properties":{"name":"Balod","state":"Chhattisgarh","warning":"YELLOW","category":"Lowest band, 39-68 mm/24h observed","maxMm24h":56.9}},{"type":"Feature","geometry":{"type":"Polygon","coordinates":[[[87.5228,22.928],[87.5105,22.8977],[87.6298,22.8125],[87.7414,22.7768],[87.8133,22.6145],[87.8531,22.5953],[87.8928,22.5197],[87.6466,22.4358],[87.6466,22.3327],[87.7231,22.319],[87.7017,22.1265],[87.5381,22.0825],[87.4601,22.0083],[87.4769,21.8997],[87.4417,21.7677],[87.2827,21.8034],[87.249,21.8543],[87.2429,21.9643],[87.1374,22.1265],[87.1818,22.1911],[87.2047,22.3038],[87.1619,22.4248],[87.0824,22.4716],[87.0992,22.6943],[87.0762,22.7259],[87.064,22.851],[87.2705,22.9032],[87.3576,22.9541],[87.457,22.9129],[87.5228,22.928]]]},"properties":{"name":"Paschim Medinipur","state":"West Bengal","warning":"YELLOW","category":"Lowest band, 39-68 mm/24h observed","maxMm24h":54.9}},{"type":"Feature","geometry":{"type":"Polygon","coordinates":[[[87.4417,21.7677],[87.4769,21.8997],[87.4601,22.0083],[87.5381,22.0825],[87.7017,22.1265],[87.7231,22.319],[87.6466,22.3327],[87.6466,22.4358],[87.8928,22.5197],[87.9372,22.4221],[87.9525,22.2764],[87.9983,22.2447],[88.0152,22.2021],[88.136,22.1856],[88.1864,22.1045],[88.0641,22.0179],[87.9555,21.8309],[87.7888,21.699],[87.6742,21.6508],[87.4845,21.6151],[87.4417,21.7677]]]},"properties":{"name":"Purba Medinipur","state":"West Bengal","warning":"ORANGE","category":"Middle band, 69-122 mm/24h observed","maxMm24h":71.5}},{"type":"Feature","geometry":{"type":"Polygon","coordinates":[[[86.7276,22.2159],[86.8377,22.0976],[86.9646,22.0853],[87.0288,22.0385],[87.0013,21.9134],[87.1007,21.8639],[87.1588,21.7718],[87.0457,21.7141],[87.0059,21.6013],[86.7398,21.6055],[86.6481,21.5807],[86.5823,21.523],[86.5303,21.4268],[86.3606,21.303],[86.2688,21.38],[86.2092,21.281],[86.1159,21.2728],[86.1067,21.3498],[86.1648,21.424],[86.1312,21.4707],[86.0089,21.534],[86.0807,21.6288],[86.0257,21.6948],[85.8758,21.7952],[85.8116,21.8103],[85.7963,21.9505],[85.6709,22.0138],[85.6832,22.0578],[85.7489,22.0743],[85.7841,21.9849],[85.8972,21.9835],[86.0089,22.1155],[86.0318,22.1897],[85.9737,22.2475],[86.0287,22.3341],[86.018,22.4262],[85.963,22.4853],[86.067,22.5568],[86.119,22.4867],[86.2826,22.4482],[86.3591,22.3492],[86.4294,22.3162],[86.4967,22.3465],[86.5548,22.2983],[86.7276,22.2159]]]},"properties":{"name":"Mayurbhanj","state":"Odisha","warning":"ORANGE","category":"Middle band, 69-122 mm/24h observed","maxMm24h":101.0}},{"type":"Feature","geometry":{"type":"Polygon","coordinates":[[[85.1908,21.6605],[85.1449,21.5945],[85.0485,21.5903],[85.0256,21.6728],[84.7901,21.6687],[84.6907,21.71],[84.6617,21.7608],[84.5883,21.7581],[84.5256,21.8144],[84.5103,22.0578],[84.4766,22.1897],[84.2671,22.1045],[84.2702,22.0151],[84.0699,21.989],[83.9781,21.9052],[83.8971,21.945],[83.7197,21.7856],[83.5912,21.8254],[83.5392,21.9657],[83.5377,22.0454],[83.6279,22.2035],[83.8023,22.2942],[83.8634,22.3437],[84.0102,22.3712],[84.0469,22.4688],[84.0118,22.5279],[84.1111,22.4771],[84.1968,22.3781],[84.2916,22.3423],[84.4292,22.352],[84.5347,22.4276],[84.7503,22.4193],[84.81,22.4537],[84.9583,22.4454],[85.0699,22.4908],[85.0776,22.2571],[85.0287,22.1224],[85.1801,22.0729],[85.2382,22.0096],[85.2794,21.9588],[85.3773,21.9354],[85.3406,21.8254],[85.2902,21.8378],[85.1999,21.7622],[85.1908,21.6605]]]},"properties":{"name":"Sundargarh","state":"Odisha","warning":"ORANGE","category":"Middle band, 69-122 mm/24h observed","maxMm24h":95.4}},{"type":"Feature","geometry":{"type":"Polygon","coordinates":[[[81.4748,22.4894],[81.5115,22.3808],[81.5559,22.3437],[81.5161,22.154],[81.5008,22.0042],[81.4549,21.9134],[81.3204,21.8309],[81.2944,21.7691],[81.172,21.7045],[81.1017,21.7347],[80.9993,21.7278],[80.9304,21.8241],[80.8463,21.8351],[80.8326,21.8969],[80.9075,22.11],[81.0038,22.0591],[81.0451,22.2406],[81.1185,22.2915],[81.1109,22.4358],[81.1935,22.4908],[81.2485,22.4592],[81.328,22.5252],[81.4748,22.4894]]]},"properties":{"name":"Kabeerdham","state":"Chhattisgarh","warning":"YELLOW","category":"Lowest band, 39-68 mm/24h observed","maxMm24h":39.8}},{"type":"Feature","geometry":{"type":"Polygon","coordinates":[[[86.3667,21.237],[86.2857,21.0157],[86.1343,21.0762],[86.0502,21.0212],[86.0272,21.1381],[85.9171,21.0927],[85.8223,21.0913],[85.7122,21.1381],[85.7061,21.1683],[85.5455,21.1669],[85.4981,21.1147],[85.3941,21.1834],[85.284,21.2989],[85.3421,21.3663],[85.3039,21.4158],[85.3345,21.4817],[85.255,21.6742],[85.1908,21.6605],[85.1999,21.7622],[85.2902,21.8378],[85.3406,21.8254],[85.3773,21.9354],[85.2794,21.9588],[85.2382,22.0096],[85.2749,22.0825],[85.3972,22.1636],[85.6832,22.0578],[85.6709,22.0138],[85.7963,21.9505],[85.8116,21.8103],[85.8758,21.7952],[86.0257,21.6948],[86.0807,21.6288],[86.0089,21.534],[86.1312,21.4707],[86.1648,21.424],[86.1067,21.3498],[86.1159,21.2728],[86.2092,21.281],[86.2688,21.38],[86.3606,21.303],[86.3667,21.237]]]},"properties":{"name":"Kendujhar","state":"Odisha","warning":"ORANGE","category":"Middle band, 69-122 mm/24h observed","maxMm24h":88.1}},{"type":"Feature","geometry":{"type":"Polygon","coordinates":[[[86.8591,21.2137],[86.801,21.2302],[86.6725,21.1697],[86.6527,21.1078],[86.515,21.1353],[86.3667,21.237],[86.3606,21.303],[86.5303,21.4268],[86.5823,21.523],[86.6481,21.5807],[86.7398,21.6055],[87.0059,21.6013],[87.0457,21.7141],[87.1588,21.7718],[87.1007,21.8639],[87.1084,21.9244],[87.2429,21.9643],[87.249,21.8543],[87.2827,21.8034],[87.4417,21.7677],[87.4845,21.6151],[87.4081,21.545],[87.22,21.5354],[87.1481,21.5092],[86.9493,21.358],[86.8591,21.2137]]]},"properties":{"name":"Balasore","state":"Odisha","warning":"ORANGE","category":"Middle band, 69-122 mm/24h observed","maxMm24h":118.0}},{"type":"Feature","geometry":{"type":"Polygon","coordinates":[[[83.5912,21.8254],[83.7197,21.7856],[83.8971,21.945],[83.9781,21.9052],[84.0699,21.989],[84.2702,22.0151],[84.3589,22.0371],[84.3742,21.956],[84.2885,21.7718],[84.2381,21.8062],[84.0897,21.7704],[83.9812,21.7801],[83.9674,21.5807],[83.7992,21.5629],[83.6967,21.699],[83.5668,21.7429],[83.4872,21.644],[83.4612,21.6976],[83.5912,21.8254]]]},"properties":{"name":"Jharsuguda","state":"Odisha","warning":"YELLOW","category":"Lowest band, 39-68 mm/24h observed","maxMm24h":53.3}},{"type":"Feature","geometry":{"type":"Polygon","coordinates":[[[80.5619,20.8232],[80.5466,20.9346],[80.464,20.9291],[80.4396,21.0968],[80.464,21.1752],[80.6139,21.226],[80.6613,21.3333],[80.7378,21.4735],[80.7148,21.6618],[80.7561,21.7622],[80.8173,21.7622],[80.8463,21.8351],[80.9304,21.8241],[80.9993,21.7278],[81.1017,21.7347],[81.172,21.7045],[81.2042,21.5175],[81.1919,21.3883],[81.1491,21.2123],[81.198,21.2219],[81.2072,21.1037],[81.1552,21.0762],[81.1201,21.0047],[80.9534,21.0033],[80.9656,20.9085],[80.9213,20.782],[80.8188,20.76],[80.8173,20.6885],[80.958,20.6308],[80.9534,20.5414],[80.9916,20.4589],[80.8601,20.3874],[80.8295,20.3091],[80.75,20.2912],[80.7148,20.1908],[80.6537,20.2266],[80.5848,20.1771],[80.5451,20.1001],[80.5053,20.1441],[80.4319,20.1359],[80.3952,20.2445],[80.6261,20.3324],[80.591,20.3929],[80.617,20.5854],[80.5206,20.5799],[80.5803,20.6734],[80.5619,20.8232]]]},"properties":{"name":"Rajnandgaon","state":"Chhattisgarh","warning":"YELLOW","category":"Lowest band, 39-68 mm/24h observed","maxMm24h":41.6}},{"type":"Feature","geometry":{"type":"Polygon","coordinates":[[[85.1449,21.5945],[85.203,21.5216],[85.1541,21.4625],[85.0256,21.4474],[84.992,21.4116],[85.0118,21.2975],[84.8972,21.2604],[84.94,21.1958],[84.8773,21.1642],[84.7442,21.1697],[84.7611,21.2769],[84.7106,21.3181],[84.5668,21.2494],[84.547,21.3731],[84.4032,21.3786],[84.4093,21.4762],[84.5363,21.567],[84.5026,21.6825],[84.6311,21.6976],[84.6617,21.7608],[84.6907,21.71],[84.7901,21.6687],[85.0256,21.6728],[85.0485,21.5903],[85.1449,21.5945]]]},"properties":{"name":"Deogarh","state":"Odisha","warning":"ORANGE","category":"Middle band, 69-122 mm/24h observed","maxMm24h":85.8}},{"type":"Feature","geometry":{"type":"Polygon","coordinates":[[[83.2686,21.3773],[83.0591,21.4364],[82.9337,21.4969],[82.923,21.5477],[82.9857,21.6481],[82.949,21.7237],[83.264,21.7155],[83.1783,21.8502],[83.1875,21.9272],[83.0912,21.9753],[83.004,21.9657],[83.0147,22.0756],[82.9367,22.1224],[83.03,22.1691],[83.03,22.2392],[83.0805,22.3107],[83.1141,22.4221],[83.0866,22.4702],[83.1111,22.6709],[83.1585,22.774],[83.2181,22.7878],[83.3511,22.73],[83.4093,22.6407],[83.4001,22.5541],[83.5759,22.4592],[83.6493,22.3918],[83.738,22.3781],[83.8023,22.2942],[83.6279,22.2035],[83.5377,22.0454],[83.5392,21.9657],[83.5912,21.8254],[83.4612,21.6976],[83.4872,21.644],[83.3833,21.6206],[83.3374,21.501],[83.3985,21.4048],[83.3924,21.3429],[83.2747,21.3773],[83.2716,21.3773],[83.2686,21.3773]]]},"properties":{"name":"Raigarh","state":"Chhattisgarh","warning":"YELLOW","category":"Lowest band, 39-68 mm/24h observed","maxMm24h":44.7}},{"type":"Feature","geometry":{"type":"Polygon","coordinates":[[[84.2794,20.9222],[84.2381,20.9222],[84.1433,21.0336],[84.0179,21.0514],[83.9842,21.1312],[83.894,21.1752],[83.9108,21.2384],[83.8726,21.3044],[83.8864,21.4378],[83.7992,21.5629],[83.9674,21.5807],[83.9812,21.7801],[84.0897,21.7704],[84.2381,21.8062],[84.2885,21.7718],[84.3742,21.956],[84.3589,22.0371],[84.2702,22.0151],[84.2671,22.1045],[84.4766,22.1897],[84.5103,22.0578],[84.5256,21.8144],[84.5883,21.7581],[84.6617,21.7608],[84.6311,21.6976],[84.5026,21.6825],[84.5363,21.567],[84.4093,21.4762],[84.4032,21.3786],[84.547,21.3731],[84.5668,21.2494],[84.7106,21.3181],[84.7611,21.2769],[84.7442,21.1697],[84.6678,21.0927],[84.5852,21.0611],[84.4812,21.0803],[84.3742,20.9552],[84.2794,20.9222]]]},"properties":{"name":"Sambalpur","state":"Odisha","warning":"ORANGE","category":"Middle band, 69-122 mm/24h observed","maxMm24h":82.2}},{"type":"Feature","geometry":{"type":"Polygon","coordinates":[[[73.0536,8.2731],[73.0429,8.2635],[73.0184,8.2759],[73.0536,8.2731]]]},"properties":{"name":"Lakshadweep","state":"Lakshadweep","warning":"YELLOW","category":"Lowest band, 39-68 mm/24h observed","maxMm24h":39.5}},{"type":"Feature","geometry":{"type":"Polygon","coordinates":[[[94.4011,28.339],[94.3567,28.1988],[94.3919,28.0833],[94.4852,28.0215],[94.5953,27.8702],[94.3185,27.7726],[94.1931,27.8111],[94.1487,27.8661],[94.0738,27.8496],[94.0677,27.939],[93.9622,27.9788],[93.8551,28.0819],[93.8918,28.1287],[93.8398,28.2373],[93.6793,28.3225],[93.612,28.2717],[93.456,28.2717],[93.3367,28.3528],[93.2236,28.3418],[93.1823,28.4325],[93.2786,28.504],[93.3398,28.6401],[93.4927,28.6841],[93.6227,28.6566],[93.846,28.7075],[93.9622,28.713],[94.0233,28.6511],[94.0019,28.5782],[94.109,28.5219],[94.1487,28.4394],[94.242,28.4462],[94.3292,28.3583],[94.4011,28.339]]]},"properties":{"name":"Upper Subansiri","state":"Arunachal Pradesh","warning":"ORANGE","category":"Middle band, 69-122 mm/24h observed","maxMm24h":89.1}},{"type":"Feature","geometry":{"type":"Polygon","coordinates":[[[96.8615,27.631],[96.6994,27.6599],[96.6291,27.6846],[96.6321,27.8111],[96.5282,27.9005],[96.4165,27.9238],[96.2881,28.0613],[96.3355,28.1727],[96.2957,28.2497],[96.3049,28.3693],[96.3141,28.383],[96.5083,28.4133],[96.5786,28.4572],[96.6627,28.46],[96.7805,28.3638],[96.8967,28.3803],[96.9946,28.3101],[97.0894,28.3624],[97.1704,28.2923],[97.2209,28.2923],[97.3707,28.218],[97.3279,28.1548],[97.3279,28.0572],[97.3876,28.0036],[97.3753,27.9087],[97.253,27.9005],[97.1566,27.8139],[97.0313,27.7492],[96.9028,27.6131],[96.8615,27.631]]]},"properties":{"name":"Anjaw","state":"Arunachal Pradesh","warning":"YELLOW","category":"Lowest band, 39-68 mm/24h observed","maxMm24h":57.6}},{"type":"Feature","geometry":{"type":"Polygon","coordinates":[[[95.7743,27.7328],[95.7804,27.6214],[95.8737,27.5444],[95.8828,27.4358],[95.9409,27.4372],[96.0159,27.3684],[95.9593,27.3107],[95.8568,27.2708],[95.7422,27.2667],[95.6336,27.231],[95.5342,27.264],[95.4837,27.242],[95.4455,27.2942],[95.4745,27.3671],[95.3094,27.3891],[95.2207,27.4441],[95.2283,27.499],[95.3186,27.587],[95.2696,27.6805],[95.392,27.7273],[95.5143,27.8799],[95.5189,27.884],[95.6061,27.9555],[95.8186,27.972],[95.97,27.9596],[95.7743,27.7328]]]},"properties":{"name":"Tinsukia","state":"Assam","warning":"YELLOW","category":"Lowest band, 39-68 mm/24h observed","maxMm24h":42.0}},{"type":"Feature","geometry":{"type":"Polygon","coordinates":[[[95.5143,27.8799],[95.392,27.7273],[95.2696,27.6805],[95.1962,27.7039],[95.0922,27.6599],[94.9959,27.6585],[94.7466,27.4372],[94.6931,27.4221],[94.6258,27.3368],[94.5922,27.3781],[94.4989,27.3299],[94.3903,27.3506],[94.3093,27.319],[94.3078,27.4358],[94.2665,27.5197],[94.213,27.6063],[94.2374,27.6324],[94.3644,27.5747],[94.4622,27.5554],[94.8522,27.7273],[95.1366,27.8152],[95.3094,27.8675],[95.3797,27.8386],[95.5143,27.8799]]]},"properties":{"name":"Dhemaji","state":"Assam","warning":"YELLOW","category":"Lowest band, 39-68 mm/24h observed","maxMm24h":43.0}},{"type":"Feature","geometry":{"type":"Polygon","coordinates":[[[96.6994,27.6599],[96.8615,27.631],[96.9349,27.5087],[96.9028,27.4523],[96.9624,27.4014],[97.0909,27.2131],[97.1643,27.1416],[97.0634,27.0921],[96.9839,27.154],[96.86,27.1897],[96.8845,27.2598],[96.7973,27.3464],[96.6061,27.3657],[96.5083,27.2983],[96.3064,27.2942],[96.0893,27.2227],[96.022,27.1801],[95.9455,27.0509],[95.8018,27.0151],[95.7452,26.8955],[95.684,26.9038],[95.681,26.9849],[95.629,27.0275],[95.6672,27.1719],[95.6336,27.231],[95.7422,27.2667],[95.8568,27.2708],[95.9593,27.3107],[96.0159,27.3684],[95.9409,27.4372],[95.8828,27.4358],[95.8737,27.5444],[96.0021,27.5568],[96.0618,27.6063],[96.2254,27.5678],[96.311,27.5705],[96.3722,27.6448],[96.6413,27.6283],[96.6994,27.6599]]]},"properties":{"name":"Changlang","state":"Arunachal Pradesh","warning":"YELLOW","category":"Lowest band, 39-68 mm/24h observed","maxMm24h":48.4}},{"type":"Feature","geometry":{"type":"Polygon","coordinates":[[[95.2696,27.6805],[95.3186,27.587],[95.2283,27.499],[95.2207,27.4441],[95.3094,27.3891],[95.4745,27.3671],[95.4455,27.2942],[95.4837,27.242],[95.4485,27.132],[95.3767,27.0962],[95.369,27.11],[95.3583,27.1664],[95.2834,27.198],[95.1534,27.1237],[94.9852,27.1691],[94.9684,27.2241],[94.8353,27.0921],[94.7604,27.1292],[94.7696,27.2378],[94.6411,27.2461],[94.5937,27.1457],[94.5631,27.1815],[94.6258,27.3368],[94.6931,27.4221],[94.7466,27.4372],[94.9959,27.6585],[95.0922,27.6599],[95.1962,27.7039],[95.2696,27.6805]]]},"properties":{"name":"Dibrugarh","state":"Assam","warning":"ORANGE","category":"Middle band, 69-122 mm/24h observed","maxMm24h":73.9}},{"type":"Feature","geometry":{"type":"Polygon","coordinates":[[[93.9423,27.5114],[94.1059,27.4935],[94.2191,27.5045],[93.9912,27.3286],[93.8062,27.1485],[93.8291,27.0674],[93.6976,26.9945],[93.6655,26.9684],[93.4713,26.9368],[93.3979,26.9574],[93.3398,26.9931],[93.3123,27.0797],[93.2144,27.1375],[93.3123,27.1732],[93.2251,27.2516],[93.3306,27.3547],[93.3704,27.4152],[93.2297,27.6035],[93.3291,27.6695],[93.5141,27.6503],[93.5432,27.6214],[93.6181,27.532],[93.5676,27.4715],[93.5998,27.3671],[93.6655,27.3368],[93.8353,27.3629],[93.8521,27.4647],[93.9423,27.5114]]]},"properties":{"name":"Papum Pare","state":"Arunachal Pradesh","warning":"YELLOW","category":"Lowest band, 39-68 mm/24h observed","maxMm24h":52.2}},{"type":"Feature","geometry":{"type":"Polygon","coordinates":[[[94.5937,27.1457],[94.6411,27.2461],[94.7696,27.2378],[94.7604,27.1292],[94.8353,27.0921],[94.8292,27.0165],[94.7344,26.9326],[94.924,26.9491],[94.8659,26.9093],[94.791,26.7965],[94.7359,26.7498],[94.5861,26.7251],[94.5127,26.7718],[94.4745,26.9354],[94.3965,26.9505],[94.5448,27.077],[94.5937,27.1457]]]},"properties":{"name":"Sivasagar","state":"Assam","warning":"ORANGE","category":"Middle band, 69-122 mm/24h observed","maxMm24h":73.9}},{"type":"Feature","geometry":{"type":"Polygon","coordinates":[[[94.3965,26.9505],[94.4745,26.9354],[94.5127,26.7718],[94.5861,26.7251],[94.4026,26.611],[94.4011,26.534],[94.3139,26.4611],[94.2848,26.5615],[94.1839,26.4556],[94.164,26.3511],[94.0967,26.4845],[94.0983,26.6426],[93.9729,26.7677],[94.0004,26.8667],[94.2084,26.9271],[94.3047,26.9093],[94.3965,26.9505]]]},"properties":{"name":"Jorhat","state":"Assam","warning":"ORANGE","category":"Middle band, 69-122 mm/24h observed","maxMm24h":104.1}},{"type":"Feature","geometry":{"type":"Polygon","coordinates":[[[93.0615,26.9216],[93.0676,26.7471],[93.1441,26.5945],[93.0967,26.5766],[92.9514,26.6206],[92.722,26.5367],[92.5752,26.4996],[92.4192,26.5147],[92.3412,26.5023],[92.3596,26.5835],[92.3275,26.813],[92.3596,26.9258],[92.4468,26.9588],[92.563,26.9574],[92.6562,27.0083],[92.6731,27.0316],[92.8872,27],[93.0217,26.9134],[93.0615,26.9216]]]},"properties":{"name":"Sonitpur","state":"Assam","warning":"ORANGE","category":"Middle band, 69-122 mm/24h observed","maxMm24h":107.1}},{"type":"Feature","geometry":{"type":"Polygon","coordinates":[[[93.7695,26.8447],[93.8918,26.8653],[93.9637,26.9244],[94.0004,26.8667],[93.9729,26.7677],[94.0983,26.6426],[94.0967,26.4845],[94.164,26.3511],[94.1044,26.3195],[94.0004,26.1724],[93.9545,25.9689],[93.979,25.9167],[93.8811,25.8438],[93.7771,25.8493],[93.7756,25.9689],[93.7863,26.0542],[93.8934,26.3717],[93.794,26.4405],[93.7007,26.6068],[93.4958,26.611],[93.4575,26.5766],[93.297,26.5752],[93.3062,26.6976],[93.3964,26.7512],[93.5049,26.7567],[93.6502,26.7058],[93.6487,26.7883],[93.7695,26.8447]]]},"properties":{"name":"Golaghat","state":"Assam","warning":"YELLOW","category":"Lowest band, 39-68 mm/24h observed","maxMm24h":52.1}},{"type":"Feature","geometry":{"type":"Polygon","coordinates":[[[94.7359,26.7498],[94.791,26.7965],[94.8338,26.7182],[94.7788,26.6591],[94.8797,26.5766],[94.9133,26.38],[94.8476,26.3827],[94.7665,26.4597],[94.7099,26.446],[94.6885,26.5202],[94.7329,26.6013],[94.7359,26.7498]]]},"properties":{"name":"Longleng","state":"Nagaland","warning":"YELLOW","category":"Lowest band, 39-68 mm/24h observed","maxMm24h":40.8}},{"type":"Feature","geometry":{"type":"Polygon","coordinates":[[[94.5861,26.7251],[94.7359,26.7498],[94.7329,26.6013],[94.6885,26.5202],[94.7099,26.446],[94.6503,26.3388],[94.5647,26.2879],[94.583,26.2191],[94.372,26.1958],[94.3659,26.336],[94.3139,26.4611],[94.4011,26.534],[94.4026,26.611],[94.5861,26.7251]]]},"properties":{"name":"Mokokchung","state":"Nagaland","warning":"ORANGE","category":"Middle band, 69-122 mm/24h observed","maxMm24h":104.1}},{"type":"Feature","geometry":{"type":"Polygon","coordinates":[[[92.3596,26.9258],[92.3275,26.813],[92.3596,26.5835],[92.2418,26.6027],[92.1776,26.6508],[92.0721,26.6467],[92.0033,26.5436],[91.8274,26.545],[91.7785,26.5133],[91.7372,26.6055],[91.7449,26.6879],[91.7036,26.813],[91.8932,26.9189],[91.9834,26.8584],[92.0568,26.846],[92.1134,26.8928],[92.1944,26.89],[92.3596,26.9258]]]},"properties":{"name":"Udalguri","state":"Assam","warning":"YELLOW","category":"Lowest band, 39-68 mm/24h observed","maxMm24h":64.7}},{"type":"Feature","geometry":{"type":"Polygon","coordinates":[[[90.8747,26.5628],[90.8472,26.5285],[90.7448,26.4652],[90.6821,26.4996],[90.52,26.5092],[90.5047,26.4267],[90.3992,26.4419],[90.3548,26.5697],[90.3778,26.7182],[90.3365,26.8625],[90.4175,26.9052],[90.546,26.8172],[90.7172,26.769],[90.9512,26.7773],[90.8992,26.6893],[90.8747,26.5628]]]},"properties":{"name":"Chirang","state":"Assam","warning":"ORANGE","category":"Middle band, 69-122 mm/24h observed","maxMm24h":90.2}},{"type":"Feature","geometry":{"type":"Polygon","coordinates":[[[91.7036,26.813],[91.7449,26.6879],[91.7372,26.6055],[91.7785,26.5133],[91.78,26.479],[91.725,26.5037],[91.6256,26.4474],[91.5782,26.5285],[91.5782,26.5725],[91.3121,26.5175],[91.2494,26.523],[91.2341,26.6082],[91.1515,26.6384],[91.1102,26.5615],[90.991,26.5243],[90.9894,26.5903],[90.8747,26.5628],[90.8992,26.6893],[90.9512,26.7773],[91.0537,26.7814],[91.098,26.8227],[91.2372,26.8117],[91.3366,26.78],[91.4084,26.8405],[91.4956,26.791],[91.6256,26.8213],[91.7036,26.813]]]},"properties":{"name":"Baksa","state":"Assam","warning":"ORANGE","category":"Middle band, 69-122 mm/24h observed","maxMm24h":98.2}},{"type":"Feature","geometry":{"type":"Polygon","coordinates":[[[92.4192,26.5147],[92.5752,26.4996],[92.722,26.5367],[92.9514,26.6206],[93.0967,26.5766],[93.1441,26.5945],[93.3062,26.6976],[93.297,26.5752],[93.1915,26.567],[93.0126,26.5078],[92.9422,26.3305],[92.8138,26.2631],[92.8015,26.2013],[92.7037,26.1257],[92.7526,26.0542],[92.6547,26.0006],[92.5461,25.9717],[92.5951,26.0803],[92.5293,26.1504],[92.3948,26.1133],[92.4315,26.1903],[92.4192,26.27],[92.5049,26.2728],[92.5676,26.3374],[92.5507,26.3827],[92.4406,26.3704],[92.4192,26.5147]]]},"properties":{"name":"Nagaon","state":"Assam","warning":"RED","category":"Highest band, >= 123 mm/24h observed","maxMm24h":133.8}},{"type":"Feature","geometry":{"type":"Polygon","coordinates":[[[90.3365,26.8625],[90.3778,26.7182],[90.3548,26.5697],[90.3992,26.4419],[90.4252,26.3635],[90.2875,26.2521],[90.2677,26.3305],[90.1163,26.3388],[90.1361,26.215],[90.0245,26.127],[89.8823,26.1353],[89.8594,26.2205],[89.9037,26.3374],[89.8425,26.3827],[89.8349,26.4144],[89.8701,26.6137],[89.8517,26.6976],[89.8594,26.7347],[90.049,26.7306],[90.1943,26.7732],[90.231,26.8584],[90.3365,26.8625]]]},"properties":{"name":"Kokrajhar","state":"Assam","warning":"ORANGE","category":"Middle band, 69-122 mm/24h observed","maxMm24h":80.3}},{"type":"Feature","geometry":{"type":"Polygon","coordinates":[[[92.3596,26.5835],[92.3412,26.5023],[92.2189,26.4157],[92.1577,26.4116],[92.04,26.2728],[91.9803,26.2741],[91.8794,26.2164],[91.7479,26.2095],[91.8228,26.3704],[91.78,26.479],[91.7785,26.5133],[91.8274,26.545],[92.0033,26.5436],[92.0721,26.6467],[92.1776,26.6508],[92.2418,26.6027],[92.3596,26.5835]]]},"properties":{"name":"Darrang","state":"Assam","warning":"YELLOW","category":"Lowest band, 39-68 mm/24h observed","maxMm24h":64.7}},{"type":"Feature","geometry":{"type":"Polygon","coordinates":[[[94.9133,26.38],[94.9424,26.3058],[95.0005,26.2934],[95.1228,26.3484],[95.1167,26.1078],[95.1855,26.0734],[95.1259,25.9868],[95.0143,25.8906],[94.973,25.8823],[94.846,26.0418],[94.6687,26.0198],[94.7054,26.0487],[94.7054,26.1724],[94.583,26.2191],[94.5647,26.2879],[94.6503,26.3388],[94.7099,26.446],[94.7665,26.4597],[94.8476,26.3827],[94.9133,26.38]]]},"properties":{"name":"Tuensang","state":"Nagaland","warning":"YELLOW","category":"Lowest band, 39-68 mm/24h observed","maxMm24h":40.8}},{"type":"Feature","geometry":{"type":"Polygon","coordinates":[[[90.8472,26.5285],[90.8747,26.5628],[90.9894,26.5903],[90.991,26.5243],[91.1102,26.5615],[91.1515,26.6384],[91.2341,26.6082],[91.2494,26.523],[91.231,26.4391],[91.2769,26.3415],[91.2158,26.2673],[91.2234,26.1793],[91.0812,26.1614],[90.9436,26.094],[90.7142,26.1298],[90.6698,26.2027],[90.653,26.237],[90.7891,26.3291],[90.861,26.4309],[90.8472,26.5285]]]},"properties":{"name":"Barpeta","state":"Assam","warning":"ORANGE","category":"Middle band, 69-122 mm/24h observed","maxMm24h":95.3}},{"type":"Feature","geometry":{"type":"Polygon","coordinates":[[[91.2494,26.523],[91.3121,26.5175],[91.5782,26.5725],[91.5782,26.5285],[91.5247,26.336],[91.413,26.2659],[91.3534,26.1669],[91.2234,26.1793],[91.2158,26.2673],[91.2769,26.3415],[91.231,26.4391],[91.2494,26.523]]]},"properties":{"name":"Nalbari","state":"Assam","warning":"YELLOW","category":"Lowest band, 39-68 mm/24h observed","maxMm24h":69.0}},{"type":"Feature","geometry":{"type":"Polygon","coordinates":[[[92.3412,26.5023],[92.4192,26.5147],[92.4406,26.3704],[92.5507,26.3827],[92.5676,26.3374],[92.5049,26.2728],[92.4192,26.27],[92.4315,26.1903],[92.3948,26.1133],[92.274,26.0652],[92.173,26.0762],[92.1669,26.1642],[92.0599,26.1958],[91.9803,26.2741],[92.04,26.2728],[92.1577,26.4116],[92.2189,26.4157],[92.3412,26.5023]]]},"properties":{"name":"Morigaon","state":"Assam","warning":"ORANGE","category":"Middle band, 69-122 mm/24h observed","maxMm24h":75.0}},{"type":"Feature","geometry":{"type":"Polygon","coordinates":[[[91.5782,26.5285],[91.6256,26.4474],[91.725,26.5037],[91.78,26.479],[91.8228,26.3704],[91.7479,26.2095],[91.569,26.1504],[91.5644,26.1037],[91.7234,26.0349],[91.7219,25.9662],[91.5797,26.0336],[91.4451,25.8397],[91.335,25.8411],[91.2219,25.7229],[91.1469,25.8507],[91.0078,25.8246],[91.0261,25.8865],[91.0995,26.0102],[90.9436,26.094],[91.0812,26.1614],[91.2234,26.1793],[91.3534,26.1669],[91.413,26.2659],[91.5247,26.336],[91.5782,26.5285]]]},"properties":{"name":"Kamrup","state":"Assam","warning":"YELLOW","category":"Lowest band, 39-68 mm/24h observed","maxMm24h":66.4}},{"type":"Feature","geometry":{"type":"Polygon","coordinates":[[[90.3992,26.4419],[90.5047,26.4267],[90.52,26.5092],[90.6821,26.4996],[90.7448,26.4652],[90.8472,26.5285],[90.861,26.4309],[90.7891,26.3291],[90.653,26.237],[90.6698,26.2027],[90.5215,26.1999],[90.4695,26.1683],[90.39,26.204],[90.4833,26.2961],[90.4252,26.3635],[90.3992,26.4419]]]},"properties":{"name":"Bongaigaon","state":"Assam","warning":"ORANGE","category":"Middle band, 69-122 mm/24h observed","maxMm24h":94.5}},{"type":"Feature","geometry":{"type":"Polygon","coordinates":[[[89.8425,26.3827],[89.9037,26.3374],[89.8594,26.2205],[89.8823,26.1353],[90.0245,26.127],[90.1361,26.215],[90.1163,26.3388],[90.2677,26.3305],[90.2875,26.2521],[90.4252,26.3635],[90.4833,26.2961],[90.39,26.204],[90.2646,26.1834],[90.1744,26.1037],[90.179,26.0487],[90.0826,26.0404],[89.8425,25.8823],[89.8869,25.9456],[89.7294,26.171],[89.7003,26.2178],[89.7814,26.3525],[89.8425,26.3827]]]},"properties":{"name":"Dhubri","state":"Assam","warning":"YELLOW","category":"Lowest band, 39-68 mm/24h observed","maxMm24h":59.3}},{"type":"Feature","geometry":{"type":"Polygon","coordinates":[[[90.6698,26.2027],[90.7142,26.1298],[90.9436,26.094],[91.0995,26.0102],[91.0261,25.8865],[90.9481,25.9483],[90.7172,25.9552],[90.6316,25.9195],[90.4343,25.9909],[90.1866,25.9442],[90.1224,25.9593],[90.179,26.0487],[90.1744,26.1037],[90.2646,26.1834],[90.39,26.204],[90.4695,26.1683],[90.5215,26.1999],[90.6698,26.2027]]]},"properties":{"name":"Goalpara","state":"Assam","warning":"ORANGE","category":"Middle band, 69-122 mm/24h observed","maxMm24h":80.9}},{"type":"Feature","geometry":{"type":"Polygon","coordinates":[[[92.173,26.0762],[92.274,26.0652],[92.1639,25.9703],[92.2021,25.9071],[92.1516,25.8163],[92.1516,25.672],[92.1317,25.6404],[91.8335,25.6445],[91.829,25.6734],[91.7877,25.7902],[91.5873,25.8122],[91.4589,25.7888],[91.335,25.8411],[91.4451,25.8397],[91.5797,26.0336],[91.7219,25.9662],[91.7234,26.0349],[91.8259,26.1188],[91.8672,26.0418],[92.1333,26.0446],[92.173,26.0762]]]},"properties":{"name":"Ribhoi","state":"Meghalaya","warning":"YELLOW","category":"Lowest band, 39-68 mm/24h observed","maxMm24h":48.8}},{"type":"Feature","geometry":{"type":"Polygon","coordinates":[[[94.1732,24.6313],[94.187,24.7165],[94.1396,24.8705],[94.1671,24.9269],[94.3322,24.986],[94.531,25.0341],[94.6534,25.1152],[94.7359,25.1138],[94.7436,25.0369],[94.687,24.8898],[94.632,24.8389],[94.6289,24.7564],[94.5448,24.711],[94.5341,24.6423],[94.3751,24.4938],[94.2818,24.6011],[94.1732,24.6313]]]},"properties":{"name":"Kamjong","state":"Manipur","warning":"YELLOW","category":"Lowest band, 39-68 mm/24h observed","maxMm24h":39.8}},{"type":"Feature","geometry":{"type":"Polygon","coordinates":[[[91.0078,25.8246],[91.1469,25.8507],[91.2219,25.7229],[91.335,25.8411],[91.4589,25.7888],[91.5873,25.8122],[91.7877,25.7902],[91.829,25.6734],[91.7999,25.6101],[91.5415,25.5111],[91.5461,25.4823],[91.517,25.4562],[91.309,25.4438],[91.1684,25.4658],[91.1378,25.3998],[91.0246,25.3379],[90.9237,25.3517],[90.8396,25.3077],[90.7478,25.3792],[90.7906,25.507],[90.7616,25.5524],[90.8747,25.6074],[90.9833,25.7435],[90.942,25.7545],[91.0078,25.8246]]]},"properties":{"name":"West Khasi Hills","state":"Meghalaya","warning":"ORANGE","category":"Middle band, 69-122 mm/24h observed","maxMm24h":78.8}},{"type":"Feature","geometry":{"type":"Polygon","coordinates":[[[92.8963,24.3907],[92.8,24.4196],[92.7618,24.5131],[92.6685,24.5914],[92.6287,24.8554],[92.5798,24.8719],[92.5156,24.8801],[92.4253,25.03],[92.4804,25.1083],[92.54,25.0987],[92.722,25.1125],[92.8352,25.052],[92.8979,25.0795],[93.0141,25.0616],[93.0615,25.0025],[93.1792,25.0011],[93.2465,24.9722],[93.248,24.9145],[93.1746,24.7977],[93.1089,24.8114],[93.086,24.7097],[93.0875,24.5722],[93.0493,24.5447],[93.0095,24.4127],[92.8963,24.3907]]]},"properties":{"name":"Cachar","state":"Assam","warning":"YELLOW","category":"Lowest band, 39-68 mm/24h observed","maxMm24h":39.2}},{"type":"Feature","geometry":{"type":"Polygon","coordinates":[[[92.5156,24.8801],[92.5798,24.8719],[92.5064,24.6643],[92.5094,24.4553],[92.4636,24.3],[92.4223,24.2505],[92.2954,24.245],[92.2189,24.2862],[92.2602,24.3591],[92.2143,24.509],[92.2541,24.678],[92.2954,24.7372],[92.2342,24.8994],[92.2984,24.9159],[92.3856,24.8513],[92.5156,24.8801]]]},"properties":{"name":"Karimganj","state":"Assam","warning":"YELLOW","category":"Lowest band, 39-68 mm/24h observed","maxMm24h":51.2}},{"type":"Feature","geometry":{"type":"Polygon","coordinates":[[[92.7618,24.5131],[92.6899,24.3536],[92.6257,24.3316],[92.6119,24.256],[92.5507,24.2478],[92.5324,24.1776],[92.436,24.1543],[92.4223,24.2505],[92.4636,24.3],[92.5094,24.4553],[92.5064,24.6643],[92.5798,24.8719],[92.6287,24.8554],[92.6685,24.5914],[92.7618,24.5131]]]},"properties":{"name":"Hailakandi","state":"Assam","warning":"YELLOW","category":"Lowest band, 39-68 mm/24h observed","maxMm24h":50.0}},{"type":"Feature","geometry":{"type":"Polygon","coordinates":[[[92.2954,24.245],[92.3305,24.1831],[92.3122,24.0525],[92.3244,23.9137],[92.2571,23.8133],[92.2648,23.7267],[92.1761,23.7075],[92.1547,23.8518],[92.0843,23.9893],[92.1424,24.0402],[92.2036,24.1818],[92.069,24.2711],[92.0706,24.377],[92.1394,24.4251],[92.1562,24.5255],[92.2143,24.509],[92.2602,24.3591],[92.2189,24.2862],[92.2954,24.245]]]},"properties":{"name":"North Tripura","state":"Tripura","warning":"YELLOW","category":"Lowest band, 39-68 mm/24h observed","maxMm24h":41.4}},{"type":"Feature","geometry":{"type":"Polygon","coordinates":[[[94.164,26.3511],[94.1839,26.4556],[94.2848,26.5615],[94.3139,26.4611],[94.3659,26.336],[94.372,26.1958],[94.3873,26.116],[94.3582,26.0212],[94.2757,26.0047],[94.0019,25.9909],[93.9545,25.9689],[94.0004,26.1724],[94.1044,26.3195],[94.164,26.3511]]]},"properties":{"name":"Wokha","state":"Nagaland","warning":"ORANGE","category":"Middle band, 69-122 mm/24h observed","maxMm24h":104.1}},{"type":"Feature","geometry":{"type":"Polygon","coordinates":[[[90.1224,25.9593],[90.1866,25.9442],[90.4343,25.9909],[90.3823,25.8686],[90.4007,25.7586],[90.4129,25.6582],[90.39,25.5469],[90.3197,25.4644],[90.3089,25.3654],[90.2615,25.3214],[90.234,25.2032],[90.1117,25.2238],[89.9741,25.2994],[90.0352,25.3448],[90.1514,25.375],[90.1713,25.5441],[90.0199,25.6074],[89.8991,25.727],[90.0597,25.914],[90.1224,25.9593]]]},"properties":{"name":"West Garo Hills","state":"Meghalaya","warning":"YELLOW","category":"Lowest band, 39-68 mm/24h observed","maxMm24h":47.2}},{"type":"Feature","geometry":{"type":"Polygon","coordinates":[[[90.942,25.7545],[90.9833,25.7435],[90.8747,25.6074],[90.7616,25.5524],[90.6438,25.4163],[90.442,25.4603],[90.3197,25.4644],[90.39,25.5469],[90.4129,25.6582],[90.4007,25.7586],[90.5001,25.7187],[90.5429,25.782],[90.624,25.7366],[90.679,25.7834],[90.8319,25.8191],[90.942,25.7545]]]},"properties":{"name":"East Garo Hills","state":"Meghalaya","warning":"ORANGE","category":"Middle band, 69-122 mm/24h observed","maxMm24h":88.7}},{"type":"Feature","geometry":{"type":"Polygon","coordinates":[[[96.3049,28.3693],[96.2957,28.2497],[96.3355,28.1727],[96.2881,28.0613],[96.4165,27.9238],[96.5282,27.9005],[96.6321,27.8111],[96.6291,27.6846],[96.6994,27.6599],[96.6413,27.6283],[96.3722,27.6448],[96.311,27.5705],[96.2605,27.719],[96.2728,27.7877],[96.2086,27.8771],[96.0235,27.8496],[95.7743,27.7328],[95.97,27.9596],[96.0709,28.1204],[96.2147,28.2304],[96.3049,28.3693]]]},"properties":{"name":"Lohit","state":"Arunachal Pradesh","warning":"YELLOW","category":"Lowest band, 39-68 mm/24h observed","maxMm24h":60.4}},{"type":"Feature","geometry":{"type":"Polygon","coordinates":[[[91.0261,25.8865],[91.0078,25.8246],[90.942,25.7545],[90.8319,25.8191],[90.679,25.7834],[90.624,25.7366],[90.5429,25.782],[90.5001,25.7187],[90.4007,25.7586],[90.3823,25.8686],[90.4343,25.9909],[90.6316,25.9195],[90.7172,25.9552],[90.9481,25.9483],[91.0261,25.8865]]]},"properties":{"name":"North Garo Hills","state":"Meghalaya","warning":"ORANGE","category":"Middle band, 69-122 mm/24h observed","maxMm24h":88.7}},{"type":"Feature","geometry":{"type":"Polygon","coordinates":[[[94.8353,27.0921],[94.9684,27.2241],[94.9852,27.1691],[95.1534,27.1237],[95.2834,27.198],[95.3583,27.1664],[95.369,27.11],[95.2589,27.0303],[95.1962,27.0344],[95.1014,26.9615],[94.9821,26.9134],[94.924,26.9491],[94.7344,26.9326],[94.8292,27.0165],[94.8353,27.0921]]]},"properties":{"name":"Charaideo","state":"Assam","warning":"ORANGE","category":"Middle band, 69-122 mm/24h observed","maxMm24h":73.9}},{"type":"Feature","geometry":{"type":"Polygon","coordinates":[[[94.5631,27.1815],[94.5937,27.1457],[94.5448,27.077],[94.3965,26.9505],[94.3047,26.9093],[94.2084,26.9271],[94.0004,26.8667],[93.9637,26.9244],[94.1885,27.0041],[94.2344,27.0715],[94.3124,27.0715],[94.5066,27.121],[94.5631,27.1815]]]},"properties":{"name":"Majuli","state":"Assam","warning":"YELLOW","category":"Lowest band, 39-68 mm/24h observed","maxMm24h":39.4}},{"type":"Feature","geometry":{"type":"Polygon","coordinates":[[[93.3979,26.9574],[93.4713,26.9368],[93.6655,26.9684],[93.6976,26.9945],[93.7802,26.8859],[93.7695,26.8447],[93.6487,26.7883],[93.6502,26.7058],[93.5049,26.7567],[93.3964,26.7512],[93.3062,26.6976],[93.1441,26.5945],[93.0676,26.7471],[93.0615,26.9216],[93.3979,26.9574]]]},"properties":{"name":"Biswanath","state":"Assam","warning":"YELLOW","category":"Lowest band, 39-68 mm/24h observed","maxMm24h":67.9}},{"type":"Feature","geometry":{"type":"Polygon","coordinates":[[[95.8737,27.5444],[95.7804,27.6214],[95.7743,27.7328],[96.0235,27.8496],[96.2086,27.8771],[96.2728,27.7877],[96.2605,27.719],[96.311,27.5705],[96.2254,27.5678],[96.0618,27.6063],[96.0021,27.5568],[95.8737,27.5444]]]},"properties":{"name":"Namsai","state":"Arunachal Pradesh","warning":"YELLOW","category":"Lowest band, 39-68 mm/24h observed","maxMm24h":47.1}},{"type":"Feature","geometry":{"type":"Polygon","coordinates":[[[94.1671,24.9269],[94.1396,24.8705],[94.187,24.7165],[94.1732,24.6313],[94.1197,24.6258],[94.0799,24.689],[94.0677,24.7454],[94.1197,24.92],[94.0279,24.964],[93.9148,24.9104],[93.8781,24.9874],[93.8062,24.865],[93.7695,24.7344],[93.7374,24.6244],[93.7267,24.7468],[93.7573,24.7922],[93.7588,24.9076],[93.8169,25.0231],[93.7726,25.1537],[93.9025,25.2719],[93.9209,25.3957],[93.9882,25.375],[93.9714,25.2926],[93.9973,25.1922],[94.0723,25.1702],[94.2145,25.1757],[94.1319,25.118],[94.1671,24.9269]]]},"properties":{"name":"Kangpokpi","state":"Manipur","warning":"YELLOW","category":"Lowest band, 39-68 mm/24h observed","maxMm24h":39.3}},{"type":"Feature","geometry":{"type":"Polygon","coordinates":[[[93.9132,24.5543],[93.8888,24.6162],[93.9423,24.7193],[93.9729,24.6657],[94.0799,24.689],[94.1197,24.6258],[94.0784,24.5433],[94.0233,24.52],[93.9132,24.5543]]]},"properties":{"name":"Thoubal","state":"Manipur","warning":"YELLOW","category":"Lowest band, 39-68 mm/24h observed","maxMm24h":39.3}},{"type":"Feature","geometry":{"type":"Polygon","coordinates":[[[94.1732,24.6313],[94.2818,24.6011],[94.3751,24.4938],[94.4072,24.4375],[94.291,24.2326],[94.2527,24.1144],[94.1961,24.1336],[94.2114,24.245],[94.1533,24.3014],[94.1472,24.3825],[94.0386,24.4485],[94.0233,24.52],[94.0784,24.5433],[94.1197,24.6258],[94.1732,24.6313]]]},"properties":{"name":"Tengnoupal","state":"Manipur","warning":"YELLOW","category":"Lowest band, 39-68 mm/24h observed","maxMm24h":39.8}},{"type":"Feature","geometry":{"type":"Polygon","coordinates":[[[93.2068,24.047],[92.9759,24.1158],[93.0233,24.234],[93.0095,24.4127],[93.0493,24.5447],[93.0875,24.5722],[93.1777,24.5364],[93.2817,24.5681],[93.3887,24.5681],[93.3658,24.3839],[93.4912,24.366],[93.479,24.2491],[93.3948,24.1859],[93.378,24.0883],[93.2526,24.0209],[93.2068,24.047]]]},"properties":{"name":"Pherzawl","state":"Manipur","warning":"YELLOW","category":"Lowest band, 39-68 mm/24h observed","maxMm24h":49.0}},{"type":"Feature","geometry":{"type":"Polygon","coordinates":[[[94.3185,27.7726],[94.5953,27.8702],[94.7176,27.8249],[94.7466,27.7726],[94.9011,27.8235],[94.9561,27.9802],[94.8935,28.016],[94.9286,28.0517],[95.0678,28.0228],[95.1366,27.8152],[94.8522,27.7273],[94.4622,27.5554],[94.3644,27.5747],[94.2374,27.6324],[94.213,27.6063],[94.2451,27.6489],[94.3536,27.7231],[94.3185,27.7726]]]},"properties":{"name":"Lower Siang","state":"Arunachal Pradesh","warning":"ORANGE","category":"Middle band, 69-122 mm/24h observed","maxMm24h":89.1}},{"type":"Feature","geometry":{"type":"Polygon","coordinates":[[[95.395,28.5301],[95.3537,28.7061],[95.3935,28.7418],[95.3232,28.8436],[95.3277,28.9288],[95.2452,29.0017],[95.2696,29.0498],[95.4547,29.0346],[95.5388,29.212],[95.5877,29.2161],[95.7039,29.2986],[95.8828,29.3893],[95.9578,29.3811],[96.0893,29.4594],[96.1764,29.3618],[96.2437,29.2326],[96.3936,29.2532],[96.3462,29.168],[96.2177,29.135],[96.1504,29.0498],[96.2483,28.9398],[96.3462,29.0291],[96.4364,29.0346],[96.519,28.9673],[96.5373,28.8807],[96.6077,28.7941],[96.5847,28.7171],[96.4716,28.6841],[96.493,28.6332],[96.3263,28.5109],[96.256,28.537],[96.103,28.4889],[96.0143,28.5081],[95.9486,28.482],[95.9455,28.4023],[95.8507,28.3665],[95.8324,28.2744],[95.6764,28.3624],[95.5739,28.3706],[95.5801,28.4627],[95.395,28.5301]]]},"properties":{"name":"Upper Dibang Valley","state":"Arunachal Pradesh","warning":"YELLOW","category":"Lowest band, 39-68 mm/24h observed","maxMm24h":55.2}},{"type":"Feature","geometry":{"type":"Polygon","coordinates":[[[96.3141,28.383],[96.3049,28.3693],[96.2147,28.2304],[96.0709,28.1204],[95.97,27.9596],[95.8186,27.972],[95.6061,27.9555],[95.5189,27.884],[95.5005,27.95],[95.5602,28.0517],[95.5632,28.2552],[95.4654,28.2579],[95.3828,28.3115],[95.3384,28.3651],[95.3384,28.4765],[95.395,28.5301],[95.5801,28.4627],[95.5739,28.3706],[95.6764,28.3624],[95.8324,28.2744],[95.8507,28.3665],[95.9455,28.4023],[95.9486,28.482],[96.0143,28.5081],[96.103,28.4889],[96.256,28.537],[96.3263,28.5109],[96.3722,28.482],[96.3141,28.383]]]},"properties":{"name":"Lower Dibang Valley","state":"Arunachal Pradesh","warning":"YELLOW","category":"Lowest band, 39-68 mm/24h observed","maxMm24h":55.2}},{"type":"Feature","geometry":{"type":"Polygon","coordinates":[[[93.3306,27.3547],[93.2251,27.2516],[93.3123,27.1732],[93.2144,27.1375],[93.3123,27.0797],[93.3398,26.9931],[93.3979,26.9574],[93.0615,26.9216],[93.0217,26.9134],[92.8872,27],[92.6731,27.0316],[92.6562,27.0083],[92.5981,27.0536],[92.615,27.143],[92.7526,27.1938],[92.8092,27.1774],[92.8948,27.1347],[93.0126,27.143],[93.0018,27.2502],[93.1655,27.3121],[93.1945,27.3781],[93.3,27.4001],[93.3306,27.3547]]]},"properties":{"name":"Pakke Kessang","state":"Arunachal Pradesh","warning":"YELLOW","category":"Lowest band, 39-68 mm/24h observed","maxMm24h":58.3}},{"type":"Feature","geometry":{"type":"Polygon","coordinates":[[[94.4852,28.0215],[94.3919,28.0833],[94.3567,28.1988],[94.4011,28.339],[94.4852,28.3954],[94.6136,28.2579],[94.7742,28.1864],[94.895,28.2208],[94.9485,28.1287],[94.9286,28.0517],[94.8935,28.016],[94.8201,27.9857],[94.6029,28.0613],[94.4852,28.0215]]]},"properties":{"name":"West Siang","state":"Arunachal Pradesh","warning":"YELLOW","category":"Lowest band, 39-68 mm/24h observed","maxMm24h":56.3}},{"type":"Feature","geometry":{"type":"Polygon","coordinates":[[[94.5953,27.8702],[94.4852,28.0215],[94.6029,28.0613],[94.8201,27.9857],[94.8935,28.016],[94.9561,27.9802],[94.9011,27.8235],[94.7466,27.7726],[94.7176,27.8249],[94.5953,27.8702]]]},"properties":{"name":"Lepa Rada","state":"Arunachal Pradesh","warning":"YELLOW","category":"Lowest band, 39-68 mm/24h observed","maxMm24h":53.9}},{"type":"Feature","geometry":{"type":"Polygon","coordinates":[[[93.9622,27.9788],[94.0677,27.939],[94.0738,27.8496],[94.1487,27.8661],[94.1931,27.8111],[94.3185,27.7726],[94.3536,27.7231],[94.2451,27.6489],[94.213,27.6063],[94.2665,27.5197],[94.2191,27.5045],[94.1059,27.4935],[93.9423,27.5114],[94.0723,27.5155],[94.0524,27.6076],[93.9408,27.6379],[93.8903,27.8207],[93.9622,27.9788]]]},"properties":{"name":"Kamle","state":"Arunachal Pradesh","warning":"YELLOW","category":"Lowest band, 39-68 mm/24h observed","maxMm24h":53.6}},{"type":"Feature","geometry":{"type":"Polygon","coordinates":[[[79.7025,28.2565],[79.6964,28.3101],[79.7698,28.4339],[79.782,28.504],[79.6215,28.6428],[79.6903,28.7528],[79.6826,28.8546],[79.8202,28.8875],[79.9548,28.7226],[80.0297,28.7487],[80.0649,28.8367],[80.12,28.8271],[80.2775,28.7116],[80.3142,28.6291],[80.4472,28.5177],[80.3555,28.4188],[80.3585,28.3294],[80.2224,28.3005],[80.149,28.3459],[80.016,28.3789],[79.9854,28.2813],[79.9854,28.1067],[79.8891,28.1933],[79.7973,28.1589],[79.7025,28.2565]]]},"properties":{"name":"Pilibhit","state":"Uttar Pradesh","warning":"ORANGE","category":"Middle band, 69-122 mm/24h observed","maxMm24h":87.0}},{"type":"Feature","geometry":{"type":"Polygon","coordinates":[[[80.3585,28.3294],[80.3555,28.4188],[80.4472,28.5177],[80.3142,28.6291],[80.4594,28.625],[80.5527,28.691],[80.6674,28.6428],[80.7148,28.5686],[81.0528,28.405],[81.0405,28.2854],[81.1965,28.1026],[81.195,28.0077],[81.3051,27.9073],[81.2822,27.6819],[81.1797,27.785],[80.9901,27.8249],[80.958,27.8991],[80.8265,27.7905],[80.6414,27.8386],[80.6047,27.7506],[80.5176,27.8097],[80.4503,27.7492],[80.3111,27.6805],[80.253,27.7575],[80.0909,27.7836],[80.0603,27.7602],[80.0297,27.9018],[80.1246,28.0022],[80.2545,28.0902],[80.2989,28.1631],[80.3111,28.2772],[80.3585,28.3294]]]},"properties":{"name":"Lakhimpur Kheri","state":"Uttar Pradesh","warning":"ORANGE","category":"Middle band, 69-122 mm/24h observed","maxMm24h":114.5}},{"type":"Feature","geometry":{"type":"Polygon","coordinates":[[[81.2822,27.6819],[81.3051,27.9073],[81.195,28.0077],[81.1965,28.1026],[81.0405,28.2854],[81.0528,28.405],[81.2133,28.3583],[81.2332,28.2895],[81.3204,28.1974],[81.4259,28.1713],[81.4779,28.0833],[81.7424,27.9527],[81.6767,27.8661],[81.6446,27.7754],[81.6966,27.7273],[81.6813,27.5719],[81.7761,27.5252],[81.903,27.5128],[81.981,27.4344],[81.8143,27.2653],[81.7424,27.3258],[81.6644,27.2337],[81.6415,27.1581],[81.5146,27.0839],[81.4366,27.1787],[81.4121,27.3341],[81.2653,27.5912],[81.2822,27.6819]]]},"properties":{"name":"Bahraich","state":"Uttar Pradesh","warning":"ORANGE","category":"Middle band, 69-122 mm/24h observed","maxMm24h":75.0}},{"type":"Feature","geometry":{"type":"Polygon","coordinates":[[[79.5037,28.016],[79.6016,28.0861],[79.7025,28.2565],[79.7973,28.1589],[79.8891,28.1933],[79.9854,28.1067],[79.9854,28.2813],[80.016,28.3789],[80.149,28.3459],[80.2224,28.3005],[80.3585,28.3294],[80.3111,28.2772],[80.2989,28.1631],[80.2545,28.0902],[80.1246,28.0022],[80.0297,27.9018],[80.0603,27.7602],[79.9655,27.7328],[79.8615,27.6489],[79.7652,27.7135],[79.6857,27.6379],[79.7377,27.5059],[79.7361,27.4454],[79.6536,27.5045],[79.5909,27.598],[79.3508,27.6585],[79.3584,27.8029],[79.4334,27.8441],[79.5037,28.016]]]},"properties":{"name":"Shahjahanpur","state":"Uttar Pradesh","warning":"YELLOW","category":"Lowest band, 39-68 mm/24h observed","maxMm24h":60.9}},{"type":"Feature","geometry":{"type":"Polygon","coordinates":[[[88.4831,27.3753],[88.4143,27.4193],[88.3562,27.521],[88.2812,27.5128],[88.2094,27.5815],[88.1146,27.6186],[88.1971,27.7891],[88.2048,27.9417],[88.4678,28.0173],[88.4953,28.0544],[88.6192,28.0984],[88.7568,28.0764],[88.844,27.9926],[88.8363,27.9293],[88.8883,27.8565],[88.8562,27.8166],[88.8486,27.6681],[88.7645,27.565],[88.7935,27.4166],[88.4831,27.3753]]]},"properties":{"name":"North Sikkim","state":"Sikkim","warning":"YELLOW","category":"Lowest band, 39-68 mm/24h observed","maxMm24h":45.7}},{"type":"Feature","geometry":{"type":"Polygon","coordinates":[[[81.981,27.4344],[81.903,27.5128],[81.7761,27.5252],[81.6813,27.5719],[81.6966,27.7273],[81.6446,27.7754],[81.6767,27.8661],[81.7424,27.9527],[81.8847,27.8565],[81.9611,27.9238],[82.0697,27.9238],[82.1217,27.8661],[82.2073,27.8441],[82.1247,27.7355],[82.085,27.6338],[82.0223,27.5802],[82.0743,27.4014],[81.981,27.4344]]]},"properties":{"name":"Shrawasti","state":"Uttar Pradesh","warning":"YELLOW","category":"Lowest band, 39-68 mm/24h observed","maxMm24h":55.5}},{"type":"Feature","geometry":{"type":"Polygon","coordinates":[[[80.3111,27.6805],[80.4503,27.7492],[80.5176,27.8097],[80.6047,27.7506],[80.6414,27.8386],[80.8265,27.7905],[80.958,27.8991],[80.9901,27.8249],[81.1797,27.785],[81.2822,27.6819],[81.2653,27.5912],[81.4121,27.3341],[81.3586,27.2571],[81.2577,27.3354],[81.1828,27.2447],[81.1124,27.275],[81.0665,27.2186],[80.9687,27.2392],[80.9304,27.1581],[80.8265,27.1017],[80.7974,27.1993],[80.6934,27.2158],[80.6017,27.2626],[80.5176,27.2681],[80.4518,27.4014],[80.3249,27.5224],[80.3111,27.6805]]]},"properties":{"name":"Sitapur","state":"Uttar Pradesh","warning":"ORANGE","category":"Middle band, 69-122 mm/24h observed","maxMm24h":116.3}},{"type":"Feature","geometry":{"type":"Polygon","coordinates":[[[88.4831,27.3753],[88.7935,27.4166],[88.9189,27.3203],[88.9036,27.2722],[88.8027,27.2475],[88.792,27.1856],[88.7216,27.1389],[88.5978,27.1883],[88.532,27.176],[88.4387,27.264],[88.4831,27.3753]]]},"properties":{"name":"East Sikkim","state":"Sikkim","warning":"YELLOW","category":"Lowest band, 39-68 mm/24h observed","maxMm24h":48.3}},{"type":"Feature","geometry":{"type":"Polygon","coordinates":[[[84.5026,26.6027],[84.4185,26.6316],[84.3298,26.6838],[84.2595,26.8048],[84.0607,26.8873],[84.05,27.044],[83.9643,27.0839],[83.9934,27.1746],[83.9078,27.275],[83.8619,27.3354],[83.8313,27.4276],[84.0163,27.4372],[84.0974,27.5169],[84.258,27.4509],[84.2794,27.3946],[84.6204,27.3396],[84.6892,27.2213],[84.6418,27.0481],[84.758,27.0028],[84.6785,26.9134],[84.7442,26.8158],[84.7274,26.7429],[84.5439,26.6536],[84.5026,26.6027]]]},"properties":{"name":"West Champaran","state":"Bihar","warning":"YELLOW","category":"Lowest band, 39-68 mm/24h observed","maxMm24h":51.3}},{"type":"Feature","geometry":{"type":"Polygon","coordinates":[[[83.1478,27.1141],[83.1202,27.1004],[82.9046,27.0041],[82.793,27.0481],[82.7639,27.1114],[82.585,27.1045],[82.559,27.0825],[82.4566,27.1512],[82.5116,27.2117],[82.4933,27.3588],[82.5774,27.4221],[82.715,27.4014],[82.7318,27.4867],[82.9291,27.5004],[83.0346,27.4482],[83.189,27.4537],[83.2915,27.3354],[83.1661,27.2255],[83.1478,27.1141]]]},"properties":{"name":"Siddharthnagar","state":"Uttar Pradesh","warning":"YELLOW","category":"Lowest band, 39-68 mm/24h observed","maxMm24h":62.9}},{"type":"Feature","geometry":{"type":"Polygon","coordinates":[[[81.5146,27.0839],[81.6415,27.1581],[81.6644,27.2337],[81.7424,27.3258],[81.8143,27.2653],[81.981,27.4344],[82.0743,27.4014],[82.2975,27.2475],[82.2287,27.1691],[82.3251,27.066],[82.4214,27.0852],[82.4566,27.1512],[82.559,27.0825],[82.5621,26.9643],[82.4887,26.9038],[82.3159,26.978],[82.2302,26.868],[82.2287,26.8117],[82.192,26.8364],[81.9764,26.7814],[81.8923,26.8268],[81.7486,26.868],[81.7226,26.9258],[81.614,27.0316],[81.5146,27.0839]]]},"properties":{"name":"Gonda","state":"Uttar Pradesh","warning":"YELLOW","category":"Lowest band, 39-68 mm/24h observed","maxMm24h":47.2}},{"type":"Feature","geometry":{"type":"Polygon","coordinates":[[[81.4121,27.3341],[81.4366,27.1787],[81.5146,27.0839],[81.614,27.0316],[81.7226,26.9258],[81.7486,26.868],[81.6415,26.8227],[81.5589,26.6412],[81.536,26.5436],[81.3815,26.5903],[81.3448,26.5436],[81.1812,26.6068],[81.1613,26.5876],[81.2164,26.7072],[80.9717,27.055],[81.0115,27.1416],[80.9304,27.1581],[80.9687,27.2392],[81.0665,27.2186],[81.1124,27.275],[81.1828,27.2447],[81.2577,27.3354],[81.3586,27.2571],[81.4121,27.3341]]]},"properties":{"name":"Barabanki","state":"Uttar Pradesh","warning":"YELLOW","category":"Lowest band, 39-68 mm/24h observed","maxMm24h":47.0}},{"type":"Feature","geometry":{"type":"Polygon","coordinates":[[[83.9078,27.275],[83.9934,27.1746],[83.9643,27.0839],[84.05,27.044],[84.0607,26.8873],[84.2595,26.8048],[84.3298,26.6838],[84.4185,26.6316],[84.2809,26.6],[84.1127,26.6302],[84.0515,26.5518],[83.8405,26.7594],[83.7701,26.7003],[83.6279,26.6618],[83.6218,26.7539],[83.5239,26.8529],[83.5453,26.8887],[83.6249,26.956],[83.7243,26.9519],[83.8007,27.11],[83.8175,27.2406],[83.9078,27.275]]]},"properties":{"name":"Kushinagar","state":"Uttar Pradesh","warning":"YELLOW","category":"Lowest band, 39-68 mm/24h observed","maxMm24h":65.1}},{"type":"Feature","geometry":{"type":"Polygon","coordinates":[[[80.8265,27.1017],[80.9304,27.1581],[81.0115,27.1416],[80.9717,27.055],[81.2164,26.7072],[81.1613,26.5876],[81.0482,26.5051],[80.9993,26.5326],[80.8417,26.6659],[80.7928,26.6453],[80.7194,26.7017],[80.7209,26.8007],[80.6277,26.879],[80.6001,26.9863],[80.5497,27.0138],[80.646,27.0784],[80.8265,27.1017]]]},"properties":{"name":"Lucknow","state":"Uttar Pradesh","warning":"YELLOW","category":"Lowest band, 39-68 mm/24h observed","maxMm24h":48.2}},{"type":"Feature","geometry":{"type":"Polygon","coordinates":[[[88.4005,26.6439],[88.4495,26.7031],[88.4311,26.8199],[88.4785,26.8804],[88.6024,26.8804],[88.6635,26.9258],[88.7599,26.9258],[88.7889,26.9918],[88.8685,26.9656],[88.9204,26.9945],[89.0887,26.8887],[89.0902,26.8405],[89.0428,26.6316],[89.1055,26.5931],[89.1192,26.5243],[88.9617,26.5381],[88.9266,26.4529],[88.7599,26.3291],[88.7018,26.3869],[88.5305,26.479],[88.4204,26.5628],[88.4005,26.6439]]]},"properties":{"name":"Jalpaiguri","state":"West Bengal","warning":"YELLOW","category":"Lowest band, 39-68 mm/24h observed","maxMm24h":40.5}},{"type":"Feature","geometry":{"type":"Polygon","coordinates":[[[84.5026,26.6027],[84.5439,26.6536],[84.7274,26.7429],[84.7442,26.8158],[84.6785,26.9134],[84.758,27.0028],[84.8237,27.0206],[84.9614,26.9601],[85.0302,26.8749],[85.1923,26.8694],[85.1785,26.7979],[85.255,26.7539],[85.2657,26.6467],[85.2611,26.5876],[85.1785,26.4872],[85.2902,26.3539],[85.2871,26.3525],[85.281,26.3497],[85.1999,26.2851],[85.0455,26.3415],[84.9017,26.3264],[84.865,26.2604],[84.651,26.4666],[84.5913,26.4377],[84.5103,26.5326],[84.5026,26.6027]]]},"properties":{"name":"East Champaran","state":"Bihar","warning":"YELLOW","category":"Lowest band, 39-68 mm/24h observed","maxMm24h":51.3}},{"type":"Feature","geometry":{"type":"Polygon","coordinates":[[[80.0435,26.9244],[80.1154,26.9945],[80.1781,26.9574],[80.3081,27.0261],[80.3631,26.9216],[80.5497,27.0138],[80.6001,26.9863],[80.6277,26.879],[80.7209,26.8007],[80.7194,26.7017],[80.7928,26.6453],[80.8417,26.6659],[80.9993,26.5326],[81.01,26.424],[81.0497,26.3759],[80.8188,26.2013],[80.6934,26.1614],[80.6735,26.1229],[80.591,26.1765],[80.591,26.2315],[80.5176,26.358],[80.3096,26.5422],[80.2469,26.6879],[80.1643,26.7141],[80.1169,26.7773],[80.1429,26.8598],[80.0435,26.9244]]]},"properties":{"name":"Unnao","state":"Uttar Pradesh","warning":"YELLOW","category":"Lowest band, 39-68 mm/24h observed","maxMm24h":48.2}},{"type":"Feature","geometry":{"type":"Polygon","coordinates":[[[81.7486,26.868],[81.8923,26.8268],[81.9764,26.7814],[82.192,26.8364],[82.2287,26.8117],[82.2822,26.7374],[82.3923,26.6522],[82.4734,26.6522],[82.4275,26.5463],[82.3358,26.578],[82.2532,26.4212],[82.2226,26.4102],[82.0972,26.4776],[81.9397,26.5078],[81.6981,26.5436],[81.6415,26.6398],[81.5589,26.6412],[81.6415,26.8227],[81.7486,26.868]]]},"properties":{"name":"Ayodhya","state":"Uttar Pradesh","warning":"YELLOW","category":"Lowest band, 39-68 mm/24h observed","maxMm24h":44.8}},{"type":"Feature","geometry":{"type":"Polygon","coordinates":[[[83.6279,26.6618],[83.7701,26.7003],[83.8405,26.7594],[84.0515,26.5518],[83.9154,26.5023],[83.9078,26.4474],[84.157,26.3759],[84.1769,26.2645],[84.0867,26.2191],[84.0561,26.0995],[83.9062,26.1229],[83.8588,26.1848],[83.8344,26.2329],[83.7426,26.2659],[83.6295,26.2191],[83.6233,26.3209],[83.5056,26.4171],[83.4964,26.4927],[83.6004,26.5147],[83.6279,26.6618]]]},"properties":{"name":"Deoria","state":"Uttar Pradesh","warning":"YELLOW","category":"Lowest band, 39-68 mm/24h observed","maxMm24h":65.1}},{"type":"Feature","geometry":{"type":"Polygon","coordinates":[[[85.2902,26.3539],[85.1785,26.4872],[85.2611,26.5876],[85.2657,26.6467],[85.3177,26.6618],[85.4018,26.5147],[85.3605,26.5065],[85.3758,26.3374],[85.2902,26.3539]]]},"properties":{"name":"Sheohar","state":"Bihar","warning":"YELLOW","category":"Lowest band, 39-68 mm/24h observed","maxMm24h":45.6}},{"type":"Feature","geometry":{"type":"Polygon","coordinates":[[[81.9397,26.5078],[82.0972,26.4776],[82.2226,26.4102],[82.3786,26.38],[82.3985,26.3003],[82.5498,26.2879],[82.6783,26.2563],[82.6783,26.1518],[82.5789,26.1862],[82.4352,26.0982],[82.4336,26.0061],[82.3587,26.0047],[82.2425,26.0569],[82.1981,26.0184],[82.1003,26.072],[82.0483,26.0583],[82.0498,26.149],[81.8525,26.2838],[81.8816,26.3882],[81.9489,26.4199],[81.9397,26.5078]]]},"properties":{"name":"Sultanpur","state":"Uttar Pradesh","warning":"YELLOW","category":"Lowest band, 39-68 mm/24h observed","maxMm24h":43.7}},{"type":"Feature","geometry":{"type":"Polygon","coordinates":[[[84.4185,26.6316],[84.5026,26.6027],[84.5103,26.5326],[84.5913,26.4377],[84.651,26.4666],[84.865,26.2604],[84.8972,26.215],[84.7656,26.2095],[84.654,26.2989],[84.3635,26.369],[84.2671,26.3099],[84.157,26.3759],[83.9078,26.4474],[83.9154,26.5023],[84.0515,26.5518],[84.1127,26.6302],[84.2809,26.6],[84.4185,26.6316]]]},"properties":{"name":"Gopalganj","state":"Bihar","warning":"YELLOW","category":"Lowest band, 39-68 mm/24h observed","maxMm24h":67.0}},{"type":"Feature","geometry":{"type":"Polygon","coordinates":[[[82.4734,26.6522],[82.5774,26.6041],[82.663,26.6041],[82.7119,26.5546],[82.819,26.5683],[82.9,26.5147],[83.0193,26.4749],[83.0713,26.4102],[83.1325,26.3855],[83.1095,26.2838],[83.0637,26.2796],[82.9352,26.4102],[82.8817,26.3827],[82.8863,26.2453],[82.822,26.1875],[82.6783,26.2563],[82.5498,26.2879],[82.3985,26.3003],[82.3786,26.38],[82.2226,26.4102],[82.2532,26.4212],[82.3358,26.578],[82.4275,26.5463],[82.4734,26.6522]]]},"properties":{"name":"Ambedkar Nagar","state":"Uttar Pradesh","warning":"YELLOW","category":"Lowest band, 39-68 mm/24h observed","maxMm24h":40.8}},{"type":"Feature","geometry":{"type":"Polygon","coordinates":[[[83.1325,26.3855],[83.2288,26.3951],[83.3374,26.3497],[83.4184,26.2741],[83.4674,26.2755],[83.4093,26.1683],[83.4184,26.1105],[83.319,26.0487],[83.2961,25.9456],[83.3481,25.8191],[83.2181,25.7586],[83.1875,25.6775],[83.0667,25.6527],[82.9826,25.6802],[82.8985,25.7751],[82.8251,25.7696],[82.7548,25.837],[82.7731,25.8961],[82.6783,26.1518],[82.6783,26.2563],[82.822,26.1875],[82.8863,26.2453],[82.8817,26.3827],[82.9352,26.4102],[83.0637,26.2796],[83.1095,26.2838],[83.1325,26.3855]]]},"properties":{"name":"Azamgarh","state":"Uttar Pradesh","warning":"YELLOW","category":"Lowest band, 39-68 mm/24h observed","maxMm24h":44.5}},{"type":"Feature","geometry":{"type":"Polygon","coordinates":[[[83.4674,26.2755],[83.5346,26.2741],[83.6295,26.2191],[83.7426,26.2659],[83.8344,26.2329],[83.8588,26.1848],[83.7946,26.1078],[83.6814,26.0734],[83.6769,26.0116],[83.7885,25.9772],[83.7977,25.903],[83.7212,25.8562],[83.6463,25.9002],[83.3481,25.8191],[83.2961,25.9456],[83.319,26.0487],[83.4184,26.1105],[83.4093,26.1683],[83.4674,26.2755]]]},"properties":{"name":"Mau","state":"Uttar Pradesh","warning":"YELLOW","category":"Lowest band, 39-68 mm/24h observed","maxMm24h":49.2}},{"type":"Feature","geometry":{"type":"Polygon","coordinates":[[[80.591,26.2315],[80.591,26.1765],[80.6735,26.1229],[80.8754,26.0556],[81.0145,26.0748],[81.0635,26.0006],[81.2164,25.9401],[81.2195,25.8658],[81.3387,25.8108],[81.2271,25.7146],[81.2072,25.5978],[81.2607,25.5483],[81.1935,25.4479],[81.1889,25.4905],[81.0191,25.5469],[80.9549,25.6088],[80.932,25.6926],[80.8387,25.7256],[80.724,25.6816],[80.5726,25.7174],[80.5221,25.7737],[80.5527,25.8713],[80.4059,25.914],[80.3463,25.8988],[80.2362,25.9263],[80.2545,26.0459],[80.3249,26.1147],[80.591,26.2315]]]},"properties":{"name":"Fatehpur","state":"Uttar Pradesh","warning":"YELLOW","category":"Lowest band, 39-68 mm/24h observed","maxMm24h":60.8}},{"type":"Feature","geometry":{"type":"Polygon","coordinates":[[[83.8588,26.1848],[83.9062,26.1229],[84.0561,26.0995],[84.2962,25.9456],[84.3543,25.9593],[84.472,25.8823],[84.625,25.7916],[84.6005,25.7325],[84.5577,25.6802],[84.3359,25.7435],[84.3191,25.6679],[84.206,25.6692],[84.1402,25.7311],[84.0744,25.6954],[84.0806,25.6363],[83.9307,25.5579],[83.9536,25.749],[83.8206,25.7861],[83.7212,25.8562],[83.7977,25.903],[83.7885,25.9772],[83.6769,26.0116],[83.6814,26.0734],[83.7946,26.1078],[83.8588,26.1848]]]},"properties":{"name":"Ballia","state":"Uttar Pradesh","warning":"YELLOW","category":"Lowest band, 39-68 mm/24h observed","maxMm24h":53.1}},{"type":"Feature","geometry":{"type":"Polygon","coordinates":[[[82.4336,26.0061],[82.4352,26.0982],[82.5789,26.1862],[82.6783,26.1518],[82.7731,25.8961],[82.7548,25.837],[82.8251,25.7696],[82.8985,25.7751],[82.9826,25.6802],[83.0667,25.6527],[83.0713,25.5483],[83.0208,25.5771],[82.9413,25.5318],[82.874,25.5661],[82.7395,25.5469],[82.6936,25.3943],[82.6202,25.3943],[82.5162,25.441],[82.4428,25.518],[82.3296,25.5331],[82.2241,25.5895],[82.1507,25.6734],[82.1874,25.7077],[82.218,25.8397],[82.2792,25.8425],[82.3541,25.9043],[82.3694,25.9827],[82.4336,26.0061]]]},"properties":{"name":"Jaunpur","state":"Uttar Pradesh","warning":"YELLOW","category":"Lowest band, 39-68 mm/24h observed","maxMm24h":39.3}},{"type":"Feature","geometry":{"type":"Polygon","coordinates":[[[88.0672,25.4837],[87.9601,25.5386],[87.8668,25.4974],[87.7674,25.4163],[87.7843,25.3407],[87.847,25.2981],[87.8179,25.2417],[87.7628,25.2651],[87.7109,25.2582],[87.6925,25.3118],[87.5518,25.3311],[87.3668,25.4094],[87.2292,25.3764],[87.2169,25.4562],[87.2689,25.562],[87.2414,25.6967],[87.4142,25.6747],[87.6497,25.683],[87.6849,25.7476],[87.8301,25.7875],[87.8271,25.8906],[87.8928,25.8658],[87.9678,25.7256],[88.0503,25.7009],[88.0213,25.5964],[88.0672,25.4837]]]},"properties":{"name":"Katihar","state":"Bihar","warning":"YELLOW","category":"Lowest band, 39-68 mm/24h observed","maxMm24h":47.7}},{"type":"Feature","geometry":{"type":"Polygon","coordinates":[[[80.3463,25.8988],[80.4059,25.914],[80.5527,25.8713],[80.5221,25.7737],[80.5726,25.7174],[80.724,25.6816],[80.8387,25.7256],[80.932,25.6926],[80.9549,25.6088],[81.0191,25.5469],[81.0252,25.5057],[80.883,25.4149],[80.8372,25.3503],[80.6919,25.2692],[80.7148,25.0657],[80.5925,25.0905],[80.5007,25.041],[80.4778,24.9764],[80.4013,25.0699],[80.3417,25.0135],[80.2637,25.0245],[80.2912,25.0589],[80.3524,25.1235],[80.4304,25.1743],[80.4044,25.2431],[80.3111,25.2857],[80.3157,25.3888],[80.2209,25.397],[80.1047,25.3503],[80.1429,25.4589],[80.2148,25.5153],[80.279,25.6266],[80.3203,25.7517],[80.2316,25.7985],[80.3463,25.8988]]]},"properties":{"name":"Banda","state":"Uttar Pradesh","warning":"YELLOW","category":"Lowest band, 39-68 mm/24h observed","maxMm24h":60.8}},{"type":"Feature","geometry":{"type":"Polygon","coordinates":[[[83.0667,25.6527],[83.1875,25.6775],[83.2181,25.7586],[83.3481,25.8191],[83.6463,25.9002],[83.7212,25.8562],[83.8206,25.7861],[83.9536,25.749],[83.9307,25.5579],[83.8466,25.4342],[83.7793,25.3984],[83.7411,25.4108],[83.6493,25.3393],[83.5377,25.3091],[83.5316,25.3929],[83.4047,25.4933],[83.3359,25.463],[83.2441,25.5235],[83.1738,25.5263],[83.0713,25.5483],[83.0667,25.6527]]]},"properties":{"name":"Ghazipur","state":"Uttar Pradesh","warning":"YELLOW","category":"Lowest band, 39-68 mm/24h observed","maxMm24h":57.2}},{"type":"Feature","geometry":{"type":"Polygon","coordinates":[[[81.1935,25.4479],[81.2607,25.5483],[81.2072,25.5978],[81.2271,25.7146],[81.3387,25.8108],[81.3923,25.7724],[81.3739,25.6954],[81.4687,25.6198],[81.6109,25.5978],[81.6706,25.5057],[81.6293,25.3503],[81.5498,25.2926],[81.4549,25.2582],[81.4014,25.3173],[81.1522,25.3957],[81.1935,25.4479]]]},"properties":{"name":"Kaushambi","state":"Uttar Pradesh","warning":"YELLOW","category":"Lowest band, 39-68 mm/24h observed","maxMm24h":44.3}},{"type":"Feature","geometry":{"type":"Polygon","coordinates":[[[84.3191,25.6679],[84.3359,25.7435],[84.5577,25.6802],[84.6005,25.7325],[84.6326,25.7077],[84.8482,25.6995],[84.8192,25.5813],[84.7549,25.5015],[84.7794,25.4479],[84.7075,25.3091],[84.6295,25.2376],[84.5225,25.2073],[84.4629,25.1606],[84.3206,25.2128],[84.3222,25.3214],[84.2748,25.3586],[84.365,25.4713],[84.3283,25.5194],[84.3482,25.639],[84.3191,25.6679]]]},"properties":{"name":"Bhojpur","state":"Bihar","warning":"YELLOW","category":"Lowest band, 39-68 mm/24h observed","maxMm24h":53.1}},{"type":"Feature","geometry":{"type":"Polygon","coordinates":[[[82.1507,25.6734],[82.2241,25.5895],[82.3296,25.5331],[82.2991,25.3022],[82.2226,25.2774],[82.1981,25.2238],[82.2685,25.1826],[82.3251,25.0712],[82.2257,24.9296],[82.1507,24.8953],[82.0941,24.8169],[81.9428,24.8458],[81.8923,24.9887],[81.7929,25.0039],[81.6675,25.0616],[81.6262,25.1606],[81.5406,25.1881],[81.5498,25.2926],[81.6293,25.3503],[81.6706,25.5057],[81.6109,25.5978],[81.7516,25.6692],[81.7975,25.7504],[81.8862,25.7119],[82.0223,25.7435],[82.0636,25.6555],[82.1507,25.6734]]]},"properties":{"name":"Prayagraj","state":"Uttar Pradesh","warning":"ORANGE","category":"Middle band, 69-122 mm/24h observed","maxMm24h":71.4}},{"type":"Feature","geometry":{"type":"Polygon","coordinates":[[[83.9307,25.5579],[84.0806,25.6363],[84.0744,25.6954],[84.1402,25.7311],[84.206,25.6692],[84.3191,25.6679],[84.3482,25.639],[84.3283,25.5194],[84.365,25.4713],[84.2748,25.3586],[84.0469,25.375],[84.0347,25.2678],[83.8971,25.2898],[83.7793,25.3984],[83.8466,25.4342],[83.9307,25.5579]]]},"properties":{"name":"Buxar","state":"Bihar","warning":"YELLOW","category":"Lowest band, 39-68 mm/24h observed","maxMm24h":52.1}},{"type":"Feature","geometry":{"type":"Polygon","coordinates":[[[85.7046,26.303],[85.7061,26.4446],[85.7673,26.4364],[85.8208,26.4089],[85.8162,26.2934],[85.8819,26.2741],[85.9783,26.3236],[86.0135,26.2466],[86.1098,26.193],[86.1496,26.2356],[86.33,26.1559],[86.33,26.0913],[86.3881,26.0336],[86.3942,25.9758],[86.3162,25.8603],[86.4141,25.7943],[86.4126,25.7297],[86.3912,25.7187],[86.2245,25.7765],[86.2398,25.881],[86.093,25.8975],[85.8896,25.9951],[85.8682,26.0281],[85.7199,26.0473],[85.7122,26.0885],[85.7275,26.1257],[85.7046,26.303]]]},"properties":{"name":"Darbhanga","state":"Bihar","warning":"YELLOW","category":"Lowest band, 39-68 mm/24h observed","maxMm24h":41.5}},{"type":"Feature","geometry":{"type":"Polygon","coordinates":[[[86.7979,25.6349],[86.7245,25.6624],[86.5976,25.6211],[86.4936,25.6198],[86.4126,25.7297],[86.4141,25.7943],[86.3162,25.8603],[86.3942,25.9758],[86.3881,26.0336],[86.437,26.072],[86.5319,25.9909],[86.645,26.0184],[86.7123,25.8658],[86.8438,25.8713],[86.8713,25.7229],[86.7979,25.6349]]]},"properties":{"name":"Saharsa","state":"Bihar","warning":"YELLOW","category":"Lowest band, 39-68 mm/24h observed","maxMm24h":51.7}},{"type":"Feature","geometry":{"type":"Polygon","coordinates":[[[81.0191,25.5469],[81.1889,25.4905],[81.1935,25.4479],[81.1522,25.3957],[81.4014,25.3173],[81.4549,25.2582],[81.5498,25.2926],[81.5406,25.1881],[81.4993,25.1482],[81.3923,25.1317],[81.2776,25.1661],[81.2638,25.0534],[81.1598,24.9131],[81.1201,24.9035],[81.0344,24.953],[80.9457,24.9667],[80.8601,24.9283],[80.831,25.0327],[80.8784,25.0657],[80.8448,25.1867],[80.724,25.118],[80.7148,25.0657],[80.6919,25.2692],[80.8372,25.3503],[80.883,25.4149],[81.0252,25.5057],[81.0191,25.5469]]]},"properties":{"name":"Chitrakoot","state":"Uttar Pradesh","warning":"ORANGE","category":"Middle band, 69-122 mm/24h observed","maxMm24h":77.1}},{"type":"Feature","geometry":{"type":"Polygon","coordinates":[[[83.1738,25.5263],[83.2441,25.5235],[83.3359,25.463],[83.4047,25.4933],[83.5316,25.3929],[83.5377,25.3091],[83.3496,25.184],[83.3511,25.0094],[83.3955,24.7812],[83.29,24.7207],[83.186,24.7193],[83.0866,24.7812],[83.0606,24.9571],[83.0621,25.063],[83.1325,25.0602],[83.1585,25.1895],[83.03,25.2431],[83.0208,25.3146],[83.1416,25.3214],[83.1875,25.4163],[83.1248,25.4507],[83.1738,25.5263]]]},"properties":{"name":"Chandauli","state":"Uttar Pradesh","warning":"YELLOW","category":"Lowest band, 39-68 mm/24h observed","maxMm24h":47.9}},{"type":"Feature","geometry":{"type":"Polygon","coordinates":[[[87.5518,25.3311],[87.6925,25.3118],[87.7109,25.2582],[87.7781,25.2499],[87.7797,25.1441],[87.795,25.0877],[87.954,24.9736],[87.9601,24.9214],[87.8913,24.8554],[87.8393,24.7454],[87.7124,24.7413],[87.509,24.799],[87.454,24.9393],[87.5212,25.0602],[87.4723,25.1056],[87.4784,25.195],[87.5518,25.3311]]]},"properties":{"name":"Sahibganj","state":"Jharkhand","warning":"YELLOW","category":"Lowest band, 39-68 mm/24h observed","maxMm24h":47.7}},{"type":"Feature","geometry":{"type":"Polygon","coordinates":[[[83.5377,25.3091],[83.6493,25.3393],[83.7411,25.4108],[83.7793,25.3984],[83.8971,25.2898],[83.8359,25.2431],[83.8053,25.1125],[83.8359,25.0382],[83.8114,24.9599],[83.7151,24.8361],[83.7854,24.7592],[83.7304,24.6712],[83.7411,24.5694],[83.6967,24.5406],[83.5239,24.5502],[83.5301,24.6437],[83.4888,24.7358],[83.3955,24.7812],[83.3511,25.0094],[83.3496,25.184],[83.5377,25.3091]]]},"properties":{"name":"Kaimur","state":"Bihar","warning":"YELLOW","category":"Lowest band, 39-68 mm/24h observed","maxMm24h":62.8}},{"type":"Feature","geometry":{"type":"Polygon","coordinates":[[[84.2748,25.3586],[84.3222,25.3214],[84.3206,25.2128],[84.4629,25.1606],[84.4476,25.1276],[84.4231,25.0809],[84.3054,25.0107],[84.0852,24.7702],[84.0087,24.6423],[83.9368,24.5488],[83.8726,24.5323],[83.7181,24.5035],[83.5025,24.5255],[83.5239,24.5502],[83.6967,24.5406],[83.7411,24.5694],[83.7304,24.6712],[83.7854,24.7592],[83.7151,24.8361],[83.8114,24.9599],[83.8359,25.0382],[83.8053,25.1125],[83.8359,25.2431],[83.8971,25.2898],[84.0347,25.2678],[84.0469,25.375],[84.2748,25.3586]]]},"properties":{"name":"Rohtas","state":"Bihar","warning":"YELLOW","category":"Lowest band, 39-68 mm/24h observed","maxMm24h":69.2}},{"type":"Feature","geometry":{"type":"Polygon","coordinates":[[[82.0941,24.8169],[82.1507,24.8953],[82.2257,24.9296],[82.3251,25.0712],[82.2685,25.1826],[82.3036,25.2692],[82.5177,25.2321],[82.6676,25.2554],[82.7762,25.2706],[82.7838,25.2032],[83.0055,25.206],[83.03,25.2431],[83.1585,25.1895],[83.1325,25.0602],[83.0621,25.063],[83.0606,24.9571],[82.9536,24.8361],[82.8068,24.8513],[82.6584,24.7812],[82.5453,24.8045],[82.5239,24.6767],[82.4183,24.6519],[82.4183,24.5942],[82.2975,24.6066],[82.2165,24.7935],[82.0941,24.8169]]]},"properties":{"name":"Mirzapur","state":"Uttar Pradesh","warning":"YELLOW","category":"Lowest band, 39-68 mm/24h observed","maxMm24h":68.1}},{"type":"Feature","geometry":{"type":"Polygon","coordinates":[[[86.5043,24.9832],[86.5578,24.7014],[86.6114,24.6079],[86.4997,24.5103],[86.4523,24.3729],[86.3499,24.4471],[86.2765,24.4663],[86.3009,24.5612],[86.1327,24.6038],[86.1281,24.6987],[86.0547,24.7798],[85.9737,24.8678],[85.8927,24.8746],[85.8345,24.9874],[85.9752,24.997],[86.119,24.9736],[86.2107,25.0176],[86.3713,25.1441],[86.3851,25.0575],[86.5043,24.9832]]]},"properties":{"name":"Jamui","state":"Bihar","warning":"YELLOW","category":"Lowest band, 39-68 mm/24h observed","maxMm24h":54.7}},{"type":"Feature","geometry":{"type":"Polygon","coordinates":[[[81.5406,25.1881],[81.6262,25.1606],[81.6675,25.0616],[81.7929,25.0039],[81.8923,24.9887],[81.9428,24.8458],[82.0941,24.8169],[82.2165,24.7935],[82.2975,24.6066],[82.3036,24.5942],[82.1828,24.6024],[81.8663,24.5241],[81.7914,24.5296],[81.5039,24.4237],[81.3051,24.322],[81.2913,24.3962],[81.1568,24.498],[81.1568,24.7069],[81.091,24.7743],[81.1201,24.9035],[81.1598,24.9131],[81.2638,25.0534],[81.2776,25.1661],[81.3923,25.1317],[81.4993,25.1482],[81.5406,25.1881]]]},"properties":{"name":"Rewa","state":"Madhya Pradesh","warning":"ORANGE","category":"Middle band, 69-122 mm/24h observed","maxMm24h":79.2}},{"type":"Feature","geometry":{"type":"Polygon","coordinates":[[[80.4778,24.9764],[80.5007,25.041],[80.5925,25.0905],[80.7148,25.0657],[80.724,25.118],[80.8448,25.1867],[80.8784,25.0657],[80.831,25.0327],[80.8601,24.9283],[80.9457,24.9667],[81.0344,24.953],[81.1201,24.9035],[81.091,24.7743],[81.1568,24.7069],[81.1568,24.498],[81.2913,24.3962],[81.3051,24.322],[81.3892,24.2656],[81.3479,24.1873],[81.2822,24.19],[81.1858,24.1103],[81.1338,24.135],[81.0023,24.0814],[80.958,24.0649],[80.8693,24.0787],[80.7653,23.992],[80.7378,24.1309],[80.5543,24.0484],[80.4686,23.9907],[80.3585,23.9687],[80.6322,24.1749],[80.5573,24.267],[80.461,24.4375],[80.4702,24.6134],[80.3769,24.6808],[80.4365,24.7468],[80.6032,24.8306],[80.5757,24.9008],[80.4946,24.9118],[80.4778,24.9764]]]},"properties":{"name":"Satna","state":"Madhya Pradesh","warning":"ORANGE","category":"Middle band, 69-122 mm/24h observed","maxMm24h":115.0}},{"type":"Feature","geometry":{"type":"Polygon","coordinates":[[[85.388,24.9626],[85.2764,24.7798],[85.3299,24.7124],[85.3039,24.6327],[85.3743,24.5543],[85.3314,24.5103],[85.2886,24.5227],[85.0883,24.3701],[85.0287,24.4155],[84.9033,24.3729],[84.888,24.4636],[84.8023,24.5309],[84.5852,24.4003],[84.4965,24.2876],[84.4598,24.3371],[84.3421,24.3935],[84.3268,24.4897],[84.3925,24.5667],[84.4843,24.5131],[84.547,24.5268],[84.602,24.6561],[84.7228,24.7],[84.7351,24.7647],[84.6402,24.8746],[84.7167,24.9241],[84.7335,25.0547],[84.8559,25.0616],[84.9094,25.0657],[85.0898,24.9929],[85.1265,25.0534],[85.2015,25.0589],[85.3498,25.0204],[85.388,24.9626]]]},"properties":{"name":"Gaya","state":"Bihar","warning":"YELLOW","category":"Lowest band, 39-68 mm/24h observed","maxMm24h":67.9}},{"type":"Feature","geometry":{"type":"Polygon","coordinates":[[[83.0606,24.9571],[83.0866,24.7812],[83.186,24.7193],[83.29,24.7207],[83.3955,24.7812],[83.4888,24.7358],[83.5301,24.6437],[83.5239,24.5502],[83.5025,24.5255],[83.4001,24.498],[83.3802,24.3137],[83.4093,24.267],[83.3297,24.102],[83.2074,23.9219],[83.0912,23.8711],[82.9474,23.8711],[82.8129,23.9618],[82.6645,24.1281],[82.7441,24.1653],[82.7701,24.3701],[82.7135,24.3797],[82.7441,24.4966],[82.7976,24.5763],[82.7731,24.6423],[82.7074,24.6368],[82.6707,24.6973],[82.5239,24.6767],[82.5453,24.8045],[82.6584,24.7812],[82.8068,24.8513],[82.9536,24.8361],[83.0606,24.9571]]]},"properties":{"name":"Sonbhadra","state":"Uttar Pradesh","warning":"ORANGE","category":"Middle band, 69-122 mm/24h observed","maxMm24h":79.9}},{"type":"Feature","geometry":{"type":"Polygon","coordinates":[[[86.0547,24.7798],[86.1281,24.6987],[86.1327,24.6038],[86.3009,24.5612],[86.2765,24.4663],[86.3499,24.4471],[86.4523,24.3729],[86.515,24.223],[86.4844,24.1529],[86.5701,24.1419],[86.4814,24.0223],[86.3789,24.0594],[86.2933,23.9164],[86.223,23.9412],[86.1098,23.8876],[86.0716,23.9219],[85.9676,23.8944],[85.9141,23.9494],[85.8361,24.0718],[85.7107,24.102],[85.6816,24.1763],[85.8468,24.2189],[85.8498,24.2739],[85.8682,24.5268],[85.7734,24.6107],[85.8177,24.7234],[85.9018,24.766],[85.9324,24.7385],[86.0547,24.7798]]]},"properties":{"name":"Giridih","state":"Jharkhand","warning":"YELLOW","category":"Lowest band, 39-68 mm/24h observed","maxMm24h":54.7}},{"type":"Feature","geometry":{"type":"Polygon","coordinates":[[[82.2975,24.6066],[82.4183,24.5942],[82.4183,24.6519],[82.5239,24.6767],[82.6707,24.6973],[82.7074,24.6368],[82.7731,24.6423],[82.7976,24.5763],[82.7441,24.4966],[82.7135,24.3797],[82.7701,24.3701],[82.7441,24.1653],[82.6645,24.1281],[82.8129,23.9618],[82.6936,23.9192],[82.6355,23.8381],[82.4979,23.7845],[82.2608,23.8216],[82.2088,23.8532],[82.2012,23.9494],[82.1217,23.9962],[81.9688,24.0127],[81.8785,24.1268],[81.9397,24.2368],[82.0009,24.2354],[82.166,24.3577],[82.2899,24.5021],[82.3036,24.5942],[82.2975,24.6066]]]},"properties":{"name":"Singrauli","state":"Madhya Pradesh","warning":"ORANGE","category":"Middle band, 69-122 mm/24h observed","maxMm24h":90.4}},{"type":"Feature","geometry":{"type":"Polygon","coordinates":[[[83.8726,24.5323],[83.9368,24.5488],[84.0087,24.6423],[84.0928,24.5337],[84.2564,24.5268],[84.3268,24.4897],[84.3421,24.3935],[84.4598,24.3371],[84.4965,24.2876],[84.4476,24.2395],[84.5821,24.1419],[84.5546,24.0085],[84.5791,23.9879],[84.5668,23.9274],[84.469,23.9577],[84.3344,23.9096],[84.1371,23.9041],[84.0194,23.8023],[83.9368,23.8683],[83.8649,24.069],[83.9888,24.1062],[83.8175,24.289],[83.8726,24.5323]]]},"properties":{"name":"Palamu","state":"Jharkhand","warning":"ORANGE","category":"Middle band, 69-122 mm/24h observed","maxMm24h":80.0}},{"type":"Feature","geometry":{"type":"Polygon","coordinates":[[[81.3051,24.322],[81.5039,24.4237],[81.7914,24.5296],[81.8663,24.5241],[82.1828,24.6024],[82.3036,24.5942],[82.2899,24.5021],[82.166,24.3577],[82.0009,24.2354],[81.9397,24.2368],[81.8785,24.1268],[81.9688,24.0127],[82.1217,23.9962],[82.2012,23.9494],[82.2088,23.8532],[82.0819,23.8161],[82.007,23.8614],[81.9214,23.8711],[81.8097,23.8078],[81.7256,23.8394],[81.6675,23.9247],[81.6033,23.8848],[81.5436,23.9137],[81.536,24.0663],[81.4702,24.1749],[81.4825,24.2313],[81.3892,24.2656],[81.3051,24.322]]]},"properties":{"name":"Sidhi","state":"Madhya Pradesh","warning":"ORANGE","category":"Middle band, 69-122 mm/24h observed","maxMm24h":84.6}},{"type":"Feature","geometry":{"type":"Polygon","coordinates":[[[84.4965,24.2876],[84.5852,24.4003],[84.8023,24.5309],[84.888,24.4636],[84.9033,24.3729],[85.0287,24.4155],[85.0883,24.3701],[85.1005,24.3289],[85.2259,24.344],[85.3223,24.3096],[85.2718,24.2161],[85.1602,24.2299],[85.1693,24.0993],[85.2489,24.0347],[85.2015,23.9563],[85.0241,23.992],[85.021,23.8821],[85.0531,23.7116],[84.969,23.7157],[84.9384,23.7336],[84.9522,23.8766],[84.9339,23.9412],[84.6708,23.9989],[84.5791,23.9879],[84.5546,24.0085],[84.5821,24.1419],[84.4476,24.2395],[84.4965,24.2876]]]},"properties":{"name":"Chatra","state":"Jharkhand","warning":"YELLOW","category":"Lowest band, 39-68 mm/24h observed","maxMm24h":41.8}},{"type":"Feature","geometry":{"type":"Polygon","coordinates":[[[83.5025,24.5255],[83.7181,24.5035],[83.8726,24.5323],[83.8175,24.289],[83.9888,24.1062],[83.8649,24.069],[83.9368,23.8683],[84.0194,23.8023],[84.0163,23.6346],[83.9384,23.5686],[83.7747,23.6099],[83.7059,23.8202],[83.5713,23.8628],[83.5148,23.981],[83.4322,24.0855],[83.3297,24.102],[83.4093,24.267],[83.3802,24.3137],[83.4001,24.498],[83.5025,24.5255]]]},"properties":{"name":"Garhwa","state":"Jharkhand","warning":"ORANGE","category":"Middle band, 69-122 mm/24h observed","maxMm24h":110.2}},{"type":"Feature","geometry":{"type":"Polygon","coordinates":[[[81.0023,24.0814],[81.1338,24.135],[81.1858,24.1103],[81.2822,24.19],[81.3479,24.1873],[81.3892,24.2656],[81.4825,24.2313],[81.4702,24.1749],[81.536,24.0663],[81.5436,23.9137],[81.6033,23.8848],[81.6109,23.8367],[81.6966,23.7212],[81.614,23.6635],[81.6109,23.5123],[81.7577,23.5494],[81.8204,23.515],[81.9168,23.5343],[81.9856,23.4146],[81.9137,23.3005],[81.8403,23.2964],[81.7562,23.2139],[81.6125,23.1988],[81.5176,23.082],[81.4381,23.0572],[81.3189,23.104],[81.328,23.1479],[81.2516,23.2126],[81.2837,23.2208],[81.3525,23.3542],[81.3081,23.4229],[81.2974,23.559],[81.2485,23.581],[81.2485,23.7226],[81.1797,23.7968],[81.2225,23.8546],[81.1292,23.9714],[81.0696,23.9659],[81.0023,24.0814]]]},"properties":{"name":"Shahdol","state":"Madhya Pradesh","warning":"ORANGE","category":"Middle band, 69-122 mm/24h observed","maxMm24h":86.3}},{"type":"Feature","geometry":{"type":"Polygon","coordinates":[[[80.3585,23.9687],[80.4686,23.9907],[80.5543,24.0484],[80.7378,24.1309],[80.7653,23.992],[80.8693,24.0787],[80.958,24.0649],[80.8463,23.9659],[80.8448,23.9068],[80.9182,23.79],[80.906,23.6772],[80.7714,23.6717],[80.6904,23.7322],[80.6246,23.5934],[80.5619,23.5672],[80.5436,23.394],[80.4579,23.3445],[80.3279,23.3143],[80.2974,23.339],[80.2362,23.5741],[80.0909,23.5934],[79.9701,23.5741],[79.9288,23.5975],[79.9365,23.6814],[79.8279,23.6951],[79.8646,23.8284],[79.9869,23.8944],[80.0527,23.992],[80.146,23.9371],[80.2316,23.9467],[80.3065,23.9096],[80.3585,23.9687]]]},"properties":{"name":"Katni","state":"Madhya Pradesh","warning":"YELLOW","category":"Lowest band, 39-68 mm/24h observed","maxMm24h":45.9}},{"type":"Feature","geometry":{"type":"Polygon","coordinates":[[[80.958,24.0649],[81.0023,24.0814],[81.0696,23.9659],[81.1292,23.9714],[81.2225,23.8546],[81.1797,23.7968],[81.2485,23.7226],[81.2485,23.581],[81.2974,23.559],[81.3081,23.4229],[81.3525,23.3542],[81.2837,23.2208],[81.2516,23.2126],[81.1766,23.3184],[81.1262,23.2098],[81.0681,23.1947],[80.9213,23.284],[80.8647,23.2332],[80.7255,23.2607],[80.75,23.3294],[80.7011,23.3748],[80.5757,23.3514],[80.5436,23.394],[80.5619,23.5672],[80.6246,23.5934],[80.6904,23.7322],[80.7714,23.6717],[80.906,23.6772],[80.9182,23.79],[80.8448,23.9068],[80.8463,23.9659],[80.958,24.0649]]]},"properties":{"name":"Umaria","state":"Madhya Pradesh","warning":"ORANGE","category":"Middle band, 69-122 mm/24h observed","maxMm24h":69.6}},{"type":"Feature","geometry":{"type":"Polygon","coordinates":[[[84.0194,23.8023],[84.1371,23.9041],[84.3344,23.9096],[84.469,23.9577],[84.5668,23.9274],[84.5791,23.9879],[84.6708,23.9989],[84.9339,23.9412],[84.9522,23.8766],[84.9384,23.7336],[84.969,23.7157],[84.9231,23.669],[84.9476,23.6085],[84.8849,23.559],[84.8574,23.5329],[84.6418,23.669],[84.469,23.658],[84.3879,23.6044],[84.3176,23.581],[84.3283,23.4944],[84.2457,23.4463],[84.2595,23.3817],[84.1922,23.3253],[84.0744,23.3335],[83.9628,23.3858],[84.0148,23.504],[84.0163,23.6346],[84.0194,23.8023]]]},"properties":{"name":"Latehar","state":"Jharkhand","warning":"ORANGE","category":"Middle band, 69-122 mm/24h observed","maxMm24h":92.2}},{"type":"Feature","geometry":{"type":"Polygon","coordinates":[[[82.2165,22.9445],[82.1232,23.104],[82.1997,23.3143],[82.1033,23.3982],[81.9856,23.4146],[81.9168,23.5343],[81.8204,23.515],[81.7577,23.5494],[81.6109,23.5123],[81.614,23.6635],[81.6966,23.7212],[81.6109,23.8367],[81.6033,23.8848],[81.6675,23.9247],[81.7256,23.8394],[81.8097,23.8078],[81.9214,23.8711],[82.007,23.8614],[82.0819,23.8161],[82.2088,23.8532],[82.2608,23.8216],[82.4979,23.7845],[82.6018,23.6759],[82.582,23.5453],[82.6416,23.5013],[82.6508,23.3844],[82.7486,23.3542],[82.7441,23.2689],[82.5774,23.1273],[82.6064,23.0242],[82.5728,22.961],[82.455,22.9665],[82.3847,22.9995],[82.2593,22.9376],[82.2165,22.9445]]]},"properties":{"name":"Koriya","state":"Chhattisgarh","warning":"ORANGE","category":"Middle band, 69-122 mm/24h observed","maxMm24h":84.6}},{"type":"Feature","geometry":{"type":"Polygon","coordinates":[[[86.6098,22.7988],[86.5594,22.7135],[86.4187,22.7905],[86.4355,22.9266],[86.5013,22.994],[86.2413,22.9967],[86.044,23.1452],[85.885,23.1672],[85.8193,23.2689],[85.8835,23.35],[85.859,23.4298],[85.885,23.4834],[86.0395,23.4985],[86.0823,23.5659],[86.1587,23.559],[86.1771,23.4696],[86.3101,23.4119],[86.3652,23.5315],[86.486,23.636],[86.7123,23.6992],[86.801,23.6992],[86.9019,23.6387],[86.8943,23.5123],[86.8515,23.3872],[86.7872,23.339],[86.7826,23.2607],[86.7169,23.1218],[86.7521,23.0888],[86.6894,22.9307],[86.7062,22.8799],[86.6098,22.7988]]]},"properties":{"name":"Purulia","state":"West Bengal","warning":"YELLOW","category":"Lowest band, 39-68 mm/24h observed","maxMm24h":39.9}},{"type":"Feature","geometry":{"type":"Polygon","coordinates":[[[84.969,23.7157],[85.0531,23.7116],[85.0761,23.6676],[85.2305,23.6841],[85.2045,23.6277],[85.2672,23.5782],[85.385,23.5507],[85.5287,23.5617],[85.6006,23.4889],[85.7137,23.4449],[85.7749,23.4614],[85.859,23.4298],[85.8835,23.35],[85.8193,23.2689],[85.885,23.1672],[85.8101,23.0765],[85.8575,22.9005],[85.729,22.9445],[85.5822,22.895],[85.5486,22.9307],[85.6556,23.005],[85.6143,23.115],[85.4828,23.1246],[85.385,23.1933],[85.2213,23.2084],[85.2275,23.2676],[85.0883,23.2428],[85.047,23.1947],[85.0547,23.1205],[84.943,23.0022],[84.9033,23.0558],[84.8895,23.1672],[84.9017,23.3267],[84.8849,23.4037],[84.9446,23.4985],[84.8849,23.559],[84.9476,23.6085],[84.9231,23.669],[84.969,23.7157]]]},"properties":{"name":"Ranchi","state":"Jharkhand","warning":"ORANGE","category":"Middle band, 69-122 mm/24h observed","maxMm24h":74.2}},{"type":"Feature","geometry":{"type":"Polygon","coordinates":[[[87.5228,22.928],[87.457,22.9129],[87.3576,22.9541],[87.2705,22.9032],[87.064,22.851],[87.0762,22.7259],[87.0151,22.6503],[86.8943,22.6517],[86.6955,22.7685],[86.6098,22.7988],[86.7062,22.8799],[86.6894,22.9307],[86.7521,23.0888],[86.7169,23.1218],[86.7826,23.2607],[86.7872,23.339],[86.8515,23.3872],[86.8943,23.5123],[86.9019,23.6387],[87.0151,23.6319],[87.2093,23.5576],[87.2781,23.4999],[87.4494,23.4023],[87.5564,23.3129],[87.6451,23.1961],[87.7644,23.0751],[87.7124,23.0105],[87.642,22.9816],[87.6313,22.8991],[87.5228,22.928]]]},"properties":{"name":"Bankura","state":"West Bengal","warning":"YELLOW","category":"Lowest band, 39-68 mm/24h observed","maxMm24h":42.2}},{"type":"Feature","geometry":{"type":"Polygon","coordinates":[[[84.3879,23.6044],[84.469,23.658],[84.6418,23.669],[84.8574,23.5329],[84.8849,23.559],[84.9446,23.4985],[84.8849,23.4037],[84.9017,23.3267],[84.7932,23.2785],[84.5913,23.3184],[84.5133,23.3844],[84.4415,23.405],[84.4751,23.4861],[84.4705,23.5796],[84.3879,23.6044]]]},"properties":{"name":"Lohardaga","state":"Jharkhand","warning":"ORANGE","category":"Middle band, 69-122 mm/24h observed","maxMm24h":74.2}},{"type":"Feature","geometry":{"type":"Polygon","coordinates":[[[84.0744,23.3335],[84.1922,23.3253],[84.2595,23.3817],[84.2457,23.4463],[84.3283,23.4944],[84.3176,23.581],[84.3879,23.6044],[84.4705,23.5796],[84.4751,23.4861],[84.4415,23.405],[84.5133,23.3844],[84.5913,23.3184],[84.7932,23.2785],[84.9017,23.3267],[84.8895,23.1672],[84.9033,23.0558],[84.943,23.0022],[84.9858,22.9197],[84.9797,22.785],[84.8574,22.7204],[84.7335,22.8015],[84.6953,22.741],[84.5577,22.7328],[84.5561,22.7878],[84.4491,22.8359],[84.4155,22.7644],[84.2931,22.7726],[84.3237,22.851],[84.3971,22.928],[84.3742,22.9789],[84.1784,22.9802],[84.0637,23.1136],[84.0377,23.1713],[84.0744,23.3335]]]},"properties":{"name":"Gumla","state":"Jharkhand","warning":"YELLOW","category":"Lowest band, 39-68 mm/24h observed","maxMm24h":51.9}},{"type":"Feature","geometry":{"type":"Polygon","coordinates":[[[82.1232,23.104],[81.9428,23.0792],[81.9504,22.983],[81.8617,22.8895],[81.7761,22.8744],[81.7944,22.7658],[81.7317,22.6764],[81.692,22.7809],[81.5941,22.7534],[81.4534,22.7699],[81.429,22.8359],[81.1996,22.9129],[81.2042,23.0036],[81.2638,23.071],[81.1262,23.2098],[81.1766,23.3184],[81.2516,23.2126],[81.328,23.1479],[81.3189,23.104],[81.4381,23.0572],[81.5176,23.082],[81.6125,23.1988],[81.7562,23.2139],[81.8403,23.2964],[81.9137,23.3005],[81.9856,23.4146],[82.1033,23.3982],[82.1997,23.3143],[82.1232,23.104]]]},"properties":{"name":"Anuppur","state":"Madhya Pradesh","warning":"YELLOW","category":"Lowest band, 39-68 mm/24h observed","maxMm24h":65.4}},{"type":"Feature","geometry":{"type":"Polygon","coordinates":[[[81.4748,22.4894],[81.328,22.5252],[81.2485,22.4592],[81.1935,22.4908],[81.1201,22.5939],[81.013,22.5912],[80.8677,22.7575],[80.8708,22.8483],[80.7301,22.8111],[80.5237,22.8716],[80.565,22.994],[80.5298,23.0833],[80.5038,23.2029],[80.5818,23.284],[80.5757,23.3514],[80.7011,23.3748],[80.75,23.3294],[80.7255,23.2607],[80.8647,23.2332],[80.9213,23.284],[81.0681,23.1947],[81.1262,23.2098],[81.2638,23.071],[81.2042,23.0036],[81.1996,22.9129],[81.429,22.8359],[81.4534,22.7699],[81.5941,22.7534],[81.692,22.7809],[81.7317,22.6764],[81.7287,22.6695],[81.6492,22.6145],[81.6216,22.5376],[81.4748,22.4894]]]},"properties":{"name":"Dindori","state":"Madhya Pradesh","warning":"YELLOW","category":"Lowest band, 39-68 mm/24h observed","maxMm24h":39.8}},{"type":"Feature","geometry":{"type":"Polygon","coordinates":[[[84.943,23.0022],[85.0547,23.1205],[85.047,23.1947],[85.0883,23.2428],[85.2275,23.2676],[85.2213,23.2084],[85.385,23.1933],[85.4828,23.1246],[85.6143,23.115],[85.6556,23.005],[85.5486,22.9307],[85.5822,22.895],[85.5165,22.807],[85.3406,22.8826],[85.2489,22.8345],[85.1571,22.8318],[85.073,22.5678],[85.0409,22.6819],[85.0485,22.7534],[84.9797,22.785],[84.9858,22.9197],[84.943,23.0022]]]},"properties":{"name":"Khunti","state":"Jharkhand","warning":"YELLOW","category":"Lowest band, 39-68 mm/24h observed","maxMm24h":51.6}},{"type":"Feature","geometry":{"type":"Polygon","coordinates":[[[84.0118,22.5279],[84.0469,22.4688],[84.0102,22.3712],[83.8634,22.3437],[83.8023,22.2942],[83.738,22.3781],[83.6493,22.3918],[83.5759,22.4592],[83.4001,22.5541],[83.4093,22.6407],[83.6295,22.7121],[83.6463,22.8263],[83.5958,22.8496],[83.5041,22.9514],[83.5484,23.0311],[83.4995,23.0655],[83.5545,23.1699],[83.6249,23.2194],[83.7915,23.2511],[83.9261,23.1686],[84.0377,23.1713],[84.0637,23.1136],[84.1784,22.9802],[84.3742,22.9789],[84.3971,22.928],[84.3237,22.851],[84.2931,22.7726],[84.2381,22.6915],[84.1524,22.6365],[84.0836,22.6379],[84.0102,22.5733],[84.0118,22.5279]]]},"properties":{"name":"Jashpur","state":"Chhattisgarh","warning":"ORANGE","category":"Middle band, 69-122 mm/24h observed","maxMm24h":92.6}},{"type":"Feature","geometry":{"type":"Polygon","coordinates":[[[85.963,22.4853],[86.018,22.4262],[86.0287,22.3341],[85.9737,22.2475],[86.0318,22.1897],[86.0089,22.1155],[85.8972,21.9835],[85.7841,21.9849],[85.7489,22.0743],[85.6832,22.0578],[85.3972,22.1636],[85.2749,22.0825],[85.2382,22.0096],[85.1801,22.0729],[85.0287,22.1224],[85.0776,22.2571],[85.0699,22.4908],[85.073,22.5678],[85.1571,22.8318],[85.2489,22.8345],[85.3406,22.8826],[85.5165,22.807],[85.6465,22.851],[85.7015,22.807],[85.7244,22.6847],[85.8651,22.7121],[85.9141,22.6049],[85.9003,22.5252],[85.963,22.4853]]]},"properties":{"name":"West Singhbhum","state":"Jharkhand","warning":"ORANGE","category":"Middle band, 69-122 mm/24h observed","maxMm24h":82.0}},{"type":"Feature","geometry":{"type":"Polygon","coordinates":[[[85.0699,22.4908],[84.9583,22.4454],[84.81,22.4537],[84.7503,22.4193],[84.5347,22.4276],[84.4292,22.352],[84.2916,22.3423],[84.1968,22.3781],[84.1111,22.4771],[84.0118,22.5279],[84.0102,22.5733],[84.0836,22.6379],[84.1524,22.6365],[84.2381,22.6915],[84.2931,22.7726],[84.4155,22.7644],[84.4491,22.8359],[84.5561,22.7878],[84.5577,22.7328],[84.6953,22.741],[84.7335,22.8015],[84.8574,22.7204],[84.9797,22.785],[85.0485,22.7534],[85.0409,22.6819],[85.073,22.5678],[85.0699,22.4908]]]},"properties":{"name":"Simdega","state":"Jharkhand","warning":"YELLOW","category":"Lowest band, 39-68 mm/24h observed","maxMm24h":51.6}},{"type":"Feature","geometry":{"type":"Polygon","coordinates":[[[85.3743,24.5543],[85.5425,24.5323],[85.677,24.5914],[85.6663,24.6616],[85.7382,24.8196],[85.9018,24.766],[85.8177,24.7234],[85.7734,24.6107],[85.8682,24.5268],[85.8498,24.2739],[85.6419,24.3316],[85.5165,24.3179],[85.3972,24.3619],[85.4125,24.4072],[85.3314,24.5103],[85.3743,24.5543]]]},"properties":{"name":"Koderma","state":"Jharkhand","warning":"YELLOW","category":"Lowest band, 39-68 mm/24h observed","maxMm24h":40.9}},{"type":"Feature","geometry":{"type":"Polygon","coordinates":[[[84.4629,25.1606],[84.5225,25.2073],[84.6295,25.2376],[84.7075,25.3091],[84.8115,25.217],[84.8574,25.2266],[84.8329,25.2018],[84.8559,25.0616],[84.7335,25.0547],[84.6846,25.1001],[84.4476,25.1276],[84.4629,25.1606]]]},"properties":{"name":"Arwal","state":"Bihar","warning":"YELLOW","category":"Lowest band, 39-68 mm/24h observed","maxMm24h":40.8}},{"type":"Feature","geometry":{"type":"Polygon","coordinates":[[[85.2015,25.0589],[85.1265,25.0534],[85.0898,24.9929],[84.9094,25.0657],[84.8559,25.0616],[84.8329,25.2018],[84.8574,25.2266],[84.9491,25.2939],[85.0761,25.2733],[85.1663,25.3077],[85.1648,25.1427],[85.2015,25.0589]]]},"properties":{"name":"Jehanabad","state":"Bihar","warning":"YELLOW","category":"Lowest band, 39-68 mm/24h observed","maxMm24h":39.1}},{"type":"Feature","geometry":{"type":"Polygon","coordinates":[[[85.5272,25.5386],[85.544,25.4837],[85.651,25.4617],[85.7351,25.5249],[85.781,25.5496],[85.8896,25.4988],[85.8743,25.4397],[85.9569,25.4135],[86.0685,25.3352],[86.0196,25.2967],[85.9064,25.2884],[85.8085,25.2884],[85.7183,25.3613],[85.6465,25.3352],[85.5746,25.4218],[85.414,25.4617],[85.3605,25.4012],[85.1785,25.4025],[85.1663,25.3077],[85.0761,25.2733],[84.9491,25.2939],[84.8574,25.2266],[84.8115,25.217],[84.7075,25.3091],[84.7794,25.4479],[84.7549,25.5015],[84.8192,25.5813],[84.8482,25.6995],[84.995,25.7297],[85.0699,25.7077],[85.1434,25.6225],[85.2305,25.6005],[85.3116,25.5125],[85.4293,25.496],[85.5272,25.5386]]]},"properties":{"name":"Patna","state":"Bihar","warning":"YELLOW","category":"Lowest band, 39-68 mm/24h observed","maxMm24h":40.8}},{"type":"Feature","geometry":{"type":"Polygon","coordinates":[[[84.0561,26.0995],[84.0867,26.2191],[84.1769,26.2645],[84.157,26.3759],[84.2671,26.3099],[84.3635,26.369],[84.654,26.2989],[84.7656,26.2095],[84.7045,26.0817],[84.5867,26.0748],[84.5653,26.0308],[84.4093,26.0322],[84.472,25.8823],[84.3543,25.9593],[84.2962,25.9456],[84.0561,26.0995]]]},"properties":{"name":"Siwan","state":"Bihar","warning":"YELLOW","category":"Lowest band, 39-68 mm/24h observed","maxMm24h":46.5}},{"type":"Feature","geometry":{"type":"Polygon","coordinates":[[[85.2871,26.3525],[85.2902,26.3539],[85.3758,26.3374],[85.4614,26.3016],[85.5042,26.3814],[85.7046,26.303],[85.7275,26.1257],[85.7122,26.0885],[85.6327,25.9552],[85.6449,25.9167],[85.5088,25.9043],[85.4094,25.9456],[85.284,25.9552],[85.1755,26.0116],[85.0684,25.9744],[84.9369,26.0239],[84.8972,26.215],[84.865,26.2604],[84.9017,26.3264],[85.0455,26.3415],[85.1999,26.2851],[85.281,26.3497],[85.2871,26.3525]]]},"properties":{"name":"Muzaffarpur","state":"Bihar","warning":"YELLOW","category":"Lowest band, 39-68 mm/24h observed","maxMm24h":51.3}},{"type":"Feature","geometry":{"type":"Polygon","coordinates":[[[86.8224,25.4452],[86.8392,25.617],[86.7979,25.6349],[86.8713,25.7229],[86.8438,25.8713],[86.7123,25.8658],[86.645,26.0184],[86.7888,26.0899],[87.0931,26.0597],[87.0793,25.9648],[86.9891,25.9456],[87.0426,25.848],[87.0074,25.7449],[87.0258,25.6555],[87.1007,25.5194],[87.0197,25.4617],[86.9203,25.4933],[86.8224,25.4452]]]},"properties":{"name":"Madhepura","state":"Bihar","warning":"ORANGE","category":"Middle band, 69-122 mm/24h observed","maxMm24h":71.4}},{"type":"Feature","geometry":{"type":"Polygon","coordinates":[[[86.645,26.0184],[86.5319,25.9909],[86.437,26.072],[86.515,26.2178],[86.5349,26.303],[86.723,26.4254],[86.8469,26.4419],[87.0426,26.5601],[87.0808,26.4047],[87.0441,26.3168],[87.1175,26.1779],[87.0931,26.0597],[86.7888,26.0899],[86.645,26.0184]]]},"properties":{"name":"Supaul","state":"Bihar","warning":"ORANGE","category":"Middle band, 69-122 mm/24h observed","maxMm24h":100.7}},{"type":"Feature","geometry":{"type":"Polygon","coordinates":[[[85.7673,26.4364],[85.8254,26.5408],[85.8162,26.6],[85.859,26.5683],[85.9599,26.6508],[86.0287,26.6659],[86.1908,26.6151],[86.3407,26.6068],[86.5426,26.5381],[86.5701,26.4968],[86.723,26.4254],[86.5349,26.303],[86.515,26.2178],[86.437,26.072],[86.3881,26.0336],[86.33,26.0913],[86.33,26.1559],[86.1496,26.2356],[86.1098,26.193],[86.0135,26.2466],[85.9783,26.3236],[85.8819,26.2741],[85.8162,26.2934],[85.8208,26.4089],[85.7673,26.4364]]]},"properties":{"name":"Madhubani","state":"Bihar","warning":"ORANGE","category":"Middle band, 69-122 mm/24h observed","maxMm24h":102.5}},{"type":"Feature","geometry":{"type":"Polygon","coordinates":[[[82.4979,23.7845],[82.6355,23.8381],[82.6936,23.9192],[82.7716,23.8766],[82.7823,23.8175],[82.9092,23.7735],[83.0652,23.7693],[83.1982,23.6855],[83.1998,23.5947],[83.2793,23.5769],[83.3481,23.4696],[83.2074,23.3775],[83.2089,23.2456],[83.2456,23.2318],[83.1004,23.1287],[82.8312,23.016],[82.8526,22.9871],[82.7563,22.8441],[82.7578,22.7974],[82.6508,22.8098],[82.559,22.8565],[82.5728,22.961],[82.6064,23.0242],[82.5774,23.1273],[82.7441,23.2689],[82.7486,23.3542],[82.6508,23.3844],[82.6416,23.5013],[82.582,23.5453],[82.6018,23.6759],[82.4979,23.7845]]]},"properties":{"name":"Surajpur","state":"Chhattisgarh","warning":"ORANGE","category":"Middle band, 69-122 mm/24h observed","maxMm24h":103.3}},{"type":"Feature","geometry":{"type":"Polygon","coordinates":[[[83.4093,22.6407],[83.3511,22.73],[83.2181,22.7878],[83.1585,22.774],[83.1111,22.6709],[83.0132,22.6393],[82.874,22.7465],[82.7578,22.7974],[82.7563,22.8441],[82.8526,22.9871],[82.8312,23.016],[83.1004,23.1287],[83.2456,23.2318],[83.3542,23.1727],[83.3924,23.2703],[83.4765,23.2579],[83.5545,23.1699],[83.4995,23.0655],[83.5484,23.0311],[83.5041,22.9514],[83.5958,22.8496],[83.6463,22.8263],[83.6295,22.7121],[83.4093,22.6407]]]},"properties":{"name":"Surguja","state":"Chhattisgarh","warning":"ORANGE","category":"Middle band, 69-122 mm/24h observed","maxMm24h":103.3}},{"type":"Feature","geometry":{"type":"Polygon","coordinates":[[[81.3448,26.5436],[81.3815,26.5903],[81.536,26.5436],[81.5589,26.6412],[81.6415,26.6398],[81.6981,26.5436],[81.9397,26.5078],[81.9489,26.4199],[81.8816,26.3882],[81.8525,26.2838],[82.0498,26.149],[82.0483,26.0583],[81.8847,26.0817],[81.7684,26.0679],[81.6002,26.1435],[81.5666,26.0734],[81.5696,25.9758],[81.4458,25.9346],[81.3066,26.0184],[81.3387,26.0473],[81.3739,26.1889],[81.3571,26.2783],[81.4075,26.3154],[81.3448,26.5436]]]},"properties":{"name":"Amethi","state":"Uttar Pradesh","warning":"YELLOW","category":"Lowest band, 39-68 mm/24h observed","maxMm24h":61.9}},{"type":"Feature","geometry":{"type":"Polygon","coordinates":[[[88.425,27.0715],[88.532,27.176],[88.5978,27.1883],[88.7216,27.1389],[88.8654,27.1086],[88.8685,26.9656],[88.7889,26.9918],[88.7599,26.9258],[88.6635,26.9258],[88.6024,26.8804],[88.4785,26.8804],[88.4235,26.956],[88.425,27.0715]]]},"properties":{"name":"Kalimpong","state":"West Bengal","warning":"YELLOW","category":"Lowest band, 39-68 mm/24h observed","maxMm24h":48.3}},{"type":"Feature","geometry":{"type":"Polygon","coordinates":[[[89.8349,26.4144],[89.8425,26.3827],[89.7814,26.3525],[89.7003,26.2178],[89.7294,26.171],[89.6346,26.2288],[89.6086,26.1532],[89.6499,26.0638],[89.5413,26.0061],[89.3486,26.0102],[89.2293,26.1243],[89.1544,26.1394],[89.0963,26.391],[88.9831,26.4474],[88.9097,26.38],[88.9862,26.3497],[88.9266,26.2838],[88.7599,26.3291],[88.9266,26.4529],[88.9617,26.5381],[89.1192,26.5243],[89.3914,26.4625],[89.4511,26.4872],[89.5367,26.4419],[89.6973,26.4281],[89.7493,26.4652],[89.8349,26.4144]]]},"properties":{"name":"Cooch Behar","state":"West Bengal","warning":"YELLOW","category":"Lowest band, 39-68 mm/24h observed","maxMm24h":42.9}},{"type":"Feature","geometry":{"type":"Polygon","coordinates":[[[80.2637,25.0245],[80.3417,25.0135],[80.4013,25.0699],[80.4778,24.9764],[80.4946,24.9118],[80.5757,24.9008],[80.6032,24.8306],[80.4365,24.7468],[80.3769,24.6808],[80.4702,24.6134],[80.461,24.4375],[80.5573,24.267],[80.6322,24.1749],[80.3585,23.9687],[80.3065,23.9096],[80.2316,23.9467],[80.146,23.9371],[80.0527,23.992],[79.9869,23.8944],[79.8646,23.8284],[79.8325,23.9426],[79.8447,24.0223],[79.7667,24.0415],[79.8585,24.2986],[79.7958,24.3742],[79.886,24.3742],[79.8753,24.5763],[79.8936,24.6973],[79.993,24.7248],[80.0787,24.799],[80.0328,24.9214],[80.1506,24.9351],[80.2637,25.0245]]]},"properties":{"name":"Panna","state":"Madhya Pradesh","warning":"ORANGE","category":"Middle band, 69-122 mm/24h observed","maxMm24h":112.2}},{"type":"Feature","geometry":{"type":"Polygon","coordinates":[[[74.4161,33.9081],[74.4757,34.0044],[74.6164,34.1144],[74.6929,34.1377],[74.9146,34.0209],[74.8183,33.8642],[74.7158,33.805],[74.5675,33.6923],[74.543,33.6813],[74.4528,33.7528],[74.4161,33.9081]]]},"properties":{"name":"Budgam","state":"Jammu and Kashmir","warning":"YELLOW","category":"Lowest band, 39-68 mm/24h observed","maxMm24h":40.2}},{"type":"Feature","geometry":{"type":"Polygon","coordinates":[[[73.8946,34.0649],[73.9543,34.0168],[74.2464,34.0209],[74.4161,33.9081],[74.4528,33.7528],[74.543,33.6813],[74.514,33.5988],[74.5736,33.5081],[74.5277,33.4682],[74.4222,33.5672],[74.2097,33.5452],[74.2265,33.4888],[74.1668,33.4119],[74.147,33.5397],[74.0644,33.5507],[73.9528,33.6222],[73.8472,33.5933],[73.7035,33.6222],[73.598,33.7129],[73.5598,33.7762],[73.5888,33.8834],[73.5215,33.9851],[73.4879,34.1446],[73.5338,34.1515],[73.653,34.0635],[73.806,34.0814],[73.8946,34.0649]]]},"properties":{"name":"Punch","state":"Jammu and Kashmir","warning":"YELLOW","category":"Lowest band, 39-68 mm/24h observed","maxMm24h":53.0}},{"type":"Feature","geometry":{"type":"Polygon","coordinates":[[[75.0431,33.8133],[75.0308,33.7803],[74.9513,33.7391],[74.9651,33.6813],[74.8703,33.6236],[74.6806,33.7019],[74.5675,33.6923],[74.7158,33.805],[74.8764,33.7885],[75.0431,33.8133]]]},"properties":{"name":"Shopiyan","state":"Jammu and Kashmir","warning":"YELLOW","category":"Lowest band, 39-68 mm/24h observed","maxMm24h":40.2}},{"type":"Feature","geometry":{"type":"Polygon","coordinates":[[[75.0339,33.7803],[75.1195,33.7652],[75.1058,33.6318],[75.1516,33.5562],[75.0232,33.4985],[74.7953,33.4655],[74.7112,33.5246],[74.6256,33.4957],[74.5736,33.5081],[74.514,33.5988],[74.543,33.6813],[74.5675,33.6923],[74.6806,33.7019],[74.8703,33.6236],[74.9651,33.6813],[74.9513,33.7391],[75.0308,33.7803],[75.0324,33.7803],[75.0339,33.7803]]]},"properties":{"name":"Kulgam","state":"Jammu and Kashmir","warning":"YELLOW","category":"Lowest band, 39-68 mm/24h observed","maxMm24h":40.2}},{"type":"Feature","geometry":{"type":"Polygon","coordinates":[[[74.1668,33.4119],[74.2265,33.4888],[74.2097,33.5452],[74.4222,33.5672],[74.5277,33.4682],[74.5736,33.5081],[74.6256,33.4957],[74.6852,33.3596],[74.6914,33.2414],[74.5705,33.0283],[74.3335,32.9541],[74.3198,33.0297],[74.1638,33.075],[74.147,33.1397],[74.0017,33.218],[74.0047,33.2593],[74.1317,33.3074],[74.1668,33.4119]]]},"properties":{"name":"Rajouri","state":"Jammu and Kashmir","warning":"ORANGE","category":"Middle band, 69-122 mm/24h observed","maxMm24h":72.8}},{"type":"Feature","geometry":{"type":"Polygon","coordinates":[[[76.2221,33.0214],[76.2924,33.1039],[76.4102,33.1864],[76.5692,33.2098],[76.6457,33.1617],[76.7481,33.1795],[76.7405,33.1039],[76.7863,32.9527],[76.716,32.9183],[76.6793,32.8468],[76.6105,32.8523],[76.4912,32.8015],[76.3796,32.8193],[76.4025,32.7286],[76.4667,32.6516],[76.5952,32.6365],[76.7145,32.5389],[76.8674,32.5334],[76.8659,32.4633],[76.7512,32.3574],[76.7634,32.209],[76.6655,32.176],[76.586,32.2227],[76.4285,32.2612],[76.3551,32.3258],[76.2221,32.3945],[76.1624,32.2997],[76.0309,32.2694],[76.0233,32.3341],[75.9315,32.3945],[75.8367,32.5114],[75.9178,32.6338],[75.9239,32.7479],[75.8015,32.8853],[75.8505,32.9293],[75.9545,32.873],[76.0875,32.9568],[76.112,33.0063],[76.2221,33.0214]]]},"properties":{"name":"Chamba","state":"Himachal Pradesh","warning":"YELLOW","category":"Lowest band, 39-68 mm/24h observed","maxMm24h":66.1}},{"type":"Feature","geometry":{"type":"Polygon","coordinates":[[[75.6823,32.862],[75.8015,32.8853],[75.9239,32.7479],[75.9178,32.6338],[75.8367,32.5114],[75.7281,32.4523],[75.6869,32.3904],[75.5966,32.378],[75.5125,32.3079],[75.3413,32.3464],[75.2052,32.4179],[75.2587,32.4867],[75.2847,32.642],[75.4131,32.6791],[75.4942,32.7644],[75.6547,32.7712],[75.6823,32.862]]]},"properties":{"name":"Kathua","state":"Jammu and Kashmir","warning":"ORANGE","category":"Middle band, 69-122 mm/24h observed","maxMm24h":82.8}},{"type":"Feature","geometry":{"type":"Polygon","coordinates":[[[76.6395,31.8721],[76.6961,31.934],[76.6625,32.0137],[76.771,32.0632],[76.9362,32.0619],[77.0585,31.8598],[77.1778,31.8419],[77.213,31.725],[77.3032,31.6687],[77.2986,31.5518],[77.3827,31.3607],[77.3047,31.2686],[77.1549,31.2301],[77.031,31.2727],[76.8766,31.3511],[76.8016,31.4212],[76.7313,31.5821],[76.7236,31.6645],[76.638,31.747],[76.6395,31.8721]]]},"properties":{"name":"Mandi","state":"Himachal Pradesh","warning":"YELLOW","category":"Lowest band, 39-68 mm/24h observed","maxMm24h":56.5}},{"type":"Feature","geometry":{"type":"Polygon","coordinates":[[[77.3827,31.3607],[77.5173,31.3484],[77.6289,31.3896],[77.6274,31.4515],[77.7069,31.5023],[77.6488,31.5834],[77.6457,31.6632],[77.7482,31.714],[77.8124,31.6632],[77.8399,31.5065],[77.9653,31.402],[78.1014,31.4198],[78.1626,31.3442],[78.2911,31.3264],[78.3109,31.2837],[78.2467,31.2301],[78.103,31.1861],[77.9669,31.1738],[77.8644,31.1091],[77.8292,31.0294],[77.8063,30.8534],[77.7039,30.7641],[77.6595,30.8067],[77.5463,30.7737],[77.4928,30.7957],[77.3797,31.0212],[77.2466,30.9194],[77.0478,31.1146],[77.031,31.2727],[77.1549,31.2301],[77.3047,31.2686],[77.3827,31.3607]]]},"properties":{"name":"Shimla","state":"Himachal Pradesh","warning":"YELLOW","category":"Lowest band, 39-68 mm/24h observed","maxMm24h":51.2}},{"type":"Feature","geometry":{"type":"Polygon","coordinates":[[[76.3306,31.2233],[76.2894,31.3071],[76.3918,31.413],[76.4316,31.3264],[76.4973,31.27],[76.5875,31.2741],[76.6457,31.2095],[76.6242,30.9992],[76.7328,30.9373],[76.6074,30.8906],[76.531,30.7682],[76.4438,30.76],[76.3673,30.8727],[76.3199,30.8782],[76.3062,30.9909],[76.4943,30.9758],[76.3306,31.2233]]]},"properties":{"name":"Rupnagar","state":"Punjab","warning":"YELLOW","category":"Lowest band, 39-68 mm/24h observed","maxMm24h":53.7}},{"type":"Feature","geometry":{"type":"Polygon","coordinates":[[[78.3109,31.2837],[78.3706,31.2865],[78.4837,31.1985],[78.6091,31.2288],[78.6718,31.1971],[78.8095,31.1985],[78.8859,31.0982],[79.0082,31.1105],[78.9853,31.1738],[78.8813,31.2837],[78.944,31.3662],[79.0067,31.3786],[79.0725,31.4556],[79.1382,31.4336],[79.1673,31.3607],[79.233,31.3332],[79.2223,31.2604],[79.2957,31.2178],[79.3187,31.1353],[79.4074,31.0734],[79.2927,30.9689],[79.2254,30.8108],[79.2743,30.7242],[79.1994,30.7325],[79.0327,30.8095],[79.0037,30.8589],[78.8798,30.8754],[78.8477,30.738],[78.7192,30.7338],[78.6,30.672],[78.5464,30.5331],[78.4532,30.5428],[78.3935,30.5056],[78.2773,30.6115],[78.2054,30.5785],[78.158,30.628],[78.0127,30.617],[78.0785,30.7407],[77.9745,30.8892],[77.9638,30.9772],[77.8537,30.9538],[77.8292,31.0294],[77.8644,31.1091],[77.9669,31.1738],[78.103,31.1861],[78.2467,31.2301],[78.3109,31.2837]]]},"properties":{"name":"Uttarkashi","state":"Uttarakhand","warning":"YELLOW","category":"Lowest band, 39-68 mm/24h observed","maxMm24h":64.3}},{"type":"Feature","geometry":{"type":"Polygon","coordinates":[[[76.8766,31.3511],[77.031,31.2727],[77.0478,31.1146],[77.2466,30.9194],[77.1151,30.8507],[77.0249,30.749],[76.9163,30.9002],[76.8689,30.8727],[76.7772,30.9043],[76.7328,30.9373],[76.6242,30.9992],[76.6457,31.2095],[76.7328,31.2411],[76.8399,31.2315],[76.927,31.3044],[76.8766,31.3511]]]},"properties":{"name":"Solan","state":"Himachal Pradesh","warning":"ORANGE","category":"Middle band, 69-122 mm/24h observed","maxMm24h":86.8}},{"type":"Feature","geometry":{"type":"Polygon","coordinates":[[[79.2743,30.7242],[79.2254,30.8108],[79.2927,30.9689],[79.4074,31.0734],[79.5068,31.0322],[79.6016,30.9332],[79.7316,30.9785],[79.8646,30.973],[79.8891,30.9181],[80.0542,30.8438],[80.1016,30.7888],[79.9839,30.6898],[80.0435,30.5977],[79.9961,30.5373],[80.0374,30.4438],[79.9869,30.3187],[79.8738,30.2705],[79.7637,30.1331],[79.8126,30.0231],[79.7209,30.0011],[79.6107,30.0203],[79.4716,29.9791],[79.4242,29.9351],[79.3248,29.9296],[79.23,29.975],[79.1933,30.0836],[79.0771,30.2211],[79.1596,30.3283],[79.1673,30.4465],[79.2453,30.5592],[79.3355,30.5964],[79.3477,30.65],[79.2743,30.7242]]]},"properties":{"name":"Chamoli","state":"Uttarakhand","warning":"YELLOW","category":"Lowest band, 39-68 mm/24h observed","maxMm24h":55.7}},{"type":"Feature","geometry":{"type":"Polygon","coordinates":[[[77.7039,30.7641],[77.8063,30.8534],[77.8292,31.0294],[77.8537,30.9538],[77.9638,30.9772],[77.9745,30.8892],[78.0785,30.7407],[78.0127,30.617],[77.973,30.4864],[78.106,30.4781],[78.2238,30.4053],[78.1336,30.3434],[78.2773,30.2719],[78.2345,30.1853],[78.3018,30.1125],[78.2024,29.9667],[78.1488,29.9681],[78.0693,30.0423],[77.9592,30.2417],[77.7222,30.3297],[77.658,30.4012],[77.5754,30.4012],[77.8155,30.5056],[77.8185,30.5606],[77.7039,30.7641]]]},"properties":{"name":"Dehradun","state":"Uttarakhand","warning":"RED","category":"Highest band, >= 123 mm/24h observed","maxMm24h":192.2}},{"type":"Feature","geometry":{"type":"Polygon","coordinates":[[[77.2466,30.9194],[77.3797,31.0212],[77.4928,30.7957],[77.5463,30.7737],[77.6595,30.8067],[77.7039,30.7641],[77.8185,30.5606],[77.8155,30.5056],[77.5754,30.4012],[77.58,30.3792],[77.5234,30.4438],[77.4072,30.4273],[77.2084,30.4878],[77.1228,30.5634],[77.1717,30.6019],[77.1671,30.6844],[77.0249,30.749],[77.1151,30.8507],[77.2466,30.9194]]]},"properties":{"name":"Sirmaur","state":"Himachal Pradesh","warning":"ORANGE","category":"Middle band, 69-122 mm/24h observed","maxMm24h":99.6}},{"type":"Feature","geometry":{"type":"Polygon","coordinates":[[[78.0127,30.617],[78.158,30.628],[78.2054,30.5785],[78.2773,30.6115],[78.3935,30.5056],[78.4532,30.5428],[78.5464,30.5331],[78.6,30.672],[78.7192,30.7338],[78.8477,30.738],[78.8798,30.8754],[79.0037,30.8589],[79.0327,30.8095],[79.0281,30.7682],[78.9104,30.6912],[78.863,30.5675],[78.8355,30.3572],[78.8997,30.2444],[78.8064,30.2197],[78.7162,30.2376],[78.6474,30.2073],[78.5785,30.1042],[78.5113,30.0547],[78.4103,30.1358],[78.3018,30.1125],[78.2345,30.1853],[78.2773,30.2719],[78.1336,30.3434],[78.2238,30.4053],[78.106,30.4781],[77.973,30.4864],[78.0127,30.617]]]},"properties":{"name":"Tehri Garhwal","state":"Uttarakhand","warning":"RED","category":"Highest band, >= 123 mm/24h observed","maxMm24h":192.2}},{"type":"Feature","geometry":{"type":"Polygon","coordinates":[[[79.0327,30.8095],[79.1994,30.7325],[79.2743,30.7242],[79.3477,30.65],[79.3355,30.5964],[79.2453,30.5592],[79.1673,30.4465],[79.1596,30.3283],[79.0771,30.2211],[78.9823,30.1784],[78.8997,30.2444],[78.8355,30.3572],[78.863,30.5675],[78.9104,30.6912],[79.0281,30.7682],[79.0327,30.8095]]]},"properties":{"name":"Rudraprayag","state":"Uttarakhand","warning":"YELLOW","category":"Lowest band, 39-68 mm/24h observed","maxMm24h":55.7}},{"type":"Feature","geometry":{"type":"Polygon","coordinates":[[[79.9869,30.3187],[80.0374,30.4438],[79.9961,30.5373],[80.0435,30.5977],[79.9839,30.6898],[80.1016,30.7888],[80.1735,30.8081],[80.2499,30.7448],[80.2132,30.584],[80.4182,30.5249],[80.5405,30.4479],[80.6078,30.4713],[80.7087,30.4176],[80.8035,30.3242],[80.9993,30.2678],[81.0451,30.2101],[80.9289,30.1743],[80.7622,30.0492],[80.6751,29.9571],[80.6017,29.9571],[80.5543,29.8499],[80.435,29.8045],[80.3662,29.7399],[80.409,29.5955],[80.3417,29.5103],[80.2423,29.4443],[80.0756,29.5213],[79.9992,29.5598],[79.9518,29.6808],[79.8906,29.7124],[79.9869,29.7646],[80.0542,29.9021],[80.1582,29.9049],[80.068,30.019],[80.1154,30.2266],[79.9869,30.3187]]]},"properties":{"name":"Pithoragarh","state":"Uttarakhand","warning":"YELLOW","category":"Lowest band, 39-68 mm/24h observed","maxMm24h":60.3}},{"type":"Feature","geometry":{"type":"Polygon","coordinates":[[[77.2084,30.4878],[77.4072,30.4273],[77.5234,30.4438],[77.58,30.3792],[77.583,30.3077],[77.4561,30.1633],[77.2267,29.9392],[77.1197,29.9915],[77.0647,30.1262],[77.0922,30.2252],[77.1778,30.3242],[77.1671,30.4383],[77.2084,30.4878]]]},"properties":{"name":"Yamunanagar","state":"Haryana","warning":"ORANGE","category":"Middle band, 69-122 mm/24h observed","maxMm24h":99.6}},{"type":"Feature","geometry":{"type":"Polygon","coordinates":[[[77.5754,30.4012],[77.658,30.4012],[77.7222,30.3297],[77.9592,30.2417],[77.8598,30.1138],[77.8017,30.096],[77.7161,29.8856],[77.8201,29.6739],[77.7406,29.6093],[77.4867,29.634],[77.4393,29.6698],[77.3368,29.6437],[77.2237,29.6959],[77.1518,29.6877],[77.1197,29.755],[77.1732,29.8045],[77.2267,29.9392],[77.4561,30.1633],[77.583,30.3077],[77.58,30.3792],[77.5754,30.4012]]]},"properties":{"name":"Saharanpur","state":"Uttar Pradesh","warning":"ORANGE","category":"Middle band, 69-122 mm/24h observed","maxMm24h":99.6}},{"type":"Feature","geometry":{"type":"Polygon","coordinates":[[[79.4716,29.9791],[79.6107,30.0203],[79.7209,30.0011],[79.8126,30.0231],[79.7637,30.1331],[79.8738,30.2705],[79.9869,30.3187],[80.1154,30.2266],[80.068,30.019],[80.1582,29.9049],[80.0542,29.9021],[79.9869,29.7646],[79.8906,29.7124],[79.7591,29.7014],[79.6964,29.766],[79.7086,29.8265],[79.5083,29.8732],[79.4716,29.9791]]]},"properties":{"name":"Bageshwar","state":"Uttarakhand","warning":"YELLOW","category":"Lowest band, 39-68 mm/24h observed","maxMm24h":65.7}},{"type":"Feature","geometry":{"type":"Polygon","coordinates":[[[77.9592,30.2417],[78.0693,30.0423],[78.1488,29.9681],[78.2024,29.9667],[78.3155,29.8622],[78.3354,29.7976],[78.2039,29.7371],[78.1305,29.6519],[78.0204,29.5818],[77.9271,29.7138],[77.8201,29.6739],[77.7161,29.8856],[77.8017,30.096],[77.8598,30.1138],[77.9592,30.2417]]]},"properties":{"name":"Haridwar","state":"Uttarakhand","warning":"YELLOW","category":"Lowest band, 39-68 mm/24h observed","maxMm24h":68.2}},{"type":"Feature","geometry":{"type":"Polygon","coordinates":[[[79.0771,30.2211],[79.1933,30.0836],[79.23,29.975],[79.0847,29.8884],[79.1214,29.7179],[79.0602,29.5887],[79.0098,29.5859],[78.9257,29.4388],[78.8003,29.4649],[78.6168,29.5584],[78.5327,29.6395],[78.5113,29.7248],[78.3354,29.7976],[78.3155,29.8622],[78.2024,29.9667],[78.3018,30.1125],[78.4103,30.1358],[78.5113,30.0547],[78.5785,30.1042],[78.6474,30.2073],[78.7162,30.2376],[78.8064,30.2197],[78.8997,30.2444],[78.9823,30.1784],[79.0771,30.2211]]]},"properties":{"name":"Pauri Garhwal","state":"Uttarakhand","warning":"RED","category":"Highest band, >= 123 mm/24h observed","maxMm24h":168.1}},{"type":"Feature","geometry":{"type":"Polygon","coordinates":[[[79.23,29.975],[79.3248,29.9296],[79.4242,29.9351],[79.4716,29.9791],[79.5083,29.8732],[79.7086,29.8265],[79.6964,29.766],[79.7591,29.7014],[79.8906,29.7124],[79.9518,29.6808],[79.9992,29.5598],[80.0756,29.5213],[79.8493,29.4319],[79.6887,29.4732],[79.6215,29.5557],[79.5266,29.5488],[79.4823,29.4966],[79.3355,29.612],[79.2193,29.5227],[79.0602,29.5887],[79.1214,29.7179],[79.0847,29.8884],[79.23,29.975]]]},"properties":{"name":"Almora","state":"Uttarakhand","warning":"YELLOW","category":"Lowest band, 39-68 mm/24h observed","maxMm24h":65.7}},{"type":"Feature","geometry":{"type":"Polygon","coordinates":[[[78.5327,29.0649],[78.3859,29.0209],[78.2146,29.0291],[78.0724,29.0828],[78.1244,29.1721],[78.1137,29.256],[78.0265,29.3866],[77.9868,29.5282],[78.0204,29.5818],[78.1305,29.6519],[78.2039,29.7371],[78.3354,29.7976],[78.5113,29.7248],[78.5327,29.6395],[78.6168,29.5584],[78.8003,29.4649],[78.9257,29.4388],[78.8507,29.3481],[78.7605,29.2642],[78.6886,29.2395],[78.6504,29.1226],[78.5327,29.0649]]]},"properties":{"name":"Bijnor","state":"Uttar Pradesh","warning":"YELLOW","category":"Lowest band, 39-68 mm/24h observed","maxMm24h":44.9}},{"type":"Feature","geometry":{"type":"Polygon","coordinates":[[[78.9257,29.4388],[79.0098,29.5859],[79.0602,29.5887],[79.2193,29.5227],[79.3355,29.612],[79.4823,29.4966],[79.5266,29.5488],[79.6215,29.5557],[79.6887,29.4732],[79.8493,29.4319],[79.8921,29.3701],[79.8554,29.2766],[79.9273,29.2147],[79.8784,29.1584],[79.9747,29.1213],[79.9716,29.0553],[79.8967,28.9934],[79.8004,29.025],[79.4349,29.0841],[79.2774,29.2395],[79.0128,29.2903],[78.9272,29.3412],[78.8507,29.3481],[78.9257,29.4388]]]},"properties":{"name":"Nainital","state":"Uttarakhand","warning":"ORANGE","category":"Middle band, 69-122 mm/24h observed","maxMm24h":81.9}},{"type":"Feature","geometry":{"type":"Polygon","coordinates":[[[80.0756,29.5213],[80.2423,29.4443],[80.3188,29.3013],[80.2591,29.1872],[80.1444,29.102],[80.1184,28.981],[80.0741,28.9412],[80.0588,29.0044],[79.9716,29.0553],[79.9747,29.1213],[79.8784,29.1584],[79.9273,29.2147],[79.8554,29.2766],[79.8921,29.3701],[79.8493,29.4319],[80.0756,29.5213]]]},"properties":{"name":"Champawat","state":"Uttarakhand","warning":"ORANGE","category":"Middle band, 69-122 mm/24h observed","maxMm24h":92.6}},{"type":"Feature","geometry":{"type":"Polygon","coordinates":[[[79.6826,28.8546],[79.5848,28.8463],[79.4227,28.8972],[79.4074,28.9522],[79.259,28.992],[79.1428,29.0676],[79.1535,29.1158],[79.0358,29.1694],[78.9746,29.1309],[78.9272,29.1185],[78.8752,29.2051],[78.7605,29.2642],[78.8507,29.3481],[78.9272,29.3412],[79.0128,29.2903],[79.2774,29.2395],[79.4349,29.0841],[79.8004,29.025],[79.8967,28.9934],[79.9716,29.0553],[80.0588,29.0044],[80.0741,28.9412],[80.0649,28.8367],[80.0297,28.7487],[79.9548,28.7226],[79.8202,28.8875],[79.6826,28.8546]]]},"properties":{"name":"Udham Singh Nagar","state":"Uttarakhand","warning":"ORANGE","category":"Middle band, 69-122 mm/24h observed","maxMm24h":92.6}},{"type":"Feature","geometry":{"type":"Polygon","coordinates":[[[79.4227,28.8972],[79.36,28.7528],[79.3064,28.7432],[79.2346,28.6593],[79.2055,28.5714],[79.0755,28.5081],[78.9715,28.4215],[78.9394,28.46],[78.9593,28.5494],[78.8599,28.6593],[78.9593,28.702],[79.0006,28.7638],[78.918,28.8972],[78.9027,28.9962],[78.9746,29.1309],[79.0358,29.1694],[79.1535,29.1158],[79.1428,29.0676],[79.259,28.992],[79.4074,28.9522],[79.4227,28.8972]]]},"properties":{"name":"Rampur","state":"Uttar Pradesh","warning":"YELLOW","category":"Lowest band, 39-68 mm/24h observed","maxMm24h":50.4}},{"type":"Feature","geometry":{"type":"Polygon","coordinates":[[[75.8367,32.5114],[75.9315,32.3945],[75.8734,32.3959],[75.771,32.2887],[75.6379,32.2516],[75.6609,32.1375],[75.6012,32.0935],[75.5875,32.1416],[75.4345,32.1498],[75.3795,32.1828],[75.381,32.2694],[75.3413,32.3464],[75.5125,32.3079],[75.5966,32.378],[75.6869,32.3904],[75.7281,32.4523],[75.8367,32.5114]]]},"properties":{"name":"Pathankot","state":"Punjab","warning":"ORANGE","category":"Middle band, 69-122 mm/24h observed","maxMm24h":82.8}},{"type":"Feature","geometry":{"type":"Polygon","coordinates":[[[76.7772,30.9043],[76.8689,30.8727],[76.9163,30.9002],[77.0249,30.749],[77.1671,30.6844],[77.1717,30.6019],[77.1228,30.5634],[76.9071,30.4589],[76.9255,30.6101],[76.8276,30.6816],[76.8383,30.7545],[76.846,30.8342],[76.7772,30.9043]]]},"properties":{"name":"Panchkula","state":"Haryana","warning":"YELLOW","category":"Lowest band, 39-68 mm/24h observed","maxMm24h":43.7}},{"type":"Feature","geometry":{"type":"Polygon","coordinates":[[[84.0087,24.6423],[84.0852,24.7702],[84.3054,25.0107],[84.4231,25.0809],[84.4476,25.1276],[84.6846,25.1001],[84.7335,25.0547],[84.7167,24.9241],[84.6402,24.8746],[84.7351,24.7647],[84.7228,24.7],[84.602,24.6561],[84.547,24.5268],[84.4843,24.5131],[84.3925,24.5667],[84.3268,24.4897],[84.2564,24.5268],[84.0928,24.5337],[84.0087,24.6423]]]},"properties":{"name":"Aurangabad","state":"Bihar","warning":"ORANGE","category":"Middle band, 69-122 mm/24h observed","maxMm24h":80.0}},{"type":"Feature","geometry":{"type":"Polygon","coordinates":[[[82.8129,23.9618],[82.9474,23.8711],[83.0912,23.8711],[83.2074,23.9219],[83.3297,24.102],[83.4322,24.0855],[83.5148,23.981],[83.5713,23.8628],[83.7059,23.8202],[83.7747,23.6099],[83.9384,23.5686],[84.0163,23.6346],[84.0148,23.504],[83.9628,23.3858],[84.0744,23.3335],[84.0377,23.1713],[83.9261,23.1686],[83.7915,23.2511],[83.6249,23.2194],[83.5545,23.1699],[83.4765,23.2579],[83.3924,23.2703],[83.3542,23.1727],[83.2456,23.2318],[83.2089,23.2456],[83.2074,23.3775],[83.3481,23.4696],[83.2793,23.5769],[83.1998,23.5947],[83.1982,23.6855],[83.0652,23.7693],[82.9092,23.7735],[82.7823,23.8175],[82.7716,23.8766],[82.6936,23.9192],[82.8129,23.9618]]]},"properties":{"name":"Balrampur","state":"Chhattisgarh","warning":"ORANGE","category":"Middle band, 69-122 mm/24h observed","maxMm24h":110.2}},{"type":"Feature","geometry":{"type":"Polygon","coordinates":[[[82.0743,27.4014],[82.0223,27.5802],[82.085,27.6338],[82.1247,27.7355],[82.2073,27.8441],[82.4489,27.6791],[82.6645,27.7231],[82.7058,27.7039],[82.7532,27.587],[82.7318,27.4867],[82.715,27.4014],[82.5774,27.4221],[82.4933,27.3588],[82.5116,27.2117],[82.4566,27.1512],[82.4214,27.0852],[82.3251,27.066],[82.2287,27.1691],[82.2975,27.2475],[82.0743,27.4014]]]},"properties":{"name":"Balrampur","state":"Uttar Pradesh","warning":"YELLOW","category":"Lowest band, 39-68 mm/24h observed","maxMm24h":52.1}},{"type":"Feature","geometry":{"type":"Polygon","coordinates":[[[76.3123,31.7223],[76.3001,31.78],[76.4346,31.7938],[76.557,31.8859],[76.6395,31.8721],[76.638,31.747],[76.7236,31.6645],[76.7313,31.5821],[76.6197,31.5752],[76.6105,31.4171],[76.4622,31.4872],[76.401,31.6082],[76.3123,31.7223]]]},"properties":{"name":"Hamirpur","state":"Himachal Pradesh","warning":"YELLOW","category":"Lowest band, 39-68 mm/24h observed","maxMm24h":51.9}},{"type":"Feature","geometry":{"type":"Polygon","coordinates":[[[82.0483,26.0583],[82.1003,26.072],[82.1981,26.0184],[82.2425,26.0569],[82.3587,26.0047],[82.4336,26.0061],[82.3694,25.9827],[82.3541,25.9043],[82.2792,25.8425],[82.218,25.8397],[82.1874,25.7077],[82.1507,25.6734],[82.0636,25.6555],[82.0223,25.7435],[81.8862,25.7119],[81.7975,25.7504],[81.7516,25.6692],[81.6109,25.5978],[81.4687,25.6198],[81.3739,25.6954],[81.3923,25.7724],[81.3387,25.8108],[81.3326,25.87],[81.4458,25.9346],[81.5696,25.9758],[81.5666,26.0734],[81.6002,26.1435],[81.7684,26.0679],[81.8847,26.0817],[82.0483,26.0583]]]},"properties":{"name":"Pratapgarh","state":"Uttar Pradesh","warning":"YELLOW","category":"Lowest band, 39-68 mm/24h observed","maxMm24h":61.9}},{"type":"Feature","geometry":{"type":"Polygon","coordinates":[[[76.7313,31.5821],[76.8016,31.4212],[76.8766,31.3511],[76.927,31.3044],[76.8399,31.2315],[76.7328,31.2411],[76.6457,31.2095],[76.5875,31.2741],[76.4973,31.27],[76.4316,31.3264],[76.3918,31.413],[76.4622,31.4872],[76.6105,31.4171],[76.6197,31.5752],[76.7313,31.5821]]]},"properties":{"name":"Bilaspur","state":"Himachal Pradesh","warning":"ORANGE","category":"Middle band, 69-122 mm/24h observed","maxMm24h":86.8}},{"type":"Feature","geometry":{"type":"Polygon","coordinates":[[[73.0536,8.2731],[73.0429,8.2635],[73.0184,8.2759],[73.0536,8.2731]]]},"properties":{"name":"Lakshadweep","state":"Lakshadweep","warning":"YELLOW","category":"Lowest band, 39-68 mm/24h observed","maxMm24h":39.5}}]}