{"type": "FeatureCollection", "features": [{"type": "Feature", "geometry": {"geodesic": false, "type": "Polygon", "coordinates": [[[88.15895518445002, 21.946830537852442], [88.15868568986478, 21.94656104326721], [88.15841619527954, 21.942788119073906], [88.15868568986478, 21.942788119073906], [88.15895518445002, 21.941979635318198], [88.15814670069432, 21.94117115156249], [88.15814670069432, 21.94009317322155], [88.15787720610908, 21.94009317322155], [88.15787720610908, 21.93928468946584], [88.15760771152384, 21.93928468946584], [88.15760771152384, 21.93847620571013], [88.1573382169386, 21.93847620571013], [88.1573382169386, 21.937667721954423], [88.15679922776813, 21.937128732783954], [88.1565297331829, 21.934972776102065], [88.15599074401243, 21.934433786931596], [88.15572124942719, 21.931199851908765], [88.15545175484195, 21.931199851908765], [88.15545175484195, 21.92877440064164], [88.15518226025672, 21.92877440064164], [88.15545175484195, 21.927426927715462], [88.15464327108624, 21.92688793854499], [88.15410428191578, 21.92365400352216], [88.1535652927453, 21.923115014351687], [88.15329579816007, 21.920689563084565], [88.15302630357483, 21.920689563084565], [88.15302630357483, 21.918803100987915], [88.1527568089896, 21.918803100987915], [88.1527568089896, 21.91772512264697], [88.15248731440435, 21.91772512264697], [88.15248731440435, 21.915569165965085], [88.15221781981913, 21.915569165965085], [88.15221781981913, 21.91368270386843], [88.15194832523389, 21.91368270386843], [88.15194832523389, 21.909640285089896], [88.15167883064865, 21.909640285089896], [88.15167883064865, 21.908831801334188], [88.15140933606341, 21.908831801334188], [88.15140933606341, 21.906675844652302], [88.15167883064865, 21.906675844652302], [88.15167883064865, 21.905867360896593], [88.15248731440435, 21.905597866311357], [88.15248731440435, 21.90532837172612], [88.15518226025672, 21.905597866311357], [88.15599074401243, 21.906406350067066], [88.15626023859767, 21.907484328408007], [88.15841619527954, 21.908831801334188], [88.15841619527954, 21.907753822993243], [88.15760771152384, 21.907484328408007], [88.15760771152384, 21.906945339237538], [88.1573382169386, 21.906945339237538], [88.1573382169386, 21.905867360896593], [88.1565297331829, 21.905597866311357], [88.15626023859767, 21.905058877140885], [88.15545175484195, 21.905058877140885], [88.15545175484195, 21.90478938255565], [88.15464327108624, 21.904519887970412], [88.15464327108624, 21.903711404214707], [88.15545175484195, 21.903172415044235], [88.15491276567148, 21.902633425873763], [88.15491276567148, 21.901555447532818], [88.15545175484195, 21.90101645836235], [88.15572124942719, 21.899129996265696], [88.1565297331829, 21.89886050168046], [88.1573382169386, 21.898052017924755], [88.1573382169386, 21.897513028754283], [88.15787720610908, 21.897243534169046], [88.15868568986478, 21.89508757748716], [88.15895518445002, 21.89508757748716], [88.15895518445002, 21.894548588316688], [88.15949417362049, 21.894279093731452], [88.16003316279097, 21.892662126220035], [88.16030265737619, 21.892662126220035], [88.16030265737619, 21.892123137049566], [88.16084164654667, 21.89185364246433], [88.16138063571714, 21.88969768578244], [88.16218911947286, 21.889428191197204], [88.16299760322856, 21.89050616953815], [88.16380608698427, 21.890775664123385], [88.1640755815695, 21.89185364246433], [88.16515355991045, 21.89293162080527], [88.16515355991045, 21.893470609975743], [88.16542305449568, 21.893470609975743], [88.16542305449568, 21.894009599146216], [88.16569254908092, 21.894009599146216], [88.16569254908092, 21.894548588316688], [88.1662315382514, 21.89508757748716], [88.1662315382514, 21.895896061242865], [88.16650103283662, 21.895896061242865], [88.16650103283662, 21.896435050413338], [88.1670400220071, 21.89697403958381], [88.1670400220071, 21.89778252333952], [88.16757901117757, 21.898052017924755], [88.16757901117757, 21.898591007095224], [88.16811800034804, 21.899129996265696], [88.16865698951851, 21.901555447532818], [88.16919597868899, 21.90209443670329], [88.16946547327422, 21.908831801334188], [88.1700044624447, 21.908831801334188], [88.1700044624447, 21.907484328408007], [88.1708129462004, 21.907214833822774], [88.17027395702992, 21.906675844652302], [88.17027395702992, 21.90478938255565], [88.17054345161516, 21.90478938255565], [88.17054345161516, 21.90532837172612], [88.1708129462004, 21.90532837172612], [88.1708129462004, 21.905867360896593], [88.17135193537086, 21.906406350067066], [88.17135193537086, 21.907214833822774], [88.17189092454134, 21.907753822993243], [88.17216041912658, 21.90937079050466], [88.17242991371181, 21.90937079050466], [88.17242991371181, 21.909909779675132], [88.17296890288229, 21.9104487688456], [88.17323839746751, 21.912065736357018], [88.173777386638, 21.91260472552749], [88.17431637580846, 21.916377649720793], [88.17485536497894, 21.916916638891262], [88.17485536497894, 21.91853360640268], [88.17512485956418, 21.91853360640268], [88.1753943541494, 21.9209590576698], [88.17566384873464, 21.9209590576698], [88.17566384873464, 21.922037036010746], [88.17593334331988, 21.922037036010746], [88.17593334331988, 21.924731981863104], [88.17620283790511, 21.924731981863104], [88.17620283790511, 21.925270971033576], [88.17566384873464, 21.925809960204045], [88.17593334331988, 21.9276964223007], [88.1753943541494, 21.92823541147117], [88.1753943541494, 21.929043895226876], [88.17512485956418, 21.929043895226876], [88.17512485956418, 21.929852378982584], [88.17485536497894, 21.929852378982584], [88.17485536497894, 21.930660862738293], [88.17431637580846, 21.931199851908765], [88.17431637580846, 21.93200833566447], [88.173777386638, 21.932547324834943], [88.17350789205275, 21.933894797761123], [88.17242991371181, 21.934972776102065], [88.17189092454134, 21.934972776102065], [88.17135193537086, 21.935781259857773], [88.1700044624447, 21.936320249028245], [88.16919597868899, 21.93739822736919], [88.16838749493327, 21.93739822736919], [88.16811800034804, 21.93793721653966], [88.16677052742186, 21.93793721653966], [88.16596204366616, 21.938745700295367], [88.16596204366616, 21.94009317322155], [88.16488406532521, 21.940362667806784], [88.16461457073997, 21.94117115156249], [88.16380608698427, 21.941440646147726], [88.15895518445002, 21.946830537852442]], [[88.15922467903526, 21.89886050168046], [88.15868568986478, 21.89886050168046], [88.15868568986478, 21.898591007095224], [88.15922467903526, 21.898591007095224], [88.15922467903526, 21.89886050168046]], [[88.16084164654667, 21.899129996265696], [88.16003316279097, 21.899129996265696], [88.15976366820573, 21.898591007095224], [88.16030265737619, 21.89832151250999], [88.16030265737619, 21.898591007095224], [88.16111114113191, 21.898591007095224], [88.16084164654667, 21.899129996265696]], [[88.16191962488762, 21.90101645836235], [88.16111114113191, 21.900746963777113], [88.16111114113191, 21.899938480021405], [88.16191962488762, 21.900477469191877], [88.16191962488762, 21.90101645836235]], [[88.15976366820573, 21.915030176794613], [88.15922467903526, 21.915030176794613], [88.15922467903526, 21.91449118762414], [88.15895518445002, 21.91449118762414], [88.15922467903526, 21.914221693038904], [88.15922467903526, 21.912874220112727], [88.15895518445002, 21.912874220112727], [88.15895518445002, 21.912335230942254], [88.16111114113191, 21.91017927426037], [88.16084164654667, 21.909101295919424], [88.16111114113191, 21.909101295919424], [88.16111114113191, 21.908292812163715], [88.16084164654667, 21.90802331757848], [88.16138063571714, 21.907753822993243], [88.16138063571714, 21.907214833822774], [88.16084164654667, 21.906675844652302], [88.16111114113191, 21.90425039338518], [88.16084164654667, 21.90425039338518], [88.16084164654667, 21.902363931288527], [88.16111114113191, 21.902363931288527], [88.16111114113191, 21.901824942118054], [88.16191962488762, 21.901824942118054], [88.16218911947286, 21.902902920459], [88.16245861405808, 21.902902920459], [88.16272810864332, 21.905058877140885], [88.1632670978138, 21.90532837172612], [88.1632670978138, 21.907484328408007], [88.16299760322856, 21.907484328408007], [88.16299760322856, 21.908292812163715], [88.16245861405808, 21.90856230674895], [88.16245861405808, 21.909640285089896], [88.16218911947286, 21.909640285089896], [88.16165013030238, 21.912065736357018], [88.16138063571714, 21.912065736357018], [88.16057215196143, 21.914221693038904], [88.15976366820573, 21.915030176794613]], [[88.173777386638, 21.916916638891262], [88.17323839746751, 21.916916638891262], [88.17296890288229, 21.91583866055032], [88.17242991371181, 21.915569165965085], [88.17189092454134, 21.913952198453668], [88.1716214299561, 21.913952198453668], [88.1716214299561, 21.913143714697963], [88.17108244078564, 21.91260472552749], [88.17108244078564, 21.912065736357018], [88.1708129462004, 21.912065736357018], [88.1708129462004, 21.911526747186546], [88.17054345161516, 21.911526747186546], [88.17027395702992, 21.91017927426037], [88.1700044624447, 21.91017927426037], [88.1700044624447, 21.90937079050466], [88.17135193537086, 21.910718263430837], [88.1716214299561, 21.912335230942254], [88.17216041912658, 21.912874220112727], [88.17216041912658, 21.91368270386843], [88.17242991371181, 21.91368270386843], [88.17323839746751, 21.91583866055032], [88.173777386638, 21.916108155135557], [88.173777386638, 21.916916638891262]], [[88.17404688122323, 21.917455628061735], [88.173777386638, 21.9171861334765], [88.17404688122323, 21.9171861334765], [88.17404688122323, 21.917455628061735]], [[88.17431637580846, 21.917994617232207], [88.17404688122323, 21.91772512264697], [88.17431637580846, 21.91772512264697], [88.17431637580846, 21.917994617232207]], [[88.1745858703937, 21.91853360640268], [88.17431637580846, 21.918264111817443], [88.1745858703937, 21.918264111817443], [88.1745858703937, 21.91853360640268]], [[88.16542305449568, 21.91907259557315], [88.16488406532521, 21.91853360640268], [88.16569254908092, 21.918264111817443], [88.16542305449568, 21.91907259557315]], [[88.17485536497894, 21.91907259557315], [88.1745858703937, 21.918803100987915], [88.17485536497894, 21.918803100987915], [88.17485536497894, 21.91907259557315]], [[88.16488406532521, 21.919342090158388], [88.16461457073997, 21.91907259557315], [88.16488406532521, 21.91907259557315], [88.16488406532521, 21.919342090158388]], [[88.16461457073997, 21.921498046840274], [88.16380608698427, 21.921498046840274], [88.16380608698427, 21.9209590576698], [88.1632670978138, 21.920689563084565], [88.1632670978138, 21.91961158474362], [88.16461457073997, 21.920150573914093], [88.16461457073997, 21.9209590576698], [88.16488406532521, 21.9209590576698], [88.16461457073997, 21.921498046840274]], [[88.16515355991045, 21.92365400352216], [88.1640755815695, 21.92365400352216], [88.1640755815695, 21.923115014351687], [88.16461457073997, 21.92284551976645], [88.16461457073997, 21.923384508936923], [88.16515355991045, 21.923384508936923], [88.16515355991045, 21.92365400352216]], [[88.17054345161516, 21.92419299269263], [88.17027395702992, 21.92419299269263], [88.17027395702992, 21.92365400352216], [88.1708129462004, 21.92365400352216], [88.17054345161516, 21.92419299269263]], [[88.16757901117757, 21.924462487277868], [88.16730951659233, 21.924462487277868], [88.16730951659233, 21.923923498107396], [88.16757901117757, 21.923923498107396], [88.16757901117757, 21.924462487277868]], [[88.16919597868899, 21.925270971033576], [88.16838749493327, 21.92500147644834], [88.16838749493327, 21.92419299269263], [88.16892648410375, 21.92419299269263], [88.16865698951851, 21.92365400352216], [88.16892648410375, 21.92365400352216], [88.16892648410375, 21.92284551976645], [88.16757901117757, 21.922576025181215], [88.1670400220071, 21.92176754142551], [88.16865698951851, 21.921498046840274], [88.16946547327422, 21.922306530595982], [88.16973496785945, 21.922037036010746], [88.17135193537086, 21.922037036010746], [88.1716214299561, 21.922306530595982], [88.1716214299561, 21.922576025181215], [88.1708129462004, 21.922576025181215], [88.1708129462004, 21.92284551976645], [88.17027395702992, 21.922576025181215], [88.16973496785945, 21.923115014351687], [88.16973496785945, 21.92365400352216], [88.16946547327422, 21.92365400352216], [88.16973496785945, 21.924731981863104], [88.16919597868899, 21.925270971033576]], [[88.1670400220071, 21.927157433130226], [88.16650103283662, 21.927157433130226], [88.16650103283662, 21.92688793854499], [88.1670400220071, 21.92688793854499], [88.1670400220071, 21.927157433130226]], [[88.1565297331829, 21.92877440064164], [88.15626023859767, 21.928504906056407], [88.1565297331829, 21.928504906056407], [88.1565297331829, 21.92877440064164]], [[88.16138063571714, 21.929313389812112], [88.16003316279097, 21.92877440064164], [88.16003316279097, 21.92688793854499], [88.16138063571714, 21.925809960204045], [88.16218911947286, 21.92365400352216], [88.16353659239903, 21.922576025181215], [88.16353659239903, 21.92419299269263], [88.1632670978138, 21.92419299269263], [88.16353659239903, 21.924731981863104], [88.1632670978138, 21.924731981863104], [88.1632670978138, 21.925809960204045], [88.16299760322856, 21.925809960204045], [88.16299760322856, 21.9276964223007], [88.16138063571714, 21.929313389812112]], [[88.17135193537086, 21.929313389812112], [88.17108244078564, 21.929313389812112], [88.17108244078564, 21.927965916885935], [88.17135193537086, 21.9276964223007], [88.1708129462004, 21.927426927715462], [88.1708129462004, 21.92688793854499], [88.17027395702992, 21.92688793854499], [88.17027395702992, 21.927157433130226], [88.16946547327422, 21.927157433130226], [88.16946547327422, 21.92688793854499], [88.16973496785945, 21.92688793854499], [88.16973496785945, 21.925809960204045], [88.1700044624447, 21.925809960204045], [88.1700044624447, 21.926618443959754], [88.17027395702992, 21.926618443959754], [88.17027395702992, 21.92607945478928], [88.1708129462004, 21.92607945478928], [88.17054345161516, 21.92500147644834], [88.1708129462004, 21.924731981863104], [88.17216041912658, 21.92500147644834], [88.17242991371181, 21.924731981863104], [88.17269940829705, 21.925809960204045], [88.17189092454134, 21.926348949374518], [88.17216041912658, 21.92823541147117], [88.17189092454134, 21.92823541147117], [88.17189092454134, 21.92877440064164], [88.17135193537086, 21.929313389812112]], [[88.16973496785945, 21.93281681942018], [88.16865698951851, 21.93281681942018], [88.16892648410375, 21.930660862738293], [88.16946547327422, 21.93012187356782], [88.1700044624447, 21.93012187356782], [88.1700044624447, 21.929852378982584], [88.17054345161516, 21.93012187356782], [88.17054345161516, 21.929582884397348], [88.1708129462004, 21.929582884397348], [88.1708129462004, 21.930391368153057], [88.17054345161516, 21.930391368153057], [88.1708129462004, 21.93093035732353], [88.17054345161516, 21.93093035732353], [88.17027395702992, 21.93200833566447], [88.16973496785945, 21.932277830249706], [88.16973496785945, 21.93281681942018]]]}, "properties": {"change": "GAINED", "areaHa": 887.8}}, {"type": "Feature", "geometry": {"geodesic": false, "type": "Polygon", "coordinates": [[[88.01019417339982, 21.919342090158388], [88.01019417339982, 21.918803100987915], [88.00938568964412, 21.917994617232207], [88.00938568964412, 21.9171861334765], [88.00884670047365, 21.916647144306026], [88.00884670047365, 21.916108155135557], [88.00830771130317, 21.91583866055032], [88.00803821671794, 21.914221693038904], [88.00722973296223, 21.91368270386843], [88.00669074379176, 21.912065736357018], [88.00534327086558, 21.910718263430837], [88.00507377628034, 21.909640285089896], [88.00480428169512, 21.909640285089896], [88.00480428169512, 21.908831801334188], [88.0039957979394, 21.90802331757848], [88.0039957979394, 21.907214833822774], [88.00318731418369, 21.906675844652302], [88.00291781959847, 21.90478938255565], [88.00183984125752, 21.903980898799944], [88.00183984125752, 21.90344190962947], [88.0010313575018, 21.902902920459], [88.00049236833134, 21.901555447532818], [87.99995337916087, 21.901285952947585], [87.99941438999039, 21.89966898543617], [87.99860590623469, 21.899129996265696], [87.99833641164945, 21.898052017924755], [87.99779742247898, 21.89778252333952], [87.99752792789374, 21.896704544998574], [87.9972584333085, 21.896704544998574], [87.9972584333085, 21.8961655558281], [87.99671944413804, 21.895896061242865], [87.99618045496756, 21.894279093731452], [87.99510247662661, 21.893470609975743], [87.99483298204139, 21.8923926316348], [87.99429399287091, 21.892123137049566], [87.99402449828568, 21.89104515870862], [87.99294651994474, 21.889967180367677], [87.99294651994474, 21.889428191197204], [87.99240753077426, 21.889158696611972], [87.99240753077426, 21.8886197074415], [87.99132955243331, 21.88781122368579], [87.99132955243331, 21.887002739930082], [87.99079056326285, 21.886733245344846], [87.98998207950714, 21.884846783248197], [87.9880956174105, 21.882960321151547], [87.98701763906955, 21.88026537529919], [87.9859396607286, 21.879187396958244], [87.9859396607286, 21.87864840778777], [87.9851311769729, 21.8781094186173], [87.98459218780242, 21.876492451105886], [87.98405319863195, 21.87622295652065], [87.98324471487624, 21.873797505253528], [87.98189724195007, 21.872450032327347], [87.98189724195007, 21.871911043156874], [87.98135825277959, 21.87164154857164], [87.98081926360912, 21.869216097304516], [87.98054976902388, 21.869216097304516], [87.98054976902388, 21.868138118963575], [87.98001077985342, 21.867599129793103], [87.98001077985342, 21.866790646037394], [87.97974128526818, 21.866790646037394], [87.97974128526818, 21.865443173111213], [87.97920229609771, 21.864904183940745], [87.97893280151247, 21.860861765162205], [87.97866330692723, 21.860861765162205], [87.97866330692723, 21.85978378682126], [87.97839381234199, 21.85978378682126], [87.97839381234199, 21.85870580848032], [87.97785482317153, 21.858436313895083], [87.97731583400105, 21.85547187345749], [87.97785482317153, 21.85601086262796], [87.97866330692723, 21.85601086262796], [87.97866330692723, 21.855741368042725], [87.97812431775677, 21.85547187345749], [87.97812431775677, 21.85466338970178], [87.97758532858629, 21.854393895116544], [87.97704633941582, 21.85223793843466], [87.97623785566012, 21.851698949264186], [87.97623785566012, 21.851159960093714], [87.9754293719044, 21.85062097092324], [87.9754293719044, 21.850081981752773], [87.97489038273393, 21.8495429925823], [87.97435139356345, 21.8495429925823], [87.97408189897823, 21.849004003411828], [87.97327341522252, 21.849004003411828], [87.97030897478493, 21.846039562974234], [87.96950049102921, 21.846039562974234], [87.96896150185874, 21.845231079218525], [87.9678835235178, 21.84496158463329], [87.96680554517685, 21.84361411170711], [87.96599706142115, 21.84361411170711], [87.95979868596072, 21.83714624166145], [87.95925969679026, 21.83714624166145], [87.95872070761978, 21.836337757905742], [87.95818171844931, 21.836337757905742], [87.95710374010837, 21.834990284979565], [87.95575626718218, 21.834451295809092], [87.95279182674459, 21.831486855371498], [87.95225283757412, 21.831486855371498], [87.95198334298888, 21.830947866201026], [87.95117485923318, 21.830947866201026], [87.95117485923318, 21.830408877030553], [87.95090536464794, 21.830408877030553], [87.95090536464794, 21.82986988786008], [87.95117485923318, 21.82986988786008], [87.95225283757412, 21.830947866201026], [87.95279182674459, 21.830947866201026], [87.95306132132983, 21.831486855371498], [87.95360031050029, 21.831486855371498], [87.95413929967077, 21.83202584454197], [87.95494778342648, 21.83202584454197], [87.95764272927883, 21.83472079039433], [87.95899020220502, 21.834451295809092], [87.95899020220502, 21.834181801223856], [87.96141565347213, 21.834451295809092], [87.96303262098355, 21.836337757905742], [87.96384110473926, 21.83660725249098], [87.96438009390972, 21.838763209172864], [87.96357161015402, 21.838493714587628], [87.96357161015402, 21.839302198343336], [87.96572756683591, 21.841458155025222], [87.96599706142115, 21.842536133366167], [87.96680554517685, 21.842805627951403], [87.96761402893256, 21.843883606292348], [87.96815301810304, 21.843883606292348], [87.9686920072735, 21.84496158463329], [87.96923099644398, 21.84496158463329], [87.96896150185874, 21.843883606292348], [87.97030897478493, 21.843883606292348], [87.97057846937015, 21.844422595462817], [87.97111745854063, 21.844422595462817], [87.97111745854063, 21.843883606292348], [87.97030897478493, 21.843344617121875], [87.97030897478493, 21.842536133366167], [87.97111745854063, 21.841997144195695], [87.97111745854063, 21.841458155025222], [87.97030897478493, 21.841188660439986], [87.96842251268826, 21.839302198343336], [87.96842251268826, 21.837685230831923], [87.9678835235178, 21.837415736246687], [87.96761402893256, 21.836337757905742], [87.96680554517685, 21.836068263320506], [87.9649190830802, 21.834181801223856], [87.9649190830802, 21.833642812053384], [87.9641105993245, 21.83310382288291], [87.9641105993245, 21.832295339127203], [87.96276312639831, 21.831217360786262], [87.96222413722785, 21.829600393274845], [87.96168514805737, 21.82933089868961], [87.96168514805737, 21.827713931178195], [87.96141565347213, 21.827713931178195], [87.9611461588869, 21.825827469081545], [87.96060716971643, 21.825288479911073], [87.96060716971643, 21.8247494907406], [87.9603376751312, 21.8247494907406], [87.9603376751312, 21.82421050157013], [87.95952919137548, 21.823941006984892], [87.95925969679026, 21.82340201781442], [87.95872070761978, 21.82340201781442], [87.95791222386407, 21.822593534058715], [87.95764272927883, 21.820976566547298], [87.95710374010837, 21.820437577376826], [87.95818171844931, 21.820437577376826], [87.95791222386407, 21.81828162069494], [87.95629525635266, 21.816934147768762], [87.95602576176742, 21.815856169427818], [87.95548677259694, 21.815317180257345], [87.95494778342648, 21.815317180257345], [87.95413929967077, 21.8142392019164], [87.95306132132983, 21.813969707331168], [87.95279182674459, 21.8142392019164], [87.95279182674459, 21.813969707331168], [87.95198334298888, 21.813969707331168], [87.95198334298888, 21.813700212745932], [87.95036637547747, 21.813700212745932], [87.95009688089223, 21.813430718160696], [87.95009688089223, 21.797800032217015], [87.95036637547747, 21.797800032217015], [87.95036637547747, 21.798608515972724], [87.95090536464794, 21.799147505143193], [87.95144435381842, 21.799147505143193], [87.95198334298888, 21.7999559888989], [87.95386980508553, 21.799686494313665], [87.95386980508553, 21.7999559888989], [87.95440879425601, 21.7999559888989], [87.95494778342648, 21.800494978069374], [87.95656475093789, 21.800494978069374], [87.95710374010837, 21.801303461825082], [87.95764272927883, 21.801303461825082], [87.95818171844931, 21.801842450995554], [87.95818171844931, 21.802381440166023], [87.95872070761978, 21.802381440166023], [87.95899020220502, 21.802920429336496], [87.96006818054596, 21.80318992392173], [87.9603376751312, 21.804267902262676], [87.96087666430167, 21.804267902262676], [87.96195464264261, 21.805345880603618], [87.96195464264261, 21.80588486977409], [87.9641105993245, 21.808040826455976], [87.9641105993245, 21.80992728855263], [87.96357161015402, 21.80992728855263], [87.9633021155688, 21.810735772308337], [87.96438009390972, 21.811274761478806], [87.96438009390972, 21.812891728990223], [87.96464958849496, 21.812891728990223], [87.96464958849496, 21.813430718160696], [87.96518857766544, 21.813430718160696], [87.96599706142115, 21.81639515859829], [87.9670750397621, 21.817742631524467], [87.9670750397621, 21.818551115280176], [87.96734453434733, 21.818551115280176], [87.96761402893256, 21.82016808279159], [87.9678835235178, 21.82016808279159], [87.9678835235178, 21.821785050303006], [87.96896150185874, 21.822593534058715], [87.96923099644398, 21.823671512399656], [87.96976998561445, 21.823941006984892], [87.96923099644398, 21.82663595283725], [87.9686920072735, 21.826905447422487], [87.9686920072735, 21.827713931178195], [87.9678835235178, 21.828252920348667], [87.9678835235178, 21.829061404104372], [87.96761402893256, 21.829061404104372], [87.96734453434733, 21.830139382445317], [87.96680554517685, 21.830408877030553], [87.96653605059161, 21.83202584454197], [87.96680554517685, 21.83202584454197], [87.9670750397621, 21.832834328297675], [87.96815301810304, 21.83256483371244], [87.9686920072735, 21.83310382288291], [87.9686920072735, 21.833642812053384], [87.96976998561445, 21.833642812053384], [87.97057846937015, 21.834451295809092], [87.9716564477111, 21.834451295809092], [87.97192594229634, 21.83391230663862], [87.9724649314668, 21.83391230663862], [87.97408189897823, 21.835529274150034], [87.97408189897823, 21.83714624166145], [87.97462088814869, 21.837685230831923], [87.97462088814869, 21.838493714587628], [87.97489038273393, 21.838493714587628], [87.97596836107488, 21.841188660439986], [87.97677684483058, 21.84172764961046], [87.97731583400105, 21.843344617121875], [87.97785482317153, 21.843344617121875], [87.97839381234199, 21.843883606292348], [87.97839381234199, 21.844422595462817], [87.97920229609771, 21.84496158463329], [87.97920229609771, 21.84550057380376], [87.97866330692723, 21.845770068388997], [87.97866330692723, 21.84630905755947], [87.97920229609771, 21.846848046729942], [87.97920229609771, 21.847926025070883], [87.97974128526818, 21.847926025070883], [87.97947179068294, 21.84630905755947], [87.98001077985342, 21.84630905755947], [87.98028027443864, 21.84738703590041], [87.98054976902388, 21.84738703590041], [87.98028027443864, 21.848465014241356], [87.98081926360912, 21.849004003411828], [87.98135825277959, 21.849004003411828], [87.98108875819436, 21.848465014241356], [87.98189724195007, 21.848465014241356], [87.98270572570577, 21.849273497997064], [87.98270572570577, 21.85062097092324], [87.98243623112053, 21.85062097092324], [87.98270572570577, 21.851968443849422], [87.98189724195007, 21.85223793843466], [87.98162774736483, 21.853046422190367], [87.98135825277959, 21.853046422190367], [87.98162774736483, 21.85547187345749], [87.98108875819436, 21.855741368042725], [87.98108875819436, 21.856280357213194], [87.98001077985342, 21.85601086262796], [87.98001077985342, 21.855741368042725], [87.97893280151247, 21.855741368042725], [87.97920229609771, 21.856280357213194], [87.97866330692723, 21.856280357213194], [87.97866330692723, 21.85654985179843], [87.97974128526818, 21.85654985179843], [87.98001077985342, 21.857627830139375], [87.98028027443864, 21.857627830139375], [87.98028027443864, 21.85654985179843], [87.98135825277959, 21.85654985179843], [87.98135825277959, 21.857088840968903], [87.98189724195007, 21.857088840968903], [87.98189724195007, 21.85735833555414], [87.98135825277959, 21.85735833555414], [87.98081926360912, 21.85870580848032], [87.98135825277959, 21.85924479765079], [87.98189724195007, 21.85924479765079], [87.9821667365353, 21.860861765162205], [87.98243623112053, 21.860861765162205], [87.98351420946148, 21.863556711014564], [87.98405319863195, 21.8638262055998], [87.98432269321718, 21.866251656866922], [87.98486168238766, 21.866790646037394], [87.98486168238766, 21.867599129793103], [87.98540067155812, 21.86786862437834], [87.98540067155812, 21.869216097304516], [87.98567016614336, 21.869216097304516], [87.98567016614336, 21.86975508647499], [87.98620915531383, 21.87029407564546], [87.98620915531383, 21.87110255940117], [87.98647864989907, 21.87110255940117], [87.98674814448431, 21.87218053774211], [87.98728713365477, 21.872450032327347], [87.98728713365477, 21.873258516083055], [87.9880956174105, 21.874066999838764], [87.98836511199572, 21.875953461935413], [87.9897125849219, 21.87730093486159], [87.9897125849219, 21.877839924032063], [87.98998207950714, 21.877839924032063], [87.98998207950714, 21.878378913202535], [87.99052106867761, 21.878917902373008], [87.99052106867761, 21.879995880713953], [87.99106005784809, 21.88053486988442], [87.99106005784809, 21.88134335364013], [87.9918685416038, 21.881882342810602], [87.9918685416038, 21.88269082656631], [87.99213803618902, 21.88269082656631], [87.99240753077426, 21.883768804907252], [87.9934855091152, 21.884846783248197], [87.9934855091152, 21.885655267003905], [87.99375500370044, 21.885655267003905], [87.99375500370044, 21.886194256174377], [87.99402449828568, 21.886194256174377], [87.99402449828568, 21.886733245344846], [87.99456348745615, 21.88727223451532], [87.99510247662661, 21.889428191197204], [87.99564146579709, 21.88969768578244], [87.99564146579709, 21.890236674952913], [87.99618045496756, 21.89050616953815], [87.99671944413804, 21.892123137049566], [87.9972584333085, 21.8923926316348], [87.9972584333085, 21.893201115390507], [87.99752792789374, 21.893201115390507], [87.99860590623469, 21.895896061242865], [87.99968388457563, 21.896704544998574], [88.0002228737461, 21.89832151250999], [88.00130085208704, 21.899399490850932], [88.00130085208704, 21.90020797460664], [88.00183984125752, 21.900477469191877], [88.00237883042799, 21.901824942118054], [88.00318731418369, 21.902363931288527], [88.00318731418369, 21.90344190962947], [88.00426529252464, 21.903980898799944], [88.0039957979394, 21.90425039338518], [88.00426529252464, 21.905058877140885], [88.00507377628034, 21.90532837172612], [88.00453478710988, 21.905867360896593], [88.00453478710988, 21.906406350067066], [88.00561276545082, 21.906675844652302], [88.00561276545082, 21.907214833822774], [88.00615175462129, 21.907753822993243], [88.00615175462129, 21.908831801334188], [88.00696023837699, 21.909640285089896], [88.00722973296223, 21.910987758016073], [88.00776872213271, 21.91125725260131], [88.00830771130317, 21.9134132092832], [88.00911619505888, 21.913952198453668], [88.00911619505888, 21.915030176794613], [88.00938568964412, 21.915030176794613], [88.00938568964412, 21.915569165965085], [88.00992467881458, 21.916108155135557], [88.01019417339982, 21.917994617232207], [88.01046366798506, 21.917994617232207], [88.01046366798506, 21.919342090158388], [88.01019417339982, 21.919342090158388]], [[87.95872070761978, 21.805345880603618], [87.95818171844931, 21.805345880603618], [87.95818171844931, 21.804537396847913], [87.95872070761978, 21.80480689143315], [87.95872070761978, 21.805345880603618]]]}, "properties": {"change": "LOST", "areaHa": 801.5}}, {"type": "Feature", "geometry": {"geodesic": false, "type": "Polygon", "coordinates": [[[88.17350789205275, 21.604572414602906], [88.16811800034804, 21.59918252289819], [88.16811800034804, 21.59837403914248], [88.16757901117757, 21.59783504997201], [88.16757901117757, 21.597296060801536], [88.16730951659233, 21.597296060801536], [88.16730951659233, 21.596757071631068], [88.16677052742186, 21.59648757704583], [88.16677052742186, 21.595679093290123], [88.16650103283662, 21.595679093290123], [88.16650103283662, 21.593523136608237], [88.1670400220071, 21.592984147437765], [88.1670400220071, 21.592445158267292], [88.16757901117757, 21.592175663682056], [88.16757901117757, 21.591367179926348], [88.1678485057628, 21.591367179926348], [88.16811800034804, 21.58867223407399], [88.16838749493327, 21.58867223407399], [88.16811800034804, 21.58543829905116], [88.16838749493327, 21.58543829905116], [88.16838749493327, 21.584629815295454], [88.16865698951851, 21.584629815295454], [88.16865698951851, 21.583821331539745], [88.16892648410375, 21.583821331539745], [88.16892648410375, 21.583012847784037], [88.16946547327422, 21.582473858613564], [88.16946547327422, 21.581934869443092], [88.16973496785945, 21.581934869443092], [88.16973496785945, 21.581395880272623], [88.1700044624447, 21.581395880272623], [88.1700044624447, 21.579239923590734], [88.17054345161516, 21.578700934420265], [88.17108244078564, 21.57573649398267], [88.1716214299561, 21.5751975048122], [88.17135193537086, 21.57438902105649], [88.17189092454134, 21.573850031886018], [88.17189092454134, 21.571963569789368], [88.17216041912658, 21.571963569789368], [88.17242991371181, 21.570077107692715], [88.17269940829705, 21.570077107692715], [88.17242991371181, 21.567651656425593], [88.17350789205275, 21.566304183499415], [88.1745858703937, 21.566304183499415], [88.17431637580846, 21.564148226817526], [88.1745858703937, 21.564148226817526], [88.1745858703937, 21.56280075389135], [88.17512485956418, 21.562261764720876], [88.17512485956418, 21.561722775550404], [88.1753943541494, 21.561722775550404], [88.1753943541494, 21.560375302624227], [88.17593334331988, 21.559836313453754], [88.17593334331988, 21.559297324283282], [88.17647233249035, 21.559027829698046], [88.17674182707559, 21.5579498513571], [88.17862828917224, 21.55687187301616], [88.17862828917224, 21.555793894675215], [88.1791672783427, 21.55552440008998], [88.1791672783427, 21.554985410919507], [88.18024525668365, 21.553907432578566], [88.18132323502459, 21.55363793799333], [88.18132323502459, 21.553368443408093], [88.1821317187803, 21.553368443408093], [88.18240121336554, 21.55282945423762], [88.18347919170648, 21.552559959652385], [88.18347919170648, 21.55229046506715], [88.18482666463267, 21.552020970481912], [88.18590464297361, 21.55094299214097], [88.18725211589978, 21.55094299214097], [88.18725211589978, 21.550673497555735], [88.18833009424073, 21.550673497555735], [88.18833009424073, 21.5504040029705], [88.18994706175215, 21.5504040029705], [88.18994706175215, 21.550134508385263], [88.19156402926356, 21.550134508385263], [88.19156402926356, 21.549865013800027], [88.19371998594545, 21.550134508385263], [88.19371998594545, 21.549865013800027], [88.1947979642864, 21.549865013800027], [88.19533695345686, 21.5504040029705], [88.19722341555351, 21.5504040029705], [88.19749291013875, 21.550134508385263], [88.19749291013875, 21.55094299214097], [88.19830139389445, 21.551212486726207], [88.1985708884797, 21.551751475896676], [88.19964886682064, 21.551751475896676], [88.19964886682064, 21.552020970481912], [88.20072684516158, 21.552020970481912], [88.20072684516158, 21.55229046506715], [88.20180482350253, 21.55229046506715], [88.20180482350253, 21.552559959652385], [88.20153532891729, 21.55282945423762], [88.1947979642864, 21.552559959652385], [88.19425897511591, 21.553098948822857], [88.19425897511591, 21.55363793799333], [88.19318099677497, 21.554715916334274], [88.1926420076045, 21.554715916334274], [88.19237251301927, 21.55552440008998], [88.19048605092262, 21.557141367601396], [88.19048605092262, 21.55768035677187], [88.19021655633738, 21.55768035677187], [88.18994706175215, 21.55875833511281], [88.18940807258167, 21.559027829698046], [88.18913857799643, 21.56010580803899], [88.18806059965549, 21.560644797209463], [88.18752161048502, 21.56603468891418], [88.18671312672932, 21.56603468891418], [88.18671312672932, 21.56657367808465], [88.18752161048502, 21.567382161840357], [88.18725211589978, 21.568999129351774], [88.18671312672932, 21.569538118522246], [88.18671312672932, 21.570885591448423], [88.18698262131456, 21.570885591448423], [88.18698262131456, 21.571424580618896], [88.18752161048502, 21.571963569789368], [88.18779110507026, 21.573311042715545], [88.18509615921789, 21.573311042715545], [88.18509615921789, 21.57358053730078], [88.18428767546219, 21.57358053730078], [88.18374868629172, 21.574119526471254], [88.18267070795078, 21.574119526471254], [88.1821317187803, 21.574658515641726], [88.18132323502459, 21.574658515641726], [88.18132323502459, 21.574928010226962], [88.18024525668365, 21.5751975048122], [88.17997576209842, 21.57573649398267], [88.17889778375748, 21.576005988567903], [88.17862828917224, 21.576544977738376], [88.17808930000177, 21.576544977738376], [88.17781980541653, 21.577083966908848], [88.17728081624605, 21.577083966908848], [88.17593334331988, 21.57843143983503], [88.17566384873464, 21.58166537485786], [88.1753943541494, 21.58166537485786], [88.1753943541494, 21.5827433531988], [88.17512485956418, 21.5827433531988], [88.17512485956418, 21.584629815295454], [88.17485536497894, 21.584629815295454], [88.17485536497894, 21.586246782806867], [88.1745858703937, 21.586246782806867], [88.17431637580846, 21.58921122324446], [88.17404688122323, 21.58921122324446], [88.17404688122323, 21.592175663682056], [88.1745858703937, 21.592445158267292], [88.17485536497894, 21.593792631193473], [88.17620283790511, 21.594601114949178], [88.17566384873464, 21.59514010411965], [88.17566384873464, 21.59648757704583], [88.1745858703937, 21.597565555386772], [88.17431637580846, 21.59918252289819], [88.17404688122323, 21.59918252289819], [88.17404688122323, 21.600529995824367], [88.1745858703937, 21.60106898499484], [88.1745858703937, 21.602146963335784], [88.17485536497894, 21.602146963335784], [88.1753943541494, 21.603763930847197], [88.1745858703937, 21.604033425432434], [88.17431637580846, 21.604572414602906], [88.17350789205275, 21.604572414602906]], [[88.16730951659233, 21.593523136608237], [88.1670400220071, 21.593253642023], [88.16730951659233, 21.593253642023], [88.16730951659233, 21.593523136608237]]]}, "properties": {"change": "LOST", "areaHa": 596.5}}, {"type": "Feature", "geometry": {"geodesic": false, "type": "Polygon", "coordinates": [[[88.14278550933587, 22.02309750547419], [88.14036005806875, 22.020402559621832], [88.13982106889827, 22.020402559621832], [88.1392820797278, 22.01986357045136], [88.1392820797278, 22.019324581280888], [88.13874309055733, 22.01878559211042], [88.13820410138686, 22.01878559211042], [88.13389218802308, 22.014473678746644], [88.13362269343784, 22.013665194990935], [88.13281420968214, 22.0133957004057], [88.13281420968214, 22.01285671123523], [88.13146673675597, 22.011778732894285], [88.13146673675597, 22.011239743723813], [88.13011926382978, 22.01016176538287], [88.13011926382978, 22.0096227762124], [88.12958027465932, 22.009353281627163], [88.12931078007408, 22.00827530328622], [88.1287717909036, 22.008005808700982], [88.12850229631837, 22.006927830360038], [88.12823280173313, 22.006927830360038], [88.12823280173313, 22.00638884118957], [88.12769381256265, 22.006119346604333], [88.12742431797743, 22.005041368263388], [88.12607684505124, 22.00423288450768], [88.12607684505124, 22.003424400751975], [88.1249988667103, 22.002615916996266], [88.1241903829546, 22.000729454899616], [88.12311240461365, 21.999920971143908], [88.12284291002841, 21.998842992802963], [88.12230392085795, 21.998573498217727], [88.12176493168747, 21.996687036121077], [88.11960897500559, 21.99453107943919], [88.11960897500559, 21.993722595683483], [88.11853099666465, 21.99264461734254], [88.11853099666465, 21.991836133586833], [88.11799200749417, 21.991566639001597], [88.11718352373846, 21.989410682319708], [88.116644534568, 21.98914118773447], [88.11637503998276, 21.98806320939353], [88.11610554539752, 21.98806320939353], [88.11610554539752, 21.987524220223058], [88.1144885778861, 21.98590725271164], [88.1144885778861, 21.985368263541172], [88.11287161037468, 21.98402079061499], [88.11260211578946, 21.982942812274047], [88.11179363203375, 21.98213432851834], [88.11179363203375, 21.98159533934787], [88.11125464286327, 21.981325844762633], [88.11125464286327, 21.980517361006925], [88.10963767535186, 21.979169888080747], [88.10909868618138, 21.977822415154566], [88.10855969701092, 21.97755292056933], [88.10855969701092, 21.976744436813625], [88.10802070784044, 21.976205447643153], [88.10802070784044, 21.97566645847268], [88.10667323491427, 21.974588480131736], [88.10640374032903, 21.973510501790795], [88.10586475115856, 21.97324100720556], [88.10559525657332, 21.972163028864614], [88.10532576198808, 21.972163028864614], [88.10505626740284, 21.970815555938433], [88.10451727823238, 21.9705460613532], [88.1039782890619, 21.968929093841783], [88.10370879447667, 21.968929093841783], [88.10370879447667, 21.968120610086075], [88.10290031072097, 21.96731212633037], [88.10290031072097, 21.966773137159898], [88.10155283779478, 21.965695158818953], [88.10128334320954, 21.96461718047801], [88.1002053648686, 21.963808696722303], [88.09966637569813, 21.962461223796122], [88.09912738652766, 21.962191729210886], [88.09912738652766, 21.961652740040417], [88.09858839735719, 21.96138324545518], [88.09858839735719, 21.96084425628471], [88.097240924431, 21.959766277943764], [88.09670193526054, 21.95814931043235], [88.0956239569196, 21.957071332091406], [88.0956239569196, 21.956532342920934], [88.0934680002377, 21.954376386239048], [88.0934680002377, 21.95356790248334], [88.09239002189676, 21.952489924142398], [88.09212052731152, 21.951411945801453], [88.09023406521487, 21.949525483704804], [88.08861709770346, 21.9457525595115], [88.08619164643633, 21.94332710824438], [88.08619164643633, 21.94251862448867], [88.08511366809539, 21.941440646147726], [88.08430518433968, 21.94117115156249], [88.08430518433968, 21.940632162392017], [88.08295771141351, 21.93928468946584], [88.08295771141351, 21.938745700295367], [88.08134074390209, 21.937128732783954], [88.08187973307257, 21.937128732783954], [88.08322720599874, 21.93847620571013], [88.08322720599874, 21.939015194880604], [88.08376619516922, 21.939015194880604], [88.08376619516922, 21.939554184051076], [88.08430518433968, 21.939554184051076], [88.08457467892492, 21.940632162392017], [88.08592215185111, 21.940632162392017], [88.08619164643633, 21.942249129903434], [88.08673063560681, 21.942788119073906], [88.08726962477728, 21.942788119073906], [88.08807810853298, 21.943866097414848], [88.08861709770346, 21.943866097414848], [88.09023406521487, 21.9457525595115], [88.09077305438535, 21.9457525595115], [88.09454597857865, 21.949525483704804], [88.09508496774912, 21.949525483704804], [88.09616294609006, 21.95087295663098], [88.097240924431, 21.950603462045745], [88.097240924431, 21.951950934971926], [88.09751041901625, 21.952220429557162], [88.09858839735719, 21.952220429557162], [88.09858839735719, 21.952489924142398], [88.09912738652766, 21.952489924142398], [88.09966637569813, 21.953028913312867], [88.1002053648686, 21.953028913312867], [88.10074435403908, 21.952489924142398], [88.10155283779478, 21.953298407898103], [88.10155283779478, 21.953837397068575], [88.10263081613573, 21.954376386239048], [88.10263081613573, 21.95491537540952], [88.1031698053062, 21.955184869994756], [88.10370879447667, 21.95680183750617], [88.10451727823238, 21.957340826676642], [88.10478677281762, 21.958418805017587], [88.10559525657332, 21.958957794188056], [88.10559525657332, 21.959496783358528], [88.1069427294995, 21.96084425628471], [88.1069427294995, 21.96138324545518], [88.10802070784044, 21.962191729210886], [88.10802070784044, 21.96273071838136], [88.10909868618138, 21.963539202137067], [88.10909868618138, 21.964347685892776], [88.10936818076662, 21.964347685892776], [88.10936818076662, 21.96515616964848], [88.10990716993709, 21.965425664233717], [88.10990716993709, 21.966234147989425], [88.11152413744851, 21.96785111550084], [88.11179363203375, 21.968929093841783], [88.11233262120422, 21.96919858842702], [88.11233262120422, 21.969737577597492], [88.11314110495992, 21.9705460613532], [88.11314110495992, 21.971354545108905], [88.1144885778861, 21.97243252344985], [88.1144885778861, 21.97324100720556], [88.11637503998276, 21.97512746930221], [88.11718352373846, 21.977283425984094], [88.11906998583511, 21.97890039349551], [88.11933948042035, 21.97970887725122], [88.1204174587613, 21.979978371836452], [88.12014796417606, 21.981325844762633], [88.1204174587613, 21.981325844762633], [88.1204174587613, 21.981864833933106], [88.121225942517, 21.982403823103578], [88.12149543710224, 21.98348180144452], [88.12257341544318, 21.984559779785464], [88.12257341544318, 21.98590725271164], [88.12365139378413, 21.986985231052586], [88.12392088836935, 21.988871693149235], [88.12472937212506, 21.989680176904944], [88.12472937212506, 21.990219166075416], [88.1249988667103, 21.990219166075416], [88.1249988667103, 21.99075815524589], [88.12526836129554, 21.99075815524589], [88.12526836129554, 21.99129714441636], [88.125807350466, 21.991836133586833], [88.125807350466, 21.99264461734254], [88.12634633963648, 21.99318360651301], [88.12688532880695, 21.995339563194896], [88.12769381256265, 21.996148046950605], [88.12769381256265, 21.99722602529155], [88.1279633071479, 21.99722602529155], [88.1279633071479, 21.998034509047255], [88.12850229631837, 21.998573498217727], [88.12850229631837, 21.99965147655867], [88.12904128548884, 21.999920971143908], [88.12958027465932, 22.002076927825794], [88.12984976924454, 22.002076927825794], [88.13065825300025, 22.00423288450768], [88.13119724217073, 22.004502379092916], [88.13200572592643, 22.006927830360038], [88.13254471509691, 22.007197324945274], [88.13254471509691, 22.007736314115746], [88.13335319885262, 22.008005808700982], [88.13335319885262, 22.00881429245669], [88.13362269343784, 22.00881429245669], [88.13389218802308, 22.0096227762124], [88.13416168260832, 22.0096227762124], [88.13416168260832, 22.009083787041927], [88.13389218802308, 22.00881429245669], [88.13470067177879, 22.00881429245669], [88.13523966094927, 22.009353281627163], [88.13523966094927, 22.010431259968104], [88.13577865011973, 22.01070075455334], [88.13604814470497, 22.011778732894285], [88.13685662846068, 22.012317722064758], [88.13712612304592, 22.0133957004057], [88.13766511221638, 22.013126205820463], [88.13820410138686, 22.013665194990935], [88.1384735959721, 22.015821151672824], [88.13955157431303, 22.015821151672824], [88.13982106889827, 22.016899130013766], [88.14089904723922, 22.017707613769474], [88.14062955265398, 22.018246602939946], [88.14116854182446, 22.01878559211042], [88.14036005806875, 22.01905508669565], [88.14036005806875, 22.019324581280888], [88.14116854182446, 22.01986357045136], [88.14116854182446, 22.020402559621832], [88.14170753099492, 22.020402559621832], [88.14197702558016, 22.021750032548013], [88.1430550039211, 22.022558516303718], [88.1430550039211, 22.02309750547419], [88.14278550933587, 22.02309750547419]], [[88.13470067177879, 22.01070075455334], [88.13443117719356, 22.01070075455334], [88.13443117719356, 22.01016176538287], [88.13470067177879, 22.01016176538287], [88.13470067177879, 22.01070075455334]], [[88.13577865011973, 22.012317722064758], [88.13523966094927, 22.012317722064758], [88.13523966094927, 22.01204822747952], [88.13577865011973, 22.01204822747952], [88.13577865011973, 22.012317722064758]], [[88.14062955265398, 22.01878559211042], [88.14009056348351, 22.01878559211042], [88.14009056348351, 22.018516097525183], [88.14062955265398, 22.018516097525183], [88.14062955265398, 22.01878559211042]]]}, "properties": {"change": "LOST", "areaHa": 578.1}}, {"type": "Feature", "geometry": {"geodesic": false, "type": "Polygon", "coordinates": [[[88.16111114113191, 22.050046963997776], [88.16165013030238, 22.049238480242067], [88.16084164654667, 22.048968985656835], [88.16111114113191, 22.04789100731589], [88.16057215196143, 22.047352018145418], [88.15976366820573, 22.047352018145418], [88.15976366820573, 22.04789100731589], [88.15949417362049, 22.04789100731589], [88.15949417362049, 22.047352018145418], [88.15868568986478, 22.04708252356018], [88.15841619527954, 22.046274039804473], [88.15706872235337, 22.04600454521924], [88.15599074401243, 22.04708252356018], [88.15599074401243, 22.04789100731589], [88.15545175484195, 22.04789100731589], [88.15491276567148, 22.047352018145418], [88.15491276567148, 22.046813028974945], [88.154373776501, 22.046813028974945], [88.154373776501, 22.04654353438971], [88.15410428191578, 22.04654353438971], [88.15410428191578, 22.04708252356018], [88.1535652927453, 22.046813028974945], [88.1535652927453, 22.045735050634004], [88.15329579816007, 22.045735050634004], [88.15302630357483, 22.046813028974945], [88.15248731440435, 22.046274039804473], [88.15194832523389, 22.046274039804473], [88.1489838847963, 22.043040104781646], [88.14817540104059, 22.04277061019641], [88.14817540104059, 22.042231621025937], [88.14844489562581, 22.042231621025937], [88.14844489562581, 22.042501115611174], [88.14952287396676, 22.042501115611174], [88.14952287396676, 22.04277061019641], [88.15033135772248, 22.04277061019641], [88.15033135772248, 22.043040104781646], [88.15140933606341, 22.043040104781646], [88.15167883064865, 22.04277061019641], [88.15167883064865, 22.043040104781646], [88.15221781981913, 22.043040104781646], [88.15221781981913, 22.043579093952115], [88.1527568089896, 22.043579093952115], [88.15248731440435, 22.043040104781646], [88.15329579816007, 22.042231621025937], [88.15167883064865, 22.040075664344048], [88.15033135772248, 22.03953667517358], [88.149792368552, 22.03872819141787], [88.14844489562581, 22.03872819141787], [88.14763641187011, 22.03738071849169], [88.1468279281144, 22.03738071849169], [88.1460194443587, 22.03630274015075], [88.14494146601776, 22.03630274015075], [88.14413298226205, 22.03549425639504], [88.14332449850635, 22.03549425639504], [88.14278550933587, 22.034955267224568], [88.1422465201654, 22.034955267224568], [88.1422465201654, 22.03468577263933], [88.14170753099492, 22.03468577263933], [88.14170753099492, 22.034416278054096], [88.14036005806875, 22.034416278054096], [88.14009056348351, 22.033877288883627], [88.13901258514257, 22.03360779429839], [88.13901258514257, 22.033338299713154], [88.13739561763116, 22.033068805127918], [88.13739561763116, 22.031721332201737], [88.13631763929021, 22.031721332201737], [88.13604814470497, 22.030643353860796], [88.13523966094927, 22.0314518376165], [88.13523966094927, 22.031990826786974], [88.13604814470497, 22.031990826786974], [88.13604814470497, 22.032529815957446], [88.13416168260832, 22.032529815957446], [88.13389218802308, 22.031182343031265], [88.13523966094927, 22.030912848446032], [88.13497016636403, 22.029295880934615], [88.13443117719356, 22.029834870105088], [88.13389218802308, 22.029834870105088], [88.13362269343784, 22.03037385927556], [88.13308370426738, 22.03037385927556], [88.13308370426738, 22.030643353860796], [88.13254471509691, 22.030643353860796], [88.13200572592643, 22.031182343031265], [88.13119724217073, 22.031182343031265], [88.13092774758549, 22.030643353860796], [88.1287717909036, 22.029834870105088], [88.1287717909036, 22.02956537551985], [88.12769381256265, 22.02956537551985], [88.12742431797743, 22.02902638634938], [88.12661583422172, 22.02902638634938], [88.12607684505124, 22.028487397178907], [88.12553785588078, 22.028487397178907], [88.12553785588078, 22.02821790259367], [88.1249988667103, 22.02821790259367], [88.1249988667103, 22.027948408008438], [88.1241903829546, 22.027948408008438], [88.12365139378413, 22.027409418837966], [88.12311240461365, 22.027409418837966], [88.12284291002841, 22.026870429667493], [88.1204174587613, 22.026600935082257], [88.1204174587613, 22.02633144049702], [88.11960897500559, 22.02633144049702], [88.11960897500559, 22.026061945911785], [88.11880049124987, 22.026061945911785], [88.11880049124987, 22.02579245132655], [88.11799200749417, 22.02579245132655], [88.11799200749417, 22.025522956741312], [88.116644534568, 22.025522956741312], [88.11610554539752, 22.024983967570844], [88.11179363203375, 22.024175483815135], [88.11179363203375, 22.0239059892299], [88.11044615910757, 22.023636494644663], [88.11044615910757, 22.023367000059427], [88.10909868618138, 22.023367000059427], [88.10909868618138, 22.02309750547419], [88.10829020242568, 22.02309750547419], [88.10802070784044, 22.022558516303718], [88.10613424574379, 22.022289021718482], [88.10559525657332, 22.021750032548013], [88.10505626740284, 22.021750032548013], [88.10505626740284, 22.021480537962777], [88.10451727823238, 22.021480537962777], [88.10451727823238, 22.02121104337754], [88.10263081613573, 22.020941548792305], [88.10155283779478, 22.01986357045136], [88.1002053648686, 22.01986357045136], [88.09993587028337, 22.019324581280888], [88.09858839735719, 22.019324581280888], [88.09804940818671, 22.01878559211042], [88.097240924431, 22.01878559211042], [88.097240924431, 22.018516097525183], [88.10182233238002, 22.018246602939946], [88.10128334320954, 22.016899130013766], [88.10074435403908, 22.01662963542853], [88.10074435403908, 22.016090646258057], [88.1002053648686, 22.015821151672824], [88.1002053648686, 22.014473678746644], [88.10074435403908, 22.014204184161407], [88.10074435403908, 22.015551657087588], [88.10128334320954, 22.016090646258057], [88.10236132155049, 22.016090646258057], [88.10263081613573, 22.015821151672824], [88.10236132155049, 22.015012667917116], [88.10370879447667, 22.015282162502352], [88.10343929989143, 22.016360140843293], [88.10290031072097, 22.01662963542853], [88.10290031072097, 22.017707613769474], [88.10236132155049, 22.018246602939946], [88.10290031072097, 22.01878559211042], [88.10343929989143, 22.01878559211042], [88.10370879447667, 22.01986357045136], [88.10424778364714, 22.01986357045136], [88.10424778364714, 22.020133065036596], [88.10505626740284, 22.019594075866124], [88.10532576198808, 22.01797710835471], [88.10559525657332, 22.01797710835471], [88.10586475115856, 22.017168624599], [88.10640374032903, 22.017438119184238], [88.10667323491427, 22.016899130013766], [88.10721222408473, 22.016899130013766], [88.10748171866997, 22.01797710835471], [88.10802070784044, 22.017438119184238], [88.10775121325521, 22.01662963542853], [88.10586475115856, 22.016360140843293], [88.10586475115856, 22.01662963542853], [88.10532576198808, 22.01662963542853], [88.10532576198808, 22.016090646258057], [88.10586475115856, 22.016090646258057], [88.10613424574379, 22.015551657087588], [88.10667323491427, 22.015551657087588], [88.1069427294995, 22.016360140843293], [88.10775121325521, 22.016360140843293], [88.10802070784044, 22.015821151672824], [88.10909868618138, 22.015821151672824], [88.10909868618138, 22.016090646258057], [88.11206312661898, 22.016360140843293], [88.11287161037468, 22.017168624599], [88.11502756705657, 22.01662963542853], [88.11475807247135, 22.016899130013766], [88.11502756705657, 22.017707613769474], [88.11556655622705, 22.017438119184238], [88.11529706164181, 22.01662963542853], [88.11610554539752, 22.01662963542853], [88.11718352373846, 22.01797710835471], [88.11906998583511, 22.017707613769474], [88.11960897500559, 22.018246602939946], [88.12257341544318, 22.018516097525183], [88.12257341544318, 22.01878559211042], [88.12338189919889, 22.01878559211042], [88.12392088836935, 22.019324581280888], [88.12661583422172, 22.01986357045136], [88.12715482339219, 22.020402559621832], [88.12607684505124, 22.020402559621832], [88.12607684505124, 22.020941548792305], [88.12742431797743, 22.02121104337754], [88.12715482339219, 22.020402559621832], [88.12769381256265, 22.020402559621832], [88.12769381256265, 22.02067205420707], [88.12931078007408, 22.020941548792305], [88.12931078007408, 22.02121104337754], [88.13092774758549, 22.021750032548013], [88.13146673675597, 22.022558516303718], [88.13281420968214, 22.022828010888954], [88.13335319885262, 22.023636494644663], [88.13443117719356, 22.0239059892299], [88.13470067177879, 22.02444497840037], [88.13523966094927, 22.02444497840037], [88.13577865011973, 22.024983967570844], [88.13685662846068, 22.024983967570844], [88.13685662846068, 22.025253462156076], [88.13820410138686, 22.024983967570844], [88.1384735959721, 22.025253462156076], [88.13820410138686, 22.02579245132655], [88.13955157431303, 22.024983967570844], [88.14062955265398, 22.02633144049702], [88.14116854182446, 22.02633144049702], [88.14251601475063, 22.024983967570844], [88.14440247684729, 22.024714472985607], [88.14494146601776, 22.025522956741312], [88.14548045518822, 22.025522956741312], [88.14628893894394, 22.02633144049702], [88.14574994977346, 22.027678913423202], [88.14628893894394, 22.02713992425273], [88.14736691728488, 22.02713992425273], [88.14817540104059, 22.027948408008438], [88.14952287396676, 22.02821790259367], [88.15087034689294, 22.02956537551985], [88.15167883064865, 22.02956537551985], [88.15221781981913, 22.03037385927556], [88.15329579816007, 22.030643353860796], [88.1535652927453, 22.031182343031265], [88.15410428191578, 22.031182343031265], [88.154373776501, 22.031721332201737], [88.15572124942719, 22.03226032137221], [88.15706872235337, 22.033877288883627], [88.15760771152384, 22.033877288883627], [88.15895518445002, 22.035224761809804], [88.15895518445002, 22.035763750980276], [88.15976366820573, 22.03630274015075], [88.15976366820573, 22.03684172932122], [88.16111114113191, 22.037919707662162], [88.16138063571714, 22.04061465351452], [88.16165013030238, 22.04061465351452], [88.16165013030238, 22.041692631855465], [88.16191962488762, 22.041692631855465], [88.16245861405808, 22.044118083122587], [88.16272810864332, 22.044118083122587], [88.16299760322856, 22.045196061463532], [88.16353659239903, 22.045465556048768], [88.16515355991045, 22.049238480242067], [88.16569254908092, 22.049507974827304], [88.16569254908092, 22.050046963997776], [88.16111114113191, 22.050046963997776]], [[88.1010138486243, 22.01905508669565], [88.1002053648686, 22.01905508669565], [88.1002053648686, 22.018516097525183], [88.1010138486243, 22.018516097525183], [88.1010138486243, 22.01905508669565]], [[88.10990716993709, 22.018246602939946], [88.10936818076662, 22.018246602939946], [88.10882919159616, 22.016899130013766], [88.10990716993709, 22.017168624599], [88.10990716993709, 22.018246602939946]], [[88.11098514827803, 22.01905508669565], [88.11044615910757, 22.01905508669565], [88.11044615910757, 22.018516097525183], [88.11098514827803, 22.01905508669565]], [[88.1241903829546, 22.020402559621832], [88.12365139378413, 22.020402559621832], [88.12365139378413, 22.019594075866124], [88.12445987753983, 22.019594075866124], [88.1241903829546, 22.020402559621832]], [[88.12176493168747, 22.020941548792305], [88.121225942517, 22.020941548792305], [88.121225942517, 22.020402559621832], [88.12095644793176, 22.020402559621832], [88.121225942517, 22.019594075866124], [88.1220344262727, 22.020133065036596], [88.12176493168747, 22.020941548792305]], [[88.12338189919889, 22.021480537962777], [88.12284291002841, 22.021480537962777], [88.12284291002841, 22.02067205420707], [88.12365139378413, 22.02067205420707], [88.12338189919889, 22.021480537962777]], [[88.12904128548884, 22.021750032548013], [88.12823280173313, 22.021750032548013], [88.12823280173313, 22.02121104337754], [88.12904128548884, 22.02121104337754], [88.12904128548884, 22.021750032548013]], [[88.10855969701092, 22.022289021718482], [88.10721222408473, 22.022019527133246], [88.10613424574379, 22.020941548792305], [88.10532576198808, 22.020941548792305], [88.10532576198808, 22.020133065036596], [88.10559525657332, 22.020133065036596], [88.10586475115856, 22.01905508669565], [88.10775121325521, 22.019324581280888], [88.10775121325521, 22.018516097525183], [88.10882919159616, 22.018516097525183], [88.10909868618138, 22.01905508669565], [88.10990716993709, 22.01905508669565], [88.10990716993709, 22.019324581280888], [88.10909868618138, 22.019324581280888], [88.10909868618138, 22.019594075866124], [88.11017666452233, 22.01986357045136], [88.10990716993709, 22.021480537962777], [88.10882919159616, 22.021750032548013], [88.10855969701092, 22.022289021718482]], [[88.12365139378413, 22.022289021718482], [88.12311240461365, 22.022289021718482], [88.12311240461365, 22.022019527133246], [88.12365139378413, 22.022019527133246], [88.12365139378413, 22.022289021718482]], [[88.12904128548884, 22.023636494644663], [88.1287717909036, 22.023636494644663], [88.1287717909036, 22.02309750547419], [88.12904128548884, 22.02309750547419], [88.12904128548884, 22.023636494644663]], [[88.13200572592643, 22.026870429667493], [88.1317362313412, 22.026870429667493], [88.1317362313412, 22.02633144049702], [88.13200572592643, 22.02633144049702], [88.13200572592643, 22.026870429667493]], [[88.13389218802308, 22.026870429667493], [88.13335319885262, 22.026870429667493], [88.13335319885262, 22.026600935082257], [88.13389218802308, 22.026600935082257], [88.13389218802308, 22.026870429667493]], [[88.13577865011973, 22.028487397178907], [88.13523966094927, 22.028487397178907], [88.13497016636403, 22.02713992425273], [88.13577865011973, 22.027409418837966], [88.13577865011973, 22.028487397178907]], [[88.13739561763116, 22.0314518376165], [88.13685662846068, 22.031182343031265], [88.13685662846068, 22.030104364690324], [88.13712612304592, 22.030104364690324], [88.13712612304592, 22.02956537551985], [88.13766511221638, 22.02956537551985], [88.13766511221638, 22.030104364690324], [88.13793460680162, 22.030104364690324], [88.13793460680162, 22.02956537551985], [88.13820410138686, 22.02956537551985], [88.13820410138686, 22.030912848446032], [88.13766511221638, 22.030912848446032], [88.13739561763116, 22.0314518376165]], [[88.14009056348351, 22.032799310542682], [88.1392820797278, 22.032529815957446], [88.13901258514257, 22.031990826786974], [88.13955157431303, 22.031990826786974], [88.13982106889827, 22.0314518376165], [88.14062955265398, 22.0314518376165], [88.14062955265398, 22.031721332201737], [88.1414380364097, 22.031990826786974], [88.14116854182446, 22.032529815957446], [88.14009056348351, 22.032529815957446], [88.14009056348351, 22.032799310542682]], [[88.14871439021105, 22.034416278054096], [88.14790590645535, 22.03414678346886], [88.14817540104059, 22.03360779429839], [88.14736691728488, 22.032799310542682], [88.14628893894394, 22.032799310542682], [88.14628893894394, 22.033068805127918], [88.14574994977346, 22.032799310542682], [88.14548045518822, 22.031721332201737], [88.14574994977346, 22.0314518376165], [88.1468279281144, 22.0314518376165], [88.1468279281144, 22.031182343031265], [88.15033135772248, 22.0314518376165], [88.15087034689294, 22.031990826786974], [88.15140933606341, 22.03414678346886], [88.15087034689294, 22.03414678346886], [88.1506008523077, 22.03360779429839], [88.15006186313724, 22.03360779429839], [88.15006186313724, 22.033877288883627], [88.1489838847963, 22.03360779429839], [88.14871439021105, 22.034416278054096]], [[88.15491276567148, 22.03549425639504], [88.15383478733054, 22.035224761809804], [88.15410428191578, 22.034416278054096], [88.15518226025672, 22.03468577263933], [88.15491276567148, 22.03549425639504]], [[88.15841619527954, 22.03872819141787], [88.1565297331829, 22.0381892022474], [88.15626023859767, 22.03549425639504], [88.15599074401243, 22.03549425639504], [88.15626023859767, 22.034955267224568], [88.15787720610908, 22.03630274015075], [88.15814670069432, 22.037650213076926], [88.15868568986478, 22.037919707662162], [88.15841619527954, 22.03872819141787]], [[88.15787720610908, 22.04061465351452], [88.15679922776813, 22.040345158929284], [88.15679922776813, 22.039806169758815], [88.15760771152384, 22.039806169758815], [88.15787720610908, 22.04061465351452]], [[88.15949417362049, 22.0419621264407], [88.15814670069432, 22.04142313727023], [88.15814670069432, 22.040884148099757], [88.15949417362049, 22.041153642684993], [88.15976366820573, 22.04142313727023], [88.15949417362049, 22.0419621264407]], [[88.15464327108624, 22.042501115611174], [88.15410428191578, 22.042501115611174], [88.1527568089896, 22.040884148099757], [88.1527568089896, 22.040075664344048], [88.15329579816007, 22.040075664344048], [88.15329579816007, 22.03953667517358], [88.15383478733054, 22.03953667517358], [88.154373776501, 22.040345158929284], [88.15572124942719, 22.040345158929284], [88.15572124942719, 22.041153642684993], [88.15518226025672, 22.04142313727023], [88.15518226025672, 22.0419621264407], [88.15464327108624, 22.042501115611174]], [[88.15302630357483, 22.044118083122587], [88.15248731440435, 22.044118083122587], [88.15248731440435, 22.04384858853735], [88.15302630357483, 22.04384858853735], [88.15302630357483, 22.044118083122587]], [[88.15545175484195, 22.046813028974945], [88.15464327108624, 22.04654353438971], [88.15464327108624, 22.046274039804473], [88.15383478733054, 22.046274039804473], [88.1535652927453, 22.04465707229306], [88.15383478733054, 22.04465707229306], [88.15383478733054, 22.04384858853735], [88.1535652927453, 22.04384858853735], [88.1535652927453, 22.04330959936688], [88.15383478733054, 22.043040104781646], [88.154373776501, 22.04330959936688], [88.15410428191578, 22.044118083122587], [88.15464327108624, 22.044387577707823], [88.15464327108624, 22.045735050634004], [88.15545175484195, 22.04600454521924], [88.15545175484195, 22.046813028974945]], [[88.16218911947286, 22.048968985656835], [88.16165013030238, 22.048968985656835], [88.16165013030238, 22.048429996486362], [88.16138063571714, 22.048429996486362], [88.16138063571714, 22.046813028974945], [88.16084164654667, 22.046274039804473], [88.16165013030238, 22.046274039804473], [88.16218911947286, 22.046813028974945], [88.16218911947286, 22.047621512730654], [88.16272810864332, 22.04789100731589], [88.16218911947286, 22.048429996486362], [88.16218911947286, 22.048968985656835]]]}, "properties": {"change": "GAINED", "areaHa": 576.2}}, {"type": "Feature", "geometry": {"geodesic": false, "type": "Polygon", "coordinates": [[[88.20530825311059, 21.77165905744914], [88.20207431808775, 21.768425122426308], [88.20234381267299, 21.76680815491489], [88.20261330725823, 21.76680815491489], [88.20261330725823, 21.765460681988714], [88.20288280184346, 21.765460681988714], [88.20288280184346, 21.763035230721588], [88.20207431808775, 21.76249624155112], [88.20207431808775, 21.761957252380647], [88.20072684516158, 21.760609779454466], [88.2001878559911, 21.760609779454466], [88.19964886682064, 21.760070790283994], [88.19964886682064, 21.759531801113525], [88.19803189930921, 21.758992811943052], [88.19722341555351, 21.758184328187344], [88.19722341555351, 21.75764533901687], [88.1964149317978, 21.757914833602108], [88.1956064480421, 21.7571063498464], [88.1947979642864, 21.757914833602108], [88.19425897511591, 21.7571063498464], [88.19318099677497, 21.757375844431635], [88.19291150218974, 21.7571063498464], [88.1926420076045, 21.756028371505458], [88.19237251301927, 21.756028371505458], [88.19237251301927, 21.75521988774975], [88.1918335238488, 21.754680898579277], [88.1918335238488, 21.75387241482357], [88.19129453467832, 21.7533334256531], [88.19129453467832, 21.75252494189739], [88.19102504009308, 21.75252494189739], [88.19102504009308, 21.751446963556447], [88.19021655633738, 21.75063847980074], [88.18940807258167, 21.747674039363144], [88.1888690834112, 21.747135050192675], [88.1888690834112, 21.74605707185173], [88.18833009424073, 21.745518082681258], [88.18833009424073, 21.74470959892555], [88.18806059965549, 21.74470959892555], [88.18833009424073, 21.74363162058461], [88.18725211589978, 21.743362125999372], [88.18725211589978, 21.7428231368289], [88.18644363214408, 21.742284147658427], [88.18563514838837, 21.74012819097654], [88.18536565380313, 21.74012819097654], [88.18428767546219, 21.734738299271825], [88.18455717004743, 21.734738299271825], [88.18482666463267, 21.733929815516117], [88.18563514838837, 21.73366032093088], [88.18563514838837, 21.732851837175172], [88.18698262131456, 21.73177385883423], [88.18644363214408, 21.73042638590805], [88.18806059965549, 21.729078912981873], [88.1888690834112, 21.729078912981873], [88.1888690834112, 21.72934840756711], [88.18967756716691, 21.72934840756711], [88.18967756716691, 21.72961790215234], [88.19075554550786, 21.72961790215234], [88.19102504009308, 21.730156891322814], [88.1956064480421, 21.730695880493286], [88.19587594262734, 21.73177385883423], [88.19749291013875, 21.733121331760408], [88.19803189930921, 21.73446880468659], [88.19991836140586, 21.73635526678324], [88.19991836140586, 21.73689425595371], [88.2001878559911, 21.73689425595371], [88.2001878559911, 21.737433245124183], [88.20045735057634, 21.737433245124183], [88.20045735057634, 21.737972234294656], [88.20072684516158, 21.737972234294656], [88.20072684516158, 21.738511223465128], [88.20099633974681, 21.738511223465128], [88.20099633974681, 21.739050212635597], [88.20126583433205, 21.739050212635597], [88.20126583433205, 21.73958920180607], [88.20153532891729, 21.73958920180607], [88.20153532891729, 21.74012819097654], [88.20207431808775, 21.740667180147014], [88.20207431808775, 21.741475663902722], [88.20234381267299, 21.741475663902722], [88.20261330725823, 21.742553642243664], [88.2031522964287, 21.7428231368289], [88.2031522964287, 21.743362125999372], [88.20342179101394, 21.743362125999372], [88.20342179101394, 21.743901115169844], [88.2039607801844, 21.744440104340317], [88.2039607801844, 21.745248588096022], [88.20449976935488, 21.745787577266494], [88.20503875852535, 21.748213028533616], [88.20557774769583, 21.74875201770409], [88.20557774769583, 21.749829996045033], [88.20584724228105, 21.749829996045033], [88.20584724228105, 21.750907974385974], [88.20611673686629, 21.750907974385974], [88.20611673686629, 21.75252494189739], [88.20638623145153, 21.75252494189739], [88.20638623145153, 21.753063931067864], [88.206925220622, 21.753602920238336], [88.206925220622, 21.754680898579277], [88.20719471520724, 21.754680898579277], [88.20719471520724, 21.755758876920222], [88.20746420979248, 21.755758876920222], [88.20746420979248, 21.756836855261163], [88.20773370437772, 21.756836855261163], [88.20773370437772, 21.757914833602108], [88.20800319896294, 21.757914833602108], [88.20800319896294, 21.75926230652829], [88.20827269354818, 21.75926230652829], [88.20827269354818, 21.76114876862494], [88.20854218813342, 21.76114876862494], [88.20854218813342, 21.762226746965883], [88.20881168271865, 21.762226746965883], [88.20881168271865, 21.763843714477296], [88.20908117730389, 21.763843714477296], [88.20908117730389, 21.768964111596777], [88.20800319896294, 21.77004208993772], [88.20746420979248, 21.77004208993772], [88.20665572603677, 21.77085057369343], [88.20638623145153, 21.77165905744914], [88.20530825311059, 21.77165905744914]]]}, "properties": {"change": "GAINED", "areaHa": 571.1}}, {"type": "Feature", "geometry": {"geodesic": false, "type": "Polygon", "coordinates": [[[88.0460369532362, 21.942249129903434], [88.0460369532362, 21.941979635318198], [88.04495897489525, 21.941979635318198], [88.04495897489525, 21.941440646147726], [88.04549796406573, 21.94117115156249], [88.04549796406573, 21.94171014073296], [88.0460369532362, 21.94171014073296], [88.0460369532362, 21.940901656977253], [88.04495897489525, 21.940901656977253], [88.04495897489525, 21.941440646147726], [88.04468948031001, 21.94117115156249], [88.04388099655431, 21.941440646147726], [88.04334200738384, 21.940901656977253], [88.04361150196907, 21.939823678636312], [88.04334200738384, 21.939554184051076], [88.04280301821336, 21.94009317322155], [88.04199453445766, 21.939823678636312], [88.04172503987242, 21.93793721653966], [88.04145554528719, 21.93793721653966], [88.04145554528719, 21.93658974361348], [88.04091655611671, 21.93605075444301], [88.04091655611671, 21.935511765272537], [88.04172503987242, 21.93470328151683], [88.04172503987242, 21.933625303175887], [88.04118605070195, 21.93335580859065], [88.04145554528719, 21.932277830249706], [88.04118605070195, 21.93200833566447], [88.04064706153147, 21.932277830249706], [88.04064706153147, 21.931469346494], [88.04091655611671, 21.931469346494], [88.04091655611671, 21.93093035732353], [88.04064706153147, 21.93093035732353], [88.04064706153147, 21.927965916885935], [88.04091655611671, 21.9276964223007], [88.04064706153147, 21.9276964223007], [88.04064706153147, 21.92688793854499], [88.04091655611671, 21.92688793854499], [88.04091655611671, 21.92554046561881], [88.04064706153147, 21.92554046561881], [88.04064706153147, 21.924462487277868], [88.04091655611671, 21.92419299269263], [88.04064706153147, 21.92419299269263], [88.04037756694625, 21.918264111817443], [88.04064706153147, 21.918264111817443], [88.04064706153147, 21.915569165965085], [88.04091655611671, 21.915569165965085], [88.04091655611671, 21.913143714697963], [88.04064706153147, 21.912874220112727], [88.04091655611671, 21.912874220112727], [88.04091655611671, 21.911796241771782], [88.04064706153147, 21.911796241771782], [88.04064706153147, 21.910718263430837], [88.04037756694625, 21.910718263430837], [88.04037756694625, 21.909101295919424], [88.04118605070195, 21.908292812163715], [88.04118605070195, 21.905597866311357], [88.04172503987242, 21.905058877140885], [88.04145554528719, 21.90425039338518], [88.0422640290429, 21.903711404214707], [88.04172503987242, 21.902633425873763], [88.0422640290429, 21.90209443670329], [88.0422640290429, 21.902633425873763], [88.0430725127986, 21.902902920459], [88.04280301821336, 21.902363931288527], [88.04334200738384, 21.901824942118054], [88.04334200738384, 21.901285952947585], [88.04388099655431, 21.901285952947585], [88.04441998572479, 21.902902920459], [88.04522846948049, 21.902902920459], [88.04522846948049, 21.902633425873763], [88.04576745865096, 21.902633425873763], [88.04576745865096, 21.902902920459], [88.04792341533285, 21.902902920459], [88.04792341533285, 21.903172415044235], [88.04900139367379, 21.903172415044235], [88.04900139367379, 21.90344190962947], [88.05088785577044, 21.90344190962947], [88.05169633952615, 21.90425039338518], [88.05277431786709, 21.90425039338518], [88.05304381245233, 21.905597866311357], [88.0535828016228, 21.905597866311357], [88.05412179079327, 21.90613685548183], [88.05493027454898, 21.90613685548183], [88.05519976913422, 21.906675844652302], [88.05573875830468, 21.906675844652302], [88.05627774747516, 21.907214833822774], [88.05735572581611, 21.907214833822774], [88.05762522040133, 21.907753822993243], [88.05897269332752, 21.907753822993243], [88.05951168249798, 21.908292812163715], [88.0603201662537, 21.908292812163715], [88.06112865000941, 21.90937079050466], [88.06166763917987, 21.90937079050466], [88.06193713376511, 21.909909779675132], [88.06274561752082, 21.909909779675132], [88.064093090447, 21.91125725260131], [88.06463207961747, 21.912874220112727], [88.06624904712889, 21.914221693038904], [88.06624904712889, 21.914760682209376], [88.06651854171412, 21.914760682209376], [88.06624904712889, 21.91583866055032], [88.06732702546982, 21.916647144306026], [88.06813550922554, 21.918803100987915], [88.068674498396, 21.91907259557315], [88.06894399298125, 21.920150573914093], [88.06948298215171, 21.92042006849933], [88.06948298215171, 21.921228552255037], [88.07029146590742, 21.92176754142551], [88.07002197132219, 21.922037036010746], [88.07029146590742, 21.922306530595982], [88.07002197132219, 21.922576025181215], [88.07029146590742, 21.923923498107396], [88.0708304550779, 21.92419299269263], [88.0708304550779, 21.924731981863104], [88.07136944424836, 21.925270971033576], [88.07136944424836, 21.925809960204045], [88.07109994966314, 21.925809960204045], [88.07029146590742, 21.92500147644834], [88.07029146590742, 21.924462487277868], [88.06948298215171, 21.923923498107396], [88.06948298215171, 21.923384508936923], [88.06813550922554, 21.922037036010746], [88.06759652005506, 21.922037036010746], [88.06490157420271, 21.91907259557315], [88.06355410127652, 21.91853360640268], [88.06220662835035, 21.9171861334765], [88.06139814459463, 21.9171861334765], [88.06058966083893, 21.916377649720793], [88.05843370415704, 21.915569165965085], [88.05843370415704, 21.91529967137985], [88.05654724206039, 21.915030176794613], [88.05654724206039, 21.914760682209376], [88.05331330703757, 21.91449118762414], [88.05331330703757, 21.914221693038904], [88.05115735035568, 21.91449118762414], [88.05034886659998, 21.91529967137985], [88.05034886659998, 21.91583866055032], [88.0498098774295, 21.916108155135557], [88.0498098774295, 21.916647144306026], [88.04927088825903, 21.916916638891262], [88.04927088825903, 21.91772512264697], [88.04900139367379, 21.91772512264697], [88.04900139367379, 21.92176754142551], [88.04873189908855, 21.92176754142551], [88.04873189908855, 21.922306530595982], [88.04819290991809, 21.92284551976645], [88.04846240450333, 21.92500147644834], [88.04819290991809, 21.92500147644834], [88.04792341533285, 21.926348949374518], [88.04738442616238, 21.926618443959754], [88.04738442616238, 21.92877440064164], [88.04711493157714, 21.92877440064164], [88.04711493157714, 21.929852378982584], [88.04657594240666, 21.930391368153057], [88.04657594240666, 21.931738841079234], [88.04630644782144, 21.931738841079234], [88.0460369532362, 21.93416429234636], [88.04576745865096, 21.93416429234636], [88.04576745865096, 21.93847620571013], [88.0460369532362, 21.93847620571013], [88.0460369532362, 21.939823678636312], [88.04630644782144, 21.939823678636312], [88.04630644782144, 21.940632162392017], [88.04657594240666, 21.940632162392017], [88.04657594240666, 21.941440646147726], [88.04630644782144, 21.941440646147726], [88.04657594240666, 21.941979635318198], [88.0460369532362, 21.942249129903434]], [[88.06436258503223, 21.9134132092832], [88.06355410127652, 21.9134132092832], [88.06355410127652, 21.912874220112727], [88.064093090447, 21.912874220112727], [88.06436258503223, 21.9134132092832]], [[88.04361150196907, 21.927965916885935], [88.04280301821336, 21.9276964223007], [88.04280301821336, 21.92688793854499], [88.04334200738384, 21.92688793854499], [88.04361150196907, 21.927965916885935]], [[88.04495897489525, 21.939823678636312], [88.04441998572479, 21.939823678636312], [88.04441998572479, 21.93928468946584], [88.04495897489525, 21.93928468946584], [88.04495897489525, 21.939823678636312]]]}, "properties": {"change": "LOST", "areaHa": 489.9}}, {"type": "Feature", "geometry": {"geodesic": false, "type": "Polygon", "coordinates": [[[88.2031522964287, 21.72341952669192], [88.2031522964287, 21.722880537521448], [88.20207431808775, 21.72207205376574], [88.20207431808775, 21.721533064595267], [88.20126583433205, 21.72126357001003], [88.19964886682064, 21.71937710791338], [88.19910987765016, 21.71937710791338], [88.1985708884797, 21.718568624157673], [88.19776240472399, 21.718568624157673], [88.19506745887162, 21.715873678305314], [88.19425897511591, 21.715873678305314], [88.19291150218974, 21.714526205379133], [88.1918335238488, 21.7142567107939], [88.19129453467832, 21.713448227038192], [88.19075554550786, 21.713448227038192], [88.18994706175215, 21.712639743282484], [88.18994706175215, 21.71210075411201], [88.18940807258167, 21.711831259526775], [88.18940807258167, 21.71102277577107], [88.18859958882597, 21.710483786600598], [88.18833009424073, 21.709405808259653], [88.18752161048502, 21.70886681908918], [88.18725211589978, 21.70778884074824], [88.18698262131456, 21.70778884074824], [88.18698262131456, 21.70698035699253], [88.18644363214408, 21.70644136782206], [88.18644363214408, 21.705363389481118], [88.18590464297361, 21.704824400310645], [88.18536565380313, 21.702129454458287], [88.18482666463267, 21.70185995987305], [88.18455717004743, 21.70051248694687], [88.18401818087696, 21.699973497776398], [88.18401818087696, 21.699165014020693], [88.18374868629172, 21.699165014020693], [88.18347919170648, 21.696739562753567], [88.18320969712124, 21.696739562753567], [88.18320969712124, 21.695661584412626], [88.18294020253602, 21.695661584412626], [88.18240121336554, 21.690541187293142], [88.18186222419507, 21.690002198122674], [88.18186222419507, 21.689193714366965], [88.18159272960983, 21.689193714366965], [88.18159272960983, 21.68811573602602], [88.18294020253602, 21.68811573602602], [88.18294020253602, 21.687846241440784], [88.18186222419507, 21.687576746855548], [88.18132323502459, 21.68703775768508], [88.18105374043937, 21.684612306417954], [88.18159272960983, 21.68434281183272], [88.1821317187803, 21.682725844321304], [88.18240121336554, 21.682725844321304], [88.18240121336554, 21.681917360565595], [88.18267070795078, 21.681917360565595], [88.18240121336554, 21.67652746886088], [88.18267070795078, 21.67652746886088], [88.18267070795078, 21.675179995934702], [88.18294020253602, 21.675179995934702], [88.18294020253602, 21.67383252300852], [88.18267070795078, 21.67383252300852], [88.18267070795078, 21.673024039252812], [88.18374868629172, 21.672215555497107], [88.18374868629172, 21.671676566326635], [88.18428767546219, 21.6714070717414], [88.18482666463267, 21.669790104229982], [88.18509615921789, 21.669790104229982], [88.18509615921789, 21.66817313671857], [88.18563514838837, 21.667634147548096], [88.18617413755884, 21.663591728769557], [88.18644363214408, 21.663591728769557], [88.18617413755884, 21.6608967829172], [88.18671312672932, 21.660627288331963], [88.18671312672932, 21.659279815405785], [88.18725211589978, 21.658740826235313], [88.18752161048502, 21.656045880382955], [88.18806059965549, 21.655506891212482], [88.18833009424073, 21.653620429115833], [88.1888690834112, 21.65308143994536], [88.1888690834112, 21.652003461604416], [88.18994706175215, 21.650925483263475], [88.19102504009308, 21.64796104282588], [88.1918335238488, 21.647422053655408], [88.1918335238488, 21.6466135698997], [88.19237251301927, 21.646344075314463], [88.19237251301927, 21.645535591558755], [88.19291150218974, 21.644996602388286], [88.19291150218974, 21.64391862404734], [88.19318099677497, 21.64391862404734], [88.19371998594545, 21.641223678194983], [88.19318099677497, 21.64068468902451], [88.19318099677497, 21.64014569985404], [88.19291150218974, 21.64014569985404], [88.19291150218974, 21.63933721609833], [88.19345049136021, 21.639067721513097], [88.19371998594545, 21.637989743172152], [88.19398948053067, 21.637989743172152], [88.19425897511591, 21.636103281075503], [88.19452846970115, 21.636103281075503], [88.19452846970115, 21.635294797319794], [88.1947979642864, 21.635294797319794], [88.1947979642864, 21.63421681897885], [88.19533695345686, 21.633677829808377], [88.1956064480421, 21.632060862296964], [88.19587594262734, 21.632060862296964], [88.19587594262734, 21.63098288395602], [88.19695392096827, 21.629904905615078], [88.19749291013875, 21.62774894893319], [88.19803189930921, 21.627209959762716], [88.19803189930921, 21.626670970592247], [88.19830139389445, 21.626670970592247], [88.1985708884797, 21.625323497666066], [88.19884038306493, 21.625323497666066], [88.19910987765016, 21.623437035569417], [88.1993793722354, 21.623437035569417], [88.1993793722354, 21.62262855181371], [88.19964886682064, 21.62262855181371], [88.19964886682064, 21.621820068058], [88.19991836140586, 21.621820068058], [88.19991836140586, 21.62074208971706], [88.2001878559911, 21.62074208971706], [88.2001878559911, 21.61993360596135], [88.20045735057634, 21.61993360596135], [88.20045735057634, 21.61858613303517], [88.20072684516158, 21.61858613303517], [88.20072684516158, 21.617777649279464], [88.20099633974681, 21.617777649279464], [88.20099633974681, 21.616969165523756], [88.20126583433205, 21.616969165523756], [88.20126583433205, 21.616160681768047], [88.20180482350253, 21.615621692597575], [88.20180482350253, 21.615082703427102], [88.20234381267299, 21.61481320884187], [88.20261330725823, 21.613196241330453], [88.2031522964287, 21.61265725215998], [88.2031522964287, 21.612118262989508], [88.20342179101394, 21.612118262989508], [88.20342179101394, 21.611309779233803], [88.2039607801844, 21.61077079006333], [88.2039607801844, 21.61023180089286], [88.20423027476964, 21.61023180089286], [88.20423027476964, 21.608614833381445], [88.20476926394012, 21.608075844210973], [88.20476926394012, 21.6075368550405], [88.20503875852535, 21.6075368550405], [88.20503875852535, 21.606997865870028], [88.20530825311059, 21.606997865870028], [88.20530825311059, 21.606458876699556], [88.20557774769583, 21.606458876699556], [88.20557774769583, 21.605919887529087], [88.20611673686629, 21.60565039294385], [88.20638623145153, 21.604572414602906], [88.20746420979248, 21.603763930847197], [88.20827269354818, 21.60160797416531], [88.20881168271865, 21.60106898499484], [88.20935067188913, 21.60106898499484], [88.20935067188913, 21.600799490409603], [88.21042865023007, 21.600799490409603], [88.21042865023007, 21.600529995824367], [88.21150662857102, 21.600529995824367], [88.21150662857102, 21.600799490409603], [88.21285410149719, 21.600529995824367], [88.21339309066767, 21.60106898499484], [88.21339309066767, 21.60160797416531], [88.21393207983813, 21.601877468750548], [88.21393207983813, 21.60241645792102], [88.2136625852529, 21.60241645792102], [88.21339309066767, 21.60349443626196], [88.21285410149719, 21.603763930847197], [88.21258460691196, 21.605919887529087], [88.21231511232672, 21.605919887529087], [88.21231511232672, 21.606458876699556], [88.21204561774148, 21.606458876699556], [88.21204561774148, 21.606997865870028], [88.21177612315624, 21.606997865870028], [88.21177612315624, 21.6075368550405], [88.21123713398578, 21.607806349625736], [88.21123713398578, 21.608614833381445], [88.21096763940054, 21.608614833381445], [88.21096763940054, 21.61157927381904], [88.21042865023007, 21.611040284648567], [88.21015915564483, 21.611309779233803], [88.20962016647437, 21.611040284648567], [88.20962016647437, 21.609962306307622], [88.20881168271865, 21.609692811722386], [88.20854218813342, 21.608614833381445], [88.20800319896294, 21.608614833381445], [88.20800319896294, 21.60888432796668], [88.20719471520724, 21.60888432796668], [88.20719471520724, 21.608614833381445], [88.20584724228105, 21.60888432796668], [88.20423027476964, 21.610501295478095], [88.20423027476964, 21.611309779233803], [88.2039607801844, 21.611309779233803], [88.2039607801844, 21.612118262989508], [88.20369128559918, 21.612118262989508], [88.20369128559918, 21.612926746745217], [88.20342179101394, 21.612926746745217], [88.20342179101394, 21.61400472508616], [88.20288280184346, 21.614543714256634], [88.20288280184346, 21.61589118718281], [88.20261330725823, 21.61589118718281], [88.20261330725823, 21.61669967093852], [88.20234381267299, 21.61669967093852], [88.20234381267299, 21.618316638449933], [88.20207431808775, 21.618316638449933], [88.20153532891729, 21.622359057228472], [88.20126583433205, 21.622359057228472], [88.20126583433205, 21.622898046398944], [88.20072684516158, 21.623437035569417], [88.20072684516158, 21.62424551932512], [88.2001878559911, 21.624784508495594], [88.2001878559911, 21.62586248683654], [88.19964886682064, 21.626131981421775], [88.19964886682064, 21.626940465177483], [88.1993793722354, 21.626940465177483], [88.1993793722354, 21.62774894893319], [88.19910987765016, 21.62774894893319], [88.19910987765016, 21.628557432688897], [88.1985708884797, 21.62909642185937], [88.19803189930921, 21.631791367711728], [88.19776240472399, 21.631791367711728], [88.19776240472399, 21.632599851467436], [88.19749291013875, 21.632599851467436], [88.19749291013875, 21.63421681897885], [88.19722341555351, 21.63421681897885], [88.19695392096827, 21.637181259416444], [88.19668442638304, 21.637181259416444], [88.19668442638304, 21.63933721609833], [88.1964149317978, 21.63933721609833], [88.1964149317978, 21.640954183609747], [88.19614543721256, 21.640954183609747], [88.19587594262734, 21.644457613217813], [88.1956064480421, 21.644457613217813], [88.1956064480421, 21.644996602388286], [88.19506745887162, 21.645535591558755], [88.19506745887162, 21.646344075314463], [88.1947979642864, 21.646344075314463], [88.19452846970115, 21.647422053655408], [88.19398948053067, 21.647691548240644], [88.19398948053067, 21.648230537411113], [88.19371998594545, 21.648230537411113], [88.19371998594545, 21.648769526581585], [88.19345049136021, 21.648769526581585], [88.19345049136021, 21.649308515752058], [88.19318099677497, 21.649308515752058], [88.19318099677497, 21.64984750492253], [88.1926420076045, 21.650386494093002], [88.1926420076045, 21.65119497784871], [88.19237251301927, 21.65119497784871], [88.19237251301927, 21.65173396701918], [88.1918335238488, 21.652272956189652], [88.1918335238488, 21.65308143994536], [88.19156402926356, 21.65308143994536], [88.19129453467832, 21.654428912871538], [88.19075554550786, 21.65496790204201], [88.19075554550786, 21.65577638579772], [88.19021655633738, 21.65631537496819], [88.18967756716691, 21.659279815405785], [88.18940807258167, 21.659279815405785], [88.18940807258167, 21.6608967829172], [88.1888690834112, 21.66143577208767], [88.18913857799643, 21.662783245013852], [88.18859958882597, 21.66332223418432], [88.18833009424073, 21.665208696280974], [88.18806059965549, 21.665208696280974], [88.18806059965549, 21.665747685451446], [88.18779110507026, 21.665747685451446], [88.18779110507026, 21.666286674621915], [88.18725211589978, 21.666825663792388], [88.18725211589978, 21.667634147548096], [88.18698262131456, 21.667634147548096], [88.18698262131456, 21.66817313671857], [88.18671312672932, 21.66817313671857], [88.18671312672932, 21.66871212588904], [88.18644363214408, 21.66871212588904], [88.18644363214408, 21.669251115059513], [88.18617413755884, 21.669251115059513], [88.18617413755884, 21.669790104229982], [88.18590464297361, 21.669790104229982], [88.18590464297361, 21.670329093400454], [88.18563514838837, 21.670329093400454], [88.18563514838837, 21.670868082570927], [88.18536565380313, 21.670868082570927], [88.18536565380313, 21.6714070717414], [88.18482666463267, 21.67194606091187], [88.18482666463267, 21.672754544667576], [88.18401818087696, 21.673563028423285], [88.18401818087696, 21.674102017593757], [88.18374868629172, 21.674102017593757], [88.18374868629172, 21.67464100676423], [88.18320969712124, 21.675179995934702], [88.18320969712124, 21.675988479690407], [88.18294020253602, 21.675988479690407], [88.18320969712124, 21.68299533890654], [88.18267070795078, 21.683534328077013], [88.18294020253602, 21.684612306417954], [88.18240121336554, 21.685151295588426], [88.18240121336554, 21.68622927392937], [88.18401818087696, 21.687846241440784], [88.18401818087696, 21.688385230611257], [88.18509615921789, 21.689193714366965], [88.18509615921789, 21.689732703537437], [88.18563514838837, 21.69027169270791], [88.18617413755884, 21.69027169270791], [88.18617413755884, 21.69081068187838], [88.18563514838837, 21.69081068187838], [88.18536565380313, 21.69134967104885], [88.18590464297361, 21.691619165634087], [88.18617413755884, 21.692966638560268], [88.18698262131456, 21.693775122315973], [88.18698262131456, 21.69539208982739], [88.18752161048502, 21.695661584412626], [88.18752161048502, 21.696739562753567], [88.18806059965549, 21.697009057338803], [88.18806059965549, 21.697817541094512], [88.18833009424073, 21.697817541094512], [88.18859958882597, 21.698895519435457], [88.19021655633738, 21.700242992361634], [88.19021655633738, 21.700781981532106], [88.19102504009308, 21.701590465287815], [88.19102504009308, 21.702129454458287], [88.19156402926356, 21.702398949043523], [88.19156402926356, 21.702937938213992], [88.19237251301927, 21.70320743279923], [88.1926420076045, 21.704015916554937], [88.19425897511591, 21.705363389481118], [88.19425897511591, 21.705902378651587], [88.19614543721256, 21.707519346163004], [88.19614543721256, 21.708058335333476], [88.19695392096827, 21.708597324503945], [88.19722341555351, 21.70967530284489], [88.1985708884797, 21.71102277577107], [88.1993793722354, 21.711292270356306], [88.1993793722354, 21.711831259526775], [88.2001878559911, 21.712370248697248], [88.20045735057634, 21.713448227038192], [88.20099633974681, 21.71371772162343], [88.20180482350253, 21.715873678305314], [88.20261330725823, 21.71614317289055], [88.20288280184346, 21.71695165664626], [88.20342179101394, 21.717221151231495], [88.2031522964287, 21.718299129572436], [88.20234381267299, 21.719107613328145], [88.20234381267299, 21.719916097083853], [88.20288280184346, 21.719916097083853], [88.20369128559918, 21.719107613328145], [88.2039607801844, 21.718299129572436], [88.20503875852535, 21.71883811874291], [88.20665572603677, 21.717221151231495], [88.20638623145153, 21.718299129572436], [88.20584724228105, 21.718568624157673], [88.20584724228105, 21.719646602498617], [88.20476926394012, 21.72072458083956], [88.20476926394012, 21.721533064595267], [88.20449976935488, 21.721533064595267], [88.20449976935488, 21.722341548350975], [88.20423027476964, 21.722341548350975], [88.2039607801844, 21.72341952669192], [88.2031522964287, 21.72341952669192]], [[88.19964886682064, 21.716682162061023], [88.19910987765016, 21.716682162061023], [88.19910987765016, 21.71614317289055], [88.19964886682064, 21.71614317289055], [88.19964886682064, 21.716682162061023]]]}, "properties": {"change": "LOST", "areaHa": 473.8}}, {"type": "Feature", "geometry": {"geodesic": false, "type": "Polygon", "coordinates": [[[88.21986096071332, 21.773006530375316], [88.2195914661281, 21.77920490583574], [88.21905247695761, 21.779743895006213], [88.21905247695761, 21.78055237876192], [88.21851348778715, 21.78109136793239], [88.21824399320191, 21.78243884085857], [88.21770500403143, 21.782708335443807], [88.21689652027572, 21.784864292125693], [88.21635753110526, 21.78513378671093], [88.21635753110526, 21.785942270466638], [88.21554904734955, 21.78648125963711], [88.21527955276431, 21.78755923797805], [88.21447106900861, 21.78836772173376], [88.21420157442337, 21.79025418383041], [88.21393207983813, 21.79025418383041], [88.21393207983813, 21.79160165675659], [88.2136625852529, 21.79160165675659], [88.2136625852529, 21.7924101405123], [88.21339309066767, 21.7924101405123], [88.21339309066767, 21.793757613438476], [88.21312359608243, 21.793757613438476], [88.21285410149719, 21.795374580949893], [88.21231511232672, 21.795913570120362], [88.21231511232672, 21.79672205387607], [88.21177612315624, 21.797261043046543], [88.21150662857102, 21.7999559888989], [88.21123713398578, 21.7999559888989], [88.21069814481531, 21.802381440166023], [88.21015915564483, 21.802920429336496], [88.21015915564483, 21.803728913092204], [88.20988966105959, 21.803728913092204], [88.20854218813342, 21.806962848115035], [88.20719471520724, 21.808310321041212], [88.20719471520724, 21.809657793967393], [88.20638623145153, 21.810196783137865], [88.20638623145153, 21.81100526689357], [88.20584724228105, 21.811274761478806], [88.20584724228105, 21.812083245234515], [88.20557774769583, 21.812083245234515], [88.20557774769583, 21.812891728990223], [88.20530825311059, 21.812891728990223], [88.20530825311059, 21.813700212745932], [88.20503875852535, 21.813700212745932], [88.20503875852535, 21.814508696501637], [88.20476926394012, 21.814508696501637], [88.20476926394012, 21.81558667484258], [88.20449976935488, 21.81558667484258], [88.20449976935488, 21.81639515859829], [88.20423027476964, 21.81639515859829], [88.20423027476964, 21.817203642353995], [88.2039607801844, 21.817203642353995], [88.2031522964287, 21.822593534058715], [88.20234381267299, 21.82340201781442], [88.20234381267299, 21.824479996155365], [88.20207431808775, 21.824479996155365], [88.20180482350253, 21.82555797449631], [88.20126583433205, 21.825827469081545], [88.20126583433205, 21.82663595283725], [88.20099633974681, 21.82663595283725], [88.20099633974681, 21.827174942007723], [88.20072684516158, 21.827174942007723], [88.20072684516158, 21.827713931178195], [88.20045735057634, 21.827713931178195], [88.20045735057634, 21.828252920348667], [88.2001878559911, 21.828252920348667], [88.2001878559911, 21.82879190951914], [88.19991836140586, 21.82879190951914], [88.19991836140586, 21.82933089868961], [88.1993793722354, 21.82986988786008], [88.1993793722354, 21.83067837161579], [88.19910987765016, 21.83067837161579], [88.19910987765016, 21.831217360786262], [88.19884038306493, 21.831217360786262], [88.19884038306493, 21.831756349956734], [88.1985708884797, 21.831756349956734], [88.1985708884797, 21.832295339127203], [88.19803189930921, 21.832834328297675], [88.19803189930921, 21.833642812053384], [88.19749291013875, 21.83391230663862], [88.19749291013875, 21.834451295809092], [88.19587594262734, 21.836068263320506], [88.19587594262734, 21.837415736246687], [88.19533695345686, 21.837415736246687], [88.19291150218974, 21.84038017668428], [88.19237251301927, 21.84038017668428], [88.1918335238488, 21.841188660439986], [88.19129453467832, 21.841188660439986], [88.18913857799643, 21.843344617121875], [88.18913857799643, 21.843883606292348], [88.18779110507026, 21.844692090048053], [88.18779110507026, 21.845231079218525], [88.18617413755884, 21.846578552144706], [88.18617413755884, 21.84711754131518], [88.18428767546219, 21.849004003411828], [88.18374868629172, 21.849004003411828], [88.18024525668365, 21.85277692760513], [88.1791672783427, 21.853046422190367], [88.17781980541653, 21.854393895116544], [88.17781980541653, 21.854932884287017], [88.17647233249035, 21.85601086262796], [88.17647233249035, 21.85654985179843], [88.17566384873464, 21.857088840968903], [88.17566384873464, 21.857627830139375], [88.17404688122323, 21.85924479765079], [88.173777386638, 21.860322775991733], [88.17323839746751, 21.86059227057697], [88.17323839746751, 21.86113125974744], [88.17242991371181, 21.86193974350315], [88.17242991371181, 21.86247873267362], [88.17189092454134, 21.862748227258855], [88.17189092454134, 21.863287216429327], [88.17054345161516, 21.864365194770272], [88.17054345161516, 21.864904183940745], [88.1700044624447, 21.86517367852598], [88.1700044624447, 21.86571266769645], [88.16892648410375, 21.866790646037394], [88.16919597868899, 21.865443173111213], [88.16865698951851, 21.865443173111213], [88.16838749493327, 21.864904183940745], [88.16973496785945, 21.864095700185036], [88.16973496785945, 21.863556711014564], [88.17054345161516, 21.863287216429327], [88.1708129462004, 21.862209238088386], [88.17135193537086, 21.862209238088386], [88.17135193537086, 21.86059227057697], [88.17269940829705, 21.859514292236025], [88.17323839746751, 21.85789732472461], [88.173777386638, 21.857627830139375], [88.173777386638, 21.856819346383666], [88.17431637580846, 21.856280357213194], [88.17431637580846, 21.855741368042725], [88.1745858703937, 21.855741368042725], [88.1745858703937, 21.855202378872253], [88.17485536497894, 21.855202378872253], [88.17485536497894, 21.85466338970178], [88.17512485956418, 21.85466338970178], [88.17512485956418, 21.85412440053131], [88.1753943541494, 21.85412440053131], [88.1753943541494, 21.853585411360836], [88.17566384873464, 21.853585411360836], [88.17566384873464, 21.85277692760513], [88.17620283790511, 21.85223793843466], [88.17620283790511, 21.851698949264186], [88.17674182707559, 21.85142945467895], [88.17674182707559, 21.85062097092324], [88.17728081624605, 21.850351476338005], [88.17781980541653, 21.84819551965612], [88.178358794587, 21.847926025070883], [88.17862828917224, 21.846848046729942], [88.1791672783427, 21.846578552144706], [88.1791672783427, 21.846039562974234], [88.18024525668365, 21.845231079218525], [88.18051475126889, 21.844422595462817], [88.18105374043937, 21.844422595462817], [88.18159272960983, 21.843883606292348], [88.1821317187803, 21.842536133366167], [88.18320969712124, 21.84172764961046], [88.18320969712124, 21.841188660439986], [88.18401818087696, 21.840649671269517], [88.18401818087696, 21.840110682099045], [88.18482666463267, 21.839302198343336], [88.18590464297361, 21.8390327037581], [88.19048605092262, 21.834181801223856], [88.19156402926356, 21.834181801223856], [88.19156402926356, 21.83256483371244], [88.19210301843403, 21.83202584454197], [88.19210301843403, 21.831486855371498], [88.19237251301927, 21.831486855371498], [88.19237251301927, 21.830947866201026], [88.1926420076045, 21.830947866201026], [88.1926420076045, 21.830408877030553], [88.19452846970115, 21.828522414933904], [88.1947979642864, 21.82744443659296], [88.1964149317978, 21.825827469081545], [88.19668442638304, 21.8247494907406], [88.19830139389445, 21.823132523229184], [88.19884038306493, 21.821785050303006], [88.1993793722354, 21.82151555571777], [88.1993793722354, 21.82070707196206], [88.19991836140586, 21.820437577376826], [88.20072684516158, 21.81747313693923], [88.20126583433205, 21.816934147768762], [88.20126583433205, 21.816125664013054], [88.20153532891729, 21.816125664013054], [88.20153532891729, 21.813969707331168], [88.20207431808775, 21.813700212745932], [88.20207431808775, 21.812622234404987], [88.20261330725823, 21.81235273981975], [88.20261330725823, 21.811274761478806], [88.20342179101394, 21.8104662777231], [88.20369128559918, 21.809388299382157], [88.2039607801844, 21.809388299382157], [88.2039607801844, 21.808310321041212], [88.20476926394012, 21.807501837285507], [88.20476926394012, 21.8066933535298], [88.20557774769583, 21.806154364359326], [88.20611673686629, 21.80480689143315], [88.20665572603677, 21.804537396847913], [88.20665572603677, 21.803728913092204], [88.20719471520724, 21.80318992392173], [88.20719471520724, 21.80265093475126], [88.20746420979248, 21.80265093475126], [88.20746420979248, 21.802111945580787], [88.20854218813342, 21.801303461825082], [88.20908117730389, 21.799686494313665], [88.20935067188913, 21.799686494313665], [88.20988966105959, 21.796991548461307], [88.21015915564483, 21.796991548461307], [88.21015915564483, 21.795374580949893], [88.21069814481531, 21.79483559177942], [88.21096763940054, 21.791871151341827], [88.21123713398578, 21.791871151341827], [88.21123713398578, 21.791062667586118], [88.21150662857102, 21.791062667586118], [88.21150662857102, 21.79025418383041], [88.21177612315624, 21.79025418383041], [88.21177612315624, 21.78917620548947], [88.21231511232672, 21.788637216318996], [88.21231511232672, 21.788098227148524], [88.21258460691196, 21.788098227148524], [88.21258460691196, 21.787289743392815], [88.21393207983813, 21.786211765051874], [88.21420157442337, 21.78513378671093], [88.21447106900861, 21.78513378671093], [88.21447106900861, 21.78432530295522], [88.21501005817908, 21.784055808369985], [88.21501005817908, 21.782708335443807], [88.21554904734955, 21.78243884085857], [88.21581854193478, 21.780821873347158], [88.21608803652002, 21.780821873347158], [88.2166270256905, 21.77677945456862], [88.21689652027572, 21.77677945456862], [88.21689652027572, 21.771389562863902], [88.21635753110526, 21.771120068278666], [88.21635753110526, 21.768694617011544], [88.21608803652002, 21.768694617011544], [88.21608803652002, 21.76815562784107], [88.21635753110526, 21.76815562784107], [88.21635753110526, 21.76680815491489], [88.21608803652002, 21.76680815491489], [88.21608803652002, 21.76573017657395], [88.21581854193478, 21.76573017657395], [88.21554904734955, 21.76492169281824], [88.21608803652002, 21.76438270364777], [88.2174355094462, 21.764113209062533], [88.2174355094462, 21.763843714477296], [88.21851348778715, 21.763843714477296], [88.21905247695761, 21.763304725306824], [88.22632883075899, 21.763304725306824], [88.22632883075899, 21.763035230721588], [88.22686781992945, 21.763035230721588], [88.22686781992945, 21.763304725306824], [88.23064074412275, 21.763304725306824], [88.23064074412275, 21.76357421989206], [88.22201691739521, 21.76357421989206], [88.22201691739521, 21.763843714477296], [88.22066944446902, 21.763843714477296], [88.2203999498838, 21.764113209062533], [88.2203999498838, 21.765999671159182], [88.22066944446902, 21.765999671159182], [88.22066944446902, 21.767347144085363], [88.22093893905426, 21.767347144085363], [88.22093893905426, 21.767886133255836], [88.22066944446902, 21.767886133255836], [88.22093893905426, 21.770311584522958], [88.22066944446902, 21.770311584522958], [88.22066944446902, 21.77165905744914], [88.2203999498838, 21.77165905744914], [88.22013045529856, 21.773006530375316], [88.21986096071332, 21.773006530375316]], [[88.19371998594545, 21.835259779564797], [88.19291150218974, 21.835259779564797], [88.19291150218974, 21.83472079039433], [88.19345049136021, 21.83472079039433], [88.19371998594545, 21.835259779564797]]]}, "properties": {"change": "LOST", "areaHa": 473.7}}, {"type": "Feature", "geometry": {"geodesic": false, "type": "Polygon", "coordinates": [[[88.154373776501, 21.66143577208767], [88.154373776501, 21.661166277502435], [88.15383478733054, 21.661166277502435], [88.15383478733054, 21.655506891212482], [88.154373776501, 21.65496790204201], [88.154373776501, 21.654159418286305], [88.1535652927453, 21.653620429115833], [88.15383478733054, 21.651464472433943], [88.1535652927453, 21.651464472433943], [88.15329579816007, 21.649578010337294], [88.15302630357483, 21.649578010337294], [88.15302630357483, 21.64796104282588], [88.15167883064865, 21.64715255907017], [88.15113984147818, 21.64580508614399], [88.1506008523077, 21.645535591558755], [88.1506008523077, 21.64472710780305], [88.15006186313724, 21.644188118632577], [88.15006186313724, 21.643649129462105], [88.14952287396676, 21.64337963487687], [88.14952287396676, 21.642840645706396], [88.14871439021105, 21.64257115112116], [88.14844489562581, 21.641762667365455], [88.14574994977346, 21.639067721513097], [88.145210960603, 21.639067721513097], [88.14359399309157, 21.63745075400168], [88.1384735959721, 21.637181259416444], [88.13820410138686, 21.63664227024597], [88.13712612304592, 21.63664227024597], [88.13631763929021, 21.635833786490267], [88.13523966094927, 21.63556429190503], [88.13497016636403, 21.635025302734558], [88.13389218802308, 21.635025302734558], [88.13389218802308, 21.634755808149322], [88.12769381256265, 21.634755808149322], [88.12769381256265, 21.635025302734558], [88.12688532880695, 21.635025302734558], [88.12688532880695, 21.634755808149322], [88.12607684505124, 21.634755808149322], [88.12607684505124, 21.634486313564086], [88.12365139378413, 21.63421681897885], [88.12365139378413, 21.633947324393613], [88.12176493168747, 21.633947324393613], [88.12176493168747, 21.633677829808377], [88.12068695334654, 21.633677829808377], [88.12068695334654, 21.63340833522314], [88.11880049124987, 21.63340833522314], [88.11880049124987, 21.633138840637905], [88.11799200749417, 21.633138840637905], [88.11799200749417, 21.632869346052672], [88.11718352373846, 21.632869346052672], [88.11610554539752, 21.63098288395602], [88.11421908330087, 21.630713389370783], [88.1144885778861, 21.63152187312649], [88.11287161037468, 21.631791367711728], [88.11260211578946, 21.630713389370783], [88.11341059954516, 21.630713389370783], [88.11341059954516, 21.63017440020031], [88.10963767535186, 21.62963541102984], [88.10963767535186, 21.629365916444605], [88.10721222408473, 21.629365916444605], [88.10721222408473, 21.62909642185937], [88.10263081613573, 21.62909642185937], [88.10263081613573, 21.629365916444605], [88.1002053648686, 21.629365916444605], [88.1002053648686, 21.62963541102984], [88.097240924431, 21.629904905615078], [88.097240924431, 21.63017440020031], [88.09239002189676, 21.630443894785547], [88.09158153814106, 21.631252378541255], [88.09077305438535, 21.631252378541255], [88.08996457062965, 21.632869346052672], [88.08861709770346, 21.632869346052672], [88.08834760311822, 21.632060862296964], [88.08726962477728, 21.632060862296964], [88.08726962477728, 21.631791367711728], [88.08241872224303, 21.632060862296964], [88.08241872224303, 21.631791367711728], [88.08134074390209, 21.63152187312649], [88.08134074390209, 21.63098288395602], [88.08349670058398, 21.63017440020031], [88.08349670058398, 21.629904905615078], [88.08430518433968, 21.629904905615078], [88.08430518433968, 21.62963541102984], [88.08753911936252, 21.62963541102984], [88.08780861394776, 21.62909642185937], [88.09023406521487, 21.62909642185937], [88.09131204355582, 21.628018443518425], [88.09427648399341, 21.62774894893319], [88.09427648399341, 21.627479454347952], [88.09535446233436, 21.627479454347952], [88.09535446233436, 21.627209959762716], [88.0964324406753, 21.627209959762716], [88.0964324406753, 21.626940465177483], [88.09804940818671, 21.626940465177483], [88.09804940818671, 21.626670970592247], [88.09912738652766, 21.626670970592247], [88.09912738652766, 21.62640147600701], [88.10047485945384, 21.62640147600701], [88.10047485945384, 21.626131981421775], [88.10343929989143, 21.62586248683654], [88.10343929989143, 21.625592992251303], [88.10451727823238, 21.625592992251303], [88.10451727823238, 21.625323497666066], [88.11044615910757, 21.62505400308083], [88.11044615910757, 21.624784508495594], [88.11637503998276, 21.62505400308083], [88.11637503998276, 21.625323497666066], [88.12095644793176, 21.625592992251303], [88.12095644793176, 21.62586248683654], [88.12257341544318, 21.625592992251303], [88.12257341544318, 21.62586248683654], [88.12365139378413, 21.62586248683654], [88.12365139378413, 21.626131981421775], [88.1249988667103, 21.626131981421775], [88.1249988667103, 21.62640147600701], [88.12661583422172, 21.62640147600701], [88.12661583422172, 21.626670970592247], [88.12742431797743, 21.626670970592247], [88.12742431797743, 21.626940465177483], [88.12850229631837, 21.626940465177483], [88.12904128548884, 21.627479454347952], [88.13065825300025, 21.627479454347952], [88.13065825300025, 21.62774894893319], [88.13200572592643, 21.62774894893319], [88.13200572592643, 21.628018443518425], [88.13389218802308, 21.62828793810366], [88.13389218802308, 21.628557432688897], [88.13523966094927, 21.628557432688897], [88.13523966094927, 21.628826927274133], [88.13577865011973, 21.628826927274133], [88.13577865011973, 21.62909642185937], [88.13631763929021, 21.62909642185937], [88.13685662846068, 21.62963541102984], [88.13685662846068, 21.630443894785547], [88.13604814470497, 21.631252378541255], [88.13712612304592, 21.63098288395602], [88.13712612304592, 21.630713389370783], [88.1392820797278, 21.630713389370783], [88.13982106889827, 21.631252378541255], [88.14062955265398, 21.631252378541255], [88.14062955265398, 21.63152187312649], [88.14116854182446, 21.63152187312649], [88.14170753099492, 21.632060862296964], [88.14251601475063, 21.632060862296964], [88.14359399309157, 21.63340833522314], [88.14413298226205, 21.63340833522314], [88.14467197143252, 21.63421681897885], [88.145210960603, 21.63421681897885], [88.14574994977346, 21.635294797319794], [88.14628893894394, 21.635294797319794], [88.1468279281144, 21.636103281075503], [88.14736691728488, 21.636103281075503], [88.14763641187011, 21.636911764831208], [88.14871439021105, 21.637720248586916], [88.14871439021105, 21.63825923775739], [88.15006186313724, 21.639067721513097], [88.15006186313724, 21.639606710683566], [88.1506008523077, 21.639876205268802], [88.15113984147818, 21.641223678194983], [88.15194832523389, 21.641762667365455], [88.15194832523389, 21.64257115112116], [88.15329579816007, 21.64391862404734], [88.15329579816007, 21.644457613217813], [88.1535652927453, 21.644457613217813], [88.15383478733054, 21.645535591558755], [88.154373776501, 21.64580508614399], [88.15545175484195, 21.64850003199635], [88.1565297331829, 21.649308515752058], [88.1565297331829, 21.650386494093002], [88.15518226025672, 21.650386494093002], [88.15518226025672, 21.650925483263475], [88.1565297331829, 21.65119497784871], [88.15706872235337, 21.652811945360124], [88.15760771152384, 21.65308143994536], [88.15760771152384, 21.654159418286305], [88.15706872235337, 21.654159418286305], [88.15706872235337, 21.653620429115833], [88.1565297331829, 21.653620429115833], [88.15679922776813, 21.656854364138663], [88.1565297331829, 21.656854364138663], [88.1565297331829, 21.65766284789437], [88.15626023859767, 21.65766284789437], [88.15626023859767, 21.659279815405785], [88.15545175484195, 21.660088299161494], [88.15518226025672, 21.661166277502435], [88.154373776501, 21.66143577208767]]]}, "properties": {"change": "LOST", "areaHa": 456.5}}, {"type": "Feature", "geometry": {"geodesic": false, "type": "Polygon", "coordinates": [[[88.07514236844167, 21.774892992471965], [88.07568135761214, 21.778396422080032], [88.07595085219738, 21.778396422080032], [88.07648984136785, 21.780821873347158], [88.07702883053832, 21.781360862517626], [88.07702883053832, 21.782169346273335], [88.07810680887927, 21.782977830029044], [88.07810680887927, 21.783516819199516], [88.07864579804973, 21.784055808369985], [88.0791847872202, 21.784055808369985], [88.07972377639068, 21.784594797540457], [88.07945428180544, 21.785403281296166], [88.07999327097592, 21.7856727758814], [88.07999327097592, 21.786211765051874], [88.08026276556114, 21.786211765051874], [88.08026276556114, 21.786750754222346], [88.08080175473162, 21.787289743392815], [88.08080175473162, 21.788098227148524], [88.08161023848733, 21.788906710904232], [88.08187973307257, 21.790793173000882], [88.08295771141351, 21.791871151341827], [88.08376619516922, 21.79429660260895], [88.08457467892492, 21.79483559177942], [88.08484417351016, 21.7961830647056], [88.08511366809539, 21.7961830647056], [88.08592215185111, 21.798339021387488], [88.08646114102157, 21.798608515972724], [88.08646114102157, 21.79941699972843], [88.08996457062965, 21.802920429336496], [88.08996457062965, 21.80399840767744], [88.09131204355582, 21.805615375188854], [88.09212052731152, 21.808849310211684], [88.09454597857865, 21.811274761478806], [88.09454597857865, 21.812083245234515], [88.0956239569196, 21.813430718160696], [88.09589345150484, 21.815317180257345], [88.09616294609006, 21.815317180257345], [88.0964324406753, 21.81639515859829], [88.097240924431, 21.816934147768762], [88.09751041901625, 21.818012126109704], [88.09804940818671, 21.81828162069494], [88.09804940818671, 21.819359599035884], [88.09831890277195, 21.819359599035884], [88.09858839735719, 21.820976566547298], [88.09885789194243, 21.820976566547298], [88.09885789194243, 21.82232403947348], [88.09966637569813, 21.823132523229184], [88.09966637569813, 21.823671512399656], [88.10047485945384, 21.82421050157013], [88.10074435403908, 21.825827469081545], [88.1010138486243, 21.825827469081545], [88.10128334320954, 21.827174942007723], [88.10155283779478, 21.827174942007723], [88.10182233238002, 21.82933089868961], [88.10209182696525, 21.82933089868961], [88.10263081613573, 21.830947866201026], [88.1031698053062, 21.831217360786262], [88.1031698053062, 21.831756349956734], [88.10370879447667, 21.83202584454197], [88.10451727823238, 21.834181801223856], [88.10532576198808, 21.83472079039433], [88.10559525657332, 21.83579876873527], [88.10640374032903, 21.836337757905742], [88.10721222408473, 21.83822422000239], [88.10775121325521, 21.838493714587628], [88.10775121325521, 21.8390327037581], [88.10802070784044, 21.8390327037581], [88.10802070784044, 21.839571692928573], [88.10829020242568, 21.839571692928573], [88.10829020242568, 21.840110682099045], [88.10855969701092, 21.840110682099045], [88.10855969701092, 21.840649671269517], [88.10909868618138, 21.841188660439986], [88.10909868618138, 21.84226663878093], [88.11044615910757, 21.843344617121875], [88.11071565369281, 21.844422595462817], [88.11206312661898, 21.845770068388997], [88.11206312661898, 21.846578552144706], [88.11233262120422, 21.846578552144706], [88.11233262120422, 21.84711754131518], [88.11287161037468, 21.84738703590041], [88.11287161037468, 21.847926025070883], [88.11341059954516, 21.848465014241356], [88.11341059954516, 21.8495429925823], [88.11394958871563, 21.850081981752773], [88.1144885778861, 21.85223793843466], [88.11287161037468, 21.85062097092324], [88.11260211578946, 21.8495429925823], [88.11125464286327, 21.848465014241356], [88.11125464286327, 21.847926025070883], [88.10936818076662, 21.846039562974234], [88.10882919159616, 21.846039562974234], [88.10855969701092, 21.845231079218525], [88.10640374032903, 21.843344617121875], [88.10640374032903, 21.842536133366167], [88.10532576198808, 21.841458155025222], [88.10505626740284, 21.840110682099045], [88.10451727823238, 21.83984118751381], [88.10451727823238, 21.8390327037581], [88.1039782890619, 21.838493714587628], [88.1039782890619, 21.83795472541716], [88.10370879447667, 21.83795472541716], [88.1031698053062, 21.83579876873527], [88.10209182696525, 21.83472079039433], [88.10182233238002, 21.833373317468148], [88.10128334320954, 21.832834328297675], [88.10128334320954, 21.832295339127203], [88.1010138486243, 21.832295339127203], [88.1010138486243, 21.831756349956734], [88.10074435403908, 21.831756349956734], [88.09993587028337, 21.828252920348667], [88.09885789194243, 21.826905447422487], [88.09831890277195, 21.8247494907406], [88.09777991360149, 21.82421050157013], [88.09777991360149, 21.82340201781442], [88.097240924431, 21.82286302864395], [88.097240924431, 21.82232403947348], [88.0964324406753, 21.821785050303006], [88.0956239569196, 21.81962909362112], [88.09535446233436, 21.81962909362112], [88.09535446233436, 21.818820609865412], [88.09481547316389, 21.81828162069494], [88.09481547316389, 21.817742631524467], [88.09454597857865, 21.817742631524467], [88.09454597857865, 21.817203642353995], [88.09427648399341, 21.817203642353995], [88.09427648399341, 21.81639515859829], [88.09292901106724, 21.81504768567211], [88.09212052731152, 21.812891728990223], [88.09131204355582, 21.812083245234515], [88.09104254897058, 21.810735772308337], [88.09023406521487, 21.810196783137865], [88.08996457062965, 21.80911880479692], [88.08942558145917, 21.808849310211684], [88.08942558145917, 21.808040826455976], [88.0888865922887, 21.807501837285507], [88.0888865922887, 21.806962848115035], [88.08861709770346, 21.806962848115035], [88.08861709770346, 21.806154364359326], [88.08834760311822, 21.806154364359326], [88.08834760311822, 21.805345880603618], [88.08780861394776, 21.80480689143315], [88.08780861394776, 21.804267902262676], [88.08753911936252, 21.804267902262676], [88.08753911936252, 21.803728913092204], [88.08726962477728, 21.803728913092204], [88.08726962477728, 21.80318992392173], [88.08700013019205, 21.80318992392173], [88.08700013019205, 21.80265093475126], [88.08673063560681, 21.80265093475126], [88.08673063560681, 21.802111945580787], [88.08646114102157, 21.802111945580787], [88.08646114102157, 21.80157295641032], [88.08619164643633, 21.80157295641032], [88.08619164643633, 21.801033967239846], [88.08592215185111, 21.801033967239846], [88.08592215185111, 21.800225483484137], [88.08565265726587, 21.800225483484137], [88.08565265726587, 21.79941699972843], [88.08538316268063, 21.79941699972843], [88.08538316268063, 21.798608515972724], [88.08511366809539, 21.798608515972724], [88.08511366809539, 21.797800032217015], [88.08457467892492, 21.797261043046543], [88.08457467892492, 21.79672205387607], [88.08349670058398, 21.795913570120362], [88.08322720599874, 21.794566097194185], [88.08268821682827, 21.79429660260895], [88.0821492276578, 21.792679635097535], [88.08161023848733, 21.7924101405123], [88.08107124931686, 21.790793173000882], [88.08026276556114, 21.79025418383041], [88.07972377639068, 21.788637216318996], [88.07864579804973, 21.78755923797805], [88.07864579804973, 21.786750754222346], [88.07783731429403, 21.786211765051874], [88.07756781970879, 21.785403281296166], [88.07702883053832, 21.785403281296166], [88.07648984136785, 21.784864292125693], [88.07595085219738, 21.783516819199516], [88.0754118630269, 21.78324732461428], [88.0754118630269, 21.782708335443807], [88.07487287385644, 21.78243884085857], [88.07487287385644, 21.7818998516881], [88.07325590634501, 21.78055237876192], [88.07298641175979, 21.779474400420977], [88.07271691717455, 21.779474400420977], [88.07217792800408, 21.77677945456862], [88.07190843341884, 21.77677945456862], [88.07190843341884, 21.77597097081291], [88.0716389388336, 21.77597097081291], [88.0716389388336, 21.774354003301497], [88.07136944424836, 21.774354003301497], [88.0716389388336, 21.773276024960552], [88.07136944424836, 21.773276024960552], [88.07136944424836, 21.771389562863902], [88.0708304550779, 21.77085057369343], [88.07056096049266, 21.76815562784107], [88.07002197132219, 21.767886133255836], [88.07002197132219, 21.76680815491489], [88.06975247673695, 21.76680815491489], [88.06975247673695, 21.76438270364777], [88.06948298215171, 21.76438270364777], [88.06948298215171, 21.763035230721588], [88.06921348756649, 21.763035230721588], [88.06921348756649, 21.76168775779541], [88.06894399298125, 21.76168775779541], [88.06894399298125, 21.759531801113525], [88.06840500381077, 21.758992811943052], [88.06813550922554, 21.757375844431635], [88.06759652005506, 21.7571063498464], [88.0670575308846, 21.753602920238336], [88.06651854171412, 21.7533334256531], [88.06624904712889, 21.751446963556447], [88.06571005795841, 21.75117746897121], [88.06544056337317, 21.75009949063027], [88.06517106878795, 21.75009949063027], [88.06517106878795, 21.749021512289325], [88.06597955254365, 21.74875201770409], [88.06597955254365, 21.748213028533616], [88.06544056337317, 21.748213028533616], [88.06490157420271, 21.747674039363144], [88.06490157420271, 21.747135050192675], [88.06463207961747, 21.747135050192675], [88.06463207961747, 21.745787577266494], [88.06490157420271, 21.745787577266494], [88.06517106878795, 21.744979093510786], [88.06463207961747, 21.74470959892555], [88.064093090447, 21.742553642243664], [88.06382359586176, 21.742553642243664], [88.06355410127652, 21.73958920180607], [88.06382359586176, 21.73958920180607], [88.06382359586176, 21.737433245124183], [88.06247612293558, 21.736085772198003], [88.06247612293558, 21.735277288442298], [88.06193713376511, 21.734738299271825], [88.06193713376511, 21.734199310101353], [88.06166763917987, 21.734199310101353], [88.06193713376511, 21.733121331760408], [88.06274561752082, 21.733121331760408], [88.06247612293558, 21.733390826345644], [88.06274561752082, 21.73500779385706], [88.06382359586176, 21.735816277612766], [88.06382359586176, 21.73635526678324], [88.064093090447, 21.73635526678324], [88.064093090447, 21.73689425595371], [88.06463207961747, 21.737433245124183], [88.06463207961747, 21.739319707220833], [88.06490157420271, 21.739319707220833], [88.06490157420271, 21.74012819097654], [88.06544056337317, 21.740667180147014], [88.06544056337317, 21.741745158487955], [88.06651854171412, 21.7428231368289], [88.06651854171412, 21.743901115169844], [88.06732702546982, 21.74470959892555], [88.06759652005506, 21.74686555560744], [88.0678660146403, 21.74686555560744], [88.0678660146403, 21.747674039363144], [88.06813550922554, 21.747674039363144], [88.06813550922554, 21.749560501459797], [88.068674498396, 21.75009949063027], [88.068674498396, 21.75117746897121], [88.06894399298125, 21.75117746897121], [88.06921348756649, 21.752255447312155], [88.06975247673695, 21.75252494189739], [88.07002197132219, 21.754680898579277], [88.07029146590742, 21.754680898579277], [88.0708304550779, 21.75764533901687], [88.07109994966314, 21.75764533901687], [88.07109994966314, 21.758723317357816], [88.07136944424836, 21.758723317357816], [88.07136944424836, 21.759531801113525], [88.0716389388336, 21.759531801113525], [88.0716389388336, 21.760879274039702], [88.07190843341884, 21.760879274039702], [88.07190843341884, 21.761418263210174], [88.0724474225893, 21.761957252380647], [88.0724474225893, 21.762765736136352], [88.07271691717455, 21.762765736136352], [88.07271691717455, 21.76357421989206], [88.07298641175979, 21.76357421989206], [88.07352540093025, 21.768425122426308], [88.07379489551549, 21.768425122426308], [88.07379489551549, 21.769772595352485], [88.07406439010073, 21.769772595352485], [88.07406439010073, 21.771120068278666], [88.07433388468596, 21.771120068278666], [88.07433388468596, 21.773276024960552], [88.0746033792712, 21.773276024960552], [88.0746033792712, 21.77408450871626], [88.07487287385644, 21.77408450871626], [88.07487287385644, 21.774892992471965], [88.07514236844167, 21.774892992471965]]]}, "properties": {"change": "LOST", "areaHa": 338.2}}, {"type": "Feature", "geometry": {"geodesic": false, "type": "Polygon", "coordinates": [[[88.02825031061063, 22.040884148099757], [88.0287892997811, 22.03684172932122], [88.02932828895158, 22.03684172932122], [88.02959778353681, 22.03630274015075], [88.02932828895158, 22.03630274015075], [88.02905879436634, 22.03549425639504], [88.02825031061063, 22.03549425639504], [88.02825031061063, 22.034955267224568], [88.0287892997811, 22.03468577263933], [88.02851980519587, 22.03360779429839], [88.02744182685493, 22.033877288883627], [88.02636384851398, 22.035224761809804], [88.0258248593435, 22.035224761809804], [88.02609435392874, 22.03414678346886], [88.02690283768445, 22.033877288883627], [88.02717233226969, 22.033068805127918], [88.02771132144015, 22.032529815957446], [88.02825031061063, 22.032529815957446], [88.02959778353681, 22.030912848446032], [88.03013677270728, 22.030912848446032], [88.03040626729252, 22.030104364690324], [88.03094525646299, 22.030104364690324], [88.03094525646299, 22.030912848446032], [88.03121475104822, 22.030912848446032], [88.03148424563346, 22.030104364690324], [88.03229272938917, 22.030104364690324], [88.03310121314487, 22.029295880934615], [88.03310121314487, 22.028756891764143], [88.03390969690058, 22.02821790259367], [88.03390969690058, 22.027409418837966], [88.03337070773011, 22.027409418837966], [88.03337070773011, 22.026870429667493], [88.03579615899723, 22.02444497840037], [88.03687413733817, 22.024714472985607], [88.03741312650865, 22.024175483815135], [88.03876059943482, 22.024175483815135], [88.04037756694625, 22.022289021718482], [88.04253352362814, 22.022019527133246], [88.04334200738384, 22.020941548792305], [88.04441998572479, 22.02121104337754], [88.04441998572479, 22.020941548792305], [88.04522846948049, 22.020941548792305], [88.04630644782144, 22.01986357045136], [88.04711493157714, 22.01986357045136], [88.04738442616238, 22.019324581280888], [88.04792341533285, 22.019324581280888], [88.04819290991809, 22.018516097525183], [88.04711493157714, 22.018246602939946], [88.04657594240666, 22.01905508669565], [88.04441998572479, 22.019324581280888], [88.04441998572479, 22.019594075866124], [88.04280301821336, 22.01986357045136], [88.0422640290429, 22.020402559621832], [88.04145554528719, 22.020402559621832], [88.04118605070195, 22.020941548792305], [88.0392995886053, 22.02121104337754], [88.03876059943482, 22.022019527133246], [88.03822161026436, 22.022019527133246], [88.03741312650865, 22.022828010888954], [88.03579615899723, 22.023367000059427], [88.03525716982676, 22.024175483815135], [88.03444868607106, 22.024175483815135], [88.03283171855963, 22.02579245132655], [88.03175374021869, 22.026061945911785], [88.0287892997811, 22.02902638634938], [88.0287892997811, 22.02956537551985], [88.02825031061063, 22.030104364690324], [88.02771132144015, 22.030104364690324], [88.02663334309922, 22.031182343031265], [88.02663334309922, 22.031721332201737], [88.0258248593435, 22.03226032137221], [88.0258248593435, 22.032799310542682], [88.02474688100256, 22.03360779429839], [88.0250163755878, 22.032529815957446], [88.02609435392874, 22.0314518376165], [88.02609435392874, 22.030912848446032], [88.02690283768445, 22.03037385927556], [88.02690283768445, 22.029834870105088], [88.02959778353681, 22.027678913423202], [88.02959778353681, 22.02713992425273], [88.03175374021869, 22.024983967570844], [88.03256222397441, 22.024983967570844], [88.03364020231535, 22.023636494644663], [88.03417919148582, 22.023636494644663], [88.03525716982676, 22.022558516303718], [88.03579615899723, 22.022558516303718], [88.03606565358247, 22.022019527133246], [88.03741312650865, 22.021750032548013], [88.03795211567912, 22.020941548792305], [88.03956908319054, 22.020402559621832], [88.03956908319054, 22.020133065036596], [88.04172503987242, 22.019594075866124], [88.0422640290429, 22.01905508669565], [88.0430725127986, 22.01905508669565], [88.04361150196907, 22.018516097525183], [88.04468948031001, 22.018516097525183], [88.04522846948049, 22.01797710835471], [88.04576745865096, 22.01797710835471], [88.04576745865096, 22.017707613769474], [88.04630644782144, 22.017707613769474], [88.04630644782144, 22.017438119184238], [88.04738442616238, 22.017438119184238], [88.0476539207476, 22.016899130013766], [88.04927088825903, 22.01662963542853], [88.05250482328185, 22.0133957004057], [88.05277431786709, 22.011778732894285], [88.05304381245233, 22.011778732894285], [88.05304381245233, 22.009083787041927], [88.05277431786709, 22.009083787041927], [88.05277431786709, 22.008005808700982], [88.05169633952615, 22.007197324945274], [88.05169633952615, 22.00638884118957], [88.05115735035568, 22.005849852019097], [88.05115735035568, 22.005310862848624], [88.05007937201474, 22.004502379092916], [88.05007937201474, 22.003963389922443], [88.04954038284426, 22.00369389533721], [88.04927088825903, 22.002885411581502], [88.04873189908855, 22.002885411581502], [88.04819290991809, 22.00234642241103], [88.04792341533285, 22.001268444070085], [88.04711493157714, 22.000729454899616], [88.04657594240666, 21.999381981973436], [88.04468948031001, 21.997495519876786], [88.04361150196907, 21.99453107943919], [88.04199453445766, 21.992914111927774], [88.04199453445766, 21.992375122757302], [88.04145554528719, 21.992105628172066], [88.03983857777577, 21.988332703978767], [88.03876059943482, 21.987254725637822], [88.03633514816771, 21.98159533934787], [88.035526664412, 21.98078685559216], [88.03498767524152, 21.97836140432504], [88.03417919148582, 21.97755292056933], [88.03417919148582, 21.97647494222839], [88.03364020231535, 21.975935953057917], [88.03364020231535, 21.97512746930221], [88.03310121314487, 21.974588480131736], [88.03310121314487, 21.974049490961264], [88.03256222397441, 21.973779996376027], [88.03256222397441, 21.972971512620322], [88.03202323480393, 21.97243252344985], [88.03202323480393, 21.971893534279378], [88.03175374021869, 21.971893534279378], [88.03094525646299, 21.968929093841783], [88.03040626729252, 21.96839010467131], [88.03040626729252, 21.96785111550084], [88.03013677270728, 21.96785111550084], [88.03013677270728, 21.96731212633037], [88.02959778353681, 21.967042631745134], [88.02932828895158, 21.96596465340419], [88.02905879436634, 21.96596465340419], [88.02905879436634, 21.96515616964848], [88.02851980519587, 21.96461718047801], [88.02851980519587, 21.96407819130754], [88.02825031061063, 21.96407819130754], [88.02825031061063, 21.963539202137067], [88.02771132144015, 21.96326970755183], [88.02744182685493, 21.96138324545518], [88.02690283768445, 21.961113750869945], [88.02636384851398, 21.959496783358528], [88.02609435392874, 21.959496783358528], [88.0258248593435, 21.95814931043235], [88.02528587017304, 21.957879815847114], [88.02528587017304, 21.95680183750617], [88.02474688100256, 21.956532342920934], [88.02447738641733, 21.955184869994756], [88.02339940807639, 21.95410689165381], [88.02339940807639, 21.953298407898103], [88.0228604189059, 21.95275941872763], [88.0228604189059, 21.951950934971926], [88.02232142973544, 21.951411945801453], [88.02232142973544, 21.950603462045745], [88.02178244056496, 21.950064472875273], [88.02178244056496, 21.949525483704804], [88.02151294597974, 21.949525483704804], [88.02151294597974, 21.948716999949095], [88.02097395680926, 21.948178010778623], [88.02097395680926, 21.94763902160815], [88.02070446222403, 21.94763902160815], [88.02070446222403, 21.947100032437678], [88.02016547305355, 21.946830537852442], [88.02016547305355, 21.9457525595115], [88.01989597846831, 21.9457525595115], [88.01962648388309, 21.94440508658532], [88.01935698929785, 21.94440508658532], [88.01935698929785, 21.943596602829615], [88.01881800012737, 21.943057613659143], [88.01881800012737, 21.94251862448867], [88.01800951637166, 21.941979635318198], [88.0182790109569, 21.940901656977253], [88.01774002178644, 21.940362667806784], [88.01774002178644, 21.939823678636312], [88.01720103261596, 21.939554184051076], [88.01720103261596, 21.938745700295367], [88.01666204344549, 21.938206711124895], [88.01639254886025, 21.936859238198718], [88.01693153803072, 21.937128732783954], [88.01693153803072, 21.93793721653966], [88.01720103261596, 21.93793721653966], [88.01720103261596, 21.93847620571013], [88.01774002178644, 21.938745700295367], [88.01774002178644, 21.93928468946584], [88.0182790109569, 21.939823678636312], [88.01854850554214, 21.94171014073296], [88.01908749471261, 21.941979635318198], [88.01908749471261, 21.942788119073906], [88.01962648388309, 21.943057613659143], [88.01989597846831, 21.944674581170556], [88.02043496763879, 21.94521357034103], [88.02043496763879, 21.946291548681973], [88.02151294597974, 21.947369527022914], [88.02151294597974, 21.94844750536386], [88.0220519351502, 21.948716999949095], [88.0220519351502, 21.949255989119568], [88.02259092432068, 21.949794978290036], [88.0228604189059, 21.951411945801453], [88.02366890266163, 21.951950934971926], [88.02366890266163, 21.952489924142398], [88.02393839724685, 21.952489924142398], [88.02393839724685, 21.953028913312867], [88.02420789183209, 21.953028913312867], [88.02420789183209, 21.95356790248334], [88.02447738641733, 21.95356790248334], [88.02447738641733, 21.95410689165381], [88.02474688100256, 21.95410689165381], [88.02474688100256, 21.954645880824284], [88.0250163755878, 21.954645880824284], [88.0250163755878, 21.955184869994756], [88.02555536475828, 21.955723859165225], [88.02555536475828, 21.95680183750617], [88.02609435392874, 21.957071332091406], [88.02690283768445, 21.959496783358528], [88.02771132144015, 21.960035772529], [88.02851980519587, 21.963000212966595], [88.02905879436634, 21.96326970755183], [88.02905879436634, 21.96407819130754], [88.02959778353681, 21.964347685892776], [88.02959778353681, 21.96515616964848], [88.03040626729252, 21.96596465340419], [88.03040626729252, 21.96650364257466], [88.03067576187775, 21.96650364257466], [88.03067576187775, 21.967042631745134], [88.03094525646299, 21.967042631745134], [88.03094525646299, 21.967581620915606], [88.03121475104822, 21.967581620915606], [88.03121475104822, 21.968120610086075], [88.03175374021869, 21.968659599256547], [88.03175374021869, 21.969468083012256], [88.03202323480393, 21.969468083012256], [88.03202323480393, 21.970007072182728], [88.03256222397441, 21.9705460613532], [88.03229272938917, 21.97108505052367], [88.03283171855963, 21.97162403969414], [88.03283171855963, 21.97243252344985], [88.03390969690058, 21.973510501790795], [88.03390969690058, 21.974588480131736], [88.03417919148582, 21.974588480131736], [88.03417919148582, 21.97512746930221], [88.03471818065628, 21.97566645847268], [88.03525716982676, 21.977822415154566], [88.035526664412, 21.977822415154566], [88.03606565358247, 21.979439382665984], [88.03687413733817, 21.979978371836452], [88.03687413733817, 21.98078685559216], [88.03741312650865, 21.981325844762633], [88.03741312650865, 21.982403823103578], [88.03768262109388, 21.982403823103578], [88.0384911048496, 21.984559779785464], [88.03903009402006, 21.9848292743707], [88.03903009402006, 21.98563775812641], [88.04010807236101, 21.986446241882113], [88.04010807236101, 21.986985231052586], [88.04037756694625, 21.986985231052586], [88.04064706153147, 21.98806320939353], [88.04118605070195, 21.988332703978767], [88.0422640290429, 21.991027649831125], [88.04334200738384, 21.991836133586833], [88.04334200738384, 21.99264461734254], [88.04388099655431, 21.992914111927774], [88.04468948031001, 21.99507006860966], [88.04522846948049, 21.995339563194896], [88.04549796406573, 21.99641754153584], [88.0460369532362, 21.996687036121077], [88.0460369532362, 21.99722602529155], [88.04711493157714, 21.99830400363249], [88.04711493157714, 21.998842992802963], [88.04792341533285, 21.99965147655867], [88.04792341533285, 22.000190465729144], [88.04846240450333, 22.00045996031438], [88.04846240450333, 22.00099894948485], [88.04900139367379, 22.00153793865532], [88.04954038284426, 22.00153793865532], [88.05088785577044, 22.00315490616674], [88.05142684494092, 22.00315490616674], [88.05169633952615, 22.003963389922443], [88.05223532869663, 22.00423288450768], [88.05223532869663, 22.004771873678152], [88.0535828016228, 22.006119346604333], [88.05385229620803, 22.009353281627163], [88.05439128537851, 22.009892270797636], [88.05439128537851, 22.01204822747952], [88.05466077996374, 22.01204822747952], [88.05493027454898, 22.01393468957617], [88.05412179079327, 22.013126205820463], [88.0535828016228, 22.013126205820463], [88.05223532869663, 22.014473678746644], [88.05196583411139, 22.015282162502352], [88.05142684494092, 22.015282162502352], [88.05115735035568, 22.015821151672824], [88.05034886659998, 22.016090646258057], [88.0498098774295, 22.017438119184238], [88.05034886659998, 22.017438119184238], [88.05034886659998, 22.016899130013766], [88.05088785577044, 22.016360140843293], [88.05250482328185, 22.01662963542853], [88.05277431786709, 22.016090646258057], [88.05439128537851, 22.016090646258057], [88.05439128537851, 22.015551657087588], [88.05519976913422, 22.015551657087588], [88.05573875830468, 22.016090646258057], [88.05546926371944, 22.017438119184238], [88.05385229620803, 22.017168624599], [88.05385229620803, 22.017438119184238], [88.05250482328185, 22.017438119184238], [88.05250482328185, 22.018246602939946], [88.05169633952615, 22.01878559211042], [88.05196583411139, 22.01905508669565], [88.05169633952615, 22.019594075866124], [88.05007937201474, 22.019324581280888], [88.05034886659998, 22.018516097525183], [88.04954038284426, 22.018516097525183], [88.04927088825903, 22.019324581280888], [88.05007937201474, 22.019324581280888], [88.05007937201474, 22.019594075866124], [88.04954038284426, 22.019594075866124], [88.0498098774295, 22.01986357045136], [88.04954038284426, 22.020941548792305], [88.04873189908855, 22.02121104337754], [88.04738442616238, 22.02309750547419], [88.04711493157714, 22.022828010888954], [88.0460369532362, 22.022828010888954], [88.04522846948049, 22.024175483815135], [88.04280301821336, 22.02444497840037], [88.0422640290429, 22.024983967570844], [88.0422640290429, 22.025522956741312], [88.04172503987242, 22.02579245132655], [88.04172503987242, 22.026600935082257], [88.04118605070195, 22.026870429667493], [88.04118605070195, 22.027948408008438], [88.04010807236101, 22.028756891764143], [88.03983857777577, 22.030104364690324], [88.04199453445766, 22.029834870105088], [88.04199453445766, 22.029295880934615], [88.04334200738384, 22.02956537551985], [88.04334200738384, 22.029834870105088], [88.0422640290429, 22.030104364690324], [88.04037756694625, 22.03226032137221], [88.03983857777577, 22.03226032137221], [88.03903009402006, 22.033338299713154], [88.0384911048496, 22.033338299713154], [88.03633514816771, 22.035763750980276], [88.03579615899723, 22.035763750980276], [88.03525716982676, 22.036572234735985], [88.03471818065628, 22.036572234735985], [88.03229272938917, 22.039267180588343], [88.03175374021869, 22.03872819141787], [88.03283171855963, 22.037650213076926], [88.03283171855963, 22.03684172932122], [88.03202323480393, 22.036572234735985], [88.03121475104822, 22.03738071849169], [88.03094525646299, 22.036572234735985], [88.03067576187775, 22.036572234735985], [88.03040626729252, 22.037650213076926], [88.03013677270728, 22.037650213076926], [88.03013677270728, 22.0381892022474], [88.03067576187775, 22.0381892022474], [88.03067576187775, 22.038458696832635], [88.02825031061063, 22.040884148099757]], [[88.04900139367379, 22.01797710835471], [88.04846240450333, 22.01797710835471], [88.04846240450333, 22.017438119184238], [88.04900139367379, 22.017438119184238], [88.04900139367379, 22.01797710835471]], [[88.05142684494092, 22.01905508669565], [88.0506183611852, 22.01878559211042], [88.0506183611852, 22.018246602939946], [88.05142684494092, 22.018246602939946], [88.05142684494092, 22.01905508669565]], [[88.03175374021869, 22.034416278054096], [88.03121475104822, 22.034416278054096], [88.03121475104822, 22.033877288883627], [88.03175374021869, 22.033877288883627], [88.03175374021869, 22.034416278054096]]]}, "properties": {"change": "LOST", "areaHa": 307.0}}, {"type": "Feature", "geometry": {"geodesic": false, "type": "Polygon", "coordinates": [[[88.1317362313412, 21.929313389812112], [88.13119724217073, 21.92877440064164], [88.13065825300025, 21.92877440064164], [88.13065825300025, 21.928504906056407], [88.12931078007408, 21.928504906056407], [88.1287717909036, 21.927965916885935], [88.12661583422172, 21.927965916885935], [88.12607684505124, 21.927157433130226], [88.12445987753983, 21.92688793854499], [88.12392088836935, 21.92607945478928], [88.12257341544318, 21.925809960204045], [88.11906998583511, 21.922306530595982], [88.11853099666465, 21.922306530595982], [88.11691402915322, 21.92042006849933], [88.11637503998276, 21.92042006849933], [88.11583605081228, 21.919881079328857], [88.11556655622705, 21.91853360640268], [88.11529706164181, 21.91853360640268], [88.11556655622705, 21.916108155135557], [88.11610554539752, 21.91583866055032], [88.11610554539752, 21.914221693038904], [88.11637503998276, 21.914221693038904], [88.11637503998276, 21.9134132092832], [88.11691402915322, 21.913143714697963], [88.11718352373846, 21.911526747186546], [88.1182615020794, 21.9104487688456], [88.11880049124987, 21.9104487688456], [88.11906998583511, 21.909909779675132], [88.11960897500559, 21.909909779675132], [88.121225942517, 21.908292812163715], [88.121225942517, 21.907753822993243], [88.12284291002841, 21.906406350067066], [88.12311240461365, 21.90532837172612], [88.12338189919889, 21.90532837172612], [88.12338189919889, 21.904519887970412], [88.12392088836935, 21.903980898799944], [88.12392088836935, 21.902363931288527], [88.12445987753983, 21.901824942118054], [88.12445987753983, 21.901285952947585], [88.12472937212506, 21.901285952947585], [88.12472937212506, 21.900746963777113], [88.1249988667103, 21.900746963777113], [88.1249988667103, 21.90020797460664], [88.125807350466, 21.899938480021405], [88.12607684505124, 21.899399490850932], [88.12661583422172, 21.899399490850932], [88.12715482339219, 21.89886050168046], [88.12715482339219, 21.89832151250999], [88.12823280173313, 21.897243534169046], [88.12904128548884, 21.897243534169046], [88.12931078007408, 21.89778252333952], [88.13200572592643, 21.89886050168046], [88.13281420968214, 21.90020797460664], [88.13443117719356, 21.900746963777113], [88.13443117719356, 21.901285952947585], [88.1384735959721, 21.905058877140885], [88.1384735959721, 21.905597866311357], [88.13901258514257, 21.905867360896593], [88.13901258514257, 21.906945339237538], [88.13955157431303, 21.907214833822774], [88.13955157431303, 21.907753822993243], [88.14009056348351, 21.908292812163715], [88.14062955265398, 21.908292812163715], [88.14062955265398, 21.909101295919424], [88.14089904723922, 21.909101295919424], [88.14170753099492, 21.91125725260131], [88.1422465201654, 21.911526747186546], [88.14251601475063, 21.91260472552749], [88.145210960603, 21.91529967137985], [88.14494146601776, 21.916647144306026], [88.14440247684729, 21.9171861334765], [88.14386348767681, 21.9171861334765], [88.14386348767681, 21.91772512264697], [88.14278550933587, 21.917994617232207], [88.14062955265398, 21.920150573914093], [88.13982106889827, 21.920150573914093], [88.13955157431303, 21.920689563084565], [88.13820410138686, 21.921228552255037], [88.13793460680162, 21.922576025181215], [88.13631763929021, 21.923923498107396], [88.13604814470497, 21.92554046561881], [88.13523966094927, 21.92607945478928], [88.13523966094927, 21.927157433130226], [88.13416168260832, 21.927965916885935], [88.13416168260832, 21.92877440064164], [88.13362269343784, 21.929313389812112], [88.1317362313412, 21.929313389812112]], [[88.1279633071479, 21.924462487277868], [88.125807350466, 21.924462487277868], [88.1241903829546, 21.92284551976645], [88.12338189919889, 21.92284551976645], [88.121225942517, 21.92042006849933], [88.12014796417606, 21.920150573914093], [88.11987846959082, 21.91961158474362], [88.11933948042035, 21.91961158474362], [88.11853099666465, 21.918803100987915], [88.1182615020794, 21.91772512264697], [88.11799200749417, 21.91772512264697], [88.11772251290894, 21.915030176794613], [88.1182615020794, 21.91449118762414], [88.1182615020794, 21.913952198453668], [88.11853099666465, 21.913952198453668], [88.11853099666465, 21.9134132092832], [88.11987846959082, 21.912065736357018], [88.11987846959082, 21.911526747186546], [88.1220344262727, 21.909640285089896], [88.1220344262727, 21.909101295919424], [88.12365139378413, 21.907753822993243], [88.12365139378413, 21.907214833822774], [88.125807350466, 21.906406350067066], [88.12661583422172, 21.905597866311357], [88.12742431797743, 21.903172415044235], [88.12850229631837, 21.902902920459], [88.12850229631837, 21.902633425873763], [88.12931078007408, 21.902633425873763], [88.12931078007408, 21.902363931288527], [88.13011926382978, 21.902363931288527], [88.13065825300025, 21.903172415044235], [88.13119724217073, 21.903172415044235], [88.1317362313412, 21.903711404214707], [88.13254471509691, 21.903711404214707], [88.13308370426738, 21.90425039338518], [88.13416168260832, 21.90425039338518], [88.13443117719356, 21.905058877140885], [88.13523966094927, 21.905597866311357], [88.1355091555345, 21.906675844652302], [88.13604814470497, 21.906945339237538], [88.13604814470497, 21.907484328408007], [88.13712612304592, 21.90856230674895], [88.13712612304592, 21.909101295919424], [88.13739561763116, 21.909101295919424], [88.13739561763116, 21.909640285089896], [88.13766511221638, 21.909640285089896], [88.13766511221638, 21.91017927426037], [88.13793460680162, 21.91017927426037], [88.13793460680162, 21.910718263430837], [88.13820410138686, 21.910718263430837], [88.13820410138686, 21.91125725260131], [88.1384735959721, 21.91125725260131], [88.1384735959721, 21.911796241771782], [88.13901258514257, 21.912335230942254], [88.13955157431303, 21.915030176794613], [88.13901258514257, 21.91529967137985], [88.13901258514257, 21.91583866055032], [88.13820410138686, 21.916647144306026], [88.13766511221638, 21.916647144306026], [88.13739561763116, 21.9171861334765], [88.13631763929021, 21.917455628061735], [88.13577865011973, 21.918264111817443], [88.13523966094927, 21.918264111817443], [88.13416168260832, 21.919342090158388], [88.13362269343784, 21.919342090158388], [88.1317362313412, 21.92176754142551], [88.13119724217073, 21.92176754142551], [88.12984976924454, 21.923384508936923], [88.12931078007408, 21.923384508936923], [88.12904128548884, 21.923923498107396], [88.12850229631837, 21.923923498107396], [88.1279633071479, 21.924462487277868]]]}, "properties": {"change": "LOST", "areaHa": 301.5}}, {"type": "Feature", "geometry": {"geodesic": false, "type": "Polygon", "coordinates": [[[88.09454597857865, 22.016090646258057], [88.09427648399341, 22.015012667917116], [88.09212052731152, 22.01474317333188], [88.09212052731152, 22.014204184161407], [88.09104254897058, 22.014473678746644], [88.09077305438535, 22.01393468957617], [88.0896950760444, 22.01393468957617], [88.08996457062965, 22.0133957004057], [88.08942558145917, 22.0133957004057], [88.08942558145917, 22.013126205820463], [88.08834760311822, 22.0133957004057], [88.08834760311822, 22.012587216649994], [88.08915608687393, 22.011778732894285], [88.08807810853298, 22.011778732894285], [88.08780861394776, 22.010970249138577], [88.08726962477728, 22.010970249138577], [88.08592215185111, 22.0096227762124], [88.08592215185111, 22.009083787041927], [88.08565265726587, 22.009083787041927], [88.08565265726587, 22.0096227762124], [88.08430518433968, 22.0096227762124], [88.08457467892492, 22.00881429245669], [88.08511366809539, 22.008544797871455], [88.08511366809539, 22.00746681953051], [88.08430518433968, 22.007197324945274], [88.08403568975446, 22.006658335774805], [88.08376619516922, 22.006658335774805], [88.08376619516922, 22.007736314115746], [88.08322720599874, 22.00746681953051], [88.08295771141351, 22.007736314115746], [88.08295771141351, 22.009083787041927], [88.08322720599874, 22.009083787041927], [88.08295771141351, 22.009892270797636], [88.08349670058398, 22.009353281627163], [88.08349670058398, 22.009892270797636], [88.08403568975446, 22.0096227762124], [88.08430518433968, 22.009892270797636], [88.08349670058398, 22.01070075455334], [88.08349670058398, 22.011239743723813], [88.0821492276578, 22.009892270797636], [88.08107124931686, 22.0096227762124], [88.07945428180544, 22.008005808700982], [88.07945428180544, 22.00746681953051], [88.07864579804973, 22.006658335774805], [88.07810680887927, 22.006658335774805], [88.0762203467826, 22.004771873678152], [88.0762203467826, 22.00423288450768], [88.07406439010073, 22.00234642241103], [88.07379489551549, 22.001268444070085], [88.07298641175979, 22.000729454899616], [88.07298641175979, 21.999920971143908], [88.07109994966314, 21.998034509047255], [88.0708304550779, 21.996687036121077], [88.0716389388336, 21.996687036121077], [88.0716389388336, 21.996956530706314], [88.07217792800408, 21.996956530706314], [88.07217792800408, 21.99641754153584], [88.07325590634501, 21.996687036121077], [88.07352540093025, 21.997495519876786], [88.07406439010073, 21.997495519876786], [88.0746033792712, 21.998034509047255], [88.07487287385644, 21.9991124873882], [88.0754118630269, 21.998842992802963], [88.0754118630269, 21.999381981973436], [88.07595085219738, 21.999920971143908], [88.07595085219738, 22.00153793865532], [88.07675933595308, 22.00153793865532], [88.07648984136785, 22.001807433240558], [88.07675933595308, 22.00315490616674], [88.07864579804973, 22.005041368263388], [88.0791847872202, 22.005041368263388], [88.07972377639068, 22.004502379092916], [88.07999327097592, 22.00315490616674], [88.08080175473162, 22.002615916996266], [88.08053226014638, 22.001807433240558], [88.08107124931686, 22.001807433240558], [88.08134074390209, 22.001268444070085], [88.08080175473162, 22.001268444070085], [88.08080175473162, 22.00099894948485], [88.07972377639068, 22.001268444070085], [88.07891529263497, 22.00045996031438], [88.07891529263497, 21.99965147655867], [88.07945428180544, 21.99965147655867], [88.08026276556114, 21.998842992802963], [88.08026276556114, 21.99830400363249], [88.07945428180544, 21.99830400363249], [88.07945428180544, 21.998842992802963], [88.07864579804973, 21.999381981973436], [88.07810680887927, 21.998034509047255], [88.07729832512355, 21.997495519876786], [88.07729832512355, 21.99641754153584], [88.07648984136785, 21.995609057780133], [88.07648984136785, 21.99507006860966], [88.0754118630269, 21.994800574024428], [88.07514236844167, 21.99318360651301], [88.07406439010073, 21.991836133586833], [88.07568135761214, 21.991566639001597], [88.07595085219738, 21.99075815524589], [88.07433388468596, 21.991027649831125], [88.07406439010073, 21.990488660660652], [88.07352540093025, 21.99075815524589], [88.07352540093025, 21.98994967149018], [88.0724474225893, 21.990219166075416], [88.0716389388336, 21.988332703978767], [88.0708304550779, 21.988332703978767], [88.0708304550779, 21.987524220223058], [88.06975247673695, 21.987254725637822], [88.06975247673695, 21.986985231052586], [88.07056096049266, 21.98671573646735], [88.0708304550779, 21.985098768955936], [88.07029146590742, 21.985098768955936], [88.06975247673695, 21.98563775812641], [88.06894399298125, 21.98563775812641], [88.06921348756649, 21.985368263541172], [88.06894399298125, 21.98402079061499], [88.06921348756649, 21.98402079061499], [88.06921348756649, 21.983212306859283], [88.0678660146403, 21.982673317688814], [88.0678660146403, 21.982403823103578], [88.06813550922554, 21.982403823103578], [88.06840500381077, 21.98159533934787], [88.06894399298125, 21.981864833933106], [88.06894399298125, 21.982403823103578], [88.06975247673695, 21.98213432851834], [88.06975247673695, 21.98159533934787], [88.07029146590742, 21.98159533934787], [88.07029146590742, 21.981056350177397], [88.07056096049266, 21.981056350177397], [88.07056096049266, 21.98024786642169], [88.06975247673695, 21.979978371836452], [88.06975247673695, 21.979439382665984], [88.06840500381077, 21.979439382665984], [88.06840500381077, 21.98078685559216], [88.0678660146403, 21.981056350177397], [88.0678660146403, 21.98159533934787], [88.0670575308846, 21.981056350177397], [88.0670575308846, 21.98078685559216], [88.0678660146403, 21.98078685559216], [88.06732702546982, 21.979439382665984], [88.0678660146403, 21.979439382665984], [88.06840500381077, 21.978630898910275], [88.06894399298125, 21.978630898910275], [88.06894399298125, 21.978091909739803], [88.06948298215171, 21.978091909739803], [88.06948298215171, 21.978630898910275], [88.07002197132219, 21.979169888080747], [88.07056096049266, 21.979169888080747], [88.07056096049266, 21.97836140432504], [88.07136944424836, 21.978630898910275], [88.07136944424836, 21.979169888080747], [88.07190843341884, 21.979439382665984], [88.07217792800408, 21.98078685559216], [88.07271691717455, 21.981056350177397], [88.07271691717455, 21.98159533934787], [88.07379489551549, 21.982403823103578], [88.07406439010073, 21.98348180144452], [88.0746033792712, 21.983751296029755], [88.07487287385644, 21.985098768955936], [88.0754118630269, 21.985368263541172], [88.07595085219738, 21.986985231052586], [88.07702883053832, 21.987793714808294], [88.07702883053832, 21.988332703978767], [88.07756781970879, 21.988871693149235], [88.07756781970879, 21.989680176904944], [88.07810680887927, 21.98994967149018], [88.0783763034645, 21.991027649831125], [88.07945428180544, 21.99129714441636], [88.07999327097592, 21.991836133586833], [88.07999327097592, 21.992375122757302], [88.07945428180544, 21.992375122757302], [88.07972377639068, 21.994261584853955], [88.08053226014638, 21.99399209026872], [88.08026276556114, 21.992914111927774], [88.08053226014638, 21.992914111927774], [88.08134074390209, 21.993722595683483], [88.08134074390209, 21.994261584853955], [88.08187973307257, 21.99453107943919], [88.0821492276578, 21.995609057780133], [88.08268821682827, 21.99587855236537], [88.08268821682827, 21.996687036121077], [88.08349670058398, 21.996956530706314], [88.08430518433968, 21.997765014462022], [88.08430518433968, 21.99830400363249], [88.08511366809539, 21.9991124873882], [88.08511366809539, 21.99965147655867], [88.08565265726587, 21.999920971143908], [88.08592215185111, 22.00099894948485], [88.08673063560681, 22.001268444070085], [88.08673063560681, 22.00153793865532], [88.08592215185111, 22.00153793865532], [88.08511366809539, 22.00045996031438], [88.08457467892492, 22.00045996031438], [88.08403568975446, 21.99965147655867], [88.08349670058398, 21.99965147655867], [88.08349670058398, 22.000190465729144], [88.08484417351016, 22.00153793865532], [88.08646114102157, 22.002076927825794], [88.08646114102157, 22.002615916996266], [88.08700013019205, 22.002615916996266], [88.08700013019205, 22.002076927825794], [88.08726962477728, 22.002076927825794], [88.08726962477728, 22.002615916996266], [88.08753911936252, 22.002615916996266], [88.08726962477728, 22.00369389533721], [88.08807810853298, 22.004502379092916], [88.08673063560681, 22.00423288450768], [88.08646114102157, 22.002885411581502], [88.08565265726587, 22.002885411581502], [88.08592215185111, 22.00315490616674], [88.08592215185111, 22.004502379092916], [88.08780861394776, 22.005041368263388], [88.08807810853298, 22.00558035743386], [88.08861709770346, 22.00558035743386], [88.08861709770346, 22.006119346604333], [88.08942558145917, 22.006927830360038], [88.08996457062965, 22.006927830360038], [88.08996457062965, 22.008005808700982], [88.09050355980011, 22.00827530328622], [88.09050355980011, 22.00881429245669], [88.09104254897058, 22.00881429245669], [88.09077305438535, 22.009892270797636], [88.0918510327263, 22.009892270797636], [88.09239002189676, 22.010431259968104], [88.09239002189676, 22.011239743723813], [88.09373749482295, 22.01204822747952], [88.09373749482295, 22.012587216649994], [88.09319850565247, 22.012587216649994], [88.09292901106724, 22.013665194990935], [88.09319850565247, 22.013665194990935], [88.09319850565247, 22.014204184161407], [88.09373749482295, 22.014204184161407], [88.09373749482295, 22.01474317333188], [88.09427648399341, 22.014473678746644], [88.09427648399341, 22.01474317333188], [88.09481547316389, 22.01474317333188], [88.09481547316389, 22.016090646258057], [88.09454597857865, 22.016090646258057]], [[88.0708304550779, 21.97970887725122], [88.07056096049266, 21.979439382665984], [88.0708304550779, 21.979439382665984], [88.0708304550779, 21.97970887725122]], [[88.07109994966314, 21.98024786642169], [88.0708304550779, 21.979978371836452], [88.07109994966314, 21.979978371836452], [88.07109994966314, 21.98024786642169]], [[88.0716389388336, 21.981325844762633], [88.07109994966314, 21.981325844762633], [88.07109994966314, 21.980517361006925], [88.0716389388336, 21.98078685559216], [88.0716389388336, 21.981325844762633]], [[88.07056096049266, 21.9848292743707], [88.07029146590742, 21.9848292743707], [88.07029146590742, 21.984290285200228], [88.07056096049266, 21.984290285200228], [88.07056096049266, 21.9848292743707]], [[88.0724474225893, 21.9848292743707], [88.07190843341884, 21.9848292743707], [88.07190843341884, 21.984559779785464], [88.07217792800408, 21.984559779785464], [88.0724474225893, 21.98348180144452], [88.07379489551549, 21.98348180144452], [88.07379489551549, 21.98402079061499], [88.07325590634501, 21.984559779785464], [88.0724474225893, 21.984559779785464], [88.0724474225893, 21.9848292743707]], [[88.07379489551549, 21.98671573646735], [88.07352540093025, 21.986446241882113], [88.07379489551549, 21.986446241882113], [88.07379489551549, 21.98671573646735]], [[88.0746033792712, 21.98806320939353], [88.07406439010073, 21.98806320939353], [88.07406439010073, 21.986985231052586], [88.07487287385644, 21.987254725637822], [88.0746033792712, 21.98806320939353]], [[88.07298641175979, 21.989410682319708], [88.0724474225893, 21.989410682319708], [88.0724474225893, 21.988871693149235], [88.07298641175979, 21.988871693149235], [88.07298641175979, 21.989410682319708]], [[88.07648984136785, 21.990488660660652], [88.07595085219738, 21.990488660660652], [88.0762203467826, 21.98994967149018], [88.07648984136785, 21.98994967149018], [88.07648984136785, 21.990488660660652]], [[88.07810680887927, 21.99264461734254], [88.07783731429403, 21.992375122757302], [88.07810680887927, 21.992375122757302], [88.07810680887927, 21.99264461734254]], [[88.0762203467826, 21.993722595683483], [88.0754118630269, 21.993453101098247], [88.07568135761214, 21.992914111927774], [88.0762203467826, 21.99318360651301], [88.0762203467826, 21.993722595683483]], [[88.08187973307257, 21.996956530706314], [88.08134074390209, 21.996956530706314], [88.08107124931686, 21.99641754153584], [88.08161023848733, 21.99641754153584], [88.08187973307257, 21.996956530706314]], [[88.08053226014638, 21.997765014462022], [88.07999327097592, 21.997765014462022], [88.07999327097592, 21.997495519876786], [88.08053226014638, 21.997495519876786], [88.08053226014638, 21.997765014462022]], [[88.08349670058398, 21.999381981973436], [88.08295771141351, 21.999381981973436], [88.08295771141351, 21.9991124873882], [88.08349670058398, 21.9991124873882], [88.08349670058398, 21.999381981973436]], [[88.08511366809539, 22.002076927825794], [88.08484417351016, 22.001807433240558], [88.08511366809539, 22.001807433240558], [88.08511366809539, 22.002076927825794]], [[88.08187973307257, 22.002885411581502], [88.08161023848733, 22.002885411581502], [88.08161023848733, 22.002076927825794], [88.0821492276578, 22.002076927825794], [88.08187973307257, 22.002885411581502]], [[88.08295771141351, 22.00369389533721], [88.0821492276578, 22.00369389533721], [88.08187973307257, 22.00315490616674], [88.08295771141351, 22.002885411581502], [88.08295771141351, 22.00369389533721]], [[88.08295771141351, 22.00423288450768], [88.08268821682827, 22.003963389922443], [88.08295771141351, 22.003963389922443], [88.08295771141351, 22.00423288450768]], [[88.08834760311822, 22.006119346604333], [88.08807810853298, 22.005849852019097], [88.08834760311822, 22.005849852019097], [88.08834760311822, 22.006119346604333]], [[88.08780861394776, 22.00638884118957], [88.08753911936252, 22.00638884118957], [88.08753911936252, 22.005849852019097], [88.08780861394776, 22.005849852019097], [88.08780861394776, 22.00638884118957]]]}, "properties": {"change": "GAINED", "areaHa": 257.6}}, {"type": "Feature", "geometry": {"geodesic": false, "type": "Polygon", "coordinates": [[[88.28076673697663, 21.77597097081291], [88.28022774780615, 21.775431981642438], [88.27968875863569, 21.775431981642438], [88.27941926405045, 21.774892992471965], [88.27807179112426, 21.774623497886733], [88.27807179112426, 21.774354003301497], [88.27591583444239, 21.774354003301497], [88.27591583444239, 21.77408450871626], [88.27726330736856, 21.773545519545788], [88.2775328019538, 21.773006530375316], [88.27807179112426, 21.773006530375316], [88.27807179112426, 21.773545519545788], [88.27861078029474, 21.773545519545788], [88.2791497694652, 21.77408450871626], [88.27995825322093, 21.77408450871626], [88.27995825322093, 21.774354003301497], [88.28049724239139, 21.774354003301497], [88.28076673697663, 21.774892992471965], [88.2813057261471, 21.774892992471965], [88.28184471531758, 21.775431981642438], [88.28400067199945, 21.775431981642438], [88.28453966116993, 21.774892992471965], [88.28453966116993, 21.77273703579008], [88.28427016658469, 21.77273703579008], [88.28400067199945, 21.77085057369343], [88.28373117741423, 21.77085057369343], [88.28373117741423, 21.77004208993772], [88.28319218824375, 21.76950310076725], [88.28319218824375, 21.768964111596777], [88.28400067199945, 21.768694617011544], [88.28480915575517, 21.767886133255836], [88.28534814492563, 21.76626916574442], [88.28561763951087, 21.76626916574442], [88.28561763951087, 21.765460681988714], [88.28588713409611, 21.765460681988714], [88.28588713409611, 21.763843714477296], [88.28642612326658, 21.76438270364777], [88.28669561785182, 21.770311584522958], [88.28696511243704, 21.770311584522958], [88.28696511243704, 21.771389562863902], [88.28750410160752, 21.77192855203437], [88.28804309077799, 21.775701476227674], [88.28831258536323, 21.775701476227674], [88.28831258536323, 21.776509959983382], [88.28858207994847, 21.776509959983382], [88.28858207994847, 21.778126927494796], [88.28885157453371, 21.778126927494796], [88.28912106911893, 21.778935411250504], [88.29127702580082, 21.77677945456862], [88.29127702580082, 21.776240465398146], [88.29397197165318, 21.773815014131024], [88.29397197165318, 21.773276024960552], [88.29504994999412, 21.77273703579008], [88.2955889391646, 21.771389562863902], [88.29720590667601, 21.769772595352485], [88.29801439043172, 21.7676166386706], [88.29828388501696, 21.7676166386706], [88.29882287418744, 21.765191187403477], [88.2993618633579, 21.764652198233005], [88.2993618633579, 21.764113209062533], [88.29963135794314, 21.764113209062533], [88.29963135794314, 21.76357421989206], [88.29990085252837, 21.76357421989206], [88.29990085252837, 21.76249624155112], [88.3001703471136, 21.76249624155112], [88.3001703471136, 21.76168775779541], [88.30043984169885, 21.76168775779541], [88.30043984169885, 21.760879274039702], [88.30070933628409, 21.760879274039702], [88.30097883086931, 21.75845382277258], [88.30124832545455, 21.75845382277258], [88.30124832545455, 21.75764533901687], [88.30151782003979, 21.75764533901687], [88.30151782003979, 21.756297866090694], [88.30178731462503, 21.756297866090694], [88.30178731462503, 21.75441140399404], [88.30205680921026, 21.75441140399404], [88.30205680921026, 21.753063931067864], [88.3023263037955, 21.753063931067864], [88.30259579838074, 21.748213028533616], [88.30286529296596, 21.748213028533616], [88.30340428213644, 21.7428231368289], [88.30367377672168, 21.7428231368289], [88.30367377672168, 21.741475663902722], [88.3039432713069, 21.741475663902722], [88.30448226047739, 21.737972234294656], [88.30475175506263, 21.737972234294656], [88.30502124964785, 21.735546783027534], [88.30529074423309, 21.735546783027534], [88.30529074423309, 21.731504364248995], [88.30502124964785, 21.731504364248995], [88.30475175506263, 21.729078912981873], [88.30448226047739, 21.729078912981873], [88.30448226047739, 21.728270429226164], [88.30475175506263, 21.728270429226164], [88.30475175506263, 21.728809418396636], [88.30502124964785, 21.728809418396636], [88.30502124964785, 21.72934840756711], [88.30556023881833, 21.729887396737578], [88.30556023881833, 21.730695880493286], [88.30582973340356, 21.730695880493286], [88.3060992279888, 21.735816277612766], [88.30582973340356, 21.735816277612766], [88.30582973340356, 21.737163750538947], [88.30556023881833, 21.737163750538947], [88.30556023881833, 21.738241728879892], [88.30529074423309, 21.738241728879892], [88.30529074423309, 21.739050212635597], [88.30502124964785, 21.739050212635597], [88.30502124964785, 21.740397685561778], [88.30475175506263, 21.740397685561778], [88.30475175506263, 21.741745158487955], [88.30448226047739, 21.741745158487955], [88.30448226047739, 21.74363162058461], [88.30421276589215, 21.74363162058461], [88.30421276589215, 21.747674039363144], [88.3039432713069, 21.747674039363144], [88.3039432713069, 21.751446963556447], [88.30367377672168, 21.751446963556447], [88.30340428213644, 21.755489382334986], [88.3031347875512, 21.755489382334986], [88.3023263037955, 21.759531801113525], [88.30205680921026, 21.759531801113525], [88.30205680921026, 21.76034028486923], [88.30178731462503, 21.76034028486923], [88.30151782003979, 21.76168775779541], [88.30097883086931, 21.762226746965883], [88.30097883086931, 21.763035230721588], [88.30043984169885, 21.76357421989206], [88.30043984169885, 21.76438270364777], [88.3001703471136, 21.76438270364777], [88.29909236877266, 21.767077649500127], [88.29828388501696, 21.767886133255836], [88.29828388501696, 21.768694617011544], [88.29801439043172, 21.768694617011544], [88.29801439043172, 21.769233606182013], [88.29747540126125, 21.769772595352485], [88.29747540126125, 21.770581079108194], [88.29720590667601, 21.770581079108194], [88.29666691750555, 21.772198046619607], [88.29612792833507, 21.772467541204843], [88.29612792833507, 21.773006530375316], [88.2947804554089, 21.774354003301497], [88.29424146623842, 21.774354003301497], [88.29370247706795, 21.7751624870572], [88.29316348789747, 21.7751624870572], [88.29127702580082, 21.777048949153855], [88.29073803663036, 21.778396422080032], [88.29019904745988, 21.778396422080032], [88.29019904745988, 21.778935411250504], [88.28966005828941, 21.77920490583574], [88.28939056370417, 21.780282884176685], [88.28992955287464, 21.780282884176685], [88.28992955287464, 21.779743895006213], [88.29046854204512, 21.779474400420977], [88.29046854204512, 21.77866591666527], [88.29100753121558, 21.778396422080032], [88.29100753121558, 21.77785743290956], [88.29370247706795, 21.7751624870572], [88.29451096082366, 21.7751624870572], [88.29451096082366, 21.775431981642438], [88.29397197165318, 21.775431981642438], [88.29316348789747, 21.776240465398146], [88.29316348789747, 21.77677945456862], [88.2918160149713, 21.778126927494796], [88.2918160149713, 21.77866591666527], [88.29154652038606, 21.77866591666527], [88.29154652038606, 21.77920490583574], [88.29100753121558, 21.779743895006213], [88.29100753121558, 21.78055237876192], [88.29046854204512, 21.780821873347158], [88.29019904745988, 21.782169346273335], [88.28912106911893, 21.78324732461428], [88.28885157453371, 21.784594797540457], [88.28831258536323, 21.784864292125693], [88.28831258536323, 21.785403281296166], [88.28777359619276, 21.785942270466638], [88.28750410160752, 21.787289743392815], [88.28669561785182, 21.787828732563288], [88.28669561785182, 21.78836772173376], [88.28588713409611, 21.788906710904232], [88.28561763951087, 21.78971519465994], [88.28453966116993, 21.78971519465994], [88.28400067199945, 21.790523678415646], [88.28346168282899, 21.790523678415646], [88.28346168282899, 21.790793173000882], [88.28292269365852, 21.790793173000882], [88.28238370448804, 21.791332162171354], [88.27995825322093, 21.791871151341827], [88.27995825322093, 21.792140645927063], [88.2783412857095, 21.792140645927063], [88.2783412857095, 21.7924101405123], [88.27699381278333, 21.7924101405123], [88.27699381278333, 21.792679635097535], [88.27591583444239, 21.792679635097535], [88.27591583444239, 21.792949129682768], [88.26756150230007, 21.79348811885324], [88.26756150230007, 21.793757613438476], [88.26594453478866, 21.793757613438476], [88.26594453478866, 21.794027108023712], [88.26405807269201, 21.79429660260895], [88.26244110518059, 21.795913570120362], [88.26244110518059, 21.796452559290834], [88.26163262142488, 21.796991548461307], [88.26136312683964, 21.79806952680225], [88.26082413766918, 21.798339021387488], [88.26082413766918, 21.799147505143193], [88.26055464308394, 21.799147505143193], [88.26055464308394, 21.7999559888989], [88.2602851484987, 21.7999559888989], [88.2602851484987, 21.801303461825082], [88.26001565391347, 21.801303461825082], [88.26001565391347, 21.80318992392173], [88.25974615932823, 21.80318992392173], [88.26001565391347, 21.806423858944562], [88.26082413766918, 21.80723234270027], [88.26082413766918, 21.808040826455976], [88.26109363225441, 21.808040826455976], [88.26163262142488, 21.809657793967393], [88.26324958893629, 21.811274761478806], [88.26378857810677, 21.811274761478806], [88.26540554561818, 21.81316122357546], [88.26594453478866, 21.81316122357546], [88.26675301854436, 21.8142392019164], [88.26756150230007, 21.8142392019164], [88.26863948064101, 21.815317180257345], [88.26971745898196, 21.81558667484258], [88.27025644815242, 21.81639515859829], [88.27106493190814, 21.81639515859829], [88.27187341566385, 21.817203642353995], [88.2737598777605, 21.817742631524467], [88.27402937234574, 21.81828162069494], [88.27618532902761, 21.818820609865412], [88.27699381278333, 21.81962909362112], [88.27807179112426, 21.819359599035884], [88.27807179112426, 21.81962909362112], [88.27861078029474, 21.81962909362112], [88.27861078029474, 21.819898588206357], [88.2791497694652, 21.819898588206357], [88.27968875863569, 21.820437577376826], [88.28076673697663, 21.820437577376826], [88.28076673697663, 21.82070707196206], [88.28157522073234, 21.82070707196206], [88.2821142099028, 21.821246061132534], [88.28292269365852, 21.821246061132534], [88.28292269365852, 21.82151555571777], [88.28373117741423, 21.82151555571777], [88.28373117741423, 21.821785050303006], [88.28453966116993, 21.821785050303006], [88.28453966116993, 21.822054544888243], [88.28588713409611, 21.822054544888243], [88.28642612326658, 21.822593534058715], [88.28777359619276, 21.822593534058715], [88.28777359619276, 21.82286302864395], [88.28966005828941, 21.82286302864395], [88.28966005828941, 21.823132523229184], [88.29073803663036, 21.823132523229184], [88.29073803663036, 21.82340201781442], [88.29316348789747, 21.82340201781442], [88.29316348789747, 21.823671512399656], [88.2955889391646, 21.823941006984892], [88.2955889391646, 21.82421050157013], [88.29073803663036, 21.823941006984892], [88.29073803663036, 21.823671512399656], [88.28885157453371, 21.823671512399656], [88.28885157453371, 21.82340201781442], [88.28696511243704, 21.82340201781442], [88.28696511243704, 21.823132523229184], [88.28561763951087, 21.823132523229184], [88.28561763951087, 21.82286302864395], [88.28427016658469, 21.82286302864395], [88.28427016658469, 21.822593534058715], [88.28319218824375, 21.822593534058715], [88.28319218824375, 21.82232403947348], [88.28238370448804, 21.82232403947348], [88.28238370448804, 21.822054544888243], [88.28157522073234, 21.822054544888243], [88.28157522073234, 21.821785050303006], [88.28049724239139, 21.821785050303006], [88.27995825322093, 21.821246061132534], [88.27941926405045, 21.821246061132534], [88.27941926405045, 21.820976566547298], [88.27726330736856, 21.82070707196206], [88.27699381278333, 21.82016808279159], [88.27564633985715, 21.819898588206357], [88.27483785610144, 21.81909010445065], [88.2737598777605, 21.81909010445065], [88.27295139400479, 21.81828162069494], [88.27025644815242, 21.817203642353995], [88.27025644815242, 21.816934147768762], [88.26971745898196, 21.816934147768762], [88.26863948064101, 21.815856169427818], [88.26783099688531, 21.815856169427818], [88.26756150230007, 21.815317180257345], [88.26675301854436, 21.815317180257345], [88.26486655644771, 21.813430718160696], [88.26432756727723, 21.813430718160696], [88.26378857810677, 21.812622234404987], [88.26324958893629, 21.812622234404987], [88.26136312683964, 21.810735772308337], [88.26136312683964, 21.810196783137865], [88.2602851484987, 21.80911880479692], [88.25974615932823, 21.807501837285507], [88.25947666474299, 21.807501837285507], [88.25947666474299, 21.8066933535298], [88.25920717015777, 21.8066933535298], [88.25920717015777, 21.80157295641032], [88.25947666474299, 21.80157295641032], [88.25947666474299, 21.800494978069374], [88.25974615932823, 21.800494978069374], [88.25974615932823, 21.79941699972843], [88.26001565391347, 21.79941699972843], [88.2602851484987, 21.79806952680225], [88.26055464308394, 21.79806952680225], [88.26082413766918, 21.79672205387607], [88.26109363225441, 21.79672205387607], [88.26109363225441, 21.795913570120362], [88.26217161059536, 21.795105086364657], [88.26217161059536, 21.794566097194185], [88.26271059976582, 21.79429660260895], [88.26324958893629, 21.792949129682768], [88.26378857810677, 21.793218624268004], [88.26378857810677, 21.792949129682768], [88.26459706186247, 21.792949129682768], [88.26459706186247, 21.792679635097535], [88.26540554561818, 21.792679635097535], [88.26540554561818, 21.7924101405123], [88.26648352395912, 21.7924101405123], [88.26648352395912, 21.792140645927063], [88.26783099688531, 21.791871151341827], [88.26783099688531, 21.79160165675659], [88.26944796439672, 21.791332162171354], [88.26944796439672, 21.791062667586118], [88.27268189941955, 21.790793173000882], [88.27268189941955, 21.790523678415646], [88.27537684527191, 21.790523678415646], [88.27537684527191, 21.79025418383041], [88.27726330736856, 21.79025418383041], [88.27726330736856, 21.789984689245173], [88.2791497694652, 21.789984689245173], [88.2791497694652, 21.78971519465994], [88.28049724239139, 21.78971519465994], [88.28049724239139, 21.789445700074705], [88.28157522073234, 21.789445700074705], [88.28157522073234, 21.78917620548947], [88.28265319907328, 21.78917620548947], [88.28319218824375, 21.788637216318996], [88.28373117741423, 21.788637216318996], [88.28373117741423, 21.78836772173376], [88.28427016658469, 21.78836772173376], [88.28480915575517, 21.78755923797805], [88.28534814492563, 21.78755923797805], [88.28642612326658, 21.78648125963711], [88.28669561785182, 21.785403281296166], [88.28696511243704, 21.785403281296166], [88.28723460702228, 21.782977830029044], [88.28696511243704, 21.782977830029044], [88.28696511243704, 21.782169346273335], [88.28669561785182, 21.782169346273335], [88.28669561785182, 21.78109136793239], [88.28615662868134, 21.78055237876192], [88.28615662868134, 21.78001338959145], [88.28588713409611, 21.78001338959145], [88.28588713409611, 21.77920490583574], [88.28534814492563, 21.77866591666527], [88.28480915575517, 21.77597097081291], [88.28453966116993, 21.775701476227674], [88.28373117741423, 21.775701476227674], [88.28373117741423, 21.77597097081291], [88.28076673697663, 21.77597097081291]], [[88.28912106911893, 21.782977830029044], [88.28858207994847, 21.782977830029044], [88.28858207994847, 21.7818998516881], [88.28885157453371, 21.7818998516881], [88.28885157453371, 21.78109136793239], [88.28939056370417, 21.78109136793239], [88.28912106911893, 21.782977830029044]]]}, "properties": {"change": "GAINED", "areaHa": 248.5}}, {"type": "Feature", "geometry": {"geodesic": false, "type": "Polygon", "coordinates": [[[88.04199453445766, 21.694314111486445], [88.0422640290429, 21.693236133145504], [88.04172503987242, 21.692697143975032], [88.04172503987242, 21.691888660219323], [88.04145554528719, 21.691888660219323], [88.04091655611671, 21.687846241440784], [88.04037756694625, 21.687307252270315], [88.04037756694625, 21.6856902847589], [88.04010807236101, 21.6856902847589], [88.04010807236101, 21.684612306417954], [88.03983857777577, 21.684612306417954], [88.03983857777577, 21.683534328077013], [88.0392995886053, 21.68299533890654], [88.0392995886053, 21.68164786598036], [88.03903009402006, 21.68164786598036], [88.03876059943482, 21.677605447201824], [88.03822161026436, 21.677335952616588], [88.03795211567912, 21.67571898510517], [88.03768262109388, 21.67571898510517], [88.03795211567912, 21.675179995934702], [88.03741312650865, 21.67464100676423], [88.03741312650865, 21.67329353383805], [88.03795211567912, 21.673024039252812], [88.03768262109388, 21.67194606091187], [88.03795211567912, 21.67194606091187], [88.03795211567912, 21.670059598815218], [88.03822161026436, 21.669790104229982], [88.03795211567912, 21.669520609644746], [88.0384911048496, 21.668981620474277], [88.0384911048496, 21.666825663792388], [88.03876059943482, 21.666825663792388], [88.03876059943482, 21.665747685451446], [88.03903009402006, 21.665747685451446], [88.0392995886053, 21.662513750428616], [88.04010807236101, 21.66224425584338], [88.03983857777577, 21.659818804576258], [88.04010807236101, 21.659818804576258], [88.04010807236101, 21.658471331650077], [88.03983857777577, 21.658471331650077], [88.03983857777577, 21.65766284789437], [88.04010807236101, 21.65766284789437], [88.04010807236101, 21.6571238587239], [88.0392995886053, 21.6571238587239], [88.03983857777577, 21.65577638579772], [88.0392995886053, 21.655237396627246], [88.03983857777577, 21.654698407456774], [88.03983857777577, 21.65388992370107], [88.04091655611671, 21.653620429115833], [88.04064706153147, 21.65308143994536], [88.04091655611671, 21.652811945360124], [88.04037756694625, 21.652811945360124], [88.04037756694625, 21.652272956189652], [88.03983857777577, 21.652272956189652], [88.03983857777577, 21.652003461604416], [88.04091655611671, 21.65173396701918], [88.04118605070195, 21.652003461604416], [88.04145554528719, 21.65173396701918], [88.04145554528719, 21.649578010337294], [88.04172503987242, 21.649308515752058], [88.04280301821336, 21.649308515752058], [88.04334200738384, 21.648769526581585], [88.04388099655431, 21.648769526581585], [88.04415049113955, 21.648230537411113], [88.04522846948049, 21.64850003199635], [88.04522846948049, 21.647691548240644], [88.04549796406573, 21.647691548240644], [88.04576745865096, 21.646883064484935], [88.04630644782144, 21.646883064484935], [88.04630644782144, 21.6466135698997], [88.04711493157714, 21.6466135698997], [88.0468454369919, 21.64715255907017], [88.0476539207476, 21.646883064484935], [88.0476539207476, 21.6466135698997], [88.04711493157714, 21.6466135698997], [88.04711493157714, 21.646074580729227], [88.0476539207476, 21.645535591558755], [88.04927088825903, 21.645535591558755], [88.04873189908855, 21.644996602388286], [88.0498098774295, 21.64472710780305], [88.05034886659998, 21.64391862404734], [88.05088785577044, 21.64391862404734], [88.05088785577044, 21.643649129462105], [88.05142684494092, 21.64391862404734], [88.05169633952615, 21.64337963487687], [88.05250482328185, 21.64337963487687], [88.05277431786709, 21.642840645706396], [88.05385229620803, 21.64257115112116], [88.05466077996374, 21.64149317278022], [88.05573875830468, 21.641223678194983], [88.05654724206039, 21.640415194439274], [88.05762522040133, 21.640415194439274], [88.05762522040133, 21.64068468902451], [88.05681673664563, 21.64068468902451], [88.05654724206039, 21.641223678194983], [88.05600825288992, 21.641223678194983], [88.05573875830468, 21.641762667365455], [88.05519976913422, 21.641762667365455], [88.05466077996374, 21.64257115112116], [88.05412179079327, 21.64257115112116], [88.05331330703757, 21.643649129462105], [88.05277431786709, 21.643649129462105], [88.05196583411139, 21.644457613217813], [88.05196583411139, 21.644996602388286], [88.04954038284426, 21.647422053655408], [88.04927088825903, 21.64850003199635], [88.04846240450333, 21.648769526581585], [88.04819290991809, 21.649578010337294], [88.0476539207476, 21.64984750492253], [88.0476539207476, 21.650386494093002], [88.04711493157714, 21.65065598867824], [88.0476539207476, 21.652003461604416], [88.04657594240666, 21.652272956189652], [88.04630644782144, 21.652811945360124], [88.04576745865096, 21.652811945360124], [88.04468948031001, 21.65388992370107], [88.04415049113955, 21.65388992370107], [88.04388099655431, 21.654698407456774], [88.0430725127986, 21.655506891212482], [88.0430725127986, 21.656584869553427], [88.04280301821336, 21.656584869553427], [88.04280301821336, 21.6571238587239], [88.0430725127986, 21.6571238587239], [88.04280301821336, 21.664939201695738], [88.0430725127986, 21.664939201695738], [88.0430725127986, 21.666017180036683], [88.04361150196907, 21.66655616920715], [88.04361150196907, 21.671137577156163], [88.04388099655431, 21.671137577156163], [88.04388099655431, 21.67194606091187], [88.04415049113955, 21.67194606091187], [88.04415049113955, 21.676257974275643], [88.04388099655431, 21.676257974275643], [88.04388099655431, 21.676796963446115], [88.04415049113955, 21.676796963446115], [88.04415049113955, 21.67787494178706], [88.04441998572479, 21.67787494178706], [88.04441998572479, 21.68110887680989], [88.04388099655431, 21.681378371395123], [88.04388099655431, 21.68299533890654], [88.04334200738384, 21.683534328077013], [88.04334200738384, 21.684612306417954], [88.0430725127986, 21.684612306417954], [88.0430725127986, 21.6856902847589], [88.04280301821336, 21.6856902847589], [88.0430725127986, 21.688385230611257], [88.04280301821336, 21.688385230611257], [88.04280301821336, 21.690002198122674], [88.04253352362814, 21.690002198122674], [88.04253352362814, 21.691080176463615], [88.0422640290429, 21.691080176463615], [88.04253352362814, 21.694314111486445], [88.04199453445766, 21.694314111486445]], [[88.04361150196907, 21.650116999507766], [88.0430725127986, 21.649578010337294], [88.04388099655431, 21.649308515752058], [88.04361150196907, 21.650116999507766]], [[88.04118605070195, 21.652542450774888], [88.04064706153147, 21.652542450774888], [88.04064706153147, 21.652272956189652], [88.04118605070195, 21.652272956189652], [88.04118605070195, 21.652542450774888]]]}, "properties": {"change": "LOST", "areaHa": 239.0}}, {"type": "Feature", "geometry": {"geodesic": false, "type": "Polygon", "coordinates": [[[88.3519133074789, 21.64984750492253], [88.35218280206414, 21.649578010337294], [88.35218280206414, 21.647691548240644], [88.34921836162654, 21.64796104282588], [88.34921836162654, 21.647691548240644], [88.34760139411512, 21.647691548240644], [88.34733189952988, 21.64715255907017], [88.34625392118895, 21.646883064484935], [88.34625392118895, 21.646344075314463], [88.34760139411512, 21.646344075314463], [88.34787088870036, 21.646074580729227], [88.34787088870036, 21.644996602388286], [88.34706240494465, 21.64580508614399], [88.34652341577417, 21.645535591558755], [88.34679291035941, 21.644457613217813], [88.34733189952988, 21.64391862404734], [88.34679291035941, 21.643649129462105], [88.34652341577417, 21.64257115112116], [88.3459844266037, 21.64257115112116], [88.345175942848, 21.64149317278022], [88.34436745909228, 21.641223678194983], [88.34436745909228, 21.64068468902451], [88.34355897533658, 21.639876205268802], [88.34355897533658, 21.63825923775739], [88.34328948075135, 21.63825923775739], [88.34328948075135, 21.636103281075503], [88.34544543743323, 21.633947324393613], [88.34544543743323, 21.6323303568822], [88.34328948075135, 21.62963541102984], [88.34328948075135, 21.627209959762716], [88.34248099699563, 21.62640147600701], [88.34248099699563, 21.625592992251303], [88.34113352406946, 21.624784508495594], [88.34059453489898, 21.623437035569417], [88.33978605114328, 21.62316754098418], [88.33978605114328, 21.622359057228472], [88.33951655655804, 21.622359057228472], [88.33924706197281, 21.621550573472764], [88.34086402948422, 21.621550573472764], [88.34086402948422, 21.621820068058], [88.34248099699563, 21.622359057228472], [88.34275049158087, 21.622898046398944], [88.34328948075135, 21.622898046398944], [88.34355897533658, 21.623437035569417], [88.34409796450706, 21.623437035569417], [88.34463695367752, 21.62397602473989], [88.34463695367752, 21.624515013910358], [88.345175942848, 21.624784508495594], [88.345175942848, 21.625323497666066], [88.3459844266037, 21.62586248683654], [88.3459844266037, 21.62640147600701], [88.34679291035941, 21.626670970592247], [88.34787088870036, 21.628018443518425], [88.34867937245606, 21.62828793810366], [88.34867937245606, 21.629365916444605], [88.34948785621177, 21.629365916444605], [88.34948785621177, 21.62963541102984], [88.35083532913795, 21.63017440020031], [88.35083532913795, 21.6323303568822], [88.35245229664936, 21.633947324393613], [88.35245229664936, 21.63556429190503], [88.3535302749903, 21.636372775660735], [88.3535302749903, 21.636911764831208], [88.35406926416078, 21.637181259416444], [88.35460825333125, 21.638528732342625], [88.35541673708695, 21.639067721513097], [88.3556862316722, 21.64014569985404], [88.3564947154279, 21.640415194439274], [88.35703370459838, 21.641762667365455], [88.3573031991836, 21.641762667365455], [88.35757269376884, 21.644188118632577], [88.35703370459838, 21.64472710780305], [88.35541673708695, 21.644996602388286], [88.35433875874601, 21.643649129462105], [88.3535302749903, 21.643649129462105], [88.3535302749903, 21.644188118632577], [88.35433875874601, 21.644996602388286], [88.35433875874601, 21.645535591558755], [88.35487774791649, 21.646074580729227], [88.35487774791649, 21.646883064484935], [88.35541673708695, 21.647422053655408], [88.3535302749903, 21.649308515752058], [88.3519133074789, 21.64984750492253]]]}, "properties": {"change": "GAINED", "areaHa": 228.4}}, {"type": "Feature", "geometry": {"geodesic": false, "type": "Polygon", "coordinates": [[[88.16946547327422, 21.840649671269517], [88.16919597868899, 21.839571692928573], [88.16946547327422, 21.839571692928573], [88.16946547327422, 21.838493714587628], [88.16973496785945, 21.838493714587628], [88.16973496785945, 21.837415736246687], [88.17054345161516, 21.83660725249098], [88.17054345161516, 21.835529274150034], [88.17108244078564, 21.835259779564797], [88.17108244078564, 21.834451295809092], [88.1716214299561, 21.83391230663862], [88.1716214299561, 21.833373317468148], [88.17269940829705, 21.832295339127203], [88.17269940829705, 21.831756349956734], [88.17323839746751, 21.831486855371498], [88.17323839746751, 21.830947866201026], [88.173777386638, 21.83067837161579], [88.173777386638, 21.830139382445317], [88.1753943541494, 21.828522414933904], [88.17647233249035, 21.825827469081545], [88.1775503108313, 21.8247494907406], [88.1775503108313, 21.82421050157013], [88.18024525668365, 21.82151555571777], [88.18024525668365, 21.820976566547298], [88.18159272960983, 21.81962909362112], [88.18159272960983, 21.81909010445065], [88.18240121336554, 21.818551115280176], [88.18240121336554, 21.818012126109704], [88.18320969712124, 21.81747313693923], [88.18347919170648, 21.816664653183526], [88.18428767546219, 21.81639515859829], [88.18428767546219, 21.815856169427818], [88.18509615921789, 21.815317180257345], [88.18509615921789, 21.814778191086873], [88.18617413755884, 21.813969707331168], [88.18617413755884, 21.813430718160696], [88.18752161048502, 21.812083245234515], [88.18833009424073, 21.81235273981975], [88.18779110507026, 21.81181375064928], [88.1888690834112, 21.811544256064042], [88.18967756716691, 21.81235273981975], [88.18940807258167, 21.815856169427818], [88.18913857799643, 21.815856169427818], [88.18833009424073, 21.81909010445065], [88.18779110507026, 21.81962909362112], [88.18752161048502, 21.821246061132534], [88.18644363214408, 21.82232403947348], [88.18617413755884, 21.823671512399656], [88.18563514838837, 21.823941006984892], [88.18428767546219, 21.827174942007723], [88.18374868629172, 21.82744443659296], [88.18320969712124, 21.82879190951914], [88.18159272960983, 21.830139382445317], [88.18159272960983, 21.83067837161579], [88.1791672783427, 21.832834328297675], [88.17889778375748, 21.83391230663862], [88.178358794587, 21.834451295809092], [88.17781980541653, 21.834451295809092], [88.17485536497894, 21.837685230831923], [88.17323839746751, 21.83822422000239], [88.17242991371181, 21.839302198343336], [88.17189092454134, 21.839302198343336], [88.17054345161516, 21.840649671269517], [88.16946547327422, 21.840649671269517]], [[88.18698262131456, 21.8142392019164], [88.18671312672932, 21.813969707331168], [88.18698262131456, 21.813969707331168], [88.18698262131456, 21.8142392019164]]]}, "properties": {"change": "GAINED", "areaHa": 202.0}}, {"type": "Feature", "geometry": {"geodesic": false, "type": "Polygon", "coordinates": [[[88.09966637569813, 21.88269082656631], [88.09966637569813, 21.882421331981075], [88.09777991360149, 21.88215183739584], [88.09777991360149, 21.881882342810602], [88.0964324406753, 21.881882342810602], [88.0964324406753, 21.88215183739584], [88.0956239569196, 21.88215183739584], [88.09508496774912, 21.88269082656631], [88.09427648399341, 21.88269082656631], [88.09373749482295, 21.881612848225366], [88.09535446233436, 21.881612848225366], [88.0956239569196, 21.881882342810602], [88.09616294609006, 21.88134335364013], [88.09616294609006, 21.88053486988442], [88.09508496774912, 21.88026537529919], [88.09454597857865, 21.879726386128716], [88.09454597857865, 21.87945689154348], [88.09508496774912, 21.87945689154348], [88.09508496774912, 21.87864840778777], [88.09427648399341, 21.87864840778777], [88.09400698940817, 21.8781094186173], [88.09292901106724, 21.8781094186173], [88.092659516482, 21.879995880713953], [88.09212052731152, 21.879995880713953], [88.09212052731152, 21.879187396958244], [88.0918510327263, 21.879187396958244], [88.09212052731152, 21.87864840778777], [88.0918510327263, 21.878378913202535], [88.092659516482, 21.877839924032063], [88.092659516482, 21.877031440276358], [88.09319850565247, 21.876492451105886], [88.09319850565247, 21.87541447276494], [88.0934680002377, 21.87541447276494], [88.09373749482295, 21.870833064815933], [88.09427648399341, 21.870563570230697], [88.09427648399341, 21.87110255940117], [88.09508496774912, 21.87110255940117], [88.09508496774912, 21.87029407564546], [88.09427648399341, 21.870563570230697], [88.09427648399341, 21.87029407564546], [88.09454597857865, 21.87029407564546], [88.09454597857865, 21.86975508647499], [88.09508496774912, 21.86975508647499], [88.09535446233436, 21.86894660271928], [88.09616294609006, 21.86894660271928], [88.09616294609006, 21.868677108134044], [88.0964324406753, 21.868677108134044], [88.09616294609006, 21.870024581060225], [88.09670193526054, 21.87029407564546], [88.09697142984578, 21.868677108134044], [88.097240924431, 21.868677108134044], [88.09697142984578, 21.866790646037394], [88.09777991360149, 21.866251656866922], [88.09751041901625, 21.86571266769645], [88.09777991360149, 21.86571266769645], [88.09777991360149, 21.864904183940745], [88.09885789194243, 21.864904183940745], [88.09885789194243, 21.86517367852598], [88.0993968811129, 21.86517367852598], [88.0993968811129, 21.86571266769645], [88.09993587028337, 21.86571266769645], [88.09966637569813, 21.866251656866922], [88.10047485945384, 21.866251656866922], [88.10047485945384, 21.866790646037394], [88.10128334320954, 21.867329635207867], [88.10182233238002, 21.868677108134044], [88.10424778364714, 21.87110255940117], [88.10424778364714, 21.87164154857164], [88.10478677281762, 21.87164154857164], [88.10478677281762, 21.87218053774211], [88.10586475115856, 21.873258516083055], [88.10613424574379, 21.87487548359447], [88.10640374032903, 21.87487548359447], [88.10640374032903, 21.875953461935413], [88.10613424574379, 21.875953461935413], [88.10586475115856, 21.877031440276358], [88.10532576198808, 21.87730093486159], [88.10478677281762, 21.87864840778777], [88.10343929989143, 21.879726386128716], [88.10343929989143, 21.88026537529919], [88.10263081613573, 21.88053486988442], [88.10209182696525, 21.88134335364013], [88.10155283779478, 21.88134335364013], [88.10047485945384, 21.88269082656631], [88.09966637569813, 21.88269082656631]], [[88.10074435403908, 21.86894660271928], [88.09966637569813, 21.86894660271928], [88.09966637569813, 21.868677108134044], [88.09885789194243, 21.868407613548808], [88.09858839735719, 21.867599129793103], [88.09912738652766, 21.86706014062263], [88.09966637569813, 21.867329635207867], [88.0993968811129, 21.866521151452158], [88.1002053648686, 21.866521151452158], [88.1002053648686, 21.86706014062263], [88.10047485945384, 21.86706014062263], [88.10047485945384, 21.867599129793103], [88.1010138486243, 21.868138118963575], [88.10074435403908, 21.86894660271928]], [[88.09508496774912, 21.873797505253528], [88.09454597857865, 21.87352801066829], [88.09454597857865, 21.87298902149782], [88.09535446233436, 21.873258516083055], [88.09508496774912, 21.873797505253528]]]}, "properties": {"change": "LOST", "areaHa": 169.7}}, {"type": "Feature", "geometry": {"geodesic": false, "type": "Polygon", "coordinates": [[[88.06544056337317, 21.998842992802963], [88.06544056337317, 21.998573498217727], [88.06490157420271, 21.998573498217727], [88.06490157420271, 21.998034509047255], [88.064093090447, 21.998034509047255], [88.06355410127652, 21.997495519876786], [88.06382359586176, 21.996956530706314], [88.06301511210606, 21.99722602529155], [88.06247612293558, 21.996687036121077], [88.06193713376511, 21.996956530706314], [88.06139814459463, 21.996148046950605], [88.0603201662537, 21.99587855236537], [88.0603201662537, 21.99507006860966], [88.05924218791276, 21.994800574024428], [88.05924218791276, 21.994261584853955], [88.05654724206039, 21.991836133586833], [88.05627774747516, 21.990219166075416], [88.05573875830468, 21.98994967149018], [88.05600825288992, 21.98914118773447], [88.05654724206039, 21.98914118773447], [88.05654724206039, 21.988602198564003], [88.05681673664563, 21.988871693149235], [88.05762522040133, 21.988602198564003], [88.05762522040133, 21.98806320939353], [88.05897269332752, 21.989410682319708], [88.05897269332752, 21.987793714808294], [88.05951168249798, 21.988332703978767], [88.06005067166846, 21.988332703978767], [88.06058966083893, 21.987793714808294], [88.05978117708322, 21.98563775812641], [88.06005067166846, 21.98563775812641], [88.06005067166846, 21.983751296029755], [88.06112865000941, 21.983751296029755], [88.06085915542417, 21.981056350177397], [88.06112865000941, 21.981056350177397], [88.06112865000941, 21.98024786642169], [88.06085915542417, 21.98024786642169], [88.06085915542417, 21.979439382665984], [88.06274561752082, 21.979439382665984], [88.06301511210606, 21.97970887725122], [88.06301511210606, 21.980517361006925], [88.0632846066913, 21.980517361006925], [88.06355410127652, 21.981864833933106], [88.064093090447, 21.98213432851834], [88.064093090447, 21.983212306859283], [88.06463207961747, 21.983751296029755], [88.06463207961747, 21.984559779785464], [88.06490157420271, 21.984559779785464], [88.06517106878795, 21.98563775812641], [88.06597955254365, 21.98590725271164], [88.06597955254365, 21.987524220223058], [88.06759652005506, 21.988871693149235], [88.06759652005506, 21.989410682319708], [88.06732702546982, 21.989410682319708], [88.06759652005506, 21.99129714441636], [88.06813550922554, 21.991566639001597], [88.06813550922554, 21.992375122757302], [88.06921348756649, 21.99318360651301], [88.06921348756649, 21.994261584853955], [88.07002197132219, 21.99507006860966], [88.07029146590742, 21.99641754153584], [88.0708304550779, 21.996956530706314], [88.0708304550779, 21.997495519876786], [88.07029146590742, 21.997495519876786], [88.07029146590742, 21.997765014462022], [88.06921348756649, 21.997495519876786], [88.06921348756649, 21.997765014462022], [88.0678660146403, 21.998034509047255], [88.06759652005506, 21.998573498217727], [88.06624904712889, 21.99830400363249], [88.06597955254365, 21.998842992802963], [88.06544056337317, 21.998842992802963]], [[88.06247612293558, 21.981056350177397], [88.06220662835035, 21.981056350177397], [88.06220662835035, 21.980517361006925], [88.06247612293558, 21.980517361006925], [88.06247612293558, 21.981056350177397]]]}, "properties": {"change": "LOST", "areaHa": 154.9}}, {"type": "Feature", "geometry": {"geodesic": false, "type": "Polygon", "coordinates": [[[88.12958027465932, 21.884307794077724], [88.12634633963648, 21.881612848225366], [88.12607684505124, 21.880804364469657], [88.12553785588078, 21.880804364469657], [88.1249988667103, 21.88026537529919], [88.12445987753983, 21.878917902373008], [88.12392088836935, 21.87864840778777], [88.12311240461365, 21.87541447276494], [88.12284291002841, 21.87541447276494], [88.12284291002841, 21.874336494423996], [88.12257341544318, 21.874336494423996], [88.12257341544318, 21.87352801066829], [88.12230392085795, 21.87352801066829], [88.12230392085795, 21.872719526912583], [88.1220344262727, 21.872719526912583], [88.1220344262727, 21.871911043156874], [88.12149543710224, 21.871372053986402], [88.12149543710224, 21.870833064815933], [88.121225942517, 21.870833064815933], [88.121225942517, 21.86975508647499], [88.12095644793176, 21.86975508647499], [88.12095644793176, 21.86894660271928], [88.12068695334654, 21.86894660271928], [88.12068695334654, 21.868138118963575], [88.1204174587613, 21.868138118963575], [88.1204174587613, 21.867329635207867], [88.12014796417606, 21.867329635207867], [88.12014796417606, 21.866521151452158], [88.11987846959082, 21.866521151452158], [88.11987846959082, 21.865443173111213], [88.11933948042035, 21.864904183940745], [88.11933948042035, 21.864095700185036], [88.11880049124987, 21.863556711014564], [88.11880049124987, 21.86301772184409], [88.11853099666465, 21.86301772184409], [88.11799200749417, 21.86059227057697], [88.1174530183237, 21.860053281406497], [88.1174530183237, 21.858975303065556], [88.11691402915322, 21.858436313895083], [88.116644534568, 21.856819346383666], [88.11610554539752, 21.856280357213194], [88.11610554539752, 21.855741368042725], [88.11583605081228, 21.855741368042725], [88.11583605081228, 21.855202378872253], [88.11637503998276, 21.85547187345749], [88.11637503998276, 21.85601086262796], [88.116644534568, 21.85601086262796], [88.116644534568, 21.85654985179843], [88.11718352373846, 21.857088840968903], [88.1174530183237, 21.85870580848032], [88.11906998583511, 21.860322775991733], [88.121225942517, 21.86571266769645], [88.1220344262727, 21.865982162281686], [88.12392088836935, 21.868407613548808], [88.12445987753983, 21.868407613548808], [88.12526836129554, 21.869485591889752], [88.125807350466, 21.869485591889752], [88.12769381256265, 21.87164154857164], [88.12823280173313, 21.87164154857164], [88.12904128548884, 21.872719526912583], [88.12958027465932, 21.872719526912583], [88.12958027465932, 21.873258516083055], [88.13011926382978, 21.873258516083055], [88.13092774758549, 21.874066999838764], [88.13119724217073, 21.87487548359447], [88.1317362313412, 21.87487548359447], [88.13254471509691, 21.875953461935413], [88.13308370426738, 21.875953461935413], [88.13443117719356, 21.87730093486159], [88.13389218802308, 21.878917902373008], [88.13308370426738, 21.87945689154348], [88.13308370426738, 21.879995880713953], [88.13200572592643, 21.881073859054894], [88.1317362313412, 21.88215183739584], [88.13065825300025, 21.883229815736783], [88.13065825300025, 21.884038299492488], [88.12958027465932, 21.884307794077724]]]}, "properties": {"change": "GAINED", "areaHa": 145.3}}, {"type": "Feature", "geometry": {"geodesic": false, "type": "Polygon", "coordinates": [[[88.08107124931686, 21.860861765162205], [88.08026276556114, 21.860053281406497], [88.07945428180544, 21.86059227057697], [88.07891529263497, 21.85978378682126], [88.0783763034645, 21.85978378682126], [88.07595085219738, 21.85735833555414], [88.07568135761214, 21.85601086262796], [88.07514236844167, 21.85601086262796], [88.0746033792712, 21.855202378872253], [88.07325590634501, 21.85466338970178], [88.07298641175979, 21.85412440053131], [88.0724474225893, 21.85412440053131], [88.0716389388336, 21.853046422190367], [88.07056096049266, 21.85277692760513], [88.06921348756649, 21.85142945467895], [88.068674498396, 21.850081981752773], [88.06732702546982, 21.849273497997064], [88.06732702546982, 21.848734508826592], [88.06813550922554, 21.848734508826592], [88.06813550922554, 21.847926025070883], [88.068674498396, 21.84738703590041], [88.06921348756649, 21.847926025070883], [88.06894399298125, 21.849004003411828], [88.06975247673695, 21.849004003411828], [88.07029146590742, 21.8495429925823], [88.0708304550779, 21.849273497997064], [88.0708304550779, 21.848734508826592], [88.07190843341884, 21.847656530485647], [88.07190843341884, 21.846578552144706], [88.0724474225893, 21.84630905755947], [88.07217792800408, 21.845231079218525], [88.07298641175979, 21.844692090048053], [88.07298641175979, 21.841997144195695], [88.07325590634501, 21.84172764961046], [88.07487287385644, 21.841997144195695], [88.0754118630269, 21.842805627951403], [88.07595085219738, 21.842805627951403], [88.07675933595308, 21.84361411170711], [88.07675933595308, 21.84415310087758], [88.07756781970879, 21.844692090048053], [88.07756781970879, 21.845231079218525], [88.07864579804973, 21.84630905755947], [88.0791847872202, 21.84630905755947], [88.07945428180544, 21.84711754131518], [88.07999327097592, 21.84738703590041], [88.07999327097592, 21.848465014241356], [88.08026276556114, 21.848465014241356], [88.08026276556114, 21.849004003411828], [88.08080175473162, 21.8495429925823], [88.08080175473162, 21.850351476338005], [88.08107124931686, 21.850351476338005], [88.08107124931686, 21.851159960093714], [88.08161023848733, 21.85142945467895], [88.08187973307257, 21.85277692760513], [88.08134074390209, 21.853046422190367], [88.08134074390209, 21.853585411360836], [88.08026276556114, 21.8533159167756], [88.08026276556114, 21.853046422190367], [88.07891529263497, 21.853046422190367], [88.07891529263497, 21.85412440053131], [88.08080175473162, 21.85412440053131], [88.08107124931686, 21.853854905946072], [88.08134074390209, 21.85466338970178], [88.08161023848733, 21.85466338970178], [88.08161023848733, 21.856280357213194], [88.08107124931686, 21.85654985179843], [88.08107124931686, 21.857088840968903], [88.08053226014638, 21.857627830139375], [88.07972377639068, 21.85789732472461], [88.07999327097592, 21.858975303065556], [88.08161023848733, 21.860322775991733], [88.08161023848733, 21.860861765162205], [88.08107124931686, 21.860861765162205]], [[88.07568135761214, 21.8533159167756], [88.07433388468596, 21.8533159167756], [88.0746033792712, 21.852507433019895], [88.07568135761214, 21.85223793843466], [88.07595085219738, 21.852507433019895], [88.07568135761214, 21.8533159167756]], [[88.0762203467826, 21.85412440053131], [88.07568135761214, 21.853585411360836], [88.0762203467826, 21.853585411360836], [88.0762203467826, 21.85412440053131]], [[88.07864579804973, 21.856280357213194], [88.07810680887927, 21.856280357213194], [88.07810680887927, 21.855741368042725], [88.07864579804973, 21.855741368042725], [88.07864579804973, 21.856280357213194]], [[88.07756781970879, 21.856819346383666], [88.07729832512355, 21.856819346383666], [88.07729832512355, 21.856280357213194], [88.07756781970879, 21.856280357213194], [88.07756781970879, 21.856819346383666]]]}, "properties": {"change": "GAINED", "areaHa": 145.1}}, {"type": "Feature", "geometry": {"geodesic": false, "type": "Polygon", "coordinates": [[[88.19910987765016, 21.775701476227674], [88.19884038306493, 21.775701476227674], [88.19884038306493, 21.776509959983382], [88.1985708884797, 21.776509959983382], [88.19803189930921, 21.778126927494796], [88.19722341555351, 21.778935411250504], [88.1964149317978, 21.778935411250504], [88.19614543721256, 21.77785743290956], [88.1956064480421, 21.777587938324327], [88.1956064480421, 21.776509959983382], [88.19506745887162, 21.776509959983382], [88.19506745887162, 21.774892992471965], [88.1947979642864, 21.774892992471965], [88.1947979642864, 21.77408450871626], [88.19425897511591, 21.773815014131024], [88.19398948053067, 21.77165905744914], [88.19345049136021, 21.771120068278666], [88.19345049136021, 21.770581079108194], [88.19318099677497, 21.770581079108194], [88.19318099677497, 21.769772595352485], [88.1926420076045, 21.769233606182013], [88.1926420076045, 21.768694617011544], [88.19237251301927, 21.768694617011544], [88.19210301843403, 21.76492169281824], [88.1918335238488, 21.76492169281824], [88.19210301843403, 21.763843714477296], [88.1918335238488, 21.763843714477296], [88.1918335238488, 21.76168775779541], [88.19210301843403, 21.76168775779541], [88.19210301843403, 21.760879274039702], [88.19237251301927, 21.760879274039702], [88.19237251301927, 21.760070790283994], [88.1926420076045, 21.760070790283994], [88.1926420076045, 21.758723317357816], [88.19210301843403, 21.758723317357816], [88.19156402926356, 21.758184328187344], [88.19210301843403, 21.756836855261163], [88.19291150218974, 21.7571063498464], [88.19371998594545, 21.757914833602108], [88.19371998594545, 21.75845382277258], [88.19425897511591, 21.758723317357816], [88.1947979642864, 21.760070790283994], [88.1956064480421, 21.760609779454466], [88.1956064480421, 21.76114876862494], [88.19614543721256, 21.761418263210174], [88.19614543721256, 21.761957252380647], [88.19722341555351, 21.763035230721588], [88.19722341555351, 21.76357421989206], [88.1993793722354, 21.76573017657395], [88.20072684516158, 21.76626916574442], [88.20126583433205, 21.7676166386706], [88.20207431808775, 21.76815562784107], [88.20207431808775, 21.768694617011544], [88.20261330725823, 21.769233606182013], [88.2031522964287, 21.769233606182013], [88.2031522964287, 21.769772595352485], [88.20342179101394, 21.769772595352485], [88.2031522964287, 21.77004208993772], [88.20342179101394, 21.770581079108194], [88.20207431808775, 21.770581079108194], [88.20207431808775, 21.77004208993772], [88.20153532891729, 21.77004208993772], [88.20153532891729, 21.770581079108194], [88.20099633974681, 21.77085057369343], [88.20099633974681, 21.77165905744914], [88.20045735057634, 21.772198046619607], [88.20045735057634, 21.773006530375316], [88.2001878559911, 21.773006530375316], [88.19964886682064, 21.774623497886733], [88.19910987765016, 21.774892992471965], [88.19910987765016, 21.775701476227674]]]}, "properties": {"change": "LOST", "areaHa": 134.5}}, {"type": "Feature", "geometry": {"geodesic": false, "type": "Polygon", "coordinates": [[[88.1700044624447, 21.750907974385974], [88.1700044624447, 21.74686555560744], [88.16973496785945, 21.74686555560744], [88.16946547327422, 21.742284147658427], [88.16919597868899, 21.742284147658427], [88.16919597868899, 21.741475663902722], [88.16865698951851, 21.741206169317486], [88.16865698951851, 21.739858696391305], [88.16838749493327, 21.739858696391305], [88.16838749493327, 21.73878071805036], [88.16811800034804, 21.73878071805036], [88.16811800034804, 21.73770273970942], [88.1678485057628, 21.73770273970942], [88.1678485057628, 21.73635526678324], [88.16757901117757, 21.73635526678324], [88.16757901117757, 21.734738299271825], [88.16730951659233, 21.734738299271825], [88.16730951659233, 21.733929815516117], [88.1670400220071, 21.733929815516117], [88.1670400220071, 21.733121331760408], [88.16677052742186, 21.733121331760408], [88.16677052742186, 21.732312848004703], [88.16569254908092, 21.73123486966376], [88.16542305449568, 21.729887396737578], [88.16515355991045, 21.729887396737578], [88.16515355991045, 21.728809418396636], [88.16461457073997, 21.728270429226164], [88.16434507615473, 21.72611447254428], [88.1640755815695, 21.72611447254428], [88.1640755815695, 21.72341952669192], [88.16380608698427, 21.72341952669192], [88.16380608698427, 21.72207205376574], [88.1632670978138, 21.721533064595267], [88.1632670978138, 21.720455086254326], [88.16272810864332, 21.719916097083853], [88.16272810864332, 21.71937710791338], [88.16218911947286, 21.719107613328145], [88.16218911947286, 21.718568624157673], [88.16165013030238, 21.718299129572436], [88.16165013030238, 21.717760140401964], [88.15949417362049, 21.715873678305314], [88.15868568986478, 21.71371772162343], [88.15814670069432, 21.713448227038192], [88.15787720610908, 21.71210075411201], [88.1573382169386, 21.711831259526775], [88.15706872235337, 21.710753281185834], [88.15679922776813, 21.710753281185834], [88.15679922776813, 21.70967530284489], [88.15626023859767, 21.709405808259653], [88.15599074401243, 21.708327829918712], [88.15545175484195, 21.708058335333476], [88.15464327108624, 21.70455490572541], [88.15410428191578, 21.704285411140173], [88.15383478733054, 21.70320743279923], [88.1535652927453, 21.70320743279923], [88.1535652927453, 21.702398949043523], [88.15329579816007, 21.702398949043523], [88.15329579816007, 21.701051476117343], [88.15221781981913, 21.699973497776398], [88.15248731440435, 21.69862602485022], [88.15167883064865, 21.698087035679748], [88.15194832523389, 21.697009057338803], [88.15167883064865, 21.697009057338803], [88.15167883064865, 21.6962005735831], [88.1506008523077, 21.695122595242154], [88.15033135772248, 21.692966638560268], [88.15087034689294, 21.692697143975032], [88.15087034689294, 21.691888660219323], [88.15140933606341, 21.691619165634087], [88.15140933606341, 21.690541187293142], [88.15194832523389, 21.690002198122674], [88.15194832523389, 21.689193714366965], [88.15248731440435, 21.68892421978173], [88.15248731440435, 21.68811573602602], [88.1527568089896, 21.68811573602602], [88.1527568089896, 21.684073317247485], [88.15302630357483, 21.684073317247485], [88.15302630357483, 21.683264833491776], [88.15221781981913, 21.68299533890654], [88.14925337938153, 21.67976140388371], [88.149792368552, 21.67976140388371], [88.15221781981913, 21.68218685515083], [88.15383478733054, 21.68218685515083], [88.15383478733054, 21.682456349736068], [88.15491276567148, 21.682725844321304], [88.15491276567148, 21.683264833491776], [88.154373776501, 21.68380382266225], [88.154373776501, 21.687576746855548], [88.15410428191578, 21.687576746855548], [88.15410428191578, 21.6894632089522], [88.15383478733054, 21.6894632089522], [88.15383478733054, 21.693775122315973], [88.15410428191578, 21.693775122315973], [88.154373776501, 21.697009057338803], [88.15491276567148, 21.697548046509276], [88.15491276567148, 21.699165014020693], [88.15545175484195, 21.69970400319116], [88.15572124942719, 21.702129454458287], [88.15626023859767, 21.702668443628756], [88.15626023859767, 21.704285411140173], [88.1565297331829, 21.704285411140173], [88.1565297331829, 21.70509389489588], [88.15679922776813, 21.70509389489588], [88.15679922776813, 21.706171873236823], [88.15706872235337, 21.706171873236823], [88.1573382169386, 21.707249851577767], [88.15787720610908, 21.707519346163004], [88.15787720610908, 21.708058335333476], [88.15841619527954, 21.708597324503945], [88.15841619527954, 21.709405808259653], [88.15868568986478, 21.709405808259653], [88.15868568986478, 21.710214292015362], [88.15922467903526, 21.710483786600598], [88.15976366820573, 21.71290923786772], [88.16057215196143, 21.71371772162343], [88.16057215196143, 21.7142567107939], [88.16111114113191, 21.714526205379133], [88.16245861405808, 21.717760140401964], [88.16380608698427, 21.719107613328145], [88.16380608698427, 21.719646602498617], [88.16461457073997, 21.72018559166909], [88.16488406532521, 21.722341548350975], [88.16461457073997, 21.722341548350975], [88.16434507615473, 21.72341952669192], [88.16461457073997, 21.72341952669192], [88.16461457073997, 21.72611447254428], [88.16488406532521, 21.72611447254428], [88.16488406532521, 21.727731440055692], [88.16515355991045, 21.727731440055692], [88.16542305449568, 21.72934840756711], [88.16569254908092, 21.72934840756711], [88.16596204366616, 21.73042638590805], [88.1670400220071, 21.73123486966376], [88.16757901117757, 21.732851837175172], [88.16919597868899, 21.73446880468659], [88.16919597868899, 21.735816277612766], [88.16946547327422, 21.735816277612766], [88.16946547327422, 21.736624761368475], [88.1700044624447, 21.73689425595371], [88.17027395702992, 21.73958920180607], [88.17054345161516, 21.73958920180607], [88.17054345161516, 21.740667180147014], [88.1708129462004, 21.740667180147014], [88.17054345161516, 21.74605707185173], [88.17027395702992, 21.74605707185173], [88.17027395702992, 21.750907974385974], [88.1700044624447, 21.750907974385974]]]}, "properties": {"change": "LOST", "areaHa": 134.3}}, {"type": "Feature", "geometry": {"geodesic": false, "type": "Polygon", "coordinates": [[[88.38613911980384, 21.840919165854753], [88.38560013063338, 21.83822422000239], [88.38533063604814, 21.83822422000239], [88.38560013063338, 21.83714624166145], [88.38533063604814, 21.83714624166145], [88.38533063604814, 21.836068263320506], [88.3850611414629, 21.836068263320506], [88.38533063604814, 21.829061404104372], [88.38560013063338, 21.829061404104372], [88.38560013063338, 21.82744443659296], [88.38586962521862, 21.82744443659296], [88.38586962521862, 21.826366458252014], [88.38613911980384, 21.826366458252014], [88.38613911980384, 21.825288479911073], [88.38667810897432, 21.8247494907406], [88.38667810897432, 21.82421050157013], [88.38694760355955, 21.82421050157013], [88.38694760355955, 21.823671512399656], [88.38721709814479, 21.823671512399656], [88.38775608731527, 21.820976566547298], [88.38829507648573, 21.82070707196206], [88.38829507648573, 21.819898588206357], [88.38883406565621, 21.819359599035884], [88.38910356024144, 21.817742631524467], [88.38964254941192, 21.817203642353995], [88.39018153858238, 21.814778191086873], [88.39045103316762, 21.814778191086873], [88.39072052775286, 21.812622234404987], [88.39099002233809, 21.812622234404987], [88.39125951692333, 21.807771331870743], [88.39152901150857, 21.807771331870743], [88.39125951692333, 21.80076447265461], [88.39152901150857, 21.80076447265461], [88.39152901150857, 21.801303461825082], [88.39233749526427, 21.802111945580787], [88.39260698984951, 21.80318992392173], [88.39368496819046, 21.804267902262676], [88.39368496819046, 21.80507638601838], [88.39395446277568, 21.80507638601838], [88.39395446277568, 21.805615375188854], [88.39449345194616, 21.806154364359326], [88.39449345194616, 21.806962848115035], [88.3947629465314, 21.806962848115035], [88.39503244111663, 21.809388299382157], [88.39530193570187, 21.809388299382157], [88.39530193570187, 21.814508696501637], [88.3955714302871, 21.814508696501637], [88.3955714302871, 21.815317180257345], [88.39503244111663, 21.815856169427818], [88.39503244111663, 21.816664653183526], [88.3947629465314, 21.816664653183526], [88.39395446277568, 21.818820609865412], [88.39233749526427, 21.820437577376826], [88.39233749526427, 21.820976566547298], [88.39152901150857, 21.821785050303006], [88.39152901150857, 21.82232403947348], [88.39099002233809, 21.822593534058715], [88.39099002233809, 21.823132523229184], [88.38991204399714, 21.823941006984892], [88.38991204399714, 21.824479996155365], [88.38937305482668, 21.8247494907406], [88.38910356024144, 21.825827469081545], [88.38856457107097, 21.826096963666778], [88.38856457107097, 21.82663595283725], [88.38829507648573, 21.82663595283725], [88.38829507648573, 21.827174942007723], [88.3880255819005, 21.827174942007723], [88.3880255819005, 21.827713931178195], [88.38775608731527, 21.827713931178195], [88.38775608731527, 21.828252920348667], [88.38748659273003, 21.828252920348667], [88.38748659273003, 21.82879190951914], [88.38694760355955, 21.82933089868961], [88.38667810897432, 21.831756349956734], [88.38640861438908, 21.831756349956734], [88.38640861438908, 21.834181801223856], [88.38613911980384, 21.834181801223856], [88.38613911980384, 21.839571692928573], [88.38640861438908, 21.839571692928573], [88.38640861438908, 21.840919165854753], [88.38613911980384, 21.840919165854753]]]}, "properties": {"change": "GAINED", "areaHa": 126.4}}, {"type": "Feature", "geometry": {"geodesic": false, "type": "Polygon", "coordinates": [[[88.18105374043937, 21.597296060801536], [88.18051475126889, 21.596757071631068], [88.17997576209842, 21.596757071631068], [88.17997576209842, 21.59648757704583], [88.178358794587, 21.59648757704583], [88.17728081624605, 21.59514010411965], [88.17647233249035, 21.594870609534414], [88.17647233249035, 21.593792631193473], [88.17701132166083, 21.593253642023], [88.17701132166083, 21.592445158267292], [88.17808930000177, 21.59190616909682], [88.17808930000177, 21.590558696170643], [88.17862828917224, 21.590289201585406], [88.178358794587, 21.588402739488753], [88.17943677292794, 21.587324761147812], [88.17997576209842, 21.587324761147812], [88.18159272960983, 21.58543829905116], [88.1821317187803, 21.58543829905116], [88.18267070795078, 21.584360320710218], [88.18374868629172, 21.58409082612498], [88.18482666463267, 21.583012847784037], [88.18482666463267, 21.582473858613564], [88.18536565380313, 21.581934869443092], [88.18671312672932, 21.58166537485786], [88.18698262131456, 21.58031790193168], [88.18833009424073, 21.58031790193168], [88.18859958882597, 21.580048407346442], [88.18859958882597, 21.581395880272623], [88.18833009424073, 21.581395880272623], [88.18833009424073, 21.582473858613564], [88.18806059965549, 21.582473858613564], [88.18806059965549, 21.58759425573305], [88.18779110507026, 21.58759425573305], [88.18779110507026, 21.58867223407399], [88.18725211589978, 21.588941728659226], [88.18752161048502, 21.59001970700017], [88.18698262131456, 21.590558696170643], [88.18644363214408, 21.590558696170643], [88.18644363214408, 21.591367179926348], [88.18617413755884, 21.591367179926348], [88.18536565380313, 21.593523136608237], [88.18401818087696, 21.594870609534414], [88.18347919170648, 21.594870609534414], [88.18159272960983, 21.597296060801536], [88.18105374043937, 21.597296060801536]]]}, "properties": {"change": "GAINED", "areaHa": 121.8}}, {"type": "Feature", "geometry": {"geodesic": false, "type": "Polygon", "coordinates": [[[88.06274561752082, 21.979439382665984], [88.06247612293558, 21.978630898910275], [88.06193713376511, 21.97836140432504], [88.06166763917987, 21.977013931398858], [88.06139814459463, 21.977013931398858], [88.06139814459463, 21.97566645847268], [88.0603201662537, 21.974588480131736], [88.06005067166846, 21.972971512620322], [88.05897269332752, 21.972163028864614], [88.05816420957181, 21.968929093841783], [88.05789471498657, 21.968929093841783], [88.05789471498657, 21.96785111550084], [88.05708623123087, 21.967042631745134], [88.05708623123087, 21.966234147989425], [88.05654724206039, 21.96596465340419], [88.05654724206039, 21.964886675063244], [88.05546926371944, 21.963808696722303], [88.05546926371944, 21.962461223796122], [88.05466077996374, 21.96192223462565], [88.05439128537851, 21.960305267114236], [88.05412179079327, 21.960305267114236], [88.05412179079327, 21.958957794188056], [88.05331330703757, 21.958418805017587], [88.05277431786709, 21.95680183750617], [88.05250482328185, 21.95680183750617], [88.05250482328185, 21.955723859165225], [88.05223532869663, 21.955723859165225], [88.05223532869663, 21.95491537540952], [88.05196583411139, 21.95491537540952], [88.05196583411139, 21.95410689165381], [88.05169633952615, 21.95410689165381], [88.05169633952615, 21.953298407898103], [88.05115735035568, 21.95275941872763], [88.05115735035568, 21.951950934971926], [88.05250482328185, 21.95168144038669], [88.05304381245233, 21.952220429557162], [88.0535828016228, 21.953837397068575], [88.05439128537851, 21.95410689165381], [88.05439128537851, 21.954645880824284], [88.05466077996374, 21.954645880824284], [88.05439128537851, 21.95491537540952], [88.05439128537851, 21.95761032126188], [88.05573875830468, 21.95868829960282], [88.05573875830468, 21.95922728877329], [88.05627774747516, 21.959496783358528], [88.05627774747516, 21.960574761699473], [88.05708623123087, 21.96084425628471], [88.05735572581611, 21.961652740040417], [88.05816420957181, 21.96192223462565], [88.05870319874228, 21.961113750869945], [88.05924218791276, 21.961113750869945], [88.05924218791276, 21.96192223462565], [88.05897269332752, 21.96192223462565], [88.05924218791276, 21.962461223796122], [88.05897269332752, 21.96273071838136], [88.05978117708322, 21.96273071838136], [88.06005067166846, 21.96138324545518], [88.06085915542417, 21.96138324545518], [88.06166763917987, 21.960574761699473], [88.06220662835035, 21.96084425628471], [88.06193713376511, 21.96138324545518], [88.0632846066913, 21.963000212966595], [88.06301511210606, 21.96326970755183], [88.0632846066913, 21.964347685892776], [88.06274561752082, 21.964347685892776], [88.06274561752082, 21.964886675063244], [88.06436258503223, 21.96461718047801], [88.06463207961747, 21.965695158818953], [88.06517106878795, 21.96596465340419], [88.06624904712889, 21.968659599256547], [88.06678803629936, 21.968929093841783], [88.06678803629936, 21.969468083012256], [88.0670575308846, 21.969468083012256], [88.0670575308846, 21.970007072182728], [88.06759652005506, 21.9705460613532], [88.06732702546982, 21.97108505052367], [88.0678660146403, 21.971354545108905], [88.0678660146403, 21.971893534279378], [88.0670575308846, 21.972163028864614], [88.06651854171412, 21.97162403969414], [88.06624904712889, 21.970276566767964], [88.06597955254365, 21.970276566767964], [88.06597955254365, 21.969468083012256], [88.06544056337317, 21.96919858842702], [88.06517106878795, 21.96731212633037], [88.06463207961747, 21.967581620915606], [88.06463207961747, 21.96731212633037], [88.06382359586176, 21.96731212633037], [88.06382359586176, 21.96785111550084], [88.0632846066913, 21.96785111550084], [88.06301511210606, 21.96731212633037], [88.06220662835035, 21.967042631745134], [88.06247612293558, 21.966234147989425], [88.06193713376511, 21.966234147989425], [88.06193713376511, 21.965695158818953], [88.06247612293558, 21.965425664233717], [88.06247612293558, 21.96461718047801], [88.06220662835035, 21.96461718047801], [88.06220662835035, 21.96407819130754], [88.06166763917987, 21.963539202137067], [88.06220662835035, 21.963000212966595], [88.06139814459463, 21.96326970755183], [88.06112865000941, 21.963000212966595], [88.06112865000941, 21.964886675063244], [88.06058966083893, 21.964886675063244], [88.06058966083893, 21.96515616964848], [88.06166763917987, 21.96515616964848], [88.06139814459463, 21.967042631745134], [88.06220662835035, 21.967042631745134], [88.06220662835035, 21.96731212633037], [88.06112865000941, 21.967581620915606], [88.06112865000941, 21.968120610086075], [88.06166763917987, 21.968120610086075], [88.06112865000941, 21.969468083012256], [88.06166763917987, 21.969737577597492], [88.06193713376511, 21.971354545108905], [88.06274561752082, 21.971893534279378], [88.06274561752082, 21.97324100720556], [88.0632846066913, 21.97324100720556], [88.06382359586176, 21.974588480131736], [88.064093090447, 21.974588480131736], [88.064093090447, 21.974857974716972], [88.0632846066913, 21.97512746930221], [88.0632846066913, 21.975935953057917], [88.06382359586176, 21.976205447643153], [88.06382359586176, 21.977013931398858], [88.06436258503223, 21.977283425984094], [88.064093090447, 21.978091909739803], [88.06355410127652, 21.978091909739803], [88.06301511210606, 21.979439382665984], [88.06274561752082, 21.979439382665984]], [[88.05843370415704, 21.96273071838136], [88.05789471498657, 21.96273071838136], [88.05789471498657, 21.962461223796122], [88.05843370415704, 21.962461223796122], [88.05843370415704, 21.96273071838136]], [[88.06112865000941, 21.96273071838136], [88.06085915542417, 21.962461223796122], [88.06112865000941, 21.962461223796122], [88.06112865000941, 21.96273071838136]], [[88.05978117708322, 21.96515616964848], [88.05924218791276, 21.96515616964848], [88.05924218791276, 21.964347685892776], [88.06005067166846, 21.964347685892776], [88.05978117708322, 21.96515616964848]], [[88.064093090447, 21.967042631745134], [88.0632846066913, 21.967042631745134], [88.06274561752082, 21.96650364257466], [88.06274561752082, 21.965695158818953], [88.064093090447, 21.966234147989425], [88.06382359586176, 21.96650364257466], [88.064093090447, 21.967042631745134]], [[88.06301511210606, 21.978091909739803], [88.06274561752082, 21.978091909739803], [88.06274561752082, 21.977283425984094], [88.06301511210606, 21.977283425984094], [88.06301511210606, 21.978091909739803]]]}, "properties": {"change": "GAINED", "areaHa": 112.5}}, {"type": "Feature", "geometry": {"geodesic": false, "type": "Polygon", "coordinates": [[[88.39099002233809, 21.617238660108992], [88.39045103316762, 21.61589118718281], [88.38964254941192, 21.61535219801234], [88.38964254941192, 21.61481320884187], [88.38883406565621, 21.61400472508616], [88.38883406565621, 21.612926746745217], [88.3880255819005, 21.612387757574744], [88.38856457107097, 21.611848768404275], [88.38829507648573, 21.61077079006333], [88.38883406565621, 21.61077079006333], [88.38964254941192, 21.608614833381445], [88.39018153858238, 21.608075844210973], [88.39152901150857, 21.607806349625736], [88.3917985060938, 21.606997865870028], [88.39233749526427, 21.60672837128479], [88.39260698984951, 21.605380898358614], [88.39287648443474, 21.605380898358614], [88.39260698984951, 21.60349443626196], [88.39341547360522, 21.602685952506256], [88.39395446277568, 21.602685952506256], [88.39422395736092, 21.602146963335784], [88.39503244111663, 21.602146963335784], [88.39530193570187, 21.601338479580075], [88.39718839779852, 21.599721512068662], [88.397727386969, 21.597296060801536], [88.39799688155422, 21.597296060801536], [88.39826637613946, 21.594331620363942], [88.39880536530993, 21.594062125778706], [88.39907485989517, 21.59514010411965], [88.39988334365087, 21.595409598704887], [88.39988334365087, 21.605380898358614], [88.3993443544804, 21.605380898358614], [88.39961384906564, 21.6075368550405], [88.39826637613946, 21.6075368550405], [88.397727386969, 21.608075844210973], [88.397727386969, 21.608614833381445], [88.39745789238376, 21.608614833381445], [88.39745789238376, 21.60942331713715], [88.39530193570187, 21.60942331713715], [88.39503244111663, 21.610501295478095], [88.39260698984951, 21.610501295478095], [88.39233749526427, 21.61023180089286], [88.39260698984951, 21.61157927381904], [88.39152901150857, 21.611848768404275], [88.3917985060938, 21.613735230500925], [88.39099002233809, 21.613735230500925], [88.39099002233809, 21.614274219671398], [88.3917985060938, 21.61400472508616], [88.39152901150857, 21.61669967093852], [88.39099002233809, 21.617238660108992]], [[88.39045103316762, 21.614543714256634], [88.39018153858238, 21.614543714256634], [88.39018153858238, 21.61400472508616], [88.39045103316762, 21.61400472508616], [88.39045103316762, 21.614543714256634]]]}, "properties": {"change": "LOST", "areaHa": 109.2}}, {"type": "Feature", "geometry": {"geodesic": false, "type": "Polygon", "coordinates": [[[88.0182790109569, 21.581126385687387], [88.01800951637166, 21.579778912761206], [88.0174705272012, 21.579778912761206], [88.01720103261596, 21.581126385687387], [88.01639254886025, 21.581126385687387], [88.01558406510455, 21.579239923590734], [88.01504507593407, 21.579239923590734], [88.01504507593407, 21.578700934420265], [88.0145060867636, 21.578700934420265], [88.01235013008171, 21.576544977738376], [88.01235013008171, 21.576005988567903], [88.01154164632601, 21.5751975048122], [88.01154164632601, 21.57438902105649], [88.01127215174077, 21.57438902105649], [88.01127215174077, 21.572772053545076], [88.01181114091125, 21.57250255895984], [88.01208063549647, 21.572772053545076], [88.01288911925218, 21.571963569789368], [88.01342810842266, 21.57034660227795], [88.01666204344549, 21.56711266725512], [88.01989597846831, 21.56603468891418], [88.0212434513945, 21.564687215988], [88.02232142973544, 21.564417721402762], [88.0228604189059, 21.563609237647057], [88.02339940807639, 21.563609237647057], [88.02366890266163, 21.563070248476585], [88.02447738641733, 21.563070248476585], [88.02366890266163, 21.56387873223229], [88.02366890266163, 21.564687215988], [88.02474688100256, 21.565765194328943], [88.0258248593435, 21.565765194328943], [88.02609435392874, 21.56603468891418], [88.02609435392874, 21.565765194328943], [88.02690283768445, 21.565765194328943], [88.02690283768445, 21.56657367808465], [88.02555536475828, 21.566843172669884], [88.02555536475828, 21.56711266725512], [88.02232142973544, 21.567382161840357], [88.0220519351502, 21.56792115101083], [88.02151294597974, 21.56792115101083], [88.02070446222403, 21.568729634766537], [88.02070446222403, 21.56926862393701], [88.02016547305355, 21.569807613107482], [88.02016547305355, 21.570616096863187], [88.01989597846831, 21.570616096863187], [88.01989597846831, 21.571424580618896], [88.01962648388309, 21.571424580618896], [88.01962648388309, 21.572233064374604], [88.01935698929785, 21.572233064374604], [88.01935698929785, 21.57304154813031], [88.01908749471261, 21.57304154813031], [88.01908749471261, 21.574119526471254], [88.01881800012737, 21.574119526471254], [88.01881800012737, 21.57573649398267], [88.01854850554214, 21.57573649398267], [88.01881800012737, 21.57843143983503], [88.0182790109569, 21.578970429005498], [88.0182790109569, 21.579778912761206], [88.01908749471261, 21.580048407346442], [88.01908749471261, 21.58085689110215], [88.0182790109569, 21.581126385687387]], [[88.01800951637166, 21.570616096863187], [88.0174705272012, 21.570616096863187], [88.01720103261596, 21.569807613107482], [88.01774002178644, 21.569807613107482], [88.01800951637166, 21.570616096863187]], [[88.0182790109569, 21.57115508603366], [88.01774002178644, 21.57115508603366], [88.01774002178644, 21.570885591448423], [88.0182790109569, 21.570885591448423], [88.0182790109569, 21.57115508603366]], [[88.01720103261596, 21.57304154813031], [88.01666204344549, 21.57304154813031], [88.01666204344549, 21.572772053545076], [88.01720103261596, 21.572233064374604], [88.01774002178644, 21.572233064374604], [88.01720103261596, 21.57304154813031]], [[88.01612305427501, 21.576005988567903], [88.01531457051931, 21.575466999397435], [88.01585355968977, 21.573850031886018], [88.01612305427501, 21.573850031886018], [88.01612305427501, 21.574658515641726], [88.01585355968977, 21.574658515641726], [88.01612305427501, 21.576005988567903]], [[88.01720103261596, 21.579239923590734], [88.01639254886025, 21.579239923590734], [88.01585355968977, 21.578700934420265], [88.01531457051931, 21.578700934420265], [88.01531457051931, 21.578161945249793], [88.01612305427501, 21.578161945249793], [88.01612305427501, 21.57762295607932], [88.01666204344549, 21.577353461494084], [88.01693153803072, 21.57843143983503], [88.01720103261596, 21.57843143983503], [88.01720103261596, 21.579239923590734]]]}, "properties": {"change": "LOST", "areaHa": 107.2}}, {"type": "Feature", "geometry": {"geodesic": false, "type": "Polygon", "coordinates": [[[88.06193713376511, 21.73258234258994], [88.06058966083893, 21.73123486966376], [88.06005067166846, 21.73123486966376], [88.05951168249798, 21.729887396737578], [88.05897269332752, 21.72961790215234], [88.05897269332752, 21.729078912981873], [88.05762522040133, 21.727731440055692], [88.05681673664563, 21.727461945470456], [88.05654724206039, 21.726383967129514], [88.05600825288992, 21.725844977959042], [88.05519976913422, 21.725575483373806], [88.05493027454898, 21.723689021277153], [88.0535828016228, 21.723150032106684], [88.05304381245233, 21.721802559180503], [88.05250482328185, 21.721802559180503], [88.05250482328185, 21.721533064595267], [88.05169633952615, 21.721533064595267], [88.05169633952615, 21.721802559180503], [88.05034886659998, 21.721533064595267], [88.0498098774295, 21.72072458083956], [88.04900139367379, 21.72072458083956], [88.04873189908855, 21.719916097083853], [88.04792341533285, 21.71937710791338], [88.04792341533285, 21.719107613328145], [88.04873189908855, 21.719107613328145], [88.04846240450333, 21.718568624157673], [88.0468454369919, 21.71883811874291], [88.04657594240666, 21.71749064581673], [88.04549796406573, 21.71749064581673], [88.04549796406573, 21.716412667475787], [88.0460369532362, 21.715873678305314], [88.04576745865096, 21.715604183720078], [88.04576745865096, 21.7142567107939], [88.04549796406573, 21.7142567107939], [88.04576745865096, 21.713987216208665], [88.04576745865096, 21.71210075411201], [88.04549796406573, 21.711831259526775], [88.04576745865096, 21.711831259526775], [88.04576745865096, 21.710753281185834], [88.04549796406573, 21.710483786600598], [88.04576745865096, 21.710214292015362], [88.04549796406573, 21.710214292015362], [88.04549796406573, 21.70886681908918], [88.04522846948049, 21.70886681908918], [88.04522846948049, 21.706710862407295], [88.04495897489525, 21.706710862407295], [88.04495897489525, 21.70509389489588], [88.04468948031001, 21.70509389489588], [88.04441998572479, 21.70132097070258], [88.04361150196907, 21.70051248694687], [88.04361150196907, 21.69862602485022], [88.0430725127986, 21.698087035679748], [88.0430725127986, 21.697548046509276], [88.04280301821336, 21.697548046509276], [88.04253352362814, 21.695931078997862], [88.04334200738384, 21.69647006816833], [88.0430725127986, 21.69727855192404], [88.04415049113955, 21.698356530264984], [88.04468948031001, 21.698356530264984], [88.04468948031001, 21.699165014020693], [88.04522846948049, 21.69970400319116], [88.04657594240666, 21.699165014020693], [88.04630644782144, 21.700242992361634], [88.0460369532362, 21.700242992361634], [88.0460369532362, 21.702668443628756], [88.04630644782144, 21.702668443628756], [88.04657594240666, 21.707249851577767], [88.0468454369919, 21.707249851577767], [88.04657594240666, 21.708597324503945], [88.04738442616238, 21.709405808259653], [88.0476539207476, 21.71210075411201], [88.04792341533285, 21.71210075411201], [88.04792341533285, 21.71290923786772], [88.04846240450333, 21.713178732452956], [88.04873189908855, 21.714526205379133], [88.0506183611852, 21.716412667475787], [88.0506183611852, 21.71695165664626], [88.05142684494092, 21.71749064581673], [88.05169633952615, 21.718299129572436], [88.05250482328185, 21.718299129572436], [88.05304381245233, 21.717760140401964], [88.05277431786709, 21.719107613328145], [88.0535828016228, 21.71937710791338], [88.05546926371944, 21.72126357001003], [88.05546926371944, 21.721802559180503], [88.05627774747516, 21.722341548350975], [88.05627774747516, 21.722880537521448], [88.05735572581611, 21.723689021277153], [88.05735572581611, 21.724228010447625], [88.05816420957181, 21.725036494203334], [88.05951168249798, 21.728270429226164], [88.06058966083893, 21.729078912981873], [88.06058966083893, 21.72961790215234], [88.06112865000941, 21.729887396737578], [88.06166763917987, 21.73123486966376], [88.06247612293558, 21.73177385883423], [88.06247612293558, 21.73258234258994], [88.06193713376511, 21.73258234258994]], [[88.04792341533285, 21.71614317289055], [88.0476539207476, 21.715873678305314], [88.04792341533285, 21.715873678305314], [88.04792341533285, 21.71614317289055]]]}, "properties": {"change": "LOST", "areaHa": 102.2}}, {"type": "Feature", "geometry": {"geodesic": false, "type": "Polygon", "coordinates": [[[88.145210960603, 21.85789732472461], [88.14548045518822, 21.85466338970178], [88.14655843352917, 21.853585411360836], [88.1468279281144, 21.851159960093714], [88.14709742269964, 21.851159960093714], [88.14709742269964, 21.850351476338005], [88.14736691728488, 21.850351476338005], [88.14736691728488, 21.8495429925823], [88.14763641187011, 21.8495429925823], [88.14763641187011, 21.848734508826592], [88.14790590645535, 21.848734508826592], [88.14790590645535, 21.847656530485647], [88.14844489562581, 21.84711754131518], [88.14844489562581, 21.846039562974234], [88.14871439021105, 21.846039562974234], [88.14871439021105, 21.845231079218525], [88.1489838847963, 21.845231079218525], [88.1489838847963, 21.843883606292348], [88.14925337938153, 21.843883606292348], [88.14925337938153, 21.84307512253664], [88.14952287396676, 21.84307512253664], [88.14952287396676, 21.84226663878093], [88.149792368552, 21.84226663878093], [88.149792368552, 21.841188660439986], [88.15006186313724, 21.841188660439986], [88.15087034689294, 21.83822422000239], [88.15140933606341, 21.83795472541716], [88.15140933606341, 21.837415736246687], [88.15221781981913, 21.83660725249098], [88.15248731440435, 21.834990284979565], [88.15302630357483, 21.83472079039433], [88.15329579816007, 21.833642812053384], [88.15383478733054, 21.833373317468148], [88.15410428191578, 21.832295339127203], [88.15491276567148, 21.831756349956734], [88.15491276567148, 21.831217360786262], [88.15545175484195, 21.830947866201026], [88.15545175484195, 21.830408877030553], [88.15679922776813, 21.82933089868961], [88.1573382169386, 21.82798342576343], [88.15814670069432, 21.82744443659296], [88.15814670069432, 21.826905447422487], [88.15922467903526, 21.826096963666778], [88.15922467903526, 21.82555797449631], [88.16003316279097, 21.8247494907406], [88.16057215196143, 21.8247494907406], [88.16218911947286, 21.823132523229184], [88.16218911947286, 21.822593534058715], [88.16434507615473, 21.820437577376826], [88.16542305449568, 21.82016808279159], [88.16838749493327, 21.816664653183526], [88.16919597868899, 21.81639515859829], [88.16919597868899, 21.815856169427818], [88.16973496785945, 21.81558667484258], [88.16973496785945, 21.814778191086873], [88.17054345161516, 21.8142392019164], [88.1708129462004, 21.81316122357546], [88.17108244078564, 21.81316122357546], [88.17108244078564, 21.81235273981975], [88.17135193537086, 21.81235273981975], [88.17108244078564, 21.809657793967393], [88.17216041912658, 21.80992728855263], [88.17242991371181, 21.810196783137865], [88.17242991371181, 21.81181375064928], [88.17216041912658, 21.81181375064928], [88.17189092454134, 21.81316122357546], [88.17135193537086, 21.813700212745932], [88.17135193537086, 21.814508696501637], [88.17108244078564, 21.814508696501637], [88.17108244078564, 21.81504768567211], [88.17054345161516, 21.81558667484258], [88.17054345161516, 21.817203642353995], [88.1700044624447, 21.817742631524467], [88.1700044624447, 21.818820609865412], [88.16650103283662, 21.82232403947348], [88.16596204366616, 21.82232403947348], [88.16542305449568, 21.823132523229184], [88.16488406532521, 21.823132523229184], [88.16434507615473, 21.823941006984892], [88.16380608698427, 21.823941006984892], [88.16030265737619, 21.827713931178195], [88.15976366820573, 21.827713931178195], [88.15922467903526, 21.828252920348667], [88.15868568986478, 21.829600393274845], [88.1573382169386, 21.83067837161579], [88.1565297331829, 21.83256483371244], [88.15518226025672, 21.833642812053384], [88.15491276567148, 21.83472079039433], [88.15383478733054, 21.83579876873527], [88.1535652927453, 21.837415736246687], [88.15302630357483, 21.837685230831923], [88.15248731440435, 21.83984118751381], [88.15221781981913, 21.83984118751381], [88.15221781981913, 21.84038017668428], [88.15167883064865, 21.840919165854753], [88.15140933606341, 21.842805627951403], [88.15087034689294, 21.84307512253664], [88.15087034689294, 21.84361411170711], [88.1506008523077, 21.84361411170711], [88.1506008523077, 21.84415310087758], [88.15006186313724, 21.844692090048053], [88.15006186313724, 21.845770068388997], [88.149792368552, 21.845770068388997], [88.15006186313724, 21.846848046729942], [88.14925337938153, 21.847656530485647], [88.14925337938153, 21.848734508826592], [88.14871439021105, 21.849273497997064], [88.14871439021105, 21.85062097092324], [88.14844489562581, 21.85062097092324], [88.14844489562581, 21.851159960093714], [88.14790590645535, 21.851698949264186], [88.14790590645535, 21.8533159167756], [88.14655843352917, 21.85466338970178], [88.14628893894394, 21.856280357213194], [88.14548045518822, 21.856819346383666], [88.14548045518822, 21.85789732472461], [88.145210960603, 21.85789732472461]]]}, "properties": {"change": "LOST", "areaHa": 102.0}}, {"type": "Feature", "geometry": {"geodesic": false, "type": "Polygon", "coordinates": [[[88.17970626751318, 21.798608515972724], [88.17889778375748, 21.797800032217015], [88.17889778375748, 21.796991548461307], [88.17781980541653, 21.795913570120362], [88.17781980541653, 21.795374580949893], [88.17728081624605, 21.795374580949893], [88.17674182707559, 21.79483559177942], [88.17674182707559, 21.793218624268004], [88.17728081624605, 21.792679635097535], [88.17728081624605, 21.79160165675659], [88.17781980541653, 21.791062667586118], [88.17781980541653, 21.790523678415646], [88.17808930000177, 21.790523678415646], [88.17808930000177, 21.789984689245173], [88.178358794587, 21.789984689245173], [88.17889778375748, 21.786750754222346], [88.1791672783427, 21.786750754222346], [88.1791672783427, 21.785942270466638], [88.17970626751318, 21.785403281296166], [88.17970626751318, 21.784864292125693], [88.17997576209842, 21.784864292125693], [88.17997576209842, 21.783786313784752], [88.18105374043937, 21.783516819199516], [88.18159272960983, 21.784055808369985], [88.18240121336554, 21.784055808369985], [88.18294020253602, 21.784864292125693], [88.18347919170648, 21.784864292125693], [88.18482666463267, 21.786211765051874], [88.18482666463267, 21.786750754222346], [88.18536565380313, 21.78702024880758], [88.18536565380313, 21.78755923797805], [88.18644363214408, 21.788637216318996], [88.18644363214408, 21.79025418383041], [88.18671312672932, 21.79025418383041], [88.18644363214408, 21.790793173000882], [88.18671312672932, 21.791062667586118], [88.18617413755884, 21.791062667586118], [88.18644363214408, 21.79160165675659], [88.18590464297361, 21.79160165675659], [88.18482666463267, 21.792679635097535], [88.18482666463267, 21.793757613438476], [88.18374868629172, 21.794566097194185], [88.18374868629172, 21.79564407553513], [88.18320969712124, 21.79564407553513], [88.18320969712124, 21.7961830647056], [88.18240121336554, 21.796991548461307], [88.18186222419507, 21.796991548461307], [88.18051475126889, 21.798608515972724], [88.17970626751318, 21.798608515972724]], [[88.18267070795078, 21.792140645927063], [88.1821317187803, 21.792140645927063], [88.18159272960983, 21.79160165675659], [88.18186222419507, 21.79025418383041], [88.18294020253602, 21.790523678415646], [88.18294020253602, 21.791871151341827], [88.18267070795078, 21.792140645927063]]]}, "properties": {"change": "LOST", "areaHa": 101.1}}, {"type": "Feature", "geometry": {"geodesic": false, "type": "Polygon", "coordinates": [[[88.31175861427874, 21.85412440053131], [88.31148911969352, 21.853585411360836], [88.31068063593781, 21.853585411360836], [88.31041114135257, 21.85412440053131], [88.3098721521821, 21.85412440053131], [88.3098721521821, 21.853854905946072], [88.30744670091498, 21.853854905946072], [88.30798569008545, 21.8533159167756], [88.30852467925592, 21.8533159167756], [88.30852467925592, 21.853046422190367], [88.30906366842639, 21.853046422190367], [88.30933316301163, 21.852507433019895], [88.3098721521821, 21.852507433019895], [88.31148911969352, 21.85062097092324], [88.31229760344922, 21.850351476338005], [88.31229760344922, 21.849812487167537], [88.31310608720493, 21.849004003411828], [88.31310608720493, 21.84819551965612], [88.31337558179017, 21.84819551965612], [88.31364507637541, 21.84630905755947], [88.31337558179017, 21.84630905755947], [88.31310608720493, 21.843883606292348], [88.31229760344922, 21.84307512253664], [88.31229760344922, 21.84226663878093], [88.31175861427874, 21.84172764961046], [88.31175861427874, 21.841188660439986], [88.31148911969352, 21.841188660439986], [88.31148911969352, 21.840649671269517], [88.31121962510828, 21.840649671269517], [88.31121962510828, 21.83984118751381], [88.31068063593781, 21.839302198343336], [88.31068063593781, 21.838763209172864], [88.31041114135257, 21.838763209172864], [88.31041114135257, 21.83822422000239], [88.31014164676733, 21.83822422000239], [88.31014164676733, 21.837685230831923], [88.30906366842639, 21.83660725249098], [88.30744670091498, 21.832834328297675], [88.30582973340356, 21.831486855371498], [88.30582973340356, 21.830947866201026], [88.30529074423309, 21.830408877030553], [88.30475175506263, 21.830408877030553], [88.3039432713069, 21.82933089868961], [88.30124832545455, 21.828252920348667], [88.30124832545455, 21.82798342576343], [88.30070933628409, 21.82798342576343], [88.30070933628409, 21.827713931178195], [88.2993618633579, 21.827713931178195], [88.2993618633579, 21.82744443659296], [88.2985533796022, 21.82744443659296], [88.2985533796022, 21.827174942007723], [88.2955889391646, 21.826905447422487], [88.2955889391646, 21.82663595283725], [88.29424146623842, 21.82663595283725], [88.29424146623842, 21.826366458252014], [88.29154652038606, 21.826366458252014], [88.29154652038606, 21.826096963666778], [88.29019904745988, 21.826096963666778], [88.29019904745988, 21.825827469081545], [88.28885157453371, 21.825827469081545], [88.28885157453371, 21.82555797449631], [88.28696511243704, 21.82555797449631], [88.28696511243704, 21.825288479911073], [88.28615662868134, 21.825288479911073], [88.28615662868134, 21.825018985325837], [88.2850786503404, 21.825018985325837], [88.2850786503404, 21.8247494907406], [88.28427016658469, 21.8247494907406], [88.28427016658469, 21.824479996155365], [88.28292269365852, 21.824479996155365], [88.28238370448804, 21.823941006984892], [88.28157522073234, 21.823941006984892], [88.28157522073234, 21.823671512399656], [88.27968875863569, 21.82340201781442], [88.2791497694652, 21.82286302864395], [88.27861078029474, 21.82286302864395], [88.27861078029474, 21.822593534058715], [88.27807179112426, 21.822593534058715], [88.27807179112426, 21.82232403947348], [88.27672431819809, 21.822054544888243], [88.27645482361285, 21.82151555571777], [88.27861078029474, 21.822054544888243], [88.2791497694652, 21.822593534058715], [88.28049724239139, 21.822593534058715], [88.28049724239139, 21.82286302864395], [88.28265319907328, 21.823132523229184], [88.28265319907328, 21.82340201781442], [88.28453966116993, 21.823671512399656], [88.28453966116993, 21.823941006984892], [88.28804309077799, 21.82421050157013], [88.28804309077799, 21.824479996155365], [88.29100753121558, 21.824479996155365], [88.29100753121558, 21.8247494907406], [88.29504994999412, 21.8247494907406], [88.29504994999412, 21.825018985325837], [88.29774489584649, 21.825288479911073], [88.29774489584649, 21.82555797449631], [88.29990085252837, 21.826096963666778], [88.29990085252837, 21.826366458252014], [88.30043984169885, 21.826366458252014], [88.30043984169885, 21.82663595283725], [88.30097883086931, 21.82663595283725], [88.30097883086931, 21.826905447422487], [88.30151782003979, 21.826905447422487], [88.30151782003979, 21.827174942007723], [88.30205680921026, 21.827174942007723], [88.30259579838074, 21.827713931178195], [88.30421276589215, 21.82798342576343], [88.3060992279888, 21.82986988786008], [88.30717720632974, 21.829600393274845], [88.30744670091498, 21.830139382445317], [88.3069077117445, 21.830139382445317], [88.3069077117445, 21.830408877030553], [88.30744670091498, 21.830947866201026], [88.30798569008545, 21.830408877030553], [88.30798569008545, 21.830947866201026], [88.30852467925592, 21.831217360786262], [88.30906366842639, 21.83256483371244], [88.31068063593781, 21.834181801223856], [88.31068063593781, 21.83472079039433], [88.31121962510828, 21.835259779564797], [88.31121962510828, 21.836337757905742], [88.31175861427874, 21.836876747076214], [88.31175861427874, 21.83795472541716], [88.31256709803446, 21.838763209172864], [88.31256709803446, 21.839302198343336], [88.31310608720493, 21.839571692928573], [88.31310608720493, 21.840110682099045], [88.31364507637541, 21.84038017668428], [88.31391457096063, 21.841997144195695], [88.31418406554587, 21.841997144195695], [88.31472305471634, 21.84415310087758], [88.31499254930158, 21.84415310087758], [88.31472305471634, 21.848465014241356], [88.31445356013111, 21.848465014241356], [88.31445356013111, 21.849273497997064], [88.31418406554587, 21.849273497997064], [88.31364507637541, 21.850890465508478], [88.31256709803446, 21.851968443849422], [88.31256709803446, 21.852507433019895], [88.31202810886398, 21.853046422190367], [88.31202810886398, 21.85412440053131], [88.31175861427874, 21.85412440053131]], [[88.31014164676733, 21.834990284979565], [88.3098721521821, 21.834990284979565], [88.3098721521821, 21.834181801223856], [88.31014164676733, 21.834181801223856], [88.31014164676733, 21.834990284979565]], [[88.31337558179017, 21.840919165854753], [88.31283659261969, 21.84038017668428], [88.31337558179017, 21.840649671269517], [88.31337558179017, 21.840919165854753]]]}, "properties": {"change": "GAINED", "areaHa": 98.6}}, {"type": "Feature", "geometry": {"geodesic": false, "type": "Polygon", "coordinates": [[[88.03741312650865, 21.93605075444301], [88.03741312650865, 21.934972776102065], [88.03633514816771, 21.933894797761123], [88.03606565358247, 21.931199851908765], [88.03579615899723, 21.931199851908765], [88.035526664412, 21.929852378982584], [88.03525716982676, 21.929852378982584], [88.03498767524152, 21.927965916885935], [88.03525716982676, 21.927965916885935], [88.035526664412, 21.927157433130226], [88.03498767524152, 21.926618443959754], [88.03525716982676, 21.92607945478928], [88.03498767524152, 21.92607945478928], [88.03471818065628, 21.92419299269263], [88.03417919148582, 21.923923498107396], [88.03417919148582, 21.922306530595982], [88.03390969690058, 21.922037036010746], [88.03417919148582, 21.92176754142551], [88.03364020231535, 21.921498046840274], [88.03364020231535, 21.9209590576698], [88.03283171855963, 21.9209590576698], [88.03337070773011, 21.91961158474362], [88.03229272938917, 21.91961158474362], [88.03283171855963, 21.918264111817443], [88.03175374021869, 21.917994617232207], [88.03175374021869, 21.91853360640268], [88.03094525646299, 21.91853360640268], [88.03094525646299, 21.918264111817443], [88.03013677270728, 21.918264111817443], [88.03013677270728, 21.917994617232207], [88.02851980519587, 21.917994617232207], [88.02798081602539, 21.917455628061735], [88.02798081602539, 21.916377649720793], [88.02771132144015, 21.916377649720793], [88.02744182685493, 21.915030176794613], [88.02717233226969, 21.915030176794613], [88.02690283768445, 21.91368270386843], [88.02663334309922, 21.91368270386843], [88.02663334309922, 21.912065736357018], [88.02636384851398, 21.912065736357018], [88.02663334309922, 21.910718263430837], [88.02771132144015, 21.910987758016073], [88.02744182685493, 21.91017927426037], [88.02771132144015, 21.91017927426037], [88.02771132144015, 21.909640285089896], [88.02825031061063, 21.909640285089896], [88.02851980519587, 21.9104487688456], [88.03013677270728, 21.9104487688456], [88.03040626729252, 21.909909779675132], [88.03094525646299, 21.909909779675132], [88.03148424563346, 21.9104487688456], [88.03175374021869, 21.911796241771782], [88.03229272938917, 21.912065736357018], [88.03229272938917, 21.91260472552749], [88.03283171855963, 21.91260472552749], [88.03256222397441, 21.912874220112727], [88.03283171855963, 21.91368270386843], [88.03337070773011, 21.9134132092832], [88.03337070773011, 21.91449118762414], [88.03390969690058, 21.914760682209376], [88.03444868607106, 21.916377649720793], [88.035526664412, 21.916377649720793], [88.03579615899723, 21.917994617232207], [88.03687413733817, 21.918803100987915], [88.03687413733817, 21.920689563084565], [88.03660464275295, 21.920689563084565], [88.03633514816771, 21.922576025181215], [88.03687413733817, 21.92284551976645], [88.03687413733817, 21.923923498107396], [88.03714363192341, 21.923923498107396], [88.03714363192341, 21.927965916885935], [88.03687413733817, 21.927965916885935], [88.03714363192341, 21.929582884397348], [88.03660464275295, 21.929852378982584], [88.03660464275295, 21.930391368153057], [88.03687413733817, 21.930391368153057], [88.03714363192341, 21.93281681942018], [88.03741312650865, 21.93281681942018], [88.03714363192341, 21.933894797761123], [88.03822161026436, 21.934972776102065], [88.03822161026436, 21.935781259857773], [88.03741312650865, 21.93605075444301]], [[88.03175374021869, 21.913143714697963], [88.03148424563346, 21.912874220112727], [88.03175374021869, 21.912874220112727], [88.03175374021869, 21.913143714697963]], [[88.03229272938917, 21.913143714697963], [88.03202323480393, 21.912874220112727], [88.03229272938917, 21.912874220112727], [88.03229272938917, 21.913143714697963]], [[88.03202323480393, 21.914221693038904], [88.03175374021869, 21.914221693038904], [88.03175374021869, 21.91368270386843], [88.03229272938917, 21.9134132092832], [88.03202323480393, 21.914221693038904]], [[88.03283171855963, 21.916377649720793], [88.03256222397441, 21.916108155135557], [88.03283171855963, 21.916108155135557], [88.03283171855963, 21.916377649720793]], [[88.02986727812204, 21.91772512264697], [88.02959778353681, 21.917455628061735], [88.02986727812204, 21.917455628061735], [88.02986727812204, 21.91772512264697]], [[88.03310121314487, 21.91772512264697], [88.03229272938917, 21.917455628061735], [88.03229272938917, 21.9171861334765], [88.03283171855963, 21.9171861334765], [88.03256222397441, 21.916647144306026], [88.03310121314487, 21.916647144306026], [88.03310121314487, 21.9171861334765], [88.03337070773011, 21.9171861334765], [88.03310121314487, 21.91772512264697]]]}, "properties": {"change": "LOST", "areaHa": 98.0}}, {"type": "Feature", "geometry": {"geodesic": false, "type": "Polygon", "coordinates": [[[88.38775608731527, 21.892123137049566], [88.38856457107097, 21.89104515870862], [88.38991204399714, 21.890775664123385], [88.39045103316762, 21.890236674952913], [88.39099002233809, 21.890236674952913], [88.39099002233809, 21.889967180367677], [88.39152901150857, 21.889967180367677], [88.39152901150857, 21.88969768578244], [88.39206800067903, 21.88969768578244], [88.39260698984951, 21.888889202026736], [88.39395446277568, 21.888350212856263], [88.39422395736092, 21.88781122368579], [88.3947629465314, 21.88781122368579], [88.39637991404281, 21.88592476158914], [88.39691890321328, 21.88592476158914], [88.39745789238376, 21.88538577241867], [88.39745789238376, 21.88457728866296], [88.39691890321328, 21.884038299492488], [88.39691890321328, 21.883499310322016], [88.39664940862805, 21.883499310322016], [88.39664940862805, 21.882960321151547], [88.39637991404281, 21.882960321151547], [88.39637991404281, 21.882421331981075], [88.39611041945757, 21.882421331981075], [88.39611041945757, 21.881612848225366], [88.39584092487233, 21.881612848225366], [88.39584092487233, 21.88053486988442], [88.39530193570187, 21.879995880713953], [88.39530193570187, 21.878917902373008], [88.39449345194616, 21.8781094186173], [88.39395446277568, 21.874066999838764], [88.39368496819046, 21.874066999838764], [88.39368496819046, 21.87164154857164], [88.39341547360522, 21.87164154857164], [88.39314597901998, 21.858166819309847], [88.39341547360522, 21.858166819309847], [88.39368496819046, 21.85466338970178], [88.39395446277568, 21.85466338970178], [88.39395446277568, 21.853854905946072], [88.39422395736092, 21.853854905946072], [88.39449345194616, 21.855202378872253], [88.3947629465314, 21.855202378872253], [88.3947629465314, 21.856280357213194], [88.39503244111663, 21.856280357213194], [88.39503244111663, 21.857627830139375], [88.39530193570187, 21.857627830139375], [88.3955714302871, 21.86301772184409], [88.39584092487233, 21.86301772184409], [88.3955714302871, 21.87218053774211], [88.39584092487233, 21.87218053774211], [88.39611041945757, 21.87730093486159], [88.39637991404281, 21.87730093486159], [88.39637991404281, 21.87864840778777], [88.39664940862805, 21.87864840778777], [88.39664940862805, 21.87945689154348], [88.39691890321328, 21.87945689154348], [88.39745789238376, 21.88215183739584], [88.397727386969, 21.88215183739584], [88.397727386969, 21.88269082656631], [88.39826637613946, 21.883229815736783], [88.3985358707247, 21.88646375075961], [88.39826637613946, 21.88646375075961], [88.39799688155422, 21.88781122368579], [88.39611041945757, 21.88969768578244], [88.3955714302871, 21.88969768578244], [88.39503244111663, 21.890236674952913], [88.39422395736092, 21.890236674952913], [88.39422395736092, 21.89050616953815], [88.39314597901998, 21.89050616953815], [88.39287648443474, 21.89104515870862], [88.39152901150857, 21.89104515870862], [88.39152901150857, 21.891314653293858], [88.38910356024144, 21.891584147879094], [88.38856457107097, 21.892123137049566], [88.38775608731527, 21.892123137049566]]]}, "properties": {"change": "GAINED", "areaHa": 91.2}}, {"type": "Feature", "geometry": {"geodesic": false, "type": "Polygon", "coordinates": [[[88.30879417384115, 21.736624761368475], [88.30906366842639, 21.73123486966376], [88.30879417384115, 21.73123486966376], [88.30879417384115, 21.730156891322814], [88.30852467925592, 21.730156891322814], [88.30852467925592, 21.729078912981873], [88.30825518467068, 21.729078912981873], [88.30825518467068, 21.728270429226164], [88.30771619550022, 21.727731440055692], [88.30771619550022, 21.72719245088522], [88.30744670091498, 21.72719245088522], [88.30744670091498, 21.726653461714747], [88.30663821715927, 21.725844977959042], [88.30663821715927, 21.725036494203334], [88.3060992279888, 21.72449750503286], [88.3060992279888, 21.723689021277153], [88.30556023881833, 21.723150032106684], [88.30556023881833, 21.72261104293621], [88.30529074423309, 21.72261104293621], [88.30529074423309, 21.72207205376574], [88.30502124964785, 21.72207205376574], [88.30502124964785, 21.721533064595267], [88.30448226047739, 21.72126357001003], [88.30448226047739, 21.72072458083956], [88.30367377672168, 21.719916097083853], [88.3031347875512, 21.717760140401964], [88.30286529296596, 21.717760140401964], [88.30259579838074, 21.715065194549606], [88.3023263037955, 21.715065194549606], [88.3023263037955, 21.71156176494154], [88.3031347875512, 21.710753281185834], [88.30421276589215, 21.710483786600598], [88.30448226047739, 21.709944797430126], [88.30502124964785, 21.709944797430126], [88.30529074423309, 21.709405808259653], [88.30663821715927, 21.709405808259653], [88.30663821715927, 21.709136313674417], [88.31310608720493, 21.709136313674417], [88.31310608720493, 21.70886681908918], [88.31445356013111, 21.70886681908918], [88.31472305471634, 21.709136313674417], [88.31472305471634, 21.70886681908918], [88.31553153847206, 21.70886681908918], [88.31553153847206, 21.709136313674417], [88.31634002222776, 21.709136313674417], [88.31634002222776, 21.709405808259653], [88.31553153847206, 21.709405808259653], [88.31553153847206, 21.70967530284489], [88.31229760344922, 21.710483786600598], [88.31229760344922, 21.710753281185834], [88.31121962510828, 21.71102277577107], [88.31095013052304, 21.71156176494154], [88.3098721521821, 21.711831259526775], [88.30960265759687, 21.712370248697248], [88.30906366842639, 21.712370248697248], [88.30771619550022, 21.71371772162343], [88.30771619550022, 21.7142567107939], [88.30717720632974, 21.714526205379133], [88.30717720632974, 21.715334689134842], [88.3069077117445, 21.715334689134842], [88.30663821715927, 21.71695165664626], [88.30636872257404, 21.71695165664626], [88.30636872257404, 21.72072458083956], [88.30663821715927, 21.72072458083956], [88.30663821715927, 21.721802559180503], [88.3069077117445, 21.721802559180503], [88.3069077117445, 21.72261104293621], [88.30717720632974, 21.72261104293621], [88.30744670091498, 21.72449750503286], [88.30771619550022, 21.72449750503286], [88.30771619550022, 21.725036494203334], [88.30825518467068, 21.72530598878857], [88.30825518467068, 21.72611447254428], [88.30852467925592, 21.72611447254428], [88.30852467925592, 21.72719245088522], [88.30879417384115, 21.72719245088522], [88.30906366842639, 21.72934840756711], [88.30933316301163, 21.72934840756711], [88.30933316301163, 21.730695880493286], [88.30960265759687, 21.730695880493286], [88.30960265759687, 21.73446880468659], [88.30933316301163, 21.73446880468659], [88.30933316301163, 21.735546783027534], [88.30906366842639, 21.735546783027534], [88.30906366842639, 21.736624761368475], [88.30879417384115, 21.736624761368475]]]}, "properties": {"change": "GAINED", "areaHa": 90.5}}, {"type": "Feature", "geometry": {"geodesic": false, "type": "Polygon", "coordinates": [[[88.22686781992945, 21.611848768404275], [88.2249813578328, 21.612118262989508], [88.22686781992945, 21.61023180089286], [88.22821529285564, 21.609692811722386], [88.22902377661134, 21.60888432796668], [88.22929327119658, 21.608075844210973], [88.22983226036705, 21.608075844210973], [88.23037124953753, 21.607267360455264], [88.23117973329323, 21.606997865870028], [88.23117973329323, 21.606458876699556], [88.23683911958318, 21.600799490409603], [88.23710861416842, 21.599721512068662], [88.23791709792413, 21.598913028312953], [88.23791709792413, 21.598104544557245], [88.23872558167983, 21.59783504997201], [88.23899507626507, 21.596757071631068], [88.24007305460601, 21.595679093290123], [88.24007305460601, 21.594870609534414], [88.24115103294696, 21.593792631193473], [88.24115103294696, 21.592175663682056], [88.2422290112879, 21.59109768534111], [88.2422290112879, 21.59001970700017], [88.24276800045837, 21.589480717829698], [88.24276800045837, 21.588133244903517], [88.24330698962885, 21.58759425573305], [88.24330698962885, 21.587055266562576], [88.24357648421407, 21.587055266562576], [88.24330698962885, 21.58409082612498], [88.24411547338455, 21.584360320710218], [88.2443849679698, 21.584629815295454], [88.24411547338455, 21.586246782806867], [88.24465446255502, 21.58678577197734], [88.2443849679698, 21.587863750318284], [88.24465446255502, 21.587863750318284], [88.24465446255502, 21.588402739488753], [88.24492395714026, 21.588402739488753], [88.24492395714026, 21.588941728659226], [88.24546294631072, 21.589480717829698], [88.24546294631072, 21.590289201585406], [88.2451934517255, 21.590289201585406], [88.2451934517255, 21.591367179926348], [88.24492395714026, 21.591367179926348], [88.24492395714026, 21.592984147437765], [88.24411547338455, 21.593523136608237], [88.24357648421407, 21.59514010411965], [88.24303749504361, 21.595409598704887], [88.24303749504361, 21.59594858787536], [88.24249850587313, 21.59648757704583], [88.24115103294696, 21.59648757704583], [88.24088153836172, 21.596757071631068], [88.24088153836172, 21.59918252289819], [88.24034254919125, 21.599452017483426], [88.24034254919125, 21.599991006653894], [88.23899507626507, 21.601338479580075], [88.2384560870946, 21.602955447091492], [88.23791709792413, 21.60349443626196], [88.23737810875366, 21.60349443626196], [88.23360518456035, 21.6075368550405], [88.23306619538988, 21.6075368550405], [88.23144922787847, 21.609153822551914], [88.23144922787847, 21.609692811722386], [88.23064074412275, 21.610501295478095], [88.2287542820261, 21.61077079006333], [88.2287542820261, 21.611040284648567], [88.22740680909993, 21.611309779233803], [88.22686781992945, 21.611848768404275]], [[88.23037124953753, 21.609153822551914], [88.23010175495229, 21.609153822551914], [88.23010175495229, 21.608614833381445], [88.23037124953753, 21.608614833381445], [88.23037124953753, 21.608075844210973], [88.23117973329323, 21.607806349625736], [88.23144922787847, 21.608614833381445], [88.23117973329323, 21.60888432796668], [88.23064074412275, 21.608614833381445], [88.23037124953753, 21.609153822551914]]]}, "properties": {"change": "LOST", "areaHa": 86.0}}, {"type": "Feature", "geometry": {"geodesic": false, "type": "Polygon", "coordinates": [[[88.20476926394012, 21.74605707185173], [88.20423027476964, 21.745518082681258], [88.20423027476964, 21.744979093510786], [88.2039607801844, 21.744979093510786], [88.20369128559918, 21.74363162058461], [88.2031522964287, 21.743362125999372], [88.20261330725823, 21.741745158487955], [88.20234381267299, 21.741745158487955], [88.20234381267299, 21.741206169317486], [88.20207431808775, 21.741206169317486], [88.20207431808775, 21.740667180147014], [88.20180482350253, 21.740667180147014], [88.20126583433205, 21.738511223465128], [88.20072684516158, 21.738241728879892], [88.20045735057634, 21.737163750538947], [88.19991836140586, 21.73689425595371], [88.19991836140586, 21.73635526678324], [88.19910987765016, 21.735546783027534], [88.19910987765016, 21.734738299271825], [88.1985708884797, 21.734199310101353], [88.1985708884797, 21.733121331760408], [88.19803189930921, 21.73258234258994], [88.19803189930921, 21.732043353419467], [88.19749291013875, 21.731504364248995], [88.19695392096827, 21.731504364248995], [88.19695392096827, 21.73123486966376], [88.1964149317978, 21.73123486966376], [88.1964149317978, 21.730965375078522], [88.19587594262734, 21.730965375078522], [88.19587594262734, 21.730695880493286], [88.19533695345686, 21.730695880493286], [88.19506745887162, 21.729887396737578], [88.19452846970115, 21.72961790215234], [88.19452846970115, 21.7285399238114], [88.1947979642864, 21.7285399238114], [88.1947979642864, 21.728809418396636], [88.1964149317978, 21.72934840756711], [88.19668442638304, 21.729887396737578], [88.19749291013875, 21.72961790215234], [88.19695392096827, 21.728270429226164], [88.19587594262734, 21.72719245088522], [88.19506745887162, 21.72719245088522], [88.19506745887162, 21.72530598878857], [88.19533695345686, 21.725036494203334], [88.19614543721256, 21.725036494203334], [88.1964149317978, 21.725575483373806], [88.19776240472399, 21.725844977959042], [88.19776240472399, 21.72611447254428], [88.1993793722354, 21.726653461714747], [88.19964886682064, 21.727461945470456], [88.20153532891729, 21.72934840756711], [88.20153532891729, 21.730156891322814], [88.20180482350253, 21.730156891322814], [88.20207431808775, 21.731504364248995], [88.20261330725823, 21.732043353419467], [88.2031522964287, 21.735546783027534], [88.20342179101394, 21.735546783027534], [88.20342179101394, 21.73689425595371], [88.2039607801844, 21.737433245124183], [88.20423027476964, 21.739858696391305], [88.20449976935488, 21.739858696391305], [88.20476926394012, 21.74201465307319], [88.20503875852535, 21.74201465307319], [88.20530825311059, 21.745787577266494], [88.20476926394012, 21.74605707185173]]]}, "properties": {"change": "LOST", "areaHa": 81.6}}, {"type": "Feature", "geometry": {"geodesic": false, "type": "Polygon", "coordinates": [[[88.28400067199945, 21.560644797209463], [88.28346168282899, 21.56010580803899], [88.2821142099028, 21.559836313453754], [88.2821142099028, 21.559566818868518], [88.28076673697663, 21.559566818868518], [88.28076673697663, 21.559297324283282], [88.27995825322093, 21.559297324283282], [88.27995825322093, 21.559027829698046], [88.27349038317526, 21.558219345942337], [88.27349038317526, 21.5579498513571], [88.26944796439672, 21.5579498513571], [88.26944796439672, 21.55768035677187], [88.2670225131296, 21.55768035677187], [88.2670225131296, 21.5579498513571], [88.26621402937388, 21.5579498513571], [88.26621402937388, 21.558219345942337], [88.26486655644771, 21.558219345942337], [88.26486655644771, 21.558488840527573], [88.26432756727723, 21.558488840527573], [88.26432756727723, 21.55875833511281], [88.26378857810677, 21.55875833511281], [88.26324958893629, 21.559297324283282], [88.26055464308394, 21.559297324283282], [88.26055464308394, 21.559566818868518], [88.25759020264634, 21.559836313453754], [88.25759020264634, 21.56010580803899], [88.25597323513493, 21.560375302624227], [88.25624272972017, 21.559297324283282], [88.25543424596445, 21.55875833511281], [88.25543424596445, 21.558219345942337], [88.25597323513493, 21.5579498513571], [88.25597323513493, 21.557410862186632], [88.25947666474299, 21.557141367601396], [88.25947666474299, 21.55687187301616], [88.2602851484987, 21.55687187301616], [88.2602851484987, 21.556602378430924], [88.26136312683964, 21.556602378430924], [88.26136312683964, 21.556332883845688], [88.26271059976582, 21.556332883845688], [88.26298009435106, 21.555793894675215], [88.26459706186247, 21.55552440008998], [88.26459706186247, 21.555254905504743], [88.26756150230007, 21.555254905504743], [88.26756150230007, 21.554985410919507], [88.26810049147055, 21.554985410919507], [88.26810049147055, 21.555254905504743], [88.27295139400479, 21.555254905504743], [88.27295139400479, 21.55552440008998], [88.2745683615162, 21.55552440008998], [88.2745683615162, 21.555793894675215], [88.27618532902761, 21.55606338926045], [88.27618532902761, 21.556332883845688], [88.27672431819809, 21.556332883845688], [88.27726330736856, 21.55687187301616], [88.27807179112426, 21.55687187301616], [88.27807179112426, 21.557141367601396], [88.28022774780615, 21.5579498513571], [88.28103623156186, 21.55875833511281], [88.28265319907328, 21.559027829698046], [88.28265319907328, 21.559297324283282], [88.28373117741423, 21.559566818868518], [88.28400067199945, 21.56010580803899], [88.28534814492563, 21.560375302624227], [88.28534814492563, 21.560644797209463], [88.28400067199945, 21.560644797209463]]]}, "properties": {"change": "GAINED", "areaHa": 76.3}}, {"type": "Feature", "geometry": {"geodesic": false, "type": "Polygon", "coordinates": [[[88.17054345161516, 21.809388299382157], [88.1700044624447, 21.808849310211684], [88.16838749493327, 21.808579815626448], [88.1678485057628, 21.807771331870743], [88.16730951659233, 21.807771331870743], [88.16650103283662, 21.806962848115035], [88.1662315382514, 21.806154364359326], [88.16542305449568, 21.80588486977409], [88.16488406532521, 21.803728913092204], [88.16434507615473, 21.80318992392173], [88.16434507615473, 21.802111945580787], [88.1640755815695, 21.802111945580787], [88.16434507615473, 21.7924101405123], [88.16461457073997, 21.7924101405123], [88.16488406532521, 21.79025418383041], [88.16515355991045, 21.79025418383041], [88.16515355991045, 21.789445700074705], [88.16542305449568, 21.789445700074705], [88.16542305449568, 21.788637216318996], [88.16569254908092, 21.788637216318996], [88.16569254908092, 21.787828732563288], [88.1662315382514, 21.787289743392815], [88.1662315382514, 21.78648125963711], [88.16677052742186, 21.785942270466638], [88.16677052742186, 21.785403281296166], [88.1670400220071, 21.785403281296166], [88.1670400220071, 21.784864292125693], [88.16730951659233, 21.784864292125693], [88.16730951659233, 21.78432530295522], [88.1678485057628, 21.784055808369985], [88.16811800034804, 21.782977830029044], [88.16838749493327, 21.782977830029044], [88.16838749493327, 21.783786313784752], [88.16811800034804, 21.783786313784752], [88.1678485057628, 21.785942270466638], [88.16757901117757, 21.785942270466638], [88.16757901117757, 21.789445700074705], [88.16730951659233, 21.789445700074705], [88.16757901117757, 21.79753053763178], [88.1678485057628, 21.79753053763178], [88.1678485057628, 21.79887801055796], [88.16811800034804, 21.79887801055796], [88.16811800034804, 21.800494978069374], [88.16730951659233, 21.80076447265461], [88.16730951659233, 21.801303461825082], [88.16677052742186, 21.80157295641032], [88.16677052742186, 21.802381440166023], [88.16596204366616, 21.802920429336496], [88.16569254908092, 21.803728913092204], [88.16596204366616, 21.803728913092204], [88.16596204366616, 21.804537396847913], [88.1662315382514, 21.804537396847913], [88.16650103283662, 21.805345880603618], [88.16730951659233, 21.805345880603618], [88.1678485057628, 21.804537396847913], [88.16946547327422, 21.804537396847913], [88.16946547327422, 21.805345880603618], [88.1700044624447, 21.80588486977409], [88.17054345161516, 21.808579815626448], [88.1708129462004, 21.808579815626448], [88.1708129462004, 21.809388299382157], [88.17054345161516, 21.809388299382157]]]}, "properties": {"change": "GAINED", "areaHa": 75.7}}, {"type": "Feature", "geometry": {"geodesic": false, "type": "Polygon", "coordinates": [[[88.18455717004743, 21.98994967149018], [88.18428767546219, 21.989410682319708], [88.18347919170648, 21.98914118773447], [88.18320969712124, 21.98806320939353], [88.18240121336554, 21.987254725637822], [88.18159272960983, 21.986985231052586], [88.18132323502459, 21.98590725271164], [88.18024525668365, 21.98563775812641], [88.18024525668365, 21.9848292743707], [88.17862828917224, 21.98348180144452], [88.17862828917224, 21.982942812274047], [88.17781980541653, 21.98213432851834], [88.17701132166083, 21.981864833933106], [88.17701132166083, 21.981325844762633], [88.1753943541494, 21.979978371836452], [88.1753943541494, 21.979439382665984], [88.17431637580846, 21.97836140432504], [88.173777386638, 21.97836140432504], [88.17269940829705, 21.977013931398858], [88.17216041912658, 21.977013931398858], [88.1708129462004, 21.975396963887444], [88.16973496785945, 21.97512746930221], [88.16919597868899, 21.973779996376027], [88.16757901117757, 21.97324100720556], [88.16757901117757, 21.972971512620322], [88.1662315382514, 21.972702018035086], [88.16461457073997, 21.97108505052367], [88.16353659239903, 21.970815555938433], [88.16165013030238, 21.968659599256547], [88.16057215196143, 21.968659599256547], [88.16003316279097, 21.967042631745134], [88.15922467903526, 21.966234147989425], [88.15868568986478, 21.966234147989425], [88.15868568986478, 21.965425664233717], [88.15787720610908, 21.964886675063244], [88.15814670069432, 21.964347685892776], [88.1573382169386, 21.963808696722303], [88.1573382169386, 21.96273071838136], [88.15626023859767, 21.962461223796122], [88.15572124942719, 21.96192223462565], [88.15572124942719, 21.96138324545518], [88.15518226025672, 21.96084425628471], [88.15464327108624, 21.96084425628471], [88.15464327108624, 21.960305267114236], [88.1535652927453, 21.959496783358528], [88.15329579816007, 21.95680183750617], [88.1535652927453, 21.95680183750617], [88.1535652927453, 21.956262848335697], [88.15410428191578, 21.956262848335697], [88.15464327108624, 21.955723859165225], [88.15518226025672, 21.95356790248334], [88.15572124942719, 21.953028913312867], [88.15572124942719, 21.952220429557162], [88.15626023859767, 21.95168144038669], [88.15626023859767, 21.951142451216217], [88.1565297331829, 21.951142451216217], [88.1565297331829, 21.950603462045745], [88.15679922776813, 21.950603462045745], [88.15679922776813, 21.950064472875273], [88.15706872235337, 21.950064472875273], [88.15706872235337, 21.949525483704804], [88.1573382169386, 21.949525483704804], [88.1573382169386, 21.948716999949095], [88.15868568986478, 21.947100032437678], [88.15895518445002, 21.947100032437678], [88.15895518445002, 21.94844750536386], [88.15841619527954, 21.94898649453433], [88.15868568986478, 21.949525483704804], [88.15841619527954, 21.949525483704804], [88.15841619527954, 21.950064472875273], [88.15814670069432, 21.950064472875273], [88.15814670069432, 21.950603462045745], [88.15760771152384, 21.951142451216217], [88.15760771152384, 21.952220429557162], [88.1573382169386, 21.952220429557162], [88.15706872235337, 21.95356790248334], [88.1565297331829, 21.95410689165381], [88.1565297331829, 21.955454364579992], [88.15626023859767, 21.955454364579992], [88.15626023859767, 21.95599335375046], [88.15572124942719, 21.956262848335697], [88.15572124942719, 21.95680183750617], [88.15491276567148, 21.95761032126188], [88.15464327108624, 21.960035772529], [88.15679922776813, 21.962191729210886], [88.15760771152384, 21.962461223796122], [88.15760771152384, 21.963000212966595], [88.15787720610908, 21.963000212966595], [88.15814670069432, 21.96407819130754], [88.15895518445002, 21.96461718047801], [88.15922467903526, 21.965695158818953], [88.16165013030238, 21.968120610086075], [88.16569254908092, 21.969468083012256], [88.16730951659233, 21.97108505052367], [88.16892648410375, 21.971354545108905], [88.17054345161516, 21.97324100720556], [88.17108244078564, 21.97324100720556], [88.17296890288229, 21.97512746930221], [88.17296890288229, 21.97566645847268], [88.17404688122323, 21.976744436813625], [88.1745858703937, 21.976744436813625], [88.17512485956418, 21.977283425984094], [88.17512485956418, 21.977822415154566], [88.17647233249035, 21.97890039349551], [88.17647233249035, 21.979439382665984], [88.178358794587, 21.981056350177397], [88.178358794587, 21.98159533934787], [88.17997576209842, 21.983212306859283], [88.17997576209842, 21.983751296029755], [88.18240121336554, 21.98590725271164], [88.18240121336554, 21.986446241882113], [88.18320969712124, 21.986985231052586], [88.18320969712124, 21.987793714808294], [88.18374868629172, 21.98806320939353], [88.18374868629172, 21.988602198564003], [88.18482666463267, 21.989410682319708], [88.18482666463267, 21.98994967149018], [88.18455717004743, 21.98994967149018]]]}, "properties": {"change": "LOST", "areaHa": 75.3}}, {"type": "Feature", "geometry": {"geodesic": false, "type": "Polygon", "coordinates": [[[87.97569886648964, 21.65901032082055], [87.97327341522252, 21.656584869553427], [87.97354290980775, 21.652272956189652], [87.97300392063728, 21.652542450774888], [87.97300392063728, 21.65308143994536], [87.9724649314668, 21.653620429115833], [87.9724649314668, 21.654428912871538], [87.9716564477111, 21.655237396627246], [87.9716564477111, 21.656045880382955], [87.97273442605204, 21.656854364138663], [87.97273442605204, 21.657393353309132], [87.9716564477111, 21.657393353309132], [87.9716564477111, 21.6571238587239], [87.97003948019969, 21.656854364138663], [87.96976998561445, 21.65631537496819], [87.96923099644398, 21.65631537496819], [87.96923099644398, 21.654428912871538], [87.96896150185874, 21.654159418286305], [87.96950049102921, 21.653620429115833], [87.96950049102921, 21.652811945360124], [87.97003948019969, 21.652542450774888], [87.97084796395539, 21.65065598867824], [87.97354290980775, 21.648230537411113], [87.97489038273393, 21.648230537411113], [87.97569886648964, 21.64903902116682], [87.97704633941582, 21.64903902116682], [87.97704633941582, 21.649308515752058], [87.97785482317153, 21.649308515752058], [87.97785482317153, 21.649578010337294], [87.97947179068294, 21.649578010337294], [87.97947179068294, 21.64984750492253], [87.98054976902388, 21.650116999507766], [87.98297522029101, 21.652811945360124], [87.98378370404672, 21.65308143994536], [87.98351420946148, 21.653620429115833], [87.98297522029101, 21.653620429115833], [87.98270572570577, 21.654159418286305], [87.9821667365353, 21.654159418286305], [87.98162774736483, 21.654698407456774], [87.98108875819436, 21.654698407456774], [87.98108875819436, 21.654428912871538], [87.97947179068294, 21.654698407456774], [87.97866330692723, 21.65388992370107], [87.97893280151247, 21.653620429115833], [87.98028027443864, 21.653620429115833], [87.98001077985342, 21.652003461604416], [87.97920229609771, 21.65173396701918], [87.97893280151247, 21.65119497784871], [87.97704633941582, 21.65119497784871], [87.97623785566012, 21.652003461604416], [87.97623785566012, 21.652811945360124], [87.9754293719044, 21.653620429115833], [87.97515987731917, 21.65496790204201], [87.97489038273393, 21.65496790204201], [87.97489038273393, 21.656045880382955], [87.97569886648964, 21.65631537496819], [87.97569886648964, 21.656045880382955], [87.97650735024534, 21.656045880382955], [87.97650735024534, 21.656854364138663], [87.97677684483058, 21.656854364138663], [87.97650735024534, 21.658471331650077], [87.97569886648964, 21.65901032082055]]]}, "properties": {"change": "GAINED", "areaHa": 74.6}}, {"type": "Feature", "geometry": {"geodesic": false, "type": "Polygon", "coordinates": [[[88.38398316312195, 21.632599851467436], [88.38344417395149, 21.632060862296964], [88.38317467936625, 21.62963541102984], [88.38290518478102, 21.62963541102984], [88.38317467936625, 21.625323497666066], [88.38344417395149, 21.625323497666066], [88.38371366853673, 21.62424551932512], [88.38452215229243, 21.623437035569417], [88.38586962521862, 21.622898046398944], [88.38586962521862, 21.622359057228472], [88.38883406565621, 21.619664111376114], [88.38883406565621, 21.61912512220564], [88.38937305482668, 21.61858613303517], [88.38991204399714, 21.61858613303517], [88.39125951692333, 21.617238660108992], [88.39125951692333, 21.617777649279464], [88.39152901150857, 21.617777649279464], [88.39125951692333, 21.624784508495594], [88.39045103316762, 21.625323497666066], [88.39045103316762, 21.62586248683654], [88.38910356024144, 21.627209959762716], [88.38829507648573, 21.627209959762716], [88.3880255819005, 21.62828793810366], [88.38775608731527, 21.62828793810366], [88.38748659273003, 21.627479454347952], [88.38667810897432, 21.627479454347952], [88.38640861438908, 21.628557432688897], [88.38586962521862, 21.628018443518425], [88.38533063604814, 21.628018443518425], [88.38560013063338, 21.631252378541255], [88.38479164687767, 21.632060862296964], [88.38479164687767, 21.632599851467436], [88.38398316312195, 21.632599851467436]]]}, "properties": {"change": "GAINED", "areaHa": 70.5}}, {"type": "Feature", "geometry": {"geodesic": false, "type": "Polygon", "coordinates": [[[88.3060992279888, 21.583821331539745], [88.3060992279888, 21.583282342369273], [88.30502124964785, 21.582473858613564], [88.30502124964785, 21.58166537485786], [88.30448226047739, 21.581395880272623], [88.30448226047739, 21.58085689110215], [88.30178731462503, 21.578161945249793], [88.30043984169885, 21.574928010226962], [88.29963135794314, 21.574119526471254], [88.29963135794314, 21.57358053730078], [88.2985533796022, 21.572772053545076], [88.29747540126125, 21.570077107692715], [88.29504994999412, 21.567651656425593], [88.29504994999412, 21.56711266725512], [88.29343298248271, 21.565495699743707], [88.29046854204512, 21.564956710573234], [88.29046854204512, 21.564687215988], [88.28885157453371, 21.564687215988], [88.28912106911893, 21.564148226817526], [88.29019904745988, 21.564417721402762], [88.29127702580082, 21.563070248476585], [88.29316348789747, 21.56333974306182], [88.29397197165318, 21.564148226817526], [88.29397197165318, 21.564687215988], [88.29451096082366, 21.564956710573234], [88.29451096082366, 21.565495699743707], [88.29720590667601, 21.567651656425593], [88.29720590667601, 21.568190645596065], [88.29990085252837, 21.570616096863187], [88.29990085252837, 21.57115508603366], [88.30124832545455, 21.572233064374604], [88.30124832545455, 21.572772053545076], [88.30178731462503, 21.572772053545076], [88.30259579838074, 21.573850031886018], [88.3031347875512, 21.573850031886018], [88.3039432713069, 21.574658515641726], [88.3039432713069, 21.575466999397435], [88.30448226047739, 21.576005988567903], [88.30502124964785, 21.576005988567903], [88.30556023881833, 21.576544977738376], [88.30556023881833, 21.577083966908848], [88.3060992279888, 21.577353461494084], [88.3060992279888, 21.577892450664557], [88.30663821715927, 21.57843143983503], [88.30663821715927, 21.57950941817597], [88.3069077117445, 21.57950941817597], [88.30663821715927, 21.580587396516915], [88.30717720632974, 21.581126385687387], [88.30717720632974, 21.583012847784037], [88.30663821715927, 21.583282342369273], [88.30663821715927, 21.583821331539745], [88.3060992279888, 21.583821331539745]]]}, "properties": {"change": "LOST", "areaHa": 64.9}}, {"type": "Feature", "geometry": {"geodesic": false, "type": "Polygon", "coordinates": [[[88.22902377661134, 21.76249624155112], [88.22390337949186, 21.76249624155112], [88.22390337949186, 21.762765736136352], [88.2233643903214, 21.762765736136352], [88.2233643903214, 21.76249624155112], [88.21932197154285, 21.76249624155112], [88.21932197154285, 21.762765736136352], [88.21716601486096, 21.762765736136352], [88.21716601486096, 21.76249624155112], [88.21635753110526, 21.76249624155112], [88.21581854193478, 21.761957252380647], [88.21581854193478, 21.759531801113525], [88.21527955276431, 21.758992811943052], [88.21474056359384, 21.75656736067593], [88.21447106900861, 21.75656736067593], [88.21447106900861, 21.755489382334986], [88.21420157442337, 21.755489382334986], [88.21420157442337, 21.75441140399404], [88.21393207983813, 21.75441140399404], [88.21393207983813, 21.752255447312155], [88.21420157442337, 21.752255447312155], [88.21420157442337, 21.75063847980074], [88.21447106900861, 21.75063847980074], [88.21447106900861, 21.748213028533616], [88.21474056359384, 21.748213028533616], [88.21474056359384, 21.74201465307319], [88.21420157442337, 21.741745158487955], [88.21393207983813, 21.737972234294656], [88.21420157442337, 21.737972234294656], [88.21420157442337, 21.739050212635597], [88.21447106900861, 21.739050212635597], [88.21447106900861, 21.739858696391305], [88.21501005817908, 21.740397685561778], [88.21501005817908, 21.741475663902722], [88.21527955276431, 21.741475663902722], [88.21527955276431, 21.742553642243664], [88.21554904734955, 21.742553642243664], [88.21554904734955, 21.745787577266494], [88.21581854193478, 21.745787577266494], [88.21608803652002, 21.74875201770409], [88.21635753110526, 21.74875201770409], [88.21635753110526, 21.752255447312155], [88.2166270256905, 21.752255447312155], [88.21689652027572, 21.75441140399404], [88.2174355094462, 21.754950393164513], [88.21770500403143, 21.756836855261163], [88.21851348778715, 21.75764533901687], [88.21851348778715, 21.758992811943052], [88.21878298237237, 21.758992811943052], [88.2195914661281, 21.76114876862494], [88.22066944446902, 21.761418263210174], [88.22066944446902, 21.76168775779541], [88.22147792822474, 21.76168775779541], [88.22147792822474, 21.761957252380647], [88.2233643903214, 21.761957252380647], [88.2233643903214, 21.762226746965883], [88.2241728740771, 21.762226746965883], [88.2241728740771, 21.761957252380647], [88.22740680909993, 21.762226746965883], [88.22740680909993, 21.761957252380647], [88.23117973329323, 21.76168775779541], [88.23117973329323, 21.761957252380647], [88.22902377661134, 21.762226746965883], [88.22902377661134, 21.76249624155112]]]}, "properties": {"change": "LOST", "areaHa": 64.4}}, {"type": "Feature", "geometry": {"geodesic": false, "type": "Polygon", "coordinates": [[[87.95386980508553, 21.753063931067864], [87.95386980508553, 21.752794436482628], [87.95333081591507, 21.752794436482628], [87.95360031050029, 21.752255447312155], [87.95333081591507, 21.75198595272692], [87.95252233215935, 21.751716458141683], [87.95225283757412, 21.749829996045033], [87.95117485923318, 21.749829996045033], [87.95090536464794, 21.74929100687456], [87.95009688089223, 21.749021512289325], [87.95009688089223, 21.743362125999372], [87.95036637547747, 21.743362125999372], [87.9506358700627, 21.74417060975508], [87.95117485923318, 21.74417060975508], [87.95144435381842, 21.743092631414136], [87.95198334298888, 21.7428231368289], [87.95198334298888, 21.74201465307319], [87.95144435381842, 21.741475663902722], [87.95036637547747, 21.741475663902722], [87.95009688089223, 21.741745158487955], [87.95009688089223, 21.736085772198003], [87.9506358700627, 21.736085772198003], [87.95090536464794, 21.736624761368475], [87.95252233215935, 21.736624761368475], [87.95279182674459, 21.736085772198003], [87.95252233215935, 21.736085772198003], [87.95252233215935, 21.735546783027534], [87.95333081591507, 21.735277288442298], [87.95333081591507, 21.73500779385706], [87.95386980508553, 21.73500779385706], [87.95333081591507, 21.73635526678324], [87.95440879425601, 21.736624761368475], [87.95440879425601, 21.737433245124183], [87.95575626718218, 21.737163750538947], [87.95602576176742, 21.737972234294656], [87.95710374010837, 21.737972234294656], [87.95683424552313, 21.739050212635597], [87.95467828884124, 21.739319707220833], [87.95467828884124, 21.73958920180607], [87.95386980508553, 21.73958920180607], [87.95360031050029, 21.74012819097654], [87.95252233215935, 21.74012819097654], [87.95225283757412, 21.740397685561778], [87.95252233215935, 21.740667180147014], [87.95252233215935, 21.74201465307319], [87.95279182674459, 21.74201465307319], [87.95252233215935, 21.743362125999372], [87.95306132132983, 21.74363162058461], [87.95306132132983, 21.744979093510786], [87.95198334298888, 21.745248588096022], [87.95198334298888, 21.745787577266494], [87.95467828884124, 21.745518082681258], [87.95467828884124, 21.746326566436966], [87.95494778342648, 21.746326566436966], [87.95494778342648, 21.74686555560744], [87.95413929967077, 21.747135050192675], [87.95413929967077, 21.748213028533616], [87.95494778342648, 21.74875201770409], [87.95467828884124, 21.749560501459797], [87.95521727801172, 21.749829996045033], [87.95521727801172, 21.750368985215506], [87.95494778342648, 21.750368985215506], [87.95521727801172, 21.75063847980074], [87.95521727801172, 21.75198595272692], [87.95467828884124, 21.75198595272692], [87.95440879425601, 21.75117746897121], [87.95386980508553, 21.75117746897121], [87.95360031050029, 21.751446963556447], [87.95360031050029, 21.75198595272692], [87.95413929967077, 21.75198595272692], [87.95413929967077, 21.753063931067864], [87.95386980508553, 21.753063931067864]], [[87.95144435381842, 21.740397685561778], [87.95090536464794, 21.74012819097654], [87.95090536464794, 21.739319707220833], [87.95171384840364, 21.739858696391305], [87.95144435381842, 21.740397685561778]], [[87.95144435381842, 21.741206169317486], [87.95090536464794, 21.741206169317486], [87.95090536464794, 21.74093667473225], [87.95144435381842, 21.74093667473225], [87.95144435381842, 21.741206169317486]]]}, "properties": {"change": "LOST", "areaHa": 62.4}}, {"type": "Feature", "geometry": {"geodesic": false, "type": "Polygon", "coordinates": [[[88.15329579816007, 21.681378371395123], [88.1535652927453, 21.677605447201824], [88.15329579816007, 21.677605447201824], [88.15329579816007, 21.676796963446115], [88.15221781981913, 21.675988479690407], [88.15221781981913, 21.67383252300852], [88.15167883064865, 21.67329353383805], [88.15167883064865, 21.67248505008234], [88.15140933606341, 21.67248505008234], [88.15167883064865, 21.670868082570927], [88.15140933606341, 21.670868082570927], [88.15140933606341, 21.670329093400454], [88.15194832523389, 21.670059598815218], [88.15167883064865, 21.667903642133332], [88.15194832523389, 21.667903642133332], [88.15194832523389, 21.66736465296286], [88.15167883064865, 21.66736465296286], [88.15167883064865, 21.666825663792388], [88.15248731440435, 21.666017180036683], [88.1527568089896, 21.663591728769557], [88.15329579816007, 21.663052739599088], [88.15329579816007, 21.662513750428616], [88.1535652927453, 21.662513750428616], [88.1535652927453, 21.661974761258143], [88.15410428191578, 21.661974761258143], [88.15410428191578, 21.662513750428616], [88.15491276567148, 21.662783245013852], [88.15491276567148, 21.663861223354793], [88.15572124942719, 21.66413071794003], [88.15545175484195, 21.665747685451446], [88.15518226025672, 21.665747685451446], [88.15545175484195, 21.66736465296286], [88.15572124942719, 21.66736465296286], [88.15572124942719, 21.670868082570927], [88.15545175484195, 21.670868082570927], [88.15545175484195, 21.677335952616588], [88.15518226025672, 21.677335952616588], [88.15518226025672, 21.67841393095753], [88.15491276567148, 21.67841393095753], [88.15491276567148, 21.680030898468946], [88.15329579816007, 21.681378371395123]]]}, "properties": {"change": "LOST", "areaHa": 62.3}}, {"type": "Feature", "geometry": {"geodesic": false, "type": "Polygon", "coordinates": [[[88.32577233271101, 21.708058335333476], [88.32577233271101, 21.70778884074824], [88.32361637602912, 21.707519346163004], [88.32307738685866, 21.70698035699253], [88.32253839768819, 21.70698035699253], [88.32253839768819, 21.706710862407295], [88.32172991393247, 21.706710862407295], [88.32172991393247, 21.70644136782206], [88.31930446266536, 21.706171873236823], [88.31930446266536, 21.705902378651587], [88.31687901139823, 21.705902378651587], [88.31687901139823, 21.70563288406635], [88.31337558179017, 21.70563288406635], [88.31337558179017, 21.705902378651587], [88.31041114135257, 21.705902378651587], [88.31041114135257, 21.706171873236823], [88.30771619550022, 21.706171873236823], [88.30771619550022, 21.70644136782206], [88.30663821715927, 21.70644136782206], [88.30663821715927, 21.706171873236823], [88.30906366842639, 21.705902378651587], [88.30906366842639, 21.70563288406635], [88.31121962510828, 21.70563288406635], [88.31121962510828, 21.705363389481118], [88.31526204388682, 21.705363389481118], [88.31526204388682, 21.70509389489588], [88.32253839768819, 21.705363389481118], [88.32253839768819, 21.70509389489588], [88.32307738685866, 21.70509389489588], [88.32307738685866, 21.705363389481118], [88.32388587061436, 21.705363389481118], [88.32388587061436, 21.70509389489588], [88.32469435437007, 21.70509389489588], [88.32469435437007, 21.704824400310645], [88.3271198056372, 21.70455490572541], [88.32765879480766, 21.704015916554937], [88.32819778397814, 21.704015916554937], [88.32819778397814, 21.7037464219697], [88.32981475148955, 21.703476927384465], [88.33062323524526, 21.702668443628756], [88.33116222441573, 21.702668443628756], [88.3325096973419, 21.701051476117343], [88.33385717026809, 21.70051248694687], [88.3346656540238, 21.69943450860593], [88.33520464319427, 21.69943450860593], [88.33601312694998, 21.698087035679748], [88.33655211612044, 21.698087035679748], [88.33709110529092, 21.69727855192404], [88.33763009446139, 21.69727855192404], [88.33870807280233, 21.695931078997862], [88.33924706197281, 21.695931078997862], [88.3384385782171, 21.696739562753567], [88.3384385782171, 21.69727855192404], [88.33763009446139, 21.697548046509276], [88.33628262153522, 21.698895519435457], [88.33628262153522, 21.69943450860593], [88.33574363236474, 21.69970400319116], [88.3354741377795, 21.700781981532106], [88.33493514860903, 21.701051476117343], [88.33493514860903, 21.701590465287815], [88.33439615943857, 21.70185995987305], [88.33385717026809, 21.70320743279923], [88.33304868651238, 21.7037464219697], [88.33304868651238, 21.704285411140173], [88.33224020275668, 21.704824400310645], [88.33224020275668, 21.705363389481118], [88.3308927298305, 21.706710862407295], [88.33035374066003, 21.706710862407295], [88.32981475148955, 21.707519346163004], [88.32846727856338, 21.70778884074824], [88.32846727856338, 21.708058335333476], [88.32577233271101, 21.708058335333476]]]}, "properties": {"change": "GAINED", "areaHa": 61.3}}, {"type": "Feature", "geometry": {"geodesic": false, "type": "Polygon", "coordinates": [[[88.34355897533658, 21.691080176463615], [88.34409796450706, 21.6894632089522], [88.34436745909228, 21.6894632089522], [88.34436745909228, 21.688654725196493], [88.34463695367752, 21.688654725196493], [88.34490644826276, 21.686498768514607], [88.345175942848, 21.686498768514607], [88.345175942848, 21.6856902847589], [88.34544543743323, 21.6856902847589], [88.34544543743323, 21.684612306417954], [88.3459844266037, 21.684073317247485], [88.3459844266037, 21.683264833491776], [88.34679291035941, 21.682725844321304], [88.34679291035941, 21.68218685515083], [88.34733189952988, 21.68218685515083], [88.3481403832856, 21.681378371395123], [88.3481403832856, 21.680569887639418], [88.34840987787082, 21.680569887639418], [88.34840987787082, 21.680030898468946], [88.3481403832856, 21.680030898468946], [88.34840987787082, 21.677335952616588], [88.3481403832856, 21.677335952616588], [88.3481403832856, 21.67652746886088], [88.34867937245606, 21.676257974275643], [88.34867937245606, 21.675449490519934], [88.34840987787082, 21.675449490519934], [88.3481403832856, 21.67464100676423], [88.34733189952988, 21.67464100676423], [88.34652341577417, 21.673563028423285], [88.34706240494465, 21.673024039252812], [88.34706240494465, 21.668981620474277], [88.34733189952988, 21.668981620474277], [88.34733189952988, 21.667634147548096], [88.34760139411512, 21.667634147548096], [88.34733189952988, 21.665747685451446], [88.34760139411512, 21.665747685451446], [88.34760139411512, 21.664400212525265], [88.34840987787082, 21.66413071794003], [88.34840987787082, 21.66871212588904], [88.34867937245606, 21.66871212588904], [88.3489488670413, 21.670059598815218], [88.34948785621177, 21.670329093400454], [88.349757350797, 21.672215555497107], [88.35056583455271, 21.672754544667576], [88.35056583455271, 21.67329353383805], [88.35110482372319, 21.67383252300852], [88.35137431830842, 21.677605447201824], [88.35083532913795, 21.67787494178706], [88.35083532913795, 21.678683425542765], [88.35056583455271, 21.678683425542765], [88.35029633996747, 21.680300393054182], [88.349757350797, 21.680569887639418], [88.349757350797, 21.681378371395123], [88.34840987787082, 21.682725844321304], [88.34840987787082, 21.683264833491776], [88.34787088870036, 21.683534328077013], [88.34787088870036, 21.684073317247485], [88.34733189952988, 21.684612306417954], [88.34733189952988, 21.685420790173662], [88.34625392118895, 21.686498768514607], [88.34625392118895, 21.687307252270315], [88.34571493201847, 21.687576746855548], [88.34571493201847, 21.688385230611257], [88.345175942848, 21.688654725196493], [88.34436745909228, 21.690541187293142], [88.34355897533658, 21.691080176463615]]]}, "properties": {"change": "LOST", "areaHa": 58.3}}, {"type": "Feature", "geometry": {"geodesic": false, "type": "Polygon", "coordinates": [[[88.39961384906564, 21.855741368042725], [88.39880536530993, 21.853046422190367], [88.397727386969, 21.851968443849422], [88.397727386969, 21.851159960093714], [88.39718839779852, 21.850890465508478], [88.39611041945757, 21.84819551965612], [88.3955714302871, 21.847926025070883], [88.3955714302871, 21.84738703590041], [88.39503244111663, 21.84711754131518], [88.39503244111663, 21.846578552144706], [88.39449345194616, 21.84630905755947], [88.39395446277568, 21.844692090048053], [88.39368496819046, 21.844692090048053], [88.39314597901998, 21.84226663878093], [88.39287648443474, 21.84226663878093], [88.39287648443474, 21.841188660439986], [88.39260698984951, 21.841188660439986], [88.39260698984951, 21.840649671269517], [88.39314597901998, 21.840110682099045], [88.39233749526427, 21.839302198343336], [88.39233749526427, 21.838763209172864], [88.3917985060938, 21.838493714587628], [88.39152901150857, 21.83472079039433], [88.3917985060938, 21.83472079039433], [88.3917985060938, 21.833373317468148], [88.39206800067903, 21.833373317468148], [88.39206800067903, 21.83256483371244], [88.39233749526427, 21.83256483371244], [88.39233749526427, 21.831756349956734], [88.39260698984951, 21.831756349956734], [88.39260698984951, 21.830947866201026], [88.39287648443474, 21.830947866201026], [88.39260698984951, 21.834451295809092], [88.39314597901998, 21.834990284979565], [88.39341547360522, 21.83660725249098], [88.39395446277568, 21.83714624166145], [88.39422395736092, 21.838493714587628], [88.3947629465314, 21.838763209172864], [88.3947629465314, 21.83984118751381], [88.39503244111663, 21.83984118751381], [88.3955714302871, 21.841997144195695], [88.39691890321328, 21.843344617121875], [88.39664940862805, 21.844692090048053], [88.39691890321328, 21.844692090048053], [88.39691890321328, 21.845231079218525], [88.39745789238376, 21.845770068388997], [88.39745789238376, 21.846578552144706], [88.39799688155422, 21.846848046729942], [88.39826637613946, 21.847926025070883], [88.39880536530993, 21.84819551965612], [88.39880536530993, 21.848734508826592], [88.3993443544804, 21.849004003411828], [88.3993443544804, 21.8495429925823], [88.39988334365087, 21.850081981752773], [88.39988334365087, 21.855741368042725], [88.39961384906564, 21.855741368042725]]]}, "properties": {"change": "GAINED", "areaHa": 57.3}}, {"type": "Feature", "geometry": {"geodesic": false, "type": "Polygon", "coordinates": [[[88.21554904734955, 22.050046963997776], [88.21527955276431, 22.04789100731589], [88.21474056359384, 22.047352018145418], [88.21474056359384, 22.044926566878296], [88.21447106900861, 22.044926566878296], [88.21447106900861, 22.04330959936688], [88.21420157442337, 22.04330959936688], [88.21420157442337, 22.040345158929284], [88.21393207983813, 22.040345158929284], [88.2136625852529, 22.036572234735985], [88.21339309066767, 22.036572234735985], [88.21312359608243, 22.03468577263933], [88.21258460691196, 22.034416278054096], [88.21231511232672, 22.033338299713154], [88.21204561774148, 22.033338299713154], [88.21177612315624, 22.0314518376165], [88.21123713398578, 22.030912848446032], [88.21123713398578, 22.03037385927556], [88.21096763940054, 22.03037385927556], [88.21096763940054, 22.029834870105088], [88.21069814481531, 22.029834870105088], [88.21069814481531, 22.029295880934615], [88.21042865023007, 22.029295880934615], [88.21042865023007, 22.028487397178907], [88.20988966105959, 22.02821790259367], [88.20962016647437, 22.02713992425273], [88.20908117730389, 22.026870429667493], [88.20854218813342, 22.025253462156076], [88.20827269354818, 22.025253462156076], [88.20827269354818, 22.02444497840037], [88.20665572603677, 22.022828010888954], [88.20557774769583, 22.020133065036596], [88.20449976935488, 22.01905508669565], [88.20449976935488, 22.018516097525183], [88.2039607801844, 22.018246602939946], [88.2039607801844, 22.017707613769474], [88.20288280184346, 22.016899130013766], [88.20288280184346, 22.016360140843293], [88.20207431808775, 22.015821151672824], [88.20207431808775, 22.015282162502352], [88.20153532891729, 22.015012667917116], [88.20153532891729, 22.01393468957617], [88.20099633974681, 22.013665194990935], [88.2001878559911, 22.011778732894285], [88.19964886682064, 22.01150923830905], [88.1993793722354, 22.010431259968104], [88.19884038306493, 22.01016176538287], [88.19884038306493, 22.009353281627163], [88.19830139389445, 22.009083787041927], [88.19803189930921, 22.008005808700982], [88.19749291013875, 22.007736314115746], [88.19722341555351, 22.006927830360038], [88.19668442638304, 22.006927830360038], [88.1964149317978, 22.005849852019097], [88.1956064480421, 22.005041368263388], [88.1956064480421, 22.004502379092916], [88.19318099677497, 22.002076927825794], [88.19318099677497, 22.00153793865532], [88.19237251301927, 22.00099894948485], [88.19237251301927, 22.00045996031438], [88.19129453467832, 21.99965147655867], [88.19102504009308, 21.99830400363249], [88.19210301843403, 21.9991124873882], [88.19210301843403, 21.99965147655867], [88.19318099677497, 22.00045996031438], [88.19318099677497, 22.00099894948485], [88.19452846970115, 22.002076927825794], [88.19452846970115, 22.002615916996266], [88.19587594262734, 22.003963389922443], [88.19614543721256, 22.005041368263388], [88.19776240472399, 22.00638884118957], [88.19803189930921, 22.00746681953051], [88.1985708884797, 22.007736314115746], [88.1985708884797, 22.00827530328622], [88.19964886682064, 22.009353281627163], [88.19991836140586, 22.010431259968104], [88.20099633974681, 22.010970249138577], [88.20180482350253, 22.01285671123523], [88.20261330725823, 22.0133957004057], [88.2031522964287, 22.015012667917116], [88.20449976935488, 22.016090646258057], [88.20476926394012, 22.017438119184238], [88.20530825311059, 22.017707613769474], [88.20611673686629, 22.01986357045136], [88.20719471520724, 22.020941548792305], [88.20719471520724, 22.021750032548013], [88.20773370437772, 22.022019527133246], [88.20773370437772, 22.022558516303718], [88.20827269354818, 22.02309750547419], [88.20827269354818, 22.0239059892299], [88.20881168271865, 22.024175483815135], [88.20935067188913, 22.02579245132655], [88.20988966105959, 22.026061945911785], [88.20988966105959, 22.026600935082257], [88.21042865023007, 22.026870429667493], [88.21042865023007, 22.027409418837966], [88.21069814481531, 22.027409418837966], [88.21069814481531, 22.027948408008438], [88.21096763940054, 22.027948408008438], [88.21096763940054, 22.028487397178907], [88.21150662857102, 22.02902638634938], [88.21231511232672, 22.03226032137221], [88.21258460691196, 22.03226032137221], [88.21258460691196, 22.032799310542682], [88.21285410149719, 22.032799310542682], [88.21285410149719, 22.033338299713154], [88.21339309066767, 22.03360779429839], [88.21339309066767, 22.034416278054096], [88.2136625852529, 22.034416278054096], [88.21420157442337, 22.0381892022474], [88.21447106900861, 22.0381892022474], [88.21474056359384, 22.04061465351452], [88.21501005817908, 22.04061465351452], [88.21501005817908, 22.042231621025937], [88.21527955276431, 22.042231621025937], [88.21527955276431, 22.043040104781646], [88.21554904734955, 22.043040104781646], [88.21554904734955, 22.045465556048768], [88.21581854193478, 22.045465556048768], [88.21581854193478, 22.04654353438971], [88.21608803652002, 22.04654353438971], [88.2166270256905, 22.048968985656835], [88.21716601486096, 22.049507974827304], [88.21716601486096, 22.050046963997776], [88.21554904734955, 22.050046963997776]]]}, "properties": {"change": "LOST", "areaHa": 57.2}}, {"type": "Feature", "geometry": {"geodesic": false, "type": "Polygon", "coordinates": [[[88.068674498396, 21.84738703590041], [88.06840500381077, 21.84496158463329], [88.068674498396, 21.844692090048053], [88.06840500381077, 21.844692090048053], [88.06840500381077, 21.843883606292348], [88.06813550922554, 21.843883606292348], [88.06813550922554, 21.842805627951403], [88.0678660146403, 21.842805627951403], [88.06840500381077, 21.840919165854753], [88.0678660146403, 21.840919165854753], [88.0678660146403, 21.84038017668428], [88.06732702546982, 21.840110682099045], [88.06759652005506, 21.8390327037581], [88.06732702546982, 21.8390327037581], [88.06732702546982, 21.83795472541716], [88.0670575308846, 21.83795472541716], [88.0670575308846, 21.836876747076214], [88.06759652005506, 21.836337757905742], [88.0678660146403, 21.834990284979565], [88.068674498396, 21.834990284979565], [88.068674498396, 21.835529274150034], [88.06894399298125, 21.835529274150034], [88.06921348756649, 21.834451295809092], [88.06975247673695, 21.834451295809092], [88.06975247673695, 21.83391230663862], [88.07002197132219, 21.83391230663862], [88.07029146590742, 21.834181801223856], [88.07029146590742, 21.836337757905742], [88.07056096049266, 21.836337757905742], [88.07056096049266, 21.83714624166145], [88.07109994966314, 21.837415736246687], [88.07109994966314, 21.838493714587628], [88.07136944424836, 21.838493714587628], [88.07136944424836, 21.83795472541716], [88.07190843341884, 21.83795472541716], [88.07217792800408, 21.838493714587628], [88.07271691717455, 21.838493714587628], [88.07271691717455, 21.8390327037581], [88.0716389388336, 21.839302198343336], [88.07136944424836, 21.840110682099045], [88.0716389388336, 21.840110682099045], [88.0716389388336, 21.840649671269517], [88.0724474225893, 21.840649671269517], [88.07217792800408, 21.840110682099045], [88.07298641175979, 21.840110682099045], [88.07298641175979, 21.84172764961046], [88.07271691717455, 21.84172764961046], [88.07271691717455, 21.844422595462817], [88.0724474225893, 21.844422595462817], [88.07217792800408, 21.84550057380376], [88.0716389388336, 21.84550057380376], [88.07109994966314, 21.846039562974234], [88.07109994966314, 21.846848046729942], [88.06975247673695, 21.846848046729942], [88.06921348756649, 21.84630905755947], [88.06921348756649, 21.84711754131518], [88.068674498396, 21.84738703590041]], [[88.06894399298125, 21.836068263320506], [88.06840500381077, 21.836068263320506], [88.06840500381077, 21.83579876873527], [88.06894399298125, 21.83579876873527], [88.06894399298125, 21.836068263320506]], [[88.06948298215171, 21.84307512253664], [88.06894399298125, 21.842805627951403], [88.06894399298125, 21.84226663878093], [88.06975247673695, 21.841997144195695], [88.07002197132219, 21.842536133366167], [88.06948298215171, 21.84307512253664]]]}, "properties": {"change": "LOST", "areaHa": 53.7}}, {"type": "Feature", "geometry": {"geodesic": false, "type": "Polygon", "coordinates": [[[88.02178244056496, 22.050046963997776], [88.02151294597974, 22.04977746941254], [88.02151294597974, 22.048429996486362], [88.02070446222403, 22.048160501901126], [88.02016547305355, 22.050046963997776], [88.0174705272012, 22.050046963997776], [88.0174705272012, 22.049507974827304], [88.01720103261596, 22.049507974827304], [88.01720103261596, 22.04654353438971], [88.0174705272012, 22.04654353438971], [88.0174705272012, 22.045196061463532], [88.01774002178644, 22.045196061463532], [88.01774002178644, 22.044387577707823], [88.01800951637166, 22.044387577707823], [88.01800951637166, 22.04330959936688], [88.01881800012737, 22.042501115611174], [88.01935698929785, 22.040884148099757], [88.01989597846831, 22.040345158929284], [88.02097395680926, 22.040345158929284], [88.0212434513945, 22.03953667517358], [88.02232142973544, 22.039267180588343], [88.02339940807639, 22.037650213076926], [88.02393839724685, 22.037650213076926], [88.02447738641733, 22.037111223906454], [88.02447738641733, 22.037650213076926], [88.02393839724685, 22.037919707662162], [88.02393839724685, 22.03872819141787], [88.02366890266163, 22.03872819141787], [88.02366890266163, 22.039267180588343], [88.02312991349115, 22.039806169758815], [88.02312991349115, 22.04142313727023], [88.02259092432068, 22.041692631855465], [88.02232142973544, 22.04330959936688], [88.0220519351502, 22.04330959936688], [88.02178244056496, 22.04465707229306], [88.02151294597974, 22.04465707229306], [88.02151294597974, 22.045196061463532], [88.02232142973544, 22.045735050634004], [88.02232142973544, 22.046274039804473], [88.02339940807639, 22.04708252356018], [88.02339940807639, 22.04789100731589], [88.02420789183209, 22.048160501901126], [88.02420789183209, 22.0486994910716], [88.02366890266163, 22.048968985656835], [88.02393839724685, 22.050046963997776], [88.02178244056496, 22.050046963997776]], [[88.01962648388309, 22.04384858853735], [88.01935698929785, 22.04384858853735], [88.01935698929785, 22.04330959936688], [88.01962648388309, 22.04330959936688], [88.01962648388309, 22.04384858853735]], [[88.01854850554214, 22.044926566878296], [88.0182790109569, 22.044926566878296], [88.0182790109569, 22.044387577707823], [88.01854850554214, 22.044387577707823], [88.01854850554214, 22.044926566878296]], [[88.02016547305355, 22.04654353438971], [88.01935698929785, 22.046274039804473], [88.01962648388309, 22.045196061463532], [88.02043496763879, 22.045465556048768], [88.02016547305355, 22.04654353438971]], [[88.0220519351502, 22.048160501901126], [88.02151294597974, 22.048160501901126], [88.02097395680926, 22.047621512730654], [88.02151294597974, 22.046274039804473], [88.0220519351502, 22.04654353438971], [88.0220519351502, 22.048160501901126]]]}, "properties": {"change": "LOST", "areaHa": 53.4}}, {"type": "Feature", "geometry": {"geodesic": false, "type": "Polygon", "coordinates": [[[88.29828388501696, 21.691888660219323], [88.29828388501696, 21.69134967104885], [88.2993618633579, 21.690541187293142], [88.2993618633579, 21.690002198122674], [88.3001703471136, 21.6894632089522], [88.30043984169885, 21.688654725196493], [88.30097883086931, 21.688654725196493], [88.30151782003979, 21.68811573602602], [88.30151782003979, 21.687576746855548], [88.3023263037955, 21.68703775768508], [88.30286529296596, 21.6856902847589], [88.30340428213644, 21.685420790173662], [88.30340428213644, 21.68488180100319], [88.30421276589215, 21.68434281183272], [88.30475175506263, 21.68299533890654], [88.30582973340356, 21.68218685515083], [88.30636872257404, 21.680839382224654], [88.3069077117445, 21.680569887639418], [88.3069077117445, 21.680030898468946], [88.30744670091498, 21.67976140388371], [88.30771619550022, 21.678683425542765], [88.30825518467068, 21.67841393095753], [88.3098721521821, 21.67464100676423], [88.31014164676733, 21.67464100676423], [88.31014164676733, 21.674102017593757], [88.31041114135257, 21.674102017593757], [88.31041114135257, 21.67329353383805], [88.31068063593781, 21.67329353383805], [88.31068063593781, 21.670329093400454], [88.3098721521821, 21.669520609644746], [88.30933316301163, 21.667903642133332], [88.30906366842639, 21.667903642133332], [88.30906366842639, 21.667095158377624], [88.30852467925592, 21.66655616920715], [88.30852467925592, 21.666017180036683], [88.30825518467068, 21.666017180036683], [88.30825518467068, 21.66547819086621], [88.30771619550022, 21.665208696280974], [88.3069077117445, 21.66332223418432], [88.30636872257404, 21.663052739599088], [88.30529074423309, 21.660088299161494], [88.30475175506263, 21.659818804576258], [88.30475175506263, 21.65901032082055], [88.30367377672168, 21.65820183706484], [88.3031347875512, 21.656584869553427], [88.30286529296596, 21.656584869553427], [88.30286529296596, 21.65577638579772], [88.3031347875512, 21.65577638579772], [88.30340428213644, 21.656854364138663], [88.30502124964785, 21.658471331650077], [88.30502124964785, 21.65901032082055], [88.30582973340356, 21.65954930999102], [88.30582973340356, 21.660088299161494], [88.30636872257404, 21.660357793746726], [88.3069077117445, 21.661705266672907], [88.30879417384115, 21.66332223418432], [88.30879417384115, 21.663861223354793], [88.30933316301163, 21.66413071794003], [88.30933316301163, 21.6646697071105], [88.3098721521821, 21.664939201695738], [88.31041114135257, 21.666286674621915], [88.31229760344922, 21.66817313671857], [88.31256709803446, 21.669520609644746], [88.31283659261969, 21.669520609644746], [88.31283659261969, 21.67194606091187], [88.31256709803446, 21.67194606091187], [88.31229760344922, 21.673563028423285], [88.31175861427874, 21.67383252300852], [88.31175861427874, 21.674371512178993], [88.31095013052304, 21.675179995934702], [88.31068063593781, 21.676257974275643], [88.31014164676733, 21.67652746886088], [88.30960265759687, 21.67787494178706], [88.30879417384115, 21.67841393095753], [88.30852467925592, 21.679491909298473], [88.30771619550022, 21.680030898468946], [88.30771619550022, 21.680569887639418], [88.30663821715927, 21.68164786598036], [88.30582973340356, 21.683534328077013], [88.30421276589215, 21.68488180100319], [88.30421276589215, 21.685420790173662], [88.30205680921026, 21.687576746855548], [88.30205680921026, 21.68811573602602], [88.30124832545455, 21.688654725196493], [88.30124832545455, 21.689193714366965], [88.30043984169885, 21.6894632089522], [88.29963135794314, 21.69027169270791], [88.29963135794314, 21.69081068187838], [88.29828388501696, 21.691888660219323]]]}, "properties": {"change": "GAINED", "areaHa": 52.2}}, {"type": "Feature", "geometry": {"geodesic": false, "type": "Polygon", "coordinates": [[[88.149792368552, 22.025522956741312], [88.14952287396676, 22.024983967570844], [88.14871439021105, 22.024983967570844], [88.14817540104059, 22.02444497840037], [88.14763641187011, 22.02444497840037], [88.14763641187011, 22.024175483815135], [88.1468279281144, 22.024175483815135], [88.1468279281144, 22.0239059892299], [88.14574994977346, 22.023636494644663], [88.14494146601776, 22.022828010888954], [88.14467197143252, 22.021750032548013], [88.14386348767681, 22.02121104337754], [88.14386348767681, 22.02067205420707], [88.14278550933587, 22.019594075866124], [88.14278550933587, 22.01905508669565], [88.1422465201654, 22.01878559211042], [88.1422465201654, 22.018246602939946], [88.14170753099492, 22.01797710835471], [88.14116854182446, 22.016360140843293], [88.13982106889827, 22.015012667917116], [88.13982106889827, 22.014473678746644], [88.13901258514257, 22.01393468957617], [88.13874309055733, 22.01285671123523], [88.13820410138686, 22.012587216649994], [88.13820410138686, 22.01150923830905], [88.13766511221638, 22.011239743723813], [88.13739561763116, 22.01016176538287], [88.13685662846068, 22.009892270797636], [88.13658713387544, 22.00827530328622], [88.13604814470497, 22.007736314115746], [88.13604814470497, 22.007197324945274], [88.13577865011973, 22.007197324945274], [88.13577865011973, 22.006658335774805], [88.1355091555345, 22.006658335774805], [88.1355091555345, 22.006119346604333], [88.13497016636403, 22.006119346604333], [88.13443117719356, 22.00558035743386], [88.13443117719356, 22.004771873678152], [88.13362269343784, 22.00423288450768], [88.13362269343784, 22.00369389533721], [88.13443117719356, 22.003424400751975], [88.13443117719356, 22.003963389922443], [88.13497016636403, 22.00423288450768], [88.13604814470497, 22.006927830360038], [88.13766511221638, 22.008544797871455], [88.13766511221638, 22.009083787041927], [88.13901258514257, 22.010431259968104], [88.13901258514257, 22.010970249138577], [88.13955157431303, 22.011239743723813], [88.14009056348351, 22.012587216649994], [88.14170753099492, 22.01393468957617], [88.14170753099492, 22.014473678746644], [88.14332449850635, 22.016090646258057], [88.14332449850635, 22.01662963542853], [88.14548045518822, 22.018516097525183], [88.1460194443587, 22.01986357045136], [88.14709742269964, 22.020941548792305], [88.14790590645535, 22.02121104337754], [88.14844489562581, 22.022558516303718], [88.15033135772248, 22.02444497840037], [88.1506008523077, 22.025253462156076], [88.149792368552, 22.025522956741312]]]}, "properties": {"change": "LOST", "areaHa": 51.5}}, {"type": "Feature", "geometry": {"geodesic": false, "type": "Polygon", "coordinates": [[[88.2821142099028, 21.74686555560744], [88.2813057261471, 21.74605707185173], [88.2813057261471, 21.745518082681258], [88.28076673697663, 21.745248588096022], [88.28076673697663, 21.74470959892555], [88.27995825322093, 21.74417060975508], [88.27995825322093, 21.74363162058461], [88.27861078029474, 21.7428231368289], [88.27861078029474, 21.742284147658427], [88.27780229653904, 21.741745158487955], [88.27780229653904, 21.741206169317486], [88.27699381278333, 21.740667180147014], [88.27672431819809, 21.73958920180607], [88.27510735068667, 21.737972234294656], [88.27510735068667, 21.737163750538947], [88.2745683615162, 21.736624761368475], [88.2745683615162, 21.734199310101353], [88.27483785610144, 21.734199310101353], [88.27510735068667, 21.73258234258994], [88.27537684527191, 21.73258234258994], [88.27537684527191, 21.73177385883423], [88.27861078029474, 21.727731440055692], [88.27888027487998, 21.727731440055692], [88.27888027487998, 21.7285399238114], [88.27861078029474, 21.7285399238114], [88.27861078029474, 21.72934840756711], [88.2783412857095, 21.72934840756711], [88.2783412857095, 21.735277288442298], [88.27861078029474, 21.735277288442298], [88.27888027487998, 21.73958920180607], [88.2791497694652, 21.73958920180607], [88.2791497694652, 21.74012819097654], [88.27941926405045, 21.74012819097654], [88.27941926405045, 21.740667180147014], [88.27995825322093, 21.741206169317486], [88.27995825322093, 21.74201465307319], [88.28022774780615, 21.74201465307319], [88.28022774780615, 21.7428231368289], [88.28049724239139, 21.7428231368289], [88.28076673697663, 21.743901115169844], [88.28157522073234, 21.74470959892555], [88.28157522073234, 21.745518082681258], [88.28238370448804, 21.746326566436966], [88.28238370448804, 21.74686555560744], [88.2821142099028, 21.74686555560744]]]}, "properties": {"change": "GAINED", "areaHa": 50.0}}, {"type": "Feature", "geometry": {"geodesic": false, "type": "Polygon", "coordinates": [[[88.178358794587, 22.002615916996266], [88.1775503108313, 22.00153793865532], [88.17620283790511, 22.00153793865532], [88.17620283790511, 22.001268444070085], [88.17431637580846, 22.00099894948485], [88.173777386638, 22.00045996031438], [88.17323839746751, 22.00045996031438], [88.17323839746751, 22.000190465729144], [88.17269940829705, 22.000190465729144], [88.17269940829705, 21.999920971143908], [88.17216041912658, 21.999920971143908], [88.17216041912658, 21.99965147655867], [88.1708129462004, 21.999381981973436], [88.17054345161516, 21.998842992802963], [88.16946547327422, 21.998842992802963], [88.16865698951851, 21.998034509047255], [88.1678485057628, 21.998034509047255], [88.16677052742186, 21.996956530706314], [88.1662315382514, 21.996956530706314], [88.16596204366616, 21.996148046950605], [88.1670400220071, 21.99587855236537], [88.1670400220071, 21.99453107943919], [88.16757901117757, 21.994261584853955], [88.16757901117757, 21.99453107943919], [88.16919597868899, 21.994800574024428], [88.17108244078564, 21.996687036121077], [88.17431637580846, 21.997495519876786], [88.1745858703937, 21.998034509047255], [88.17593334331988, 21.998034509047255], [88.1775503108313, 21.996148046950605], [88.1775503108313, 21.994800574024428], [88.17808930000177, 21.994800574024428], [88.17808930000177, 21.995609057780133], [88.178358794587, 21.995609057780133], [88.178358794587, 21.99965147655867], [88.17781980541653, 22.000190465729144], [88.17781980541653, 22.001268444070085], [88.17862828917224, 22.00153793865532], [88.17862828917224, 22.002615916996266], [88.178358794587, 22.002615916996266]]]}, "properties": {"change": "LOST", "areaHa": 47.2}}, {"type": "Feature", "geometry": {"geodesic": false, "type": "Polygon", "coordinates": [[[88.13092774758549, 22.050046963997776], [88.13065825300025, 22.049507974827304], [88.12931078007408, 22.049238480242067], [88.1287717909036, 22.0486994910716], [88.12823280173313, 22.0486994910716], [88.12823280173313, 22.049238480242067], [88.1279633071479, 22.049238480242067], [88.1279633071479, 22.048429996486362], [88.12769381256265, 22.0486994910716], [88.12661583422172, 22.0486994910716], [88.12634633963648, 22.048160501901126], [88.12553785588078, 22.048160501901126], [88.12472937212506, 22.047352018145418], [88.12365139378413, 22.04708252356018], [88.12311240461365, 22.046274039804473], [88.12176493168747, 22.04600454521924], [88.12149543710224, 22.045465556048768], [88.11987846959082, 22.045196061463532], [88.11933948042035, 22.044387577707823], [88.11853099666465, 22.044387577707823], [88.11799200749417, 22.04384858853735], [88.1174530183237, 22.04384858853735], [88.11718352373846, 22.04330959936688], [88.11610554539752, 22.043040104781646], [88.11583605081228, 22.042501115611174], [88.11421908330087, 22.0419621264407], [88.11314110495992, 22.040884148099757], [88.11260211578946, 22.040884148099757], [88.11233262120422, 22.040345158929284], [88.11179363203375, 22.040345158929284], [88.11152413744851, 22.039806169758815], [88.10990716993709, 22.039267180588343], [88.10963767535186, 22.03872819141787], [88.11125464286327, 22.038458696832635], [88.11206312661898, 22.039806169758815], [88.11260211578946, 22.039267180588343], [88.11341059954516, 22.039267180588343], [88.11341059954516, 22.03953667517358], [88.11394958871563, 22.03953667517358], [88.11394958871563, 22.039806169758815], [88.1144885778861, 22.039806169758815], [88.1144885778861, 22.040075664344048], [88.11502756705657, 22.040075664344048], [88.11556655622705, 22.04061465351452], [88.11637503998276, 22.04061465351452], [88.11637503998276, 22.040884148099757], [88.11691402915322, 22.040884148099757], [88.11691402915322, 22.041153642684993], [88.1174530183237, 22.041153642684993], [88.1174530183237, 22.04142313727023], [88.11799200749417, 22.04142313727023], [88.11799200749417, 22.041692631855465], [88.11853099666465, 22.041692631855465], [88.11853099666465, 22.0419621264407], [88.121225942517, 22.043040104781646], [88.12149543710224, 22.043579093952115], [88.1220344262727, 22.043579093952115], [88.12257341544318, 22.044118083122587], [88.12338189919889, 22.044118083122587], [88.12365139378413, 22.04465707229306], [88.1241903829546, 22.04465707229306], [88.1249988667103, 22.045465556048768], [88.12553785588078, 22.045465556048768], [88.12607684505124, 22.046274039804473], [88.12688532880695, 22.046274039804473], [88.12715482339219, 22.046813028974945], [88.12769381256265, 22.046813028974945], [88.12850229631837, 22.047621512730654], [88.12904128548884, 22.047621512730654], [88.12958027465932, 22.048429996486362], [88.13038875841502, 22.048429996486362], [88.13092774758549, 22.049238480242067], [88.13227522051167, 22.04977746941254], [88.13227522051167, 22.050046963997776], [88.13092774758549, 22.050046963997776]]]}, "properties": {"change": "GAINED", "areaHa": 46.6}}, {"type": "Feature", "geometry": {"geodesic": false, "type": "Polygon", "coordinates": [[[88.31391457096063, 21.816664653183526], [88.31095013052304, 21.813700212745932], [88.3098721521821, 21.808849310211684], [88.30825518467068, 21.80723234270027], [88.30771619550022, 21.80723234270027], [88.30771619550022, 21.806962848115035], [88.30529074423309, 21.806962848115035], [88.30529074423309, 21.80723234270027], [88.30448226047739, 21.80723234270027], [88.30448226047739, 21.807501837285507], [88.3039432713069, 21.807501837285507], [88.3039432713069, 21.807771331870743], [88.30340428213644, 21.807771331870743], [88.30286529296596, 21.808310321041212], [88.30205680921026, 21.808310321041212], [88.30205680921026, 21.808579815626448], [88.29720590667601, 21.80911880479692], [88.29720590667601, 21.808849310211684], [88.29585843374984, 21.808579815626448], [88.2955889391646, 21.808040826455976], [88.29504994999412, 21.808040826455976], [88.2947804554089, 21.80723234270027], [88.29370247706795, 21.806154364359326], [88.29397197165318, 21.80265093475126], [88.29585843374984, 21.80076447265461], [88.29693641209077, 21.800494978069374], [88.29720590667601, 21.7999559888989], [88.29882287418744, 21.79941699972843], [88.29882287418744, 21.799147505143193], [88.29963135794314, 21.799147505143193], [88.29963135794314, 21.79887801055796], [88.30070933628409, 21.79887801055796], [88.30070933628409, 21.798608515972724], [88.30151782003979, 21.798608515972724], [88.30151782003979, 21.798339021387488], [88.30259579838074, 21.798339021387488], [88.30259579838074, 21.79806952680225], [88.3039432713069, 21.79806952680225], [88.3039432713069, 21.797800032217015], [88.30502124964785, 21.797800032217015], [88.30502124964785, 21.79753053763178], [88.3060992279888, 21.79753053763178], [88.30663821715927, 21.796991548461307], [88.30771619550022, 21.796991548461307], [88.30825518467068, 21.796452559290834], [88.30879417384115, 21.796452559290834], [88.31014164676733, 21.795105086364657], [88.31014164676733, 21.792679635097535], [88.3098721521821, 21.792679635097535], [88.3098721521821, 21.791871151341827], [88.30960265759687, 21.791871151341827], [88.30960265759687, 21.791062667586118], [88.3098721521821, 21.791062667586118], [88.3098721521821, 21.79160165675659], [88.31041114135257, 21.792140645927063], [88.31041114135257, 21.792949129682768], [88.31095013052304, 21.792949129682768], [88.31095013052304, 21.79348811885324], [88.31068063593781, 21.79348811885324], [88.31068063593781, 21.795105086364657], [88.31095013052304, 21.795374580949893], [88.31014164676733, 21.795913570120362], [88.31014164676733, 21.796452559290834], [88.30906366842639, 21.79753053763178], [88.30825518467068, 21.79753053763178], [88.30825518467068, 21.797800032217015], [88.3069077117445, 21.79806952680225], [88.3069077117445, 21.798339021387488], [88.30582973340356, 21.798339021387488], [88.30582973340356, 21.798608515972724], [88.30448226047739, 21.79887801055796], [88.30448226047739, 21.799147505143193], [88.3031347875512, 21.799147505143193], [88.3031347875512, 21.79941699972843], [88.30205680921026, 21.79941699972843], [88.30205680921026, 21.799686494313665], [88.30043984169885, 21.799686494313665], [88.30043984169885, 21.7999559888989], [88.29882287418744, 21.800225483484137], [88.2985533796022, 21.80076447265461], [88.29747540126125, 21.80076447265461], [88.29747540126125, 21.801033967239846], [88.29585843374984, 21.80157295641032], [88.2947804554089, 21.80265093475126], [88.2947804554089, 21.80318992392173], [88.29424146623842, 21.803728913092204], [88.29424146623842, 21.805345880603618], [88.2947804554089, 21.80588486977409], [88.2947804554089, 21.8066933535298], [88.29666691750555, 21.808310321041212], [88.30097883086931, 21.808040826455976], [88.30097883086931, 21.807771331870743], [88.30205680921026, 21.807771331870743], [88.30205680921026, 21.807501837285507], [88.30340428213644, 21.80723234270027], [88.30367377672168, 21.8066933535298], [88.30475175506263, 21.8066933535298], [88.30475175506263, 21.806423858944562], [88.30744670091498, 21.806423858944562], [88.30744670091498, 21.8066933535298], [88.30879417384115, 21.806962848115035], [88.30906366842639, 21.807501837285507], [88.30960265759687, 21.807501837285507], [88.31014164676733, 21.808040826455976], [88.31068063593781, 21.810196783137865], [88.31095013052304, 21.810196783137865], [88.31121962510828, 21.812891728990223], [88.31148911969352, 21.812891728990223], [88.31175861427874, 21.813969707331168], [88.31229760344922, 21.814508696501637], [88.31283659261969, 21.814508696501637], [88.31337558179017, 21.81504768567211], [88.31337558179017, 21.81558667484258], [88.31418406554587, 21.816125664013054], [88.31418406554587, 21.816664653183526], [88.31391457096063, 21.816664653183526]]]}, "properties": {"change": "GAINED", "areaHa": 44.0}}, {"type": "Feature", "geometry": {"geodesic": false, "type": "Polygon", "coordinates": [[[88.15140933606341, 21.899129996265696], [88.15140933606341, 21.89778252333952], [88.15248731440435, 21.896704544998574], [88.15221781981913, 21.892123137049566], [88.1527568089896, 21.891584147879094], [88.1527568089896, 21.890775664123385], [88.15329579816007, 21.890236674952913], [88.15383478733054, 21.890236674952913], [88.15518226025672, 21.8886197074415], [88.15572124942719, 21.8886197074415], [88.1565297331829, 21.887541729100555], [88.15706872235337, 21.887541729100555], [88.15760771152384, 21.888080718271027], [88.15760771152384, 21.888889202026736], [88.15787720610908, 21.888889202026736], [88.1573382169386, 21.89374010456098], [88.15706872235337, 21.89374010456098], [88.15706872235337, 21.894279093731452], [88.15679922776813, 21.894279093731452], [88.15679922776813, 21.894818082901924], [88.15626023859767, 21.89508757748716], [88.15599074401243, 21.895896061242865], [88.15383478733054, 21.8961655558281], [88.15329579816007, 21.897513028754283], [88.15302630357483, 21.897513028754283], [88.15302630357483, 21.89832151250999], [88.15221781981913, 21.898591007095224], [88.15194832523389, 21.899129996265696], [88.15140933606341, 21.899129996265696]]]}, "properties": {"change": "GAINED", "areaHa": 43.3}}, {"type": "Feature", "geometry": {"geodesic": false, "type": "Polygon", "coordinates": [[[88.28858207994847, 21.621281078887527], [88.28858207994847, 21.620472595131822], [88.28804309077799, 21.61993360596135], [88.28804309077799, 21.619394616790878], [88.28750410160752, 21.61912512220564], [88.28750410160752, 21.617238660108992], [88.28696511243704, 21.61669967093852], [88.28696511243704, 21.61589118718281], [88.28561763951087, 21.615082703427102], [88.28534814492563, 21.613735230500925], [88.28453966116993, 21.613196241330453], [88.28453966116993, 21.612387757574744], [88.28427016658469, 21.612387757574744], [88.28453966116993, 21.60942331713715], [88.28427016658469, 21.60942331713715], [88.28427016658469, 21.608614833381445], [88.28400067199945, 21.608614833381445], [88.28400067199945, 21.607806349625736], [88.28453966116993, 21.6075368550405], [88.28453966116993, 21.60672837128479], [88.28561763951087, 21.605919887529087], [88.28534814492563, 21.604572414602906], [88.28561763951087, 21.604572414602906], [88.28588713409611, 21.603763930847197], [88.28561763951087, 21.603763930847197], [88.28534814492563, 21.601877468750548], [88.28588713409611, 21.601338479580075], [88.28615662868134, 21.601338479580075], [88.28615662868134, 21.60511140377338], [88.28642612326658, 21.60511140377338], [88.28642612326658, 21.60618938211432], [88.28669561785182, 21.60618938211432], [88.28669561785182, 21.60834533879621], [88.28696511243704, 21.60834533879621], [88.28696511243704, 21.60888432796668], [88.28750410160752, 21.60942331713715], [88.28750410160752, 21.610501295478095], [88.28777359619276, 21.610501295478095], [88.28777359619276, 21.61157927381904], [88.28804309077799, 21.61157927381904], [88.28804309077799, 21.613735230500925], [88.28831258536323, 21.613735230500925], [88.28831258536323, 21.615082703427102], [88.28858207994847, 21.615082703427102], [88.28858207994847, 21.61669967093852], [88.28885157453371, 21.61669967093852], [88.28885157453371, 21.61912512220564], [88.28858207994847, 21.61912512220564], [88.28885157453371, 21.621281078887527], [88.28858207994847, 21.621281078887527]]]}, "properties": {"change": "GAINED", "areaHa": 42.5}}, {"type": "Feature", "geometry": {"geodesic": false, "type": "Polygon", "coordinates": [[[88.10532576198808, 21.995609057780133], [88.10424778364714, 21.99453107943919], [88.10424778364714, 21.99399209026872], [88.10370879447667, 21.993722595683483], [88.10370879447667, 21.99318360651301], [88.10290031072097, 21.99264461734254], [88.10290031072097, 21.992105628172066], [88.10155283779478, 21.99129714441636], [88.10155283779478, 21.99075815524589], [88.1039782890619, 21.988332703978767], [88.10451727823238, 21.988332703978767], [88.10505626740284, 21.987524220223058], [88.10721222408473, 21.987793714808294], [88.10721222408473, 21.98806320939353], [88.10775121325521, 21.98806320939353], [88.10829020242568, 21.988602198564003], [88.10829020242568, 21.98914118773447], [88.10909868618138, 21.988871693149235], [88.10909868618138, 21.988332703978767], [88.10936818076662, 21.988332703978767], [88.10936818076662, 21.990219166075416], [88.1069427294995, 21.992375122757302], [88.1069427294995, 21.992914111927774], [88.10748171866997, 21.99318360651301], [88.10748171866997, 21.994261584853955], [88.1069427294995, 21.994800574024428], [88.10640374032903, 21.994800574024428], [88.10586475115856, 21.995609057780133], [88.10532576198808, 21.995609057780133]], [[88.10640374032903, 21.99129714441636], [88.10559525657332, 21.99129714441636], [88.10532576198808, 21.99075815524589], [88.10640374032903, 21.99075815524589], [88.10640374032903, 21.99129714441636]]]}, "properties": {"change": "LOST", "areaHa": 40.6}}, {"type": "Feature", "geometry": {"geodesic": false, "type": "Polygon", "coordinates": [[[88.33816908363187, 21.713448227038192], [88.33520464319427, 21.710483786600598], [88.33520464319427, 21.70886681908918], [88.33574363236474, 21.708327829918712], [88.33574363236474, 21.70778884074824], [88.33601312694998, 21.70778884074824], [88.33601312694998, 21.707249851577767], [88.33682161070568, 21.70698035699253], [88.34005554572852, 21.7037464219697], [88.34113352406946, 21.703476927384465], [88.34652341577417, 21.698087035679748], [88.34652341577417, 21.697548046509276], [88.34787088870036, 21.69647006816833], [88.34787088870036, 21.697009057338803], [88.34733189952988, 21.69727855192404], [88.34733189952988, 21.697817541094512], [88.34706240494465, 21.697817541094512], [88.34679291035941, 21.698895519435457], [88.34625392118895, 21.699165014020693], [88.34625392118895, 21.69970400319116], [88.34571493201847, 21.699973497776398], [88.34571493201847, 21.70051248694687], [88.34436745909228, 21.70132097070258], [88.34436745909228, 21.70185995987305], [88.34221150241041, 21.704015916554937], [88.34221150241041, 21.70455490572541], [88.34140301865469, 21.70509389489588], [88.34140301865469, 21.70563288406635], [88.34086402948422, 21.706171873236823], [88.34032504031376, 21.706171873236823], [88.33978605114328, 21.707519346163004], [88.33924706197281, 21.70778884074824], [88.33870807280233, 21.709944797430126], [88.3384385782171, 21.709944797430126], [88.3384385782171, 21.71156176494154], [88.33816908363187, 21.71156176494154], [88.3384385782171, 21.713448227038192], [88.33816908363187, 21.713448227038192]]]}, "properties": {"change": "GAINED", "areaHa": 40.2}}, {"type": "Feature", "geometry": {"geodesic": false, "type": "Polygon", "coordinates": [[[88.34005554572852, 21.744440104340317], [88.33978605114328, 21.74012819097654], [88.34005554572852, 21.74012819097654], [88.34032504031376, 21.738511223465128], [88.34059453489898, 21.738511223465128], [88.34032504031376, 21.73770273970942], [88.34086402948422, 21.737163750538947], [88.34086402948422, 21.73635526678324], [88.34113352406946, 21.73635526678324], [88.34140301865469, 21.734199310101353], [88.34167251323993, 21.734199310101353], [88.34167251323993, 21.733390826345644], [88.34194200782517, 21.733390826345644], [88.34221150241041, 21.73123486966376], [88.34248099699563, 21.73123486966376], [88.34248099699563, 21.73042638590805], [88.34275049158087, 21.73042638590805], [88.34275049158087, 21.72934840756711], [88.34301998616611, 21.72934840756711], [88.34328948075135, 21.726922956299983], [88.34355897533658, 21.726922956299983], [88.34355897533658, 21.725844977959042], [88.34382846992182, 21.725844977959042], [88.34382846992182, 21.724766999618097], [88.34409796450706, 21.724766999618097], [88.34409796450706, 21.72341952669192], [88.34436745909228, 21.72341952669192], [88.34436745909228, 21.72261104293621], [88.34463695367752, 21.72261104293621], [88.34463695367752, 21.721802559180503], [88.34409796450706, 21.72126357001003], [88.34355897533658, 21.72126357001003], [88.34355897533658, 21.720994075424795], [88.34221150241041, 21.720994075424795], [88.34221150241041, 21.72126357001003], [88.34086402948422, 21.721533064595267], [88.34086402948422, 21.720994075424795], [88.34140301865469, 21.720994075424795], [88.34194200782517, 21.720455086254326], [88.34194200782517, 21.719916097083853], [88.34113352406946, 21.71937710791338], [88.34113352406946, 21.719107613328145], [88.34167251323993, 21.719107613328145], [88.34194200782517, 21.719646602498617], [88.34355897533658, 21.72018559166909], [88.34382846992182, 21.72072458083956], [88.34436745909228, 21.72072458083956], [88.34544543743323, 21.721802559180503], [88.34544543743323, 21.724766999618097], [88.345175942848, 21.724766999618097], [88.34436745909228, 21.729887396737578], [88.34409796450706, 21.729887396737578], [88.34409796450706, 21.730695880493286], [88.34382846992182, 21.730695880493286], [88.34355897533658, 21.733121331760408], [88.34328948075135, 21.733121331760408], [88.34328948075135, 21.733929815516117], [88.34301998616611, 21.733929815516117], [88.34301998616611, 21.734738299271825], [88.34275049158087, 21.734738299271825], [88.34275049158087, 21.735816277612766], [88.34248099699563, 21.735816277612766], [88.34248099699563, 21.736624761368475], [88.34221150241041, 21.736624761368475], [88.34221150241041, 21.737433245124183], [88.34194200782517, 21.737433245124183], [88.34194200782517, 21.738241728879892], [88.34167251323993, 21.738241728879892], [88.34167251323993, 21.739319707220833], [88.34140301865469, 21.739319707220833], [88.34140301865469, 21.74012819097654], [88.34113352406946, 21.74012819097654], [88.34113352406946, 21.74093667473225], [88.34086402948422, 21.74093667473225], [88.34086402948422, 21.741745158487955], [88.34059453489898, 21.741745158487955], [88.34059453489898, 21.743092631414136], [88.34032504031376, 21.743092631414136], [88.34032504031376, 21.744440104340317], [88.34005554572852, 21.744440104340317]]]}, "properties": {"change": "GAINED", "areaHa": 37.5}}, {"type": "Feature", "geometry": {"geodesic": false, "type": "Polygon", "coordinates": [[[88.28615662868134, 21.599991006653894], [88.28642612326658, 21.599721512068662], [88.28669561785182, 21.596218082460595], [88.28750410160752, 21.596218082460595], [88.28777359619276, 21.59514010411965], [88.28831258536323, 21.594601114949178], [88.28912106911893, 21.594601114949178], [88.29019904745988, 21.593253642023], [88.29235500414177, 21.592445158267292], [88.29235500414177, 21.592175663682056], [88.29316348789747, 21.592175663682056], [88.29370247706795, 21.591636674511584], [88.29451096082366, 21.591636674511584], [88.29504994999412, 21.59109768534111], [88.2955889391646, 21.59109768534111], [88.2955889391646, 21.59082819075588], [88.2993618633579, 21.590289201585406], [88.29801439043172, 21.591636674511584], [88.29747540126125, 21.591636674511584], [88.29720590667601, 21.592175663682056], [88.29639742292031, 21.592175663682056], [88.29451096082366, 21.594331620363942], [88.29397197165318, 21.594331620363942], [88.29370247706795, 21.594870609534414], [88.29154652038606, 21.595409598704887], [88.29100753121558, 21.59648757704583], [88.29019904745988, 21.59648757704583], [88.28939056370417, 21.597565555386772], [88.28804309077799, 21.59783504997201], [88.28723460702228, 21.598643533727717], [88.28696511243704, 21.599721512068662], [88.28615662868134, 21.599991006653894]]]}, "properties": {"change": "LOST", "areaHa": 35.9}}, {"type": "Feature", "geometry": {"geodesic": false, "type": "Polygon", "coordinates": [[[88.31041114135257, 21.690541187293142], [88.31095013052304, 21.68892421978173], [88.31148911969352, 21.688654725196493], [88.31148911969352, 21.687846241440784], [88.31283659261969, 21.686768263099843], [88.31310608720493, 21.685420790173662], [88.31364507637541, 21.68488180100319], [88.31364507637541, 21.684073317247485], [88.31418406554587, 21.683534328077013], [88.31445356013111, 21.681917360565595], [88.31472305471634, 21.681917360565595], [88.31499254930158, 21.679222414713237], [88.31553153847206, 21.678683425542765], [88.31553153847206, 21.67571898510517], [88.31580103305728, 21.67571898510517], [88.31580103305728, 21.674371512178993], [88.31607052764252, 21.674371512178993], [88.31607052764252, 21.673024039252812], [88.31634002222776, 21.673024039252812], [88.31634002222776, 21.668981620474277], [88.31607052764252, 21.668981620474277], [88.31607052764252, 21.668442631303805], [88.31634002222776, 21.668442631303805], [88.31634002222776, 21.662783245013852], [88.31607052764252, 21.662783245013852], [88.31607052764252, 21.661166277502435], [88.31553153847206, 21.660627288331963], [88.31553153847206, 21.660088299161494], [88.31526204388682, 21.660088299161494], [88.31526204388682, 21.657932342479604], [88.31472305471634, 21.657393353309132], [88.31472305471634, 21.65577638579772], [88.31445356013111, 21.65577638579772], [88.31445356013111, 21.65496790204201], [88.31418406554587, 21.65496790204201], [88.31418406554587, 21.653350934530597], [88.31391457096063, 21.653350934530597], [88.31391457096063, 21.652272956189652], [88.31364507637541, 21.652272956189652], [88.31364507637541, 21.65119497784871], [88.31337558179017, 21.65119497784871], [88.31310608720493, 21.64984750492253], [88.31256709803446, 21.649578010337294], [88.31256709803446, 21.648769526581585], [88.31202810886398, 21.64850003199635], [88.31202810886398, 21.647691548240644], [88.31229760344922, 21.647691548240644], [88.31256709803446, 21.64850003199635], [88.31310608720493, 21.648769526581585], [88.31310608720493, 21.649308515752058], [88.31364507637541, 21.649578010337294], [88.31364507637541, 21.650386494093002], [88.31391457096063, 21.650386494093002], [88.31418406554587, 21.65173396701918], [88.31445356013111, 21.65173396701918], [88.31472305471634, 21.655237396627246], [88.31499254930158, 21.655237396627246], [88.31499254930158, 21.656045880382955], [88.31526204388682, 21.656045880382955], [88.31526204388682, 21.6571238587239], [88.31553153847206, 21.6571238587239], [88.31553153847206, 21.65766284789437], [88.31607052764252, 21.65820183706484], [88.31634002222776, 21.660627288331963], [88.316609516813, 21.660627288331963], [88.316609516813, 21.661705266672907], [88.31687901139823, 21.661705266672907], [88.31687901139823, 21.663052739599088], [88.31714850598347, 21.663052739599088], [88.31714850598347, 21.66413071794003], [88.31741800056871, 21.66413071794003], [88.31741800056871, 21.667903642133332], [88.31714850598347, 21.667903642133332], [88.31714850598347, 21.673024039252812], [88.31687901139823, 21.673024039252812], [88.31687901139823, 21.674102017593757], [88.316609516813, 21.674102017593757], [88.316609516813, 21.675179995934702], [88.31634002222776, 21.675179995934702], [88.31634002222776, 21.677605447201824], [88.31607052764252, 21.677605447201824], [88.31607052764252, 21.678952920128], [88.31580103305728, 21.678952920128], [88.31580103305728, 21.680030898468946], [88.31553153847206, 21.680030898468946], [88.31553153847206, 21.68110887680989], [88.31526204388682, 21.68110887680989], [88.31526204388682, 21.682456349736068], [88.31499254930158, 21.682456349736068], [88.31499254930158, 21.683264833491776], [88.31472305471634, 21.683264833491776], [88.31472305471634, 21.68380382266225], [88.31418406554587, 21.68434281183272], [88.31418406554587, 21.685151295588426], [88.31391457096063, 21.685151295588426], [88.31310608720493, 21.687307252270315], [88.31229760344922, 21.687846241440784], [88.31229760344922, 21.688385230611257], [88.31148911969352, 21.68892421978173], [88.31148911969352, 21.6894632089522], [88.31041114135257, 21.690541187293142]]]}, "properties": {"change": "LOST", "areaHa": 35.3}}, {"type": "Feature", "geometry": {"geodesic": false, "type": "Polygon", "coordinates": [[[88.3535302749903, 21.76438270364777], [88.3535302749903, 21.764113209062533], [88.35110482372319, 21.763843714477296], [88.35056583455271, 21.763304725306824], [88.35002684538225, 21.763304725306824], [88.349757350797, 21.762765736136352], [88.34921836162654, 21.762765736136352], [88.34921836162654, 21.76249624155112], [88.34840987787082, 21.76249624155112], [88.34760139411512, 21.761418263210174], [88.34706240494465, 21.761418263210174], [88.34436745909228, 21.758723317357816], [88.34409796450706, 21.75764533901687], [88.34355897533658, 21.757375844431635], [88.34221150241041, 21.754141909408805], [88.34194200782517, 21.754141909408805], [88.34167251323993, 21.751716458141683], [88.34140301865469, 21.751716458141683], [88.34140301865469, 21.748482523118852], [88.34167251323993, 21.748482523118852], [88.34167251323993, 21.747135050192675], [88.34194200782517, 21.747135050192675], [88.34248099699563, 21.744440104340317], [88.34301998616611, 21.743901115169844], [88.34301998616611, 21.743092631414136], [88.34328948075135, 21.743092631414136], [88.34409796450706, 21.741206169317486], [88.34436745909228, 21.741206169317486], [88.34436745909228, 21.742284147658427], [88.34409796450706, 21.742284147658427], [88.34382846992182, 21.744440104340317], [88.34328948075135, 21.744979093510786], [88.34355897533658, 21.745787577266494], [88.34301998616611, 21.746326566436966], [88.34248099699563, 21.751716458141683], [88.34301998616611, 21.752255447312155], [88.34301998616611, 21.754141909408805], [88.34328948075135, 21.754141909408805], [88.34355897533658, 21.755758876920222], [88.34436745909228, 21.75656736067593], [88.34490644826276, 21.758184328187344], [88.34544543743323, 21.758723317357816], [88.3459844266037, 21.758723317357816], [88.34625392118895, 21.759531801113525], [88.34840987787082, 21.76168775779541], [88.34921836162654, 21.76168775779541], [88.35002684538225, 21.762765736136352], [88.35056583455271, 21.762765736136352], [88.35056583455271, 21.763035230721588], [88.35110482372319, 21.763035230721588], [88.35164381289366, 21.76357421989206], [88.35299128581984, 21.76357421989206], [88.35299128581984, 21.763843714477296], [88.36511854215546, 21.763843714477296], [88.36511854215546, 21.764113209062533], [88.3602676396212, 21.764113209062533], [88.3602676396212, 21.76438270364777], [88.3535302749903, 21.76438270364777]]]}, "properties": {"change": "GAINED", "areaHa": 33.3}}, {"type": "Feature", "geometry": {"geodesic": false, "type": "Polygon", "coordinates": [[[88.08538316268063, 21.866251656866922], [88.08511366809539, 21.865443173111213], [88.08430518433968, 21.865443173111213], [88.08430518433968, 21.86517367852598], [88.08511366809539, 21.86517367852598], [88.08511366809539, 21.864904183940745], [88.08430518433968, 21.864904183940745], [88.08430518433968, 21.864365194770272], [88.08349670058398, 21.86463468935551], [88.08349670058398, 21.864095700185036], [88.08484417351016, 21.864095700185036], [88.08484417351016, 21.8638262055998], [88.08538316268063, 21.8638262055998], [88.08538316268063, 21.863287216429327], [88.08511366809539, 21.863556711014564], [88.08376619516922, 21.863556711014564], [88.08376619516922, 21.8638262055998], [88.08322720599874, 21.863556711014564], [88.08322720599874, 21.864365194770272], [88.08268821682827, 21.864365194770272], [88.0821492276578, 21.863556711014564], [88.08161023848733, 21.8638262055998], [88.08161023848733, 21.863287216429327], [88.08107124931686, 21.86301772184409], [88.08107124931686, 21.862748227258855], [88.0821492276578, 21.862748227258855], [88.08241872224303, 21.86247873267362], [88.0821492276578, 21.861670248917914], [88.08241872224303, 21.861670248917914], [88.08241872224303, 21.86113125974744], [88.08322720599874, 21.860861765162205], [88.08322720599874, 21.861400754332678], [88.08349670058398, 21.861400754332678], [88.08349670058398, 21.860861765162205], [88.08403568975446, 21.860861765162205], [88.08430518433968, 21.860053281406497], [88.08457467892492, 21.860053281406497], [88.08457467892492, 21.85978378682126], [88.08376619516922, 21.85978378682126], [88.08376619516922, 21.860322775991733], [88.08268821682827, 21.860322775991733], [88.08268821682827, 21.860861765162205], [88.08161023848733, 21.860861765162205], [88.08187973307257, 21.85870580848032], [88.08268821682827, 21.858436313895083], [88.08241872224303, 21.85789732472461], [88.08295771141351, 21.85789732472461], [88.08295771141351, 21.85870580848032], [88.08268821682827, 21.85870580848032], [88.08295771141351, 21.85924479765079], [88.08268821682827, 21.859514292236025], [88.08376619516922, 21.85924479765079], [88.08376619516922, 21.859514292236025], [88.08511366809539, 21.859514292236025], [88.08538316268063, 21.860053281406497], [88.08619164643633, 21.85978378682126], [88.08646114102157, 21.86059227057697], [88.08915608687393, 21.860861765162205], [88.08996457062965, 21.861670248917914], [88.08942558145917, 21.862748227258855], [88.08753911936252, 21.86301772184409], [88.08753911936252, 21.862748227258855], [88.08673063560681, 21.86247873267362], [88.08700013019205, 21.8638262055998], [88.08646114102157, 21.8638262055998], [88.08646114102157, 21.864365194770272], [88.08565265726587, 21.86463468935551], [88.08565265726587, 21.86517367852598], [88.08646114102157, 21.864904183940745], [88.08646114102157, 21.86571266769645], [88.08565265726587, 21.86571266769645], [88.08565265726587, 21.866251656866922], [88.08538316268063, 21.866251656866922]], [[88.08349670058398, 21.86247873267362], [88.08268821682827, 21.862209238088386], [88.08295771141351, 21.861670248917914], [88.08349670058398, 21.861670248917914], [88.08349670058398, 21.86247873267362]]]}, "properties": {"change": "LOST", "areaHa": 33.1}}, {"type": "Feature", "geometry": {"geodesic": false, "type": "Polygon", "coordinates": [[[88.38290518478102, 21.685959779344135], [88.3820967010253, 21.685151295588426], [88.3820967010253, 21.684612306417954], [88.38101872268436, 21.68380382266225], [88.3804797335139, 21.68218685515083], [88.37994074434343, 21.681917360565595], [88.37913226058771, 21.67976140388371], [88.37886276600248, 21.67976140388371], [88.37886276600248, 21.678952920128], [88.378323776832, 21.67841393095753], [88.378323776832, 21.67787494178706], [88.37805428224677, 21.67787494178706], [88.37805428224677, 21.67329353383805], [88.37859327141724, 21.673024039252812], [88.37886276600248, 21.672215555497107], [88.37994074434343, 21.67194606091187], [88.38074922809913, 21.671137577156163], [88.38074922809913, 21.67059858798569], [88.38155771185484, 21.670059598815218], [88.38155771185484, 21.66871212588904], [88.38182720644008, 21.66871212588904], [88.38236619561054, 21.66736465296286], [88.38263569019578, 21.66736465296286], [88.38263569019578, 21.66817313671857], [88.38236619561054, 21.66817313671857], [88.38236619561054, 21.669790104229982], [88.3820967010253, 21.669790104229982], [88.3820967010253, 21.67194606091187], [88.38182720644008, 21.672215555497107], [88.3804797335139, 21.672215555497107], [88.3804797335139, 21.677335952616588], [88.38074922809913, 21.677335952616588], [88.3804797335139, 21.681378371395123], [88.38074922809913, 21.681378371395123], [88.38101872268436, 21.682456349736068], [88.38182720644008, 21.68299533890654], [88.38182720644008, 21.683534328077013], [88.38236619561054, 21.68380382266225], [88.38236619561054, 21.68434281183272], [88.38263569019578, 21.68434281183272], [88.38263569019578, 21.68488180100319], [88.38317467936625, 21.685420790173662], [88.38317467936625, 21.685959779344135], [88.38290518478102, 21.685959779344135]]]}, "properties": {"change": "GAINED", "areaHa": 31.5}}, {"type": "Feature", "geometry": {"geodesic": false, "type": "Polygon", "coordinates": [[[88.3993443544804, 21.91125725260131], [88.3993443544804, 21.910987758016073], [88.3985358707247, 21.910987758016073], [88.3985358707247, 21.910718263430837], [88.39745789238376, 21.910718263430837], [88.39745789238376, 21.9104487688456], [88.39664940862805, 21.9104487688456], [88.39664940862805, 21.91017927426037], [88.39584092487233, 21.91017927426037], [88.39530193570187, 21.909640285089896], [88.39422395736092, 21.909640285089896], [88.39422395736092, 21.90937079050466], [88.39341547360522, 21.90937079050466], [88.39341547360522, 21.909101295919424], [88.39260698984951, 21.909101295919424], [88.39206800067903, 21.90856230674895], [88.39099002233809, 21.90856230674895], [88.39045103316762, 21.90802331757848], [88.38991204399714, 21.90802331757848], [88.38991204399714, 21.907753822993243], [88.38937305482668, 21.907753822993243], [88.38937305482668, 21.907484328408007], [88.38883406565621, 21.907484328408007], [88.38883406565621, 21.907214833822774], [88.38829507648573, 21.907214833822774], [88.3880255819005, 21.906675844652302], [88.38721709814479, 21.906675844652302], [88.38586962521862, 21.90532837172612], [88.38586962521862, 21.90478938255565], [88.38533063604814, 21.904519887970412], [88.3850611414629, 21.90344190962947], [88.38479164687767, 21.90344190962947], [88.38479164687767, 21.902902920459], [88.38398316312195, 21.902363931288527], [88.38398316312195, 21.901285952947585], [88.38371366853673, 21.901285952947585], [88.38398316312195, 21.898052017924755], [88.38533063604814, 21.896435050413338], [88.38586962521862, 21.896435050413338], [88.38640861438908, 21.89562656665763], [88.38748659273003, 21.895357072072397], [88.38748659273003, 21.89508757748716], [88.3880255819005, 21.89508757748716], [88.38586962521862, 21.897243534169046], [88.38586962521862, 21.898052017924755], [88.38533063604814, 21.89832151250999], [88.38533063604814, 21.901555447532818], [88.38560013063338, 21.901555447532818], [88.38586962521862, 21.902902920459], [88.38694760355955, 21.903980898799944], [88.38694760355955, 21.904519887970412], [88.38748659273003, 21.905058877140885], [88.3880255819005, 21.905058877140885], [88.38856457107097, 21.905867360896593], [88.38910356024144, 21.905867360896593], [88.38964254941192, 21.906675844652302], [88.39072052775286, 21.906945339237538], [88.39099002233809, 21.907484328408007], [88.39206800067903, 21.907484328408007], [88.39206800067903, 21.907753822993243], [88.39260698984951, 21.907753822993243], [88.39260698984951, 21.90802331757848], [88.39314597901998, 21.90802331757848], [88.39314597901998, 21.908292812163715], [88.39368496819046, 21.908292812163715], [88.39422395736092, 21.908831801334188], [88.39584092487233, 21.909101295919424], [88.39611041945757, 21.909640285089896], [88.39691890321328, 21.909640285089896], [88.39691890321328, 21.909909779675132], [88.397727386969, 21.909909779675132], [88.39826637613946, 21.9104487688456], [88.39907485989517, 21.9104487688456], [88.39907485989517, 21.910718263430837], [88.39988334365087, 21.910987758016073], [88.39988334365087, 21.91125725260131], [88.3993443544804, 21.91125725260131]]]}, "properties": {"change": "GAINED", "areaHa": 31.2}}, {"type": "Feature", "geometry": {"geodesic": false, "type": "Polygon", "coordinates": [[[88.30879417384115, 21.593253642023], [88.30852467925592, 21.59271465285253], [88.30717720632974, 21.592175663682056], [88.3060992279888, 21.59109768534111], [88.3060992279888, 21.590289201585406], [88.30556023881833, 21.59001970700017], [88.30529074423309, 21.588941728659226], [88.30448226047739, 21.588941728659226], [88.30448226047739, 21.58867223407399], [88.3031347875512, 21.588133244903517], [88.30340428213644, 21.587055266562576], [88.30502124964785, 21.58543829905116], [88.30556023881833, 21.58543829905116], [88.3060992279888, 21.584899309880687], [88.3060992279888, 21.584360320710218], [88.30636872257404, 21.584360320710218], [88.30663821715927, 21.58543829905116], [88.30717720632974, 21.585707793636395], [88.30717720632974, 21.586246782806867], [88.30771619550022, 21.586516277392104], [88.30771619550022, 21.587324761147812], [88.30825518467068, 21.58759425573305], [88.30825518467068, 21.588133244903517], [88.30852467925592, 21.588133244903517], [88.30852467925592, 21.58867223407399], [88.30906366842639, 21.58921122324446], [88.30933316301163, 21.593253642023], [88.30879417384115, 21.593253642023]]]}, "properties": {"change": "GAINED", "areaHa": 29.5}}, {"type": "Feature", "geometry": {"geodesic": false, "type": "Polygon", "coordinates": [[[88.1888690834112, 21.578970429005498], [88.1888690834112, 21.577083966908848], [88.18859958882597, 21.577083966908848], [88.18859958882597, 21.57573649398267], [88.18833009424073, 21.57573649398267], [88.18833009424073, 21.574928010226962], [88.18806059965549, 21.574928010226962], [88.18806059965549, 21.57358053730078], [88.18779110507026, 21.573311042715545], [88.18859958882597, 21.573311042715545], [88.18859958882597, 21.57304154813031], [88.19129453467832, 21.57304154813031], [88.19129453467832, 21.573311042715545], [88.19210301843403, 21.573311042715545], [88.1926420076045, 21.573850031886018], [88.19398948053067, 21.573850031886018], [88.19398948053067, 21.574119526471254], [88.19452846970115, 21.574119526471254], [88.19452846970115, 21.57438902105649], [88.19587594262734, 21.574928010226962], [88.19587594262734, 21.575466999397435], [88.19614543721256, 21.575466999397435], [88.19587594262734, 21.577892450664557], [88.19506745887162, 21.577892450664557], [88.19345049136021, 21.576005988567903], [88.1926420076045, 21.57573649398267], [88.1926420076045, 21.576005988567903], [88.19210301843403, 21.576005988567903], [88.19210301843403, 21.57627548315314], [88.19156402926356, 21.576005988567903], [88.19102504009308, 21.576814472323612], [88.18994706175215, 21.577083966908848], [88.18994706175215, 21.57762295607932], [88.18940807258167, 21.577892450664557], [88.18940807258167, 21.57843143983503], [88.1888690834112, 21.578970429005498]]]}, "properties": {"change": "GAINED", "areaHa": 29.4}}, {"type": "Feature", "geometry": {"geodesic": false, "type": "Polygon", "coordinates": [[[88.30286529296596, 21.70698035699253], [88.30259579838074, 21.70644136782206], [88.30178731462503, 21.70644136782206], [88.30070933628409, 21.705363389481118], [88.3001703471136, 21.7037464219697], [88.29990085252837, 21.7037464219697], [88.29990085252837, 21.702398949043523], [88.30151782003979, 21.700781981532106], [88.30205680921026, 21.700781981532106], [88.30475175506263, 21.698087035679748], [88.30475175506263, 21.69862602485022], [88.30448226047739, 21.69862602485022], [88.30475175506263, 21.700242992361634], [88.3039432713069, 21.700781981532106], [88.30421276589215, 21.705902378651587], [88.30448226047739, 21.705902378651587], [88.30475175506263, 21.706710862407295], [88.30556023881833, 21.706710862407295], [88.30556023881833, 21.70698035699253], [88.30286529296596, 21.70698035699253]]]}, "properties": {"change": "GAINED", "areaHa": 28.5}}, {"type": "Feature", "geometry": {"geodesic": false, "type": "Polygon", "coordinates": [[[88.29154652038606, 21.581934869443092], [88.29154652038606, 21.581395880272623], [88.29019904745988, 21.58031790193168], [88.29019904745988, 21.57950941817597], [88.28939056370417, 21.578700934420265], [88.28912106911893, 21.577892450664557], [88.28939056370417, 21.57762295607932], [88.29046854204512, 21.57762295607932], [88.29046854204512, 21.577353461494084], [88.29208550955653, 21.577353461494084], [88.29208550955653, 21.57762295607932], [88.29262449872701, 21.57762295607932], [88.29262449872701, 21.578970429005498], [88.29289399331225, 21.578970429005498], [88.29289399331225, 21.578700934420265], [88.29343298248271, 21.578700934420265], [88.29343298248271, 21.577892450664557], [88.29289399331225, 21.577892450664557], [88.29289399331225, 21.577353461494084], [88.29343298248271, 21.577353461494084], [88.29343298248271, 21.577083966908848], [88.29316348789747, 21.577083966908848], [88.29316348789747, 21.576544977738376], [88.29262449872701, 21.576544977738376], [88.29262449872701, 21.576005988567903], [88.29585843374984, 21.575466999397435], [88.29639742292031, 21.576005988567903], [88.29612792833507, 21.576814472323612], [88.29585843374984, 21.576814472323612], [88.29639742292031, 21.578970429005498], [88.29612792833507, 21.579239923590734], [88.29424146623842, 21.579239923590734], [88.29424146623842, 21.579778912761206], [88.29585843374984, 21.579778912761206], [88.29585843374984, 21.58031790193168], [88.2947804554089, 21.58031790193168], [88.29451096082366, 21.58085689110215], [88.29316348789747, 21.58085689110215], [88.29289399331225, 21.580587396516915], [88.29289399331225, 21.58166537485786], [88.29262449872701, 21.581934869443092], [88.29154652038606, 21.581934869443092]], [[88.2955889391646, 21.577083966908848], [88.29424146623842, 21.577083966908848], [88.29424146623842, 21.576544977738376], [88.2955889391646, 21.576544977738376], [88.2955889391646, 21.577083966908848]], [[88.29531944457936, 21.57843143983503], [88.2947804554089, 21.57843143983503], [88.2947804554089, 21.577892450664557], [88.29531944457936, 21.577892450664557], [88.29531944457936, 21.57843143983503]], [[88.29235500414177, 21.57950941817597], [88.2918160149713, 21.57950941817597], [88.29208550955653, 21.578700934420265], [88.29235500414177, 21.578700934420265], [88.29235500414177, 21.57950941817597]], [[88.29316348789747, 21.580048407346442], [88.29289399331225, 21.579778912761206], [88.29316348789747, 21.579778912761206], [88.29316348789747, 21.580048407346442]]]}, "properties": {"change": "LOST", "areaHa": 28.1}}, {"type": "Feature", "geometry": {"geodesic": false, "type": "Polygon", "coordinates": [[[88.06436258503223, 21.636103281075503], [88.06463207961747, 21.63556429190503], [88.06571005795841, 21.63556429190503], [88.06651854171412, 21.634486313564086], [88.0670575308846, 21.634486313564086], [88.06813550922554, 21.632869346052672], [88.06921348756649, 21.632599851467436], [88.06921348756649, 21.632869346052672], [88.07190843341884, 21.632869346052672], [88.07190843341884, 21.632060862296964], [88.07136944424836, 21.632060862296964], [88.07136944424836, 21.631791367711728], [88.0724474225893, 21.631791367711728], [88.0724474225893, 21.63152187312649], [88.07433388468596, 21.631791367711728], [88.07433388468596, 21.63152187312649], [88.07756781970879, 21.63152187312649], [88.07756781970879, 21.631791367711728], [88.08026276556114, 21.632060862296964], [88.08053226014638, 21.6323303568822], [88.08053226014638, 21.632599851467436], [88.07864579804973, 21.632599851467436], [88.07864579804973, 21.632869346052672], [88.0746033792712, 21.633138840637905], [88.0746033792712, 21.63340833522314], [88.07379489551549, 21.63340833522314], [88.07379489551549, 21.633677829808377], [88.07271691717455, 21.633677829808377], [88.07217792800408, 21.63421681897885], [88.07109994966314, 21.63421681897885], [88.07109994966314, 21.634486313564086], [88.07002197132219, 21.634486313564086], [88.07002197132219, 21.634755808149322], [88.068674498396, 21.634755808149322], [88.068674498396, 21.635025302734558], [88.0670575308846, 21.635294797319794], [88.0670575308846, 21.63556429190503], [88.06571005795841, 21.635833786490267], [88.06571005795841, 21.636103281075503], [88.06436258503223, 21.636103281075503]], [[88.06921348756649, 21.634486313564086], [88.06894399298125, 21.634486313564086], [88.06894399298125, 21.633947324393613], [88.06921348756649, 21.633947324393613], [88.06921348756649, 21.634486313564086]]]}, "properties": {"change": "LOST", "areaHa": 25.8}}, {"type": "Feature", "geometry": {"geodesic": false, "type": "Polygon", "coordinates": [[[88.23953406543554, 21.572772053545076], [88.23980356002077, 21.571963569789368], [88.24061204377648, 21.57115508603366], [88.24195951670266, 21.570616096863187], [88.2422290112879, 21.569538118522246], [88.2443849679698, 21.567382161840357], [88.24465446255502, 21.566304183499415], [88.24573244089596, 21.56522620515847], [88.24627143006644, 21.56522620515847], [88.24761890299261, 21.563609237647057], [88.24869688133356, 21.56333974306182], [88.24950536508926, 21.562531259306112], [88.25031384884498, 21.562531259306112], [88.25058334343021, 21.56199227013564], [88.25166132177115, 21.561722775550404], [88.25166132177115, 21.561453280965168], [88.25300879469734, 21.561453280965168], [88.25300879469734, 21.56118378637993], [88.25381727845304, 21.56118378637993], [88.25381727845304, 21.560914291794695], [88.25570374054969, 21.560644797209463], [88.25489525679399, 21.561722775550404], [88.25381727845304, 21.561722775550404], [88.2535477838678, 21.562261764720876], [88.2527393001121, 21.562261764720876], [88.25246980552686, 21.56280075389135], [88.25193081635639, 21.56280075389135], [88.25085283801545, 21.56387873223229], [88.24950536508926, 21.564148226817526], [88.24788839757785, 21.56603468891418], [88.24734940840739, 21.56603468891418], [88.24681041923691, 21.566843172669884], [88.24627143006644, 21.566843172669884], [88.2460019354812, 21.567382161840357], [88.2451934517255, 21.567382161840357], [88.24465446255502, 21.568190645596065], [88.24411547338455, 21.568190645596065], [88.24330698962885, 21.568999129351774], [88.24303749504361, 21.57034660227795], [88.24195951670266, 21.57169407520413], [88.24115103294696, 21.57169407520413], [88.24088153836172, 21.572233064374604], [88.23953406543554, 21.572772053545076]]]}, "properties": {"change": "LOST", "areaHa": 25.5}}, {"type": "Feature", "geometry": {"geodesic": false, "type": "Polygon", "coordinates": [[[88.21150662857102, 21.524263028202622], [88.21123713398578, 21.52372403903215], [88.21150662857102, 21.52372403903215], [88.21150662857102, 21.523185049861677], [88.21285410149719, 21.521837576935496], [88.21339309066767, 21.520220609424083], [88.21393207983813, 21.519951114838847], [88.21393207983813, 21.519412125668374], [88.21608803652002, 21.51725616898649], [88.2174355094462, 21.516717179816016], [88.21770500403143, 21.516178190645544], [88.21905247695761, 21.51644768523078], [88.21932197154285, 21.516717179816016], [88.21905247695761, 21.51779515815696], [88.21716601486096, 21.519412125668374], [88.21716601486096, 21.519951114838847], [88.21285410149719, 21.524263028202622], [88.21150662857102, 21.524263028202622]]]}, "properties": {"change": "GAINED", "areaHa": 25.4}}, {"type": "Feature", "geometry": {"geodesic": false, "type": "Polygon", "coordinates": [[[88.27537684527191, 21.76249624155112], [88.27591583444239, 21.761957252380647], [88.27645482361285, 21.761957252380647], [88.27645482361285, 21.76168775779541], [88.27726330736856, 21.76168775779541], [88.2775328019538, 21.76114876862494], [88.27861078029474, 21.760879274039702], [88.27861078029474, 21.760609779454466], [88.2791497694652, 21.760609779454466], [88.27968875863569, 21.759801295698757], [88.28022774780615, 21.759801295698757], [88.28049724239139, 21.758992811943052], [88.28157522073234, 21.758184328187344], [88.28157522073234, 21.757375844431635], [88.28184471531758, 21.757375844431635], [88.28184471531758, 21.75521988774975], [88.2813057261471, 21.754680898579277], [88.2813057261471, 21.75387241482357], [88.28076673697663, 21.7533334256531], [88.28076673697663, 21.752794436482628], [88.28049724239139, 21.752794436482628], [88.28049724239139, 21.752255447312155], [88.28022774780615, 21.752255447312155], [88.28022774780615, 21.751716458141683], [88.27995825322093, 21.751716458141683], [88.27995825322093, 21.75117746897121], [88.27968875863569, 21.75117746897121], [88.27968875863569, 21.75063847980074], [88.27941926405045, 21.75063847980074], [88.27941926405045, 21.75009949063027], [88.2783412857095, 21.749021512289325], [88.2783412857095, 21.748482523118852], [88.27780229653904, 21.748213028533616], [88.27780229653904, 21.747674039363144], [88.27807179112426, 21.747674039363144], [88.27968875863569, 21.74929100687456], [88.27968875863569, 21.749829996045033], [88.28022774780615, 21.75009949063027], [88.28022774780615, 21.75063847980074], [88.28076673697663, 21.750907974385974], [88.28076673697663, 21.751446963556447], [88.2813057261471, 21.751716458141683], [88.2813057261471, 21.752255447312155], [88.28238370448804, 21.7533334256531], [88.28238370448804, 21.75387241482357], [88.28265319907328, 21.75387241482357], [88.28265319907328, 21.75441140399404], [88.28319218824375, 21.754950393164513], [88.28319218824375, 21.755758876920222], [88.28346168282899, 21.755758876920222], [88.28373117741423, 21.75845382277258], [88.28238370448804, 21.760070790283994], [88.28184471531758, 21.760070790283994], [88.2813057261471, 21.760609779454466], [88.28049724239139, 21.760609779454466], [88.28049724239139, 21.760879274039702], [88.27995825322093, 21.760879274039702], [88.27941926405045, 21.761418263210174], [88.27861078029474, 21.761418263210174], [88.27861078029474, 21.76168775779541], [88.27780229653904, 21.76168775779541], [88.27726330736856, 21.762226746965883], [88.27537684527191, 21.76249624155112]]]}, "properties": {"change": "GAINED", "areaHa": 25.3}}, {"type": "Feature", "geometry": {"geodesic": false, "type": "Polygon", "coordinates": [[[88.0708304550779, 21.934433786931596], [88.06975247673695, 21.93335580859065], [88.06975247673695, 21.932547324834943], [88.07056096049266, 21.93200833566447], [88.07029146590742, 21.930660862738293], [88.07109994966314, 21.930391368153057], [88.07136944424836, 21.929852378982584], [88.07190843341884, 21.929852378982584], [88.07190843341884, 21.929313389812112], [88.0708304550779, 21.929043895226876], [88.0708304550779, 21.92823541147117], [88.07029146590742, 21.927965916885935], [88.07029146590742, 21.927157433130226], [88.07136944424836, 21.927157433130226], [88.07325590634501, 21.929043895226876], [88.07352540093025, 21.929852378982584], [88.07406439010073, 21.929852378982584], [88.07406439010073, 21.93012187356782], [88.0746033792712, 21.93012187356782], [88.07514236844167, 21.930660862738293], [88.07514236844167, 21.931199851908765], [88.07568135761214, 21.931738841079234], [88.07568135761214, 21.932547324834943], [88.07514236844167, 21.933086314005415], [88.0746033792712, 21.933086314005415], [88.07406439010073, 21.932547324834943], [88.07325590634501, 21.933625303175887], [88.0724474225893, 21.933625303175887], [88.07352540093025, 21.932547324834943], [88.07352540093025, 21.93200833566447], [88.07325590634501, 21.93200833566447], [88.07271691717455, 21.93281681942018], [88.07190843341884, 21.933086314005415], [88.07190843341884, 21.933894797761123], [88.07136944424836, 21.934433786931596], [88.0708304550779, 21.934433786931596]]]}, "properties": {"change": "LOST", "areaHa": 25.1}}, {"type": "Feature", "geometry": {"geodesic": false, "type": "Polygon", "coordinates": [[[88.37805428224677, 21.77731844373909], [88.37778478766154, 21.770311584522958], [88.3775152930763, 21.770311584522958], [88.37724579849106, 21.768694617011544], [88.37589832556489, 21.767347144085363], [88.37401186346824, 21.767077649500127], [88.37401186346824, 21.76680815491489], [88.37320337971252, 21.76680815491489], [88.37320337971252, 21.767077649500127], [88.36969995010446, 21.767077649500127], [88.36969995010446, 21.767347144085363], [88.36484904757022, 21.767347144085363], [88.36457955298498, 21.76680815491489], [88.36835247717828, 21.76680815491489], [88.36835247717828, 21.766538660329655], [88.37428135805347, 21.76626916574442], [88.37428135805347, 21.766538660329655], [88.37535933639441, 21.766538660329655], [88.37535933639441, 21.76680815491489], [88.37589832556489, 21.76680815491489], [88.37589832556489, 21.767077649500127], [88.37724579849106, 21.7676166386706], [88.37724579849106, 21.76815562784107], [88.37805428224677, 21.768964111596777], [88.37805428224677, 21.769772595352485], [88.37886276600248, 21.770311584522958], [88.37886276600248, 21.772198046619607], [88.37913226058771, 21.772198046619607], [88.37913226058771, 21.774354003301497], [88.37886276600248, 21.774354003301497], [88.37886276600248, 21.77597097081291], [88.37859327141724, 21.77597097081291], [88.37859327141724, 21.7818998516881], [88.37886276600248, 21.7818998516881], [88.37886276600248, 21.783516819199516], [88.37913226058771, 21.783516819199516], [88.37913226058771, 21.78432530295522], [88.37940175517295, 21.78432530295522], [88.37967124975819, 21.786211765051874], [88.37913226058771, 21.7856727758814], [88.37913226058771, 21.78513378671093], [88.37886276600248, 21.78513378671093], [88.37886276600248, 21.78432530295522], [88.378323776832, 21.783786313784752], [88.378323776832, 21.78243884085857], [88.37805428224677, 21.78243884085857], [88.37778478766154, 21.77731844373909], [88.37805428224677, 21.77731844373909]]]}, "properties": {"change": "GAINED", "areaHa": 25.0}}, {"type": "Feature", "geometry": {"geodesic": false, "type": "Polygon", "coordinates": [[[88.14628893894394, 22.040884148099757], [88.1460194443587, 22.040345158929284], [88.14494146601776, 22.040345158929284], [88.14251601475063, 22.037919707662162], [88.1414380364097, 22.037919707662162], [88.1414380364097, 22.03738071849169], [88.14089904723922, 22.03738071849169], [88.14062955265398, 22.03684172932122], [88.13982106889827, 22.03684172932122], [88.1392820797278, 22.036033245565513], [88.13820410138686, 22.035763750980276], [88.13793460680162, 22.035224761809804], [88.1355091555345, 22.034416278054096], [88.13523966094927, 22.033877288883627], [88.13416168260832, 22.033877288883627], [88.13389218802308, 22.033338299713154], [88.13335319885262, 22.03360779429839], [88.13362269343784, 22.034416278054096], [88.13389218802308, 22.034416278054096], [88.13389218802308, 22.035224761809804], [88.13200572592643, 22.03549425639504], [88.13146673675597, 22.03468577263933], [88.13065825300025, 22.03468577263933], [88.13011926382978, 22.03414678346886], [88.12984976924454, 22.032799310542682], [88.13038875841502, 22.032799310542682], [88.13038875841502, 22.032529815957446], [88.1317362313412, 22.032799310542682], [88.13227522051167, 22.03226032137221], [88.13200572592643, 22.0314518376165], [88.13254471509691, 22.0314518376165], [88.13281420968214, 22.031990826786974], [88.13416168260832, 22.03226032137221], [88.13443117719356, 22.032799310542682], [88.13577865011973, 22.033068805127918], [88.13604814470497, 22.03360779429839], [88.13766511221638, 22.03414678346886], [88.13820410138686, 22.034955267224568], [88.13901258514257, 22.034955267224568], [88.1392820797278, 22.03549425639504], [88.13982106889827, 22.03549425639504], [88.14009056348351, 22.036033245565513], [88.14062955265398, 22.036033245565513], [88.14170753099492, 22.037111223906454], [88.14278550933587, 22.03738071849169], [88.145210960603, 22.039806169758815], [88.1460194443587, 22.039806169758815], [88.14655843352917, 22.040345158929284], [88.14655843352917, 22.040884148099757], [88.14628893894394, 22.040884148099757]]]}, "properties": {"change": "LOST", "areaHa": 24.4}}, {"type": "Feature", "geometry": {"geodesic": false, "type": "Polygon", "coordinates": [[[88.3993443544804, 21.79429660260895], [88.39530193570187, 21.79025418383041], [88.39422395736092, 21.789984689245173], [88.39152901150857, 21.78702024880758], [88.39045103316762, 21.786750754222346], [88.38829507648573, 21.78432530295522], [88.38748659273003, 21.78432530295522], [88.38586962521862, 21.782708335443807], [88.38560013063338, 21.7818998516881], [88.38667810897432, 21.782169346273335], [88.38775608731527, 21.78324732461428], [88.38883406565621, 21.78324732461428], [88.38937305482668, 21.783786313784752], [88.38937305482668, 21.78432530295522], [88.38991204399714, 21.78432530295522], [88.39099002233809, 21.7856727758814], [88.39152901150857, 21.7856727758814], [88.39287648443474, 21.787289743392815], [88.39341547360522, 21.787289743392815], [88.39422395736092, 21.78836772173376], [88.39530193570187, 21.788637216318996], [88.39718839779852, 21.790523678415646], [88.39718839779852, 21.791062667586118], [88.39799688155422, 21.791871151341827], [88.3985358707247, 21.791871151341827], [88.39988334365087, 21.793218624268004], [88.39988334365087, 21.79429660260895], [88.3993443544804, 21.79429660260895]]]}, "properties": {"change": "GAINED", "areaHa": 23.2}}, {"type": "Feature", "geometry": {"geodesic": false, "type": "Polygon", "coordinates": [[[88.27483785610144, 21.77273703579008], [88.27537684527191, 21.77192855203437], [88.27591583444239, 21.77192855203437], [88.27807179112426, 21.769772595352485], [88.27807179112426, 21.769233606182013], [88.27888027487998, 21.768694617011544], [88.27888027487998, 21.76815562784107], [88.28022774780615, 21.76680815491489], [88.28022774780615, 21.76626916574442], [88.28103623156186, 21.76573017657395], [88.28157522073234, 21.764113209062533], [88.2821142099028, 21.763843714477296], [88.2821142099028, 21.763035230721588], [88.28238370448804, 21.763035230721588], [88.2821142099028, 21.76114876862494], [88.28292269365852, 21.76114876862494], [88.28346168282899, 21.760609779454466], [88.28373117741423, 21.760879274039702], [88.28346168282899, 21.763035230721588], [88.28427016658469, 21.763035230721588], [88.28427016658469, 21.763843714477296], [88.28400067199945, 21.763843714477296], [88.28427016658469, 21.765191187403477], [88.28400067199945, 21.765191187403477], [88.28319218824375, 21.767347144085363], [88.28184471531758, 21.768425122426308], [88.28184471531758, 21.767886133255836], [88.28238370448804, 21.7676166386706], [88.28238370448804, 21.76680815491489], [88.28265319907328, 21.76680815491489], [88.28265319907328, 21.765460681988714], [88.28238370448804, 21.765460681988714], [88.28157522073234, 21.76626916574442], [88.28049724239139, 21.768964111596777], [88.27968875863569, 21.768694617011544], [88.27941926405045, 21.76950310076725], [88.2775328019538, 21.771389562863902], [88.27699381278333, 21.771389562863902], [88.27645482361285, 21.772198046619607], [88.27483785610144, 21.77273703579008]], [[88.28346168282899, 21.76357421989206], [88.28319218824375, 21.763304725306824], [88.28346168282899, 21.763304725306824], [88.28346168282899, 21.76357421989206]]]}, "properties": {"change": "GAINED", "areaHa": 23.0}}, {"type": "Feature", "geometry": {"geodesic": false, "type": "Polygon", "coordinates": [[[88.17027395702992, 21.774892992471965], [88.17027395702992, 21.77677945456862], [88.1700044624447, 21.77677945456862], [88.16973496785945, 21.778396422080032], [88.16919597868899, 21.778935411250504], [88.16946547327422, 21.776509959983382], [88.16973496785945, 21.776509959983382], [88.16973496785945, 21.773006530375316], [88.1700044624447, 21.773006530375316], [88.16973496785945, 21.77165905744914], [88.1700044624447, 21.77165905744914], [88.1700044624447, 21.77085057369343], [88.17027395702992, 21.77085057369343], [88.17027395702992, 21.77004208993772], [88.16973496785945, 21.769772595352485], [88.1700044624447, 21.754950393164513], [88.17027395702992, 21.754950393164513], [88.17054345161516, 21.762226746965883], [88.1708129462004, 21.762226746965883], [88.1708129462004, 21.763304725306824], [88.17108244078564, 21.763304725306824], [88.17108244078564, 21.77085057369343], [88.1708129462004, 21.77085057369343], [88.1708129462004, 21.773006530375316], [88.17054345161516, 21.773006530375316], [88.17054345161516, 21.774892992471965], [88.17027395702992, 21.774892992471965]]]}, "properties": {"change": "GAINED", "areaHa": 22.1}}, {"type": "Feature", "geometry": {"geodesic": false, "type": "Polygon", "coordinates": [[[88.38991204399714, 21.75845382277258], [88.38964254941192, 21.755489382334986], [88.38937305482668, 21.755489382334986], [88.38937305482668, 21.75441140399404], [88.38910356024144, 21.75441140399404], [88.38910356024144, 21.7533334256531], [88.38883406565621, 21.7533334256531], [88.38883406565621, 21.752255447312155], [88.38856457107097, 21.752255447312155], [88.38856457107097, 21.75117746897121], [88.3880255819005, 21.75063847980074], [88.3880255819005, 21.749560501459797], [88.38775608731527, 21.749560501459797], [88.38748659273003, 21.742284147658427], [88.38694760355955, 21.741745158487955], [88.38694760355955, 21.741206169317486], [88.38667810897432, 21.741206169317486], [88.38667810897432, 21.740667180147014], [88.38640861438908, 21.740667180147014], [88.38640861438908, 21.74012819097654], [88.38775608731527, 21.741206169317486], [88.38775608731527, 21.741745158487955], [88.3880255819005, 21.741745158487955], [88.3880255819005, 21.742284147658427], [88.38856457107097, 21.7428231368289], [88.38883406565621, 21.745787577266494], [88.38910356024144, 21.745787577266494], [88.38910356024144, 21.746596061022203], [88.38937305482668, 21.746596061022203], [88.38937305482668, 21.75009949063027], [88.38964254941192, 21.75009949063027], [88.38991204399714, 21.754141909408805], [88.39018153858238, 21.754141909408805], [88.39018153858238, 21.75845382277258], [88.38991204399714, 21.75845382277258]]]}, "properties": {"change": "GAINED", "areaHa": 21.9}}, {"type": "Feature", "geometry": {"geodesic": false, "type": "Polygon", "coordinates": [[[88.13712612304592, 22.050046963997776], [88.13712612304592, 22.04977746941254], [88.13685662846068, 22.050046963997776], [88.13362269343784, 22.050046963997776], [88.13308370426738, 22.049507974827304], [88.13254471509691, 22.049507974827304], [88.13254471509691, 22.048968985656835], [88.13065825300025, 22.0486994910716], [88.13038875841502, 22.04789100731589], [88.13065825300025, 22.04789100731589], [88.13065825300025, 22.047352018145418], [88.13146673675597, 22.047621512730654], [88.1317362313412, 22.048160501901126], [88.13443117719356, 22.048160501901126], [88.13443117719356, 22.047621512730654], [88.13470067177879, 22.04789100731589], [88.13577865011973, 22.04789100731589], [88.13577865011973, 22.048160501901126], [88.1384735959721, 22.04789100731589], [88.13820410138686, 22.048429996486362], [88.1392820797278, 22.048429996486362], [88.13955157431303, 22.048968985656835], [88.14197702558016, 22.049238480242067], [88.1422465201654, 22.049507974827304], [88.1422465201654, 22.050046963997776], [88.13712612304592, 22.050046963997776]], [[88.13497016636403, 22.048968985656835], [88.13443117719356, 22.048429996486362], [88.13497016636403, 22.048429996486362], [88.13497016636403, 22.048968985656835]]]}, "properties": {"change": "LOST", "areaHa": 19.9}}, {"type": "Feature", "geometry": {"geodesic": false, "type": "Polygon", "coordinates": [[[88.21501005817908, 21.715065194549606], [88.21554904734955, 21.713448227038192], [88.2166270256905, 21.712639743282484], [88.2166270256905, 21.71210075411201], [88.21851348778715, 21.710483786600598], [88.21905247695761, 21.709136313674417], [88.2195914661281, 21.70886681908918], [88.21986096071332, 21.707249851577767], [88.22013045529856, 21.707249851577767], [88.22093893905426, 21.70185995987305], [88.22066944446902, 21.70185995987305], [88.22066944446902, 21.70051248694687], [88.22013045529856, 21.699973497776398], [88.22013045529856, 21.69943450860593], [88.21905247695761, 21.69862602485022], [88.21905247695761, 21.698356530264984], [88.2195914661281, 21.698356530264984], [88.2195914661281, 21.69862602485022], [88.2203999498838, 21.698895519435457], [88.2203999498838, 21.69943450860593], [88.22147792822474, 21.70051248694687], [88.22174742280997, 21.702129454458287], [88.22201691739521, 21.702129454458287], [88.22201691739521, 21.70455490572541], [88.22174742280997, 21.70455490572541], [88.22174742280997, 21.705363389481118], [88.22147792822474, 21.705363389481118], [88.2212084336395, 21.70778884074824], [88.22093893905426, 21.70778884074824], [88.22013045529856, 21.709944797430126], [88.21932197154285, 21.710483786600598], [88.21932197154285, 21.71102277577107], [88.21824399320191, 21.71210075411201], [88.21770500403143, 21.71210075411201], [88.21554904734955, 21.7142567107939], [88.21554904734955, 21.71479569996437], [88.21501005817908, 21.715065194549606]]]}, "properties": {"change": "LOST", "areaHa": 19.5}}, {"type": "Feature", "geometry": {"geodesic": false, "type": "Polygon", "coordinates": [[[88.2737598777605, 21.741206169317486], [88.27349038317526, 21.740397685561778], [88.27295139400479, 21.74012819097654], [88.27295139400479, 21.73958920180607], [88.27268189941955, 21.73958920180607], [88.27268189941955, 21.73878071805036], [88.27187341566385, 21.738241728879892], [88.27160392107861, 21.73689425595371], [88.27133442649337, 21.73689425595371], [88.27106493190814, 21.731504364248995], [88.27052594273766, 21.730965375078522], [88.2699869535672, 21.730965375078522], [88.2699869535672, 21.730695880493286], [88.26729200771483, 21.730695880493286], [88.26729200771483, 21.73042638590805], [88.26648352395912, 21.73042638590805], [88.26648352395912, 21.730156891322814], [88.26567504020342, 21.730156891322814], [88.26567504020342, 21.729887396737578], [88.27025644815242, 21.730156891322814], [88.27025644815242, 21.73042638590805], [88.27241240483431, 21.730695880493286], [88.27268189941955, 21.730965375078522], [88.27241240483431, 21.732851837175172], [88.27295139400479, 21.733390826345644], [88.27295139400479, 21.738241728879892], [88.27322088859002, 21.738241728879892], [88.27322088859002, 21.739050212635597], [88.27349038317526, 21.739050212635597], [88.27349038317526, 21.739858696391305], [88.2737598777605, 21.739858696391305], [88.2737598777605, 21.740667180147014], [88.27402937234574, 21.740667180147014], [88.27402937234574, 21.741206169317486], [88.2737598777605, 21.741206169317486]]]}, "properties": {"change": "LOST", "areaHa": 19.1}}, {"type": "Feature", "geometry": {"geodesic": false, "type": "Polygon", "coordinates": [[[88.36727449883733, 21.888350212856263], [88.3670050042521, 21.888080718271027], [88.3670050042521, 21.886733245344846], [88.36673550966687, 21.886733245344846], [88.36646601508163, 21.883499310322016], [88.36619652049639, 21.883499310322016], [88.36565753132592, 21.878378913202535], [88.36511854215546, 21.877839924032063], [88.36511854215546, 21.87730093486159], [88.36484904757022, 21.87730093486159], [88.36377106922927, 21.873258516083055], [88.36350157464403, 21.873258516083055], [88.36350157464403, 21.87218053774211], [88.36296258547357, 21.87164154857164], [88.36269309088833, 21.87029407564546], [88.36161511254738, 21.869216097304516], [88.36107612337692, 21.867599129793103], [88.3602676396212, 21.86706014062263], [88.35999814503597, 21.865982162281686], [88.3594591558655, 21.86571266769645], [88.3594591558655, 21.86517367852598], [88.35892016669503, 21.86463468935551], [88.3594591558655, 21.86463468935551], [88.35999814503597, 21.86517367852598], [88.35999814503597, 21.86571266769645], [88.36107612337692, 21.866521151452158], [88.36161511254738, 21.86786862437834], [88.36296258547357, 21.86894660271928], [88.36296258547357, 21.869485591889752], [88.3632320800588, 21.869485591889752], [88.3632320800588, 21.870024581060225], [88.36377106922927, 21.870563570230697], [88.36404056381451, 21.872450032327347], [88.36457955298498, 21.87298902149782], [88.36511854215546, 21.87541447276494], [88.36565753132592, 21.875683967350177], [88.36619652049639, 21.87945689154348], [88.36646601508163, 21.87945689154348], [88.3670050042521, 21.88646375075961], [88.36727449883733, 21.88646375075961], [88.36727449883733, 21.88781122368579], [88.36754399342257, 21.88781122368579], [88.36754399342257, 21.888350212856263], [88.36727449883733, 21.888350212856263]]]}, "properties": {"change": "GAINED", "areaHa": 18.9}}, {"type": "Feature", "geometry": {"geodesic": false, "type": "Polygon", "coordinates": [[[88.08753911936252, 21.873258516083055], [88.08673063560681, 21.872450032327347], [88.08592215185111, 21.872450032327347], [88.08565265726587, 21.871911043156874], [88.08619164643633, 21.871372053986402], [88.08646114102157, 21.87029407564546], [88.08753911936252, 21.87029407564546], [88.08753911936252, 21.870024581060225], [88.08673063560681, 21.870024581060225], [88.08700013019205, 21.869216097304516], [88.08673063560681, 21.86894660271928], [88.08511366809539, 21.869216097304516], [88.08484417351016, 21.868677108134044], [88.08511366809539, 21.868677108134044], [88.08511366809539, 21.868138118963575], [88.08430518433968, 21.86786862437834], [88.08430518433968, 21.867599129793103], [88.08457467892492, 21.867599129793103], [88.08457467892492, 21.86706014062263], [88.08619164643633, 21.86706014062263], [88.08619164643633, 21.867329635207867], [88.08565265726587, 21.867329635207867], [88.08592215185111, 21.867599129793103], [88.08565265726587, 21.868138118963575], [88.08673063560681, 21.868407613548808], [88.08726962477728, 21.867599129793103], [88.08780861394776, 21.867599129793103], [88.08807810853298, 21.866521151452158], [88.08915608687393, 21.866521151452158], [88.08942558145917, 21.866251656866922], [88.08942558145917, 21.866790646037394], [88.0896950760444, 21.866790646037394], [88.0896950760444, 21.865982162281686], [88.08996457062965, 21.865982162281686], [88.08996457062965, 21.867329635207867], [88.0896950760444, 21.867329635207867], [88.0896950760444, 21.868138118963575], [88.08915608687393, 21.868407613548808], [88.08942558145917, 21.870024581060225], [88.08915608687393, 21.87029407564546], [88.08834760311822, 21.870024581060225], [88.08807810853298, 21.870563570230697], [88.08673063560681, 21.870563570230697], [88.08673063560681, 21.87110255940117], [88.08646114102157, 21.87110255940117], [88.08700013019205, 21.872450032327347], [88.08753911936252, 21.872450032327347], [88.08780861394776, 21.87110255940117], [88.08753911936252, 21.870833064815933], [88.08807810853298, 21.870833064815933], [88.08834760311822, 21.871911043156874], [88.0888865922887, 21.871372053986402], [88.0896950760444, 21.871372053986402], [88.0888865922887, 21.872719526912583], [88.08753911936252, 21.873258516083055]], [[88.08834760311822, 21.86786862437834], [88.08807810853298, 21.86786862437834], [88.08807810853298, 21.867329635207867], [88.08834760311822, 21.867329635207867], [88.08834760311822, 21.86786862437834]]]}, "properties": {"change": "LOST", "areaHa": 18.5}}, {"type": "Feature", "geometry": {"geodesic": false, "type": "Polygon", "coordinates": [[[88.29828388501696, 21.781630357102863], [88.29828388501696, 21.774623497886733], [88.29801439043172, 21.774623497886733], [88.29801439043172, 21.773006530375316], [88.29828388501696, 21.773006530375316], [88.29828388501696, 21.772198046619607], [88.29882287418744, 21.77165905744914], [88.29882287418744, 21.771120068278666], [88.29909236877266, 21.771120068278666], [88.2993618633579, 21.76950310076725], [88.29990085252837, 21.768964111596777], [88.29990085252837, 21.768425122426308], [88.3001703471136, 21.768425122426308], [88.3001703471136, 21.767886133255836], [88.30043984169885, 21.767886133255836], [88.30043984169885, 21.768694617011544], [88.3001703471136, 21.768694617011544], [88.3001703471136, 21.769233606182013], [88.29963135794314, 21.769772595352485], [88.29963135794314, 21.771389562863902], [88.2993618633579, 21.771389562863902], [88.2993618633579, 21.77273703579008], [88.29909236877266, 21.77273703579008], [88.29909236877266, 21.77597097081291], [88.29882287418744, 21.77597097081291], [88.29882287418744, 21.778396422080032], [88.2985533796022, 21.778396422080032], [88.29882287418744, 21.781360862517626], [88.30043984169885, 21.782708335443807], [88.30151782003979, 21.782708335443807], [88.30151782003979, 21.782977830029044], [88.30636872257404, 21.782977830029044], [88.30636872257404, 21.78324732461428], [88.30421276589215, 21.783516819199516], [88.30421276589215, 21.783786313784752], [88.3031347875512, 21.783786313784752], [88.3031347875512, 21.784055808369985], [88.3001703471136, 21.784055808369985], [88.3001703471136, 21.783786313784752], [88.29963135794314, 21.783786313784752], [88.29882287418744, 21.782977830029044], [88.2985533796022, 21.781630357102863], [88.29828388501696, 21.781630357102863]]]}, "properties": {"change": "GAINED", "areaHa": 18.5}}, {"type": "Feature", "geometry": {"geodesic": false, "type": "Polygon", "coordinates": [[[88.13523966094927, 21.877839924032063], [88.13443117719356, 21.877031440276358], [88.1355091555345, 21.875683967350177], [88.1355091555345, 21.87487548359447], [88.13685662846068, 21.874066999838764], [88.13685662846068, 21.87298902149782], [88.13739561763116, 21.872719526912583], [88.13766511221638, 21.870833064815933], [88.13820410138686, 21.87029407564546], [88.13820410138686, 21.86975508647499], [88.1384735959721, 21.86975508647499], [88.13874309055733, 21.86786862437834], [88.13982106889827, 21.866790646037394], [88.13982106889827, 21.866251656866922], [88.14036005806875, 21.865982162281686], [88.14036005806875, 21.86517367852598], [88.14170753099492, 21.8638262055998], [88.1422465201654, 21.862209238088386], [88.14278550933587, 21.86193974350315], [88.14278550933587, 21.861400754332678], [88.14359399309157, 21.860861765162205], [88.14332449850635, 21.86193974350315], [88.14278550933587, 21.862209238088386], [88.14278550933587, 21.862748227258855], [88.1422465201654, 21.86301772184409], [88.14170753099492, 21.86463468935551], [88.14116854182446, 21.864904183940745], [88.14089904723922, 21.865982162281686], [88.14036005806875, 21.866251656866922], [88.13982106889827, 21.868677108134044], [88.13955157431303, 21.868677108134044], [88.13955157431303, 21.869216097304516], [88.13901258514257, 21.86975508647499], [88.13901258514257, 21.870563570230697], [88.1384735959721, 21.870833064815933], [88.1384735959721, 21.871911043156874], [88.13820410138686, 21.871911043156874], [88.13739561763116, 21.875144978179705], [88.13685662846068, 21.875683967350177], [88.13685662846068, 21.876492451105886], [88.13577865011973, 21.877839924032063], [88.13523966094927, 21.877839924032063]]]}, "properties": {"change": "LOST", "areaHa": 17.8}}, {"type": "Feature", "geometry": {"geodesic": false, "type": "Polygon", "coordinates": [[[88.21689652027572, 21.61912512220564], [88.21689652027572, 21.618855627620405], [88.21608803652002, 21.61858613303517], [88.21581854193478, 21.617508154694228], [88.21554904734955, 21.617508154694228], [88.21554904734955, 21.61669967093852], [88.21689652027572, 21.615082703427102], [88.21770500403143, 21.615082703427102], [88.21824399320191, 21.614543714256634], [88.22066944446902, 21.61400472508616], [88.22066944446902, 21.613735230500925], [88.22147792822474, 21.613735230500925], [88.22201691739521, 21.613196241330453], [88.22255590656569, 21.613196241330453], [88.22255590656569, 21.612926746745217], [88.22309489573615, 21.612926746745217], [88.22309489573615, 21.61265725215998], [88.22363388490662, 21.61265725215998], [88.22390337949186, 21.612118262989508], [88.2249813578328, 21.612118262989508], [88.2249813578328, 21.612387757574744], [88.2241728740771, 21.612387757574744], [88.22390337949186, 21.612926746745217], [88.22228641198045, 21.61346573591569], [88.22201691739521, 21.61400472508616], [88.22013045529856, 21.614543714256634], [88.2195914661281, 21.615082703427102], [88.2195914661281, 21.615621692597575], [88.21932197154285, 21.615621692597575], [88.21905247695761, 21.6180471438647], [88.21851348778715, 21.61858613303517], [88.21689652027572, 21.61912512220564]]]}, "properties": {"change": "LOST", "areaHa": 17.6}}, {"type": "Feature", "geometry": {"geodesic": false, "type": "Polygon", "coordinates": [[[88.3767068093206, 21.969468083012256], [88.3767068093206, 21.96919858842702], [88.37589832556489, 21.96919858842702], [88.37589832556489, 21.968929093841783], [88.37482034722395, 21.968929093841783], [88.37428135805347, 21.96839010467131], [88.37428135805347, 21.96785111550084], [88.37347287429776, 21.96731212633037], [88.37320337971252, 21.964886675063244], [88.37428135805347, 21.963539202137067], [88.37535933639441, 21.96326970755183], [88.37643731473536, 21.962191729210886], [88.37724579849106, 21.962191729210886], [88.37778478766154, 21.961652740040417], [88.378323776832, 21.961652740040417], [88.378323776832, 21.96138324545518], [88.37886276600248, 21.96138324545518], [88.37886276600248, 21.961113750869945], [88.37940175517295, 21.961113750869945], [88.37940175517295, 21.96084425628471], [88.37994074434343, 21.96084425628471], [88.38074922809913, 21.960035772529], [88.3820967010253, 21.959766277943764], [88.38236619561054, 21.95922728877329], [88.38452215229243, 21.958418805017587], [88.38479164687767, 21.957879815847114], [88.38586962521862, 21.957879815847114], [88.38640861438908, 21.957340826676642], [88.38694760355955, 21.957340826676642], [88.38694760355955, 21.957071332091406], [88.38748659273003, 21.957071332091406], [88.38748659273003, 21.95680183750617], [88.38829507648573, 21.95680183750617], [88.38829507648573, 21.956532342920934], [88.39206800067903, 21.95599335375046], [88.39206800067903, 21.956262848335697], [88.39125951692333, 21.956262848335697], [88.39125951692333, 21.956532342920934], [88.38991204399714, 21.956532342920934], [88.38937305482668, 21.957071332091406], [88.38748659273003, 21.957340826676642], [88.38748659273003, 21.95761032126188], [88.38694760355955, 21.95761032126188], [88.38694760355955, 21.957879815847114], [88.38640861438908, 21.957879815847114], [88.38640861438908, 21.95814931043235], [88.38586962521862, 21.95814931043235], [88.38533063604814, 21.95868829960282], [88.38452215229243, 21.95868829960282], [88.38371366853673, 21.959496783358528], [88.38155771185484, 21.960305267114236], [88.3812882172696, 21.96084425628471], [88.38021023892865, 21.96084425628471], [88.38021023892865, 21.961113750869945], [88.37859327141724, 21.961652740040417], [88.378323776832, 21.962191729210886], [88.3767068093206, 21.962461223796122], [88.37562883097965, 21.963808696722303], [88.37508984180917, 21.963808696722303], [88.3745508526387, 21.964347685892776], [88.37428135805347, 21.965425664233717], [88.37401186346824, 21.965425664233717], [88.37401186346824, 21.966773137159898], [88.37589832556489, 21.968659599256547], [88.37778478766154, 21.96919858842702], [88.37778478766154, 21.969468083012256], [88.3767068093206, 21.969468083012256]]]}, "properties": {"change": "GAINED", "areaHa": 17.1}}, {"type": "Feature", "geometry": {"geodesic": false, "type": "Polygon", "coordinates": [[[88.3632320800588, 21.867599129793103], [88.3632320800588, 21.86706014062263], [88.36215410171786, 21.866251656866922], [88.36215410171786, 21.86571266769645], [88.36134561796214, 21.86517367852598], [88.36134561796214, 21.86463468935551], [88.36053713420644, 21.864095700185036], [88.36053713420644, 21.863556711014564], [88.35757269376884, 21.860861765162205], [88.35757269376884, 21.860322775991733], [88.35676421001314, 21.85978378682126], [88.35676421001314, 21.85924479765079], [88.35541673708695, 21.858166819309847], [88.35514724250173, 21.856819346383666], [88.35487774791649, 21.856819346383666], [88.35487774791649, 21.855202378872253], [88.35541673708695, 21.855202378872253], [88.35541673708695, 21.855741368042725], [88.35676421001314, 21.856819346383666], [88.35676421001314, 21.85735833555414], [88.35811168293932, 21.85870580848032], [88.35892016669503, 21.86059227057697], [88.35999814503597, 21.86113125974744], [88.35999814503597, 21.861670248917914], [88.36080662879168, 21.86247873267362], [88.36107612337692, 21.863556711014564], [88.36161511254738, 21.8638262055998], [88.36215410171786, 21.865443173111213], [88.36350157464403, 21.866790646037394], [88.36350157464403, 21.867599129793103], [88.3632320800588, 21.867599129793103]]]}, "properties": {"change": "GAINED", "areaHa": 17.0}}, {"type": "Feature", "geometry": {"geodesic": false, "type": "Polygon", "coordinates": [[[88.38560013063338, 21.726922956299983], [88.38560013063338, 21.726653461714747], [88.3842526577072, 21.726653461714747], [88.3842526577072, 21.726383967129514], [88.38021023892865, 21.726383967129514], [88.38021023892865, 21.72611447254428], [88.37886276600248, 21.72611447254428], [88.37886276600248, 21.725844977959042], [88.37589832556489, 21.725575483373806], [88.37589832556489, 21.72530598878857], [88.37508984180917, 21.72530598878857], [88.37508984180917, 21.725036494203334], [88.3699694446897, 21.724766999618097], [88.3699694446897, 21.72449750503286], [88.37050843386017, 21.72395851586239], [88.373742368883, 21.72395851586239], [88.373742368883, 21.724228010447625], [88.37482034722395, 21.724228010447625], [88.37482034722395, 21.72449750503286], [88.37562883097965, 21.72449750503286], [88.37562883097965, 21.724766999618097], [88.37724579849106, 21.724766999618097], [88.37724579849106, 21.725036494203334], [88.37967124975819, 21.72530598878857], [88.37967124975819, 21.725575483373806], [88.38344417395149, 21.725575483373806], [88.38344417395149, 21.725844977959042], [88.3850611414629, 21.725844977959042], [88.3850611414629, 21.72611447254428], [88.38640861438908, 21.72611447254428], [88.38640861438908, 21.726383967129514], [88.39099002233809, 21.72611447254428], [88.39099002233809, 21.726383967129514], [88.39018153858238, 21.726383967129514], [88.39018153858238, 21.726653461714747], [88.38560013063338, 21.726922956299983]]]}, "properties": {"change": "LOST", "areaHa": 16.9}}, {"type": "Feature", "geometry": {"geodesic": false, "type": "Polygon", "coordinates": [[[88.3271198056372, 21.718299129572436], [88.32685031105196, 21.71695165664626], [88.32658081646672, 21.71695165664626], [88.32658081646672, 21.7142567107939], [88.32685031105196, 21.7142567107939], [88.3271198056372, 21.71290923786772], [88.32738930022244, 21.71290923786772], [88.32738930022244, 21.71210075411201], [88.32900626773385, 21.710483786600598], [88.32981475148955, 21.710483786600598], [88.32981475148955, 21.710214292015362], [88.33116222441573, 21.710483786600598], [88.33143171900097, 21.711831259526775], [88.33035374066003, 21.711831259526775], [88.3287367731486, 21.713178732452956], [88.3287367731486, 21.71371772162343], [88.32846727856338, 21.71371772162343], [88.32846727856338, 21.7142567107939], [88.3279282893929, 21.71479569996437], [88.32819778397814, 21.715065194549606], [88.32819778397814, 21.7180296349872], [88.3271198056372, 21.718299129572436]]]}, "properties": {"change": "GAINED", "areaHa": 16.9}}, {"type": "Feature", "geometry": {"geodesic": false, "type": "Polygon", "coordinates": [[[88.19964886682064, 21.681917360565595], [88.20045735057634, 21.678952920128], [88.20099633974681, 21.67841393095753], [88.20099633974681, 21.67787494178706], [88.20126583433205, 21.67787494178706], [88.20126583433205, 21.677335952616588], [88.20153532891729, 21.677335952616588], [88.20153532891729, 21.676796963446115], [88.20180482350253, 21.676796963446115], [88.20180482350253, 21.676257974275643], [88.20261330725823, 21.675449490519934], [88.2031522964287, 21.675449490519934], [88.20342179101394, 21.674910501349466], [88.20423027476964, 21.674910501349466], [88.20423027476964, 21.67464100676423], [88.20530825311059, 21.67464100676423], [88.20584724228105, 21.674102017593757], [88.20881168271865, 21.674102017593757], [88.20881168271865, 21.67464100676423], [88.20665572603677, 21.67464100676423], [88.20584724228105, 21.675449490519934], [88.20530825311059, 21.675449490519934], [88.2039607801844, 21.676796963446115], [88.2039607801844, 21.677335952616588], [88.20099633974681, 21.680030898468946], [88.20099633974681, 21.680569887639418], [88.19964886682064, 21.681917360565595]]]}, "properties": {"change": "GAINED", "areaHa": 16.7}}, {"type": "Feature", "geometry": {"geodesic": false, "type": "Polygon", "coordinates": [[[87.95440879425601, 21.828252920348667], [87.95386980508553, 21.827713931178195], [87.95333081591507, 21.82798342576343], [87.95333081591507, 21.82744443659296], [87.95279182674459, 21.82744443659296], [87.95279182674459, 21.827174942007723], [87.95360031050029, 21.826905447422487], [87.95386980508553, 21.826096963666778], [87.95360031050029, 21.826096963666778], [87.95360031050029, 21.82555797449631], [87.95306132132983, 21.82555797449631], [87.95279182674459, 21.824479996155365], [87.95225283757412, 21.824479996155365], [87.95225283757412, 21.8247494907406], [87.95036637547747, 21.824479996155365], [87.95036637547747, 21.825018985325837], [87.95009688089223, 21.825018985325837], [87.95009688089223, 21.820437577376826], [87.9506358700627, 21.82070707196206], [87.9506358700627, 21.82151555571777], [87.95090536464794, 21.82151555571777], [87.95117485923318, 21.82232403947348], [87.95198334298888, 21.82232403947348], [87.95225283757412, 21.82286302864395], [87.95333081591507, 21.82286302864395], [87.95360031050029, 21.822593534058715], [87.95360031050029, 21.82286302864395], [87.95440879425601, 21.823132523229184], [87.95440879425601, 21.823671512399656], [87.95333081591507, 21.823671512399656], [87.95333081591507, 21.823941006984892], [87.95440879425601, 21.8247494907406], [87.95413929967077, 21.825827469081545], [87.95467828884124, 21.825827469081545], [87.95494778342648, 21.826905447422487], [87.95575626718218, 21.827713931178195], [87.95548677259694, 21.828252920348667], [87.95440879425601, 21.828252920348667]]]}, "properties": {"change": "LOST", "areaHa": 16.6}}, {"type": "Feature", "geometry": {"geodesic": false, "type": "Polygon", "coordinates": [[[88.28534814492563, 21.660357793746726], [88.28588713409611, 21.653350934530597], [88.28615662868134, 21.653350934530597], [88.28642612326658, 21.65173396701918], [88.28696511243704, 21.65119497784871], [88.28696511243704, 21.65065598867824], [88.28723460702228, 21.65065598867824], [88.28723460702228, 21.650116999507766], [88.28750410160752, 21.650116999507766], [88.28750410160752, 21.649578010337294], [88.28885157453371, 21.648230537411113], [88.29100753121558, 21.64796104282588], [88.29100753121558, 21.647691548240644], [88.29397197165318, 21.64796104282588], [88.29397197165318, 21.647691548240644], [88.29531944457936, 21.647691548240644], [88.29531944457936, 21.64796104282588], [88.2985533796022, 21.648230537411113], [88.29909236877266, 21.647691548240644], [88.29909236877266, 21.64903902116682], [88.2985533796022, 21.64903902116682], [88.2985533796022, 21.648769526581585], [88.29720590667601, 21.64903902116682], [88.29720590667601, 21.648769526581585], [88.29612792833507, 21.648769526581585], [88.29612792833507, 21.64850003199635], [88.29262449872701, 21.64850003199635], [88.29262449872701, 21.648230537411113], [88.28885157453371, 21.648769526581585], [88.28804309077799, 21.649578010337294], [88.28804309077799, 21.650116999507766], [88.28777359619276, 21.650116999507766], [88.28777359619276, 21.65065598867824], [88.28723460702228, 21.65119497784871], [88.28723460702228, 21.652003461604416], [88.28669561785182, 21.652542450774888], [88.28642612326658, 21.656045880382955], [88.28615662868134, 21.656045880382955], [88.28615662868134, 21.65954930999102], [88.28588713409611, 21.65954930999102], [88.28588713409611, 21.660357793746726], [88.28534814492563, 21.660357793746726]]]}, "properties": {"change": "GAINED", "areaHa": 16.0}}, {"type": "Feature", "geometry": {"geodesic": false, "type": "Polygon", "coordinates": [[[88.37185590678635, 21.694314111486445], [88.37185590678635, 21.69404461690121], [88.37050843386017, 21.693505627730737], [88.37050843386017, 21.692966638560268], [88.3699694446897, 21.692427649389796], [88.36862197176352, 21.69215815480456], [88.36835247717828, 21.691619165634087], [88.36619652049639, 21.69134967104885], [88.36592702591116, 21.691080176463615], [88.36592702591116, 21.68892421978173], [88.36862197176352, 21.68892421978173], [88.37023893927493, 21.690541187293142], [88.37050843386017, 21.691619165634087], [88.37131691761587, 21.69215815480456], [88.37158641220111, 21.693236133145504], [88.37239489595682, 21.69404461690121], [88.37239489595682, 21.694314111486445], [88.37185590678635, 21.694314111486445]]]}, "properties": {"change": "GAINED", "areaHa": 15.9}}, {"type": "Feature", "geometry": {"geodesic": false, "type": "Polygon", "coordinates": [[[88.24276800045837, 21.583012847784037], [88.24169002211742, 21.58166537485786], [88.24088153836172, 21.58166537485786], [88.24061204377648, 21.581126385687387], [88.23980356002077, 21.581126385687387], [88.23926457085031, 21.580587396516915], [88.23926457085031, 21.580048407346442], [88.24061204377648, 21.57843143983503], [88.24115103294696, 21.57843143983503], [88.2414205275322, 21.577892450664557], [88.24249850587313, 21.57762295607932], [88.24249850587313, 21.577353461494084], [88.24303749504361, 21.577353461494084], [88.24330698962885, 21.576544977738376], [88.24492395714026, 21.576814472323612], [88.24492395714026, 21.577353461494084], [88.24654092465167, 21.577353461494084], [88.24654092465167, 21.57762295607932], [88.24734940840739, 21.57762295607932], [88.24734940840739, 21.577892450664557], [88.24923587050404, 21.577892450664557], [88.2489663759188, 21.57843143983503], [88.24950536508926, 21.578161945249793], [88.25166132177115, 21.58031790193168], [88.25220031094163, 21.58031790193168], [88.25220031094163, 21.580587396516915], [88.25139182718591, 21.58085689110215], [88.2497748596745, 21.578970429005498], [88.24869688133356, 21.578700934420265], [88.24869688133356, 21.57843143983503], [88.24761890299261, 21.57843143983503], [88.24707991382215, 21.577892450664557], [88.24303749504361, 21.57762295607932], [88.24276800045837, 21.578161945249793], [88.2422290112879, 21.578161945249793], [88.2422290112879, 21.57843143983503], [88.24169002211742, 21.57843143983503], [88.24169002211742, 21.578700934420265], [88.24115103294696, 21.578700934420265], [88.24061204377648, 21.579239923590734], [88.24115103294696, 21.580048407346442], [88.24169002211742, 21.580048407346442], [88.24249850587313, 21.58085689110215], [88.24276800045837, 21.58220436402833], [88.24303749504361, 21.58220436402833], [88.24303749504361, 21.583012847784037], [88.24276800045837, 21.583012847784037]]]}, "properties": {"change": "GAINED", "areaHa": 15.5}}, {"type": "Feature", "geometry": {"geodesic": false, "type": "Polygon", "coordinates": [[[88.24950536508926, 21.627209959762716], [88.24950536508926, 21.626940465177483], [88.24869688133356, 21.626940465177483], [88.24869688133356, 21.626670970592247], [88.24950536508926, 21.626670970592247], [88.2489663759188, 21.626131981421775], [88.24869688133356, 21.626131981421775], [88.24869688133356, 21.626670970592247], [88.24815789216309, 21.626670970592247], [88.24815789216309, 21.62640147600701], [88.24734940840739, 21.62640147600701], [88.24734940840739, 21.626131981421775], [88.24627143006644, 21.626131981421775], [88.24573244089596, 21.625323497666066], [88.24492395714026, 21.625323497666066], [88.24465446255502, 21.624784508495594], [88.24411547338455, 21.624784508495594], [88.24195951670266, 21.62262855181371], [88.24195951670266, 21.622089562643236], [88.2414205275322, 21.621820068058], [88.24115103294696, 21.620472595131822], [88.24088153836172, 21.620472595131822], [88.24115103294696, 21.619394616790878], [88.2422290112879, 21.619664111376114], [88.2422290112879, 21.621550573472764], [88.24276800045837, 21.621820068058], [88.24303749504361, 21.62262855181371], [88.2443849679698, 21.62316754098418], [88.2443849679698, 21.623706530154653], [88.24492395714026, 21.623437035569417], [88.24492395714026, 21.623706530154653], [88.24573244089596, 21.623706530154653], [88.24546294631072, 21.62424551932512], [88.2460019354812, 21.62424551932512], [88.24627143006644, 21.624784508495594], [88.24734940840739, 21.624784508495594], [88.24734940840739, 21.62505400308083], [88.24788839757785, 21.62505400308083], [88.24842738674832, 21.625592992251303], [88.25004435425974, 21.62586248683654], [88.25031384884498, 21.626940465177483], [88.24950536508926, 21.627209959762716]]]}, "properties": {"change": "GAINED", "areaHa": 15.2}}, {"type": "Feature", "geometry": {"geodesic": false, "type": "Polygon", "coordinates": [[[88.39799688155422, 21.947100032437678], [88.39718839779852, 21.946291548681973], [88.39584092487233, 21.943057613659143], [88.39530193570187, 21.942788119073906], [88.39530193570187, 21.941979635318198], [88.3947629465314, 21.941440646147726], [88.3947629465314, 21.940901656977253], [88.39449345194616, 21.940901656977253], [88.39449345194616, 21.940362667806784], [88.39395446277568, 21.94009317322155], [88.39341547360522, 21.93658974361348], [88.39368496819046, 21.93658974361348], [88.39395446277568, 21.9352422706873], [88.39530193570187, 21.933894797761123], [88.39584092487233, 21.933894797761123], [88.39880536530993, 21.93093035732353], [88.39988334365087, 21.930660862738293], [88.39988334365087, 21.931199851908765], [88.3985358707247, 21.931738841079234], [88.39584092487233, 21.934433786931596], [88.39584092487233, 21.934972776102065], [88.3947629465314, 21.935781259857773], [88.39449345194616, 21.937128732783954], [88.39422395736092, 21.937128732783954], [88.39422395736092, 21.93847620571013], [88.39449345194616, 21.93847620571013], [88.39449345194616, 21.93928468946584], [88.3947629465314, 21.93928468946584], [88.3947629465314, 21.939823678636312], [88.39503244111663, 21.939823678636312], [88.39503244111663, 21.940362667806784], [88.3955714302871, 21.940901656977253], [88.3955714302871, 21.94171014073296], [88.39611041945757, 21.941979635318198], [88.39611041945757, 21.942788119073906], [88.39637991404281, 21.942788119073906], [88.39637991404281, 21.94332710824438], [88.39664940862805, 21.94332710824438], [88.39664940862805, 21.943866097414848], [88.39718839779852, 21.94440508658532], [88.39718839779852, 21.94521357034103], [88.39826637613946, 21.946022054096737], [88.39826637613946, 21.947100032437678], [88.39799688155422, 21.947100032437678]]]}, "properties": {"change": "GAINED", "areaHa": 15.1}}, {"type": "Feature", "geometry": {"geodesic": false, "type": "Polygon", "coordinates": [[[88.35002684538225, 21.83310382288291], [88.349757350797, 21.831217360786262], [88.34948785621177, 21.831217360786262], [88.349757350797, 21.823132523229184], [88.35002684538225, 21.823132523229184], [88.35029633996747, 21.82151555571777], [88.35110482372319, 21.82070707196206], [88.35110482372319, 21.819898588206357], [88.35164381289366, 21.81962909362112], [88.35164381289366, 21.818820609865412], [88.35245229664936, 21.818012126109704], [88.35245229664936, 21.817203642353995], [88.35299128581984, 21.816934147768762], [88.35299128581984, 21.81639515859829], [88.35433875874601, 21.81558667484258], [88.35433875874601, 21.81504768567211], [88.35541673708695, 21.813969707331168], [88.35595572625743, 21.813969707331168], [88.35595572625743, 21.814508696501637], [88.35487774791649, 21.815317180257345], [88.35487774791649, 21.815856169427818], [88.35406926416078, 21.81639515859829], [88.35406926416078, 21.816934147768762], [88.3527217912346, 21.818012126109704], [88.3527217912346, 21.818551115280176], [88.35245229664936, 21.818551115280176], [88.35245229664936, 21.81909010445065], [88.3519133074789, 21.81962909362112], [88.3519133074789, 21.820437577376826], [88.35137431830842, 21.82070707196206], [88.35110482372319, 21.82232403947348], [88.35083532913795, 21.82232403947348], [88.35083532913795, 21.82340201781442], [88.35056583455271, 21.82340201781442], [88.35056583455271, 21.824479996155365], [88.35029633996747, 21.824479996155365], [88.35029633996747, 21.826366458252014], [88.35002684538225, 21.826366458252014], [88.35002684538225, 21.826905447422487], [88.35029633996747, 21.826905447422487], [88.35029633996747, 21.828522414933904], [88.35002684538225, 21.828522414933904], [88.35029633996747, 21.83310382288291], [88.35002684538225, 21.83310382288291]]]}, "properties": {"change": "LOST", "areaHa": 15.0}}, {"type": "Feature", "geometry": {"geodesic": false, "type": "Polygon", "coordinates": [[[88.3481403832856, 21.66224425584338], [88.3481403832856, 21.657393353309132], [88.34840987787082, 21.657393353309132], [88.34867937245606, 21.655506891212482], [88.34921836162654, 21.65496790204201], [88.34921836162654, 21.654428912871538], [88.34948785621177, 21.654428912871538], [88.34948785621177, 21.65388992370107], [88.35002684538225, 21.653620429115833], [88.35083532913795, 21.651464472433943], [88.35164381289366, 21.65119497784871], [88.3519133074789, 21.650386494093002], [88.35245229664936, 21.650386494093002], [88.35299128581984, 21.65119497784871], [88.35245229664936, 21.65173396701918], [88.35245229664936, 21.652542450774888], [88.35218280206414, 21.652542450774888], [88.3519133074789, 21.653620429115833], [88.34921836162654, 21.65631537496819], [88.34921836162654, 21.657932342479604], [88.3489488670413, 21.657932342479604], [88.3489488670413, 21.65901032082055], [88.34867937245606, 21.65901032082055], [88.34867937245606, 21.659818804576258], [88.34840987787082, 21.659818804576258], [88.34840987787082, 21.66224425584338], [88.3481403832856, 21.66224425584338]]]}, "properties": {"change": "GAINED", "areaHa": 14.3}}, {"type": "Feature", "geometry": {"geodesic": false, "type": "Polygon", "coordinates": [[[88.30663821715927, 21.879995880713953], [88.3069077117445, 21.87945689154348], [88.30798569008545, 21.879187396958244], [88.30798569008545, 21.878917902373008], [88.30933316301163, 21.87864840778777], [88.30960265759687, 21.87730093486159], [88.30825518467068, 21.875953461935413], [88.30798569008545, 21.87487548359447], [88.30771619550022, 21.87487548359447], [88.30744670091498, 21.873258516083055], [88.30717720632974, 21.873258516083055], [88.30717720632974, 21.87164154857164], [88.3069077117445, 21.87164154857164], [88.3069077117445, 21.870024581060225], [88.30663821715927, 21.870024581060225], [88.30663821715927, 21.869216097304516], [88.3060992279888, 21.868677108134044], [88.3060992279888, 21.868138118963575], [88.30556023881833, 21.86786862437834], [88.30529074423309, 21.866790646037394], [88.30340428213644, 21.864904183940745], [88.3039432713069, 21.864904183940745], [88.30475175506263, 21.865982162281686], [88.30529074423309, 21.86571266769645], [88.30556023881833, 21.866521151452158], [88.3060992279888, 21.866790646037394], [88.30582973340356, 21.867329635207867], [88.3069077117445, 21.86786862437834], [88.3069077117445, 21.868677108134044], [88.30717720632974, 21.868677108134044], [88.30744670091498, 21.87029407564546], [88.30771619550022, 21.87029407564546], [88.30771619550022, 21.871911043156874], [88.30798569008545, 21.871911043156874], [88.30852467925592, 21.87487548359447], [88.30906366842639, 21.875144978179705], [88.30960265759687, 21.876761945691122], [88.31041114135257, 21.87730093486159], [88.31014164676733, 21.878378913202535], [88.30933316301163, 21.879187396958244], [88.30798569008545, 21.87945689154348], [88.30744670091498, 21.879995880713953], [88.30663821715927, 21.879995880713953]]]}, "properties": {"change": "GAINED", "areaHa": 14.0}}, {"type": "Feature", "geometry": {"geodesic": false, "type": "Polygon", "coordinates": [[[88.39584092487233, 21.71614317289055], [88.39718839779852, 21.71479569996437], [88.39718839779852, 21.7142567107939], [88.39664940862805, 21.713987216208665], [88.39584092487233, 21.71156176494154], [88.3947629465314, 21.710483786600598], [88.3947629465314, 21.709944797430126], [88.39422395736092, 21.70967530284489], [88.39422395736092, 21.709136313674417], [88.39233749526427, 21.707519346163004], [88.39233749526427, 21.70698035699253], [88.39125951692333, 21.706171873236823], [88.39125951692333, 21.70563288406635], [88.39341547360522, 21.70778884074824], [88.39395446277568, 21.70778884074824], [88.39449345194616, 21.708327829918712], [88.39449345194616, 21.70886681908918], [88.39637991404281, 21.710483786600598], [88.39637991404281, 21.71102277577107], [88.39691890321328, 21.71156176494154], [88.39745789238376, 21.71156176494154], [88.39799688155422, 21.71210075411201], [88.39799688155422, 21.712639743282484], [88.39880536530993, 21.713178732452956], [88.39826637613946, 21.71479569996437], [88.39745789238376, 21.715604183720078], [88.39584092487233, 21.71614317289055]]]}, "properties": {"change": "GAINED", "areaHa": 14.0}}, {"type": "Feature", "geometry": {"geodesic": false, "type": "Polygon", "coordinates": [[[87.95952919137548, 21.774623497886733], [87.95925969679026, 21.77408450871626], [87.95952919137548, 21.773815014131024], [87.95845121303454, 21.773815014131024], [87.95818171844931, 21.773545519545788], [87.95872070761978, 21.773006530375316], [87.95845121303454, 21.771389562863902], [87.9573732346936, 21.771120068278666], [87.9573732346936, 21.77085057369343], [87.95818171844931, 21.77085057369343], [87.95818171844931, 21.770311584522958], [87.95845121303454, 21.770311584522958], [87.95818171844931, 21.77004208993772], [87.95818171844931, 21.768694617011544], [87.95845121303454, 21.768694617011544], [87.95845121303454, 21.76815562784107], [87.95925969679026, 21.76815562784107], [87.95952919137548, 21.768425122426308], [87.95925969679026, 21.768964111596777], [87.96006818054596, 21.769233606182013], [87.96087666430167, 21.77004208993772], [87.96060716971643, 21.771389562863902], [87.96006818054596, 21.771389562863902], [87.96060716971643, 21.774354003301497], [87.95952919137548, 21.774623497886733]], [[87.95925969679026, 21.773006530375316], [87.95899020220502, 21.77273703579008], [87.95925969679026, 21.77273703579008], [87.95925969679026, 21.773006530375316]]]}, "properties": {"change": "LOST", "areaHa": 13.6}}, {"type": "Feature", "geometry": {"geodesic": false, "type": "Polygon", "coordinates": [[[88.26324958893629, 21.757375844431635], [88.26324958893629, 21.7571063498464], [88.26756150230007, 21.7571063498464], [88.26756150230007, 21.756836855261163], [88.26863948064101, 21.756836855261163], [88.26863948064101, 21.75656736067593], [88.27052594273766, 21.75656736067593], [88.27052594273766, 21.756297866090694], [88.27160392107861, 21.756297866090694], [88.27214291024907, 21.755489382334986], [88.27268189941955, 21.755489382334986], [88.27429886693096, 21.753602920238336], [88.27402937234574, 21.751716458141683], [88.2737598777605, 21.751716458141683], [88.2737598777605, 21.750907974385974], [88.27349038317526, 21.750907974385974], [88.27349038317526, 21.75009949063027], [88.27295139400479, 21.749560501459797], [88.27295139400479, 21.749021512289325], [88.27349038317526, 21.74929100687456], [88.2737598777605, 21.750368985215506], [88.27483785610144, 21.75117746897121], [88.27510735068667, 21.753063931067864], [88.27537684527191, 21.753063931067864], [88.27510735068667, 21.754680898579277], [88.2745683615162, 21.754950393164513], [88.27429886693096, 21.755758876920222], [88.27349038317526, 21.755758876920222], [88.27295139400479, 21.75656736067593], [88.27214291024907, 21.75656736067593], [88.27214291024907, 21.756836855261163], [88.27133442649337, 21.756836855261163], [88.27133442649337, 21.7571063498464], [88.26324958893629, 21.757375844431635]]]}, "properties": {"change": "LOST", "areaHa": 13.1}}, {"type": "Feature", "geometry": {"geodesic": false, "type": "Polygon", "coordinates": [[[88.27726330736856, 21.831756349956734], [88.27726330736856, 21.831486855371498], [88.27618532902761, 21.831486855371498], [88.27618532902761, 21.831217360786262], [88.27537684527191, 21.831217360786262], [88.27483785610144, 21.83067837161579], [88.27429886693096, 21.83067837161579], [88.27322088859002, 21.829600393274845], [88.27187341566385, 21.82933089868961], [88.27160392107861, 21.82879190951914], [88.27052594273766, 21.828522414933904], [88.27052594273766, 21.82798342576343], [88.26917846981148, 21.827713931178195], [88.26675301854436, 21.825288479911073], [88.26675301854436, 21.824479996155365], [88.26567504020342, 21.82421050157013], [88.26432756727723, 21.822593534058715], [88.26378857810677, 21.822593534058715], [88.26298009435106, 21.82151555571777], [88.26217161059536, 21.82151555571777], [88.26217161059536, 21.821246061132534], [88.26271059976582, 21.821246061132534], [88.26271059976582, 21.82070707196206], [88.26298009435106, 21.82070707196206], [88.26513605103295, 21.82286302864395], [88.26648352395912, 21.82340201781442], [88.26648352395912, 21.823941006984892], [88.26729200771483, 21.824479996155365], [88.26729200771483, 21.825018985325837], [88.26917846981148, 21.826905447422487], [88.27052594273766, 21.82744443659296], [88.27106493190814, 21.828252920348667], [88.27160392107861, 21.828252920348667], [88.27241240483431, 21.829061404104372], [88.27322088859002, 21.829061404104372], [88.27322088859002, 21.82933089868961], [88.27483785610144, 21.82986988786008], [88.27510735068667, 21.830408877030553], [88.27564633985715, 21.830408877030553], [88.27618532902761, 21.830947866201026], [88.2783412857095, 21.831486855371498], [88.2783412857095, 21.831756349956734], [88.27726330736856, 21.831756349956734]]]}, "properties": {"change": "GAINED", "areaHa": 12.7}}, {"type": "Feature", "geometry": {"geodesic": false, "type": "Polygon", "coordinates": [[[88.32927576231909, 21.78755923797805], [88.3287367731486, 21.78702024880758], [88.3287367731486, 21.78648125963711], [88.32738930022244, 21.78513378671093], [88.32685031105196, 21.78513378671093], [88.32604182729625, 21.784055808369985], [88.32550283812579, 21.784055808369985], [88.32469435437007, 21.782977830029044], [88.3233468814439, 21.782708335443807], [88.32307738685866, 21.782169346273335], [88.32146041934725, 21.7818998516881], [88.32146041934725, 21.781630357102863], [88.31984345183582, 21.781630357102863], [88.31930446266536, 21.782169346273335], [88.31741800056871, 21.782169346273335], [88.31741800056871, 21.78243884085857], [88.31499254930158, 21.78243884085857], [88.31499254930158, 21.782708335443807], [88.31310608720493, 21.782977830029044], [88.31310608720493, 21.78324732461428], [88.31121962510828, 21.78324732461428], [88.31068063593781, 21.782708335443807], [88.31256709803446, 21.782708335443807], [88.31256709803446, 21.78243884085857], [88.31364507637541, 21.78243884085857], [88.31364507637541, 21.782169346273335], [88.31499254930158, 21.782169346273335], [88.31499254930158, 21.7818998516881], [88.31687901139823, 21.7818998516881], [88.31687901139823, 21.781630357102863], [88.31903496808012, 21.781630357102863], [88.3195739572506, 21.78109136793239], [88.32226890310295, 21.781360862517626], [88.32226890310295, 21.781630357102863], [88.32307738685866, 21.781630357102863], [88.3233468814439, 21.782169346273335], [88.32469435437007, 21.78243884085857], [88.32658081646672, 21.78432530295522], [88.32765879480766, 21.784594797540457], [88.32846727856338, 21.785403281296166], [88.32846727856338, 21.785942270466638], [88.32927576231909, 21.78648125963711], [88.32927576231909, 21.78702024880758], [88.32954525690431, 21.78702024880758], [88.32954525690431, 21.78755923797805], [88.32927576231909, 21.78755923797805]]]}, "properties": {"change": "GAINED", "areaHa": 12.6}}, {"type": "Feature", "geometry": {"geodesic": false, "type": "Polygon", "coordinates": [[[88.07029146590742, 21.97836140432504], [88.06921348756649, 21.97647494222839], [88.068674498396, 21.97647494222839], [88.068674498396, 21.977013931398858], [88.06813550922554, 21.976744436813625], [88.0678660146403, 21.97755292056933], [88.0670575308846, 21.977822415154566], [88.06732702546982, 21.976744436813625], [88.06544056337317, 21.975396963887444], [88.06544056337317, 21.974857974716972], [88.06624904712889, 21.974857974716972], [88.06624904712889, 21.97512746930221], [88.06759652005506, 21.975396963887444], [88.0678660146403, 21.975935953057917], [88.068674498396, 21.975935953057917], [88.068674498396, 21.97512746930221], [88.06921348756649, 21.97512746930221], [88.06921348756649, 21.974588480131736], [88.068674498396, 21.974588480131736], [88.0678660146403, 21.973779996376027], [88.06813550922554, 21.972163028864614], [88.068674498396, 21.972163028864614], [88.06894399298125, 21.97324100720556], [88.06948298215171, 21.973510501790795], [88.06948298215171, 21.974049490961264], [88.07002197132219, 21.974588480131736], [88.06975247673695, 21.975396963887444], [88.0708304550779, 21.975935953057917], [88.0708304550779, 21.976205447643153], [88.07002197132219, 21.976205447643153], [88.07002197132219, 21.977013931398858], [88.07109994966314, 21.976744436813625], [88.07109994966314, 21.97755292056933], [88.07056096049266, 21.97755292056933], [88.07056096049266, 21.97836140432504], [88.07029146590742, 21.97836140432504]]]}, "properties": {"change": "GAINED", "areaHa": 12.5}}, {"type": "Feature", "geometry": {"geodesic": false, "type": "Polygon", "coordinates": [[[88.35083532913795, 21.692427649389796], [88.35083532913795, 21.691888660219323], [88.35164381289366, 21.69134967104885], [88.35164381289366, 21.69081068187838], [88.3527217912346, 21.689732703537437], [88.35541673708695, 21.688654725196493], [88.35676421001314, 21.686768263099843], [88.35757269376884, 21.686768263099843], [88.35757269376884, 21.686498768514607], [88.36161511254738, 21.686768263099843], [88.36134561796214, 21.687307252270315], [88.3594591558655, 21.687307252270315], [88.35892016669503, 21.687846241440784], [88.35676421001314, 21.68811573602602], [88.35622522084266, 21.689193714366965], [88.35460825333125, 21.689732703537437], [88.35433875874601, 21.69027169270791], [88.3535302749903, 21.69027169270791], [88.3527217912346, 21.69134967104885], [88.3519133074789, 21.69134967104885], [88.35083532913795, 21.692427649389796]]]}, "properties": {"change": "LOST", "areaHa": 12.3}}, {"type": "Feature", "geometry": {"geodesic": false, "type": "Polygon", "coordinates": [[[88.05600825288992, 21.922576025181215], [88.05493027454898, 21.9209590576698], [88.05277431786709, 21.921228552255037], [88.05277431786709, 21.92042006849933], [88.05331330703757, 21.92042006849933], [88.05304381245233, 21.91907259557315], [88.05385229620803, 21.918803100987915], [88.05412179079327, 21.918264111817443], [88.05519976913422, 21.91853360640268], [88.05519976913422, 21.918264111817443], [88.05627774747516, 21.918264111817443], [88.05654724206039, 21.91853360640268], [88.05627774747516, 21.92042006849933], [88.05573875830468, 21.9209590576698], [88.05681673664563, 21.921228552255037], [88.05735572581611, 21.922037036010746], [88.05600825288992, 21.922576025181215]]]}, "properties": {"change": "LOST", "areaHa": 12.1}}, {"type": "Feature", "geometry": {"geodesic": false, "type": "Polygon", "coordinates": [[[88.17027395702992, 21.80480689143315], [88.17027395702992, 21.804537396847913], [88.16919597868899, 21.804537396847913], [88.16892648410375, 21.802111945580787], [88.16865698951851, 21.802111945580787], [88.16865698951851, 21.801303461825082], [88.16838749493327, 21.801303461825082], [88.16811800034804, 21.800225483484137], [88.17054345161516, 21.800494978069374], [88.17108244078564, 21.801033967239846], [88.17054345161516, 21.802381440166023], [88.17108244078564, 21.80265093475126], [88.17135193537086, 21.803459418506968], [88.17242991371181, 21.803459418506968], [88.17216041912658, 21.804537396847913], [88.17027395702992, 21.80480689143315]]]}, "properties": {"change": "LOST", "areaHa": 12.1}}, {"type": "Feature", "geometry": {"geodesic": false, "type": "Polygon", "coordinates": [[[88.21150662857102, 21.693775122315973], [88.21096763940054, 21.693236133145504], [88.20962016647437, 21.693236133145504], [88.20962016647437, 21.692966638560268], [88.20800319896294, 21.692966638560268], [88.20800319896294, 21.692697143975032], [88.20503875852535, 21.692427649389796], [88.20503875852535, 21.69215815480456], [88.20342179101394, 21.69215815480456], [88.20342179101394, 21.691888660219323], [88.19884038306493, 21.69134967104885], [88.19803189930921, 21.690541187293142], [88.19830139389445, 21.687307252270315], [88.1985708884797, 21.687307252270315], [88.1985708884797, 21.6894632089522], [88.19884038306493, 21.6894632089522], [88.19884038306493, 21.690002198122674], [88.1993793722354, 21.690541187293142], [88.20261330725823, 21.691080176463615], [88.20261330725823, 21.69134967104885], [88.20342179101394, 21.69134967104885], [88.20342179101394, 21.691619165634087], [88.20530825311059, 21.691619165634087], [88.20530825311059, 21.691888660219323], [88.20719471520724, 21.691888660219323], [88.20719471520724, 21.69215815480456], [88.20827269354818, 21.69215815480456], [88.20827269354818, 21.692427649389796], [88.20988966105959, 21.692427649389796], [88.20988966105959, 21.692697143975032], [88.21150662857102, 21.692966638560268], [88.21177612315624, 21.693505627730737], [88.21258460691196, 21.693505627730737], [88.21258460691196, 21.693775122315973], [88.21150662857102, 21.693775122315973]]]}, "properties": {"change": "GAINED", "areaHa": 12.1}}, {"type": "Feature", "geometry": {"geodesic": false, "type": "Polygon", "coordinates": [[[87.95925969679026, 21.71479569996437], [87.95925969679026, 21.714526205379133], [87.95872070761978, 21.714526205379133], [87.95872070761978, 21.71371772162343], [87.95764272927883, 21.712639743282484], [87.95656475093789, 21.71290923786772], [87.95602576176742, 21.712370248697248], [87.95602576176742, 21.711831259526775], [87.95629525635266, 21.711831259526775], [87.95629525635266, 21.709136313674417], [87.9573732346936, 21.709944797430126], [87.9573732346936, 21.711292270356306], [87.95845121303454, 21.710483786600598], [87.95845121303454, 21.711292270356306], [87.95952919137548, 21.711292270356306], [87.96006818054596, 21.711831259526775], [87.96006818054596, 21.712370248697248], [87.96060716971643, 21.712639743282484], [87.96060716971643, 21.713178732452956], [87.95979868596072, 21.71371772162343], [87.95979868596072, 21.71479569996437], [87.95925969679026, 21.71479569996437]], [[87.95952919137548, 21.713178732452956], [87.95872070761978, 21.71290923786772], [87.95872070761978, 21.712370248697248], [87.95979868596072, 21.712370248697248], [87.95952919137548, 21.713178732452956]]]}, "properties": {"change": "LOST", "areaHa": 12.0}}, {"type": "Feature", "geometry": {"geodesic": false, "type": "Polygon", "coordinates": [[[88.05978117708322, 22.015551657087588], [88.06005067166846, 22.014473678746644], [88.06112865000941, 22.013665194990935], [88.06139814459463, 22.012317722064758], [88.06193713376511, 22.012317722064758], [88.06247612293558, 22.01285671123523], [88.064093090447, 22.012587216649994], [88.06436258503223, 22.013665194990935], [88.06571005795841, 22.01393468957617], [88.06571005795841, 22.014204184161407], [88.0678660146403, 22.015012667917116], [88.0678660146403, 22.015282162502352], [88.06624904712889, 22.015282162502352], [88.06571005795841, 22.01474317333188], [88.06517106878795, 22.01474317333188], [88.06517106878795, 22.015012667917116], [88.06463207961747, 22.015012667917116], [88.06463207961747, 22.01474317333188], [88.06247612293558, 22.01474317333188], [88.06220662835035, 22.014204184161407], [88.06166763917987, 22.014204184161407], [88.06085915542417, 22.015282162502352], [88.05978117708322, 22.015551657087588]]]}, "properties": {"change": "LOST", "areaHa": 11.9}}, {"type": "Feature", "geometry": {"geodesic": false, "type": "Polygon", "coordinates": [[[88.09751041901625, 22.015282162502352], [88.09751041901625, 22.015012667917116], [88.09616294609006, 22.015012667917116], [88.09589345150484, 22.01474317333188], [88.09589345150484, 22.0133957004057], [88.0964324406753, 22.01285671123523], [88.09616294609006, 22.012317722064758], [88.09697142984578, 22.011778732894285], [88.0964324406753, 22.011239743723813], [88.0964324406753, 22.01070075455334], [88.097240924431, 22.01016176538287], [88.09751041901625, 22.009353281627163], [88.09804940818671, 22.009353281627163], [88.09885789194243, 22.01016176538287], [88.09885789194243, 22.010970249138577], [88.09858839735719, 22.010970249138577], [88.09831890277195, 22.01204822747952], [88.09777991360149, 22.012317722064758], [88.09804940818671, 22.012587216649994], [88.09777991360149, 22.014204184161407], [88.09858839735719, 22.015012667917116], [88.09751041901625, 22.015282162502352]]]}, "properties": {"change": "LOST", "areaHa": 11.9}}, {"type": "Feature", "geometry": {"geodesic": false, "type": "Polygon", "coordinates": [[[88.39152901150857, 21.954645880824284], [88.39152901150857, 21.954376386239048], [88.39260698984951, 21.954376386239048], [88.39260698984951, 21.95410689165381], [88.39368496819046, 21.95410689165381], [88.39368496819046, 21.953837397068575], [88.3947629465314, 21.953837397068575], [88.3947629465314, 21.95356790248334], [88.3955714302871, 21.95356790248334], [88.3955714302871, 21.953298407898103], [88.39637991404281, 21.953298407898103], [88.39637991404281, 21.953028913312867], [88.39718839779852, 21.953028913312867], [88.397727386969, 21.952489924142398], [88.397727386969, 21.951411945801453], [88.39718839779852, 21.95087295663098], [88.39718839779852, 21.95033396746051], [88.39691890321328, 21.95033396746051], [88.39691890321328, 21.949794978290036], [88.39664940862805, 21.949794978290036], [88.39664940862805, 21.949255989119568], [88.39637991404281, 21.949255989119568], [88.39637991404281, 21.948716999949095], [88.39611041945757, 21.948716999949095], [88.39611041945757, 21.947908516193387], [88.3955714302871, 21.947369527022914], [88.3955714302871, 21.946830537852442], [88.39530193570187, 21.946830537852442], [88.39530193570187, 21.946022054096737], [88.3955714302871, 21.946022054096737], [88.3955714302871, 21.94656104326721], [88.39611041945757, 21.946830537852442], [88.39664940862805, 21.94844750536386], [88.39826637613946, 21.950064472875273], [88.39826637613946, 21.95087295663098], [88.39880536530993, 21.951142451216217], [88.39907485989517, 21.952489924142398], [88.39880536530993, 21.952489924142398], [88.39880536530993, 21.953028913312867], [88.39826637613946, 21.95356790248334], [88.39745789238376, 21.95356790248334], [88.39745789238376, 21.953837397068575], [88.39449345194616, 21.95410689165381], [88.39449345194616, 21.954376386239048], [88.39314597901998, 21.954376386239048], [88.39314597901998, 21.954645880824284], [88.39152901150857, 21.954645880824284]]]}, "properties": {"change": "GAINED", "areaHa": 11.5}}, {"type": "Feature", "geometry": {"geodesic": false, "type": "Polygon", "coordinates": [[[88.31095013052304, 21.64526609697352], [88.31068063593781, 21.644188118632577], [88.31041114135257, 21.644188118632577], [88.31041114135257, 21.64337963487687], [88.30933316301163, 21.642301656535924], [88.30906366842639, 21.64068468902451], [88.30852467925592, 21.64014569985404], [88.30852467925592, 21.63933721609833], [88.30798569008545, 21.63879822692786], [88.30744670091498, 21.636372775660735], [88.30717720632974, 21.636372775660735], [88.30717720632974, 21.63556429190503], [88.30663821715927, 21.635025302734558], [88.30663821715927, 21.63340833522314], [88.3060992279888, 21.632869346052672], [88.3060992279888, 21.631252378541255], [88.30582973340356, 21.631252378541255], [88.30582973340356, 21.626670970592247], [88.3060992279888, 21.626670970592247], [88.30636872257404, 21.632060862296964], [88.30663821715927, 21.632060862296964], [88.30663821715927, 21.632869346052672], [88.30744670091498, 21.633677829808377], [88.30771619550022, 21.635833786490267], [88.30798569008545, 21.635833786490267], [88.30798569008545, 21.63664227024597], [88.30825518467068, 21.63664227024597], [88.30852467925592, 21.638528732342625], [88.30906366842639, 21.639067721513097], [88.30933316301163, 21.640954183609747], [88.30960265759687, 21.640954183609747], [88.30960265759687, 21.64149317278022], [88.3098721521821, 21.64149317278022], [88.3098721521821, 21.64203216195069], [88.31014164676733, 21.64203216195069], [88.31014164676733, 21.64257115112116], [88.31068063593781, 21.643110140291633], [88.31068063593781, 21.64391862404734], [88.31121962510828, 21.644457613217813], [88.31121962510828, 21.64526609697352], [88.31095013052304, 21.64526609697352]]]}, "properties": {"change": "GAINED", "areaHa": 11.4}}, {"type": "Feature", "geometry": {"geodesic": false, "type": "Polygon", "coordinates": [[[88.38883406565621, 21.90937079050466], [88.3880255819005, 21.90856230674895], [88.38721709814479, 21.90856230674895], [88.38560013063338, 21.906675844652302], [88.3850611414629, 21.906675844652302], [88.38344417395149, 21.905058877140885], [88.38290518478102, 21.90344190962947], [88.38263569019578, 21.90344190962947], [88.38263569019578, 21.902633425873763], [88.38236619561054, 21.902633425873763], [88.38236619561054, 21.901824942118054], [88.3820967010253, 21.901824942118054], [88.3820967010253, 21.900477469191877], [88.38182720644008, 21.900477469191877], [88.38182720644008, 21.899399490850932], [88.38236619561054, 21.89886050168046], [88.38263569019578, 21.897513028754283], [88.38290518478102, 21.897513028754283], [88.38263569019578, 21.900477469191877], [88.38290518478102, 21.900477469191877], [88.38344417395149, 21.903711404214707], [88.3850611414629, 21.905058877140885], [88.3850611414629, 21.905597866311357], [88.38721709814479, 21.907753822993243], [88.38775608731527, 21.907753822993243], [88.38829507648573, 21.90856230674895], [88.38883406565621, 21.90856230674895], [88.38937305482668, 21.909101295919424], [88.38937305482668, 21.90937079050466], [88.38883406565621, 21.90937079050466]]]}, "properties": {"change": "LOST", "areaHa": 11.3}}, {"type": "Feature", "geometry": {"geodesic": false, "type": "Polygon", "coordinates": [[[88.09158153814106, 21.877839924032063], [88.09158153814106, 21.877570429446827], [88.09104254897058, 21.877570429446827], [88.09104254897058, 21.877031440276358], [88.09050355980011, 21.877031440276358], [88.09050355980011, 21.874066999838764], [88.08942558145917, 21.873797505253528], [88.08942558145917, 21.87352801066829], [88.08996457062965, 21.87352801066829], [88.0896950760444, 21.872450032327347], [88.09023406521487, 21.872450032327347], [88.08996457062965, 21.871372053986402], [88.09050355980011, 21.87164154857164], [88.09050355980011, 21.87110255940117], [88.09131204355582, 21.87029407564546], [88.0918510327263, 21.870563570230697], [88.0918510327263, 21.87164154857164], [88.09158153814106, 21.87164154857164], [88.09158153814106, 21.872719526912583], [88.09104254897058, 21.872450032327347], [88.09077305438535, 21.87298902149782], [88.0918510327263, 21.87352801066829], [88.0918510327263, 21.877839924032063], [88.09158153814106, 21.877839924032063]]]}, "properties": {"change": "LOST", "areaHa": 11.2}}, {"type": "Feature", "geometry": {"geodesic": false, "type": "Polygon", "coordinates": [[[88.2249813578328, 21.674910501349466], [88.22659832534421, 21.67464100676423], [88.22713731451469, 21.67383252300852], [88.22767630368516, 21.67383252300852], [88.2287542820261, 21.67248505008234], [88.22929327119658, 21.67248505008234], [88.22983226036705, 21.671676566326635], [88.23037124953753, 21.671676566326635], [88.23198821704894, 21.670059598815218], [88.23225771163418, 21.668981620474277], [88.23252720621942, 21.668981620474277], [88.23252720621942, 21.66817313671857], [88.23279670080464, 21.66817313671857], [88.23306619538988, 21.665747685451446], [88.23333568997512, 21.665747685451446], [88.23360518456035, 21.667634147548096], [88.23333568997512, 21.667634147548096], [88.23306619538988, 21.669251115059513], [88.23252720621942, 21.669520609644746], [88.23198821704894, 21.670868082570927], [88.23010175495229, 21.672754544667576], [88.22902377661134, 21.673024039252812], [88.22767630368516, 21.674371512178993], [88.22740680909993, 21.675179995934702], [88.22632883075899, 21.675179995934702], [88.22632883075899, 21.675449490519934], [88.22552034700328, 21.675449490519934], [88.22552034700328, 21.67571898510517], [88.2233643903214, 21.67571898510517], [88.2233643903214, 21.675988479690407], [88.22066944446902, 21.675988479690407], [88.22066944446902, 21.67571898510517], [88.22309489573615, 21.67571898510517], [88.22309489573615, 21.675449490519934], [88.22390337949186, 21.675449490519934], [88.22390337949186, 21.675179995934702], [88.2249813578328, 21.675179995934702], [88.2249813578328, 21.674910501349466]]]}, "properties": {"change": "GAINED", "areaHa": 11.1}}, {"type": "Feature", "geometry": {"geodesic": false, "type": "Polygon", "coordinates": [[[88.3670050042521, 21.906675844652302], [88.36781348800781, 21.903711404214707], [88.36835247717828, 21.903172415044235], [88.36835247717828, 21.901555447532818], [88.36862197176352, 21.901555447532818], [88.36862197176352, 21.90020797460664], [88.36889146634876, 21.90020797460664], [88.36889146634876, 21.897513028754283], [88.36916096093398, 21.897513028754283], [88.36862197176352, 21.893201115390507], [88.36835247717828, 21.893201115390507], [88.36835247717828, 21.8923926316348], [88.36808298259305, 21.8923926316348], [88.36808298259305, 21.891584147879094], [88.36781348800781, 21.891584147879094], [88.36781348800781, 21.889967180367677], [88.36754399342257, 21.889967180367677], [88.36754399342257, 21.888350212856263], [88.36781348800781, 21.888350212856263], [88.36808298259305, 21.890775664123385], [88.36862197176352, 21.891314653293858], [88.36862197176352, 21.892662126220035], [88.36889146634876, 21.892662126220035], [88.36916096093398, 21.894548588316688], [88.36943045551922, 21.894548588316688], [88.36969995010446, 21.89778252333952], [88.36943045551922, 21.89778252333952], [88.36943045551922, 21.900477469191877], [88.36916096093398, 21.900477469191877], [88.36916096093398, 21.901824942118054], [88.36889146634876, 21.901824942118054], [88.36916096093398, 21.903172415044235], [88.36862197176352, 21.903172415044235], [88.36862197176352, 21.903980898799944], [88.36835247717828, 21.903980898799944], [88.36835247717828, 21.904519887970412], [88.36808298259305, 21.904519887970412], [88.36808298259305, 21.905058877140885], [88.36781348800781, 21.905058877140885], [88.36781348800781, 21.905597866311357], [88.36754399342257, 21.905597866311357], [88.36754399342257, 21.90613685548183], [88.3670050042521, 21.906675844652302]]]}, "properties": {"change": "GAINED", "areaHa": 10.8}}, {"type": "Feature", "geometry": {"geodesic": false, "type": "Polygon", "coordinates": [[[88.26756150230007, 21.920689563084565], [88.26729200771483, 21.91907259557315], [88.2670225131296, 21.91907259557315], [88.2670225131296, 21.9171861334765], [88.26729200771483, 21.9171861334765], [88.26729200771483, 21.916377649720793], [88.26756150230007, 21.916377649720793], [88.26756150230007, 21.915569165965085], [88.26836998605577, 21.914760682209376], [88.26890897522625, 21.913143714697963], [88.26944796439672, 21.912874220112727], [88.26944796439672, 21.912335230942254], [88.27052594273766, 21.911526747186546], [88.27052594273766, 21.910987758016073], [88.27187341566385, 21.91017927426037], [88.27241240483431, 21.908292812163715], [88.27295139400479, 21.90802331757848], [88.27322088859002, 21.905867360896593], [88.27349038317526, 21.905867360896593], [88.2737598777605, 21.907484328408007], [88.27322088859002, 21.90802331757848], [88.27322088859002, 21.908831801334188], [88.27268189941955, 21.90856230674895], [88.27295139400479, 21.909101295919424], [88.27268189941955, 21.909101295919424], [88.27214291024907, 21.910718263430837], [88.27133442649337, 21.911526747186546], [88.27052594273766, 21.911796241771782], [88.27052594273766, 21.912335230942254], [88.26971745898196, 21.912874220112727], [88.26971745898196, 21.9134132092832], [88.26917846981148, 21.91368270386843], [88.26917846981148, 21.914221693038904], [88.26890897522625, 21.914221693038904], [88.26890897522625, 21.914760682209376], [88.26863948064101, 21.914760682209376], [88.26863948064101, 21.91529967137985], [88.26836998605577, 21.91529967137985], [88.26836998605577, 21.91583866055032], [88.26783099688531, 21.916377649720793], [88.26756150230007, 21.919342090158388], [88.26783099688531, 21.919342090158388], [88.26810049147055, 21.920689563084565], [88.26756150230007, 21.920689563084565]]]}, "properties": {"change": "GAINED", "areaHa": 10.4}}, {"type": "Feature", "geometry": {"geodesic": false, "type": "Polygon", "coordinates": [[[88.26324958893629, 21.736624761368475], [88.26244110518059, 21.735816277612766], [88.26244110518059, 21.735277288442298], [88.26190211601012, 21.73500779385706], [88.26190211601012, 21.73446880468659], [88.26109363225441, 21.733929815516117], [88.26109363225441, 21.733390826345644], [88.26082413766918, 21.733390826345644], [88.26055464308394, 21.730695880493286], [88.26109363225441, 21.730156891322814], [88.26109363225441, 21.72961790215234], [88.26190211601012, 21.72934840756711], [88.26271059976582, 21.728270429226164], [88.26486655644771, 21.728000934640928], [88.26486655644771, 21.727731440055692], [88.2670225131296, 21.727731440055692], [88.26675301854436, 21.728270429226164], [88.26351908352153, 21.7285399238114], [88.26190211601012, 21.730156891322814], [88.26190211601012, 21.730965375078522], [88.26163262142488, 21.730965375078522], [88.26190211601012, 21.734199310101353], [88.26271059976582, 21.734738299271825], [88.26271059976582, 21.735546783027534], [88.26351908352153, 21.736085772198003], [88.26351908352153, 21.736624761368475], [88.26324958893629, 21.736624761368475]]]}, "properties": {"change": "LOST", "areaHa": 10.3}}, {"type": "Feature", "geometry": {"geodesic": false, "type": "Polygon", "coordinates": [[[88.0754118630269, 21.909101295919424], [88.0754118630269, 21.90802331757848], [88.07487287385644, 21.90802331757848], [88.07487287385644, 21.907484328408007], [88.0746033792712, 21.907484328408007], [88.0746033792712, 21.908831801334188], [88.07379489551549, 21.90802331757848], [88.07298641175979, 21.908292812163715], [88.07190843341884, 21.907214833822774], [88.07136944424836, 21.907214833822774], [88.0708304550779, 21.905867360896593], [88.07190843341884, 21.905597866311357], [88.07217792800408, 21.905867360896593], [88.07217792800408, 21.905597866311357], [88.07325590634501, 21.905867360896593], [88.07325590634501, 21.905597866311357], [88.07379489551549, 21.905597866311357], [88.07379489551549, 21.906406350067066], [88.07433388468596, 21.906406350067066], [88.0746033792712, 21.907214833822774], [88.07595085219738, 21.907214833822774], [88.0762203467826, 21.908831801334188], [88.0754118630269, 21.909101295919424]]]}, "properties": {"change": "LOST", "areaHa": 10.0}}, {"type": "Feature", "geometry": {"geodesic": false, "type": "Polygon", "coordinates": [[[88.35972865045073, 21.804267902262676], [88.35918966128027, 21.7999559888989], [88.35972865045073, 21.79941699972843], [88.3594591558655, 21.798608515972724], [88.35972865045073, 21.798608515972724], [88.35972865045073, 21.797800032217015], [88.36053713420644, 21.797261043046543], [88.36053713420644, 21.79672205387607], [88.36296258547357, 21.79429660260895], [88.36457955298498, 21.794027108023712], [88.36404056381451, 21.79483559177942], [88.3632320800588, 21.79483559177942], [88.36161511254738, 21.796452559290834], [88.36134561796214, 21.79753053763178], [88.36080662879168, 21.797800032217015], [88.3602676396212, 21.801303461825082], [88.35999814503597, 21.801303461825082], [88.35999814503597, 21.804267902262676], [88.35972865045073, 21.804267902262676]]]}, "properties": {"change": "GAINED", "areaHa": 10.0}}, {"type": "Feature", "geometry": {"geodesic": false, "type": "Polygon", "coordinates": [[[88.02717233226969, 22.025522956741312], [88.02690283768445, 22.024983967570844], [88.0258248593435, 22.024983967570844], [88.02555536475828, 22.024714472985607], [88.0258248593435, 22.0239059892299], [88.02636384851398, 22.023636494644663], [88.02636384851398, 22.02309750547419], [88.02663334309922, 22.023367000059427], [88.02825031061063, 22.023367000059427], [88.02825031061063, 22.022558516303718], [88.02932828895158, 22.022558516303718], [88.02932828895158, 22.02309750547419], [88.03013677270728, 22.02309750547419], [88.02986727812204, 22.023367000059427], [88.03013677270728, 22.0239059892299], [88.02932828895158, 22.02444497840037], [88.02932828895158, 22.024983967570844], [88.0287892997811, 22.025522956741312], [88.02717233226969, 22.025522956741312]]]}, "properties": {"change": "LOST", "areaHa": 9.6}}, {"type": "Feature", "geometry": {"geodesic": false, "type": "Polygon", "coordinates": [[[88.19587594262734, 21.692427649389796], [88.19533695345686, 21.691888660219323], [88.19533695345686, 21.69134967104885], [88.19506745887162, 21.69134967104885], [88.19506745887162, 21.69081068187838], [88.1947979642864, 21.69081068187838], [88.1947979642864, 21.69027169270791], [88.19452846970115, 21.69027169270791], [88.19425897511591, 21.68811573602602], [88.19371998594545, 21.687846241440784], [88.19371998594545, 21.68622927392937], [88.19425897511591, 21.6856902847589], [88.19398948053067, 21.68488180100319], [88.1947979642864, 21.684073317247485], [88.19533695345686, 21.68164786598036], [88.19587594262734, 21.68110887680989], [88.19587594262734, 21.680569887639418], [88.19614543721256, 21.680569887639418], [88.19614543721256, 21.680030898468946], [88.1964149317978, 21.680030898468946], [88.19668442638304, 21.678144436372296], [88.19722341555351, 21.677605447201824], [88.19722341555351, 21.67706645803135], [88.19776240472399, 21.676796963446115], [88.19776240472399, 21.677335952616588], [88.19722341555351, 21.67787494178706], [88.19722341555351, 21.678683425542765], [88.19695392096827, 21.678683425542765], [88.19668442638304, 21.680839382224654], [88.1964149317978, 21.680839382224654], [88.1964149317978, 21.681378371395123], [88.19587594262734, 21.681917360565595], [88.19587594262734, 21.682725844321304], [88.1956064480421, 21.682725844321304], [88.1956064480421, 21.683264833491776], [88.19506745887162, 21.68380382266225], [88.19506745887162, 21.684612306417954], [88.1947979642864, 21.684612306417954], [88.1947979642864, 21.685420790173662], [88.19452846970115, 21.685420790173662], [88.19452846970115, 21.68892421978173], [88.1947979642864, 21.68892421978173], [88.1947979642864, 21.689732703537437], [88.19533695345686, 21.69027169270791], [88.19533695345686, 21.691080176463615], [88.19614543721256, 21.691888660219323], [88.19614543721256, 21.692427649389796], [88.19587594262734, 21.692427649389796]]]}, "properties": {"change": "LOST", "areaHa": 9.5}}, {"type": "Feature", "geometry": {"geodesic": false, "type": "Polygon", "coordinates": [[[88.02447738641733, 22.050046963997776], [88.02447738641733, 22.048429996486362], [88.0250163755878, 22.04789100731589], [88.02528587017304, 22.04600454521924], [88.02555536475828, 22.04600454521924], [88.02555536475828, 22.045196061463532], [88.02609435392874, 22.044926566878296], [88.02609435392874, 22.044118083122587], [88.02717233226969, 22.044118083122587], [88.02717233226969, 22.04384858853735], [88.02771132144015, 22.04384858853735], [88.02771132144015, 22.04330959936688], [88.02825031061063, 22.04330959936688], [88.02798081602539, 22.044118083122587], [88.02717233226969, 22.044926566878296], [88.02690283768445, 22.046274039804473], [88.02609435392874, 22.04708252356018], [88.02609435392874, 22.048429996486362], [88.0258248593435, 22.048429996486362], [88.02555536475828, 22.050046963997776], [88.02447738641733, 22.050046963997776]]]}, "properties": {"change": "LOST", "areaHa": 9.4}}, {"type": "Feature", "geometry": {"geodesic": false, "type": "Polygon", "coordinates": [[[88.14574994977346, 22.050046963997776], [88.1460194443587, 22.049507974827304], [88.14574994977346, 22.049238480242067], [88.145210960603, 22.049238480242067], [88.145210960603, 22.050046963997776], [88.14413298226205, 22.050046963997776], [88.14440247684729, 22.049507974827304], [88.14386348767681, 22.049507974827304], [88.14440247684729, 22.048160501901126], [88.14413298226205, 22.048160501901126], [88.14386348767681, 22.046274039804473], [88.14467197143252, 22.046274039804473], [88.14548045518822, 22.04708252356018], [88.1460194443587, 22.04708252356018], [88.1460194443587, 22.047621512730654], [88.14655843352917, 22.047621512730654], [88.14655843352917, 22.048160501901126], [88.14709742269964, 22.048160501901126], [88.14709742269964, 22.0486994910716], [88.14763641187011, 22.048968985656835], [88.14763641187011, 22.04977746941254], [88.14709742269964, 22.049507974827304], [88.1468279281144, 22.050046963997776], [88.14574994977346, 22.050046963997776]], [[88.1460194443587, 22.048429996486362], [88.145210960603, 22.048429996486362], [88.145210960603, 22.04789100731589], [88.14467197143252, 22.04789100731589], [88.14467197143252, 22.047621512730654], [88.14548045518822, 22.047621512730654], [88.14548045518822, 22.048160501901126], [88.1460194443587, 22.048160501901126], [88.1460194443587, 22.048429996486362]], [[88.14494146601776, 22.049238480242067], [88.14467197143252, 22.048968985656835], [88.14494146601776, 22.048968985656835], [88.14494146601776, 22.049238480242067]]]}, "properties": {"change": "LOST", "areaHa": 9.3}}, {"type": "Feature", "geometry": {"geodesic": false, "type": "Polygon", "coordinates": [[[88.05519976913422, 21.944944075755792], [88.05519976913422, 21.944135592000084], [88.05385229620803, 21.94440508658532], [88.05439128537851, 21.943596602829615], [88.05493027454898, 21.943596602829615], [88.05493027454898, 21.943057613659143], [88.05439128537851, 21.94251862448867], [88.0535828016228, 21.942788119073906], [88.05331330703757, 21.942249129903434], [88.05412179079327, 21.941979635318198], [88.05439128537851, 21.941440646147726], [88.05546926371944, 21.941440646147726], [88.05546926371944, 21.941979635318198], [88.05654724206039, 21.942249129903434], [88.05573875830468, 21.940901656977253], [88.05762522040133, 21.94117115156249], [88.05789471498657, 21.942249129903434], [88.05681673664563, 21.942249129903434], [88.05681673664563, 21.94332710824438], [88.05573875830468, 21.943866097414848], [88.05573875830468, 21.944135592000084], [88.05654724206039, 21.944135592000084], [88.05654724206039, 21.944674581170556], [88.05519976913422, 21.944944075755792]], [[88.05600825288992, 21.942788119073906], [88.05519976913422, 21.942788119073906], [88.05519976913422, 21.94251862448867], [88.05600825288992, 21.94251862448867], [88.05600825288992, 21.942788119073906]]]}, "properties": {"change": "LOST", "areaHa": 9.2}}, {"type": "Feature", "geometry": {"geodesic": false, "type": "Polygon", "coordinates": [[[88.28319218824375, 21.674371512178993], [88.28292269365852, 21.67329353383805], [88.28265319907328, 21.67329353383805], [88.28265319907328, 21.672215555497107], [88.28238370448804, 21.672215555497107], [88.28238370448804, 21.669790104229982], [88.28265319907328, 21.669790104229982], [88.28265319907328, 21.668981620474277], [88.28292269365852, 21.668981620474277], [88.28346168282899, 21.666286674621915], [88.28373117741423, 21.666286674621915], [88.28373117741423, 21.665208696280974], [88.28427016658469, 21.6646697071105], [88.28453966116993, 21.66332223418432], [88.28480915575517, 21.66332223418432], [88.28480915575517, 21.66224425584338], [88.2850786503404, 21.66224425584338], [88.2850786503404, 21.661705266672907], [88.28561763951087, 21.661705266672907], [88.2850786503404, 21.664939201695738], [88.28480915575517, 21.664939201695738], [88.28480915575517, 21.665747685451446], [88.28453966116993, 21.665747685451446], [88.28453966116993, 21.666286674621915], [88.28427016658469, 21.666286674621915], [88.28427016658469, 21.666825663792388], [88.28400067199945, 21.666825663792388], [88.28400067199945, 21.66736465296286], [88.28346168282899, 21.667903642133332], [88.28319218824375, 21.669790104229982], [88.28292269365852, 21.669790104229982], [88.28292269365852, 21.67248505008234], [88.28319218824375, 21.67248505008234], [88.28319218824375, 21.67329353383805], [88.28373117741423, 21.67383252300852], [88.28373117741423, 21.674371512178993], [88.28319218824375, 21.674371512178993]]]}, "properties": {"change": "GAINED", "areaHa": 9.2}}, {"type": "Feature", "geometry": {"geodesic": false, "type": "Polygon", "coordinates": [[[88.35541673708695, 21.853854905946072], [88.35541673708695, 21.849004003411828], [88.3556862316722, 21.849004003411828], [88.3556862316722, 21.84738703590041], [88.35595572625743, 21.84738703590041], [88.35595572625743, 21.84496158463329], [88.35622522084266, 21.84496158463329], [88.3564947154279, 21.846848046729942], [88.35676421001314, 21.846848046729942], [88.35676421001314, 21.85062097092324], [88.3564947154279, 21.85062097092324], [88.35622522084266, 21.85277692760513], [88.35595572625743, 21.85277692760513], [88.35595572625743, 21.8533159167756], [88.35541673708695, 21.853854905946072]]]}, "properties": {"change": "LOST", "areaHa": 8.7}}, {"type": "Feature", "geometry": {"geodesic": false, "type": "Polygon", "coordinates": [[[88.16380608698427, 21.87945689154348], [88.16353659239903, 21.87864840778777], [88.16380608698427, 21.87864840778777], [88.16380608698427, 21.877031440276358], [88.1640755815695, 21.877031440276358], [88.1640755815695, 21.87622295652065], [88.16434507615473, 21.87622295652065], [88.16434507615473, 21.87487548359447], [88.16488406532521, 21.874336494423996], [88.16488406532521, 21.87352801066829], [88.16569254908092, 21.872719526912583], [88.16596204366616, 21.87164154857164], [88.16677052742186, 21.870833064815933], [88.16730951659233, 21.870833064815933], [88.16730951659233, 21.87218053774211], [88.1662315382514, 21.873258516083055], [88.1662315382514, 21.873797505253528], [88.16569254908092, 21.874066999838764], [88.16569254908092, 21.87487548359447], [88.16542305449568, 21.87487548359447], [88.16542305449568, 21.87541447276494], [88.16515355991045, 21.87541447276494], [88.16515355991045, 21.875953461935413], [88.16461457073997, 21.876492451105886], [88.16461457073997, 21.877570429446827], [88.1640755815695, 21.8781094186173], [88.1640755815695, 21.87945689154348], [88.16380608698427, 21.87945689154348]]]}, "properties": {"change": "GAINED", "areaHa": 8.5}}, {"type": "Feature", "geometry": {"geodesic": false, "type": "Polygon", "coordinates": [[[88.38586962521862, 21.636911764831208], [88.38560013063338, 21.63556429190503], [88.38533063604814, 21.63556429190503], [88.38533063604814, 21.634486313564086], [88.3850611414629, 21.634486313564086], [88.3850611414629, 21.6323303568822], [88.38533063604814, 21.6323303568822], [88.38560013063338, 21.630713389370783], [88.38586962521862, 21.630713389370783], [88.38586962521862, 21.629904905615078], [88.38613911980384, 21.629904905615078], [88.38613911980384, 21.62909642185937], [88.38667810897432, 21.628557432688897], [88.38775608731527, 21.628557432688897], [88.38694760355955, 21.630443894785547], [88.38667810897432, 21.630443894785547], [88.38667810897432, 21.63152187312649], [88.38640861438908, 21.63152187312649], [88.38640861438908, 21.632060862296964], [88.38586962521862, 21.632599851467436], [88.38586962521862, 21.634755808149322], [88.38613911980384, 21.634755808149322], [88.38613911980384, 21.636911764831208], [88.38586962521862, 21.636911764831208]]]}, "properties": {"change": "LOST", "areaHa": 8.4}}, {"type": "Feature", "geometry": {"geodesic": false, "type": "Polygon", "coordinates": [[[88.15302630357483, 22.050046963997776], [88.1527568089896, 22.04977746941254], [88.1527568089896, 22.048160501901126], [88.15248731440435, 22.048160501901126], [88.1527568089896, 22.046813028974945], [88.15491276567148, 22.0486994910716], [88.15491276567148, 22.049238480242067], [88.15572124942719, 22.049238480242067], [88.15545175484195, 22.048160501901126], [88.15626023859767, 22.04789100731589], [88.15626023859767, 22.048429996486362], [88.1565297331829, 22.048429996486362], [88.1565297331829, 22.049238480242067], [88.15599074401243, 22.049507974827304], [88.15626023859767, 22.050046963997776], [88.15302630357483, 22.050046963997776]]]}, "properties": {"change": "LOST", "areaHa": 8.2}}, {"type": "Feature", "geometry": {"geodesic": false, "type": "Polygon", "coordinates": [[[88.01396709759312, 21.931469346494], [88.01396709759312, 21.930660862738293], [88.01342810842266, 21.93012187356782], [88.01315861383742, 21.928504906056407], [88.01288911925218, 21.928504906056407], [88.01288911925218, 21.9276964223007], [88.01235013008171, 21.927157433130226], [88.01208063549647, 21.92500147644834], [88.01127215174077, 21.924462487277868], [88.01046366798506, 21.919342090158388], [88.01100265715553, 21.919881079328857], [88.01154164632601, 21.922576025181215], [88.01235013008171, 21.923384508936923], [88.01261962466695, 21.925809960204045], [88.01315861383742, 21.926348949374518], [88.01288911925218, 21.927426927715462], [88.01342810842266, 21.927965916885935], [88.0136976030079, 21.929852378982584], [88.01423659217836, 21.930391368153057], [88.01423659217836, 21.931469346494], [88.01396709759312, 21.931469346494]]]}, "properties": {"change": "LOST", "areaHa": 8.0}}, {"type": "Feature", "geometry": {"geodesic": false, "type": "Polygon", "coordinates": [[[88.06571005795841, 21.966773137159898], [88.06463207961747, 21.965695158818953], [88.06436258503223, 21.964347685892776], [88.06382359586176, 21.964347685892776], [88.06382359586176, 21.963808696722303], [88.0632846066913, 21.963808696722303], [88.0632846066913, 21.962461223796122], [88.06274561752082, 21.962461223796122], [88.06301511210606, 21.96192223462565], [88.06463207961747, 21.96138324545518], [88.06463207961747, 21.961113750869945], [88.06571005795841, 21.96192223462565], [88.06571005795841, 21.96273071838136], [88.06517106878795, 21.962191729210886], [88.06463207961747, 21.962191729210886], [88.06463207961747, 21.963000212966595], [88.06490157420271, 21.963000212966595], [88.06463207961747, 21.96461718047801], [88.06517106878795, 21.964886675063244], [88.06544056337317, 21.965695158818953], [88.06624904712889, 21.965695158818953], [88.06624904712889, 21.966234147989425], [88.06651854171412, 21.966234147989425], [88.06651854171412, 21.966773137159898], [88.06571005795841, 21.966773137159898]]]}, "properties": {"change": "LOST", "areaHa": 7.8}}, {"type": "Feature", "geometry": {"geodesic": false, "type": "Polygon", "coordinates": [[[88.32765879480766, 21.71156176494154], [88.32765879480766, 21.71102277577107], [88.3271198056372, 21.710483786600598], [88.32577233271101, 21.710483786600598], [88.32523334354055, 21.709944797430126], [88.32388587061436, 21.709944797430126], [88.32388587061436, 21.70967530284489], [88.32280789227342, 21.70967530284489], [88.32280789227342, 21.709405808259653], [88.32172991393247, 21.709405808259653], [88.32172991393247, 21.709136313674417], [88.32011294642106, 21.709136313674417], [88.32011294642106, 21.70886681908918], [88.32361637602912, 21.70886681908918], [88.3241553651996, 21.709405808259653], [88.32523334354055, 21.709136313674417], [88.32523334354055, 21.709405808259653], [88.3287367731486, 21.70967530284489], [88.32846727856338, 21.71102277577107], [88.32765879480766, 21.71156176494154]]]}, "properties": {"change": "LOST", "areaHa": 7.7}}, {"type": "Feature", "geometry": {"geodesic": false, "type": "Polygon", "coordinates": [[[88.32065193559153, 21.612118262989508], [88.32011294642106, 21.61157927381904], [88.3195739572506, 21.61157927381904], [88.3195739572506, 21.611309779233803], [88.31876547349488, 21.611309779233803], [88.31822648432441, 21.61077079006333], [88.31687901139823, 21.610501295478095], [88.316609516813, 21.609962306307622], [88.31607052764252, 21.609962306307622], [88.31580103305728, 21.60888432796668], [88.316609516813, 21.60888432796668], [88.316609516813, 21.609153822551914], [88.31741800056871, 21.609153822551914], [88.31741800056871, 21.60942331713715], [88.31849597890965, 21.60942331713715], [88.31849597890965, 21.609692811722386], [88.32011294642106, 21.61023180089286], [88.321190924762, 21.611309779233803], [88.321190924762, 21.611848768404275], [88.32065193559153, 21.612118262989508]]]}, "properties": {"change": "GAINED", "areaHa": 7.7}}, {"type": "Feature", "geometry": {"geodesic": false, "type": "Polygon", "coordinates": [[[88.33763009446139, 21.71695165664626], [88.33628262153522, 21.715604183720078], [88.3354741377795, 21.715604183720078], [88.33493514860903, 21.71479569996437], [88.33439615943857, 21.71479569996437], [88.33358767568285, 21.71371772162343], [88.33304868651238, 21.71371772162343], [88.33224020275668, 21.71290923786772], [88.33277919192714, 21.71210075411201], [88.33385717026809, 21.712370248697248], [88.33655211612044, 21.715065194549606], [88.33655211612044, 21.715604183720078], [88.33816908363187, 21.716682162061023], [88.33816908363187, 21.71695165664626], [88.33763009446139, 21.71695165664626]]]}, "properties": {"change": "LOST", "areaHa": 7.5}}, {"type": "Feature", "geometry": {"geodesic": false, "type": "Polygon", "coordinates": [[[88.04468948031001, 22.02821790259367], [88.04468948031001, 22.027678913423202], [88.04253352362814, 22.027948408008438], [88.04199453445766, 22.027409418837966], [88.04253352362814, 22.026061945911785], [88.0430725127986, 22.026061945911785], [88.04361150196907, 22.026600935082257], [88.04576745865096, 22.026870429667493], [88.04738442616238, 22.024714472985607], [88.04873189908855, 22.02444497840037], [88.04711493157714, 22.02633144049702], [88.04657594240666, 22.02633144049702], [88.04468948031001, 22.02821790259367]]]}, "properties": {"change": "LOST", "areaHa": 7.4}}, {"type": "Feature", "geometry": {"geodesic": false, "type": "Polygon", "coordinates": [[[88.06894399298125, 21.83067837161579], [88.06840500381077, 21.82986988786008], [88.0670575308846, 21.82986988786008], [88.06678803629936, 21.829600393274845], [88.06678803629936, 21.82879190951914], [88.06624904712889, 21.828522414933904], [88.06651854171412, 21.827713931178195], [88.06759652005506, 21.827713931178195], [88.0678660146403, 21.828252920348667], [88.06894399298125, 21.828252920348667], [88.07002197132219, 21.82933089868961], [88.07002197132219, 21.830408877030553], [88.06894399298125, 21.83067837161579]]]}, "properties": {"change": "LOST", "areaHa": 7.4}}, {"type": "Feature", "geometry": {"geodesic": false, "type": "Polygon", "coordinates": [[[88.33655211612044, 21.620203100546586], [88.33601312694998, 21.619664111376114], [88.33493514860903, 21.619664111376114], [88.33439615943857, 21.61912512220564], [88.33385717026809, 21.61912512220564], [88.33385717026809, 21.618855627620405], [88.33304868651238, 21.618855627620405], [88.3325096973419, 21.618316638449933], [88.33143171900097, 21.618316638449933], [88.33143171900097, 21.6180471438647], [88.33062323524526, 21.6180471438647], [88.33062323524526, 21.617777649279464], [88.32981475148955, 21.617777649279464], [88.32927576231909, 21.617238660108992], [88.3287367731486, 21.617238660108992], [88.3287367731486, 21.616969165523756], [88.32819778397814, 21.616969165523756], [88.32738930022244, 21.61589118718281], [88.3279282893929, 21.61589118718281], [88.32819778397814, 21.616430176353283], [88.32954525690431, 21.61669967093852], [88.32954525690431, 21.616969165523756], [88.33197070817144, 21.617238660108992], [88.33277919192714, 21.618316638449933], [88.3346656540238, 21.618316638449933], [88.3346656540238, 21.61858613303517], [88.33520464319427, 21.61858613303517], [88.3354741377795, 21.61912512220564], [88.33601312694998, 21.61912512220564], [88.33628262153522, 21.619664111376114], [88.33709110529092, 21.61993360596135], [88.33709110529092, 21.620203100546586], [88.33655211612044, 21.620203100546586]]]}, "properties": {"change": "LOST", "areaHa": 7.4}}, {"type": "Feature", "geometry": {"geodesic": false, "type": "Polygon", "coordinates": [[[88.05331330703757, 21.946291548681973], [88.05304381245233, 21.94521357034103], [88.05277431786709, 21.94521357034103], [88.05304381245233, 21.943866097414848], [88.05250482328185, 21.943866097414848], [88.05223532869663, 21.943057613659143], [88.05169633952615, 21.943057613659143], [88.05169633952615, 21.94251862448867], [88.05115735035568, 21.94251862448867], [88.05115735035568, 21.941979635318198], [88.0506183611852, 21.94171014073296], [88.0506183611852, 21.940901656977253], [88.05142684494092, 21.940901656977253], [88.05169633952615, 21.941440646147726], [88.05304381245233, 21.941979635318198], [88.05277431786709, 21.94251862448867], [88.05331330703757, 21.943057613659143], [88.05331330703757, 21.944135592000084], [88.05412179079327, 21.944944075755792], [88.05385229620803, 21.945483064926265], [88.05493027454898, 21.9457525595115], [88.05493027454898, 21.946291548681973], [88.05331330703757, 21.946291548681973]]]}, "properties": {"change": "GAINED", "areaHa": 7.3}}, {"type": "Feature", "geometry": {"geodesic": false, "type": "Polygon", "coordinates": [[[88.22552034700328, 21.635294797319794], [88.22659832534421, 21.63556429190503], [88.22821529285564, 21.637181259416444], [88.2287542820261, 21.637181259416444], [88.22956276578182, 21.63825923775739], [88.23037124953753, 21.638528732342625], [88.23037124953753, 21.639067721513097], [88.23091023870799, 21.63933721609833], [88.23091023870799, 21.639876205268802], [88.23144922787847, 21.640415194439274], [88.23144922787847, 21.641762667365455], [88.23117973329323, 21.641762667365455], [88.23117973329323, 21.640954183609747], [88.23091023870799, 21.640954183609747], [88.23010175495229, 21.639067721513097], [88.2287542820261, 21.638528732342625], [88.22740680909993, 21.636911764831208], [88.22605933617375, 21.636372775660735], [88.22552034700328, 21.63556429190503], [88.2249813578328, 21.63556429190503], [88.2233643903214, 21.633677829808377], [88.22390337949186, 21.633677829808377], [88.22552034700328, 21.635294797319794]]]}, "properties": {"change": "GAINED", "areaHa": 7.3}}, {"type": "Feature", "geometry": {"geodesic": false, "type": "Polygon", "coordinates": [[[88.23306619538988, 21.653620429115833], [88.23387467914559, 21.651464472433943], [88.23468316290129, 21.65065598867824], [88.23468316290129, 21.64984750492253], [88.23522215207177, 21.649308515752058], [88.23522215207177, 21.648769526581585], [88.23549164665701, 21.648769526581585], [88.23549164665701, 21.647691548240644], [88.23576114124224, 21.647691548240644], [88.23576114124224, 21.646883064484935], [88.23603063582748, 21.646883064484935], [88.23603063582748, 21.644996602388286], [88.23630013041272, 21.644996602388286], [88.23630013041272, 21.643110140291633], [88.23656962499794, 21.643110140291633], [88.23656962499794, 21.643649129462105], [88.23683911958318, 21.643649129462105], [88.23683911958318, 21.644457613217813], [88.23656962499794, 21.644457613217813], [88.23683911958318, 21.646883064484935], [88.23656962499794, 21.646883064484935], [88.23656962499794, 21.647422053655408], [88.23603063582748, 21.64796104282588], [88.23603063582748, 21.64903902116682], [88.23576114124224, 21.64903902116682], [88.23576114124224, 21.64984750492253], [88.23549164665701, 21.64984750492253], [88.23522215207177, 21.650925483263475], [88.23468316290129, 21.65119497784871], [88.23468316290129, 21.65173396701918], [88.23414417373083, 21.652003461604416], [88.23414417373083, 21.652542450774888], [88.23306619538988, 21.653620429115833]]]}, "properties": {"change": "GAINED", "areaHa": 7.3}}, {"type": "Feature", "geometry": {"geodesic": false, "type": "Polygon", "coordinates": [[[88.02393839724685, 22.045465556048768], [88.02393839724685, 22.04465707229306], [88.02447738641733, 22.044387577707823], [88.02447738641733, 22.043579093952115], [88.0250163755878, 22.04330959936688], [88.0250163755878, 22.04277061019641], [88.02555536475828, 22.042231621025937], [88.02609435392874, 22.042231621025937], [88.02663334309922, 22.04142313727023], [88.02771132144015, 22.041692631855465], [88.02825031061063, 22.040884148099757], [88.02905879436634, 22.041153642684993], [88.02825031061063, 22.042231621025937], [88.02663334309922, 22.04277061019641], [88.02555536475828, 22.04384858853735], [88.02555536475828, 22.044387577707823], [88.0250163755878, 22.04465707229306], [88.02474688100256, 22.045465556048768], [88.02393839724685, 22.045465556048768]]]}, "properties": {"change": "GAINED", "areaHa": 7.1}}, {"type": "Feature", "geometry": {"geodesic": false, "type": "Polygon", "coordinates": [[[88.30663821715927, 21.616160681768047], [88.30636872257404, 21.61346573591569], [88.30529074423309, 21.61265725215998], [88.30529074423309, 21.61157927381904], [88.30582973340356, 21.611040284648567], [88.30663821715927, 21.611040284648567], [88.30663821715927, 21.61077079006333], [88.30798569008545, 21.61077079006333], [88.30744670091498, 21.612118262989508], [88.30717720632974, 21.612118262989508], [88.3069077117445, 21.616160681768047], [88.30663821715927, 21.616160681768047]]]}, "properties": {"change": "GAINED", "areaHa": 7.1}}, {"type": "Feature", "geometry": {"geodesic": false, "type": "Polygon", "coordinates": [[[88.25543424596445, 21.62828793810366], [88.25489525679399, 21.62774894893319], [88.25139182718591, 21.627479454347952], [88.25112233260069, 21.62640147600701], [88.25220031094163, 21.62640147600701], [88.25220031094163, 21.626670970592247], [88.25139182718591, 21.626670970592247], [88.25166132177115, 21.627209959762716], [88.25220031094163, 21.627209959762716], [88.25220031094163, 21.626670970592247], [88.25300879469734, 21.626670970592247], [88.25300879469734, 21.626940465177483], [88.2543562676235, 21.626940465177483], [88.2543562676235, 21.627209959762716], [88.25570374054969, 21.626940465177483], [88.25570374054969, 21.627479454347952], [88.25597323513493, 21.627479454347952], [88.25597323513493, 21.626940465177483], [88.25624272972017, 21.626940465177483], [88.25624272972017, 21.62774894893319], [88.25678171889064, 21.62774894893319], [88.2565122243054, 21.626670970592247], [88.25705121347588, 21.627209959762716], [88.25785969723158, 21.627209959762716], [88.25785969723158, 21.626940465177483], [88.25839868640205, 21.627209959762716], [88.25839868640205, 21.628018443518425], [88.25812919181682, 21.628018443518425], [88.25812919181682, 21.627479454347952], [88.25759020264634, 21.627479454347952], [88.25759020264634, 21.628018443518425], [88.25812919181682, 21.628018443518425], [88.25812919181682, 21.62828793810366], [88.25543424596445, 21.62828793810366]]]}, "properties": {"change": "GAINED", "areaHa": 6.9}}, {"type": "Feature", "geometry": {"geodesic": false, "type": "Polygon", "coordinates": [[[88.39961384906564, 21.914760682209376], [88.39961384906564, 21.91449118762414], [88.39880536530993, 21.91449118762414], [88.39826637613946, 21.913952198453668], [88.39745789238376, 21.913952198453668], [88.39691890321328, 21.9134132092832], [88.39637991404281, 21.9134132092832], [88.39637991404281, 21.913143714697963], [88.39584092487233, 21.913143714697963], [88.39584092487233, 21.912874220112727], [88.39503244111663, 21.912874220112727], [88.3947629465314, 21.912335230942254], [88.39395446277568, 21.912335230942254], [88.39341547360522, 21.911796241771782], [88.39287648443474, 21.911796241771782], [88.39233749526427, 21.910987758016073], [88.39287648443474, 21.910987758016073], [88.39287648443474, 21.91125725260131], [88.39341547360522, 21.91125725260131], [88.39395446277568, 21.911796241771782], [88.39503244111663, 21.911796241771782], [88.3955714302871, 21.912335230942254], [88.39637991404281, 21.912335230942254], [88.39637991404281, 21.91260472552749], [88.39961384906564, 21.9134132092832], [88.39988334365087, 21.91368270386843], [88.39988334365087, 21.914760682209376], [88.39961384906564, 21.914760682209376]]]}, "properties": {"change": "GAINED", "areaHa": 6.9}}, {"type": "Feature", "geometry": {"geodesic": false, "type": "Polygon", "coordinates": [[[88.39826637613946, 21.7428231368289], [88.39799688155422, 21.74201465307319], [88.39745789238376, 21.74201465307319], [88.39745789238376, 21.742553642243664], [88.39691890321328, 21.7428231368289], [88.39664940862805, 21.74201465307319], [88.39611041945757, 21.74201465307319], [88.39611041945757, 21.741745158487955], [88.3955714302871, 21.74201465307319], [88.3955714302871, 21.741745158487955], [88.3947629465314, 21.74201465307319], [88.3947629465314, 21.742553642243664], [88.39395446277568, 21.7428231368289], [88.39368496819046, 21.74201465307319], [88.39422395736092, 21.741475663902722], [88.39368496819046, 21.741475663902722], [88.39314597901998, 21.740667180147014], [88.39422395736092, 21.740397685561778], [88.39422395736092, 21.740667180147014], [88.39584092487233, 21.74093667473225], [88.39611041945757, 21.741475663902722], [88.3985358707247, 21.741475663902722], [88.39880536530993, 21.7428231368289], [88.39826637613946, 21.7428231368289]]]}, "properties": {"change": "LOST", "areaHa": 6.8}}, {"type": "Feature", "geometry": {"geodesic": false, "type": "Polygon", "coordinates": [[[88.2543562676235, 21.788098227148524], [88.2543562676235, 21.78432530295522], [88.25489525679399, 21.783786313784752], [88.25489525679399, 21.78324732461428], [88.25516475137923, 21.78324732461428], [88.25516475137923, 21.782708335443807], [88.25570374054969, 21.782169346273335], [88.25624272972017, 21.782169346273335], [88.25866818098729, 21.779743895006213], [88.26001565391347, 21.77920490583574], [88.25543424596445, 21.783786313784752], [88.25543424596445, 21.78432530295522], [88.25489525679399, 21.784864292125693], [88.25489525679399, 21.7856727758814], [88.25462576220875, 21.7856727758814], [88.25462576220875, 21.788098227148524], [88.2543562676235, 21.788098227148524]]]}, "properties": {"change": "GAINED", "areaHa": 6.8}}, {"type": "Feature", "geometry": {"geodesic": false, "type": "Polygon", "coordinates": [[[88.30933316301163, 21.60942331713715], [88.30960265759687, 21.608614833381445], [88.31095013052304, 21.60834533879621], [88.31202810886398, 21.607267360455264], [88.31283659261969, 21.607267360455264], [88.31337558179017, 21.607806349625736], [88.31580103305728, 21.6075368550405], [88.31607052764252, 21.607806349625736], [88.31580103305728, 21.608614833381445], [88.31337558179017, 21.608614833381445], [88.31337558179017, 21.60834533879621], [88.31283659261969, 21.60834533879621], [88.31283659261969, 21.608614833381445], [88.31121962510828, 21.608614833381445], [88.31068063593781, 21.609153822551914], [88.30960265759687, 21.609153822551914], [88.30933316301163, 21.60942331713715]]]}, "properties": {"change": "LOST", "areaHa": 6.7}}, {"type": "Feature", "geometry": {"geodesic": false, "type": "Polygon", "coordinates": [[[88.29397197165318, 21.63825923775739], [88.29316348789747, 21.636372775660735], [88.29289399331225, 21.636372775660735], [88.29262449872701, 21.635025302734558], [88.29235500414177, 21.635025302734558], [88.29235500414177, 21.63421681897885], [88.2918160149713, 21.633947324393613], [88.2918160149713, 21.63340833522314], [88.29100753121558, 21.632599851467436], [88.29100753121558, 21.63152187312649], [88.29073803663036, 21.63152187312649], [88.29073803663036, 21.630713389370783], [88.29046854204512, 21.630713389370783], [88.29019904745988, 21.62909642185937], [88.29073803663036, 21.629365916444605], [88.29073803663036, 21.63017440020031], [88.29127702580082, 21.630443894785547], [88.29154652038606, 21.631791367711728], [88.2918160149713, 21.631791367711728], [88.2918160149713, 21.632869346052672], [88.29235500414177, 21.633138840637905], [88.29235500414177, 21.633677829808377], [88.29262449872701, 21.633677829808377], [88.29262449872701, 21.63421681897885], [88.29289399331225, 21.63421681897885], [88.29289399331225, 21.634755808149322], [88.29316348789747, 21.634755808149322], [88.29316348789747, 21.635294797319794], [88.29343298248271, 21.635294797319794], [88.29343298248271, 21.635833786490267], [88.29397197165318, 21.636372775660735], [88.29397197165318, 21.637181259416444], [88.29424146623842, 21.637181259416444], [88.29424146623842, 21.63825923775739], [88.29397197165318, 21.63825923775739]]]}, "properties": {"change": "LOST", "areaHa": 6.6}}, {"type": "Feature", "geometry": {"geodesic": false, "type": "Polygon", "coordinates": [[[88.20503875852535, 21.698087035679748], [88.20503875852535, 21.697817541094512], [88.20261330725823, 21.697548046509276], [88.20207431808775, 21.697009057338803], [88.20126583433205, 21.697009057338803], [88.20072684516158, 21.69647006816833], [88.1993793722354, 21.6962005735831], [88.19749291013875, 21.694314111486445], [88.19722341555351, 21.693505627730737], [88.19776240472399, 21.693505627730737], [88.19910987765016, 21.695122595242154], [88.19964886682064, 21.695122595242154], [88.20045735057634, 21.695931078997862], [88.20126583433205, 21.695931078997862], [88.20126583433205, 21.6962005735831], [88.20180482350253, 21.6962005735831], [88.20180482350253, 21.69647006816833], [88.20234381267299, 21.69647006816833], [88.20234381267299, 21.696739562753567], [88.20288280184346, 21.696739562753567], [88.20288280184346, 21.697009057338803], [88.20342179101394, 21.697009057338803], [88.2039607801844, 21.697548046509276], [88.20611673686629, 21.697817541094512], [88.20611673686629, 21.698087035679748], [88.20503875852535, 21.698087035679748]]]}, "properties": {"change": "LOST", "areaHa": 6.5}}, {"type": "Feature", "geometry": {"geodesic": false, "type": "Polygon", "coordinates": [[[88.27402937234574, 21.931199851908765], [88.27349038317526, 21.929043895226876], [88.27160392107861, 21.9276964223007], [88.27160392107861, 21.927157433130226], [88.2707954373229, 21.926618443959754], [88.2707954373229, 21.92607945478928], [88.2699869535672, 21.92554046561881], [88.2699869535672, 21.92500147644834], [88.26890897522625, 21.92419299269263], [88.26863948064101, 21.923115014351687], [88.26836998605577, 21.923115014351687], [88.26863948064101, 21.922306530595982], [88.26890897522625, 21.922306530595982], [88.26917846981148, 21.923923498107396], [88.26971745898196, 21.923923498107396], [88.27025644815242, 21.924462487277868], [88.27025644815242, 21.92500147644834], [88.27106493190814, 21.92554046561881], [88.27106493190814, 21.92607945478928], [88.27187341566385, 21.926618443959754], [88.27187341566385, 21.927157433130226], [88.2737598777605, 21.928504906056407], [88.2737598777605, 21.929043895226876], [88.27429886693096, 21.929582884397348], [88.27429886693096, 21.930660862738293], [88.2745683615162, 21.930660862738293], [88.2745683615162, 21.931199851908765], [88.27402937234574, 21.931199851908765]]]}, "properties": {"change": "GAINED", "areaHa": 6.5}}, {"type": "Feature", "geometry": {"geodesic": false, "type": "Polygon", "coordinates": [[[88.29262449872701, 21.709405808259653], [88.29316348789747, 21.70886681908918], [88.29316348789747, 21.708327829918712], [88.29451096082366, 21.70698035699253], [88.2955889391646, 21.706710862407295], [88.2955889391646, 21.70644136782206], [88.29639742292031, 21.70644136782206], [88.29639742292031, 21.706171873236823], [88.29882287418744, 21.706171873236823], [88.29990085252837, 21.707249851577767], [88.29990085252837, 21.707519346163004], [88.2993618633579, 21.707519346163004], [88.29882287418744, 21.70698035699253], [88.29828388501696, 21.70698035699253], [88.29828388501696, 21.706710862407295], [88.29693641209077, 21.706710862407295], [88.29693641209077, 21.70698035699253], [88.2955889391646, 21.707249851577767], [88.29504994999412, 21.708058335333476], [88.29424146623842, 21.708058335333476], [88.29316348789747, 21.709405808259653], [88.29262449872701, 21.709405808259653]]]}, "properties": {"change": "GAINED", "areaHa": 6.3}}, {"type": "Feature", "geometry": {"geodesic": false, "type": "Polygon", "coordinates": [[[88.0498098774295, 21.947369527022914], [88.04954038284426, 21.946830537852442], [88.0498098774295, 21.946830537852442], [88.0498098774295, 21.946022054096737], [88.04927088825903, 21.945483064926265], [88.04927088825903, 21.944944075755792], [88.0476539207476, 21.94440508658532], [88.04711493157714, 21.942788119073906], [88.0476539207476, 21.942249129903434], [88.0468454369919, 21.94251862448867], [88.04657594240666, 21.941440646147726], [88.0476539207476, 21.94171014073296], [88.04846240450333, 21.943596602829615], [88.04873189908855, 21.943596602829615], [88.04873189908855, 21.944135592000084], [88.0498098774295, 21.94440508658532], [88.0498098774295, 21.94521357034103], [88.0506183611852, 21.946022054096737], [88.0506183611852, 21.946830537852442], [88.05007937201474, 21.94656104326721], [88.05007937201474, 21.947369527022914], [88.0498098774295, 21.947369527022914]]]}, "properties": {"change": "GAINED", "areaHa": 6.2}}, {"type": "Feature", "geometry": {"geodesic": false, "type": "Polygon", "coordinates": [[[88.28939056370417, 21.567651656425593], [88.28885157453371, 21.56711266725512], [88.28885157453371, 21.56657367808465], [88.28831258536323, 21.566304183499415], [88.28831258536323, 21.565765194328943], [88.28777359619276, 21.565495699743707], [88.28804309077799, 21.562261764720876], [88.28777359619276, 21.56199227013564], [88.28831258536323, 21.56199227013564], [88.28831258536323, 21.562261764720876], [88.28885157453371, 21.562261764720876], [88.28885157453371, 21.562531259306112], [88.28939056370417, 21.562531259306112], [88.28992955287464, 21.563070248476585], [88.28966005828941, 21.56387873223229], [88.28804309077799, 21.564417721402762], [88.28804309077799, 21.56522620515847], [88.28885157453371, 21.564687215988], [88.28912106911893, 21.56657367808465], [88.28966005828941, 21.566843172669884], [88.28966005828941, 21.567651656425593], [88.28939056370417, 21.567651656425593]]]}, "properties": {"change": "GAINED", "areaHa": 6.2}}, {"type": "Feature", "geometry": {"geodesic": false, "type": "Polygon", "coordinates": [[[88.28400067199945, 21.721802559180503], [88.28400067199945, 21.72072458083956], [88.28453966116993, 21.72018559166909], [88.28453966116993, 21.719646602498617], [88.28480915575517, 21.719646602498617], [88.28480915575517, 21.719107613328145], [88.28534814492563, 21.71883811874291], [88.28561763951087, 21.7180296349872], [88.28642612326658, 21.717760140401964], [88.28696511243704, 21.716412667475787], [88.28750410160752, 21.71614317289055], [88.28750410160752, 21.715604183720078], [88.28804309077799, 21.715334689134842], [88.28804309077799, 21.71479569996437], [88.28858207994847, 21.714526205379133], [88.28885157453371, 21.713448227038192], [88.28966005828941, 21.71290923786772], [88.28885157453371, 21.71479569996437], [88.28831258536323, 21.715065194549606], [88.28750410160752, 21.71695165664626], [88.28696511243704, 21.717221151231495], [88.28669561785182, 21.718299129572436], [88.2850786503404, 21.719916097083853], [88.28453966116993, 21.721533064595267], [88.28400067199945, 21.721802559180503]]]}, "properties": {"change": "LOST", "areaHa": 6.1}}, {"type": "Feature", "geometry": {"geodesic": false, "type": "Polygon", "coordinates": [[[88.35029633996747, 21.855202378872253], [88.35029633996747, 21.854932884287017], [88.3459844266037, 21.854932884287017], [88.3459844266037, 21.85466338970178], [88.34760139411512, 21.854393895116544], [88.34760139411512, 21.85412440053131], [88.3519133074789, 21.85412440053131], [88.3519133074789, 21.853854905946072], [88.3527217912346, 21.853585411360836], [88.3527217912346, 21.854393895116544], [88.35218280206414, 21.854932884287017], [88.35029633996747, 21.855202378872253]]]}, "properties": {"change": "LOST", "areaHa": 6.0}}, {"type": "Feature", "geometry": {"geodesic": false, "type": "Polygon", "coordinates": [[[88.39826637613946, 21.944944075755792], [88.39745789238376, 21.944135592000084], [88.39745789238376, 21.943057613659143], [88.39691890321328, 21.94251862448867], [88.39691890321328, 21.941979635318198], [88.39664940862805, 21.941979635318198], [88.39664940862805, 21.941440646147726], [88.39637991404281, 21.941440646147726], [88.39637991404281, 21.940901656977253], [88.39611041945757, 21.940901656977253], [88.39691890321328, 21.94009317322155], [88.397727386969, 21.940362667806784], [88.397727386969, 21.941979635318198], [88.3985358707247, 21.94251862448867], [88.39826637613946, 21.943596602829615], [88.3985358707247, 21.943596602829615], [88.39880536530993, 21.944674581170556], [88.39826637613946, 21.944944075755792]]]}, "properties": {"change": "LOST", "areaHa": 6.0}}, {"type": "Feature", "geometry": {"geodesic": false, "type": "Polygon", "coordinates": [[[88.1422465201654, 21.666825663792388], [88.14197702558016, 21.66655616920715], [88.14197702558016, 21.663052739599088], [88.14251601475063, 21.662513750428616], [88.1430550039211, 21.662513750428616], [88.14332449850635, 21.662783245013852], [88.14332449850635, 21.665208696280974], [88.1430550039211, 21.665208696280974], [88.1430550039211, 21.66655616920715], [88.1422465201654, 21.666825663792388]]]}, "properties": {"change": "GAINED", "areaHa": 5.8}}, {"type": "Feature", "geometry": {"geodesic": false, "type": "Polygon", "coordinates": [[[88.26810049147055, 21.75521988774975], [88.26810049147055, 21.754950393164513], [88.27187341566385, 21.754680898579277], [88.27241240483431, 21.754141909408805], [88.27241240483431, 21.753602920238336], [88.27268189941955, 21.753602920238336], [88.27214291024907, 21.75117746897121], [88.27160392107861, 21.75063847980074], [88.27160392107861, 21.75009949063027], [88.27133442649337, 21.75009949063027], [88.27133442649337, 21.749560501459797], [88.27106493190814, 21.749560501459797], [88.27106493190814, 21.749021512289325], [88.2707954373229, 21.749021512289325], [88.2707954373229, 21.748482523118852], [88.27106493190814, 21.748482523118852], [88.27160392107861, 21.749021512289325], [88.27268189941955, 21.751716458141683], [88.27295139400479, 21.751716458141683], [88.27295139400479, 21.754680898579277], [88.27268189941955, 21.754950393164513], [88.27160392107861, 21.754950393164513], [88.27160392107861, 21.75521988774975], [88.26810049147055, 21.75521988774975]]]}, "properties": {"change": "GAINED", "areaHa": 5.8}}, {"type": "Feature", "geometry": {"geodesic": false, "type": "Polygon", "coordinates": [[[88.38586962521862, 21.64203216195069], [88.38560013063338, 21.64068468902451], [88.38533063604814, 21.64068468902451], [88.38533063604814, 21.639606710683566], [88.38560013063338, 21.639606710683566], [88.38560013063338, 21.638528732342625], [88.38586962521862, 21.638528732342625], [88.38586962521862, 21.63745075400168], [88.38640861438908, 21.637181259416444], [88.38667810897432, 21.63879822692786], [88.38694760355955, 21.63879822692786], [88.38694760355955, 21.639606710683566], [88.38748659273003, 21.639876205268802], [88.38748659273003, 21.640415194439274], [88.38667810897432, 21.64068468902451], [88.38613911980384, 21.641223678194983], [88.38613911980384, 21.64203216195069], [88.38586962521862, 21.64203216195069]]]}, "properties": {"change": "GAINED", "areaHa": 5.8}}, {"type": "Feature", "geometry": {"geodesic": false, "type": "Polygon", "coordinates": [[[88.10074435403908, 21.98024786642169], [88.10074435403908, 21.979978371836452], [88.0993968811129, 21.979978371836452], [88.09912738652766, 21.979439382665984], [88.09993587028337, 21.979169888080747], [88.1002053648686, 21.978630898910275], [88.10074435403908, 21.978630898910275], [88.1010138486243, 21.978091909739803], [88.10209182696525, 21.978091909739803], [88.10209182696525, 21.97836140432504], [88.1031698053062, 21.978630898910275], [88.10290031072097, 21.979439382665984], [88.10209182696525, 21.979439382665984], [88.10182233238002, 21.979978371836452], [88.10074435403908, 21.98024786642169]]]}, "properties": {"change": "LOST", "areaHa": 5.7}}, {"type": "Feature", "geometry": {"geodesic": false, "type": "Polygon", "coordinates": [[[87.95225283757412, 21.712370248697248], [87.95198334298888, 21.711292270356306], [87.95144435381842, 21.711292270356306], [87.95144435381842, 21.710483786600598], [87.95252233215935, 21.710483786600598], [87.95225283757412, 21.70967530284489], [87.95333081591507, 21.709136313674417], [87.95333081591507, 21.710214292015362], [87.95386980508553, 21.710214292015362], [87.95440879425601, 21.710753281185834], [87.95440879425601, 21.711292270356306], [87.95306132132983, 21.711831259526775], [87.95279182674459, 21.712370248697248], [87.95225283757412, 21.712370248697248]]]}, "properties": {"change": "LOST", "areaHa": 5.6}}, {"type": "Feature", "geometry": {"geodesic": false, "type": "Polygon", "coordinates": [[[88.39395446277568, 21.75387241482357], [88.39368496819046, 21.74875201770409], [88.39314597901998, 21.748213028533616], [88.39314597901998, 21.747674039363144], [88.39287648443474, 21.747674039363144], [88.39287648443474, 21.747135050192675], [88.39260698984951, 21.747135050192675], [88.39260698984951, 21.746596061022203], [88.39233749526427, 21.746596061022203], [88.39233749526427, 21.744979093510786], [88.39260698984951, 21.744979093510786], [88.39260698984951, 21.745787577266494], [88.39287648443474, 21.745787577266494], [88.39287648443474, 21.746326566436966], [88.39314597901998, 21.746326566436966], [88.39314597901998, 21.74686555560744], [88.39341547360522, 21.74686555560744], [88.39341547360522, 21.74740454477791], [88.39395446277568, 21.74794353394838], [88.39422395736092, 21.75009949063027], [88.39449345194616, 21.75009949063027], [88.39449345194616, 21.753063931067864], [88.39422395736092, 21.753063931067864], [88.39422395736092, 21.75387241482357], [88.39395446277568, 21.75387241482357]]]}, "properties": {"change": "LOST", "areaHa": 5.6}}, {"type": "Feature", "geometry": {"geodesic": false, "type": "Polygon", "coordinates": [[[88.20503875852535, 22.016090646258057], [88.20449976935488, 22.01474317333188], [88.20503875852535, 22.01474317333188], [88.20503875852535, 22.01393468957617], [88.20476926394012, 22.013665194990935], [88.20423027476964, 22.01393468957617], [88.20423027476964, 22.0133957004057], [88.20503875852535, 22.0133957004057], [88.20557774769583, 22.01285671123523], [88.20611673686629, 22.01285671123523], [88.20611673686629, 22.013126205820463], [88.206925220622, 22.0133957004057], [88.206925220622, 22.014473678746644], [88.20584724228105, 22.015282162502352], [88.20557774769583, 22.016090646258057], [88.20503875852535, 22.016090646258057]]]}, "properties": {"change": "GAINED", "areaHa": 5.6}}, {"type": "Feature", "geometry": {"geodesic": false, "type": "Polygon", "coordinates": [[[88.27349038317526, 21.905867360896593], [88.27402937234574, 21.902363931288527], [88.27429886693096, 21.902363931288527], [88.27429886693096, 21.901555447532818], [88.2745683615162, 21.901555447532818], [88.2745683615162, 21.900477469191877], [88.27483785610144, 21.900477469191877], [88.27483785610144, 21.89832151250999], [88.27564633985715, 21.89832151250999], [88.27510735068667, 21.90209443670329], [88.27483785610144, 21.90209443670329], [88.27483785610144, 21.902902920459], [88.2745683615162, 21.902902920459], [88.2745683615162, 21.903711404214707], [88.27429886693096, 21.903711404214707], [88.27402937234574, 21.905867360896593], [88.27349038317526, 21.905867360896593]]]}, "properties": {"change": "GAINED", "areaHa": 5.6}}, {"type": "Feature", "geometry": {"geodesic": false, "type": "Polygon", "coordinates": [[[88.2497748596745, 21.75656736067593], [88.2497748596745, 21.756297866090694], [88.25058334343021, 21.756297866090694], [88.25058334343021, 21.756028371505458], [88.25516475137923, 21.755758876920222], [88.25516475137923, 21.755489382334986], [88.26513605103295, 21.755489382334986], [88.26513605103295, 21.755758876920222], [88.25597323513493, 21.755758876920222], [88.25597323513493, 21.756028371505458], [88.25300879469734, 21.756028371505458], [88.25300879469734, 21.756297866090694], [88.2497748596745, 21.75656736067593]]]}, "properties": {"change": "LOST", "areaHa": 5.3}}, {"type": "Feature", "geometry": {"geodesic": false, "type": "Polygon", "coordinates": [[[88.1573382169386, 22.050046963997776], [88.1573382169386, 22.049238480242067], [88.15679922776813, 22.049238480242067], [88.15679922776813, 22.048968985656835], [88.15706872235337, 22.048968985656835], [88.1573382169386, 22.048160501901126], [88.15814670069432, 22.048429996486362], [88.15841619527954, 22.048968985656835], [88.15895518445002, 22.048968985656835], [88.15895518445002, 22.049507974827304], [88.15949417362049, 22.049507974827304], [88.15922467903526, 22.0486994910716], [88.15868568986478, 22.0486994910716], [88.15922467903526, 22.04789100731589], [88.16057215196143, 22.048968985656835], [88.16003316279097, 22.049507974827304], [88.16003316279097, 22.050046963997776], [88.1573382169386, 22.050046963997776]]]}, "properties": {"change": "GAINED", "areaHa": 5.3}}, {"type": "Feature", "geometry": {"geodesic": false, "type": "Polygon", "coordinates": [[[88.28427016658469, 21.572233064374604], [88.28427016658469, 21.571424580618896], [88.28319218824375, 21.571424580618896], [88.28265319907328, 21.570616096863187], [88.28346168282899, 21.570616096863187], [88.28373117741423, 21.570077107692715], [88.28453966116993, 21.570077107692715], [88.2850786503404, 21.569538118522246], [88.28561763951087, 21.570077107692715], [88.28615662868134, 21.57169407520413], [88.28534814492563, 21.571424580618896], [88.28534814492563, 21.57169407520413], [88.28480915575517, 21.57169407520413], [88.28427016658469, 21.572233064374604]]]}, "properties": {"change": "GAINED", "areaHa": 5.1}}, {"type": "Feature", "geometry": {"geodesic": false, "type": "Polygon", "coordinates": [[[88.0716389388336, 21.83714624166145], [88.07109994966314, 21.83660725249098], [88.07136944424836, 21.835529274150034], [88.0708304550779, 21.834990284979565], [88.0708304550779, 21.834451295809092], [88.07056096049266, 21.834451295809092], [88.0708304550779, 21.83391230663862], [88.07029146590742, 21.83391230663862], [88.07056096049266, 21.83202584454197], [88.07002197132219, 21.831486855371498], [88.07002197132219, 21.83067837161579], [88.0708304550779, 21.831217360786262], [88.0708304550779, 21.83202584454197], [88.07109994966314, 21.83202584454197], [88.07109994966314, 21.83310382288291], [88.07136944424836, 21.83310382288291], [88.07109994966314, 21.83391230663862], [88.0716389388336, 21.834181801223856], [88.07190843341884, 21.836876747076214], [88.07217792800408, 21.836876747076214], [88.07217792800408, 21.83714624166145], [88.0716389388336, 21.83714624166145]]]}, "properties": {"change": "LOST", "areaHa": 5.0}}, {"type": "Feature", "geometry": {"geodesic": false, "type": "Polygon", "coordinates": [[[88.19452846970115, 21.7285399238114], [88.19452846970115, 21.728270429226164], [88.19210301843403, 21.728270429226164], [88.19156402926356, 21.727461945470456], [88.19318099677497, 21.726922956299983], [88.19318099677497, 21.726653461714747], [88.19452846970115, 21.726653461714747], [88.19506745887162, 21.72719245088522], [88.1947979642864, 21.7285399238114], [88.19452846970115, 21.7285399238114]]]}, "properties": {"change": "GAINED", "areaHa": 5.0}}]}