{"type": "FeatureCollection", "features": [{"type": "Feature", "geometry": {"geodesic": false, "type": "Polygon", "coordinates": [[[87.04459507449975, 20.70877241327892], [87.04459507449975, 20.708502918693682], [87.04405608532929, 20.708502918693682], [87.04405608532929, 20.708233424108446], [87.04351709615881, 20.708233424108446], [87.04351709615881, 20.70796392952321], [87.04324760157357, 20.70796392952321], [87.04324760157357, 20.707694434937974], [87.04297810698834, 20.707694434937974], [87.04297810698834, 20.70742494035274], [87.0419001286474, 20.70742494035274], [87.0419001286474, 20.707155445767505], [87.0410916448917, 20.707155445767505], [87.0410916448917, 20.70688595118227], [87.04082215030645, 20.70688595118227], [87.04082215030645, 20.706616456597033], [87.04028316113597, 20.706616456597033], [87.04028316113597, 20.706346962011796], [87.03974417196551, 20.706346962011796], [87.03974417196551, 20.70607746742656], [87.03920518279503, 20.70607746742656], [87.03920518279503, 20.705807972841324], [87.0389356882098, 20.705807972841324], [87.0389356882098, 20.705538478256088], [87.03839669903932, 20.705538478256088], [87.03839669903932, 20.70526898367085], [87.03758821528362, 20.70526898367085], [87.03758821528362, 20.704999489085615], [87.03731872069838, 20.704999489085615], [87.03731872069838, 20.70472999450038], [87.03677973152791, 20.70472999450038], [87.03677973152791, 20.704460499915147], [87.03624074235744, 20.704460499915147], [87.03624074235744, 20.70419100532991], [87.03570175318697, 20.70419100532991], [87.03570175318697, 20.703921510744674], [87.03543225860173, 20.703921510744674], [87.03543225860173, 20.703652016159438], [87.0351627640165, 20.703652016159438], [87.0351627640165, 20.703382521574202], [87.03462377484603, 20.703382521574202], [87.03462377484603, 20.703113026988966], [87.03435428026079, 20.703113026988966], [87.03435428026079, 20.70284353240373], [87.03381529109032, 20.70284353240373], [87.03381529109032, 20.702574037818493], [87.03354579650508, 20.702574037818493], [87.03354579650508, 20.702304543233257], [87.03327630191984, 20.702304543233257], [87.03327630191984, 20.70203504864802], [87.03300680733462, 20.70203504864802], [87.03300680733462, 20.701765554062785], [87.03273731274938, 20.701765554062785], [87.03273731274938, 20.701496059477552], [87.03219832357891, 20.701496059477552], [87.03219832357891, 20.701226564892316], [87.03192882899367, 20.701226564892316], [87.03192882899367, 20.70095707030708], [87.03138983982319, 20.70095707030708], [87.03138983982319, 20.700687575721844], [87.03112034523797, 20.700687575721844], [87.03112034523797, 20.700418081136608], [87.03085085065273, 20.700418081136608], [87.03085085065273, 20.70014858655137], [87.03058135606749, 20.70014858655137], [87.03058135606749, 20.699879091966135], [87.03004236689702, 20.699879091966135], [87.03004236689702, 20.6996095973809], [87.02950337772654, 20.6996095973809], [87.02950337772654, 20.699340102795663], [87.02923388314132, 20.699340102795663], [87.02923388314132, 20.699070608210427], [87.02869489397084, 20.699070608210427], [87.02869489397084, 20.69880111362519], [87.02815590480037, 20.69880111362519], [87.02815590480037, 20.698531619039958], [87.02761691562989, 20.698531619039958], [87.02761691562989, 20.698262124454722], [87.02707792645943, 20.698262124454722], [87.02707792645943, 20.697992629869486], [87.02680843187419, 20.697992629869486], [87.02680843187419, 20.69772313528425], [87.02653893728895, 20.69772313528425], [87.02653893728895, 20.697453640699013], [87.02599994811848, 20.697453640699013], [87.02599994811848, 20.697184146113777], [87.025460958948, 20.697184146113777], [87.025460958948, 20.69691465152854], [87.02519146436278, 20.69691465152854], [87.02519146436278, 20.696645156943305], [87.02492196977754, 20.696645156943305], [87.02492196977754, 20.69637566235807], [87.0246524751923, 20.69637566235807], [87.0246524751923, 20.696106167772832], [87.02438298060706, 20.696106167772832], [87.02438298060706, 20.695836673187596], [87.02411348602183, 20.695836673187596], [87.02411348602183, 20.695567178602364], [87.02330500226613, 20.695567178602364], [87.02330500226613, 20.695297684017127], [87.02303550768089, 20.695297684017127], [87.02303550768089, 20.69502818943189], [87.02249651851041, 20.69502818943189], [87.02249651851041, 20.694758694846655], [87.02222702392518, 20.694758694846655], [87.02222702392518, 20.69448920026142], [87.0216880347547, 20.69448920026142], [87.0216880347547, 20.694219705676183], [87.020879550999, 20.694219705676183], [87.020879550999, 20.693950211090947], [87.02061005641376, 20.693950211090947], [87.02061005641376, 20.69368071650571], [87.02034056182853, 20.69368071650571], [87.02034056182853, 20.693411221920474], [87.01980157265805, 20.693411221920474], [87.01980157265805, 20.693141727335238], [87.01953207807281, 20.693141727335238], [87.01953207807281, 20.692872232750002], [87.01899308890235, 20.692872232750002], [87.01899308890235, 20.69260273816477], [87.01872359431711, 20.69260273816477], [87.01872359431711, 20.692333243579533], [87.01845409973187, 20.692333243579533], [87.01845409973187, 20.692063748994297], [87.01818460514664, 20.692063748994297], [87.01818460514664, 20.69179425440906], [87.0179151105614, 20.69179425440906], [87.0179151105614, 20.691524759823825], [87.01764561597616, 20.691524759823825], [87.01764561597616, 20.69125526523859], [87.01683713222046, 20.69125526523859], [87.01683713222046, 20.690985770653352], [87.01629814305, 20.690985770653352], [87.01629814305, 20.690716276068116], [87.01575915387951, 20.690716276068116], [87.01575915387951, 20.69044678148288], [87.01522016470905, 20.69044678148288], [87.01522016470905, 20.690177286897644], [87.01495067012381, 20.690177286897644], [87.01495067012381, 20.689907792312408], [87.01468117553857, 20.689907792312408], [87.01468117553857, 20.68963829772717], [87.01441168095334, 20.68963829772717], [87.01441168095334, 20.689099308556703], [87.0141421863681, 20.689099308556703], [87.0141421863681, 20.688829813971466], [87.01387269178286, 20.688829813971466], [87.01387269178286, 20.68856031938623], [87.01360319719763, 20.68856031938623], [87.01360319719763, 20.688290824800994], [87.0133337026124, 20.688290824800994], [87.0133337026124, 20.688021330215758], [87.01279471344192, 20.688021330215758], [87.01279471344192, 20.68775183563052], [87.01252521885668, 20.68775183563052], [87.01252521885668, 20.687482341045285], [87.01171673510098, 20.687482341045285], [87.01171673510098, 20.68721284646005], [87.01117774593051, 20.68721284646005], [87.01117774593051, 20.686943351874813], [87.01090825134527, 20.686943351874813], [87.01090825134527, 20.686673857289577], [87.0103692621748, 20.686673857289577], [87.0103692621748, 20.686404362704344], [87.01009976758957, 20.686404362704344], [87.01009976758957, 20.686134868119108], [87.00983027300433, 20.686134868119108], [87.00983027300433, 20.685865373533872], [87.00956077841909, 20.685865373533872], [87.00956077841909, 20.685595878948636], [87.00929128383386, 20.685595878948636], [87.00929128383386, 20.6853263843634], [87.00875229466338, 20.6853263843634], [87.00875229466338, 20.685056889778163], [87.00848280007816, 20.685056889778163], [87.00848280007816, 20.684787395192927], [87.00821330549292, 20.684787395192927], [87.00821330549292, 20.68451790060769], [87.00767431632244, 20.68451790060769], [87.00767431632244, 20.684248406022455], [87.00740482173721, 20.684248406022455], [87.00740482173721, 20.68397891143722], [87.00686583256673, 20.68397891143722], [87.00686583256673, 20.683709416851983], [87.00632684339627, 20.683709416851983], [87.00632684339627, 20.68343992226675], [87.00578785422579, 20.68343992226675], [87.00578785422579, 20.683170427681514], [87.00551835964056, 20.683170427681514], [87.00551835964056, 20.682900933096278], [87.00524886505532, 20.682900933096278], [87.00524886505532, 20.68263143851104], [87.00497937047008, 20.68263143851104], [87.00497937047008, 20.682361943925805], [87.00417088671438, 20.682361943925805], [87.00417088671438, 20.68209244934057], [87.0036318975439, 20.68209244934057], [87.0036318975439, 20.681822954755333], [87.00336240295867, 20.681822954755333], [87.00336240295867, 20.681553460170097], [87.00282341378819, 20.681553460170097], [87.00282341378819, 20.68128396558486], [87.00255391920297, 20.68128396558486], [87.00255391920297, 20.681014470999624], [87.00228442461773, 20.681014470999624], [87.00228442461773, 20.68074497641439], [87.00174543544725, 20.68074497641439], [87.00174543544725, 20.680475481829156], [87.00147594086202, 20.680475481829156], [87.00147594086202, 20.68020598724392], [87.00120644627678, 20.68020598724392], [87.00120644627678, 20.679936492658683], [87.00039796252108, 20.679936492658683], [87.00039796252108, 20.679666998073447], [87.00012846793584, 20.679666998073447], [87.00012846793584, 20.67939750348821], [86.9998589733506, 20.67939750348821], [86.9998589733506, 20.679128008902975], [86.99931998418013, 20.679128008902975], [86.99931998418013, 20.67885851431774], [86.9990504895949, 20.67885851431774], [86.9990504895949, 20.678589019732502], [86.99878099500965, 20.678589019732502], [86.99878099500965, 20.678319525147266], [86.99851150042443, 20.678319525147266], [86.99851150042443, 20.67805003056203], [86.99824200583919, 20.67805003056203], [86.99824200583919, 20.677780535976794], [86.99770301666871, 20.677780535976794], [86.99770301666871, 20.67751104139156], [86.996894532913, 20.67751104139156], [86.996894532913, 20.677241546806325], [86.99662503832778, 20.677241546806325], [86.99662503832778, 20.67697205222109], [86.99581655457206, 20.67697205222109], [86.99581655457206, 20.676702557635853], [86.99554705998683, 20.676702557635853], [86.99554705998683, 20.676433063050617], [86.9952775654016, 20.676433063050617], [86.9952775654016, 20.67616356846538], [86.99500807081635, 20.67616356846538], [86.99500807081635, 20.675894073880144], [86.99446908164589, 20.675894073880144], [86.99446908164589, 20.675624579294908], [86.99419958706065, 20.675624579294908], [86.99419958706065, 20.675355084709672], [86.99366059789018, 20.675355084709672], [86.99366059789018, 20.675085590124436], [86.99339110330494, 20.675085590124436], [86.99339110330494, 20.6748160955392], [86.9931216087197, 20.6748160955392], [86.9931216087197, 20.674546600953963], [86.99258261954924, 20.674546600953963], [86.99258261954924, 20.67427710636873], [86.99177413579352, 20.67427710636873], [86.99177413579352, 20.674007611783495], [86.9915046412083, 20.674007611783495], [86.9915046412083, 20.67373811719826], [86.99096565203781, 20.67373811719826], [86.99096565203781, 20.673468622613022], [86.99069615745258, 20.673468622613022], [86.99069615745258, 20.673199128027786], [86.99042666286735, 20.673199128027786], [86.99042666286735, 20.67292963344255], [86.98988767369687, 20.67292963344255], [86.98988767369687, 20.672660138857314], [86.98961817911164, 20.672660138857314], [86.98961817911164, 20.672390644272078], [86.9893486845264, 20.672390644272078], [86.9893486845264, 20.67212114968684], [86.98907918994117, 20.67212114968684], [86.98907918994117, 20.671851655101605], [86.98880969535593, 20.671851655101605], [86.98880969535593, 20.67158216051637], [86.9885402007707, 20.67158216051637], [86.9885402007707, 20.671312665931136], [86.98800121160022, 20.671312665931136], [86.98800121160022, 20.6710431713459], [86.98746222242976, 20.6710431713459], [86.98746222242976, 20.670773676760664], [86.98719272784452, 20.670773676760664], [86.98719272784452, 20.670504182175428], [86.98692323325928, 20.670504182175428], [86.98692323325928, 20.67023468759019], [86.98665373867405, 20.67023468759019], [86.98665373867405, 20.669965193004955], [86.98638424408881, 20.669965193004955], [86.98638424408881, 20.66969569841972], [86.98584525491833, 20.66969569841972], [86.98584525491833, 20.669426203834483], [86.9855757603331, 20.669426203834483], [86.9855757603331, 20.669156709249247], [86.98530626574787, 20.669156709249247], [86.98530626574787, 20.66888721466401], [86.98476727657739, 20.66888721466401], [86.98476727657739, 20.668617720078775], [86.98449778199216, 20.668617720078775], [86.98449778199216, 20.668348225493542], [86.98422828740692, 20.668348225493542], [86.98422828740692, 20.668078730908306], [86.98368929823646, 20.668078730908306], [86.98368929823646, 20.66780923632307], [86.98315030906598, 20.66780923632307], [86.98315030906598, 20.667539741737833], [86.98288081448074, 20.667539741737833], [86.98288081448074, 20.667270247152597], [86.98234182531027, 20.667270247152597], [86.98234182531027, 20.66700075256736], [86.98180283613979, 20.66700075256736], [86.98180283613979, 20.666731257982125], [86.98126384696933, 20.666731257982125], [86.98126384696933, 20.66646176339689], [86.98099435238409, 20.66646176339689], [86.98099435238409, 20.666192268811653], [86.98045536321362, 20.666192268811653], [86.98045536321362, 20.665922774226416], [86.98018586862838, 20.665922774226416], [86.98018586862838, 20.66565327964118], [86.97937738487268, 20.66565327964118], [86.97937738487268, 20.665383785055948], [86.97910789028744, 20.665383785055948], [86.97910789028744, 20.66511429047071], [86.97856890111697, 20.66511429047071], [86.97856890111697, 20.664844795885475], [86.97802991194649, 20.664844795885475], [86.97802991194649, 20.66457530130024], [86.97776041736127, 20.66457530130024], [86.97776041736127, 20.664305806715003], [86.97722142819079, 20.664305806715003], [86.97722142819079, 20.664036312129767], [86.97668243902032, 20.664036312129767], [86.97668243902032, 20.66376681754453], [86.97614344984984, 20.66376681754453], [86.97614344984984, 20.663497322959294], [86.9758739552646, 20.663497322959294], [86.9758739552646, 20.66322782837406], [86.9750654715089, 20.66322782837406], [86.9750654715089, 20.662958333788822], [86.97452648233843, 20.662958333788822], [86.97452648233843, 20.662688839203586], [86.9742569877532, 20.662688839203586], [86.9742569877532, 20.662419344618353], [86.97371799858273, 20.662419344618353], [86.97371799858273, 20.662149850033117], [86.97344850399749, 20.662149850033117], [86.97344850399749, 20.66188035544788], [86.97290951482701, 20.66188035544788], [86.97290951482701, 20.661610860862645], [86.97237052565654, 20.661610860862645], [86.97237052565654, 20.66134136627741], [86.97183153648608, 20.66134136627741], [86.97183153648608, 20.661071871692172], [86.97156204190084, 20.661071871692172], [86.97156204190084, 20.660802377106936], [86.97075355814513, 20.660802377106936], [86.97075355814513, 20.6605328825217], [86.97021456897465, 20.6605328825217], [86.97021456897465, 20.660263387936464], [86.96994507438941, 20.660263387936464], [86.96994507438941, 20.659993893351228], [86.96940608521895, 20.659993893351228], [86.96940608521895, 20.65972439876599], [86.96886709604848, 20.65972439876599], [86.96886709604848, 20.65945490418076], [86.968328106878, 20.65945490418076], [86.968328106878, 20.659185409595523], [86.96805861229277, 20.659185409595523], [86.96805861229277, 20.658915915010287], [86.96778911770754, 20.658915915010287], [86.96778911770754, 20.65864642042505], [86.96725012853706, 20.65864642042505], [86.96725012853706, 20.658376925839814], [86.96644164478136, 20.658376925839814], [86.96644164478136, 20.658107431254578], [86.96590265561089, 20.658107431254578], [86.96590265561089, 20.657837936669342], [86.96563316102565, 20.657837936669342], [86.96563316102565, 20.657568442084106], [86.96509417185517, 20.657568442084106], [86.96509417185517, 20.65729894749887], [86.9645551826847, 20.65729894749887], [86.9645551826847, 20.657029452913633], [86.96428568809947, 20.657029452913633], [86.96428568809947, 20.656759958328397], [86.963746698929, 20.656759958328397], [86.963746698929, 20.65649046374316], [86.96347720434376, 20.65649046374316], [86.96347720434376, 20.65622096915793], [86.96266872058806, 20.65622096915793], [86.96266872058806, 20.655951474572692], [86.96239922600282, 20.655951474572692], [86.96239922600282, 20.655681979987456], [86.96186023683235, 20.655681979987456], [86.96186023683235, 20.65541248540222], [86.96159074224711, 20.65541248540222], [86.96159074224711, 20.655142990816984], [86.96105175307663, 20.655142990816984], [86.96105175307663, 20.654873496231748], [86.96051276390617, 20.654873496231748], [86.96051276390617, 20.65460400164651], [86.9599737747357, 20.65460400164651], [86.9599737747357, 20.654334507061275], [86.95970428015046, 20.654334507061275], [86.95970428015046, 20.65406501247604], [86.95916529097998, 20.65406501247604], [86.95916529097998, 20.653795517890803], [86.95889579639476, 20.653795517890803], [86.95889579639476, 20.653526023305567], [86.95808731263904, 20.653526023305567], [86.95808731263904, 20.653256528720334], [86.95754832346857, 20.653256528720334], [86.95754832346857, 20.652987034135098], [86.9570093342981, 20.652987034135098], [86.9570093342981, 20.65271753954986], [86.95673983971287, 20.65271753954986], [86.95673983971287, 20.652448044964625], [86.95620085054239, 20.652448044964625], [86.95620085054239, 20.65217855037939], [86.95593135595716, 20.65217855037939], [86.95593135595716, 20.651909055794153], [86.95566186137192, 20.651909055794153], [86.95566186137192, 20.651639561208917], [86.95512287220144, 20.651639561208917], [86.95512287220144, 20.65137006662368], [86.95431438844574, 20.65137006662368], [86.95431438844574, 20.651100572038445], [86.95404489386051, 20.651100572038445], [86.95404489386051, 20.65083107745321], [86.95350590469003, 20.65083107745321], [86.95350590469003, 20.650561582867972], [86.9532364101048, 20.650561582867972], [86.9532364101048, 20.65029208828274], [86.95296691551957, 20.65029208828274], [86.95296691551957, 20.650022593697503], [86.95242792634909, 20.650022593697503], [86.95242792634909, 20.649753099112267], [86.95215843176385, 20.649753099112267], [86.95215843176385, 20.64948360452703], [86.95161944259338, 20.64948360452703], [86.95161944259338, 20.649214109941795], [86.95134994800814, 20.649214109941795], [86.95134994800814, 20.64894461535656], [86.95108045342292, 20.64894461535656], [86.95108045342292, 20.648675120771323], [86.95054146425244, 20.648675120771323], [86.95054146425244, 20.648405626186086], [86.95000247508197, 20.648405626186086], [86.95000247508197, 20.64813613160085], [86.94973298049673, 20.64813613160085], [86.94973298049673, 20.647866637015614], [86.9494634859115, 20.647866637015614], [86.9494634859115, 20.647597142430378], [86.94892449674103, 20.647597142430378], [86.94892449674103, 20.647327647845145], [86.94865500215579, 20.647327647845145], [86.94865500215579, 20.64705815325991], [86.94811601298532, 20.64705815325991], [86.94811601298532, 20.646788658674673], [86.94784651840008, 20.646788658674673], [86.94784651840008, 20.646519164089437], [86.9473075292296, 20.646519164089437], [86.9473075292296, 20.6462496695042], [86.94703803464438, 20.6462496695042], [86.94703803464438, 20.645980174918964], [86.94676854005914, 20.645980174918964], [86.94676854005914, 20.64571068033373], [86.94622955088866, 20.64571068033373], [86.94622955088866, 20.645441185748492], [86.9456905617182, 20.645441185748492], [86.9456905617182, 20.645171691163256], [86.94515157254773, 20.645171691163256], [86.94515157254773, 20.64490219657802], [86.94488207796249, 20.64490219657802], [86.94488207796249, 20.64436320740755], [86.94461258337725, 20.64436320740755], [86.94461258337725, 20.644093712822315], [86.94407359420678, 20.644093712822315], [86.94407359420678, 20.64382421823708], [86.9435346050363, 20.64382421823708], [86.9435346050363, 20.643554723651842], [86.94326511045107, 20.643554723651842], [86.94326511045107, 20.643285229066606], [86.9427261212806, 20.643285229066606], [86.9427261212806, 20.64301573448137], [86.94245662669536, 20.64301573448137], [86.94245662669536, 20.642746239896134], [86.94164814293966, 20.642746239896134], [86.94164814293966, 20.642476745310898], [86.94137864835442, 20.642476745310898], [86.94137864835442, 20.64220725072566], [86.94083965918395, 20.64220725072566], [86.94083965918395, 20.641937756140425], [86.94030067001347, 20.641937756140425], [86.94030067001347, 20.64166826155519], [86.94003117542825, 20.64166826155519], [86.94003117542825, 20.641398766969953], [86.93949218625777, 20.641398766969953], [86.93949218625777, 20.64112927238472], [86.93922269167254, 20.64112927238472], [86.93922269167254, 20.640859777799484], [86.93868370250206, 20.640859777799484], [86.93868370250206, 20.640590283214248], [86.9381447133316, 20.640590283214248], [86.9381447133316, 20.640320788629012], [86.93787521874636, 20.640320788629012], [86.93787521874636, 20.640051294043776], [86.93706673499065, 20.640051294043776], [86.93706673499065, 20.63978179945854], [86.93652774582017, 20.63978179945854], [86.93652774582017, 20.639512304873303], [86.93625825123495, 20.639512304873303], [86.93625825123495, 20.639242810288067], [86.93571926206447, 20.639242810288067], [86.93571926206447, 20.63897331570283], [86.935180272894, 20.63897331570283], [86.935180272894, 20.638703821117595], [86.93491077830876, 20.638703821117595], [86.93491077830876, 20.63843432653236], [86.93437178913828, 20.63843432653236], [86.93437178913828, 20.638164831947126], [86.93410229455306, 20.638164831947126], [86.93410229455306, 20.63789533736189], [86.93356330538258, 20.63789533736189], [86.93356330538258, 20.637625842776654], [86.93275482162687, 20.637625842776654], [86.93275482162687, 20.637356348191418], [86.93248532704163, 20.637356348191418], [86.93248532704163, 20.63708685360618], [86.93194633787117, 20.63708685360618], [86.93194633787117, 20.636817359020945], [86.93167684328593, 20.636817359020945], [86.93167684328593, 20.63654786443571], [86.93113785411546, 20.63654786443571], [86.93113785411546, 20.636278369850473], [86.93086835953022, 20.636278369850473], [86.93086835953022, 20.636008875265237], [86.93032937035976, 20.636008875265237], [86.93032937035976, 20.63573938068], [86.92979038118928, 20.63573938068], [86.92979038118928, 20.635469886094764], [86.92952088660404, 20.635469886094764], [86.92952088660404, 20.63520039150953], [86.92871240284833, 20.63520039150953], [86.92871240284833, 20.634930896924295], [86.92817341367787, 20.634930896924295], [86.92817341367787, 20.63466140233906], [86.92790391909263, 20.63466140233906], [86.92790391909263, 20.634391907753823], [86.92736492992216, 20.634391907753823], [86.92736492992216, 20.634122413168587], [86.92682594075168, 20.634122413168587], [86.92682594075168, 20.63385291858335], [86.92655644616644, 20.63385291858335], [86.92655644616644, 20.633583423998115], [86.92601745699598, 20.633583423998115], [86.92601745699598, 20.63331392941288], [86.9254784678255, 20.63331392941288], [86.9254784678255, 20.633044434827642], [86.92520897324027, 20.633044434827642], [86.92520897324027, 20.632774940242406], [86.92440048948455, 20.632774940242406], [86.92440048948455, 20.63250544565717], [86.92413099489933, 20.63250544565717], [86.92413099489933, 20.632235951071937], [86.92359200572885, 20.632235951071937], [86.92359200572885, 20.6319664564867], [86.92332251114362, 20.6319664564867], [86.92332251114362, 20.631696961901465], [86.92278352197314, 20.631696961901465], [86.92278352197314, 20.63142746731623], [86.92224453280268, 20.63142746731623], [86.92224453280268, 20.631157972730993], [86.92197503821744, 20.631157972730993], [86.92197503821744, 20.630888478145756], [86.92143604904696, 20.630888478145756], [86.92143604904696, 20.63061898356052], [86.92116655446173, 20.63061898356052], [86.92116655446173, 20.630349488975284], [86.92035807070603, 20.630349488975284], [86.92035807070603, 20.630079994390048], [86.92008857612079, 20.630079994390048], [86.92008857612079, 20.62981049980481], [86.91954958695031, 20.62981049980481], [86.91954958695031, 20.629541005219576], [86.91928009236509, 20.629541005219576], [86.91928009236509, 20.629271510634343], [86.9187411031946, 20.629271510634343], [86.9187411031946, 20.629002016049107], [86.91847160860937, 20.629002016049107], [86.91847160860937, 20.62873252146387], [86.9179326194389, 20.62873252146387], [86.9179326194389, 20.628463026878634], [86.91739363026844, 20.628463026878634], [86.91739363026844, 20.6281935322934], [86.91685464109796, 20.6281935322934], [86.91685464109796, 20.627924037708162], [86.91631565192749, 20.627924037708162], [86.91631565192749, 20.627654543122926], [86.91577666275701, 20.627654543122926], [86.91577666275701, 20.62738504853769], [86.91550716817177, 20.62738504853769], [86.91550716817177, 20.627115553952454], [86.9149681790013, 20.627115553952454], [86.9149681790013, 20.626846059367217], [86.91469868441607, 20.626846059367217], [86.91469868441607, 20.62657656478198], [86.9141596952456, 20.62657656478198], [86.9141596952456, 20.626307070196745], [86.91389020066036, 20.626307070196745], [86.91389020066036, 20.626037575611512], [86.9133512114899, 20.626037575611512], [86.9133512114899, 20.625768081026276], [86.91308171690466, 20.625768081026276], [86.91308171690466, 20.62549858644104], [86.91281222231942, 20.62549858644104], [86.91281222231942, 20.625229091855804], [86.91200373856371, 20.625229091855804], [86.91200373856371, 20.624959597270568], [86.91173424397847, 20.624959597270568], [86.91173424397847, 20.62469010268533], [86.911195254808, 20.62469010268533], [86.911195254808, 20.624420608100095], [86.91065626563753, 20.624420608100095], [86.91065626563753, 20.62415111351486], [86.9103867710523, 20.62415111351486], [86.9103867710523, 20.623881618929623], [86.91011727646706, 20.623881618929623], [86.91011727646706, 20.623073135173918], [86.90957828729658, 20.623073135173918], [86.90957828729658, 20.623612124344387], [86.90930879271136, 20.623612124344387], [86.90930879271136, 20.62334262975915], [86.90903929812612, 20.62334262975915], [86.90903929812612, 20.623073135173918], [86.90850030895565, 20.623073135173918], [86.90850030895565, 20.622803640588682], [86.90769182519993, 20.622803640588682], [86.90769182519993, 20.622534146003446], [86.90742233061471, 20.622534146003446], [86.90742233061471, 20.62226465141821], [86.90688334144423, 20.62226465141821], [86.90688334144423, 20.621995156832973], [86.90661384685899, 20.621995156832973], [86.90661384685899, 20.621725662247737], [86.90607485768852, 20.621725662247737], [86.90607485768852, 20.6214561676625], [86.90580536310328, 20.6214561676625], [86.90580536310328, 20.621186673077265], [86.90526637393282, 20.621186673077265], [86.90526637393282, 20.62091717849203], [86.90499687934758, 20.62091717849203], [86.90499687934758, 20.620647683906792], [86.90472738476234, 20.620647683906792], [86.90472738476234, 20.620378189321556], [86.90418839559187, 20.620378189321556], [86.90418839559187, 20.620108694736324], [86.90337991183617, 20.620108694736324], [86.90337991183617, 20.619839200151088], [86.90284092266569, 20.619839200151088], [86.90284092266569, 20.61956970556585], [86.90257142808046, 20.61956970556585], [86.90257142808046, 20.619300210980615], [86.90230193349522, 20.619300210980615], [86.90230193349522, 20.61903071639538], [86.90176294432474, 20.61903071639538], [86.90176294432474, 20.618761221810143], [86.90149344973952, 20.618761221810143], [86.90149344973952, 20.618491727224907], [86.90095446056904, 20.618491727224907], [86.90095446056904, 20.61822223263967], [86.9006849659838, 20.61822223263967], [86.9006849659838, 20.617952738054434], [86.90041547139857, 20.617952738054434], [86.90041547139857, 20.617683243469198], [86.8998764822281, 20.617683243469198], [86.8998764822281, 20.617413748883962], [86.89933749305763, 20.617413748883962], [86.89933749305763, 20.61714425429873], [86.89879850388715, 20.61714425429873], [86.89879850388715, 20.616874759713493], [86.89852900930192, 20.616874759713493], [86.89852900930192, 20.616605265128257], [86.89825951471668, 20.616605265128257], [86.89825951471668, 20.61633577054302], [86.8977205255462, 20.61633577054302], [86.8977205255462, 20.616066275957785], [86.89745103096098, 20.616066275957785], [86.89745103096098, 20.61579678137255], [86.8969120417905, 20.61579678137255], [86.8969120417905, 20.615527286787312], [86.89664254720527, 20.615527286787312], [86.89664254720527, 20.615257792202076], [86.8961035580348, 20.615257792202076], [86.8961035580348, 20.61498829761684], [86.89583406344956, 20.61498829761684], [86.89583406344956, 20.614718803031604], [86.89556456886433, 20.614718803031604], [86.89556456886433, 20.614449308446368], [86.89475608510861, 20.614449308446368], [86.89475608510861, 20.614179813861135], [86.89448659052339, 20.614179813861135], [86.89448659052339, 20.6139103192759], [86.8939476013529, 20.6139103192759], [86.8939476013529, 20.613640824690663], [86.89367810676768, 20.613640824690663], [86.89367810676768, 20.613371330105426], [86.8931391175972, 20.613371330105426], [86.8931391175972, 20.61310183552019], [86.89286962301196, 20.61310183552019], [86.89286962301196, 20.612832340934954], [86.8923306338415, 20.612832340934954], [86.8923306338415, 20.612562846349718], [86.89206113925626, 20.612562846349718], [86.89206113925626, 20.61229335176448], [86.89152215008579, 20.61229335176448], [86.89152215008579, 20.612023857179246], [86.89098316091531, 20.612023857179246], [86.89098316091531, 20.61175436259401], [86.89044417174485, 20.61175436259401], [86.89044417174485, 20.611484868008773], [86.8901746771596, 20.611484868008773], [86.8901746771596, 20.61121537342354], [86.88990518257437, 20.61121537342354], [86.88990518257437, 20.610945878838304], [86.8893661934039, 20.610945878838304], [86.8893661934039, 20.61067638425307], [86.88909669881866, 20.61067638425307], [86.88909669881866, 20.610406889667832], [86.8885577096482, 20.610406889667832], [86.8885577096482, 20.610137395082596], [86.88828821506296, 20.610137395082596], [86.88828821506296, 20.60986790049736], [86.88774922589249, 20.60986790049736], [86.88774922589249, 20.609598405912124], [86.88747973130725, 20.609598405912124], [86.88747973130725, 20.609328911326887], [86.88667124755155, 20.609328911326887], [86.88667124755155, 20.60905941674165], [86.88640175296631, 20.60905941674165], [86.88640175296631, 20.608789922156415], [86.88586276379583, 20.608789922156415], [86.88586276379583, 20.60852042757118], [86.8855932692106, 20.60852042757118], [86.8855932692106, 20.608250932985943], [86.88505428004012, 20.608250932985943], [86.88505428004012, 20.60798143840071], [86.8847847854549, 20.60798143840071], [86.8847847854549, 20.607711943815474], [86.88424579628442, 20.607711943815474], [86.88424579628442, 20.607442449230238], [86.88397630169918, 20.607442449230238], [86.88397630169918, 20.607172954645], [86.88370680711395, 20.607172954645], [86.88370680711395, 20.606903460059765], [86.88316781794347, 20.606903460059765], [86.88316781794347, 20.60663396547453], [86.88289832335823, 20.60663396547453], [86.88289832335823, 20.606364470889293], [86.88208983960253, 20.606364470889293], [86.88208983960253, 20.606094976304057], [86.8818203450173, 20.606094976304057], [86.8818203450173, 20.60582548171882], [86.88128135584682, 20.60582548171882], [86.88128135584682, 20.605555987133584], [86.88101186126158, 20.605555987133584], [86.88101186126158, 20.60528649254835], [86.88074236667636, 20.60528649254835], [86.88074236667636, 20.605016997963116], [86.88020337750588, 20.605016997963116], [86.88020337750588, 20.60474750337788], [86.87993388292064, 20.60474750337788], [86.87993388292064, 20.604478008792643], [86.87966438833541, 20.604478008792643], [86.87966438833541, 20.604208514207407], [86.87939489375017, 20.604208514207407], [86.87939489375017, 20.60393901962217], [86.87912539916493, 20.60393901962217], [86.87912539916493, 20.603669525036935], [86.87885590457971, 20.603669525036935], [86.87885590457971, 20.6034000304517], [86.87858640999447, 20.6034000304517], [86.87858640999447, 20.603130535866462], [86.87804742082399, 20.603130535866462], [86.87804742082399, 20.602861041281226], [86.87777792623876, 20.602861041281226], [86.87777792623876, 20.60259154669599], [86.87723893706828, 20.60259154669599], [86.87723893706828, 20.602322052110754], [86.87696944248304, 20.602322052110754], [86.87696944248304, 20.60205255752552], [86.87643045331258, 20.60205255752552], [86.87643045331258, 20.601783062940285], [86.87616095872734, 20.601783062940285], [86.87616095872734, 20.60151356835505], [86.87589146414211, 20.60151356835505], [86.87589146414211, 20.601244073769813], [86.87535247497163, 20.601244073769813], [86.87535247497163, 20.600974579184577], [86.8750829803864, 20.600974579184577], [86.8750829803864, 20.60070508459934], [86.87454399121593, 20.60070508459934], [86.87454399121593, 20.600435590014104], [86.87373550746022, 20.600435590014104], [86.87373550746022, 20.600166095428868], [86.87346601287499, 20.600166095428868], [86.87346601287499, 20.599896600843632], [86.87319651828975, 20.599896600843632], [86.87319651828975, 20.599627106258396], [86.87265752911928, 20.599627106258396], [86.87265752911928, 20.59935761167316], [86.87238803453404, 20.59935761167316], [86.87238803453404, 20.599088117087927], [86.87184904536358, 20.599088117087927], [86.87184904536358, 20.59881862250269], [86.87157955077834, 20.59881862250269], [86.87157955077834, 20.598549127917455], [86.87104056160786, 20.598549127917455], [86.87104056160786, 20.59827963333222], [86.87077106702263, 20.59827963333222], [86.87077106702263, 20.598010138746982], [86.87023207785215, 20.598010138746982], [86.87023207785215, 20.597740644161746], [86.86969308868169, 20.597740644161746], [86.86969308868169, 20.59747114957651], [86.8691540995112, 20.59747114957651], [86.8691540995112, 20.597201654991274], [86.86888460492598, 20.597201654991274], [86.86888460492598, 20.596932160406038], [86.8683456157555, 20.596932160406038], [86.8683456157555, 20.5966626658208], [86.86807612117026, 20.5966626658208], [86.86807612117026, 20.596393171235565], [86.86780662658504, 20.596393171235565], [86.86780662658504, 20.596123676650333], [86.8675371319998, 20.596123676650333], [86.8675371319998, 20.595854182065096], [86.86699814282933, 20.595854182065096], [86.86699814282933, 20.59558468747986], [86.86672864824409, 20.59558468747986], [86.86672864824409, 20.595315192894624], [86.86618965907361, 20.595315192894624], [86.86618965907361, 20.595045698309388], [86.86592016448839, 20.595045698309388], [86.86592016448839, 20.59477620372415], [86.86511168073267, 20.59477620372415], [86.86511168073267, 20.594506709138916], [86.86484218614744, 20.594506709138916], [86.86484218614744, 20.59423721455368], [86.86430319697696, 20.59423721455368], [86.86430319697696, 20.593967719968443], [86.86403370239174, 20.593967719968443], [86.86403370239174, 20.593698225383207], [86.86349471322126, 20.593698225383207], [86.86349471322126, 20.59342873079797], [86.86295572405079, 20.59342873079797], [86.86295572405079, 20.593159236212735], [86.86268622946555, 20.593159236212735], [86.86268622946555, 20.592889741627502], [86.86241673488031, 20.592889741627502], [86.86241673488031, 20.592620247042266], [86.86187774570985, 20.592620247042266], [86.86187774570985, 20.59235075245703], [86.86160825112461, 20.59235075245703], [86.86160825112461, 20.592081257871794], [86.86106926195413, 20.592081257871794], [86.86106926195413, 20.591811763286557], [86.86053027278366, 20.591811763286557], [86.86053027278366, 20.59154226870132], [86.86026077819842, 20.59154226870132], [86.86026077819842, 20.591272774116085], [86.85972178902796, 20.591272774116085], [86.85972178902796, 20.59100327953085], [86.85891330527225, 20.59100327953085], [86.85891330527225, 20.59154226870132], [86.85864381068701, 20.59154226870132], [86.85864381068701, 20.591811763286557], [86.85648785400512, 20.591811763286557], [86.85648785400512, 20.59154226870132], [86.85783532693131, 20.59154226870132], [86.85783532693131, 20.591272774116085], [86.85810482151653, 20.591272774116085], [86.85810482151653, 20.59100327953085], [86.85837431610177, 20.59100327953085], [86.85837431610177, 20.58965580660467], [86.85783532693131, 20.58965580660467], [86.85783532693131, 20.5891168174342], [86.85756583234607, 20.5891168174342], [86.85756583234607, 20.588847322848963], [86.85729633776083, 20.588847322848963], [86.85729633776083, 20.588577828263727], [86.85675734859036, 20.588577828263727], [86.85675734859036, 20.58830833367849], [86.85648785400512, 20.58830833367849], [86.85648785400512, 20.588038839093254], [86.85621835941988, 20.588038839093254], [86.85621835941988, 20.58776934450802], [86.85594886483466, 20.58776934450802], [86.85594886483466, 20.587499849922782], [86.85567937024942, 20.587499849922782], [86.85567937024942, 20.587230355337546], [86.85514038107894, 20.587230355337546], [86.85514038107894, 20.586960860752313], [86.85487088649371, 20.586960860752313], [86.85487088649371, 20.586691366167077], [86.85460139190847, 20.586691366167077], [86.85460139190847, 20.58642187158184], [86.85406240273801, 20.58642187158184], [86.85406240273801, 20.586152376996605], [86.85379290815277, 20.586152376996605], [86.85379290815277, 20.58588288241137], [86.85352341356753, 20.58588288241137], [86.85352341356753, 20.585613387826132], [86.85244543522658, 20.585613387826132], [86.85244543522658, 20.585343893240896], [86.85217594064135, 20.585343893240896], [86.85217594064135, 20.58507439865566], [86.85190644605612, 20.58507439865566], [86.85190644605612, 20.584804904070424], [86.85136745688564, 20.584804904070424], [86.85136745688564, 20.584535409485188], [86.85109796230041, 20.584535409485188], [86.85109796230041, 20.58426591489995], [86.85055897312994, 20.58426591489995], [86.85055897312994, 20.58399642031472], [86.8502894785447, 20.58399642031472], [86.8502894785447, 20.583726925729483], [86.85001998395947, 20.583726925729483], [86.85001998395947, 20.57995400153618], [86.85055897312994, 20.57995400153618], [86.85055897312994, 20.580223496121416], [86.85082846771517, 20.580223496121416], [86.85082846771517, 20.580492990706652], [86.85136745688564, 20.580492990706652], [86.85136745688564, 20.58076248529189], [86.85163695147088, 20.58076248529189], [86.85163695147088, 20.581031979877125], [86.85190644605612, 20.581031979877125], [86.85190644605612, 20.581301474462357], [86.85217594064135, 20.581301474462357], [86.85217594064135, 20.581570969047593], [86.85298442439706, 20.581570969047593], [86.85298442439706, 20.58184046363283], [86.85325391898229, 20.58184046363283], [86.85325391898229, 20.582109958218066], [86.85379290815277, 20.582109958218066], [86.85379290815277, 20.582379452803302], [86.85406240273801, 20.582379452803302], [86.85406240273801, 20.582648947388538], [86.85433189732323, 20.582648947388538], [86.85433189732323, 20.582918441973774], [86.85487088649371, 20.582918441973774], [86.85487088649371, 20.58318793655901], [86.85514038107894, 20.58318793655901], [86.85514038107894, 20.583457431144247], [86.85567937024942, 20.583457431144247], [86.85567937024942, 20.583726925729483], [86.85594886483466, 20.583726925729483], [86.85594886483466, 20.58399642031472], [86.85621835941988, 20.58399642031472], [86.85621835941988, 20.58426591489995], [86.85648785400512, 20.58426591489995], [86.85648785400512, 20.584535409485188], [86.85675734859036, 20.584535409485188], [86.85675734859036, 20.584804904070424], [86.85729633776083, 20.584804904070424], [86.85729633776083, 20.58507439865566], [86.85756583234607, 20.58507439865566], [86.85756583234607, 20.585343893240896], [86.85729633776083, 20.585343893240896], [86.85729633776083, 20.585613387826132], [86.85648785400512, 20.585613387826132], [86.85648785400512, 20.585343893240896], [86.85594886483466, 20.585343893240896], [86.85594886483466, 20.58507439865566], [86.85460139190847, 20.58507439865566], [86.85460139190847, 20.585613387826132], [86.85514038107894, 20.585613387826132], [86.85514038107894, 20.58588288241137], [86.85675734859036, 20.58588288241137], [86.85675734859036, 20.586152376996605], [86.85837431610177, 20.586152376996605], [86.85837431610177, 20.58642187158184], [86.85945229444272, 20.58642187158184], [86.85945229444272, 20.586691366167077], [86.8599912836132, 20.586691366167077], [86.8599912836132, 20.586960860752313], [86.86026077819842, 20.586960860752313], [86.86026077819842, 20.587230355337546], [86.86053027278366, 20.587230355337546], [86.86053027278366, 20.587499849922782], [86.8607997673689, 20.587499849922782], [86.8607997673689, 20.58776934450802], [86.86160825112461, 20.58776934450802], [86.86160825112461, 20.588038839093254], [86.86187774570985, 20.588038839093254], [86.86187774570985, 20.58830833367849], [86.86214724029507, 20.58830833367849], [86.86214724029507, 20.588577828263727], [86.86268622946555, 20.588577828263727], [86.86268622946555, 20.588847322848963], [86.86295572405079, 20.588847322848963], [86.86295572405079, 20.5891168174342], [86.86322521863602, 20.5891168174342], [86.86322521863602, 20.589386312019435], [86.86349471322126, 20.589386312019435], [86.86349471322126, 20.58965580660467], [86.86403370239174, 20.58965580660467], [86.86403370239174, 20.589925301189908], [86.86430319697696, 20.589925301189908], [86.86430319697696, 20.59019479577514], [86.86484218614744, 20.59019479577514], [86.86484218614744, 20.590464290360377], [86.86511168073267, 20.590464290360377], [86.86511168073267, 20.590733784945613], [86.86592016448839, 20.590733784945613], [86.86592016448839, 20.59100327953085], [86.86618965907361, 20.59100327953085], [86.86618965907361, 20.591272774116085], [86.86645915365885, 20.591272774116085], [86.86645915365885, 20.59154226870132], [86.86699814282933, 20.59154226870132], [86.86699814282933, 20.591811763286557], [86.86726763741456, 20.591811763286557], [86.86726763741456, 20.592081257871794], [86.86780662658504, 20.592081257871794], [86.86780662658504, 20.59235075245703], [86.86807612117026, 20.59235075245703], [86.86807612117026, 20.592620247042266], [86.86861511034074, 20.592620247042266], [86.86861511034074, 20.592889741627502], [86.86888460492598, 20.592889741627502], [86.86888460492598, 20.593159236212735], [86.8691540995112, 20.593159236212735], [86.8691540995112, 20.59342873079797], [86.86942359409645, 20.59342873079797], [86.86942359409645, 20.593698225383207], [86.87023207785215, 20.593698225383207], [86.87023207785215, 20.593967719968443], [86.87050157243739, 20.593967719968443], [86.87050157243739, 20.59423721455368], [86.87077106702263, 20.59423721455368], [86.87077106702263, 20.594506709138916], [86.8713100561931, 20.594506709138916], [86.8713100561931, 20.59477620372415], [86.87157955077834, 20.59477620372415], [86.87157955077834, 20.595045698309388], [86.8721185399488, 20.595045698309388], [86.8721185399488, 20.595315192894624], [86.87238803453404, 20.595315192894624], [86.87238803453404, 20.59558468747986], [86.87292702370452, 20.59558468747986], [86.87292702370452, 20.595854182065096], [86.87319651828975, 20.595854182065096], [86.87319651828975, 20.596123676650333], [86.87346601287499, 20.596123676650333], [86.87346601287499, 20.596393171235565], [86.87427449663069, 20.596393171235565], [86.87427449663069, 20.5966626658208], [86.87454399121593, 20.5966626658208], [86.87454399121593, 20.596932160406038], [86.87481348580117, 20.596932160406038], [86.87481348580117, 20.597201654991274], [86.8750829803864, 20.597201654991274], [86.8750829803864, 20.59747114957651], [86.87562196955687, 20.59747114957651], [86.87562196955687, 20.597740644161746], [86.87616095872734, 20.597740644161746], [86.87616095872734, 20.598010138746982], [86.87643045331258, 20.598010138746982], [86.87643045331258, 20.59827963333222], [86.87696944248304, 20.59827963333222], [86.87696944248304, 20.598549127917455], [86.87723893706828, 20.598549127917455], [86.87723893706828, 20.59881862250269], [86.87750843165352, 20.59881862250269], [86.87750843165352, 20.599088117087927], [86.87777792623876, 20.599088117087927], [86.87777792623876, 20.59935761167316], [86.87858640999447, 20.59935761167316], [86.87858640999447, 20.599627106258396], [86.87885590457971, 20.599627106258396], [86.87885590457971, 20.599896600843632], [86.87939489375017, 20.599896600843632], [86.87939489375017, 20.600166095428868], [86.87966438833541, 20.600166095428868], [86.87966438833541, 20.600435590014104], [86.87993388292064, 20.600435590014104], [86.87993388292064, 20.60070508459934], [86.88047287209112, 20.60070508459934], [86.88047287209112, 20.600974579184577], [86.88074236667636, 20.600974579184577], [86.88074236667636, 20.601244073769813], [86.88101186126158, 20.601244073769813], [86.88101186126158, 20.60151356835505], [86.88155085043206, 20.60151356835505], [86.88155085043206, 20.601783062940285], [86.8818203450173, 20.601783062940285], [86.8818203450173, 20.60205255752552], [86.88208983960253, 20.60205255752552], [86.88208983960253, 20.602322052110754], [86.88289832335823, 20.602322052110754], [86.88289832335823, 20.60259154669599], [86.88316781794347, 20.60259154669599], [86.88316781794347, 20.602861041281226], [86.88370680711395, 20.602861041281226], [86.88370680711395, 20.603130535866462], [86.88397630169918, 20.603130535866462], [86.88397630169918, 20.6034000304517], [86.88424579628442, 20.6034000304517], [86.88424579628442, 20.603669525036935], [86.88451529086966, 20.603669525036935], [86.88451529086966, 20.60393901962217], [86.8847847854549, 20.60393901962217], [86.8847847854549, 20.604208514207407], [86.88532377462536, 20.604208514207407], [86.88532377462536, 20.604478008792643], [86.8855932692106, 20.604478008792643], [86.8855932692106, 20.60474750337788], [86.88586276379583, 20.60474750337788], [86.88586276379583, 20.605016997963116], [86.88640175296631, 20.605016997963116], [86.88640175296631, 20.60528649254835], [86.88667124755155, 20.60528649254835], [86.88667124755155, 20.605555987133584], [86.88747973130725, 20.605555987133584], [86.88747973130725, 20.60582548171882], [86.88774922589249, 20.60582548171882], [86.88774922589249, 20.606094976304057], [86.88828821506296, 20.606094976304057], [86.88828821506296, 20.606364470889293], [86.8885577096482, 20.606364470889293], [86.8885577096482, 20.60663396547453], [86.88882720423342, 20.60663396547453], [86.88882720423342, 20.606903460059765], [86.8893661934039, 20.606903460059765], [86.8893661934039, 20.607172954645], [86.88963568798914, 20.607172954645], [86.88963568798914, 20.607442449230238], [86.8901746771596, 20.607442449230238], [86.8901746771596, 20.607711943815474], [86.89044417174485, 20.607711943815474], [86.89044417174485, 20.60798143840071], [86.89071366633009, 20.60798143840071], [86.89071366633009, 20.608250932985943], [86.89152215008579, 20.608250932985943], [86.89152215008579, 20.60852042757118], [86.89179164467102, 20.60852042757118], [86.89179164467102, 20.608789922156415], [86.89206113925626, 20.608789922156415], [86.89206113925626, 20.60905941674165], [86.89260012842674, 20.60905941674165], [86.89260012842674, 20.609328911326887], [86.89286962301196, 20.609328911326887], [86.89286962301196, 20.609598405912124], [86.8931391175972, 20.609598405912124], [86.8931391175972, 20.60986790049736], [86.89367810676768, 20.60986790049736], [86.89367810676768, 20.610137395082596], [86.8939476013529, 20.610137395082596], [86.8939476013529, 20.610406889667832], [86.89448659052339, 20.610406889667832], [86.89448659052339, 20.61067638425307], [86.89475608510861, 20.61067638425307], [86.89475608510861, 20.610945878838304], [86.89556456886433, 20.610945878838304], [86.89556456886433, 20.61121537342354], [86.89583406344956, 20.61121537342354], [86.89583406344956, 20.611484868008773], [86.89637305262004, 20.611484868008773], [86.89637305262004, 20.61175436259401], [86.89664254720527, 20.61175436259401], [86.89664254720527, 20.612023857179246], [86.8969120417905, 20.612023857179246], [86.8969120417905, 20.61229335176448], [86.89745103096098, 20.61229335176448], [86.89745103096098, 20.612562846349718], [86.8977205255462, 20.612562846349718], [86.8977205255462, 20.612832340934954], [86.89825951471668, 20.612832340934954], [86.89825951471668, 20.61310183552019], [86.89852900930192, 20.61310183552019], [86.89852900930192, 20.613371330105426], [86.89906799847239, 20.613371330105426], [86.89906799847239, 20.613640824690663], [86.89933749305763, 20.613640824690663], [86.89933749305763, 20.6139103192759], [86.8998764822281, 20.6139103192759], [86.8998764822281, 20.614179813861135], [86.90041547139857, 20.614179813861135], [86.90041547139857, 20.614449308446368], [86.9006849659838, 20.614449308446368], [86.9006849659838, 20.614718803031604], [86.90122395515428, 20.614718803031604], [86.90122395515428, 20.61498829761684], [86.90149344973952, 20.61498829761684], [86.90149344973952, 20.615257792202076], [86.90176294432474, 20.615257792202076], [86.90176294432474, 20.615527286787312], [86.90230193349522, 20.615527286787312], [86.90230193349522, 20.61579678137255], [86.90257142808046, 20.61579678137255], [86.90257142808046, 20.616066275957785], [86.90284092266569, 20.616066275957785], [86.90284092266569, 20.61633577054302], [86.90337991183617, 20.61633577054302], [86.90337991183617, 20.616605265128257], [86.9036494064214, 20.616605265128257], [86.9036494064214, 20.616874759713493], [86.90445789017711, 20.616874759713493], [86.90445789017711, 20.61714425429873], [86.90472738476234, 20.61714425429873], [86.90472738476234, 20.617413748883962], [86.90526637393282, 20.617413748883962], [86.90526637393282, 20.617683243469198], [86.90553586851806, 20.617683243469198], [86.90553586851806, 20.617952738054434], [86.90607485768852, 20.617952738054434], [86.90607485768852, 20.61822223263967], [86.90634435227376, 20.61822223263967], [86.90634435227376, 20.618491727224907], [86.90661384685899, 20.618491727224907], [86.90661384685899, 20.618761221810143], [86.90715283602947, 20.618761221810143], [86.90715283602947, 20.61903071639538], [86.90742233061471, 20.61903071639538], [86.90742233061471, 20.619300210980615], [86.90823081437041, 20.619300210980615], [86.90823081437041, 20.61956970556585], [86.90850030895565, 20.61956970556585], [86.90850030895565, 20.619839200151088], [86.90903929812612, 20.619839200151088], [86.90903929812612, 20.620108694736324], [86.90930879271136, 20.620108694736324], [86.90930879271136, 20.620378189321556], [86.90984778188182, 20.620378189321556], [86.90984778188182, 20.620647683906792], [86.91011727646706, 20.620647683906792], [86.91011727646706, 20.62091717849203], [86.91065626563753, 20.62091717849203], [86.91065626563753, 20.621186673077265], [86.91092576022277, 20.621186673077265], [86.91092576022277, 20.6214561676625], [86.91146474939325, 20.6214561676625], [86.91146474939325, 20.621725662247737], [86.91173424397847, 20.621725662247737], [86.91173424397847, 20.621995156832973], [86.91254272773418, 20.621995156832973], [86.91254272773418, 20.62226465141821], [86.91281222231942, 20.62226465141821], [86.91281222231942, 20.622534146003446], [86.9133512114899, 20.622534146003446], [86.9133512114899, 20.622803640588682], [86.91362070607512, 20.622803640588682], [86.91362070607512, 20.623073135173918], [86.91389020066036, 20.623073135173918], [86.91389020066036, 20.62334262975915], [86.91442918983084, 20.62334262975915], [86.91442918983084, 20.623612124344387], [86.91469868441607, 20.623612124344387], [86.91469868441607, 20.623881618929623], [86.91523767358655, 20.623881618929623], [86.91523767358655, 20.62415111351486], [86.91550716817177, 20.62415111351486], [86.91550716817177, 20.624420608100095], [86.91604615734225, 20.624420608100095], [86.91604615734225, 20.62469010268533], [86.91685464109796, 20.62469010268533], [86.91685464109796, 20.624959597270568], [86.9171241356832, 20.624959597270568], [86.9171241356832, 20.625229091855804], [86.91739363026844, 20.625229091855804], [86.91739363026844, 20.62549858644104], [86.9179326194389, 20.62549858644104], [86.9179326194389, 20.625768081026276], [86.91820211402414, 20.625768081026276], [86.91820211402414, 20.626037575611512], [86.9187411031946, 20.626037575611512], [86.9187411031946, 20.626307070196745], [86.91901059777985, 20.626307070196745], [86.91901059777985, 20.62657656478198], [86.91954958695031, 20.62657656478198], [86.91954958695031, 20.626846059367217], [86.92008857612079, 20.626846059367217], [86.92008857612079, 20.627115553952454], [86.92035807070603, 20.627115553952454], [86.92035807070603, 20.62738504853769], [86.9208970598765, 20.62738504853769], [86.9208970598765, 20.627654543122926], [86.92143604904696, 20.627654543122926], [86.92143604904696, 20.627924037708162], [86.9217055436322, 20.627924037708162], [86.9217055436322, 20.6281935322934], [86.92224453280268, 20.6281935322934], [86.92224453280268, 20.628463026878634], [86.9225140273879, 20.628463026878634], [86.9225140273879, 20.62873252146387], [86.92305301655838, 20.62873252146387], [86.92305301655838, 20.629002016049107], [86.92332251114362, 20.629002016049107], [86.92332251114362, 20.629271510634343], [86.92386150031409, 20.629271510634343], [86.92386150031409, 20.629541005219576], [86.92440048948455, 20.629541005219576], [86.92440048948455, 20.62981049980481], [86.9246699840698, 20.62981049980481], [86.9246699840698, 20.630079994390048], [86.9254784678255, 20.630079994390048], [86.9254784678255, 20.630349488975284], [86.92574796241074, 20.630349488975284], [86.92574796241074, 20.63061898356052], [86.92601745699598, 20.63061898356052], [86.92601745699598, 20.630888478145756], [86.92655644616644, 20.630888478145756], [86.92655644616644, 20.631157972730993], [86.92709543533692, 20.631157972730993], [86.92709543533692, 20.63142746731623], [86.92736492992216, 20.63142746731623], [86.92736492992216, 20.631696961901465], [86.92790391909263, 20.631696961901465], [86.92790391909263, 20.6319664564867], [86.92817341367787, 20.6319664564867], [86.92817341367787, 20.632235951071937], [86.9284429082631, 20.632235951071937], [86.9284429082631, 20.63250544565717], [86.92898189743357, 20.63250544565717], [86.92898189743357, 20.632774940242406], [86.92979038118928, 20.632774940242406], [86.92979038118928, 20.633044434827642], [86.93005987577452, 20.633044434827642], [86.93005987577452, 20.63331392941288], [86.93059886494498, 20.63331392941288], [86.93059886494498, 20.633583423998115], [86.93086835953022, 20.633583423998115], [86.93086835953022, 20.63385291858335], [86.93140734870069, 20.63385291858335], [86.93140734870069, 20.634122413168587], [86.93194633787117, 20.634122413168587], [86.93194633787117, 20.634391907753823], [86.93221583245641, 20.634391907753823], [86.93221583245641, 20.63466140233906], [86.93275482162687, 20.63466140233906], [86.93275482162687, 20.634930896924295], [86.93302431621211, 20.634930896924295], [86.93302431621211, 20.63520039150953], [86.93356330538258, 20.63520039150953], [86.93356330538258, 20.635469886094764], [86.93410229455306, 20.635469886094764], [86.93410229455306, 20.63573938068], [86.93437178913828, 20.63573938068], [86.93437178913828, 20.636008875265237], [86.93491077830876, 20.636008875265237], [86.93491077830876, 20.636278369850473], [86.935180272894, 20.636278369850473], [86.935180272894, 20.63654786443571], [86.93571926206447, 20.63654786443571], [86.93571926206447, 20.636817359020945], [86.9359887566497, 20.636817359020945], [86.9359887566497, 20.63708685360618], [86.93625825123495, 20.63708685360618], [86.93625825123495, 20.637356348191418], [86.93679724040541, 20.637356348191418], [86.93679724040541, 20.637625842776654], [86.93706673499065, 20.637625842776654], [86.93706673499065, 20.63789533736189], [86.93787521874636, 20.63789533736189], [86.93787521874636, 20.638164831947126], [86.93841420791682, 20.638164831947126], [86.93841420791682, 20.63843432653236], [86.93868370250206, 20.63843432653236], [86.93868370250206, 20.638703821117595], [86.9389531970873, 20.638703821117595], [86.9389531970873, 20.63897331570283], [86.93949218625777, 20.63897331570283], [86.93949218625777, 20.639242810288067], [86.94003117542825, 20.639242810288067], [86.94003117542825, 20.639512304873303], [86.94030067001347, 20.639512304873303], [86.94030067001347, 20.63978179945854], [86.94083965918395, 20.63978179945854], [86.94083965918395, 20.640051294043776], [86.94110915376919, 20.640051294043776], [86.94110915376919, 20.640320788629012], [86.94164814293966, 20.640320788629012], [86.94164814293966, 20.640590283214248], [86.94245662669536, 20.640590283214248], [86.94245662669536, 20.640859777799484], [86.9427261212806, 20.640859777799484], [86.9427261212806, 20.64112927238472], [86.94326511045107, 20.64112927238472], [86.94326511045107, 20.641398766969953], [86.9435346050363, 20.641398766969953], [86.9435346050363, 20.64166826155519], [86.94407359420678, 20.64166826155519], [86.94407359420678, 20.641937756140425], [86.94461258337725, 20.641937756140425], [86.94461258337725, 20.64220725072566], [86.94515157254773, 20.64220725072566], [86.94515157254773, 20.642476745310898], [86.94542106713295, 20.642476745310898], [86.94542106713295, 20.642746239896134], [86.9456905617182, 20.642746239896134], [86.9456905617182, 20.64301573448137], [86.9464990454739, 20.64301573448137], [86.9464990454739, 20.643285229066606], [86.94676854005914, 20.643285229066606], [86.94676854005914, 20.643554723651842], [86.94703803464438, 20.643554723651842], [86.94703803464438, 20.64382421823708], [86.94757702381484, 20.64382421823708], [86.94757702381484, 20.644093712822315], [86.94784651840008, 20.644093712822315], [86.94784651840008, 20.64436320740755], [86.94811601298532, 20.64436320740755], [86.94811601298532, 20.644632701992784], [86.94838550757055, 20.644632701992784], [86.94838550757055, 20.64490219657802], [86.94865500215579, 20.64490219657802], [86.94865500215579, 20.645171691163256], [86.94919399132625, 20.645171691163256], [86.94919399132625, 20.645441185748492], [86.94973298049673, 20.645441185748492], [86.94973298049673, 20.64571068033373], [86.95000247508197, 20.64571068033373], [86.95000247508197, 20.645980174918964], [86.95054146425244, 20.645980174918964], [86.95054146425244, 20.6462496695042], [86.95081095883768, 20.6462496695042], [86.95081095883768, 20.646519164089437], [86.95134994800814, 20.646519164089437], [86.95134994800814, 20.646788658674673], [86.95161944259338, 20.646788658674673], [86.95161944259338, 20.64705815325991], [86.95188893717862, 20.64705815325991], [86.95188893717862, 20.647327647845145], [86.95242792634909, 20.647327647845145], [86.95242792634909, 20.647597142430378], [86.95269742093433, 20.647597142430378], [86.95269742093433, 20.647866637015614], [86.9532364101048, 20.647866637015614], [86.9532364101048, 20.64813613160085], [86.95350590469003, 20.64813613160085], [86.95350590469003, 20.648405626186086], [86.95404489386051, 20.648405626186086], [86.95404489386051, 20.648675120771323], [86.95485337761622, 20.648675120771323], [86.95485337761622, 20.64894461535656], [86.95512287220144, 20.64894461535656], [86.95512287220144, 20.649214109941795], [86.95539236678668, 20.649214109941795], [86.95539236678668, 20.64948360452703], [86.95593135595716, 20.64948360452703], [86.95593135595716, 20.649753099112267], [86.95620085054239, 20.649753099112267], [86.95620085054239, 20.650022593697503], [86.95673983971287, 20.650022593697503], [86.95673983971287, 20.65029208828274], [86.9570093342981, 20.65029208828274], [86.9570093342981, 20.650561582867972], [86.95754832346857, 20.650561582867972], [86.95754832346857, 20.65083107745321], [86.95781781805381, 20.65083107745321], [86.95781781805381, 20.651100572038445], [86.95808731263904, 20.651100572038445], [86.95808731263904, 20.65137006662368], [86.95889579639476, 20.65137006662368], [86.95889579639476, 20.651639561208917], [86.95916529097998, 20.651639561208917], [86.95916529097998, 20.651909055794153], [86.95970428015046, 20.651909055794153], [86.95970428015046, 20.65217855037939], [86.9599737747357, 20.65217855037939], [86.9599737747357, 20.652448044964625], [86.96051276390617, 20.652448044964625], [86.96051276390617, 20.65271753954986], [86.9607822584914, 20.65271753954986], [86.9607822584914, 20.652987034135098], [86.96132124766187, 20.652987034135098], [86.96132124766187, 20.653256528720334], [86.96159074224711, 20.653256528720334], [86.96159074224711, 20.653526023305567], [86.96212973141758, 20.653526023305567], [86.96212973141758, 20.653795517890803], [86.96266872058806, 20.653795517890803], [86.96266872058806, 20.65406501247604], [86.96320770975852, 20.65406501247604], [86.96320770975852, 20.654334507061275], [86.96347720434376, 20.654334507061275], [86.96347720434376, 20.65460400164651], [86.96401619351423, 20.65460400164651], [86.96401619351423, 20.654873496231748], [86.96428568809947, 20.654873496231748], [86.96428568809947, 20.655142990816984], [86.96482467726995, 20.655142990816984], [86.96482467726995, 20.65541248540222], [86.96536366644041, 20.65541248540222], [86.96536366644041, 20.655681979987456], [86.96563316102565, 20.655681979987456], [86.96563316102565, 20.655951474572692], [86.96617215019612, 20.655951474572692], [86.96617215019612, 20.65622096915793], [86.9667111393666, 20.65622096915793], [86.9667111393666, 20.65649046374316], [86.96725012853706, 20.65649046374316], [86.96725012853706, 20.656759958328397], [86.96778911770754, 20.656759958328397], [86.96778911770754, 20.657029452913633], [86.96805861229277, 20.657029452913633], [86.96805861229277, 20.65729894749887], [86.96859760146324, 20.65729894749887], [86.96859760146324, 20.657568442084106], [86.96913659063371, 20.657568442084106], [86.96913659063371, 20.657837936669342], [86.96940608521895, 20.657837936669342], [86.96940608521895, 20.658107431254578], [86.96994507438941, 20.658107431254578], [86.96994507438941, 20.658376925839814], [86.97021456897465, 20.658376925839814], [86.97021456897465, 20.65864642042505], [86.97075355814513, 20.65864642042505], [86.97075355814513, 20.658915915010287], [86.97102305273036, 20.658915915010287], [86.97102305273036, 20.659185409595523], [86.97183153648608, 20.659185409595523], [86.97183153648608, 20.65945490418076], [86.9721010310713, 20.65945490418076], [86.9721010310713, 20.65972439876599], [86.97264002024178, 20.65972439876599], [86.97264002024178, 20.659993893351228], [86.97290951482701, 20.659993893351228], [86.97290951482701, 20.660263387936464], [86.97344850399749, 20.660263387936464], [86.97344850399749, 20.6605328825217], [86.97371799858273, 20.6605328825217], [86.97371799858273, 20.660802377106936], [86.9742569877532, 20.660802377106936], [86.9742569877532, 20.661071871692172], [86.97479597692367, 20.661071871692172], [86.97479597692367, 20.66134136627741], [86.9750654715089, 20.66134136627741], [86.9750654715089, 20.661610860862645], [86.97560446067938, 20.661610860862645], [86.97560446067938, 20.66188035544788], [86.97614344984984, 20.66188035544788], [86.97614344984984, 20.662149850033117], [86.97668243902032, 20.662149850033117], [86.97668243902032, 20.662419344618353], [86.97722142819079, 20.662419344618353], [86.97722142819079, 20.662688839203586], [86.97749092277603, 20.662688839203586], [86.97749092277603, 20.662958333788822], [86.97802991194649, 20.662958333788822], [86.97802991194649, 20.66322782837406], [86.97829940653173, 20.66322782837406], [86.97829940653173, 20.663497322959294], [86.9788383957022, 20.663497322959294], [86.9788383957022, 20.66376681754453], [86.97937738487268, 20.66376681754453], [86.97937738487268, 20.664036312129767], [86.97991637404314, 20.664036312129767], [86.97991637404314, 20.664305806715003], [86.98045536321362, 20.664305806715003], [86.98045536321362, 20.66457530130024], [86.98072485779886, 20.66457530130024], [86.98072485779886, 20.664844795885475], [86.98099435238409, 20.664844795885475], [86.98099435238409, 20.66511429047071], [86.98153334155457, 20.66511429047071], [86.98153334155457, 20.665383785055948], [86.98207233072503, 20.665383785055948], [86.98207233072503, 20.66565327964118], [86.98234182531027, 20.66565327964118], [86.98234182531027, 20.665922774226416], [86.98288081448074, 20.665922774226416], [86.98288081448074, 20.666192268811653], [86.98315030906598, 20.666192268811653], [86.98315030906598, 20.66646176339689], [86.98341980365122, 20.66646176339689], [86.98341980365122, 20.666731257982125], [86.98422828740692, 20.666731257982125], [86.98422828740692, 20.66700075256736], [86.98476727657739, 20.66700075256736], [86.98476727657739, 20.667270247152597], [86.98530626574787, 20.667270247152597], [86.98530626574787, 20.667539741737833], [86.9855757603331, 20.667539741737833], [86.9855757603331, 20.66780923632307], [86.98584525491833, 20.66780923632307], [86.98584525491833, 20.668078730908306], [86.98611474950357, 20.668078730908306], [86.98611474950357, 20.668348225493542], [86.98638424408881, 20.668348225493542], [86.98638424408881, 20.668617720078775], [86.98665373867405, 20.668617720078775], [86.98665373867405, 20.66888721466401], [86.98719272784452, 20.66888721466401], [86.98719272784452, 20.669156709249247], [86.98746222242976, 20.669156709249247], [86.98746222242976, 20.669426203834483], [86.98827070618546, 20.669426203834483], [86.98827070618546, 20.66969569841972], [86.9885402007707, 20.66969569841972], [86.9885402007707, 20.669965193004955], [86.98907918994117, 20.669965193004955], [86.98907918994117, 20.67023468759019], [86.9893486845264, 20.67023468759019], [86.9893486845264, 20.670504182175428], [86.98988767369687, 20.670504182175428], [86.98988767369687, 20.670773676760664], [86.99015716828211, 20.670773676760664], [86.99015716828211, 20.6710431713459], [86.99069615745258, 20.6710431713459], [86.99069615745258, 20.671312665931136], [86.99096565203781, 20.671312665931136], [86.99096565203781, 20.67158216051637], [86.9915046412083, 20.67158216051637], [86.9915046412083, 20.671851655101605], [86.99177413579352, 20.671851655101605], [86.99177413579352, 20.67212114968684], [86.99204363037876, 20.67212114968684], [86.99204363037876, 20.672390644272078], [86.99285211413446, 20.672390644272078], [86.99285211413446, 20.672660138857314], [86.99339110330494, 20.672660138857314], [86.99339110330494, 20.67292963344255], [86.99366059789018, 20.67292963344255], [86.99366059789018, 20.673199128027786], [86.99419958706065, 20.673199128027786], [86.99419958706065, 20.673468622613022], [86.99473857623111, 20.673468622613022], [86.99473857623111, 20.67373811719826], [86.99500807081635, 20.67373811719826], [86.99500807081635, 20.674007611783495], [86.9952775654016, 20.674007611783495], [86.9952775654016, 20.67427710636873], [86.99554705998683, 20.67427710636873], [86.99554705998683, 20.674546600953963], [86.99581655457206, 20.674546600953963], [86.99581655457206, 20.6748160955392], [86.9960860491573, 20.6748160955392], [86.9960860491573, 20.675085590124436], [86.996894532913, 20.675085590124436], [86.996894532913, 20.675355084709672], [86.99716402749824, 20.675355084709672], [86.99716402749824, 20.675624579294908], [86.99743352208348, 20.675624579294908], [86.99743352208348, 20.675894073880144], [86.99770301666871, 20.675894073880144], [86.99770301666871, 20.67616356846538], [86.99824200583919, 20.67616356846538], [86.99824200583919, 20.676433063050617], [86.99878099500965, 20.676433063050617], [86.99878099500965, 20.676702557635853], [86.9990504895949, 20.676702557635853], [86.9990504895949, 20.67697205222109], [86.99958947876537, 20.67697205222109], [86.99958947876537, 20.677241546806325], [86.9998589733506, 20.677241546806325], [86.9998589733506, 20.67751104139156], [87.00039796252108, 20.67751104139156], [87.00039796252108, 20.677780535976794], [87.00093695169154, 20.677780535976794], [87.00093695169154, 20.67805003056203], [87.00120644627678, 20.67805003056203], [87.00120644627678, 20.678319525147266], [87.00174543544725, 20.678319525147266], [87.00174543544725, 20.678589019732502], [87.00228442461773, 20.678589019732502], [87.00228442461773, 20.67885851431774], [87.00282341378819, 20.67885851431774], [87.00282341378819, 20.679128008902975], [87.00309290837343, 20.679128008902975], [87.00309290837343, 20.67939750348821], [87.00336240295867, 20.67939750348821], [87.00336240295867, 20.679666998073447], [87.0036318975439, 20.679666998073447], [87.0036318975439, 20.679936492658683], [87.00390139212914, 20.679936492658683], [87.00390139212914, 20.68020598724392], [87.00417088671438, 20.68020598724392], [87.00417088671438, 20.680475481829156], [87.00444038129962, 20.680475481829156], [87.00444038129962, 20.68074497641439], [87.00497937047008, 20.68074497641439], [87.00497937047008, 20.681014470999624], [87.00551835964056, 20.681014470999624], [87.00551835964056, 20.68128396558486], [87.00578785422579, 20.68128396558486], [87.00578785422579, 20.681553460170097], [87.00605734881103, 20.681553460170097], [87.00605734881103, 20.681822954755333], [87.00632684339627, 20.681822954755333], [87.00632684339627, 20.68209244934057], [87.00686583256673, 20.68209244934057], [87.00686583256673, 20.682361943925805], [87.00767431632244, 20.682361943925805], [87.00767431632244, 20.68263143851104], [87.00848280007816, 20.68263143851104], [87.00848280007816, 20.682900933096278], [87.00875229466338, 20.682900933096278], [87.00875229466338, 20.683170427681514], [87.00902178924862, 20.683170427681514], [87.00902178924862, 20.68343992226675], [87.00929128383386, 20.68343992226675], [87.00929128383386, 20.683709416851983], [87.00956077841909, 20.683709416851983], [87.00956077841909, 20.68397891143722], [87.00983027300433, 20.68397891143722], [87.00983027300433, 20.684248406022455], [87.01009976758957, 20.684248406022455], [87.01009976758957, 20.68451790060769], [87.01063875676003, 20.68451790060769], [87.01063875676003, 20.684787395192927], [87.01090825134527, 20.684787395192927], [87.01090825134527, 20.685056889778163], [87.01171673510098, 20.685056889778163], [87.01171673510098, 20.6853263843634], [87.01198622968622, 20.6853263843634], [87.01198622968622, 20.685595878948636], [87.01252521885668, 20.685595878948636], [87.01252521885668, 20.685865373533872], [87.01279471344192, 20.685865373533872], [87.01279471344192, 20.686134868119108], [87.01360319719763, 20.686134868119108], [87.01360319719763, 20.686404362704344], [87.01387269178286, 20.686404362704344], [87.01387269178286, 20.686673857289577], [87.0141421863681, 20.686673857289577], [87.0141421863681, 20.686943351874813], [87.01468117553857, 20.686943351874813], [87.01468117553857, 20.68721284646005], [87.01495067012381, 20.68721284646005], [87.01495067012381, 20.687482341045285], [87.01522016470905, 20.687482341045285], [87.01522016470905, 20.68775183563052], [87.01548965929427, 20.68775183563052], [87.01548965929427, 20.688021330215758], [87.01575915387951, 20.688021330215758], [87.01575915387951, 20.688290824800994], [87.01602864846475, 20.688290824800994], [87.01602864846475, 20.68856031938623], [87.01656763763522, 20.68856031938623], [87.01656763763522, 20.688829813971466], [87.01683713222046, 20.688829813971466], [87.01683713222046, 20.689099308556703], [87.0171066268057, 20.689099308556703], [87.0171066268057, 20.68936880314194], [87.01737612139094, 20.68936880314194], [87.01737612139094, 20.68963829772717], [87.01764561597616, 20.68963829772717], [87.01764561597616, 20.689907792312408], [87.01818460514664, 20.689907792312408], [87.01818460514664, 20.690177286897644], [87.01845409973187, 20.690177286897644], [87.01845409973187, 20.69044678148288], [87.01872359431711, 20.69044678148288], [87.01872359431711, 20.690716276068116], [87.01899308890235, 20.690716276068116], [87.01899308890235, 20.690985770653352], [87.01926258348759, 20.690985770653352], [87.01926258348759, 20.69125526523859], [87.01953207807281, 20.69125526523859], [87.01953207807281, 20.691524759823825], [87.01980157265805, 20.691524759823825], [87.01980157265805, 20.69179425440906], [87.02034056182853, 20.69179425440906], [87.02034056182853, 20.692063748994297], [87.02061005641376, 20.692063748994297], [87.02061005641376, 20.692333243579533], [87.02114904558424, 20.692333243579533], [87.02114904558424, 20.69260273816477], [87.0216880347547, 20.69260273816477], [87.0216880347547, 20.692872232750002], [87.02195752933994, 20.692872232750002], [87.02195752933994, 20.693141727335238], [87.02249651851041, 20.693141727335238], [87.02249651851041, 20.693411221920474], [87.02303550768089, 20.693411221920474], [87.02303550768089, 20.69368071650571], [87.02384399143659, 20.69368071650571], [87.02384399143659, 20.693950211090947], [87.02438298060706, 20.693950211090947], [87.02438298060706, 20.694219705676183], [87.0246524751923, 20.694219705676183], [87.0246524751923, 20.69448920026142], [87.02519146436278, 20.69448920026142], [87.02519146436278, 20.694758694846655], [87.02599994811848, 20.694758694846655], [87.02599994811848, 20.69502818943189], [87.02626944270372, 20.69502818943189], [87.02626944270372, 20.695297684017127], [87.02653893728895, 20.695297684017127], [87.02653893728895, 20.695567178602364], [87.02680843187419, 20.695567178602364], [87.02680843187419, 20.695836673187596], [87.02707792645943, 20.695836673187596], [87.02707792645943, 20.696106167772832], [87.02734742104465, 20.696106167772832], [87.02734742104465, 20.69637566235807], [87.02788641021513, 20.69637566235807], [87.02788641021513, 20.696645156943305], [87.0284253993856, 20.696645156943305], [87.0284253993856, 20.69691465152854], [87.02869489397084, 20.69691465152854], [87.02869489397084, 20.697453640699013], [87.02896438855608, 20.697453640699013], [87.02896438855608, 20.69772313528425], [87.02950337772654, 20.69772313528425], [87.02950337772654, 20.697992629869486], [87.03004236689702, 20.697992629869486], [87.03004236689702, 20.698262124454722], [87.03031186148225, 20.698262124454722], [87.03031186148225, 20.698531619039958], [87.03085085065273, 20.698531619039958], [87.03085085065273, 20.69880111362519], [87.03112034523797, 20.69880111362519], [87.03112034523797, 20.699070608210427], [87.03165933440843, 20.699070608210427], [87.03165933440843, 20.699340102795663], [87.03192882899367, 20.699340102795663], [87.03192882899367, 20.6996095973809], [87.03219832357891, 20.6996095973809], [87.03219832357891, 20.699879091966135], [87.03246781816414, 20.699879091966135], [87.03246781816414, 20.70014858655137], [87.03273731274938, 20.70014858655137], [87.03273731274938, 20.700418081136608], [87.03300680733462, 20.700418081136608], [87.03300680733462, 20.700687575721844], [87.03327630191984, 20.700687575721844], [87.03327630191984, 20.70095707030708], [87.03354579650508, 20.70095707030708], [87.03354579650508, 20.701226564892316], [87.03381529109032, 20.701226564892316], [87.03381529109032, 20.701496059477552], [87.03435428026079, 20.701496059477552], [87.03435428026079, 20.701765554062785], [87.03489326943127, 20.701765554062785], [87.03489326943127, 20.70203504864802], [87.0351627640165, 20.70203504864802], [87.0351627640165, 20.702304543233257], [87.03543225860173, 20.702304543233257], [87.03543225860173, 20.702574037818493], [87.03597124777221, 20.702574037818493], [87.03597124777221, 20.70284353240373], [87.03624074235744, 20.70284353240373], [87.03624074235744, 20.703113026988966], [87.03651023694268, 20.703113026988966], [87.03651023694268, 20.703382521574202], [87.03704922611315, 20.703382521574202], [87.03704922611315, 20.703652016159438], [87.03731872069838, 20.703652016159438], [87.03731872069838, 20.703921510744674], [87.03758821528362, 20.703921510744674], [87.03758821528362, 20.70419100532991], [87.03785770986886, 20.70419100532991], [87.03785770986886, 20.704460499915147], [87.03839669903932, 20.704460499915147], [87.03839669903932, 20.70472999450038], [87.03866619362456, 20.70472999450038], [87.03866619362456, 20.704999489085615], [87.03920518279503, 20.704999489085615], [87.03920518279503, 20.70526898367085], [87.03974417196551, 20.70526898367085], [87.03974417196551, 20.705538478256088], [87.04055265572121, 20.705538478256088], [87.04055265572121, 20.705807972841324], [87.0410916448917, 20.705807972841324], [87.0410916448917, 20.70607746742656], [87.04163063406216, 20.70607746742656], [87.04163063406216, 20.706346962011796], [87.04216962323262, 20.706346962011796], [87.04216962323262, 20.706616456597033], [87.0427086124031, 20.706616456597033], [87.0427086124031, 20.70688595118227], [87.04324760157357, 20.70688595118227], [87.04324760157357, 20.707155445767505], [87.04351709615881, 20.707155445767505], [87.04351709615881, 20.70742494035274], [87.04378659074405, 20.70742494035274], [87.04378659074405, 20.707694434937974], [87.04405608532929, 20.707694434937974], [87.04405608532929, 20.70796392952321], [87.04432557991451, 20.70796392952321], [87.04432557991451, 20.708233424108446], [87.044864569085, 20.708233424108446], [87.044864569085, 20.708502918693682], [87.04513406367022, 20.708502918693682], [87.04513406367022, 20.70877241327892], [87.04459507449975, 20.70877241327892]]]}, "properties": {"change": "LOST", "areaHa": 580.0}}, {"type": "Feature", "geometry": {"geodesic": false, "type": "Polygon", "coordinates": [[[87.00093695169154, 20.715509777909816], [87.00093695169154, 20.71524028332458], [87.0006674571063, 20.71524028332458], [87.0006674571063, 20.714701294154107], [87.00039796252108, 20.714701294154107], [87.00039796252108, 20.71443179956887], [87.00012846793584, 20.71443179956887], [87.00012846793584, 20.7138928103984], [86.9998589733506, 20.7138928103984], [86.9998589733506, 20.713623315813166], [86.99958947876537, 20.713623315813166], [86.99958947876537, 20.71335382122793], [86.99931998418013, 20.71335382122793], [86.99931998418013, 20.712814832057457], [86.9990504895949, 20.712814832057457], [86.9990504895949, 20.71254533747222], [86.99878099500965, 20.71254533747222], [86.99878099500965, 20.712275842886985], [86.99851150042443, 20.712275842886985], [86.99851150042443, 20.71200634830175], [86.99824200583919, 20.71200634830175], [86.99824200583919, 20.711736853716513], [86.99770301666871, 20.711736853716513], [86.99770301666871, 20.711467359131277], [86.99716402749824, 20.711467359131277], [86.99716402749824, 20.71119786454604], [86.99662503832778, 20.71119786454604], [86.99662503832778, 20.710928369960804], [86.99500807081635, 20.710928369960804], [86.99500807081635, 20.71065887537557], [86.99446908164589, 20.71065887537557], [86.99446908164589, 20.710928369960804], [86.99393009247541, 20.710928369960804], [86.99393009247541, 20.71065887537557], [86.99204363037876, 20.71065887537557], [86.99204363037876, 20.710928369960804], [86.99069615745258, 20.710928369960804], [86.99069615745258, 20.71119786454604], [86.98961817911164, 20.71119786454604], [86.98961817911164, 20.711467359131277], [86.98907918994117, 20.711467359131277], [86.98907918994117, 20.711736853716513], [86.98827070618546, 20.711736853716513], [86.98827070618546, 20.71200634830175], [86.98719272784452, 20.71200634830175], [86.98719272784452, 20.712275842886985], [86.98638424408881, 20.712275842886985], [86.98638424408881, 20.71254533747222], [86.9855757603331, 20.71254533747222], [86.9855757603331, 20.712814832057457], [86.98476727657739, 20.712814832057457], [86.98476727657739, 20.713084326642694], [86.98368929823646, 20.713084326642694], [86.98368929823646, 20.71335382122793], [86.98288081448074, 20.71335382122793], [86.98288081448074, 20.713623315813166], [86.98234182531027, 20.713623315813166], [86.98234182531027, 20.7138928103984], [86.98126384696933, 20.7138928103984], [86.98126384696933, 20.714162304983635], [86.98045536321362, 20.714162304983635], [86.98045536321362, 20.71443179956887], [86.97910789028744, 20.71443179956887], [86.97910789028744, 20.714701294154107], [86.97802991194649, 20.714701294154107], [86.97802991194649, 20.714970788739343], [86.97668243902032, 20.714970788739343], [86.97668243902032, 20.71524028332458], [86.97452648233843, 20.71524028332458], [86.97452648233843, 20.715509777909816], [86.96482467726995, 20.715509777909816], [86.96482467726995, 20.71524028332458], [86.96105175307663, 20.71524028332458], [86.96105175307663, 20.714970788739343], [86.95431438844574, 20.714970788739343], [86.95431438844574, 20.714701294154107], [86.95647034512763, 20.714701294154107], [86.95647034512763, 20.71443179956887], [86.963746698929, 20.71443179956887], [86.963746698929, 20.714162304983635], [86.9675196231223, 20.714162304983635], [86.9675196231223, 20.7138928103984], [86.96940608521895, 20.7138928103984], [86.96940608521895, 20.713623315813166], [86.97102305273036, 20.713623315813166], [86.97102305273036, 20.71335382122793], [86.97183153648608, 20.71335382122793], [86.97183153648608, 20.713084326642694], [86.97290951482701, 20.713084326642694], [86.97290951482701, 20.712814832057457], [86.97398749316795, 20.712814832057457], [86.97398749316795, 20.71254533747222], [86.97479597692367, 20.71254533747222], [86.97479597692367, 20.712275842886985], [86.97533496609414, 20.712275842886985], [86.97533496609414, 20.71200634830175], [86.97641294443508, 20.71200634830175], [86.97641294443508, 20.711736853716513], [86.97722142819079, 20.711736853716513], [86.97722142819079, 20.711467359131277], [86.97802991194649, 20.711467359131277], [86.97802991194649, 20.71119786454604], [86.9788383957022, 20.71119786454604], [86.9788383957022, 20.710928369960804], [86.97991637404314, 20.710928369960804], [86.97991637404314, 20.71065887537557], [86.98072485779886, 20.71065887537557], [86.98072485779886, 20.710389380790335], [86.98153334155457, 20.710389380790335], [86.98153334155457, 20.7101198862051], [86.98234182531027, 20.7101198862051], [86.98234182531027, 20.709850391619863], [86.98315030906598, 20.709850391619863], [86.98315030906598, 20.709580897034627], [86.98422828740692, 20.709580897034627], [86.98422828740692, 20.70931140244939], [86.98503677116263, 20.70931140244939], [86.98503677116263, 20.709041907864155], [86.9855757603331, 20.709041907864155], [86.9855757603331, 20.70877241327892], [86.98638424408881, 20.70877241327892], [86.98638424408881, 20.708502918693682], [86.98692323325928, 20.708502918693682], [86.98692323325928, 20.708233424108446], [86.98746222242976, 20.708233424108446], [86.98746222242976, 20.70796392952321], [86.98880969535593, 20.70796392952321], [86.98880969535593, 20.707694434937974], [86.9893486845264, 20.707694434937974], [86.9893486845264, 20.70742494035274], [86.99069615745258, 20.70742494035274], [86.99069615745258, 20.707155445767505], [86.99258261954924, 20.707155445767505], [86.99258261954924, 20.70742494035274], [86.99366059789018, 20.70742494035274], [86.99366059789018, 20.707694434937974], [86.99446908164589, 20.707694434937974], [86.99446908164589, 20.70796392952321], [86.99500807081635, 20.70796392952321], [86.99500807081635, 20.708233424108446], [86.99554705998683, 20.708233424108446], [86.99554705998683, 20.708502918693682], [86.9960860491573, 20.708502918693682], [86.9960860491573, 20.70877241327892], [86.99662503832778, 20.70877241327892], [86.99662503832778, 20.709041907864155], [86.996894532913, 20.709041907864155], [86.996894532913, 20.70931140244939], [86.99743352208348, 20.70931140244939], [86.99743352208348, 20.709580897034627], [86.99770301666871, 20.709580897034627], [86.99770301666871, 20.709850391619863], [86.99797251125395, 20.709850391619863], [86.99797251125395, 20.7101198862051], [86.99824200583919, 20.7101198862051], [86.99824200583919, 20.710389380790335], [86.99851150042443, 20.710389380790335], [86.99851150042443, 20.71065887537557], [86.99878099500965, 20.71065887537557], [86.99878099500965, 20.71119786454604], [86.9990504895949, 20.71119786454604], [86.9990504895949, 20.711467359131277], [86.99931998418013, 20.711467359131277], [86.99931998418013, 20.71200634830175], [86.99958947876537, 20.71200634830175], [86.99958947876537, 20.71254533747222], [86.9998589733506, 20.71254533747222], [86.9998589733506, 20.712814832057457], [87.00012846793584, 20.712814832057457], [87.00012846793584, 20.713623315813166], [87.00039796252108, 20.713623315813166], [87.00039796252108, 20.7138928103984], [87.0006674571063, 20.7138928103984], [87.0006674571063, 20.71443179956887], [87.00093695169154, 20.71443179956887], [87.00093695169154, 20.714701294154107], [87.00120644627678, 20.714701294154107], [87.00120644627678, 20.715509777909816], [87.00093695169154, 20.715509777909816]]]}, "properties": {"change": "GAINED", "areaHa": 125.6}}, {"type": "Feature", "geometry": {"geodesic": false, "type": "Polygon", "coordinates": [[[86.93571926206447, 20.71254533747222], [86.93571926206447, 20.712275842886985], [86.93437178913828, 20.712275842886985], [86.93437178913828, 20.71200634830175], [86.93302431621211, 20.71200634830175], [86.93302431621211, 20.711736853716513], [86.93194633787117, 20.711736853716513], [86.93194633787117, 20.711467359131277], [86.93113785411546, 20.711467359131277], [86.93113785411546, 20.71119786454604], [86.93059886494498, 20.71119786454604], [86.93059886494498, 20.710928369960804], [86.92952088660404, 20.710928369960804], [86.92952088660404, 20.71065887537557], [86.92898189743357, 20.71065887537557], [86.92898189743357, 20.710389380790335], [86.9284429082631, 20.710389380790335], [86.9284429082631, 20.7101198862051], [86.92790391909263, 20.7101198862051], [86.92790391909263, 20.709850391619863], [86.92736492992216, 20.709850391619863], [86.92736492992216, 20.709580897034627], [86.92682594075168, 20.709580897034627], [86.92682594075168, 20.70931140244939], [86.92628695158122, 20.70931140244939], [86.92628695158122, 20.709041907864155], [86.92574796241074, 20.709041907864155], [86.92574796241074, 20.70877241327892], [86.92493947865503, 20.70877241327892], [86.92493947865503, 20.708502918693682], [86.92440048948455, 20.708502918693682], [86.92440048948455, 20.708233424108446], [86.92386150031409, 20.708233424108446], [86.92386150031409, 20.70796392952321], [86.92332251114362, 20.70796392952321], [86.92332251114362, 20.707694434937974], [86.92278352197314, 20.707694434937974], [86.92278352197314, 20.70742494035274], [86.9225140273879, 20.70742494035274], [86.9225140273879, 20.707155445767505], [86.92197503821744, 20.707155445767505], [86.92197503821744, 20.70688595118227], [86.92116655446173, 20.70688595118227], [86.92116655446173, 20.706616456597033], [86.92062756529126, 20.706616456597033], [86.92062756529126, 20.706346962011796], [86.92008857612079, 20.706346962011796], [86.92008857612079, 20.70607746742656], [86.91954958695031, 20.70607746742656], [86.91954958695031, 20.705807972841324], [86.91901059777985, 20.705807972841324], [86.91901059777985, 20.705538478256088], [86.91847160860937, 20.705538478256088], [86.91847160860937, 20.70526898367085], [86.9179326194389, 20.70526898367085], [86.9179326194389, 20.704999489085615], [86.91739363026844, 20.704999489085615], [86.91739363026844, 20.70472999450038], [86.91658514651272, 20.70472999450038], [86.91658514651272, 20.704460499915147], [86.91604615734225, 20.704460499915147], [86.91604615734225, 20.70419100532991], [86.91523767358655, 20.70419100532991], [86.91523767358655, 20.703921510744674], [86.91469868441607, 20.703921510744674], [86.91469868441607, 20.703652016159438], [86.9141596952456, 20.703652016159438], [86.9141596952456, 20.703382521574202], [86.9133512114899, 20.703382521574202], [86.9133512114899, 20.703113026988966], [86.91227323314895, 20.703113026988966], [86.91227323314895, 20.70284353240373], [86.91173424397847, 20.70284353240373], [86.91173424397847, 20.702574037818493], [86.91092576022277, 20.702574037818493], [86.91092576022277, 20.702304543233257], [86.91011727646706, 20.702304543233257], [86.91011727646706, 20.70203504864802], [86.90957828729658, 20.70203504864802], [86.90957828729658, 20.701765554062785], [86.90850030895565, 20.701765554062785], [86.90850030895565, 20.701496059477552], [86.90796131978517, 20.701496059477552], [86.90796131978517, 20.701226564892316], [86.90742233061471, 20.701226564892316], [86.90742233061471, 20.70095707030708], [86.90661384685899, 20.70095707030708], [86.90661384685899, 20.700687575721844], [86.90607485768852, 20.700687575721844], [86.90607485768852, 20.700418081136608], [86.90553586851806, 20.700418081136608], [86.90553586851806, 20.70014858655137], [86.90499687934758, 20.70014858655137], [86.90499687934758, 20.699879091966135], [86.90472738476234, 20.699879091966135], [86.90472738476234, 20.6996095973809], [86.90391890100663, 20.6996095973809], [86.90391890100663, 20.699340102795663], [86.90337991183617, 20.699340102795663], [86.90337991183617, 20.699070608210427], [86.90311041725093, 20.699070608210427], [86.90311041725093, 20.69880111362519], [86.90257142808046, 20.69880111362519], [86.90257142808046, 20.698531619039958], [86.90230193349522, 20.698531619039958], [86.90230193349522, 20.698262124454722], [86.90176294432474, 20.698262124454722], [86.90176294432474, 20.697992629869486], [86.90149344973952, 20.697992629869486], [86.90149344973952, 20.69772313528425], [86.90122395515428, 20.69772313528425], [86.90122395515428, 20.697453640699013], [86.90095446056904, 20.697453640699013], [86.90095446056904, 20.697184146113777], [86.9006849659838, 20.697184146113777], [86.9006849659838, 20.69691465152854], [86.90014597681333, 20.69691465152854], [86.90014597681333, 20.696645156943305], [86.8998764822281, 20.696645156943305], [86.8998764822281, 20.69637566235807], [86.89960698764287, 20.69637566235807], [86.89960698764287, 20.696106167772832], [86.89933749305763, 20.696106167772832], [86.89933749305763, 20.695836673187596], [86.89906799847239, 20.695836673187596], [86.89906799847239, 20.695567178602364], [86.89879850388715, 20.695567178602364], [86.89879850388715, 20.695297684017127], [86.89825951471668, 20.695297684017127], [86.89825951471668, 20.69502818943189], [86.89799002013145, 20.69502818943189], [86.89799002013145, 20.694758694846655], [86.8977205255462, 20.694758694846655], [86.8977205255462, 20.69448920026142], [86.89745103096098, 20.69448920026142], [86.89745103096098, 20.693950211090947], [86.89718153637574, 20.693950211090947], [86.89718153637574, 20.69368071650571], [86.8969120417905, 20.69368071650571], [86.8969120417905, 20.693411221920474], [86.89664254720527, 20.693411221920474], [86.89664254720527, 20.693141727335238], [86.89637305262004, 20.693141727335238], [86.89637305262004, 20.692872232750002], [86.89583406344956, 20.692872232750002], [86.89583406344956, 20.69260273816477], [86.89556456886433, 20.69260273816477], [86.89556456886433, 20.692333243579533], [86.89529507427909, 20.692333243579533], [86.89529507427909, 20.692063748994297], [86.89502557969385, 20.692063748994297], [86.89502557969385, 20.69179425440906], [86.89475608510861, 20.69179425440906], [86.89475608510861, 20.691524759823825], [86.89448659052339, 20.691524759823825], [86.89448659052339, 20.69125526523859], [86.89421709593815, 20.69125526523859], [86.89421709593815, 20.690985770653352], [86.8939476013529, 20.690985770653352], [86.8939476013529, 20.690716276068116], [86.89367810676768, 20.690716276068116], [86.89367810676768, 20.69044678148288], [86.89340861218244, 20.69044678148288], [86.89340861218244, 20.690177286897644], [86.8931391175972, 20.690177286897644], [86.8931391175972, 20.689907792312408], [86.89286962301196, 20.689907792312408], [86.89286962301196, 20.68963829772717], [86.89260012842674, 20.68963829772717], [86.89260012842674, 20.68936880314194], [86.8923306338415, 20.68936880314194], [86.8923306338415, 20.689099308556703], [86.89206113925626, 20.689099308556703], [86.89206113925626, 20.688829813971466], [86.89152215008579, 20.688829813971466], [86.89152215008579, 20.68856031938623], [86.89125265550055, 20.68856031938623], [86.89125265550055, 20.688290824800994], [86.89098316091531, 20.688290824800994], [86.89098316091531, 20.688021330215758], [86.89071366633009, 20.688021330215758], [86.89071366633009, 20.68775183563052], [86.89044417174485, 20.68775183563052], [86.89044417174485, 20.687482341045285], [86.8901746771596, 20.687482341045285], [86.8901746771596, 20.68721284646005], [86.88990518257437, 20.68721284646005], [86.88990518257437, 20.686943351874813], [86.88963568798914, 20.686943351874813], [86.88963568798914, 20.686673857289577], [86.8893661934039, 20.686673857289577], [86.8893661934039, 20.686404362704344], [86.88882720423342, 20.686404362704344], [86.88882720423342, 20.686134868119108], [86.8885577096482, 20.686134868119108], [86.8885577096482, 20.685865373533872], [86.88828821506296, 20.685865373533872], [86.88828821506296, 20.685595878948636], [86.88801872047772, 20.685595878948636], [86.88801872047772, 20.6853263843634], [86.88747973130725, 20.6853263843634], [86.88747973130725, 20.685056889778163], [86.88721023672201, 20.685056889778163], [86.88721023672201, 20.684787395192927], [86.88694074213677, 20.684787395192927], [86.88694074213677, 20.68451790060769], [86.88667124755155, 20.68451790060769], [86.88667124755155, 20.684248406022455], [86.88640175296631, 20.684248406022455], [86.88640175296631, 20.683709416851983], [86.88613225838107, 20.683709416851983], [86.88613225838107, 20.68343992226675], [86.88586276379583, 20.68343992226675], [86.88586276379583, 20.683170427681514], [86.8855932692106, 20.683170427681514], [86.8855932692106, 20.682900933096278], [86.88532377462536, 20.682900933096278], [86.88532377462536, 20.68263143851104], [86.88505428004012, 20.68263143851104], [86.88505428004012, 20.682361943925805], [86.8847847854549, 20.682361943925805], [86.8847847854549, 20.68209244934057], [86.88451529086966, 20.68209244934057], [86.88451529086966, 20.681822954755333], [86.88424579628442, 20.681822954755333], [86.88424579628442, 20.681553460170097], [86.88397630169918, 20.681553460170097], [86.88397630169918, 20.68128396558486], [86.88370680711395, 20.68128396558486], [86.88370680711395, 20.681014470999624], [86.88343731252871, 20.681014470999624], [86.88343731252871, 20.68074497641439], [86.88316781794347, 20.68074497641439], [86.88316781794347, 20.680475481829156], [86.88370680711395, 20.680475481829156], [86.88370680711395, 20.68074497641439], [86.88397630169918, 20.68074497641439], [86.88397630169918, 20.681014470999624], [86.88424579628442, 20.681014470999624], [86.88424579628442, 20.68128396558486], [86.88451529086966, 20.68128396558486], [86.88451529086966, 20.681553460170097], [86.8847847854549, 20.681553460170097], [86.8847847854549, 20.681822954755333], [86.88505428004012, 20.681822954755333], [86.88505428004012, 20.68209244934057], [86.88532377462536, 20.68209244934057], [86.88532377462536, 20.682361943925805], [86.8855932692106, 20.682361943925805], [86.8855932692106, 20.68263143851104], [86.88586276379583, 20.68263143851104], [86.88586276379583, 20.682900933096278], [86.88613225838107, 20.682900933096278], [86.88613225838107, 20.683170427681514], [86.88640175296631, 20.683170427681514], [86.88640175296631, 20.68343992226675], [86.88667124755155, 20.68343992226675], [86.88667124755155, 20.683709416851983], [86.88721023672201, 20.683709416851983], [86.88721023672201, 20.68397891143722], [86.88747973130725, 20.68397891143722], [86.88747973130725, 20.684248406022455], [86.88801872047772, 20.684248406022455], [86.88801872047772, 20.68451790060769], [86.88828821506296, 20.68451790060769], [86.88828821506296, 20.684787395192927], [86.8885577096482, 20.684787395192927], [86.8885577096482, 20.685056889778163], [86.88909669881866, 20.685056889778163], [86.88909669881866, 20.6853263843634], [86.8893661934039, 20.6853263843634], [86.8893661934039, 20.685595878948636], [86.88963568798914, 20.685595878948636], [86.88963568798914, 20.685865373533872], [86.8901746771596, 20.685865373533872], [86.8901746771596, 20.686134868119108], [86.89044417174485, 20.686134868119108], [86.89044417174485, 20.686404362704344], [86.89098316091531, 20.686404362704344], [86.89098316091531, 20.686673857289577], [86.89152215008579, 20.686673857289577], [86.89152215008579, 20.686943351874813], [86.89206113925626, 20.686943351874813], [86.89206113925626, 20.68721284646005], [86.8923306338415, 20.68721284646005], [86.8923306338415, 20.687482341045285], [86.89260012842674, 20.687482341045285], [86.89260012842674, 20.68775183563052], [86.8931391175972, 20.68775183563052], [86.8931391175972, 20.688021330215758], [86.89340861218244, 20.688021330215758], [86.89340861218244, 20.688290824800994], [86.89367810676768, 20.688290824800994], [86.89367810676768, 20.688829813971466], [86.8939476013529, 20.688829813971466], [86.8939476013529, 20.689099308556703], [86.89421709593815, 20.689099308556703], [86.89421709593815, 20.68936880314194], [86.89448659052339, 20.68936880314194], [86.89448659052339, 20.689907792312408], [86.89475608510861, 20.689907792312408], [86.89475608510861, 20.690177286897644], [86.89502557969385, 20.690177286897644], [86.89502557969385, 20.69044678148288], [86.89529507427909, 20.69044678148288], [86.89529507427909, 20.690716276068116], [86.89556456886433, 20.690716276068116], [86.89556456886433, 20.690985770653352], [86.89583406344956, 20.690985770653352], [86.89583406344956, 20.69125526523859], [86.8961035580348, 20.69125526523859], [86.8961035580348, 20.691524759823825], [86.89637305262004, 20.691524759823825], [86.89637305262004, 20.69179425440906], [86.89664254720527, 20.69179425440906], [86.89664254720527, 20.692063748994297], [86.8969120417905, 20.692063748994297], [86.8969120417905, 20.692333243579533], [86.89718153637574, 20.692333243579533], [86.89718153637574, 20.69260273816477], [86.89745103096098, 20.69260273816477], [86.89745103096098, 20.692872232750002], [86.8977205255462, 20.692872232750002], [86.8977205255462, 20.693141727335238], [86.89799002013145, 20.693141727335238], [86.89799002013145, 20.693411221920474], [86.89825951471668, 20.693411221920474], [86.89825951471668, 20.693950211090947], [86.89852900930192, 20.693950211090947], [86.89852900930192, 20.69448920026142], [86.89879850388715, 20.69448920026142], [86.89879850388715, 20.694758694846655], [86.89906799847239, 20.694758694846655], [86.89906799847239, 20.69502818943189], [86.89933749305763, 20.69502818943189], [86.89933749305763, 20.695297684017127], [86.89960698764287, 20.695297684017127], [86.89960698764287, 20.695567178602364], [86.8998764822281, 20.695567178602364], [86.8998764822281, 20.695836673187596], [86.90014597681333, 20.695836673187596], [86.90014597681333, 20.696106167772832], [86.9006849659838, 20.696106167772832], [86.9006849659838, 20.69637566235807], [86.90095446056904, 20.69637566235807], [86.90095446056904, 20.696645156943305], [86.90122395515428, 20.696645156943305], [86.90122395515428, 20.69691465152854], [86.90149344973952, 20.69691465152854], [86.90149344973952, 20.697184146113777], [86.90203243890998, 20.697184146113777], [86.90203243890998, 20.697453640699013], [86.90230193349522, 20.697453640699013], [86.90230193349522, 20.69772313528425], [86.90284092266569, 20.69772313528425], [86.90284092266569, 20.697992629869486], [86.90337991183617, 20.697992629869486], [86.90337991183617, 20.698262124454722], [86.90391890100663, 20.698262124454722], [86.90391890100663, 20.698531619039958], [86.90472738476234, 20.698531619039958], [86.90472738476234, 20.69880111362519], [86.90526637393282, 20.69880111362519], [86.90526637393282, 20.699070608210427], [86.90580536310328, 20.699070608210427], [86.90580536310328, 20.699340102795663], [86.90634435227376, 20.699340102795663], [86.90634435227376, 20.6996095973809], [86.90688334144423, 20.6996095973809], [86.90688334144423, 20.699879091966135], [86.90769182519993, 20.699879091966135], [86.90769182519993, 20.70014858655137], [86.90823081437041, 20.70014858655137], [86.90823081437041, 20.700418081136608], [86.90903929812612, 20.700418081136608], [86.90903929812612, 20.700687575721844], [86.90957828729658, 20.700687575721844], [86.90957828729658, 20.70095707030708], [86.9103867710523, 20.70095707030708], [86.9103867710523, 20.701226564892316], [86.91092576022277, 20.701226564892316], [86.91092576022277, 20.701496059477552], [86.91146474939325, 20.701496059477552], [86.91146474939325, 20.701765554062785], [86.91200373856371, 20.701765554062785], [86.91200373856371, 20.70203504864802], [86.91308171690466, 20.70203504864802], [86.91308171690466, 20.702304543233257], [86.91389020066036, 20.702304543233257], [86.91389020066036, 20.702574037818493], [86.9141596952456, 20.702574037818493], [86.9141596952456, 20.702304543233257], [86.91389020066036, 20.702304543233257], [86.91389020066036, 20.70203504864802], [86.91362070607512, 20.70203504864802], [86.91362070607512, 20.701765554062785], [86.9133512114899, 20.701765554062785], [86.9133512114899, 20.701496059477552], [86.91254272773418, 20.701496059477552], [86.91254272773418, 20.701226564892316], [86.91227323314895, 20.701226564892316], [86.91227323314895, 20.70095707030708], [86.91200373856371, 20.70095707030708], [86.91200373856371, 20.700687575721844], [86.91173424397847, 20.700687575721844], [86.91173424397847, 20.700418081136608], [86.91146474939325, 20.700418081136608], [86.91146474939325, 20.70014858655137], [86.911195254808, 20.70014858655137], [86.911195254808, 20.699879091966135], [86.91065626563753, 20.699879091966135], [86.91065626563753, 20.6996095973809], [86.9103867710523, 20.6996095973809], [86.9103867710523, 20.699340102795663], [86.91011727646706, 20.699340102795663], [86.91011727646706, 20.699070608210427], [86.90984778188182, 20.699070608210427], [86.90984778188182, 20.698531619039958], [86.90957828729658, 20.698531619039958], [86.90957828729658, 20.698262124454722], [86.90930879271136, 20.698262124454722], [86.90930879271136, 20.697992629869486], [86.90903929812612, 20.697992629869486], [86.90903929812612, 20.69772313528425], [86.90876980354088, 20.69772313528425], [86.90876980354088, 20.697453640699013], [86.90823081437041, 20.697453640699013], [86.90823081437041, 20.69691465152854], [86.90796131978517, 20.69691465152854], [86.90796131978517, 20.696645156943305], [86.90769182519993, 20.696645156943305], [86.90769182519993, 20.69637566235807], [86.90742233061471, 20.69637566235807], [86.90742233061471, 20.696106167772832], [86.90688334144423, 20.696106167772832], [86.90688334144423, 20.695836673187596], [86.90661384685899, 20.695836673187596], [86.90661384685899, 20.695567178602364], [86.90634435227376, 20.695567178602364], [86.90634435227376, 20.695297684017127], [86.90607485768852, 20.695297684017127], [86.90607485768852, 20.69502818943189], [86.90580536310328, 20.69502818943189], [86.90580536310328, 20.694758694846655], [86.90553586851806, 20.694758694846655], [86.90553586851806, 20.69448920026142], [86.90607485768852, 20.69448920026142], [86.90607485768852, 20.694758694846655], [86.90634435227376, 20.694758694846655], [86.90634435227376, 20.69502818943189], [86.90661384685899, 20.69502818943189], [86.90661384685899, 20.695297684017127], [86.90715283602947, 20.695297684017127], [86.90715283602947, 20.695567178602364], [86.90742233061471, 20.695567178602364], [86.90742233061471, 20.695836673187596], [86.90769182519993, 20.695836673187596], [86.90769182519993, 20.696106167772832], [86.90796131978517, 20.696106167772832], [86.90796131978517, 20.69637566235807], [86.90823081437041, 20.69637566235807], [86.90823081437041, 20.696645156943305], [86.90850030895565, 20.696645156943305], [86.90850030895565, 20.69691465152854], [86.90903929812612, 20.69691465152854], [86.90903929812612, 20.697184146113777], [86.90930879271136, 20.697184146113777], [86.90930879271136, 20.697453640699013], [86.90957828729658, 20.697453640699013], [86.90957828729658, 20.69772313528425], [86.90984778188182, 20.69772313528425], [86.90984778188182, 20.697992629869486], [86.91011727646706, 20.697992629869486], [86.91011727646706, 20.698262124454722], [86.9103867710523, 20.698262124454722], [86.9103867710523, 20.698531619039958], [86.91065626563753, 20.698531619039958], [86.91065626563753, 20.69880111362519], [86.91092576022277, 20.69880111362519], [86.91092576022277, 20.699070608210427], [86.911195254808, 20.699070608210427], [86.911195254808, 20.699340102795663], [86.91146474939325, 20.699340102795663], [86.91146474939325, 20.6996095973809], [86.91173424397847, 20.6996095973809], [86.91173424397847, 20.699879091966135], [86.91200373856371, 20.699879091966135], [86.91200373856371, 20.70014858655137], [86.91227323314895, 20.70014858655137], [86.91227323314895, 20.700418081136608], [86.91254272773418, 20.700418081136608], [86.91254272773418, 20.700687575721844], [86.91308171690466, 20.700687575721844], [86.91308171690466, 20.70095707030708], [86.91362070607512, 20.70095707030708], [86.91362070607512, 20.701226564892316], [86.91389020066036, 20.701226564892316], [86.91389020066036, 20.701496059477552], [86.91442918983084, 20.701496059477552], [86.91442918983084, 20.701765554062785], [86.9149681790013, 20.701765554062785], [86.9149681790013, 20.70203504864802], [86.91523767358655, 20.70203504864802], [86.91523767358655, 20.702304543233257], [86.91577666275701, 20.702304543233257], [86.91577666275701, 20.702574037818493], [86.91658514651272, 20.702574037818493], [86.91658514651272, 20.70284353240373], [86.91739363026844, 20.70284353240373], [86.91739363026844, 20.703113026988966], [86.9179326194389, 20.703113026988966], [86.9179326194389, 20.703382521574202], [86.91847160860937, 20.703382521574202], [86.91847160860937, 20.703652016159438], [86.91901059777985, 20.703652016159438], [86.91901059777985, 20.703921510744674], [86.91954958695031, 20.703921510744674], [86.91954958695031, 20.70419100532991], [86.92035807070603, 20.70419100532991], [86.92035807070603, 20.704460499915147], [86.9208970598765, 20.704460499915147], [86.9208970598765, 20.70472999450038], [86.9217055436322, 20.70472999450038], [86.9217055436322, 20.704999489085615], [86.92224453280268, 20.704999489085615], [86.92224453280268, 20.70526898367085], [86.92278352197314, 20.70526898367085], [86.92278352197314, 20.705538478256088], [86.92332251114362, 20.705538478256088], [86.92332251114362, 20.705807972841324], [86.92413099489933, 20.705807972841324], [86.92413099489933, 20.70607746742656], [86.9246699840698, 20.70607746742656], [86.9246699840698, 20.706346962011796], [86.92520897324027, 20.706346962011796], [86.92520897324027, 20.706616456597033], [86.92601745699598, 20.706616456597033], [86.92601745699598, 20.70688595118227], [86.92655644616644, 20.70688595118227], [86.92655644616644, 20.707155445767505], [86.92709543533692, 20.707155445767505], [86.92709543533692, 20.70742494035274], [86.92763442450739, 20.70742494035274], [86.92763442450739, 20.707694434937974], [86.92817341367787, 20.707694434937974], [86.92817341367787, 20.70796392952321], [86.92871240284833, 20.70796392952321], [86.92871240284833, 20.708233424108446], [86.92925139201881, 20.708233424108446], [86.92925139201881, 20.708502918693682], [86.92952088660404, 20.708502918693682], [86.92952088660404, 20.70877241327892], [86.93059886494498, 20.70877241327892], [86.93059886494498, 20.709041907864155], [86.93113785411546, 20.709041907864155], [86.93113785411546, 20.70931140244939], [86.93194633787117, 20.70931140244939], [86.93194633787117, 20.709580897034627], [86.93248532704163, 20.709580897034627], [86.93248532704163, 20.709850391619863], [86.93302431621211, 20.709850391619863], [86.93302431621211, 20.7101198862051], [86.93410229455306, 20.7101198862051], [86.93410229455306, 20.710389380790335], [86.93491077830876, 20.710389380790335], [86.93491077830876, 20.71065887537557], [86.93571926206447, 20.71065887537557], [86.93571926206447, 20.710928369960804], [86.93706673499065, 20.710928369960804], [86.93706673499065, 20.71119786454604], [86.94003117542825, 20.71119786454604], [86.94003117542825, 20.711467359131277], [86.94057016459871, 20.711467359131277], [86.94057016459871, 20.71119786454604], [86.94407359420678, 20.71119786454604], [86.94407359420678, 20.710928369960804], [86.94596005630343, 20.710928369960804], [86.94596005630343, 20.71065887537557], [86.94784651840008, 20.71065887537557], [86.94784651840008, 20.710389380790335], [86.94919399132625, 20.710389380790335], [86.94919399132625, 20.7101198862051], [86.95134994800814, 20.7101198862051], [86.95134994800814, 20.709850391619863], [86.95296691551957, 20.709850391619863], [86.95296691551957, 20.709580897034627], [86.95539236678668, 20.709580897034627], [86.95539236678668, 20.70931140244939], [86.96051276390617, 20.70931140244939], [86.96051276390617, 20.709580897034627], [86.95647034512763, 20.709580897034627], [86.95647034512763, 20.709850391619863], [86.95377539927527, 20.709850391619863], [86.95377539927527, 20.7101198862051], [86.95215843176385, 20.7101198862051], [86.95215843176385, 20.710389380790335], [86.9502719696672, 20.710389380790335], [86.9502719696672, 20.71065887537557], [86.94892449674103, 20.71065887537557], [86.94892449674103, 20.710928369960804], [86.94784651840008, 20.710928369960804], [86.94784651840008, 20.71119786454604], [86.94703803464438, 20.71119786454604], [86.94703803464438, 20.711467359131277], [86.94542106713295, 20.711467359131277], [86.94542106713295, 20.711736853716513], [86.94434308879201, 20.711736853716513], [86.94434308879201, 20.71200634830175], [86.94299561586584, 20.71200634830175], [86.94299561586584, 20.712275842886985], [86.94110915376919, 20.712275842886985], [86.94110915376919, 20.71254533747222], [86.93571926206447, 20.71254533747222]]]}, "properties": {"change": "GAINED", "areaHa": 120.7}}, {"type": "Feature", "geometry": {"geodesic": false, "type": "Polygon", "coordinates": [[[87.04405608532929, 20.712814832057457], [87.04405608532929, 20.71254533747222], [87.04324760157357, 20.71254533747222], [87.04324760157357, 20.712275842886985], [87.04297810698834, 20.712275842886985], [87.04297810698834, 20.71200634830175], [87.04216962323262, 20.71200634830175], [87.04216962323262, 20.712275842886985], [87.04136113947692, 20.712275842886985], [87.04136113947692, 20.71254533747222], [87.04082215030645, 20.71254533747222], [87.04082215030645, 20.712275842886985], [87.04055265572121, 20.712275842886985], [87.04055265572121, 20.71200634830175], [87.04028316113597, 20.71200634830175], [87.04028316113597, 20.711736853716513], [87.04001366655075, 20.711736853716513], [87.04001366655075, 20.71119786454604], [87.03974417196551, 20.71119786454604], [87.03974417196551, 20.710928369960804], [87.03947467738027, 20.710928369960804], [87.03947467738027, 20.71065887537557], [87.03920518279503, 20.71065887537557], [87.03920518279503, 20.710389380790335], [87.0389356882098, 20.710389380790335], [87.0389356882098, 20.7101198862051], [87.03866619362456, 20.7101198862051], [87.03866619362456, 20.709580897034627], [87.03839669903932, 20.709580897034627], [87.03839669903932, 20.70931140244939], [87.03785770986886, 20.70931140244939], [87.03785770986886, 20.709041907864155], [87.03758821528362, 20.709041907864155], [87.03758821528362, 20.70877241327892], [87.03731872069838, 20.70877241327892], [87.03731872069838, 20.708502918693682], [87.03704922611315, 20.708502918693682], [87.03704922611315, 20.708233424108446], [87.03677973152791, 20.708233424108446], [87.03677973152791, 20.70796392952321], [87.03624074235744, 20.70796392952321], [87.03624074235744, 20.707694434937974], [87.03570175318697, 20.707694434937974], [87.03570175318697, 20.70742494035274], [87.03543225860173, 20.70742494035274], [87.03543225860173, 20.707155445767505], [87.03435428026079, 20.707155445767505], [87.03435428026079, 20.70688595118227], [87.03300680733462, 20.70688595118227], [87.03300680733462, 20.706616456597033], [87.03112034523797, 20.706616456597033], [87.03112034523797, 20.706346962011796], [87.03031186148225, 20.706346962011796], [87.03031186148225, 20.70607746742656], [87.03004236689702, 20.70607746742656], [87.03004236689702, 20.705807972841324], [87.02923388314132, 20.705807972841324], [87.02923388314132, 20.705538478256088], [87.0284253993856, 20.705538478256088], [87.0284253993856, 20.70526898367085], [87.02761691562989, 20.70526898367085], [87.02761691562989, 20.704999489085615], [87.02707792645943, 20.704999489085615], [87.02707792645943, 20.70472999450038], [87.02680843187419, 20.70472999450038], [87.02680843187419, 20.704460499915147], [87.02653893728895, 20.704460499915147], [87.02653893728895, 20.70419100532991], [87.02492196977754, 20.70419100532991], [87.02492196977754, 20.703921510744674], [87.0246524751923, 20.703921510744674], [87.0246524751923, 20.703652016159438], [87.02384399143659, 20.703652016159438], [87.02384399143659, 20.703921510744674], [87.02330500226613, 20.703921510744674], [87.02330500226613, 20.703652016159438], [87.02222702392518, 20.703652016159438], [87.02222702392518, 20.703382521574202], [87.0216880347547, 20.703382521574202], [87.0216880347547, 20.703113026988966], [87.020879550999, 20.703113026988966], [87.020879550999, 20.70284353240373], [87.02034056182853, 20.70284353240373], [87.02034056182853, 20.702574037818493], [87.01980157265805, 20.702574037818493], [87.01980157265805, 20.702304543233257], [87.01953207807281, 20.702304543233257], [87.01953207807281, 20.70203504864802], [87.0200710672433, 20.70203504864802], [87.0200710672433, 20.702304543233257], [87.020879550999, 20.702304543233257], [87.020879550999, 20.70203504864802], [87.02114904558424, 20.70203504864802], [87.02114904558424, 20.701765554062785], [87.020879550999, 20.701765554062785], [87.020879550999, 20.701496059477552], [87.02114904558424, 20.701496059477552], [87.02114904558424, 20.701226564892316], [87.02195752933994, 20.701226564892316], [87.02195752933994, 20.70095707030708], [87.02249651851041, 20.70095707030708], [87.02249651851041, 20.701226564892316], [87.02330500226613, 20.701226564892316], [87.02330500226613, 20.70203504864802], [87.02357449685135, 20.70203504864802], [87.02357449685135, 20.702304543233257], [87.02492196977754, 20.702304543233257], [87.02492196977754, 20.702574037818493], [87.025460958948, 20.702574037818493], [87.025460958948, 20.70284353240373], [87.02626944270372, 20.70284353240373], [87.02626944270372, 20.703113026988966], [87.02707792645943, 20.703113026988966], [87.02707792645943, 20.703382521574202], [87.02734742104465, 20.703382521574202], [87.02734742104465, 20.703652016159438], [87.02788641021513, 20.703652016159438], [87.02788641021513, 20.703921510744674], [87.0284253993856, 20.703921510744674], [87.0284253993856, 20.70419100532991], [87.02869489397084, 20.70419100532991], [87.02869489397084, 20.704460499915147], [87.02923388314132, 20.704460499915147], [87.02923388314132, 20.70472999450038], [87.02950337772654, 20.70472999450038], [87.02950337772654, 20.704999489085615], [87.03004236689702, 20.704999489085615], [87.03004236689702, 20.70526898367085], [87.03031186148225, 20.70526898367085], [87.03031186148225, 20.705538478256088], [87.03085085065273, 20.705538478256088], [87.03085085065273, 20.705807972841324], [87.03138983982319, 20.705807972841324], [87.03138983982319, 20.705538478256088], [87.03327630191984, 20.705538478256088], [87.03327630191984, 20.705807972841324], [87.0351627640165, 20.705807972841324], [87.0351627640165, 20.70607746742656], [87.03597124777221, 20.70607746742656], [87.03597124777221, 20.706346962011796], [87.03624074235744, 20.706346962011796], [87.03624074235744, 20.706616456597033], [87.03677973152791, 20.706616456597033], [87.03677973152791, 20.70688595118227], [87.03704922611315, 20.70688595118227], [87.03704922611315, 20.707155445767505], [87.03731872069838, 20.707155445767505], [87.03731872069838, 20.70742494035274], [87.03758821528362, 20.70742494035274], [87.03758821528362, 20.707694434937974], [87.03785770986886, 20.707694434937974], [87.03785770986886, 20.70796392952321], [87.03839669903932, 20.70796392952321], [87.03839669903932, 20.708233424108446], [87.0389356882098, 20.708233424108446], [87.0389356882098, 20.708502918693682], [87.03920518279503, 20.708502918693682], [87.03920518279503, 20.70877241327892], [87.03947467738027, 20.70877241327892], [87.03947467738027, 20.709041907864155], [87.03974417196551, 20.709041907864155], [87.03974417196551, 20.70931140244939], [87.04028316113597, 20.70931140244939], [87.04028316113597, 20.709580897034627], [87.04082215030645, 20.709580897034627], [87.04082215030645, 20.709850391619863], [87.04163063406216, 20.709850391619863], [87.04163063406216, 20.7101198862051], [87.04297810698834, 20.7101198862051], [87.04297810698834, 20.710389380790335], [87.04459507449975, 20.710389380790335], [87.04459507449975, 20.71065887537557], [87.04513406367022, 20.71065887537557], [87.04513406367022, 20.710928369960804], [87.04540355825546, 20.710928369960804], [87.04540355825546, 20.71119786454604], [87.0456730528407, 20.71119786454604], [87.0456730528407, 20.711467359131277], [87.04594254742594, 20.711467359131277], [87.04594254742594, 20.711736853716513], [87.04621204201116, 20.711736853716513], [87.04621204201116, 20.71200634830175], [87.0464815365964, 20.71200634830175], [87.0464815365964, 20.712275842886985], [87.04702052576688, 20.712275842886985], [87.04702052576688, 20.71254533747222], [87.0456730528407, 20.71254533747222], [87.0456730528407, 20.712275842886985], [87.044864569085, 20.712275842886985], [87.044864569085, 20.71254533747222], [87.04432557991451, 20.71254533747222], [87.04432557991451, 20.712814832057457], [87.04405608532929, 20.712814832057457]]]}, "properties": {"change": "LOST", "areaHa": 46.7}}, {"type": "Feature", "geometry": {"geodesic": false, "type": "Polygon", "coordinates": [[[87.01198622968622, 20.73518288263203], [87.01198622968622, 20.734913388046795], [87.01171673510098, 20.734913388046795], [87.01171673510098, 20.734374398876326], [87.01144724051575, 20.734374398876326], [87.01144724051575, 20.733835409705854], [87.01117774593051, 20.733835409705854], [87.01117774593051, 20.733296420535382], [87.01090825134527, 20.733296420535382], [87.01090825134527, 20.732487936779673], [87.01063875676003, 20.732487936779673], [87.01063875676003, 20.730601474683024], [87.0103692621748, 20.730601474683024], [87.0103692621748, 20.728984507171607], [87.01009976758957, 20.728984507171607], [87.01009976758957, 20.727906528830665], [87.00983027300433, 20.727906528830665], [87.00983027300433, 20.72682855048972], [87.00956077841909, 20.72682855048972], [87.00956077841909, 20.72628956131925], [87.00929128383386, 20.72628956131925], [87.00929128383386, 20.72575057214878], [87.00902178924862, 20.72575057214878], [87.00902178924862, 20.725211582978307], [87.00875229466338, 20.725211582978307], [87.00875229466338, 20.724672593807835], [87.00848280007816, 20.724672593807835], [87.00848280007816, 20.723055626296418], [87.00875229466338, 20.723055626296418], [87.00875229466338, 20.72278613171118], [87.0103692621748, 20.72278613171118], [87.0103692621748, 20.723055626296418], [87.01090825134527, 20.723055626296418], [87.01090825134527, 20.723325120881654], [87.01144724051575, 20.723325120881654], [87.01144724051575, 20.72359461546689], [87.01198622968622, 20.72359461546689], [87.01198622968622, 20.723864110052126], [87.01225572427145, 20.723864110052126], [87.01225572427145, 20.724133604637363], [87.01252521885668, 20.724133604637363], [87.01252521885668, 20.7244030992226], [87.0133337026124, 20.7244030992226], [87.0133337026124, 20.724672593807835], [87.01387269178286, 20.724672593807835], [87.01387269178286, 20.72494208839307], [87.01441168095334, 20.72494208839307], [87.01441168095334, 20.725211582978307], [87.01495067012381, 20.725211582978307], [87.01495067012381, 20.725481077563543], [87.01522016470905, 20.725481077563543], [87.01522016470905, 20.726020066734012], [87.01548965929427, 20.726020066734012], [87.01548965929427, 20.726559055904485], [87.01522016470905, 20.726559055904485], [87.01522016470905, 20.72682855048972], [87.01441168095334, 20.72682855048972], [87.01441168095334, 20.726559055904485], [87.0141421863681, 20.726559055904485], [87.0141421863681, 20.72628956131925], [87.01360319719763, 20.72628956131925], [87.01360319719763, 20.72763703424543], [87.0133337026124, 20.72763703424543], [87.0133337026124, 20.727906528830665], [87.01306420802716, 20.727906528830665], [87.01306420802716, 20.7281760234159], [87.01279471344192, 20.7281760234159], [87.01279471344192, 20.728445518001138], [87.01252521885668, 20.728445518001138], [87.01252521885668, 20.728715012586374], [87.01198622968622, 20.728715012586374], [87.01198622968622, 20.728984507171607], [87.01144724051575, 20.728984507171607], [87.01144724051575, 20.729254001756843], [87.01171673510098, 20.729254001756843], [87.01171673510098, 20.729792990927315], [87.01198622968622, 20.729792990927315], [87.01198622968622, 20.730331980097787], [87.01225572427145, 20.730331980097787], [87.01225572427145, 20.73087096926826], [87.01198622968622, 20.73087096926826], [87.01198622968622, 20.7319489476092], [87.01171673510098, 20.7319489476092], [87.01171673510098, 20.73275743136491], [87.01198622968622, 20.73275743136491], [87.01198622968622, 20.73410490429109], [87.01225572427145, 20.73410490429109], [87.01225572427145, 20.73518288263203], [87.01198622968622, 20.73518288263203]]]}, "properties": {"change": "LOST", "areaHa": 37.0}}, {"type": "Feature", "geometry": {"geodesic": false, "type": "Polygon", "coordinates": [[[87.00956077841909, 20.719552196688355], [87.00956077841909, 20.71928270210312], [87.00929128383386, 20.71928270210312], [87.00929128383386, 20.719013207517882], [87.00848280007816, 20.719013207517882], [87.00848280007816, 20.718743712932646], [87.00821330549292, 20.718743712932646], [87.00821330549292, 20.718204723762174], [87.00794381090768, 20.718204723762174], [87.00794381090768, 20.7176657345917], [87.00767431632244, 20.7176657345917], [87.00767431632244, 20.71712674542123], [87.00740482173721, 20.71712674542123], [87.00740482173721, 20.716318261665524], [87.00713532715197, 20.716318261665524], [87.00713532715197, 20.716048767080288], [87.00686583256673, 20.716048767080288], [87.00686583256673, 20.71524028332458], [87.00659633798149, 20.71524028332458], [87.00659633798149, 20.714701294154107], [87.00632684339627, 20.714701294154107], [87.00632684339627, 20.71443179956887], [87.00605734881103, 20.71443179956887], [87.00605734881103, 20.7138928103984], [87.00578785422579, 20.7138928103984], [87.00578785422579, 20.71335382122793], [87.00551835964056, 20.71335382122793], [87.00551835964056, 20.713084326642694], [87.00524886505532, 20.713084326642694], [87.00524886505532, 20.712814832057457], [87.00497937047008, 20.712814832057457], [87.00497937047008, 20.71254533747222], [87.00470987588484, 20.71254533747222], [87.00470987588484, 20.712275842886985], [87.00444038129962, 20.712275842886985], [87.00444038129962, 20.71200634830175], [87.00417088671438, 20.71200634830175], [87.00417088671438, 20.711736853716513], [87.0036318975439, 20.711736853716513], [87.0036318975439, 20.711467359131277], [87.00336240295867, 20.711467359131277], [87.00336240295867, 20.71119786454604], [87.00309290837343, 20.71119786454604], [87.00309290837343, 20.710928369960804], [87.00282341378819, 20.710928369960804], [87.00282341378819, 20.71065887537557], [87.00228442461773, 20.71065887537557], [87.00228442461773, 20.7101198862051], [87.00201493003249, 20.7101198862051], [87.00201493003249, 20.709580897034627], [87.00174543544725, 20.709580897034627], [87.00174543544725, 20.709041907864155], [87.00147594086202, 20.709041907864155], [87.00147594086202, 20.70688595118227], [87.00255391920297, 20.70688595118227], [87.00255391920297, 20.706616456597033], [87.00336240295867, 20.706616456597033], [87.00336240295867, 20.70688595118227], [87.00578785422579, 20.70688595118227], [87.00578785422579, 20.707155445767505], [87.00848280007816, 20.707155445767505], [87.00848280007816, 20.70742494035274], [87.0103692621748, 20.70742494035274], [87.0103692621748, 20.707694434937974], [87.01117774593051, 20.707694434937974], [87.01117774593051, 20.70796392952321], [87.01198622968622, 20.70796392952321], [87.01198622968622, 20.708233424108446], [87.01252521885668, 20.708233424108446], [87.01252521885668, 20.708502918693682], [87.0133337026124, 20.708502918693682], [87.0133337026124, 20.70877241327892], [87.01360319719763, 20.70877241327892], [87.01360319719763, 20.709041907864155], [87.0141421863681, 20.709041907864155], [87.0141421863681, 20.70931140244939], [87.01468117553857, 20.70931140244939], [87.01468117553857, 20.709580897034627], [87.01495067012381, 20.709580897034627], [87.01495067012381, 20.709850391619863], [87.01522016470905, 20.709850391619863], [87.01522016470905, 20.7101198862051], [87.01548965929427, 20.7101198862051], [87.01548965929427, 20.710389380790335], [87.01575915387951, 20.710389380790335], [87.01575915387951, 20.710928369960804], [87.01602864846475, 20.710928369960804], [87.01602864846475, 20.71119786454604], [87.01629814305, 20.71119786454604], [87.01629814305, 20.711736853716513], [87.01656763763522, 20.711736853716513], [87.01656763763522, 20.712275842886985], [87.01683713222046, 20.712275842886985], [87.01683713222046, 20.712814832057457], [87.0171066268057, 20.712814832057457], [87.0171066268057, 20.71335382122793], [87.01737612139094, 20.71335382122793], [87.01737612139094, 20.7138928103984], [87.01764561597616, 20.7138928103984], [87.01764561597616, 20.714701294154107], [87.0179151105614, 20.714701294154107], [87.0179151105614, 20.716857250835993], [87.01764561597616, 20.716857250835993], [87.01764561597616, 20.715509777909816], [87.01737612139094, 20.715509777909816], [87.01737612139094, 20.714970788739343], [87.0171066268057, 20.714970788739343], [87.0171066268057, 20.714162304983635], [87.01683713222046, 20.714162304983635], [87.01683713222046, 20.713623315813166], [87.01656763763522, 20.713623315813166], [87.01656763763522, 20.713084326642694], [87.01629814305, 20.713084326642694], [87.01629814305, 20.712814832057457], [87.01602864846475, 20.712814832057457], [87.01602864846475, 20.712275842886985], [87.01575915387951, 20.712275842886985], [87.01575915387951, 20.71200634830175], [87.01548965929427, 20.71200634830175], [87.01548965929427, 20.711736853716513], [87.01522016470905, 20.711736853716513], [87.01522016470905, 20.71119786454604], [87.01495067012381, 20.71119786454604], [87.01495067012381, 20.7101198862051], [87.01468117553857, 20.7101198862051], [87.01468117553857, 20.709850391619863], [87.01360319719763, 20.709850391619863], [87.01360319719763, 20.709580897034627], [87.01279471344192, 20.709580897034627], [87.01279471344192, 20.70931140244939], [87.01198622968622, 20.70931140244939], [87.01198622968622, 20.709041907864155], [87.01117774593051, 20.709041907864155], [87.01117774593051, 20.70877241327892], [87.0103692621748, 20.70877241327892], [87.0103692621748, 20.708502918693682], [87.00848280007816, 20.708502918693682], [87.00848280007816, 20.708233424108446], [87.00309290837343, 20.708233424108446], [87.00309290837343, 20.708502918693682], [87.00228442461773, 20.708502918693682], [87.00228442461773, 20.70931140244939], [87.00255391920297, 20.70931140244939], [87.00255391920297, 20.709580897034627], [87.00282341378819, 20.709580897034627], [87.00282341378819, 20.709850391619863], [87.00309290837343, 20.709850391619863], [87.00309290837343, 20.7101198862051], [87.00336240295867, 20.7101198862051], [87.00336240295867, 20.710389380790335], [87.0036318975439, 20.710389380790335], [87.0036318975439, 20.71065887537557], [87.00390139212914, 20.71065887537557], [87.00390139212914, 20.710928369960804], [87.00417088671438, 20.710928369960804], [87.00417088671438, 20.71119786454604], [87.00444038129962, 20.71119786454604], [87.00444038129962, 20.711467359131277], [87.00470987588484, 20.711467359131277], [87.00470987588484, 20.711736853716513], [87.00524886505532, 20.711736853716513], [87.00524886505532, 20.71200634830175], [87.00551835964056, 20.71200634830175], [87.00551835964056, 20.712275842886985], [87.00578785422579, 20.712275842886985], [87.00578785422579, 20.712814832057457], [87.00605734881103, 20.712814832057457], [87.00605734881103, 20.713084326642694], [87.00632684339627, 20.713084326642694], [87.00632684339627, 20.71335382122793], [87.00659633798149, 20.71335382122793], [87.00659633798149, 20.7138928103984], [87.00686583256673, 20.7138928103984], [87.00686583256673, 20.714162304983635], [87.00713532715197, 20.714162304983635], [87.00713532715197, 20.714970788739343], [87.00740482173721, 20.714970788739343], [87.00740482173721, 20.71524028332458], [87.00767431632244, 20.71524028332458], [87.00767431632244, 20.715779272495052], [87.00794381090768, 20.715779272495052], [87.00794381090768, 20.716318261665524], [87.00821330549292, 20.716318261665524], [87.00821330549292, 20.71658775625076], [87.00848280007816, 20.71658775625076], [87.00848280007816, 20.71712674542123], [87.00875229466338, 20.71712674542123], [87.00875229466338, 20.717396240006465], [87.00902178924862, 20.717396240006465], [87.00902178924862, 20.7176657345917], [87.00929128383386, 20.7176657345917], [87.00929128383386, 20.717935229176938], [87.00956077841909, 20.717935229176938], [87.00956077841909, 20.718204723762174], [87.00983027300433, 20.718204723762174], [87.00983027300433, 20.71847421834741], [87.01009976758957, 20.71847421834741], [87.01009976758957, 20.719013207517882], [87.00983027300433, 20.719013207517882], [87.00983027300433, 20.719552196688355], [87.00956077841909, 20.719552196688355]]]}, "properties": {"change": "GAINED", "areaHa": 36.0}}, {"type": "Feature", "geometry": {"geodesic": false, "type": "Polygon", "coordinates": [[[86.88128135584682, 20.683170427681514], [86.88128135584682, 20.682900933096278], [86.88074236667636, 20.682900933096278], [86.88074236667636, 20.68263143851104], [86.88047287209112, 20.68263143851104], [86.88047287209112, 20.682361943925805], [86.88020337750588, 20.682361943925805], [86.88020337750588, 20.68209244934057], [86.87993388292064, 20.68209244934057], [86.87993388292064, 20.681822954755333], [86.87966438833541, 20.681822954755333], [86.87966438833541, 20.681553460170097], [86.87912539916493, 20.681553460170097], [86.87912539916493, 20.68128396558486], [86.87885590457971, 20.68128396558486], [86.87885590457971, 20.681014470999624], [86.87858640999447, 20.681014470999624], [86.87858640999447, 20.68074497641439], [86.87831691540923, 20.68074497641439], [86.87831691540923, 20.680475481829156], [86.87804742082399, 20.680475481829156], [86.87804742082399, 20.68020598724392], [86.87777792623876, 20.68020598724392], [86.87777792623876, 20.679936492658683], [86.87750843165352, 20.679936492658683], [86.87750843165352, 20.679666998073447], [86.87723893706828, 20.679666998073447], [86.87723893706828, 20.67939750348821], [86.87696944248304, 20.67939750348821], [86.87696944248304, 20.679128008902975], [86.87669994789782, 20.679128008902975], [86.87669994789782, 20.67885851431774], [86.87643045331258, 20.67885851431774], [86.87643045331258, 20.678589019732502], [86.87616095872734, 20.678589019732502], [86.87616095872734, 20.678319525147266], [86.87589146414211, 20.678319525147266], [86.87589146414211, 20.67805003056203], [86.87562196955687, 20.67805003056203], [86.87562196955687, 20.677780535976794], [86.87535247497163, 20.677780535976794], [86.87535247497163, 20.67751104139156], [86.87481348580117, 20.67751104139156], [86.87481348580117, 20.677241546806325], [86.87427449663069, 20.677241546806325], [86.87427449663069, 20.67697205222109], [86.87400500204545, 20.67697205222109], [86.87400500204545, 20.676702557635853], [86.87373550746022, 20.676702557635853], [86.87373550746022, 20.676433063050617], [86.87346601287499, 20.676433063050617], [86.87346601287499, 20.67616356846538], [86.87319651828975, 20.67616356846538], [86.87319651828975, 20.675894073880144], [86.87292702370452, 20.675894073880144], [86.87292702370452, 20.675624579294908], [86.87265752911928, 20.675624579294908], [86.87265752911928, 20.675355084709672], [86.87238803453404, 20.675355084709672], [86.87238803453404, 20.675085590124436], [86.8721185399488, 20.675085590124436], [86.8721185399488, 20.6748160955392], [86.87184904536358, 20.6748160955392], [86.87184904536358, 20.674546600953963], [86.87157955077834, 20.674546600953963], [86.87157955077834, 20.67427710636873], [86.8713100561931, 20.67427710636873], [86.8713100561931, 20.674007611783495], [86.87104056160786, 20.674007611783495], [86.87104056160786, 20.67373811719826], [86.87077106702263, 20.67373811719826], [86.87077106702263, 20.673468622613022], [86.87050157243739, 20.673468622613022], [86.87050157243739, 20.673199128027786], [86.87023207785215, 20.673199128027786], [86.87023207785215, 20.67292963344255], [86.86996258326693, 20.67292963344255], [86.86996258326693, 20.672390644272078], [86.86969308868169, 20.672390644272078], [86.86969308868169, 20.67212114968684], [86.86942359409645, 20.67212114968684], [86.86942359409645, 20.67158216051637], [86.8691540995112, 20.67158216051637], [86.8691540995112, 20.670773676760664], [86.86888460492598, 20.670773676760664], [86.86888460492598, 20.669426203834483], [86.86942359409645, 20.669426203834483], [86.86942359409645, 20.66969569841972], [86.86996258326693, 20.66969569841972], [86.86996258326693, 20.669965193004955], [86.87023207785215, 20.669965193004955], [86.87023207785215, 20.67023468759019], [86.87050157243739, 20.67023468759019], [86.87050157243739, 20.670504182175428], [86.87104056160786, 20.670504182175428], [86.87104056160786, 20.670773676760664], [86.86996258326693, 20.670773676760664], [86.86996258326693, 20.670504182175428], [86.86942359409645, 20.670504182175428], [86.86942359409645, 20.670773676760664], [86.86969308868169, 20.670773676760664], [86.86969308868169, 20.671312665931136], [86.86996258326693, 20.671312665931136], [86.86996258326693, 20.67158216051637], [86.87023207785215, 20.67158216051637], [86.87023207785215, 20.671851655101605], [86.87050157243739, 20.671851655101605], [86.87050157243739, 20.67212114968684], [86.87104056160786, 20.67212114968684], [86.87104056160786, 20.672390644272078], [86.8713100561931, 20.672390644272078], [86.8713100561931, 20.672660138857314], [86.87157955077834, 20.672660138857314], [86.87157955077834, 20.67292963344255], [86.8721185399488, 20.67292963344255], [86.8721185399488, 20.673199128027786], [86.87238803453404, 20.673199128027786], [86.87238803453404, 20.673468622613022], [86.87265752911928, 20.673468622613022], [86.87265752911928, 20.67373811719826], [86.87292702370452, 20.67373811719826], [86.87292702370452, 20.674007611783495], [86.87319651828975, 20.674007611783495], [86.87319651828975, 20.67427710636873], [86.87346601287499, 20.67427710636873], [86.87346601287499, 20.674546600953963], [86.87373550746022, 20.674546600953963], [86.87373550746022, 20.6748160955392], [86.87400500204545, 20.6748160955392], [86.87400500204545, 20.675085590124436], [86.87427449663069, 20.675085590124436], [86.87427449663069, 20.675355084709672], [86.87454399121593, 20.675355084709672], [86.87454399121593, 20.675624579294908], [86.87481348580117, 20.675624579294908], [86.87481348580117, 20.675894073880144], [86.87535247497163, 20.675894073880144], [86.87535247497163, 20.67616356846538], [86.87562196955687, 20.67616356846538], [86.87562196955687, 20.676433063050617], [86.87589146414211, 20.676433063050617], [86.87589146414211, 20.676702557635853], [86.87616095872734, 20.676702557635853], [86.87616095872734, 20.67697205222109], [86.87643045331258, 20.67697205222109], [86.87643045331258, 20.677241546806325], [86.87669994789782, 20.677241546806325], [86.87669994789782, 20.67697205222109], [86.87696944248304, 20.67697205222109], [86.87696944248304, 20.676702557635853], [86.87723893706828, 20.676702557635853], [86.87723893706828, 20.67697205222109], [86.87750843165352, 20.67697205222109], [86.87750843165352, 20.67751104139156], [86.87777792623876, 20.67751104139156], [86.87777792623876, 20.677780535976794], [86.87804742082399, 20.677780535976794], [86.87804742082399, 20.67805003056203], [86.87831691540923, 20.67805003056203], [86.87831691540923, 20.678589019732502], [86.87858640999447, 20.678589019732502], [86.87858640999447, 20.67885851431774], [86.87885590457971, 20.67885851431774], [86.87885590457971, 20.679128008902975], [86.87912539916493, 20.679128008902975], [86.87912539916493, 20.67939750348821], [86.87939489375017, 20.67939750348821], [86.87939489375017, 20.679666998073447], [86.87966438833541, 20.679666998073447], [86.87966438833541, 20.679936492658683], [86.87993388292064, 20.679936492658683], [86.87993388292064, 20.68020598724392], [86.88020337750588, 20.68020598724392], [86.88020337750588, 20.68074497641439], [86.88047287209112, 20.68074497641439], [86.88047287209112, 20.681014470999624], [86.88074236667636, 20.681014470999624], [86.88074236667636, 20.68128396558486], [86.88101186126158, 20.68128396558486], [86.88101186126158, 20.681822954755333], [86.88128135584682, 20.681822954755333], [86.88128135584682, 20.68209244934057], [86.88155085043206, 20.68209244934057], [86.88155085043206, 20.68263143851104], [86.8818203450173, 20.68263143851104], [86.8818203450173, 20.682900933096278], [86.88155085043206, 20.682900933096278], [86.88155085043206, 20.683170427681514], [86.88128135584682, 20.683170427681514]]]}, "properties": {"change": "GAINED", "areaHa": 27.5}}, {"type": "Feature", "geometry": {"geodesic": false, "type": "Polygon", "coordinates": [[[87.00309290837343, 20.750005084820003], [87.00309290837343, 20.749466095649534], [87.00336240295867, 20.749466095649534], [87.00336240295867, 20.748927106479062], [87.0036318975439, 20.748927106479062], [87.0036318975439, 20.748657611893826], [87.00390139212914, 20.748657611893826], [87.00390139212914, 20.74838811730859], [87.00417088671438, 20.74838811730859], [87.00417088671438, 20.74757963355288], [87.00444038129962, 20.74757963355288], [87.00444038129962, 20.747310138967645], [87.00470987588484, 20.747310138967645], [87.00470987588484, 20.74704064438241], [87.00497937047008, 20.74704064438241], [87.00497937047008, 20.746771149797176], [87.00524886505532, 20.746771149797176], [87.00524886505532, 20.74650165521194], [87.00551835964056, 20.74650165521194], [87.00551835964056, 20.746232160626704], [87.00578785422579, 20.746232160626704], [87.00578785422579, 20.745962666041468], [87.00605734881103, 20.745962666041468], [87.00605734881103, 20.745423676870995], [87.00632684339627, 20.745423676870995], [87.00632684339627, 20.744884687700523], [87.00659633798149, 20.744884687700523], [87.00659633798149, 20.744615193115287], [87.00686583256673, 20.744615193115287], [87.00686583256673, 20.74434569853005], [87.00713532715197, 20.74434569853005], [87.00713532715197, 20.744076203944815], [87.00740482173721, 20.744076203944815], [87.00740482173721, 20.743806709359582], [87.00767431632244, 20.743806709359582], [87.00767431632244, 20.743537214774346], [87.00794381090768, 20.743537214774346], [87.00794381090768, 20.746232160626704], [87.00767431632244, 20.746232160626704], [87.00767431632244, 20.748118622723354], [87.00740482173721, 20.748118622723354], [87.00740482173721, 20.748927106479062], [87.00713532715197, 20.748927106479062], [87.00713532715197, 20.750005084820003], [87.00309290837343, 20.750005084820003]]]}, "properties": {"change": "LOST", "areaHa": 18.6}}, {"type": "Feature", "geometry": {"geodesic": false, "type": "Polygon", "coordinates": [[[86.85945229444272, 20.67158216051637], [86.85945229444272, 20.671312665931136], [86.85918279985748, 20.671312665931136], [86.85918279985748, 20.6710431713459], [86.85891330527225, 20.6710431713459], [86.85891330527225, 20.670773676760664], [86.85864381068701, 20.670773676760664], [86.85864381068701, 20.670504182175428], [86.85837431610177, 20.670504182175428], [86.85837431610177, 20.67023468759019], [86.85783532693131, 20.67023468759019], [86.85783532693131, 20.669965193004955], [86.85756583234607, 20.669965193004955], [86.85756583234607, 20.669426203834483], [86.85729633776083, 20.669426203834483], [86.85729633776083, 20.669156709249247], [86.8570268431756, 20.669156709249247], [86.8570268431756, 20.66888721466401], [86.85675734859036, 20.66888721466401], [86.85675734859036, 20.668617720078775], [86.85648785400512, 20.668617720078775], [86.85648785400512, 20.668078730908306], [86.85621835941988, 20.668078730908306], [86.85621835941988, 20.666731257982125], [86.85648785400512, 20.666731257982125], [86.85648785400512, 20.666192268811653], [86.85675734859036, 20.666192268811653], [86.85675734859036, 20.66565327964118], [86.8570268431756, 20.66565327964118], [86.8570268431756, 20.665383785055948], [86.85729633776083, 20.665383785055948], [86.85729633776083, 20.66511429047071], [86.85756583234607, 20.66511429047071], [86.85756583234607, 20.664844795885475], [86.85783532693131, 20.664844795885475], [86.85783532693131, 20.66457530130024], [86.85810482151653, 20.66457530130024], [86.85810482151653, 20.664305806715003], [86.85864381068701, 20.664305806715003], [86.85864381068701, 20.664036312129767], [86.86026077819842, 20.664036312129767], [86.86026077819842, 20.664305806715003], [86.8607997673689, 20.664305806715003], [86.8607997673689, 20.66457530130024], [86.86133875653937, 20.66457530130024], [86.86133875653937, 20.664844795885475], [86.86160825112461, 20.664844795885475], [86.86160825112461, 20.66511429047071], [86.86187774570985, 20.66511429047071], [86.86187774570985, 20.665383785055948], [86.86268622946555, 20.665383785055948], [86.86268622946555, 20.66565327964118], [86.86295572405079, 20.66565327964118], [86.86295572405079, 20.665922774226416], [86.86322521863602, 20.665922774226416], [86.86322521863602, 20.666192268811653], [86.86268622946555, 20.666192268811653], [86.86268622946555, 20.665922774226416], [86.86214724029507, 20.665922774226416], [86.86214724029507, 20.66565327964118], [86.86160825112461, 20.66565327964118], [86.86160825112461, 20.665383785055948], [86.86106926195413, 20.665383785055948], [86.86106926195413, 20.66511429047071], [86.86053027278366, 20.66511429047071], [86.86053027278366, 20.664844795885475], [86.85945229444272, 20.664844795885475], [86.85945229444272, 20.66511429047071], [86.85918279985748, 20.66511429047071], [86.85918279985748, 20.665383785055948], [86.85891330527225, 20.665383785055948], [86.85891330527225, 20.66565327964118], [86.85864381068701, 20.66565327964118], [86.85864381068701, 20.665922774226416], [86.85837431610177, 20.665922774226416], [86.85837431610177, 20.666192268811653], [86.85783532693131, 20.666192268811653], [86.85783532693131, 20.66646176339689], [86.85756583234607, 20.66646176339689], [86.85756583234607, 20.668348225493542], [86.85783532693131, 20.668348225493542], [86.85783532693131, 20.66888721466401], [86.85810482151653, 20.66888721466401], [86.85810482151653, 20.669426203834483], [86.85837431610177, 20.669426203834483], [86.85837431610177, 20.66969569841972], [86.85864381068701, 20.66969569841972], [86.85864381068701, 20.669965193004955], [86.85891330527225, 20.669965193004955], [86.85891330527225, 20.670504182175428], [86.85918279985748, 20.670504182175428], [86.85918279985748, 20.670773676760664], [86.85945229444272, 20.670773676760664], [86.85945229444272, 20.6710431713459], [86.85972178902796, 20.6710431713459], [86.85972178902796, 20.67158216051637], [86.85945229444272, 20.67158216051637]]]}, "properties": {"change": "GAINED", "areaHa": 12.9}}, {"type": "Feature", "geometry": {"geodesic": false, "type": "Polygon", "coordinates": [[[87.04432557991451, 20.72251663712595], [87.04432557991451, 20.722247142540713], [87.04405608532929, 20.722247142540713], [87.04405608532929, 20.72170815337024], [87.04378659074405, 20.72170815337024], [87.04378659074405, 20.72036068044406], [87.04405608532929, 20.72036068044406], [87.04405608532929, 20.71928270210312], [87.04432557991451, 20.71928270210312], [87.04432557991451, 20.719013207517882], [87.044864569085, 20.719013207517882], [87.044864569085, 20.718743712932646], [87.04594254742594, 20.718743712932646], [87.04594254742594, 20.71847421834741], [87.04675103118164, 20.71847421834741], [87.04675103118164, 20.718743712932646], [87.04809850410781, 20.718743712932646], [87.04809850410781, 20.719013207517882], [87.04836799869305, 20.719013207517882], [87.04836799869305, 20.71928270210312], [87.04809850410781, 20.71928270210312], [87.04809850410781, 20.719552196688355], [87.04782900952259, 20.719552196688355], [87.04782900952259, 20.719821691273587], [87.04755951493735, 20.719821691273587], [87.04755951493735, 20.720091185858823], [87.04729002035211, 20.720091185858823], [87.04729002035211, 20.72036068044406], [87.04702052576688, 20.72036068044406], [87.04702052576688, 20.720630175029296], [87.04675103118164, 20.720630175029296], [87.04675103118164, 20.720899669614532], [87.04594254742594, 20.720899669614532], [87.04594254742594, 20.721169164199768], [87.0456730528407, 20.721169164199768], [87.0456730528407, 20.721438658785004], [87.04540355825546, 20.721438658785004], [87.04540355825546, 20.721977647955477], [87.04513406367022, 20.721977647955477], [87.04513406367022, 20.722247142540713], [87.044864569085, 20.722247142540713], [87.044864569085, 20.72251663712595], [87.04432557991451, 20.72251663712595]]]}, "properties": {"change": "LOST", "areaHa": 11.7}}, {"type": "Feature", "geometry": {"geodesic": false, "type": "Polygon", "coordinates": [[[86.8570268431756, 20.671851655101605], [86.8570268431756, 20.671312665931136], [86.85675734859036, 20.671312665931136], [86.85675734859036, 20.6710431713459], [86.85648785400512, 20.6710431713459], [86.85648785400512, 20.670504182175428], [86.85621835941988, 20.670504182175428], [86.85621835941988, 20.669965193004955], [86.85594886483466, 20.669965193004955], [86.85594886483466, 20.669426203834483], [86.85567937024942, 20.669426203834483], [86.85567937024942, 20.66888721466401], [86.85540987566418, 20.66888721466401], [86.85540987566418, 20.668348225493542], [86.85514038107894, 20.668348225493542], [86.85514038107894, 20.668078730908306], [86.85487088649371, 20.668078730908306], [86.85487088649371, 20.666192268811653], [86.85514038107894, 20.666192268811653], [86.85514038107894, 20.665383785055948], [86.85540987566418, 20.665383785055948], [86.85540987566418, 20.664844795885475], [86.85567937024942, 20.664844795885475], [86.85567937024942, 20.66457530130024], [86.85594886483466, 20.66457530130024], [86.85594886483466, 20.664305806715003], [86.85621835941988, 20.664305806715003], [86.85621835941988, 20.664036312129767], [86.85648785400512, 20.664036312129767], [86.85648785400512, 20.66376681754453], [86.8570268431756, 20.66376681754453], [86.8570268431756, 20.663497322959294], [86.85756583234607, 20.663497322959294], [86.85756583234607, 20.66322782837406], [86.85837431610177, 20.66322782837406], [86.85837431610177, 20.662958333788822], [86.85972178902796, 20.662958333788822], [86.85972178902796, 20.66322782837406], [86.85945229444272, 20.66322782837406], [86.85945229444272, 20.663497322959294], [86.85918279985748, 20.663497322959294], [86.85918279985748, 20.66376681754453], [86.85891330527225, 20.66376681754453], [86.85891330527225, 20.664036312129767], [86.85783532693131, 20.664036312129767], [86.85783532693131, 20.664305806715003], [86.85729633776083, 20.664305806715003], [86.85729633776083, 20.66457530130024], [86.8570268431756, 20.66457530130024], [86.8570268431756, 20.664844795885475], [86.85675734859036, 20.664844795885475], [86.85675734859036, 20.66511429047071], [86.85648785400512, 20.66511429047071], [86.85648785400512, 20.665383785055948], [86.85621835941988, 20.665383785055948], [86.85621835941988, 20.66565327964118], [86.85594886483466, 20.66565327964118], [86.85594886483466, 20.667539741737833], [86.85621835941988, 20.667539741737833], [86.85621835941988, 20.668617720078775], [86.85648785400512, 20.668617720078775], [86.85648785400512, 20.669426203834483], [86.85675734859036, 20.669426203834483], [86.85675734859036, 20.669965193004955], [86.8570268431756, 20.669965193004955], [86.8570268431756, 20.6710431713459], [86.85729633776083, 20.6710431713459], [86.85729633776083, 20.671851655101605], [86.8570268431756, 20.671851655101605]]]}, "properties": {"change": "LOST", "areaHa": 11.0}}, {"type": "Feature", "geometry": {"geodesic": false, "type": "Polygon", "coordinates": [[[86.86592016448839, 20.734643893461563], [86.86592016448839, 20.734374398876326], [86.8645726915622, 20.734374398876326], [86.8645726915622, 20.73410490429109], [86.86403370239174, 20.73410490429109], [86.86403370239174, 20.733835409705854], [86.8637642078065, 20.733835409705854], [86.8637642078065, 20.733296420535382], [86.86349471322126, 20.733296420535382], [86.86349471322126, 20.73275743136491], [86.86322521863602, 20.73275743136491], [86.86322521863602, 20.732218442194437], [86.86295572405079, 20.732218442194437], [86.86295572405079, 20.731140463853496], [86.86268622946555, 20.731140463853496], [86.86268622946555, 20.73087096926826], [86.86241673488031, 20.73087096926826], [86.86241673488031, 20.730601474683024], [86.86214724029507, 20.730601474683024], [86.86214724029507, 20.730331980097787], [86.86187774570985, 20.730331980097787], [86.86187774570985, 20.73006248551255], [86.86160825112461, 20.73006248551255], [86.86160825112461, 20.729792990927315], [86.86133875653937, 20.729792990927315], [86.86133875653937, 20.72952349634208], [86.86106926195413, 20.72952349634208], [86.86106926195413, 20.729254001756843], [86.8607997673689, 20.729254001756843], [86.8607997673689, 20.728984507171607], [86.86053027278366, 20.728984507171607], [86.86053027278366, 20.728715012586374], [86.86026077819842, 20.728715012586374], [86.86026077819842, 20.7281760234159], [86.8599912836132, 20.7281760234159], [86.8599912836132, 20.727906528830665], [86.85972178902796, 20.727906528830665], [86.85972178902796, 20.72763703424543], [86.85945229444272, 20.72763703424543], [86.85945229444272, 20.727367539660193], [86.85918279985748, 20.727367539660193], [86.85918279985748, 20.727098045074957], [86.85972178902796, 20.727098045074957], [86.85972178902796, 20.727367539660193], [86.8599912836132, 20.727367539660193], [86.8599912836132, 20.72763703424543], [86.86026077819842, 20.72763703424543], [86.86026077819842, 20.727906528830665], [86.86053027278366, 20.727906528830665], [86.86053027278366, 20.7281760234159], [86.8607997673689, 20.7281760234159], [86.8607997673689, 20.728445518001138], [86.86106926195413, 20.728445518001138], [86.86106926195413, 20.728715012586374], [86.86133875653937, 20.728715012586374], [86.86133875653937, 20.728984507171607], [86.86160825112461, 20.728984507171607], [86.86160825112461, 20.729254001756843], [86.86187774570985, 20.729254001756843], [86.86187774570985, 20.72952349634208], [86.86241673488031, 20.72952349634208], [86.86241673488031, 20.729792990927315], [86.86268622946555, 20.729792990927315], [86.86268622946555, 20.73006248551255], [86.86295572405079, 20.73006248551255], [86.86295572405079, 20.730331980097787], [86.86322521863602, 20.730331980097787], [86.86322521863602, 20.73087096926826], [86.86349471322126, 20.73087096926826], [86.86349471322126, 20.731409958438732], [86.8637642078065, 20.731409958438732], [86.8637642078065, 20.732487936779673], [86.86403370239174, 20.732487936779673], [86.86403370239174, 20.733296420535382], [86.86430319697696, 20.733296420535382], [86.86430319697696, 20.733565915120618], [86.86484218614744, 20.733565915120618], [86.86484218614744, 20.733835409705854], [86.86618965907361, 20.733835409705854], [86.86618965907361, 20.734374398876326], [86.86645915365885, 20.734374398876326], [86.86645915365885, 20.734643893461563], [86.86592016448839, 20.734643893461563]]]}, "properties": {"change": "GAINED", "areaHa": 7.2}}, {"type": "Feature", "geometry": {"geodesic": false, "type": "Polygon", "coordinates": [[[86.92790391909263, 20.63708685360618], [86.92790391909263, 20.636817359020945], [86.92763442450739, 20.636817359020945], [86.92763442450739, 20.63708685360618], [86.92655644616644, 20.63708685360618], [86.92655644616644, 20.636817359020945], [86.92601745699598, 20.636817359020945], [86.92601745699598, 20.63654786443571], [86.92574796241074, 20.63654786443571], [86.92574796241074, 20.636278369850473], [86.9254784678255, 20.636278369850473], [86.9254784678255, 20.636008875265237], [86.92520897324027, 20.636008875265237], [86.92520897324027, 20.63573938068], [86.92493947865503, 20.63573938068], [86.92493947865503, 20.635469886094764], [86.92413099489933, 20.635469886094764], [86.92413099489933, 20.63520039150953], [86.92386150031409, 20.63520039150953], [86.92386150031409, 20.634930896924295], [86.92359200572885, 20.634930896924295], [86.92359200572885, 20.63466140233906], [86.92332251114362, 20.63466140233906], [86.92332251114362, 20.634122413168587], [86.92305301655838, 20.634122413168587], [86.92305301655838, 20.63385291858335], [86.92278352197314, 20.63385291858335], [86.92278352197314, 20.633583423998115], [86.92305301655838, 20.633583423998115], [86.92305301655838, 20.63331392941288], [86.92332251114362, 20.63331392941288], [86.92332251114362, 20.633583423998115], [86.92359200572885, 20.633583423998115], [86.92359200572885, 20.63385291858335], [86.92386150031409, 20.63385291858335], [86.92386150031409, 20.634122413168587], [86.92440048948455, 20.634122413168587], [86.92440048948455, 20.634391907753823], [86.9246699840698, 20.634391907753823], [86.9246699840698, 20.63466140233906], [86.9254784678255, 20.63466140233906], [86.9254784678255, 20.634930896924295], [86.92574796241074, 20.634930896924295], [86.92574796241074, 20.63520039150953], [86.92601745699598, 20.63520039150953], [86.92601745699598, 20.635469886094764], [86.92655644616644, 20.635469886094764], [86.92655644616644, 20.63573938068], [86.92682594075168, 20.63573938068], [86.92682594075168, 20.636008875265237], [86.92736492992216, 20.636008875265237], [86.92736492992216, 20.636278369850473], [86.92817341367787, 20.636278369850473], [86.92817341367787, 20.63654786443571], [86.9284429082631, 20.63654786443571], [86.9284429082631, 20.63708685360618], [86.92790391909263, 20.63708685360618]]]}, "properties": {"change": "LOST", "areaHa": 6.7}}, {"type": "Feature", "geometry": {"geodesic": false, "type": "Polygon", "coordinates": [[[87.01602864846475, 20.723055626296418], [87.01602864846475, 20.72278613171118], [87.01548965929427, 20.72278613171118], [87.01548965929427, 20.72251663712595], [87.01495067012381, 20.72251663712595], [87.01495067012381, 20.722247142540713], [87.01468117553857, 20.722247142540713], [87.01468117553857, 20.721977647955477], [87.01575915387951, 20.721977647955477], [87.01575915387951, 20.72170815337024], [87.01602864846475, 20.72170815337024], [87.01602864846475, 20.721438658785004], [87.01629814305, 20.721438658785004], [87.01629814305, 20.721169164199768], [87.01656763763522, 20.721169164199768], [87.01656763763522, 20.720630175029296], [87.01683713222046, 20.720630175029296], [87.01683713222046, 20.720091185858823], [87.0171066268057, 20.720091185858823], [87.0171066268057, 20.719821691273587], [87.01737612139094, 20.719821691273587], [87.01737612139094, 20.71928270210312], [87.01764561597616, 20.71928270210312], [87.01764561597616, 20.718743712932646], [87.0179151105614, 20.718743712932646], [87.0179151105614, 20.719552196688355], [87.01764561597616, 20.719552196688355], [87.01764561597616, 20.72251663712595], [87.01737612139094, 20.72251663712595], [87.01737612139094, 20.72278613171118], [87.0171066268057, 20.72278613171118], [87.0171066268057, 20.723055626296418], [87.01602864846475, 20.723055626296418]]]}, "properties": {"change": "LOST", "areaHa": 6.0}}, {"type": "Feature", "geometry": {"geodesic": false, "type": "Polygon", "coordinates": [[[86.88128135584682, 20.71200634830175], [86.88128135584682, 20.711736853716513], [86.88155085043206, 20.711736853716513], [86.88155085043206, 20.711467359131277], [86.8818203450173, 20.711467359131277], [86.8818203450173, 20.71119786454604], [86.88208983960253, 20.71119786454604], [86.88208983960253, 20.710928369960804], [86.88235933418777, 20.710928369960804], [86.88235933418777, 20.71065887537557], [86.88262882877301, 20.71065887537557], [86.88262882877301, 20.710389380790335], [86.88289832335823, 20.710389380790335], [86.88289832335823, 20.7101198862051], [86.88316781794347, 20.7101198862051], [86.88316781794347, 20.709580897034627], [86.88343731252871, 20.709580897034627], [86.88343731252871, 20.70931140244939], [86.88370680711395, 20.70931140244939], [86.88370680711395, 20.70877241327892], [86.88397630169918, 20.70877241327892], [86.88397630169918, 20.708502918693682], [86.88424579628442, 20.708502918693682], [86.88424579628442, 20.707694434937974], [86.88397630169918, 20.707694434937974], [86.88397630169918, 20.707155445767505], [86.88370680711395, 20.707155445767505], [86.88370680711395, 20.70688595118227], [86.88343731252871, 20.70688595118227], [86.88343731252871, 20.706616456597033], [86.88316781794347, 20.706616456597033], [86.88316781794347, 20.70607746742656], [86.88289832335823, 20.70607746742656], [86.88289832335823, 20.705807972841324], [86.88262882877301, 20.705807972841324], [86.88262882877301, 20.705538478256088], [86.88235933418777, 20.705538478256088], [86.88235933418777, 20.70526898367085], [86.88208983960253, 20.70526898367085], [86.88208983960253, 20.704999489085615], [86.8818203450173, 20.704999489085615], [86.8818203450173, 20.70472999450038], [86.88235933418777, 20.70472999450038], [86.88235933418777, 20.704999489085615], [86.88262882877301, 20.704999489085615], [86.88262882877301, 20.70526898367085], [86.88289832335823, 20.70526898367085], [86.88289832335823, 20.705538478256088], [86.88316781794347, 20.705538478256088], [86.88316781794347, 20.705807972841324], [86.88370680711395, 20.705807972841324], [86.88370680711395, 20.70607746742656], [86.88397630169918, 20.70607746742656], [86.88397630169918, 20.706346962011796], [86.88424579628442, 20.706346962011796], [86.88424579628442, 20.706616456597033], [86.88451529086966, 20.706616456597033], [86.88451529086966, 20.70931140244939], [86.88424579628442, 20.70931140244939], [86.88424579628442, 20.709850391619863], [86.88397630169918, 20.709850391619863], [86.88397630169918, 20.7101198862051], [86.88370680711395, 20.7101198862051], [86.88370680711395, 20.710389380790335], [86.88343731252871, 20.710389380790335], [86.88343731252871, 20.71065887537557], [86.88316781794347, 20.71065887537557], [86.88316781794347, 20.710928369960804], [86.88262882877301, 20.710928369960804], [86.88262882877301, 20.71119786454604], [86.88235933418777, 20.71119786454604], [86.88235933418777, 20.711467359131277], [86.88208983960253, 20.711467359131277], [86.88208983960253, 20.711736853716513], [86.8818203450173, 20.711736853716513], [86.8818203450173, 20.71200634830175], [86.88128135584682, 20.71200634830175]]]}, "properties": {"change": "GAINED", "areaHa": 5.6}}, {"type": "Feature", "geometry": {"geodesic": false, "type": "Polygon", "coordinates": [[[87.00767431632244, 20.743537214774346], [87.00767431632244, 20.74192024726293], [87.00740482173721, 20.74192024726293], [87.00740482173721, 20.740842268921988], [87.00713532715197, 20.740842268921988], [87.00713532715197, 20.74003378516628], [87.00686583256673, 20.74003378516628], [87.00686583256673, 20.73922530141057], [87.00659633798149, 20.73922530141057], [87.00659633798149, 20.73787782848439], [87.00686583256673, 20.73787782848439], [87.00686583256673, 20.738416817654862], [87.00713532715197, 20.738416817654862], [87.00713532715197, 20.738955806825334], [87.00740482173721, 20.738955806825334], [87.00740482173721, 20.73922530141057], [87.00767431632244, 20.73922530141057], [87.00767431632244, 20.74003378516628], [87.00794381090768, 20.74003378516628], [87.00794381090768, 20.74057277433675], [87.00821330549292, 20.74057277433675], [87.00821330549292, 20.74111176350722], [87.00848280007816, 20.74111176350722], [87.00848280007816, 20.741650752677693], [87.00875229466338, 20.741650752677693], [87.00875229466338, 20.742728731018637], [87.00848280007816, 20.742728731018637], [87.00848280007816, 20.742998225603873], [87.00821330549292, 20.742998225603873], [87.00821330549292, 20.74326772018911], [87.00794381090768, 20.74326772018911], [87.00794381090768, 20.743537214774346], [87.00767431632244, 20.743537214774346]]]}, "properties": {"change": "GAINED", "areaHa": 5.2}}, {"type": "Feature", "geometry": {"geodesic": false, "type": "Polygon", "coordinates": [[[86.85675734859036, 20.589386312019435], [86.85675734859036, 20.5891168174342], [86.85594886483466, 20.5891168174342], [86.85594886483466, 20.588847322848963], [86.85540987566418, 20.588847322848963], [86.85540987566418, 20.588577828263727], [86.85487088649371, 20.588577828263727], [86.85487088649371, 20.588847322848963], [86.85460139190847, 20.588847322848963], [86.85460139190847, 20.58830833367849], [86.85433189732323, 20.58830833367849], [86.85433189732323, 20.588038839093254], [86.85406240273801, 20.588038839093254], [86.85406240273801, 20.58830833367849], [86.85325391898229, 20.58830833367849], [86.85325391898229, 20.58776934450802], [86.85298442439706, 20.58776934450802], [86.85298442439706, 20.587230355337546], [86.85271492981182, 20.587230355337546], [86.85271492981182, 20.58588288241137], [86.85298442439706, 20.58588288241137], [86.85298442439706, 20.585613387826132], [86.85325391898229, 20.585613387826132], [86.85325391898229, 20.58642187158184], [86.85352341356753, 20.58642187158184], [86.85352341356753, 20.586691366167077], [86.85379290815277, 20.586691366167077], [86.85379290815277, 20.587230355337546], [86.85406240273801, 20.587230355337546], [86.85406240273801, 20.587499849922782], [86.85433189732323, 20.587499849922782], [86.85433189732323, 20.58776934450802], [86.85487088649371, 20.58776934450802], [86.85487088649371, 20.588038839093254], [86.85540987566418, 20.588038839093254], [86.85540987566418, 20.58830833367849], [86.85621835941988, 20.58830833367849], [86.85621835941988, 20.588577828263727], [86.85675734859036, 20.588577828263727], [86.85675734859036, 20.588847322848963], [86.85756583234607, 20.588847322848963], [86.85756583234607, 20.589386312019435], [86.85675734859036, 20.589386312019435]]]}, "properties": {"change": "GAINED", "areaHa": 5.0}}, {"type": "Feature", "geometry": {"geodesic": false, "type": "Polygon", "coordinates": [[[86.87750843165352, 20.721977647955477], [86.87750843165352, 20.721169164199768], [86.87723893706828, 20.721169164199768], [86.87723893706828, 20.72036068044406], [86.87696944248304, 20.72036068044406], [86.87696944248304, 20.719013207517882], [86.87669994789782, 20.719013207517882], [86.87669994789782, 20.71712674542123], [86.87643045331258, 20.71712674542123], [86.87643045331258, 20.71658775625076], [86.87696944248304, 20.71658775625076], [86.87696944248304, 20.716048767080288], [86.87669994789782, 20.716048767080288], [86.87669994789782, 20.715509777909816], [86.87723893706828, 20.715509777909816], [86.87723893706828, 20.71524028332458], [86.87750843165352, 20.71524028332458], [86.87750843165352, 20.714970788739343], [86.87777792623876, 20.714970788739343], [86.87777792623876, 20.714701294154107], [86.87804742082399, 20.714701294154107], [86.87804742082399, 20.71443179956887], [86.87831691540923, 20.71443179956887], [86.87831691540923, 20.714162304983635], [86.87885590457971, 20.714162304983635], [86.87885590457971, 20.71443179956887], [86.87858640999447, 20.71443179956887], [86.87858640999447, 20.714701294154107], [86.87831691540923, 20.714701294154107], [86.87831691540923, 20.714970788739343], [86.87804742082399, 20.714970788739343], [86.87804742082399, 20.71524028332458], [86.87777792623876, 20.71524028332458], [86.87777792623876, 20.715509777909816], [86.87750843165352, 20.715509777909816], [86.87750843165352, 20.716048767080288], [86.87723893706828, 20.716048767080288], [86.87723893706828, 20.719821691273587], [86.87750843165352, 20.719821691273587], [86.87750843165352, 20.720899669614532], [86.87777792623876, 20.720899669614532], [86.87777792623876, 20.721977647955477], [86.87750843165352, 20.721977647955477]]]}, "properties": {"change": "GAINED", "areaHa": 4.4}}, {"type": "Feature", "geometry": {"geodesic": false, "type": "Polygon", "coordinates": [[[86.89475608510861, 20.621995156832973], [86.89475608510861, 20.621725662247737], [86.89448659052339, 20.621725662247737], [86.89448659052339, 20.6214561676625], [86.89421709593815, 20.6214561676625], [86.89421709593815, 20.62091717849203], [86.8939476013529, 20.62091717849203], [86.8939476013529, 20.620647683906792], [86.89367810676768, 20.620647683906792], [86.89367810676768, 20.620378189321556], [86.89340861218244, 20.620378189321556], [86.89340861218244, 20.620647683906792], [86.89286962301196, 20.620647683906792], [86.89286962301196, 20.619839200151088], [86.89260012842674, 20.619839200151088], [86.89260012842674, 20.619300210980615], [86.89340861218244, 20.619300210980615], [86.89340861218244, 20.61956970556585], [86.89367810676768, 20.61956970556585], [86.89367810676768, 20.620108694736324], [86.8939476013529, 20.620108694736324], [86.8939476013529, 20.620378189321556], [86.89583406344956, 20.620378189321556], [86.89583406344956, 20.620647683906792], [86.8961035580348, 20.620647683906792], [86.8961035580348, 20.62091717849203], [86.89583406344956, 20.62091717849203], [86.89583406344956, 20.6214561676625], [86.89556456886433, 20.6214561676625], [86.89556456886433, 20.621995156832973], [86.89475608510861, 20.621995156832973]]]}, "properties": {"change": "LOST", "areaHa": 4.3}}, {"type": "Feature", "geometry": {"geodesic": false, "type": "Polygon", "coordinates": [[[86.85567937024942, 20.72763703424543], [86.85567937024942, 20.727367539660193], [86.85406240273801, 20.727367539660193], [86.85406240273801, 20.727098045074957], [86.85352341356753, 20.727098045074957], [86.85352341356753, 20.72682855048972], [86.85298442439706, 20.72682855048972], [86.85298442439706, 20.726559055904485], [86.85271492981182, 20.726559055904485], [86.85271492981182, 20.72628956131925], [86.85244543522658, 20.72628956131925], [86.85244543522658, 20.726020066734012], [86.85217594064135, 20.726020066734012], [86.85217594064135, 20.72575057214878], [86.85190644605612, 20.72575057214878], [86.85190644605612, 20.725211582978307], [86.85163695147088, 20.725211582978307], [86.85163695147088, 20.7244030992226], [86.85190644605612, 20.7244030992226], [86.85190644605612, 20.724672593807835], [86.85217594064135, 20.724672593807835], [86.85217594064135, 20.725211582978307], [86.85244543522658, 20.725211582978307], [86.85244543522658, 20.72575057214878], [86.85271492981182, 20.72575057214878], [86.85271492981182, 20.726020066734012], [86.85298442439706, 20.726020066734012], [86.85298442439706, 20.72628956131925], [86.85352341356753, 20.72628956131925], [86.85352341356753, 20.726559055904485], [86.85406240273801, 20.726559055904485], [86.85406240273801, 20.72682855048972], [86.85621835941988, 20.72682855048972], [86.85621835941988, 20.727098045074957], [86.85648785400512, 20.727098045074957], [86.85648785400512, 20.72682855048972], [86.85756583234607, 20.72682855048972], [86.85756583234607, 20.727367539660193], [86.85648785400512, 20.727367539660193], [86.85648785400512, 20.72763703424543], [86.85567937024942, 20.72763703424543]]]}, "properties": {"change": "GAINED", "areaHa": 4.2}}, {"type": "Feature", "geometry": {"geodesic": false, "type": "Polygon", "coordinates": [[[86.86672864824409, 20.734374398876326], [86.86672864824409, 20.73410490429109], [86.86807612117026, 20.73410490429109], [86.86807612117026, 20.733835409705854], [86.86861511034074, 20.733835409705854], [86.86861511034074, 20.733026925950146], [86.86969308868169, 20.733026925950146], [86.86969308868169, 20.73275743136491], [86.87265752911928, 20.73275743136491], [86.87265752911928, 20.733026925950146], [86.87319651828975, 20.733026925950146], [86.87319651828975, 20.733296420535382], [86.87292702370452, 20.733296420535382], [86.87292702370452, 20.733565915120618], [86.87265752911928, 20.733565915120618], [86.87265752911928, 20.733296420535382], [86.87023207785215, 20.733296420535382], [86.87023207785215, 20.733565915120618], [86.86969308868169, 20.733565915120618], [86.86969308868169, 20.733835409705854], [86.8691540995112, 20.733835409705854], [86.8691540995112, 20.73410490429109], [86.8683456157555, 20.73410490429109], [86.8683456157555, 20.734374398876326], [86.86672864824409, 20.734374398876326]]]}, "properties": {"change": "GAINED", "areaHa": 4.1}}, {"type": "Feature", "geometry": {"geodesic": false, "type": "Polygon", "coordinates": [[[86.98746222242976, 20.698531619039958], [86.98746222242976, 20.698262124454722], [86.98719272784452, 20.698262124454722], [86.98719272784452, 20.697992629869486], [86.98665373867405, 20.697992629869486], [86.98665373867405, 20.697453640699013], [86.98638424408881, 20.697453640699013], [86.98638424408881, 20.697184146113777], [86.98584525491833, 20.697184146113777], [86.98584525491833, 20.69691465152854], [86.9855757603331, 20.69691465152854], [86.9855757603331, 20.69637566235807], [86.98530626574787, 20.69637566235807], [86.98530626574787, 20.695567178602364], [86.98503677116263, 20.695567178602364], [86.98503677116263, 20.694758694846655], [86.98530626574787, 20.694758694846655], [86.98530626574787, 20.69448920026142], [86.9855757603331, 20.69448920026142], [86.9855757603331, 20.695567178602364], [86.98584525491833, 20.695567178602364], [86.98584525491833, 20.696106167772832], [86.98611474950357, 20.696106167772832], [86.98611474950357, 20.696645156943305], [86.98638424408881, 20.696645156943305], [86.98638424408881, 20.69691465152854], [86.98665373867405, 20.69691465152854], [86.98665373867405, 20.697184146113777], [86.98692323325928, 20.697184146113777], [86.98692323325928, 20.697453640699013], [86.98719272784452, 20.697453640699013], [86.98719272784452, 20.69772313528425], [86.98773171701498, 20.69772313528425], [86.98773171701498, 20.697992629869486], [86.99123514662305, 20.697992629869486], [86.99123514662305, 20.698262124454722], [86.98827070618546, 20.698262124454722], [86.98827070618546, 20.698531619039958], [86.98746222242976, 20.698531619039958]]]}, "properties": {"change": "GAINED", "areaHa": 4.0}}, {"type": "Feature", "geometry": {"geodesic": false, "type": "Polygon", "coordinates": [[[86.8637642078065, 20.67939750348821], [86.8637642078065, 20.678589019732502], [86.86349471322126, 20.678589019732502], [86.86349471322126, 20.678319525147266], [86.86322521863602, 20.678319525147266], [86.86322521863602, 20.67805003056203], [86.86295572405079, 20.67805003056203], [86.86295572405079, 20.677780535976794], [86.86268622946555, 20.677780535976794], [86.86268622946555, 20.67751104139156], [86.86214724029507, 20.67751104139156], [86.86214724029507, 20.677241546806325], [86.86187774570985, 20.677241546806325], [86.86187774570985, 20.67697205222109], [86.86160825112461, 20.67697205222109], [86.86160825112461, 20.676702557635853], [86.86106926195413, 20.676702557635853], [86.86106926195413, 20.676433063050617], [86.8607997673689, 20.676433063050617], [86.8607997673689, 20.67616356846538], [86.86053027278366, 20.67616356846538], [86.86053027278366, 20.675624579294908], [86.8607997673689, 20.675624579294908], [86.8607997673689, 20.675894073880144], [86.86106926195413, 20.675894073880144], [86.86106926195413, 20.67616356846538], [86.86133875653937, 20.67616356846538], [86.86133875653937, 20.676433063050617], [86.86187774570985, 20.676433063050617], [86.86187774570985, 20.676702557635853], [86.86268622946555, 20.676702557635853], [86.86268622946555, 20.67697205222109], [86.86295572405079, 20.67697205222109], [86.86295572405079, 20.677241546806325], [86.86349471322126, 20.677241546806325], [86.86349471322126, 20.67751104139156], [86.8637642078065, 20.67751104139156], [86.8637642078065, 20.677780535976794], [86.86403370239174, 20.677780535976794], [86.86403370239174, 20.67805003056203], [86.86430319697696, 20.67805003056203], [86.86430319697696, 20.678319525147266], [86.8645726915622, 20.678319525147266], [86.8645726915622, 20.679128008902975], [86.86430319697696, 20.679128008902975], [86.86430319697696, 20.67939750348821], [86.8637642078065, 20.67939750348821]]]}, "properties": {"change": "GAINED", "areaHa": 3.8}}, {"type": "Feature", "geometry": {"geodesic": false, "type": "Polygon", "coordinates": [[[86.87885590457971, 20.735452377217268], [86.87885590457971, 20.73518288263203], [86.87858640999447, 20.73518288263203], [86.87858640999447, 20.734643893461563], [86.87885590457971, 20.734643893461563], [86.87885590457971, 20.733835409705854], [86.87858640999447, 20.733835409705854], [86.87858640999447, 20.733026925950146], [86.87831691540923, 20.733026925950146], [86.87831691540923, 20.732218442194437], [86.87804742082399, 20.732218442194437], [86.87804742082399, 20.731409958438732], [86.87777792623876, 20.731409958438732], [86.87777792623876, 20.729254001756843], [86.87804742082399, 20.729254001756843], [86.87804742082399, 20.731140463853496], [86.87858640999447, 20.731140463853496], [86.87858640999447, 20.73167945302397], [86.87885590457971, 20.73167945302397], [86.87885590457971, 20.732487936779673], [86.87912539916493, 20.732487936779673], [86.87912539916493, 20.733565915120618], [86.87939489375017, 20.733565915120618], [86.87939489375017, 20.734913388046795], [86.87912539916493, 20.734913388046795], [86.87912539916493, 20.735452377217268], [86.87885590457971, 20.735452377217268]]]}, "properties": {"change": "GAINED", "areaHa": 3.8}}, {"type": "Feature", "geometry": {"geodesic": false, "type": "Polygon", "coordinates": [[[87.049445977034, 20.745962666041468], [87.049445977034, 20.74569317145623], [87.04917648244876, 20.74569317145623], [87.04917648244876, 20.745423676870995], [87.04890698786353, 20.745423676870995], [87.04890698786353, 20.74515418228576], [87.04863749327829, 20.74515418228576], [87.04863749327829, 20.744884687700523], [87.04836799869305, 20.744884687700523], [87.04836799869305, 20.74434569853005], [87.04863749327829, 20.74434569853005], [87.04863749327829, 20.743806709359582], [87.04890698786353, 20.743806709359582], [87.04890698786353, 20.743537214774346], [87.04917648244876, 20.743537214774346], [87.04917648244876, 20.74326772018911], [87.04971547161924, 20.74326772018911], [87.04971547161924, 20.742998225603873], [87.04998496620448, 20.742998225603873], [87.04998496620448, 20.745962666041468], [87.049445977034, 20.745962666041468]]]}, "properties": {"change": "LOST", "areaHa": 3.7}}, {"type": "Feature", "geometry": {"geodesic": false, "type": "Polygon", "coordinates": [[[86.90957828729658, 20.62873252146387], [86.90957828729658, 20.627924037708162], [86.90984778188182, 20.627924037708162], [86.90984778188182, 20.627654543122926], [86.91011727646706, 20.627654543122926], [86.91011727646706, 20.625768081026276], [86.9103867710523, 20.625768081026276], [86.9103867710523, 20.62469010268533], [86.91011727646706, 20.62469010268533], [86.91011727646706, 20.623881618929623], [86.9103867710523, 20.623881618929623], [86.9103867710523, 20.62415111351486], [86.91065626563753, 20.62415111351486], [86.91065626563753, 20.624959597270568], [86.91092576022277, 20.624959597270568], [86.91092576022277, 20.627115553952454], [86.91065626563753, 20.627115553952454], [86.91065626563753, 20.627924037708162], [86.9103867710523, 20.627924037708162], [86.9103867710523, 20.62873252146387], [86.90957828729658, 20.62873252146387]]]}, "properties": {"change": "GAINED", "areaHa": 3.6}}, {"type": "Feature", "geometry": {"geodesic": false, "type": "Polygon", "coordinates": [[[87.00551835964056, 20.734643893461563], [87.00551835964056, 20.733296420535382], [87.00524886505532, 20.733296420535382], [87.00524886505532, 20.7319489476092], [87.00497937047008, 20.7319489476092], [87.00497937047008, 20.731140463853496], [87.00470987588484, 20.731140463853496], [87.00470987588484, 20.730601474683024], [87.00444038129962, 20.730601474683024], [87.00444038129962, 20.728715012586374], [87.00417088671438, 20.728715012586374], [87.00417088671438, 20.727367539660193], [87.00444038129962, 20.727367539660193], [87.00444038129962, 20.728445518001138], [87.00470987588484, 20.728445518001138], [87.00470987588484, 20.728984507171607], [87.00497937047008, 20.728984507171607], [87.00497937047008, 20.73006248551255], [87.00524886505532, 20.73006248551255], [87.00524886505532, 20.731409958438732], [87.00551835964056, 20.731409958438732], [87.00551835964056, 20.733026925950146], [87.00578785422579, 20.733026925950146], [87.00578785422579, 20.734643893461563], [87.00551835964056, 20.734643893461563]]]}, "properties": {"change": "LOST", "areaHa": 3.4}}, {"type": "Feature", "geometry": {"geodesic": false, "type": "Polygon", "coordinates": [[[86.85514038107894, 20.658915915010287], [86.85514038107894, 20.65864642042505], [86.85487088649371, 20.65864642042505], [86.85487088649371, 20.658376925839814], [86.85460139190847, 20.658376925839814], [86.85460139190847, 20.658107431254578], [86.85433189732323, 20.658107431254578], [86.85433189732323, 20.657837936669342], [86.85406240273801, 20.657837936669342], [86.85406240273801, 20.657568442084106], [86.85352341356753, 20.657568442084106], [86.85352341356753, 20.65729894749887], [86.85298442439706, 20.65729894749887], [86.85298442439706, 20.657029452913633], [86.85271492981182, 20.657029452913633], [86.85271492981182, 20.656759958328397], [86.85244543522658, 20.656759958328397], [86.85244543522658, 20.65649046374316], [86.85217594064135, 20.65649046374316], [86.85217594064135, 20.65622096915793], [86.85190644605612, 20.65622096915793], [86.85190644605612, 20.655951474572692], [86.85163695147088, 20.655951474572692], [86.85163695147088, 20.655681979987456], [86.85109796230041, 20.655681979987456], [86.85109796230041, 20.65541248540222], [86.85082846771517, 20.65541248540222], [86.85082846771517, 20.655142990816984], [86.85055897312994, 20.655142990816984], [86.85055897312994, 20.654873496231748], [86.8502894785447, 20.654873496231748], [86.8502894785447, 20.65460400164651], [86.85082846771517, 20.65460400164651], [86.85082846771517, 20.654873496231748], [86.85136745688564, 20.654873496231748], [86.85136745688564, 20.655142990816984], [86.85163695147088, 20.655142990816984], [86.85163695147088, 20.65541248540222], [86.85190644605612, 20.65541248540222], [86.85190644605612, 20.655681979987456], [86.85217594064135, 20.655681979987456], [86.85217594064135, 20.655951474572692], [86.85244543522658, 20.655951474572692], [86.85244543522658, 20.65622096915793], [86.85298442439706, 20.65622096915793], [86.85298442439706, 20.65649046374316], [86.85325391898229, 20.65649046374316], [86.85325391898229, 20.656759958328397], [86.85352341356753, 20.656759958328397], [86.85352341356753, 20.657029452913633], [86.85406240273801, 20.657029452913633], [86.85406240273801, 20.65729894749887], [86.85433189732323, 20.65729894749887], [86.85433189732323, 20.657568442084106], [86.85460139190847, 20.657568442084106], [86.85460139190847, 20.657837936669342], [86.85487088649371, 20.657837936669342], [86.85487088649371, 20.658107431254578], [86.85514038107894, 20.658107431254578], [86.85514038107894, 20.658376925839814], [86.85540987566418, 20.658376925839814], [86.85540987566418, 20.65864642042505], [86.85567937024942, 20.65864642042505], [86.85567937024942, 20.658915915010287], [86.85514038107894, 20.658915915010287]]]}, "properties": {"change": "GAINED", "areaHa": 3.4}}, {"type": "Feature", "geometry": {"geodesic": false, "type": "Polygon", "coordinates": [[[86.86295572405079, 20.691524759823825], [86.86295572405079, 20.69125526523859], [86.86214724029507, 20.69125526523859], [86.86214724029507, 20.690985770653352], [86.86187774570985, 20.690985770653352], [86.86187774570985, 20.690716276068116], [86.86160825112461, 20.690716276068116], [86.86160825112461, 20.69044678148288], [86.86133875653937, 20.69044678148288], [86.86133875653937, 20.690177286897644], [86.86106926195413, 20.690177286897644], [86.86106926195413, 20.689907792312408], [86.8607997673689, 20.689907792312408], [86.8607997673689, 20.68963829772717], [86.86053027278366, 20.68963829772717], [86.86053027278366, 20.689099308556703], [86.86026077819842, 20.689099308556703], [86.86026077819842, 20.688829813971466], [86.8599912836132, 20.688829813971466], [86.8599912836132, 20.688290824800994], [86.85972178902796, 20.688290824800994], [86.85972178902796, 20.68775183563052], [86.85945229444272, 20.68775183563052], [86.85945229444272, 20.687482341045285], [86.85918279985748, 20.687482341045285], [86.85918279985748, 20.686943351874813], [86.85945229444272, 20.686943351874813], [86.85945229444272, 20.68721284646005], [86.85972178902796, 20.68721284646005], [86.85972178902796, 20.687482341045285], [86.8599912836132, 20.687482341045285], [86.8599912836132, 20.688021330215758], [86.86026077819842, 20.688021330215758], [86.86026077819842, 20.688290824800994], [86.86053027278366, 20.688290824800994], [86.86053027278366, 20.688829813971466], [86.8607997673689, 20.688829813971466], [86.8607997673689, 20.689099308556703], [86.86106926195413, 20.689099308556703], [86.86106926195413, 20.68936880314194], [86.86133875653937, 20.68936880314194], [86.86133875653937, 20.689907792312408], [86.86160825112461, 20.689907792312408], [86.86160825112461, 20.690177286897644], [86.86187774570985, 20.690177286897644], [86.86187774570985, 20.69044678148288], [86.86241673488031, 20.69044678148288], [86.86241673488031, 20.690716276068116], [86.86295572405079, 20.690716276068116], [86.86295572405079, 20.690985770653352], [86.86322521863602, 20.690985770653352], [86.86322521863602, 20.69125526523859], [86.8637642078065, 20.69125526523859], [86.8637642078065, 20.691524759823825], [86.86295572405079, 20.691524759823825]]]}, "properties": {"change": "GAINED", "areaHa": 3.3}}, {"type": "Feature", "geometry": {"geodesic": false, "type": "Polygon", "coordinates": [[[86.97695193360555, 20.702304543233257], [86.97695193360555, 20.70203504864802], [86.97668243902032, 20.70203504864802], [86.97668243902032, 20.701765554062785], [86.97641294443508, 20.701765554062785], [86.97641294443508, 20.701226564892316], [86.97614344984984, 20.701226564892316], [86.97614344984984, 20.70095707030708], [86.9758739552646, 20.70095707030708], [86.9758739552646, 20.700687575721844], [86.97560446067938, 20.700687575721844], [86.97560446067938, 20.700418081136608], [86.97533496609414, 20.700418081136608], [86.97533496609414, 20.70014858655137], [86.9750654715089, 20.70014858655137], [86.9750654715089, 20.699879091966135], [86.97479597692367, 20.699879091966135], [86.97479597692367, 20.6996095973809], [86.97452648233843, 20.6996095973809], [86.97452648233843, 20.699340102795663], [86.9742569877532, 20.699340102795663], [86.9742569877532, 20.699070608210427], [86.97398749316795, 20.699070608210427], [86.97398749316795, 20.69880111362519], [86.97344850399749, 20.69880111362519], [86.97344850399749, 20.698531619039958], [86.97317900941225, 20.698531619039958], [86.97317900941225, 20.698262124454722], [86.97398749316795, 20.698262124454722], [86.97398749316795, 20.698531619039958], [86.9742569877532, 20.698531619039958], [86.9742569877532, 20.69880111362519], [86.97452648233843, 20.69880111362519], [86.97452648233843, 20.699070608210427], [86.97479597692367, 20.699070608210427], [86.97479597692367, 20.699340102795663], [86.9750654715089, 20.699340102795663], [86.9750654715089, 20.6996095973809], [86.97533496609414, 20.6996095973809], [86.97533496609414, 20.699879091966135], [86.9758739552646, 20.699879091966135], [86.9758739552646, 20.70014858655137], [86.97614344984984, 20.70014858655137], [86.97614344984984, 20.700418081136608], [86.97641294443508, 20.700418081136608], [86.97641294443508, 20.70095707030708], [86.97668243902032, 20.70095707030708], [86.97668243902032, 20.701226564892316], [86.97695193360555, 20.701226564892316], [86.97695193360555, 20.701765554062785], [86.97722142819079, 20.701765554062785], [86.97722142819079, 20.702304543233257], [86.97695193360555, 20.702304543233257]]]}, "properties": {"change": "GAINED", "areaHa": 2.9}}, {"type": "Feature", "geometry": {"geodesic": false, "type": "Polygon", "coordinates": [[[87.03731872069838, 20.731140463853496], [87.03731872069838, 20.73087096926826], [87.03704922611315, 20.73087096926826], [87.03704922611315, 20.730601474683024], [87.03677973152791, 20.730601474683024], [87.03677973152791, 20.73006248551255], [87.03651023694268, 20.73006248551255], [87.03651023694268, 20.729792990927315], [87.03677973152791, 20.729792990927315], [87.03677973152791, 20.72952349634208], [87.03731872069838, 20.72952349634208], [87.03731872069838, 20.729792990927315], [87.03785770986886, 20.729792990927315], [87.03785770986886, 20.73006248551255], [87.03839669903932, 20.73006248551255], [87.03839669903932, 20.730331980097787], [87.03866619362456, 20.730331980097787], [87.03866619362456, 20.730601474683024], [87.03839669903932, 20.730601474683024], [87.03839669903932, 20.73087096926826], [87.03785770986886, 20.73087096926826], [87.03785770986886, 20.731140463853496], [87.03731872069838, 20.731140463853496]]]}, "properties": {"change": "LOST", "areaHa": 2.3}}, {"type": "Feature", "geometry": {"geodesic": false, "type": "Polygon", "coordinates": [[[86.93113785411546, 20.64112927238472], [86.93113785411546, 20.640859777799484], [86.93086835953022, 20.640859777799484], [86.93086835953022, 20.63978179945854], [86.93059886494498, 20.63978179945854], [86.93059886494498, 20.639512304873303], [86.93140734870069, 20.639512304873303], [86.93140734870069, 20.63978179945854], [86.93194633787117, 20.63978179945854], [86.93194633787117, 20.640051294043776], [86.93221583245641, 20.640051294043776], [86.93221583245641, 20.640590283214248], [86.93194633787117, 20.640590283214248], [86.93194633787117, 20.64112927238472], [86.93113785411546, 20.64112927238472]]]}, "properties": {"change": "LOST", "areaHa": 2.0}}]}