{"type":"FeatureCollection","features":[{"type":"Feature","properties":{"class":"Waterbody","fid":"0","landform":"Waterbody"},"geometry":{"type":"Polygon","coordinates":[[[76.22504,11.50866],[76.22508,11.50856],[76.22533,11.50862],[76.22533,11.50875],[76.22506,11.50866],[76.22504,11.50866]]]}},{"type":"Feature","properties":{"class":"Waterbody","fid":"1","landform":"Waterbody"},"geometry":{"type":"Polygon","coordinates":[[[75.90211,11.61746],[75.90211,11.61751],[75.90211,11.61746],[75.90212,11.61738],[75.90211,11.61746]]]}},{"type":"Feature","properties":{"class":"Waterbody","fid":"2","landform":"Waterbody"},"geometry":{"type":"Polygon","coordinates":[[[76.22517,11.50866],[76.22519,11.50874],[76.22506,11.50873],[76.22496,11.50901],[76.22442,11.50969],[76.22403,11.50997],[76.22205,11.51071],[76.22097,11.51076],[76.2186,11.50952],[76.21748,11.50904],[76.21644,11.50932],[76.21536,11.50936],[76.21399,11.50907],[76.21347,11.50886],[76.21266,11.5088],[76.21154,11.50848],[76.21037,11.50841],[76.20955,11.50821],[76.20899,11.50785],[76.20861,11.50776],[76.20701,11.50652],[76.20568,11.50614],[76.20499,11.50614],[76.20332,11.50655],[76.20206,11.50641],[76.20224,11.50664],[76.20292,11.50671],[76.20289,11.50686],[76.2022,11.50693],[76.2024,11.50718],[76.20237,11.50729],[76.20107,11.50596],[76.19972,11.5063],[76.19897,11.50607],[76.19783,11.50537],[76.19717,11.50515],[76.1963,11.50526],[76.19477,11.50457],[76.19389,11.50454],[76.19375,11.50459],[76.19288,11.50583],[76.19074,11.50619],[76.19005,11.50644],[76.18932,11.50711],[76.18889,11.50722],[76.18752,11.50821],[76.18702,11.50873],[76.18639,11.50963],[76.18615,11.50979],[76.18543,11.50979],[76.1848,11.51004],[76.18453,11.51062],[76.18446,11.511],[76.18389,11.51168],[76.18369,11.51179],[76.18329,11.51174],[76.18322,11.51139],[76.18306,11.5113],[76.18288,11.51138],[76.18288,11.51157],[76.18274,11.51166],[76.18164,11.51174],[76.18113,11.5115],[76.18031,11.51062],[76.17991,11.51062],[76.178,11.51022],[76.17741,11.51058],[76.17705,11.51062],[76.17638,11.51121],[76.17572,11.51159],[76.1746,11.51165],[76.17431,11.51179],[76.17318,11.5128],[76.17253,11.51299],[76.17208,11.51326],[76.17185,11.51386],[76.17149,11.51418],[76.17064,11.51438],[76.17054,11.51451],[76.16976,11.5146],[76.16958,11.51476],[76.16951,11.51512],[76.16902,11.5155],[76.16863,11.51557],[76.16821,11.51593],[76.16802,11.51656],[76.16782,11.51686],[76.16717,11.51726],[76.16692,11.5173],[76.16607,11.5167],[76.16526,11.51645],[76.1649,11.51582],[76.16382,11.51508],[76.16352,11.51499],[76.16287,11.51499],[76.16238,11.51474],[76.16244,11.51456],[76.16283,11.51465],[76.163,11.51481],[76.16391,11.51488],[76.1633,11.51379],[76.163,11.51344],[76.16282,11.51339],[76.16276,11.51316],[76.16251,11.51294],[76.16222,11.5129],[76.16152,11.5126],[76.16123,11.51236],[76.15963,11.51174],[76.15922,11.51177],[76.15889,11.51272],[76.15861,11.5129],[76.15695,11.51317],[76.15713,11.51388],[76.15681,11.51406],[76.15657,11.51406],[76.15553,11.51375],[76.15492,11.5137],[76.15427,11.51384],[76.15382,11.5138],[76.15337,11.51348],[76.15326,11.51323],[76.15342,11.51244],[76.15342,11.51184],[76.15294,11.51172],[76.15256,11.51186],[76.15225,11.51222],[76.15182,11.51215],[76.15128,11.51175],[76.15089,11.51118],[76.15062,11.51098],[76.15038,11.51084],[76.14948,11.51062],[76.14824,11.51058],[76.14794,11.51066],[76.14731,11.51111],[76.147,11.51161],[76.14675,11.51163],[76.14579,11.5108],[76.14549,11.51082],[76.14504,11.51121],[76.14417,11.51138],[76.14389,11.51136],[76.14335,11.51111],[76.14252,11.51116],[76.14207,11.51129],[76.13928,11.51017],[76.13869,11.51019],[76.13786,11.51046],[76.13626,11.51066],[76.1359,11.51064],[76.13435,11.51012],[76.13255,11.51006],[76.13169,11.50977],[76.13125,11.50974],[76.13032,11.50932],[76.12901,11.509],[76.12796,11.50713],[76.12546,11.506],[76.12472,11.50589],[76.12351,11.50521],[76.1217,11.50474],[76.12112,11.50431],[76.11926,11.50352],[76.11878,11.50334],[76.11818,11.50334],[76.11737,11.50349],[76.11567,11.5035],[76.11525,11.5034],[76.11403,11.50275],[76.11298,11.50199],[76.11207,11.50115],[76.11061,11.49957],[76.10913,11.49926],[76.10861,11.49867],[76.10939,11.49921],[76.11031,11.49926],[76.11069,11.49946],[76.11138,11.50006],[76.11176,11.50056],[76.11296,11.50176],[76.11428,11.50271],[76.11505,11.50314],[76.11577,11.50339],[76.11839,11.50322],[76.11905,11.50332],[76.12012,11.50373],[76.12107,11.50414],[76.12194,11.50467],[76.12369,11.50513],[76.12471,11.50569],[76.12594,11.50599],[76.12695,11.50655],[76.12803,11.50686],[76.12901,11.50862],[76.12928,11.50891],[76.13147,11.50959],[76.13183,11.50959],[76.13239,11.50985],[76.13437,11.50992],[76.13536,11.51031],[76.13624,11.51049],[76.1377,11.5103],[76.1386,11.50994],[76.13915,11.50994],[76.14212,11.51109],[76.14347,11.51094],[76.14407,11.51118],[76.14464,11.5112],[76.14498,11.51109],[76.14516,11.51085],[76.14561,11.51064],[76.14605,11.51073],[76.14687,11.51148],[76.14695,11.51148],[76.14727,11.51093],[76.1479,11.51049],[76.14847,11.5104],[76.14907,11.51046],[76.15024,11.51062],[76.15069,11.5108],[76.1504,11.51033],[76.14997,11.50896],[76.14964,11.50868],[76.14891,11.50851],[76.14871,11.50837],[76.14856,11.50826],[76.14856,11.50808],[76.14768,11.50747],[76.14754,11.50719],[76.14831,11.50776],[76.14867,11.5079],[76.14874,11.50823],[76.14894,11.50837],[76.14943,11.50844],[76.14989,11.50863],[76.15024,11.50911],[76.15045,11.50999],[76.1509,11.511],[76.15135,11.51163],[76.15191,11.51204],[76.15222,11.51204],[76.1529,11.51157],[76.15351,11.51175],[76.1536,11.51237],[76.15342,11.51317],[76.1538,11.51368],[76.15414,11.5137],[76.15504,11.51348],[76.15547,11.51352],[76.15641,11.51386],[76.15686,11.51389],[76.15686,11.51316],[76.15702,11.51305],[76.15794,11.5129],[76.15846,11.51271],[76.15882,11.51238],[76.15909,11.51177],[76.15943,11.51156],[76.16098,11.51206],[76.16321,11.51314],[76.16338,11.51282],[76.1641,11.51285],[76.16473,11.51275],[76.16502,11.51217],[76.16506,11.51162],[76.16477,11.51094],[76.16472,11.50998],[76.16492,11.50857],[76.16479,11.50827],[76.16434,11.5078],[76.1639,11.50699],[76.16394,11.50672],[76.16412,11.50654],[76.16441,11.50575],[76.16417,11.50463],[76.16417,11.50427],[76.16436,11.50393],[76.16433,11.50256],[76.16507,11.50182],[76.16519,11.50123],[76.16499,11.50108],[76.16481,11.50108],[76.16391,11.50153],[76.16352,11.50151],[76.16289,11.50106],[76.16244,11.50099],[76.16222,11.50083],[76.16116,11.50049],[76.16062,11.50006],[76.16058,11.49968],[76.16159,11.49964],[76.16202,11.49979],[76.16215,11.49972],[76.16219,11.49955],[76.16201,11.49932],[76.16139,11.49909],[76.16089,11.49871],[76.16067,11.49838],[76.16067,11.49813],[76.16118,11.49763],[76.16111,11.49718],[76.16022,11.4961],[76.16004,11.4957],[76.1603,11.49511],[76.1606,11.49489],[76.16102,11.49484],[76.1608,11.49457],[76.15965,11.49396],[76.15884,11.49309],[76.15681,11.49268],[76.15619,11.49234],[76.15585,11.49227],[76.1551,11.49223],[76.15432,11.49241],[76.1535,11.49239],[76.15321,11.49207],[76.1531,11.49164],[76.1529,11.49151],[76.15177,11.49131],[76.15092,11.49135],[76.15053,11.49156],[76.15031,11.49156],[76.14979,11.49113],[76.14945,11.49106],[76.14909,11.49104],[76.14833,11.49155],[76.14765,11.4916],[76.1463,11.49218],[76.14529,11.4921],[76.14443,11.49165],[76.14374,11.49153],[76.14308,11.49129],[76.14254,11.49124],[76.1416,11.49138],[76.14131,11.49158],[76.14131,11.49201],[76.14124,11.49205],[76.14058,11.49189],[76.13987,11.49187],[76.1387,11.4916],[76.13797,11.49102],[76.13768,11.49036],[76.13748,11.49021],[76.13658,11.48994],[76.13575,11.48946],[76.13559,11.48906],[76.13484,11.48852],[76.1343,11.48775],[76.1343,11.48743],[76.13361,11.48665],[76.13293,11.48651],[76.13212,11.48593],[76.13165,11.4859],[76.13066,11.4853],[76.1291,11.4853],[76.12814,11.48482],[76.12749,11.48483],[76.1271,11.48453],[76.1271,11.48444],[76.12726,11.48442],[76.12735,11.48453],[76.12816,11.48462],[76.12915,11.4851],[76.12973,11.48518],[76.13046,11.48512],[76.13149,11.48566],[76.13196,11.48575],[76.13354,11.48651],[76.13408,11.48685],[76.13439,11.48728],[76.13444,11.4877],[76.13478,11.48816],[76.13568,11.48895],[76.13588,11.48931],[76.13662,11.4898],[76.13755,11.49007],[76.13786,11.49032],[76.13816,11.49101],[76.13858,11.49137],[76.13888,11.49147],[76.1407,11.49176],[76.14117,11.49192],[76.14122,11.49165],[76.14155,11.49133],[76.14236,11.49115],[76.14279,11.49115],[76.14455,11.49155],[76.14504,11.49191],[76.14549,11.49205],[76.14619,11.49207],[76.14722,11.4916],[76.14828,11.49136],[76.14871,11.49104],[76.14928,11.49092],[76.1497,11.49095],[76.15047,11.4914],[76.15123,11.4912],[76.15188,11.49115],[76.15247,11.49124],[76.15314,11.49147],[76.15339,11.4921],[76.15353,11.49225],[76.15384,11.49234],[76.15533,11.49212],[76.15623,11.49223],[76.1561,11.49194],[76.15556,11.49162],[76.15553,11.49104],[76.15559,11.49082],[76.15623,11.49075],[76.15636,11.49048],[76.15634,11.49014],[76.156,11.48955],[76.15497,11.48894],[76.15285,11.48897],[76.15107,11.48881],[76.14981,11.48845],[76.14973,11.48827],[76.14954,11.48816],[76.14824,11.48822],[76.14799,11.48842],[76.14754,11.48818],[76.14635,11.48845],[76.14587,11.48836],[76.14452,11.48834],[76.14428,11.48824],[76.14358,11.48831],[76.14315,11.48808],[76.14313,11.48797],[76.1452,11.48822],[76.14549,11.48816],[76.14549,11.48802],[76.14455,11.48786],[76.14515,11.4878],[76.1454,11.48786],[76.14597,11.48822],[76.14642,11.48833],[76.14723,11.48807],[76.1479,11.48813],[76.14946,11.488],[76.15035,11.48845],[76.15155,11.48872],[76.15416,11.48883],[76.15468,11.48876],[76.15519,11.48887],[76.15573,11.48926],[76.15529,11.4886],[76.15537,11.48701],[76.15511,11.48627],[76.15502,11.48557],[76.15488,11.48536],[76.15389,11.48482],[76.15364,11.48453],[76.15346,11.4841],[76.15249,11.483],[76.15238,11.48273],[76.1524,11.48215],[76.15224,11.48145],[76.15182,11.48082],[76.15144,11.48048],[76.15098,11.48026],[76.15031,11.47951],[76.14972,11.47904],[76.1491,11.47877],[76.14889,11.47854],[76.14835,11.47762],[76.14785,11.47616],[76.14731,11.47494],[76.14697,11.47457],[76.14653,11.47433],[76.14596,11.47379],[76.14527,11.47335],[76.14522,11.4732],[76.14576,11.47348],[76.14718,11.47449],[76.14785,11.47562],[76.14853,11.47767],[76.14909,11.4785],[76.15031,11.47938],[76.15117,11.48019],[76.1518,11.48059],[76.15222,11.48107],[76.15247,11.48163],[76.15254,11.48266],[76.15276,11.48307],[76.15382,11.48449],[76.15445,11.485],[76.15504,11.48527],[76.15553,11.4869],[76.15544,11.48842],[76.1556,11.48879],[76.15648,11.48995],[76.1565,11.49063],[76.15641,11.49079],[76.15616,11.49093],[76.15565,11.49095],[76.15569,11.49151],[76.15609,11.49176],[76.1565,11.4923],[76.15677,11.49248],[76.15844,11.49282],[76.15889,11.493],[76.15972,11.4938],[76.16118,11.49479],[76.16118,11.49489],[76.16035,11.49523],[76.16024,11.49552],[76.1603,11.49594],[76.16123,11.49718],[76.16129,11.49775],[76.16087,11.49819],[76.16089,11.49851],[76.16157,11.49903],[76.16222,11.49928],[76.16231,11.49964],[76.1622,11.49982],[76.16193,11.49984],[76.16087,11.49972],[76.16067,11.49988],[76.16078,11.50008],[76.1637,11.50137],[76.16413,11.5013],[76.1649,11.50096],[76.16512,11.50096],[76.16528,11.50112],[76.16539,11.50142],[76.16528,11.50171],[76.16465,11.50254],[76.16453,11.50285],[76.16449,11.50317],[76.16462,11.50384],[76.16431,11.50452],[76.16465,11.50568],[76.16425,11.50667],[76.16425,11.50686],[76.16437,11.50716],[76.16492,11.50783],[76.16517,11.50854],[76.16519,11.50878],[76.16492,11.50995],[76.16507,11.51045],[76.16506,11.51096],[76.16531,11.51133],[76.1653,11.51221],[76.16512,11.51278],[76.16481,11.51309],[76.16358,11.51311],[76.16344,11.5133],[76.16344,11.51349],[76.16421,11.51479],[76.16509,11.51573],[76.1655,11.51637],[76.16614,11.51652],[76.16683,11.51689],[76.16744,11.51692],[76.16775,11.51674],[76.1678,11.5164],[76.16823,11.51562],[76.16854,11.51539],[76.16902,11.5153],[76.16924,11.51512],[76.1696,11.51454],[76.17001,11.51433],[76.17039,11.51436],[76.17061,11.5142],[76.17135,11.51407],[76.17161,11.51388],[76.17196,11.51316],[76.17224,11.51287],[76.17298,11.51271],[76.17431,11.51157],[76.17476,11.51143],[76.17541,11.51148],[76.17581,11.51139],[76.1767,11.51062],[76.1778,11.51019],[76.17838,11.5101],[76.17953,11.51026],[76.18038,11.51049],[76.18081,11.51075],[76.18126,11.51127],[76.18151,11.51136],[76.18234,11.51147],[76.18283,11.5112],[76.18319,11.5112],[76.18344,11.51136],[76.18354,11.51159],[76.18378,11.51156],[76.18482,11.50979],[76.1854,11.50959],[76.18599,11.50965],[76.18714,11.50817],[76.18869,11.50724],[76.18932,11.50697],[76.19026,11.50621],[76.19184,11.50587],[76.19269,11.5058],[76.19306,11.50544],[76.19359,11.50459],[76.19384,11.50439],[76.19472,11.50442],[76.1963,11.5051],[76.19715,11.50497],[76.19742,11.50504],[76.19902,11.50582],[76.19978,11.50609],[76.20039,11.50583],[76.20105,11.50576],[76.20166,11.50589],[76.20256,11.50632],[76.20287,11.50636],[76.20408,11.50603],[76.20448,11.50601],[76.20485,11.50574],[76.20554,11.5056],[76.20548,11.50566],[76.20618,11.5058],[76.20726,11.5063],[76.20782,11.50668],[76.20847,11.50738],[76.21045,11.50815],[76.21135,11.50815],[76.2119,11.50842],[76.21334,11.50864],[76.21343,11.50858],[76.21318,11.50826],[76.2126,11.50806],[76.21241,11.50785],[76.21192,11.50765],[76.21295,11.508],[76.21411,11.50891],[76.21481,11.50915],[76.21627,11.50923],[76.21702,11.50893],[76.21735,11.50891],[76.21882,11.50947],[76.2194,11.50986],[76.22105,11.51068],[76.22202,11.51064],[76.22308,11.51031],[76.2241,11.50986],[76.22461,11.50936],[76.22504,11.50866],[76.22516,11.50865],[76.22517,11.50866]]]}},{"type":"Feature","properties":{"class":"Waterbody","fid":"3","landform":"Waterbody"},"geometry":{"type":"Polygon","coordinates":[[[76.20829,11.86037],[76.20841,11.86038],[76.2081,11.86084],[76.20718,11.86115],[76.20579,11.86131],[76.20509,11.86116],[76.2037,11.86117],[76.203,11.86133],[76.20231,11.86187],[76.20071,11.86441],[76.20001,11.8651],[76.1991,11.8658],[76.19794,11.86657],[76.19725,11.86688],[76.19078,11.87052],[76.18893,11.87107],[76.18707,11.87093],[76.18637,11.87078],[76.18218,11.86942],[76.18125,11.86928],[76.17932,11.86921],[76.17909,11.86937],[76.17747,11.86976],[76.17701,11.86999],[76.17538,11.87023],[76.17438,11.87008],[76.17252,11.86964],[76.17166,11.86926],[76.17003,11.86835],[76.16917,11.86766],[76.16754,11.86683],[76.16637,11.86645],[76.16544,11.86653],[76.16468,11.86685],[76.1609,11.86886],[76.15913,11.86933],[76.15797,11.86934],[76.15673,11.86904],[76.15265,11.86676],[76.15121,11.86585],[76.15044,11.86555],[76.14958,11.86548],[76.14812,11.86595],[76.1478,11.86587],[76.14688,11.86588],[76.14595,11.86535],[76.14391,11.86283],[76.14243,11.86153],[76.14165,11.86069],[76.14086,11.85962],[76.14017,11.85894],[76.13876,11.85818],[76.13837,11.85787],[76.13744,11.85765],[76.13654,11.85699],[76.13565,11.85605],[76.13432,11.85391],[76.13361,11.85322],[76.13276,11.85262],[76.13067,11.85204],[76.13061,11.85187],[76.1301,11.85158],[76.129,11.85155],[76.12851,11.85162],[76.12769,11.85192],[76.12734,11.85187],[76.12678,11.85155],[76.12621,11.85032],[76.12553,11.84973],[76.12422,11.84962],[76.12281,11.84969],[76.12219,11.84949],[76.12264,11.84953],[76.12229,11.84909],[76.12176,11.84918],[76.1213,11.84912],[76.12074,11.84867],[76.12059,11.84828],[76.12034,11.84802],[76.11914,11.84747],[76.11882,11.84706],[76.11864,11.84658],[76.11848,11.84654],[76.118,11.84676],[76.11779,11.84667],[76.11732,11.8463],[76.11688,11.84571],[76.11655,11.84572],[76.11546,11.84441],[76.11511,11.84439],[76.11474,11.8445],[76.11449,11.84433],[76.11391,11.84318],[76.11369,11.84289],[76.11256,11.842],[76.11234,11.84143],[76.11201,11.84098],[76.11032,11.83996],[76.10951,11.83974],[76.10735,11.83942],[76.10693,11.83954],[76.10663,11.83942],[76.10658,11.83953],[76.10682,11.83971],[76.10612,11.8395],[76.10552,11.83964],[76.10468,11.8394],[76.10446,11.83896],[76.10418,11.83905],[76.10415,11.83917],[76.10432,11.83939],[76.1032,11.83932],[76.10217,11.83884],[76.10132,11.83813],[76.09886,11.83684],[76.09715,11.83642],[76.09605,11.83668],[76.09535,11.8365],[76.09489,11.83621],[76.09361,11.8347],[76.09322,11.83441],[76.092,11.83391],[76.09116,11.83368],[76.09023,11.83315],[76.08984,11.83281],[76.08958,11.83235],[76.08951,11.83194],[76.08916,11.83245],[76.08893,11.83252],[76.08813,11.83217],[76.0881,11.83208],[76.08824,11.8319],[76.08807,11.83184],[76.08763,11.83232],[76.08706,11.8323],[76.08678,11.83257],[76.08666,11.83288],[76.08641,11.83283],[76.08618,11.83296],[76.0859,11.83283],[76.08558,11.83321],[76.08449,11.83276],[76.084,11.83279],[76.0836,11.83238],[76.08283,11.83215],[76.0828,11.83209],[76.08305,11.83224],[76.08363,11.83234],[76.08395,11.83271],[76.08443,11.83267],[76.08559,11.83316],[76.08584,11.83281],[76.08624,11.83289],[76.08662,11.83283],[76.08689,11.83234],[76.08721,11.83222],[76.08757,11.83228],[76.08801,11.83181],[76.08825,11.83184],[76.08822,11.83217],[76.08896,11.83245],[76.08953,11.83181],[76.08965,11.83041],[76.08935,11.82974],[76.08945,11.82907],[76.08962,11.82867],[76.08949,11.82792],[76.08934,11.82767],[76.08827,11.82662],[76.08814,11.82628],[76.08817,11.82592],[76.08842,11.82504],[76.08862,11.82473],[76.08919,11.82401],[76.08962,11.82369],[76.09055,11.82156],[76.09073,11.81918],[76.09095,11.81867],[76.09095,11.81801],[76.09172,11.81658],[76.09172,11.81631],[76.09149,11.81562],[76.09029,11.81367],[76.08998,11.81257],[76.08969,11.8122],[76.08889,11.81192],[76.08802,11.81223],[76.08685,11.81227],[76.0867,11.81221],[76.08624,11.81167],[76.08566,11.80971],[76.08572,11.80793],[76.0861,11.80742],[76.08597,11.80703],[76.08545,11.80703],[76.08461,11.80723],[76.08434,11.80745],[76.08355,11.80776],[76.08278,11.80823],[76.08179,11.80862],[76.08104,11.80873],[76.08066,11.80859],[76.07927,11.80754],[76.07835,11.80636],[76.0775,11.80645],[76.07686,11.80606],[76.07643,11.80599],[76.07602,11.80576],[76.07524,11.80563],[76.07496,11.80568],[76.07442,11.80626],[76.07407,11.80635],[76.07381,11.80634],[76.07352,11.80597],[76.0733,11.80591],[76.07278,11.80635],[76.07279,11.80683],[76.07259,11.80728],[76.07232,11.80739],[76.07211,11.80721],[76.07191,11.80727],[76.07132,11.80862],[76.07109,11.80885],[76.07025,11.80904],[76.06993,11.80943],[76.06929,11.80956],[76.06875,11.81014],[76.06796,11.8104],[76.06736,11.81107],[76.06652,11.81103],[76.06617,11.81144],[76.06586,11.81147],[76.06561,11.8119],[76.06545,11.8119],[76.06518,11.81164],[76.06505,11.81164],[76.06474,11.81179],[76.06456,11.81204],[76.06429,11.81219],[76.06327,11.81222],[76.06219,11.81244],[76.06159,11.81281],[76.06143,11.81383],[76.06111,11.81425],[76.06081,11.81443],[76.05994,11.81459],[76.05927,11.81494],[76.05902,11.81515],[76.05872,11.81567],[76.05844,11.81585],[76.05818,11.81589],[76.05785,11.8158],[76.05676,11.81513],[76.05569,11.81417],[76.05472,11.81401],[76.0544,11.81375],[76.05412,11.81367],[76.05396,11.81347],[76.05376,11.81351],[76.05367,11.8138],[76.05347,11.81391],[76.0533,11.81387],[76.05312,11.81363],[76.05287,11.81351],[76.0516,11.81351],[76.05035,11.81449],[76.04984,11.81473],[76.04917,11.81531],[76.04903,11.81544],[76.04874,11.81615],[76.0485,11.81623],[76.04806,11.81615],[76.04773,11.81648],[76.04701,11.81656],[76.04623,11.81709],[76.04578,11.817],[76.0453,11.81722],[76.04459,11.8173],[76.04427,11.81749],[76.04385,11.81806],[76.04349,11.81833],[76.04266,11.81836],[76.04188,11.81816],[76.04084,11.81816],[76.03992,11.81798],[76.03939,11.81818],[76.03835,11.81816],[76.03714,11.81839],[76.03596,11.81844],[76.03526,11.8186],[76.03451,11.81891],[76.03425,11.81892],[76.03585,11.81844],[76.03728,11.81835],[76.03822,11.81814],[76.03928,11.81817],[76.03989,11.81797],[76.04077,11.81813],[76.04189,11.81814],[76.0425,11.81831],[76.04352,11.8183],[76.04426,11.81746],[76.04456,11.81728],[76.04533,11.81719],[76.04582,11.81698],[76.0462,11.81708],[76.04704,11.81653],[76.04778,11.81644],[76.048,11.81615],[76.04869,11.81615],[76.04912,11.81533],[76.04975,11.81477],[76.05026,11.81453],[76.05069,11.81412],[76.05159,11.8135],[76.05288,11.8135],[76.05343,11.8139],[76.05364,11.81379],[76.0538,11.81345],[76.05393,11.81344],[76.05415,11.81368],[76.0544,11.81373],[76.05468,11.81398],[76.05573,11.81417],[76.05676,11.8151],[76.05786,11.81579],[76.05841,11.81584],[76.05868,11.81567],[76.05902,11.81511],[76.05923,11.81495],[76.05991,11.81458],[76.06076,11.81442],[76.06108,11.81425],[76.06143,11.81375],[76.06158,11.81279],[76.06218,11.81242],[76.06338,11.81219],[76.06428,11.81218],[76.06458,11.81199],[76.06474,11.81176],[76.06506,11.81162],[76.06558,11.81189],[76.06584,11.81146],[76.0662,11.81138],[76.06654,11.81099],[76.06719,11.81108],[76.06741,11.81103],[76.06791,11.81042],[76.06869,11.81016],[76.06927,11.80954],[76.06997,11.80938],[76.07027,11.80901],[76.07106,11.80884],[76.07135,11.80852],[76.07194,11.80721],[76.07211,11.80718],[76.07229,11.80736],[76.07259,11.80725],[76.07277,11.80681],[76.07277,11.80633],[76.07321,11.80591],[76.07349,11.80591],[76.07376,11.80629],[76.07404,11.80634],[76.07441,11.80624],[76.07493,11.80568],[76.07529,11.80561],[76.07606,11.80575],[76.07646,11.80597],[76.07687,11.80603],[76.07745,11.80642],[76.07835,11.80632],[76.07778,11.80488],[76.07724,11.80397],[76.07722,11.80352],[76.07673,11.8022],[76.07494,11.79888],[76.07477,11.7983],[76.07497,11.79788],[76.07492,11.79707],[76.07374,11.79598],[76.07283,11.79571],[76.07236,11.79532],[76.07188,11.79475],[76.07091,11.79316],[76.07059,11.79285],[76.07042,11.79244],[76.0699,11.79217],[76.06939,11.79222],[76.06894,11.7924],[76.06802,11.79288],[76.06701,11.794],[76.06673,11.79416],[76.06602,11.79428],[76.06569,11.79423],[76.06306,11.79317],[76.06226,11.79271],[76.06169,11.79224],[76.06145,11.79126],[76.06169,11.78944],[76.06187,11.7892],[76.06202,11.78872],[76.06185,11.7862],[76.06152,11.78473],[76.06127,11.78404],[76.06123,11.78348],[76.06091,11.78281],[76.06074,11.78196],[76.06072,11.7816],[76.06085,11.78101],[76.0608,11.78075],[76.06018,11.779],[76.06007,11.77817],[76.06018,11.77742],[76.06001,11.77661],[76.06001,11.77592],[76.05952,11.7753],[76.0584,11.77535],[76.05695,11.77581],[76.05489,11.77693],[76.05441,11.77689],[76.05408,11.77664],[76.054,11.77575],[76.05402,11.77544],[76.05457,11.77448],[76.05453,11.77417],[76.05392,11.77304],[76.05367,11.77299],[76.05346,11.77311],[76.05328,11.77338],[76.05284,11.77425],[76.05209,11.77491],[76.05078,11.77641],[76.05076,11.777],[76.05054,11.77753],[76.05025,11.77788],[76.04971,11.77897],[76.04919,11.77945],[76.0482,11.77958],[76.04646,11.77944],[76.04523,11.77958],[76.04472,11.77974],[76.04417,11.77972],[76.04285,11.77989],[76.04251,11.78008],[76.0425,11.78027],[76.04282,11.78104],[76.04348,11.782],[76.04416,11.78273],[76.04429,11.78362],[76.04472,11.78426],[76.04491,11.78498],[76.04599,11.78601],[76.04605,11.78633],[76.04578,11.78718],[76.04526,11.78759],[76.04436,11.78758],[76.0433,11.78731],[76.04305,11.78745],[76.04276,11.78825],[76.0429,11.78917],[76.04273,11.78988],[76.04132,11.79158],[76.04057,11.79288],[76.03886,11.79482],[76.03855,11.79537],[76.03799,11.79729],[76.0377,11.79784],[76.03737,11.79917],[76.03735,11.79991],[76.03704,11.80089],[76.03673,11.80111],[76.03583,11.80113],[76.03408,11.80063],[76.03217,11.80053],[76.03143,11.80063],[76.0312,11.80058],[76.03097,11.80034],[76.0298,11.79811],[76.02883,11.79717],[76.0277,11.79506],[76.02748,11.7945],[76.02739,11.79365],[76.02695,11.79207],[76.026,11.79043],[76.02586,11.78974],[76.0259,11.78858],[76.02579,11.78824],[76.02549,11.78793],[76.0248,11.78755],[76.02359,11.78735],[76.0229,11.78696],[76.02192,11.78659],[76.02113,11.78608],[76.02087,11.78602],[76.0202,11.78617],[76.01922,11.78696],[76.01865,11.7873],[76.01807,11.78749],[76.01723,11.78757],[76.01693,11.78774],[76.01645,11.7877],[76.01554,11.787],[76.01497,11.78629],[76.01492,11.78582],[76.01594,11.78485],[76.01701,11.7834],[76.0173,11.78226],[76.01703,11.78035],[76.01721,11.77969],[76.01714,11.77915],[76.01695,11.77862],[76.01672,11.77831],[76.01594,11.7781],[76.01524,11.77809],[76.01492,11.77816],[76.01442,11.77855],[76.01362,11.77889],[76.01051,11.77965],[76.01011,11.77998],[76.01006,11.78016],[76.01091,11.78179],[76.01108,11.78264],[76.00961,11.78469],[76.00889,11.78596],[76.00835,11.78646],[76.00797,11.78668],[76.00555,11.78727],[76.0043,11.78711],[76.00233,11.7861],[76.00204,11.78601],[76.00174,11.78612],[76.00169,11.78646],[76.00178,11.78693],[76.00208,11.78743],[76.0021,11.78776],[76.00284,11.78941],[76.00338,11.79202],[76.00323,11.79247],[76.00307,11.7926],[76.00237,11.79265],[76.00201,11.79253],[76.00052,11.79139],[75.99998,11.79118],[75.99976,11.79119],[75.99954,11.79137],[75.99954,11.79179],[76.00023,11.79339],[76.00052,11.79452],[76.00032,11.79625],[76.00019,11.79665],[76.00014,11.7976],[75.99996,11.79836],[75.99924,11.79886],[75.9988,11.79886],[75.99816,11.79843],[75.99763,11.79753],[75.99746,11.79742],[75.99709,11.79739],[75.99661,11.79764],[75.99512,11.79877],[75.99454,11.79908],[75.99344,11.79944],[75.99216,11.79955],[75.99146,11.79936],[75.99096,11.79892],[75.99071,11.79798],[75.9904,11.79767],[75.98961,11.79746],[75.9893,11.79766],[75.9886,11.79847],[75.98876,11.79911],[75.98873,11.79959],[75.98781,11.79993],[75.98714,11.80041],[75.98711,11.8016],[75.98739,11.80206],[75.98728,11.80243],[75.98572,11.80274],[75.98489,11.80314],[75.98463,11.80344],[75.98389,11.80398],[75.98361,11.80447],[75.98361,11.80466],[75.98403,11.80523],[75.98467,11.80584],[75.98476,11.80608],[75.98464,11.80635],[75.98466,11.80659],[75.98512,11.80735],[75.98523,11.80748],[75.98569,11.80757],[75.98595,11.80799],[75.98645,11.80807],[75.9873,11.80791],[75.98756,11.80745],[75.98837,11.80712],[75.98853,11.8068],[75.98883,11.80656],[75.98911,11.80658],[75.98938,11.80677],[75.98943,11.80705],[75.98927,11.80726],[75.98802,11.80776],[75.98785,11.80832],[75.98721,11.80937],[75.98729,11.80966],[75.98792,11.80975],[75.98813,11.81017],[75.9884,11.81025],[75.98853,11.81044],[75.98927,11.81083],[75.98927,11.81104],[75.98896,11.81164],[75.98891,11.81218],[75.98883,11.81226],[75.98905,11.81239],[75.98917,11.8127],[75.98904,11.81291],[75.98876,11.81292],[75.98797,11.81253],[75.98776,11.81254],[75.98713,11.81287],[75.98698,11.8131],[75.9866,11.81338],[75.98653,11.81373],[75.98602,11.81454],[75.98476,11.81438],[75.98448,11.81421],[75.98421,11.8142],[75.98319,11.815],[75.98328,11.81553],[75.98473,11.81732],[75.98479,11.81769],[75.98469,11.81794],[75.98435,11.81807],[75.98432,11.81819],[75.98323,11.81869],[75.9828,11.8193],[75.98254,11.81939],[75.98235,11.81972],[75.98199,11.82],[75.9814,11.82012],[75.98098,11.82001],[75.98062,11.81977],[75.9806,11.81946],[75.98036,11.81919],[75.9796,11.81885],[75.97873,11.81817],[75.97764,11.81847],[75.97696,11.81921],[75.97642,11.81922],[75.97598,11.81899],[75.9755,11.81902],[75.97536,11.81911],[75.97534,11.81946],[75.97509,11.81977],[75.9753,11.82053],[75.97527,11.82079],[75.97514,11.82095],[75.97526,11.82139],[75.97548,11.82169],[75.97607,11.82167],[75.97637,11.82191],[75.97639,11.82213],[75.97607,11.82228],[75.97622,11.82263],[75.976,11.8229],[75.97599,11.8232],[75.97633,11.82365],[75.97722,11.82436],[75.97726,11.82476],[75.97741,11.82498],[75.97747,11.8253],[75.97792,11.82569],[75.97787,11.82643],[75.97738,11.82697],[75.97715,11.8279],[75.97695,11.82805],[75.97638,11.82798],[75.97577,11.8281],[75.97531,11.82889],[75.97466,11.829],[75.97411,11.82934],[75.97308,11.82978],[75.97258,11.83012],[75.97218,11.83015],[75.97151,11.83118],[75.97056,11.83158],[75.97018,11.83149],[75.96966,11.83116],[75.96923,11.83107],[75.9678,11.83122],[75.96742,11.83161],[75.96706,11.83243],[75.96648,11.83318],[75.96607,11.83349],[75.96543,11.83358],[75.96491,11.83393],[75.96383,11.834],[75.96352,11.83415],[75.96275,11.83425],[75.96246,11.83445],[75.96207,11.83427],[75.96246,11.83432],[75.96278,11.83415],[75.96352,11.83407],[75.96381,11.83389],[75.96491,11.83385],[75.96529,11.83351],[75.96601,11.83342],[75.96674,11.83273],[75.96738,11.83149],[75.96775,11.83111],[75.96839,11.83112],[75.96935,11.83094],[75.96979,11.83104],[75.97034,11.83148],[75.97063,11.83147],[75.97141,11.83115],[75.9721,11.8301],[75.97261,11.82998],[75.97301,11.82963],[75.97373,11.82942],[75.97453,11.82891],[75.97525,11.82883],[75.97553,11.82806],[75.97565,11.82797],[75.97644,11.82783],[75.9767,11.82794],[75.97703,11.82786],[75.97708,11.82725],[75.97768,11.82644],[75.97765,11.82617],[75.97781,11.82576],[75.97736,11.82539],[75.9771,11.82434],[75.97626,11.82374],[75.97589,11.8232],[75.97585,11.82285],[75.97613,11.8227],[75.97595,11.82222],[75.97632,11.82207],[75.97626,11.82188],[75.97609,11.82178],[75.97538,11.82177],[75.97514,11.82157],[75.97506,11.82102],[75.97514,11.82043],[75.97497,11.81979],[75.97521,11.8194],[75.97521,11.81891],[75.97601,11.81889],[75.97674,11.81912],[75.97703,11.81902],[75.97736,11.81853],[75.97768,11.81831],[75.97878,11.81805],[75.98045,11.81913],[75.98108,11.81989],[75.98142,11.81997],[75.9819,11.81988],[75.98221,11.8197],[75.98227,11.81943],[75.98289,11.81897],[75.98325,11.81846],[75.98434,11.81796],[75.98466,11.81766],[75.98465,11.81749],[75.98418,11.81683],[75.98335,11.81591],[75.98306,11.81533],[75.98299,11.81493],[75.98335,11.8148],[75.98402,11.81418],[75.98427,11.81408],[75.98454,11.81411],[75.98479,11.81432],[75.98595,11.81448],[75.98621,11.81414],[75.98662,11.81321],[75.98689,11.81305],[75.98718,11.81267],[75.98763,11.81248],[75.98818,11.81249],[75.9887,11.81275],[75.989,11.81268],[75.98895,11.81248],[75.98871,11.81241],[75.98869,11.81227],[75.98879,11.81212],[75.98882,11.81167],[75.98915,11.8109],[75.98888,11.81069],[75.98831,11.8105],[75.98784,11.80986],[75.98727,11.8097],[75.98712,11.80953],[75.98711,11.80931],[75.98776,11.80821],[75.98784,11.80778],[75.9892,11.80719],[75.98928,11.80705],[75.9892,11.80682],[75.98899,11.80667],[75.98874,11.80674],[75.98851,11.80717],[75.98775,11.80741],[75.98743,11.80793],[75.98727,11.808],[75.98645,11.80814],[75.986,11.8081],[75.98557,11.8076],[75.98523,11.8076],[75.9851,11.80748],[75.98447,11.80645],[75.98448,11.80629],[75.98463,11.80617],[75.98459,11.8059],[75.9839,11.80523],[75.9835,11.80457],[75.98384,11.80391],[75.98471,11.80323],[75.98484,11.80297],[75.98589,11.80258],[75.98627,11.8026],[75.98661,11.80247],[75.98708,11.80244],[75.98721,11.80234],[75.98724,11.802],[75.987,11.80147],[75.98705,11.80038],[75.98753,11.79999],[75.98866,11.79946],[75.98865,11.79911],[75.98845,11.79849],[75.98682,11.7987],[75.98622,11.79865],[75.9845,11.79883],[75.98228,11.7992],[75.98091,11.79917],[75.98057,11.79888],[75.97919,11.79661],[75.97868,11.79604],[75.97846,11.79598],[75.97747,11.79614],[75.97695,11.79611],[75.9751,11.79544],[75.97418,11.79492],[75.97385,11.7949],[75.9735,11.79524],[75.97294,11.79636],[75.97231,11.79665],[75.97049,11.79676],[75.96799,11.79647],[75.96714,11.79659],[75.96671,11.79683],[75.96624,11.79694],[75.96505,11.79694],[75.96372,11.79677],[75.9621,11.79712],[75.96069,11.79713],[75.95924,11.79735],[75.95893,11.79766],[75.95864,11.79771],[75.95782,11.7971],[75.95737,11.79636],[75.95734,11.79587],[75.9576,11.79496],[75.95827,11.79377],[75.95904,11.79305],[75.96014,11.79224],[75.96019,11.79177],[75.96012,11.7915],[75.95985,11.79114],[75.95911,11.79092],[75.95864,11.79056],[75.95834,11.78972],[75.95785,11.78896],[75.95754,11.78869],[75.95708,11.78878],[75.95582,11.78963],[75.95537,11.78977],[75.954,11.78984],[75.95357,11.78974],[75.9531,11.78932],[75.95277,11.78882],[75.95197,11.78728],[75.95166,11.78705],[75.95122,11.78644],[75.95021,11.78545],[75.94972,11.78466],[75.94945,11.78402],[75.94939,11.78329],[75.94953,11.78248],[75.94953,11.7814],[75.94939,11.78009],[75.94993,11.77841],[75.95007,11.7776],[75.95,11.77674],[75.94958,11.77626],[75.94904,11.77612],[75.94621,11.77645],[75.94502,11.77617],[75.94392,11.77518],[75.94368,11.77472],[75.94361,11.7738],[75.94411,11.77301],[75.94411,11.7726],[75.94395,11.77228],[75.9434,11.77188],[75.94183,11.77108],[75.93897,11.77009],[75.93663,11.76952],[75.9349,11.76947],[75.93438,11.76983],[75.934,11.77029],[75.93275,11.77237],[75.93203,11.77326],[75.93158,11.77341],[75.93098,11.77334],[75.9304,11.77299],[75.92941,11.77272],[75.9286,11.7729],[75.92812,11.77343],[75.92785,11.774],[75.9278,11.77553],[75.92741,11.77613],[75.92668,11.77666],[75.92603,11.77785],[75.92557,11.7793],[75.92515,11.78016],[75.92439,11.78075],[75.92363,11.78112],[75.92302,11.78115],[75.92207,11.78107],[75.92052,11.78076],[75.9179,11.78084],[75.91713,11.78105],[75.91634,11.78142],[75.91537,11.78206],[75.91364,11.78398],[75.91212,11.78543],[75.91074,11.78619],[75.90897,11.7866],[75.90803,11.78672],[75.90763,11.78695],[75.90658,11.78838],[75.90553,11.79033],[75.90524,11.79063],[75.90424,11.79132],[75.90408,11.79158],[75.90408,11.79474],[75.90379,11.79565],[75.90347,11.79626],[75.90306,11.79672],[75.9024,11.7972],[75.90205,11.79759],[75.90177,11.7986],[75.90178,11.79937],[75.90212,11.80036],[75.90202,11.80226],[75.90188,11.80252],[75.89836,11.80257],[75.89798,11.80296],[75.89753,11.80448],[75.89719,11.80496],[75.89674,11.80537],[75.89277,11.80682],[75.89218,11.80728],[75.89182,11.80774],[75.89099,11.81014],[75.89016,11.81143],[75.88861,11.81252],[75.88702,11.81331],[75.88677,11.81335],[75.88684,11.81317],[75.88917,11.81177],[75.88993,11.81106],[75.89068,11.81018],[75.89127,11.80816],[75.89161,11.80745],[75.89244,11.80676],[75.89331,11.80632],[75.8955,11.80573],[75.8964,11.80525],[75.89721,11.80462],[75.89743,11.80398],[75.89761,11.80273],[75.89785,11.80242],[75.89833,11.80228],[75.90137,11.80241],[75.90175,11.80234],[75.90185,11.8021],[75.90189,11.80131],[75.90157,11.79855],[75.90164,11.79781],[75.90177,11.79739],[75.90272,11.79659],[75.90347,11.79561],[75.90375,11.79505],[75.90387,11.79432],[75.90372,11.7913],[75.9039,11.791],[75.9043,11.79068],[75.90479,11.79052],[75.90517,11.79021],[75.90547,11.78981],[75.90586,11.78877],[75.90634,11.78819],[75.90649,11.78769],[75.90593,11.78703],[75.90562,11.78641],[75.90559,11.78527],[75.90504,11.78488],[75.90376,11.78456],[75.90334,11.78414],[75.90315,11.78363],[75.90345,11.78252],[75.90517,11.78043],[75.90517,11.77975],[75.90417,11.77903],[75.90282,11.77825],[75.90227,11.77799],[75.90144,11.77786],[75.90099,11.77759],[75.90105,11.77738],[75.90141,11.77695],[75.90252,11.77601],[75.90337,11.77502],[75.90387,11.77404],[75.90387,11.77346],[75.90448,11.7727],[75.90507,11.77251],[75.90675,11.7724],[75.90736,11.77219],[75.90771,11.77176],[75.90762,11.77155],[75.90721,11.77151],[75.905,11.77172],[75.90417,11.77195],[75.90289,11.77213],[75.90189,11.77213],[75.90116,11.77193],[75.90054,11.7719],[75.90013,11.772],[75.89808,11.77405],[75.8975,11.77434],[75.89683,11.77447],[75.89619,11.77434],[75.89502,11.77372],[75.89445,11.77368],[75.89292,11.77401],[75.89184,11.77404],[75.88828,11.77609],[75.8875,11.77606],[75.88717,11.77568],[75.88705,11.77532],[75.88717,11.7736],[75.88713,11.77262],[75.88737,11.77037],[75.88726,11.77013],[75.88712,11.76997],[75.88674,11.76983],[75.88449,11.7697],[75.88387,11.76941],[75.88232,11.76831],[75.88208,11.7679],[75.88188,11.76699],[75.88149,11.76609],[75.88098,11.7657],[75.87914,11.76498],[75.87872,11.76469],[75.87852,11.7644],[75.8784,11.76344],[75.88141,11.75956],[75.88173,11.75887],[75.88164,11.75858],[75.88036,11.75751],[75.87987,11.75736],[75.87918,11.7574],[75.87879,11.75728],[75.87779,11.75624],[75.87663,11.75526],[75.87675,11.75524],[75.87724,11.75557],[75.87881,11.7569],[75.88012,11.75711],[75.88077,11.75745],[75.88176,11.7584],[75.88197,11.75885],[75.88176,11.75958],[75.88155,11.75996],[75.88078,11.76081],[75.87887,11.76328],[75.87869,11.76371],[75.87884,11.7642],[75.87921,11.76472],[75.87972,11.76492],[75.88051,11.76502],[75.88142,11.76546],[75.88194,11.76618],[75.88253,11.76765],[75.88358,11.76888],[75.88457,11.76941],[75.88533,11.76954],[75.88681,11.76938],[75.88712,11.76952],[75.88776,11.77051],[75.88751,11.77238],[75.88758,11.77299],[75.88744,11.77502],[75.88766,11.77554],[75.88796,11.77567],[75.88836,11.77566],[75.89187,11.77377],[75.89307,11.77373],[75.89467,11.77328],[75.89527,11.77339],[75.89576,11.77387],[75.89646,11.77405],[75.89746,11.77385],[75.89987,11.77163],[75.90302,11.77172],[75.90601,11.77123],[75.90778,11.77118],[75.90803,11.77133],[75.90828,11.77176],[75.90818,11.77221],[75.90793,11.7725],[75.90759,11.7727],[75.90718,11.7728],[75.90513,11.77284],[75.90456,11.77318],[75.90434,11.77354],[75.90399,11.77468],[75.90347,11.77551],[75.9025,11.77634],[75.90202,11.77701],[75.90205,11.77747],[75.90398,11.77871],[75.90462,11.77893],[75.90493,11.77893],[75.90527,11.77917],[75.90555,11.77991],[75.90552,11.78051],[75.9053,11.78089],[75.90388,11.78252],[75.90367,11.78295],[75.90359,11.78382],[75.90406,11.78431],[75.90547,11.78476],[75.90575,11.785],[75.90592,11.78611],[75.90614,11.78669],[75.90641,11.7871],[75.90674,11.78725],[75.90703,11.78718],[75.9078,11.78658],[75.91126,11.78564],[75.91284,11.78432],[75.91543,11.78147],[75.91624,11.78096],[75.91707,11.78066],[75.91948,11.78033],[75.92085,11.78038],[75.92146,11.78056],[75.92261,11.78069],[75.92352,11.78059],[75.92415,11.78037],[75.92474,11.77992],[75.92501,11.7794],[75.92602,11.7764],[75.92702,11.77587],[75.9272,11.77558],[75.92735,11.77359],[75.92747,11.77303],[75.92767,11.77262],[75.92812,11.77242],[75.93003,11.77213],[75.93037,11.77217],[75.93075,11.77268],[75.93116,11.77289],[75.93168,11.77289],[75.93225,11.77245],[75.93372,11.7695],[75.93404,11.76927],[75.93738,11.76908],[75.93787,11.76916],[75.94227,11.77074],[75.94258,11.77091],[75.94281,11.77117],[75.94419,11.77175],[75.94469,11.77207],[75.94486,11.77239],[75.94486,11.77268],[75.94475,11.77297],[75.94405,11.77372],[75.94405,11.77434],[75.94419,11.77463],[75.94513,11.77546],[75.94585,11.77581],[75.94675,11.77588],[75.94919,11.77555],[75.9498,11.77556],[75.95007,11.77574],[75.95043,11.77656],[75.95049,11.77722],[75.95046,11.77838],[75.95025,11.77934],[75.94994,11.78001],[75.94994,11.78051],[75.95035,11.78108],[75.95007,11.78336],[75.95009,11.78377],[75.95046,11.7847],[75.95193,11.78667],[75.95335,11.789],[75.95371,11.78936],[75.95416,11.78954],[75.95518,11.78959],[75.95557,11.78952],[75.95634,11.78889],[75.95699,11.78855],[75.95731,11.78846],[75.95783,11.78851],[75.95816,11.78884],[75.95913,11.79046],[75.95953,11.79077],[75.9601,11.79098],[75.96037,11.79148],[75.96048,11.79231],[75.96037,11.79249],[75.95909,11.79337],[75.95884,11.79364],[75.95827,11.79443],[75.95769,11.79571],[75.9576,11.79605],[75.95818,11.79703],[75.95839,11.79719],[75.95904,11.79713],[75.95974,11.79685],[75.95998,11.79696],[75.9614,11.79681],[75.96195,11.79685],[75.9642,11.79645],[75.96532,11.79661],[75.96759,11.79613],[75.96881,11.79616],[75.97081,11.79649],[75.97168,11.79641],[75.97249,11.79622],[75.97279,11.79589],[75.97306,11.7953],[75.97344,11.79481],[75.97368,11.79456],[75.974,11.7945],[75.97704,11.7958],[75.97744,11.79584],[75.97857,11.79559],[75.97902,11.79569],[75.97965,11.79679],[75.98086,11.79854],[75.98102,11.7987],[75.98148,11.79882],[75.98338,11.79877],[75.98455,11.79848],[75.98786,11.79825],[75.98843,11.79802],[75.98937,11.79712],[75.98973,11.79703],[75.99038,11.79724],[75.99079,11.79764],[75.99126,11.79874],[75.99194,11.79915],[75.99231,11.7992],[75.99319,11.79917],[75.99406,11.79901],[75.99456,11.79856],[75.99497,11.79845],[75.99681,11.79699],[75.99731,11.79679],[75.99771,11.79704],[75.99847,11.79796],[75.99904,11.7982],[75.99938,11.79816],[75.99963,11.79793],[75.99973,11.79753],[76.00007,11.79452],[75.99976,11.79312],[75.99913,11.79181],[75.99913,11.79119],[75.99934,11.79096],[75.99965,11.79082],[76.00023,11.79087],[76.0014,11.79145],[76.00243,11.79233],[76.00277,11.79229],[76.00294,11.79204],[76.00272,11.79047],[76.00237,11.78921],[76.00199,11.78808],[76.00127,11.78651],[76.00122,11.78622],[76.0013,11.78583],[76.00159,11.78561],[76.0019,11.78558],[76.00262,11.78576],[76.00328,11.78607],[76.00365,11.78646],[76.00399,11.78656],[76.00464,11.78695],[76.00498,11.78698],[76.0068,11.78658],[76.00822,11.78601],[76.00876,11.78545],[76.0106,11.7827],[76.01067,11.78234],[76.01054,11.78167],[76.00983,11.78023],[76.00995,11.77969],[76.01016,11.77944],[76.01036,11.77922],[76.0106,11.77913],[76.01106,11.77917],[76.01211,11.77881],[76.01339,11.77857],[76.01496,11.7778],[76.01546,11.77773],[76.01609,11.77778],[76.01679,11.77799],[76.01726,11.77838],[76.01744,11.77866],[76.01761,11.77958],[76.0174,11.78055],[76.01742,11.78084],[76.01773,11.78166],[76.01762,11.78271],[76.01735,11.78347],[76.01694,11.78419],[76.01571,11.78568],[76.01562,11.78594],[76.01592,11.78673],[76.01629,11.78705],[76.01669,11.7872],[76.01742,11.78718],[76.01922,11.7863],[76.02021,11.78563],[76.02098,11.78558],[76.02165,11.78585],[76.02216,11.78635],[76.02245,11.78648],[76.02318,11.78668],[76.02351,11.78689],[76.02475,11.78716],[76.02572,11.78756],[76.02627,11.78831],[76.02642,11.7902],[76.02653,11.79055],[76.02728,11.79175],[76.02763,11.79294],[76.02779,11.79418],[76.02838,11.79557],[76.02917,11.7968],[76.03033,11.79805],[76.03074,11.7989],[76.03128,11.79962],[76.03146,11.80015],[76.03313,11.80036],[76.03396,11.80034],[76.03474,11.80056],[76.03632,11.80069],[76.03662,11.8006],[76.03682,11.80041],[76.03693,11.79953],[76.03722,11.79865],[76.03748,11.79733],[76.03816,11.79521],[76.03877,11.79454],[76.03913,11.79386],[76.03983,11.79334],[76.04102,11.79132],[76.04228,11.78988],[76.04244,11.7893],[76.04248,11.78866],[76.04234,11.78793],[76.04237,11.78765],[76.04273,11.78727],[76.04305,11.78711],[76.04475,11.78725],[76.04502,11.7872],[76.04523,11.78704],[76.04563,11.78635],[76.04561,11.78608],[76.04504,11.78563],[76.0444,11.78473],[76.04349,11.78261],[76.0424,11.78113],[76.04203,11.78037],[76.04205,11.77987],[76.04232,11.77965],[76.04255,11.7796],[76.04534,11.77917],[76.0464,11.77908],[76.04808,11.77922],[76.04903,11.77915],[76.04996,11.7778],[76.05033,11.77694],[76.05045,11.77632],[76.05148,11.77506],[76.05227,11.77436],[76.05278,11.77357],[76.05294,11.77301],[76.05312,11.77276],[76.05341,11.77263],[76.05367,11.77265],[76.05412,11.77296],[76.05447,11.77341],[76.05476,11.77402],[76.05444,11.77602],[76.0545,11.77633],[76.05461,11.77638],[76.05502,11.77645],[76.05555,11.77599],[76.05698,11.7754],[76.05902,11.77492],[76.05969,11.77502],[76.06015,11.77553],[76.06047,11.77672],[76.0607,11.77936],[76.06094,11.78005],[76.06119,11.7804],[76.06136,11.78107],[76.06139,11.78154],[76.06123,11.78195],[76.06124,11.78225],[76.06149,11.78302],[76.06155,11.78361],[76.06182,11.78429],[76.06184,11.78482],[76.06203,11.78527],[76.06221,11.78736],[76.06239,11.78789],[76.06244,11.78851],[76.06236,11.78936],[76.062,11.79029],[76.06182,11.79123],[76.06186,11.79165],[76.06208,11.79199],[76.06324,11.79283],[76.06374,11.793],[76.06511,11.79372],[76.0658,11.79387],[76.06631,11.79382],[76.06677,11.79357],[76.06725,11.79324],[76.06802,11.7925],[76.06904,11.7919],[76.06979,11.79187],[76.07037,11.79204],[76.07107,11.79273],[76.07214,11.79438],[76.07225,11.79475],[76.07295,11.79537],[76.07335,11.79545],[76.07464,11.79607],[76.07536,11.79712],[76.0756,11.79776],[76.07579,11.79769],[76.07648,11.79686],[76.07687,11.79572],[76.07695,11.79508],[76.07672,11.79445],[76.07601,11.79364],[76.07533,11.79255],[76.07456,11.79162],[76.07397,11.79111],[76.07349,11.79042],[76.0731,11.79017],[76.07265,11.78909],[76.07247,11.78804],[76.07254,11.78727],[76.07275,11.78613],[76.07316,11.7853],[76.07327,11.78441],[76.07323,11.78365],[76.07312,11.78327],[76.07262,11.78234],[76.07112,11.78095],[76.0706,11.78008],[76.07005,11.77865],[76.06995,11.77803],[76.06979,11.77767],[76.06912,11.77431],[76.06902,11.77337],[76.06913,11.77242],[76.06927,11.77206],[76.07049,11.77157],[76.07153,11.77141],[76.07283,11.77033],[76.07385,11.76987],[76.07518,11.76853],[76.07603,11.76804],[76.07687,11.76809],[76.07729,11.76835],[76.07807,11.76938],[76.07864,11.76984],[76.07903,11.7698],[76.08023,11.76918],[76.08097,11.76891],[76.08124,11.7686],[76.08128,11.76763],[76.0807,11.76659],[76.08067,11.76546],[76.0807,11.76518],[76.0816,11.76383],[76.08191,11.7632],[76.08198,11.76227],[76.08191,11.76201],[76.08154,11.76106],[76.08124,11.76068],[76.08067,11.75945],[76.07981,11.7582],[76.07938,11.75739],[76.07829,11.75585],[76.07772,11.75538],[76.07741,11.75495],[76.07732,11.75428],[76.07739,11.75325],[76.07755,11.75284],[76.07777,11.75264],[76.0779,11.75227],[76.07809,11.75208],[76.07834,11.75198],[76.079,11.75194],[76.08038,11.75234],[76.08098,11.75235],[76.08125,11.75218],[76.08147,11.75189],[76.08154,11.75145],[76.08097,11.75078],[76.07904,11.74941],[76.07769,11.7489],[76.07727,11.74848],[76.07711,11.74797],[76.07719,11.74636],[76.07738,11.74578],[76.07766,11.74537],[76.07839,11.74476],[76.07904,11.74444],[76.07944,11.7444],[76.08017,11.74456],[76.08056,11.74452],[76.08068,11.74433],[76.08071,11.74359],[76.08023,11.74293],[76.07989,11.74289],[76.0797,11.74275],[76.07962,11.74241],[76.07934,11.74214],[76.0784,11.74247],[76.07745,11.74329],[76.07645,11.7434],[76.07623,11.74324],[76.07591,11.74265],[76.07547,11.74144],[76.07447,11.74053],[76.07321,11.74008],[76.07205,11.73997],[76.07134,11.7397],[76.06985,11.73851],[76.0691,11.738],[76.06881,11.73791],[76.06683,11.73819],[76.06561,11.7378],[76.06487,11.73773],[76.06369,11.73636],[76.06283,11.73571],[76.05988,11.73425],[76.05948,11.73423],[76.05811,11.73354],[76.05782,11.7332],[76.05744,11.73301],[76.05727,11.73283],[76.05648,11.73071],[76.05587,11.72949],[76.05502,11.72867],[76.05415,11.72825],[76.05387,11.72769],[76.05386,11.72718],[76.05415,11.72677],[76.05463,11.72633],[76.05531,11.72596],[76.05566,11.72591],[76.05782,11.72625],[76.05888,11.72619],[76.05915,11.72585],[76.05914,11.72538],[76.05827,11.72407],[76.05794,11.72379],[76.05766,11.72336],[76.05624,11.72228],[76.05489,11.7215],[76.0535,11.72145],[76.05238,11.72166],[76.05174,11.72168],[76.05144,11.72163],[76.05052,11.72093],[76.05035,11.72053],[76.0504,11.71992],[76.05059,11.71948],[76.05137,11.71853],[76.05158,11.71806],[76.05164,11.71755],[76.05137,11.7171],[76.05102,11.71695],[76.0507,11.71695],[76.04845,11.71786],[76.04762,11.71838],[76.04659,11.7194],[76.04412,11.72107],[76.0427,11.7219],[76.04211,11.722],[76.04125,11.72197],[76.0405,11.72156],[76.04022,11.72153],[76.03997,11.72154],[76.03957,11.72176],[76.03894,11.72242],[76.03892,11.72271],[76.03916,11.72396],[76.039,11.72493],[76.03861,11.72547],[76.03835,11.7256],[76.03749,11.72557],[76.03587,11.72476],[76.03413,11.72338],[76.03316,11.72217],[76.03255,11.72158],[76.03239,11.72167],[76.03188,11.7228],[76.03131,11.72367],[76.03054,11.724],[76.0291,11.72501],[76.02859,11.72518],[76.02793,11.72527],[76.02754,11.72508],[76.02721,11.72472],[76.02702,11.72416],[76.02559,11.72288],[76.02457,11.72265],[76.02345,11.72254],[76.02076,11.72242],[76.02061,11.72253],[76.02039,11.72362],[76.02019,11.72395],[76.01975,11.7241],[76.0187,11.72396],[76.01803,11.72416],[76.01778,11.72393],[76.01775,11.72367],[76.01794,11.72313],[76.01924,11.72209],[76.01962,11.72163],[76.0196,11.72155],[76.0182,11.72135],[76.01758,11.72114],[76.017,11.72063],[76.01641,11.72044],[76.01595,11.72044],[76.0152,11.72101],[76.01456,11.72194],[76.01426,11.72216],[76.01395,11.72231],[76.01337,11.72233],[76.01205,11.72177],[76.01189,11.72157],[76.01146,11.7204],[76.0106,11.71927],[76.01041,11.71863],[76.00964,11.71824],[76.00935,11.71816],[76.00833,11.71819],[76.0078,11.71839],[76.00675,11.71907],[76.00472,11.71911],[76.0045,11.71898],[76.00396,11.71816],[76.00375,11.71753],[76.00378,11.71735],[76.00397,11.717],[76.0048,11.71649],[76.00533,11.71604],[76.00565,11.71557],[76.0057,11.71532],[76.00558,11.71456],[76.0052,11.71363],[76.00491,11.7133],[76.00486,11.71311],[76.00468,11.71129],[76.00438,11.71127],[76.0038,11.71178],[76.00315,11.71183],[76.0029,11.71148],[76.00229,11.71096],[76.00195,11.71044],[76.00169,11.70956],[76.00117,11.70863],[76.00122,11.70787],[76.00112,11.70761],[76.00079,11.70763],[76.00031,11.708],[75.99889,11.7105],[75.99852,11.71069],[75.99814,11.71068],[75.99796,11.71042],[75.99806,11.70894],[75.99799,11.70854],[75.99758,11.708],[75.99725,11.70809],[75.99668,11.70876],[75.99554,11.7093],[75.99505,11.70992],[75.99448,11.71034],[75.99403,11.71032],[75.99339,11.70982],[75.99109,11.70953],[75.99047,11.70988],[75.99013,11.71044],[75.98978,11.71051],[75.98955,11.71042],[75.9893,11.71003],[75.9891,11.70887],[75.98891,11.70839],[75.989,11.70738],[75.98891,11.70728],[75.98803,11.70728],[75.98727,11.70713],[75.98667,11.70686],[75.98605,11.70639],[75.98561,11.70561],[75.98583,11.70464],[75.98578,11.70444],[75.98544,11.70445],[75.98482,11.70479],[75.98377,11.70463],[75.98287,11.70486],[75.98062,11.70443],[75.97893,11.70452],[75.97842,11.70439],[75.97813,11.70403],[75.9781,11.70382],[75.97857,11.70237],[75.97891,11.70187],[75.97927,11.70153],[75.97952,11.70144],[75.97958,11.70129],[75.97944,11.70101],[75.97927,11.7009],[75.97829,11.70061],[75.97795,11.70063],[75.97661,11.70137],[75.97662,11.70171],[75.97691,11.70202],[75.97674,11.70274],[75.97577,11.70397],[75.9756,11.70432],[75.97485,11.7047],[75.9747,11.70502],[75.97454,11.70619],[75.97415,11.70648],[75.97382,11.70654],[75.97318,11.70642],[75.97199,11.70646],[75.97167,11.7063],[75.97153,11.70501],[75.97126,11.70388],[75.97113,11.70372],[75.97061,11.70374],[75.96937,11.7041],[75.9688,11.7041],[75.96862,11.70399],[75.96834,11.70356],[75.96829,11.70225],[75.96817,11.70201],[75.96799,11.70191],[75.96716,11.70189],[75.96668,11.70206],[75.96609,11.70199],[75.96569,11.70265],[75.96518,11.7027],[75.96495,11.70254],[75.96487,11.70145],[75.96412,11.70134],[75.96361,11.70109],[75.96341,11.70109],[75.96329,11.70122],[75.96347,11.702],[75.96329,11.70222],[75.96186,11.70231],[75.96139,11.70267],[75.96104,11.70275],[75.96053,11.70253],[75.96004,11.70202],[75.95978,11.70197],[75.9593,11.70268],[75.95844,11.70347],[75.95811,11.70368],[75.95708,11.704],[75.95667,11.70395],[75.9565,11.70382],[75.95584,11.70288],[75.95511,11.70248],[75.95453,11.70197],[75.95409,11.70199],[75.95332,11.70253],[75.95275,11.7034],[75.95292,11.70434],[75.95256,11.7049],[75.953,11.70553],[75.95352,11.70589],[75.9533,11.70694],[75.95342,11.70755],[75.95358,11.70784],[75.9535,11.70846],[75.95317,11.70854],[75.95294,11.70834],[75.95274,11.70802],[75.95255,11.70733],[75.95221,11.70695],[75.95144,11.70728],[75.95161,11.70762],[75.95139,11.70804],[75.95141,11.7087],[75.9517,11.70901],[75.95166,11.70916],[75.95119,11.70942],[75.95107,11.70981],[75.95111,11.71033],[75.95136,11.71111],[75.95135,11.71149],[75.95113,11.71153],[75.95049,11.7114],[75.95084,11.71178],[75.95078,11.71196],[75.95012,11.71234],[75.94965,11.71281],[75.94976,11.71298],[75.95001,11.71307],[75.9501,11.71329],[75.94916,11.71374],[75.94868,11.71459],[75.9491,11.71368],[75.94997,11.71333],[75.94998,11.71313],[75.9496,11.7129],[75.94974,11.71252],[75.95073,11.71192],[75.95037,11.7114],[75.95053,11.71132],[75.95125,11.7114],[75.95123,11.71088],[75.95105,11.71054],[75.95099,11.71015],[75.95101,11.70972],[75.95113,11.70939],[75.95147,11.70919],[75.95157,11.70901],[75.95157,11.70888],[75.95127,11.70871],[75.95135,11.70778],[75.9515,11.70763],[75.95128,11.70707],[75.95112,11.70689],[75.95038,11.70689],[75.95026,11.70672],[75.95029,11.70623],[75.95006,11.70588],[75.9497,11.70582],[75.94917,11.70523],[75.94878,11.7051],[75.9484,11.70529],[75.94817,11.70574],[75.94724,11.70594],[75.94691,11.70611],[75.94669,11.70607],[75.94637,11.70566],[75.94578,11.70544],[75.94553,11.70563],[75.94558,11.70592],[75.94466,11.70609],[75.94431,11.70662],[75.94374,11.70649],[75.9433,11.70674],[75.94342,11.70654],[75.94392,11.70642],[75.9443,11.70653],[75.94451,11.70602],[75.9454,11.70595],[75.94538,11.7056],[75.94566,11.70532],[75.94621,11.70544],[75.94685,11.70602],[75.94731,11.7058],[75.94823,11.70562],[75.94833,11.70521],[75.94882,11.70496],[75.94917,11.70503],[75.94975,11.70571],[75.95021,11.70588],[75.95047,11.70683],[75.95109,11.70679],[75.95149,11.70713],[75.95194,11.70686],[75.95245,11.70702],[75.95269,11.7074],[75.95297,11.70819],[75.95329,11.70846],[75.95344,11.70828],[75.95346,11.70798],[75.95318,11.70702],[75.95338,11.70593],[75.95278,11.70549],[75.95245,11.70509],[75.95241,11.70485],[75.95279,11.70444],[75.9527,11.70336],[75.95304,11.70294],[75.95334,11.70234],[75.95412,11.7019],[75.95454,11.70187],[75.9557,11.70262],[75.95621,11.70309],[75.95663,11.70374],[75.95695,11.70389],[75.95797,11.7036],[75.95838,11.70334],[75.95936,11.70247],[75.95958,11.702],[75.95975,11.70186],[75.96008,11.7019],[75.9607,11.70255],[75.96107,11.70267],[75.96127,11.70262],[75.96181,11.70219],[75.9632,11.70212],[75.96332,11.70189],[75.96313,11.70119],[75.96318,11.70104],[75.96336,11.70094],[75.9636,11.70096],[75.96413,11.70123],[75.965,11.70142],[75.96508,11.70239],[75.96534,11.7026],[75.96559,11.70253],[75.96588,11.70202],[75.96609,11.7019],[75.96672,11.70194],[75.96706,11.7018],[75.96803,11.70184],[75.96822,11.70191],[75.96832,11.7021],[75.96813,11.70126],[75.96817,11.69989],[75.96792,11.69912],[75.96792,11.69852],[75.96779,11.69787],[75.96752,11.69759],[75.9665,11.69748],[75.9651,11.69667],[75.9649,11.69606],[75.96533,11.69485],[75.96529,11.69415],[75.96518,11.6939],[75.96455,11.69319],[75.96357,11.69119],[75.96344,11.69018],[75.96321,11.69004],[75.96259,11.69003],[75.96213,11.6899],[75.96101,11.68916],[75.95972,11.68751],[75.95958,11.68666],[75.95926,11.68619],[75.95929,11.68572],[75.95992,11.68527],[75.96021,11.68454],[75.96011,11.6844],[75.95965,11.68449],[75.95933,11.6843],[75.95914,11.68402],[75.95918,11.68354],[75.95967,11.68311],[75.96057,11.68266],[75.96091,11.68208],[75.96139,11.68178],[75.96167,11.68125],[75.96206,11.68117],[75.96286,11.68043],[75.96298,11.67989],[75.96311,11.67974],[75.96354,11.67964],[75.96395,11.67913],[75.96393,11.6783],[75.96383,11.67789],[75.96337,11.67714],[75.96274,11.67645],[75.96267,11.67613],[75.9625,11.67589],[75.96204,11.67575],[75.96045,11.67557],[75.95929,11.67485],[75.95832,11.67486],[75.95802,11.67456],[75.95792,11.67418],[75.95811,11.67374],[75.95851,11.67367],[75.95882,11.67383],[75.95947,11.67389],[75.95979,11.6736],[75.96016,11.67305],[75.96091,11.67241],[75.96177,11.67204],[75.96176,11.67175],[75.96144,11.67125],[75.96151,11.67087],[75.96107,11.6698],[75.96033,11.66836],[75.9599,11.66785],[75.95969,11.6677],[75.95963,11.66783],[75.9597,11.66805],[75.96016,11.66861],[75.96019,11.66907],[75.95939,11.66919],[75.95801,11.66882],[75.95769,11.66841],[75.9577,11.6674],[75.95721,11.66657],[75.9572,11.66559],[75.95672,11.66497],[75.95654,11.6649],[75.95602,11.66494],[75.95591,11.66461],[75.95583,11.66459],[75.95573,11.66546],[75.95556,11.66561],[75.95524,11.66554],[75.95453,11.66586],[75.95371,11.66639],[75.95358,11.66635],[75.95358,11.6661],[75.95347,11.66601],[75.95333,11.66601],[75.95306,11.66633],[75.95288,11.66626],[75.95286,11.66601],[75.95322,11.66581],[75.95357,11.66537],[75.95496,11.66544],[75.95525,11.66465],[75.95527,11.6643],[75.95487,11.66401],[75.95442,11.6643],[75.95447,11.66445],[75.95465,11.66445],[75.95465,11.66428],[75.95507,11.6643],[75.95509,11.66443],[75.95491,11.66452],[75.95498,11.66479],[75.95493,11.66508],[75.95426,11.66512],[75.95398,11.66497],[75.95411,11.6649],[75.95433,11.66501],[75.95455,11.66479],[75.95456,11.66457],[75.95416,11.66463],[75.9538,11.66443],[75.95377,11.66425],[75.95396,11.66417],[75.95393,11.66405],[75.95317,11.66374],[75.95315,11.66355],[75.95358,11.66333],[75.95373,11.66333],[75.95387,11.66355],[75.95409,11.66353],[75.95416,11.66324],[75.95396,11.66315],[75.95385,11.66272],[75.95339,11.66274],[75.95326,11.66308],[75.95309,11.66321],[75.95291,11.66316],[75.95253,11.66332],[75.95248,11.66356],[75.9526,11.66367],[75.95298,11.66368],[75.95297,11.66385],[75.95271,11.66392],[75.95224,11.66385],[75.95231,11.66299],[75.95249,11.66294],[75.95266,11.66307],[75.95291,11.66301],[75.95291,11.66283],[75.95275,11.66269],[75.9528,11.66241],[75.95271,11.66236],[75.95255,11.66236],[75.95244,11.66252],[75.95188,11.66421],[75.95072,11.66514],[75.94974,11.66503],[75.94961,11.66494],[75.94961,11.66485],[75.9499,11.6647],[75.95032,11.66423],[75.95108,11.66414],[75.95139,11.66396],[75.95148,11.66379],[75.9515,11.66279],[75.95072,11.66278],[75.95055,11.66258],[75.95059,11.6625],[75.95139,11.66245],[75.95153,11.66236],[75.95157,11.66192],[75.95153,11.66176],[75.95097,11.66116],[75.9505,11.66087],[75.94939,11.66053],[75.94905,11.66024],[75.94905,11.66005],[75.94932,11.65998],[75.94988,11.66024],[75.95046,11.6602],[75.95095,11.65991],[75.95144,11.65929],[75.95148,11.65893],[75.95122,11.65855],[75.95246,11.65846],[75.9529,11.65868],[75.95372,11.65825],[75.95393,11.65786],[75.95393,11.65749],[75.95371,11.65664],[75.95369,11.65604],[75.95407,11.65485],[75.95393,11.65443],[75.95364,11.65405],[75.95342,11.654],[75.95308,11.65411],[75.95279,11.65391],[75.95261,11.65391],[75.95219,11.65407],[75.9519,11.65434],[75.95167,11.6549],[75.95143,11.65519],[75.95082,11.65534],[75.95031,11.65528],[75.95013,11.65541],[75.95002,11.65628],[75.95042,11.65713],[75.95044,11.65767],[75.95033,11.65774],[75.94999,11.65736],[75.9497,11.65644],[75.94932,11.65601],[75.94876,11.65572],[75.94867,11.65548],[75.94883,11.65452],[75.9487,11.65434],[75.94805,11.65389],[75.94753,11.65382],[75.94735,11.65362],[75.94729,11.65288],[75.94771,11.65252],[75.94771,11.6523],[75.94769,11.65201],[75.94729,11.65118],[75.9461,11.6502],[75.94485,11.65006],[75.9446,11.65031],[75.94404,11.65145],[75.94389,11.65152],[75.9436,11.65029],[75.94373,11.64986],[75.94409,11.64939],[75.94411,11.64919],[75.94378,11.64892],[75.94348,11.64892],[75.94221,11.64971],[75.94214,11.64993],[75.94221,11.65049],[75.94178,11.65089],[75.94176,11.65103],[75.94181,11.65123],[75.94219,11.65154],[75.94207,11.65163],[75.94165,11.65165],[75.94147,11.65208],[75.94165,11.65246],[75.94163,11.65268],[75.94147,11.65293],[75.94145,11.65342],[75.94107,11.65355],[75.94111,11.65331],[75.94129,11.65324],[75.94152,11.65268],[75.94152,11.65246],[75.9412,11.65188],[75.94125,11.65138],[75.94098,11.65141],[75.94073,11.6512],[75.94067,11.651],[75.941,11.65082],[75.941,11.65044],[75.94138,11.65035],[75.94172,11.64953],[75.94237,11.64917],[75.94234,11.64861],[75.94241,11.64847],[75.94292,11.64823],[75.94342,11.64818],[75.94378,11.64845],[75.94429,11.64841],[75.94474,11.64953],[75.94492,11.64977],[75.94516,11.64979],[75.94592,11.64979],[75.9461,11.64959],[75.94671,11.64935],[75.94697,11.64903],[75.947,11.64847],[75.94711,11.64836],[75.94762,11.6483],[75.948,11.64845],[75.94818,11.64865],[75.94865,11.64879],[75.94964,11.6493],[75.9497,11.64962],[75.94984,11.64971],[75.95017,11.64944],[75.95071,11.64872],[75.94988,11.64847],[75.94704,11.64713],[75.94657,11.64718],[75.94599,11.64758],[75.94548,11.64767],[75.94521,11.64794],[75.94471,11.64794],[75.9444,11.64783],[75.94413,11.6466],[75.94391,11.64655],[75.94324,11.64711],[75.94257,11.64736],[75.94176,11.64749],[75.94145,11.6474],[75.94107,11.6476],[75.94111,11.64796],[75.94154,11.64825],[75.94165,11.64852],[75.9416,11.64872],[75.94147,11.64877],[75.94122,11.64836],[75.94096,11.6483],[75.94078,11.64812],[75.94073,11.64783],[75.94082,11.64751],[75.94073,11.64749],[75.9406,11.64751],[75.94015,11.64807],[75.93997,11.64776],[75.9397,11.64762],[75.93941,11.6483],[75.9393,11.64832],[75.93923,11.64774],[75.9387,11.64738],[75.93845,11.64684],[75.93847,11.64657],[75.93888,11.64682],[75.93912,11.64731],[75.93937,11.64745],[75.93982,11.64729],[75.94046,11.64745],[75.94053,11.64724],[75.94109,11.64704],[75.9414,11.64655],[75.94174,11.64639],[75.94203,11.6461],[75.94237,11.64599],[75.94246,11.64552],[75.94216,11.64485],[75.94185,11.6444],[75.94129,11.64393],[75.94071,11.64396],[75.93941,11.64463],[75.93876,11.64474],[75.93845,11.64503],[75.93834,11.64539],[75.93807,11.64575],[75.93758,11.64617],[75.93729,11.64707],[75.93655,11.6474],[75.93655,11.64729],[75.93675,11.64711],[75.93722,11.64684],[75.93744,11.64608],[75.93776,11.64575],[75.93776,11.64561],[75.93747,11.64563],[75.93715,11.64541],[75.93709,11.64503],[75.93756,11.64483],[75.93776,11.64505],[75.93789,11.64505],[75.93796,11.64472],[75.93773,11.64434],[75.93744,11.64413],[75.9374,11.64378],[75.93655,11.64194],[75.93637,11.64134],[75.93574,11.64038],[75.93545,11.64002],[75.93438,11.64002],[75.93409,11.63986],[75.93409,11.63977],[75.93536,11.63979],[75.93539,11.63939],[75.93521,11.63843],[75.93489,11.63821],[75.9346,11.63767],[75.9346,11.63738],[75.93474,11.63727],[75.93507,11.63783],[75.93521,11.63778],[75.93496,11.63722],[75.93487,11.63655],[75.93478,11.63639],[75.93407,11.63626],[75.93386,11.63604],[75.934,11.63523],[75.93411,11.63534],[75.93418,11.63572],[75.93424,11.63577],[75.93429,11.63566],[75.93407,11.63443],[75.93373,11.63413],[75.9325,11.63422],[75.93237,11.63411],[75.93169,11.63409],[75.9316,11.63405],[75.9316,11.63326],[75.93113,11.63315],[75.93118,11.63306],[75.93152,11.63306],[75.93152,11.63286],[75.93167,11.63281],[75.93199,11.63315],[75.93172,11.63319],[75.93174,11.6338],[75.93187,11.63393],[75.93259,11.63389],[75.93301,11.634],[75.93352,11.63399],[75.93336,11.63381],[75.93336,11.63373],[75.93361,11.63366],[75.93343,11.63332],[75.93291,11.63265],[75.93251,11.6324],[75.93248,11.63222],[75.93258,11.63215],[75.93267,11.63237],[75.93284,11.63242],[75.93318,11.63152],[75.93316,11.63012],[75.93372,11.62861],[75.93365,11.6283],[75.9333,11.62808],[75.93228,11.62828],[75.93206,11.62814],[75.93196,11.62794],[75.93205,11.62746],[75.93221,11.62729],[75.93311,11.62677],[75.93328,11.62613],[75.93323,11.62543],[75.93283,11.62519],[75.93105,11.62469],[75.93058,11.62464],[75.92958,11.62476],[75.92932,11.62467],[75.92883,11.62408],[75.92854,11.62387],[75.92742,11.62369],[75.92683,11.62341],[75.92629,11.62266],[75.92595,11.62163],[75.92604,11.62083],[75.92639,11.62009],[75.92611,11.62147],[75.92647,11.62251],[75.92696,11.62334],[75.92836,11.62367],[75.92884,11.62391],[75.92959,11.62466],[75.93093,11.62457],[75.93214,11.62494],[75.93283,11.62502],[75.93331,11.62532],[75.93339,11.62653],[75.93318,11.62695],[75.9323,11.62744],[75.93212,11.62783],[75.93219,11.62801],[75.93239,11.62808],[75.93345,11.62781],[75.93366,11.62794],[75.93386,11.62844],[75.93388,11.62871],[75.93374,11.62918],[75.93325,11.63024],[75.93325,11.63062],[75.93338,11.63103],[75.93336,11.63165],[75.93316,11.63208],[75.93309,11.63251],[75.93323,11.6328],[75.93417,11.6339],[75.9344,11.63454],[75.93444,11.63548],[75.93453,11.63564],[75.93474,11.63564],[75.93455,11.63537],[75.93462,11.63523],[75.93492,11.6356],[75.93496,11.63611],[75.93512,11.6365],[75.9353,11.63748],[75.93582,11.63803],[75.93649,11.63807],[75.93656,11.63796],[75.93653,11.63751],[75.93806,11.63686],[75.93857,11.63693],[75.93905,11.63715],[75.9393,11.6375],[75.93983,11.63792],[75.94014,11.63837],[75.9401,11.63884],[75.94037,11.63981],[75.93987,11.64083],[75.93981,11.64144],[75.93987,11.64166],[75.94034,11.64221],[75.94059,11.64232],[75.94085,11.6423],[75.94136,11.64214],[75.94161,11.64179],[75.9423,11.64166],[75.94239,11.64172],[75.94245,11.64225],[75.94309,11.64277],[75.94365,11.64275],[75.94392,11.64262],[75.94451,11.64296],[75.94484,11.64296],[75.94496,11.64311],[75.94538,11.64322],[75.9457,11.64307],[75.94622,11.64242],[75.94682,11.64241],[75.94696,11.6423],[75.94727,11.64235],[75.9474,11.64225],[75.94765,11.64144],[75.94783,11.64117],[75.94796,11.64114],[75.94798,11.64157],[75.94813,11.64195],[75.94834,11.64195],[75.94858,11.64163],[75.9486,11.64132],[75.94842,11.64097],[75.94844,11.64074],[75.9486,11.64052],[75.94902,11.64041],[75.94976,11.64072],[75.95005,11.64094],[75.95036,11.64177],[75.95091,11.64203],[75.95115,11.6423],[75.95136,11.64288],[75.95136,11.64352],[75.95106,11.64417],[75.95087,11.6443],[75.9506,11.64428],[75.95042,11.64377],[75.95013,11.64346],[75.94993,11.6433],[75.94955,11.64323],[75.9492,11.64321],[75.94865,11.64352],[75.94798,11.64352],[75.94693,11.64325],[75.94603,11.64343],[75.94561,11.64392],[75.94545,11.64503],[75.94543,11.64568],[75.9457,11.64631],[75.94633,11.64646],[75.94766,11.64635],[75.94878,11.64705],[75.94936,11.64753],[75.95034,11.64782],[75.95123,11.64784],[75.95141,11.64777],[75.95151,11.64753],[75.95148,11.6473],[75.9511,11.64716],[75.95063,11.64728],[75.94975,11.64698],[75.94952,11.64662],[75.94952,11.64653],[75.94972,11.6464],[75.94968,11.64604],[75.95009,11.64593],[75.95013,11.64579],[75.95054,11.64572],[75.95072,11.64579],[75.95078,11.64588],[75.95063,11.64613],[75.9507,11.64653],[75.95108,11.6469],[75.95241,11.64716],[75.95376,11.64674],[75.95387,11.64656],[75.95387,11.64624],[75.95369,11.64606],[75.95373,11.64579],[75.95416,11.64566],[75.95456,11.64566],[75.95504,11.64604],[75.95519,11.64604],[75.95608,11.64536],[75.95643,11.64527],[75.95655,11.6453],[75.95655,11.64539],[75.95603,11.6457],[75.95605,11.64577],[75.95648,11.64583],[75.95688,11.64554],[75.9576,11.64566],[75.9581,11.64547],[75.95812,11.64491],[75.95801,11.64453],[75.95873,11.64446],[75.95889,11.64448],[75.959,11.64478],[75.95868,11.64538],[75.95848,11.64545],[75.95841,11.64561],[75.95882,11.6459],[75.95963,11.64618],[75.95991,11.64616],[75.96073,11.64568],[75.96083,11.64568],[75.961,11.64598],[75.96118,11.64595],[75.96124,11.64561],[75.96115,11.64519],[75.96073,11.64465],[75.96073,11.64426],[75.96095,11.64412],[75.9618,11.64411],[75.96204,11.64382],[75.96243,11.64356],[75.96262,11.64316],[75.96241,11.6429],[75.96246,11.64258],[75.96268,11.6424],[75.96222,11.6425],[75.96184,11.64293],[75.96155,11.64293],[75.96136,11.64279],[75.96117,11.64225],[75.96097,11.64207],[75.96113,11.64164],[75.96062,11.6409],[75.96079,11.64052],[75.96066,11.64013],[75.96075,11.63973],[75.96031,11.63916],[75.96035,11.63893],[75.96003,11.63843],[75.95973,11.63707],[75.95977,11.63693],[75.96042,11.63644],[75.9606,11.63608],[75.96059,11.6359],[75.9605,11.63565],[75.96024,11.6355],[75.96003,11.63519],[75.95993,11.63434],[75.95953,11.63403],[75.95953,11.63309],[75.95966,11.63325],[75.95955,11.63392],[75.96004,11.63427],[75.96021,11.63526],[75.96057,11.63557],[75.96069,11.6359],[75.9607,11.63613],[75.96046,11.63652],[75.95982,11.63703],[75.96007,11.63786],[75.96013,11.63847],[75.96039,11.63876],[75.96043,11.63911],[75.96079,11.63967],[75.96087,11.64056],[75.96075,11.64101],[75.96117,11.64149],[75.96119,11.64205],[75.96151,11.64279],[75.9618,11.64285],[75.96234,11.64234],[75.96288,11.64236],[75.96287,11.64247],[75.96252,11.64281],[75.9627,11.6433],[75.96259,11.64365],[75.96226,11.64377],[75.96186,11.64421],[75.96145,11.64429],[75.961,11.6442],[75.96082,11.6446],[75.96128,11.64506],[75.96122,11.64607],[75.96157,11.64607],[75.96275,11.64574],[75.96308,11.64578],[75.96345,11.64599],[75.96283,11.64639],[75.96243,11.64685],[75.96257,11.64716],[75.96277,11.64727],[75.96308,11.64776],[75.96306,11.64785],[75.96208,11.6475],[75.96177,11.64718],[75.96141,11.64709],[75.96088,11.64709],[75.96021,11.64736],[75.95997,11.6477],[75.95977,11.64845],[75.95962,11.6485],[75.95948,11.6485],[75.95919,11.64756],[75.95895,11.64747],[75.95864,11.64747],[75.95793,11.64799],[75.95768,11.64805],[75.95633,11.64747],[75.95508,11.64718],[75.95473,11.64734],[75.95481,11.64755],[75.95454,11.648],[75.9543,11.648],[75.95405,11.64827],[75.95348,11.64822],[75.95261,11.64782],[75.95214,11.64775],[75.95204,11.64854],[75.9518,11.64885],[75.95144,11.64905],[75.95103,11.64948],[75.95085,11.6498],[75.9507,11.65045],[75.95072,11.65052],[75.95124,11.65049],[75.95146,11.65061],[75.95166,11.65027],[75.95252,11.64984],[75.95268,11.64984],[75.95272,11.65027],[75.95189,11.65065],[75.95164,11.65112],[75.95222,11.65135],[75.9531,11.65196],[75.9533,11.65238],[75.95474,11.65369],[75.95488,11.65398],[75.95488,11.65457],[75.95475,11.65493],[75.95477,11.65545],[75.95443,11.65612],[75.9545,11.65687],[75.95466,11.65687],[75.95475,11.65655],[75.95553,11.65662],[75.95574,11.6565],[75.95673,11.65475],[75.95675,11.6543],[75.95666,11.65412],[75.95644,11.65401],[75.95528,11.65396],[75.9549,11.65371],[75.9549,11.65362],[75.9552,11.6534],[75.9556,11.65318],[75.95589,11.65318],[75.95612,11.65345],[75.95675,11.65365],[75.95736,11.65306],[75.95834,11.65264],[75.95862,11.65241],[75.9592,11.65159],[75.95946,11.65142],[75.95959,11.65149],[75.95959,11.65217],[75.95969,11.65251],[75.95991,11.65268],[75.96077,11.65262],[75.96252,11.65208],[75.96293,11.65204],[75.9631,11.65211],[75.96308,11.65245],[75.96235,11.6529],[75.96154,11.65356],[75.96074,11.65369],[75.95969,11.65369],[75.95862,11.65392],[75.95846,11.65416],[75.95794,11.6563],[75.95751,11.65695],[75.95733,11.65741],[75.95733,11.65781],[75.95882,11.65815],[75.95962,11.65774],[75.95967,11.65715],[75.95993,11.65713],[75.96032,11.65756],[75.96066,11.65814],[75.96184,11.6591],[75.96212,11.65953],[75.96244,11.65964],[75.96284,11.65996],[75.96295,11.66022],[75.96289,11.66039],[75.96272,11.66049],[75.96242,11.66045],[75.96158,11.65966],[75.96049,11.65906],[75.95999,11.65898],[75.95941,11.65905],[75.95835,11.65878],[75.95722,11.65839],[75.95625,11.6579],[75.95612,11.6579],[75.95583,11.65838],[75.95553,11.65849],[75.9551,11.65916],[75.9549,11.65928],[75.9547,11.65986],[75.95488,11.65986],[75.95488,11.66],[75.95466,11.66017],[75.95465,11.66035],[75.9551,11.66087],[75.95583,11.66092],[75.95578,11.6611],[75.95553,11.66128],[75.9556,11.66141],[75.95598,11.66164],[75.95612,11.66155],[75.95643,11.66179],[75.95657,11.66224],[75.95668,11.66224],[75.95688,11.66197],[75.95711,11.66225],[75.95738,11.66224],[75.95767,11.6626],[75.95787,11.6626],[75.95806,11.66252],[75.95805,11.66243],[75.95781,11.66236],[75.95778,11.66207],[75.95806,11.66206],[75.95815,11.66216],[75.95862,11.662],[75.95859,11.66231],[75.95833,11.66243],[75.95797,11.66285],[75.95778,11.66294],[75.95736,11.66288],[75.95689,11.66341],[75.95695,11.66382],[75.9572,11.66414],[75.95743,11.66472],[75.95776,11.66619],[75.95824,11.66675],[75.95844,11.66688],[75.95931,11.66709],[75.95967,11.66731],[75.95994,11.66733],[75.95994,11.6672],[75.95954,11.66693],[75.9595,11.66646],[75.96008,11.66621],[75.96112,11.66646],[75.96163,11.66621],[75.96224,11.66647],[75.96242,11.66686],[75.96236,11.66699],[75.9622,11.66704],[75.9617,11.66691],[75.96121,11.66691],[75.961,11.66713],[75.96093,11.66762],[75.96073,11.66808],[75.96053,11.66814],[75.96114,11.66963],[75.96136,11.66994],[75.96157,11.67063],[75.96162,11.67119],[75.96195,11.67184],[75.96192,11.67205],[75.96158,11.67234],[75.96068,11.67271],[75.9601,11.67336],[75.95969,11.67403],[75.95946,11.67407],[75.95828,11.67376],[75.95809,11.674],[75.95805,11.67436],[75.95826,11.67469],[75.95934,11.67473],[75.96045,11.67541],[75.96213,11.6756],[75.96261,11.67578],[75.96285,11.6762],[75.9629,11.67653],[75.96351,11.6771],[75.96368,11.67746],[75.964,11.67778],[75.96409,11.67906],[75.96398,11.67949],[75.96364,11.67974],[75.96324,11.67983],[75.96306,11.68012],[75.96302,11.68039],[75.96254,11.68098],[75.96209,11.68127],[75.96169,11.68135],[75.96161,11.68182],[75.96095,11.68221],[75.96085,11.68261],[75.95953,11.68342],[75.95937,11.68376],[75.95946,11.68414],[75.9597,11.68431],[75.96033,11.68428],[75.96047,11.6844],[75.96052,11.68467],[75.96024,11.68529],[75.95947,11.68584],[75.95943,11.68599],[75.95982,11.68671],[75.96001,11.68759],[75.96047,11.68804],[75.96138,11.68922],[75.96244,11.6898],[75.96339,11.6899],[75.96364,11.69005],[75.96375,11.69031],[75.9637,11.69102],[75.96462,11.69264],[75.96477,11.69316],[75.96554,11.69405],[75.96555,11.69485],[75.96517,11.69594],[75.96517,11.69619],[75.96534,11.69652],[75.96569,11.69692],[75.96609,11.697],[75.96677,11.69733],[75.96783,11.69748],[75.96811,11.69838],[75.96841,11.69992],[75.96834,11.70118],[75.96856,11.70221],[75.96857,11.70327],[75.96871,11.70369],[75.96928,11.70387],[75.97063,11.70356],[75.97109,11.70353],[75.9714,11.70363],[75.9718,11.70479],[75.97189,11.70601],[75.97196,11.70607],[75.97292,11.70597],[75.97364,11.70627],[75.97413,11.70622],[75.97421,11.70612],[75.97423,11.70559],[75.97445,11.70524],[75.97458,11.70475],[75.97569,11.70392],[75.97658,11.70252],[75.97672,11.70217],[75.9764,11.70163],[75.97653,11.70108],[75.97807,11.70043],[75.97854,11.70042],[75.97944,11.7007],[75.97976,11.70101],[75.97984,11.70137],[75.97969,11.70165],[75.979,11.7021],[75.97874,11.70253],[75.97843,11.70327],[75.97832,11.70389],[75.97842,11.70417],[75.9791,11.7043],[75.98071,11.70421],[75.98295,11.70463],[75.98367,11.70448],[75.98475,11.70456],[75.9855,11.70412],[75.98586,11.70408],[75.98603,11.70433],[75.98603,11.70455],[75.98582,11.70552],[75.98603,11.70599],[75.98634,11.7063],[75.98695,11.70675],[75.98753,11.70699],[75.9883,11.70711],[75.98898,11.707],[75.98921,11.70717],[75.98929,11.70857],[75.98969,11.71019],[75.98993,11.71017],[75.99066,11.70952],[75.99119,11.7094],[75.99207,11.70958],[75.99332,11.70968],[75.9936,11.70979],[75.99393,11.71012],[75.99451,11.7101],[75.995,11.70974],[75.99522,11.70931],[75.99644,11.70873],[75.99698,11.70802],[75.99721,11.70783],[75.99757,11.70774],[75.99781,11.7079],[75.99825,11.70882],[75.99822,11.71039],[75.99857,11.71041],[75.99886,11.71015],[76.00014,11.70794],[76.00079,11.7074],[76.00124,11.70745],[76.00145,11.70767],[76.00137,11.70842],[76.00143,11.70864],[76.00199,11.70968],[76.00208,11.7103],[76.00303,11.71148],[76.0032,11.71162],[76.00365,11.71165],[76.00401,11.71144],[76.00437,11.71102],[76.00473,11.71111],[76.00486,11.71127],[76.0051,11.7131],[76.00544,11.71361],[76.0058,11.7145],[76.00593,11.71518],[76.00575,11.71579],[76.00554,11.71609],[76.00487,11.71666],[76.00425,11.717],[76.00402,11.71728],[76.00401,11.71766],[76.0046,11.71875],[76.0049,11.7189],[76.00656,11.71889],[76.00688,11.71881],[76.00756,11.71834],[76.0082,11.71805],[76.0091,11.71795],[76.00987,11.71806],[76.01038,11.71834],[76.01065,11.71861],[76.0109,11.71927],[76.01193,11.7207],[76.01216,11.72168],[76.01349,11.72215],[76.01398,11.72214],[76.01426,11.72195],[76.01453,11.72168],[76.01513,11.72074],[76.01595,11.72026],[76.01653,11.72025],[76.01685,11.72034],[76.01746,11.72083],[76.01811,11.72115],[76.01901,11.7213],[76.01968,11.72129],[76.01985,11.72138],[76.01987,11.72166],[76.01978,11.72183],[76.01807,11.72332],[76.01796,11.72368],[76.01818,11.72382],[76.02002,11.72389],[76.02021,11.72358],[76.0204,11.72234],[76.02064,11.7222],[76.02199,11.72222],[76.02546,11.72259],[76.02593,11.72287],[76.02654,11.72342],[76.02723,11.72418],[76.02747,11.72481],[76.02789,11.72504],[76.029,11.72483],[76.03008,11.72417],[76.03062,11.72373],[76.03127,11.72348],[76.03164,11.72283],[76.03216,11.72157],[76.03255,11.7213],[76.03257,11.72116],[76.03143,11.71998],[76.03072,11.71879],[76.03058,11.7182],[76.03065,11.71683],[76.03054,11.7168],[76.03045,11.71689],[76.03022,11.71769],[76.03003,11.71794],[76.02924,11.7182],[76.02856,11.71855],[76.02741,11.71868],[76.02711,11.71859],[76.02683,11.71831],[76.02586,11.71645],[76.02568,11.71596],[76.02551,11.71454],[76.02523,11.71459],[76.02446,11.71546],[76.02376,11.71595],[76.02282,11.71636],[76.02248,11.71623],[76.0225,11.71574],[76.02274,11.71511],[76.0235,11.71404],[76.02368,11.7136],[76.02395,11.71271],[76.02398,11.71204],[76.02379,11.71164],[76.02223,11.71046],[76.02173,11.70972],[76.02158,11.70898],[76.02223,11.70835],[76.02268,11.70819],[76.02441,11.70696],[76.0245,11.7067],[76.0244,11.70658],[76.02423,11.70648],[76.0234,11.70647],[76.02147,11.70708],[76.01937,11.70809],[76.01733,11.70935],[76.01671,11.71004],[76.0161,11.71011],[76.01572,11.70985],[76.01562,11.70965],[76.01559,11.70916],[76.01601,11.70765],[76.01665,11.70724],[76.01759,11.70696],[76.01826,11.70693],[76.01839,11.70668],[76.01807,11.70626],[76.01758,11.70615],[76.01601,11.70613],[76.01565,11.70599],[76.01524,11.7056],[76.01508,11.70508],[76.01514,11.70431],[76.01533,11.7041],[76.01584,11.70383],[76.01602,11.70359],[76.01633,11.70269],[76.01609,11.7007],[76.01591,11.70043],[76.01527,11.70027],[76.01419,11.69958],[76.01313,11.69881],[76.01305,11.69854],[76.01311,11.69821],[76.01369,11.69765],[76.01454,11.69703],[76.01486,11.69696],[76.01505,11.69709],[76.01527,11.69765],[76.01604,11.69895],[76.0166,11.6997],[76.0176,11.70066],[76.01822,11.70098],[76.01896,11.70098],[76.01942,11.70114],[76.02012,11.70116],[76.02088,11.70096],[76.0211,11.70035],[76.02136,11.69867],[76.02142,11.69757],[76.02121,11.6966],[76.02151,11.69557],[76.02145,11.69534],[76.02081,11.69461],[76.02055,11.69391],[76.02058,11.69361],[76.02097,11.69337],[76.02164,11.69325],[76.02264,11.69289],[76.02319,11.69239],[76.024,11.69207],[76.02414,11.6919],[76.02401,11.69164],[76.02196,11.69136],[76.02162,11.6912],[76.02136,11.69076],[76.02109,11.68972],[76.01968,11.68892],[76.01955,11.68842],[76.01971,11.68813],[76.02072,11.68786],[76.02113,11.68784],[76.02183,11.68807],[76.02277,11.68807],[76.02376,11.68775],[76.02378,11.68746],[76.02308,11.68719],[76.02261,11.68685],[76.02245,11.68401],[76.02212,11.6826],[76.02209,11.68158],[76.02201,11.68138],[76.02065,11.68075],[76.01858,11.67949],[76.01806,11.67875],[76.01795,11.67821],[76.01807,11.67787],[76.01842,11.67764],[76.01914,11.67744],[76.0193,11.67726],[76.01928,11.67704],[76.01897,11.67659],[76.01874,11.6758],[76.01897,11.6749],[76.02018,11.67469],[76.02093,11.67384],[76.02121,11.67381],[76.02222,11.67425],[76.02333,11.67388],[76.02462,11.67413],[76.02489,11.67406],[76.02498,11.6739],[76.02486,11.67339],[76.02458,11.67318],[76.02436,11.67281],[76.0233,11.67273],[76.02251,11.67222],[76.02217,11.67211],[76.02189,11.67163],[76.02187,11.67123],[76.02248,11.67001],[76.02254,11.66903],[76.02237,11.66882],[76.02241,11.66836],[76.02228,11.66795],[76.02191,11.66754],[76.02093,11.66753],[76.02045,11.66735],[76.01991,11.66686],[76.01982,11.66623],[76.02007,11.66601],[76.02135,11.66553],[76.02191,11.66522],[76.0223,11.66457],[76.02237,11.66396],[76.02272,11.6638],[76.02306,11.66393],[76.02406,11.66515],[76.02478,11.66554],[76.02511,11.66625],[76.02565,11.66634],[76.02662,11.66623],[76.0268,11.6661],[76.02671,11.66565],[76.02615,11.66529],[76.02567,11.6652],[76.02468,11.66432],[76.0245,11.66396],[76.02462,11.6631],[76.02477,11.66292],[76.02498,11.66281],[76.02615,11.66281],[76.02622,11.66233],[76.02605,11.66205],[76.02512,11.66138],[76.02425,11.66054],[76.02393,11.66017],[76.02378,11.65962],[76.02381,11.65928],[76.02399,11.65898],[76.02516,11.65777],[76.02576,11.65687],[76.0256,11.65651],[76.02484,11.65587],[76.02466,11.65504],[76.02471,11.65426],[76.02493,11.65405],[76.02516,11.65405],[76.02581,11.65475],[76.02646,11.65518],[76.02655,11.65513],[76.02655,11.655],[76.02588,11.65435],[76.025,11.65315],[76.02461,11.65184],[76.02464,11.65155],[76.02573,11.65034],[76.02608,11.64986],[76.0261,11.64968],[76.02604,11.64955],[76.02565,11.64944],[76.02349,11.64836],[76.02313,11.64804],[76.02302,11.6477],[76.023,11.64725],[76.02318,11.64712],[76.02502,11.64637],[76.02509,11.64617],[76.02498,11.64592],[76.02335,11.64509],[76.02189,11.64505],[76.02174,11.64485],[76.02174,11.64466],[76.02241,11.64314],[76.02338,11.64219],[76.02363,11.64219],[76.02446,11.64187],[76.02518,11.64185],[76.02685,11.64233],[76.02756,11.64235],[76.02904,11.64192],[76.02793,11.64088],[76.0275,11.64059],[76.02682,11.64046],[76.02612,11.64046],[76.02428,11.64068],[76.02392,11.64064],[76.02347,11.64037],[76.02322,11.64009],[76.0229,11.63866],[76.02257,11.63803],[76.02219,11.63771],[76.02164,11.6376],[76.02102,11.63715],[76.02041,11.63634],[76.02045,11.63591],[76.02126,11.63496],[76.02111,11.63463],[76.02036,11.63433],[76.01888,11.63415],[76.01847,11.63388],[76.01827,11.63357],[76.01834,11.63285],[76.01861,11.63264],[76.02008,11.63215],[76.02032,11.63193],[76.0203,11.63157],[76.02011,11.6315],[76.01843,11.6315],[76.01762,11.63161],[76.01712,11.6315],[76.0168,11.63129],[76.01674,11.63084],[76.01719,11.62994],[76.01714,11.62967],[76.01615,11.6295],[76.01379,11.62864],[76.01221,11.62859],[76.01106,11.62904],[76.01028,11.62907],[76.00992,11.62864],[76.0096,11.62749],[76.0096,11.62663],[76.00978,11.62591],[76.00996,11.62578],[76.0105,11.62567],[76.0114,11.62583],[76.01149,11.62565],[76.01107,11.62497],[76.01077,11.62414],[76.01077,11.62312],[76.01086,11.6224],[76.01131,11.62065],[76.01181,11.61977],[76.0117,11.61955],[76.0108,11.61909],[76.01053,11.61885],[76.01048,11.61867],[76.0105,11.61831],[76.01073,11.61797],[76.01091,11.61738],[76.01141,11.6166],[76.01067,11.61502],[76.01068,11.61433],[76.011,11.61398],[76.01124,11.61383],[76.01143,11.61383],[76.01203,11.61338],[76.01336,11.61395],[76.01408,11.61403],[76.01447,11.61401],[76.01476,11.61365],[76.01476,11.61347],[76.01377,11.61297],[76.01325,11.61246],[76.01331,11.61198],[76.01418,11.61012],[76.0144,11.60899],[76.01501,11.60782],[76.0149,11.60752],[76.01475,11.60757],[76.01459,11.60748],[76.01404,11.60769],[76.01325,11.60737],[76.01271,11.60749],[76.01242,11.60769],[76.01209,11.60766],[76.01194,11.60715],[76.01135,11.60705],[76.01117,11.60686],[76.01111,11.6066],[76.01115,11.6062],[76.0113,11.60594],[76.01152,11.60508],[76.01272,11.60394],[76.01298,11.60391],[76.0133,11.60346],[76.01329,11.6029],[76.01301,11.60267],[76.01244,11.60279],[76.01219,11.60272],[76.01212,11.60248],[76.01225,11.60164],[76.01285,11.60132],[76.01377,11.60115],[76.01425,11.60058],[76.01449,11.60041],[76.01495,11.60031],[76.01597,11.60032],[76.01675,11.60073],[76.0169,11.60035],[76.01683,11.60006],[76.01635,11.5997],[76.01607,11.59909],[76.01605,11.59792],[76.01616,11.59756],[76.0171,11.59686],[76.01728,11.59659],[76.01747,11.59545],[76.01778,11.59505],[76.0184,11.59463],[76.01868,11.594],[76.01971,11.59298],[76.02058,11.59287],[76.02054,11.59249],[76.02029,11.59196],[76.02036,11.59081],[76.01959,11.58928],[76.01889,11.5889],[76.01807,11.58871],[76.01799,11.58859],[76.01827,11.58805],[76.01807,11.58781],[76.01794,11.58734],[76.01809,11.58712],[76.01827,11.58704],[76.01832,11.58688],[76.01802,11.58639],[76.01807,11.58605],[76.01832,11.5859],[76.01848,11.58557],[76.01925,11.58507],[76.01923,11.58489],[76.01903,11.58468],[76.01905,11.58443],[76.01889,11.58391],[76.01871,11.58365],[76.01837,11.58322],[76.01815,11.58343],[76.01778,11.58352],[76.01766,11.58345],[76.01735,11.58241],[76.01746,11.58215],[76.01765,11.582],[76.01804,11.58213],[76.01814,11.58231],[76.01856,11.58241],[76.01876,11.58166],[76.01905,11.58148],[76.01956,11.58148],[76.01969,11.58121],[76.01949,11.58068],[76.01969,11.58028],[76.01967,11.58004],[76.01962,11.57991],[76.0192,11.5797],[76.01918,11.57908],[76.019,11.57896],[76.01894,11.57867],[76.01881,11.57854],[76.01822,11.57842],[76.01732,11.57854],[76.01717,11.57873],[76.01675,11.57862],[76.01654,11.5788],[76.01624,11.57883],[76.01595,11.57852],[76.01595,11.57834],[76.0153,11.57818],[76.01491,11.5779],[76.01492,11.57744],[76.01453,11.5772],[76.01428,11.57676],[76.01414,11.57622],[76.01412,11.57555],[76.0136,11.57509],[76.01366,11.57472],[76.01396,11.57423],[76.01393,11.57411],[76.0136,11.57389],[76.0136,11.57371],[76.0134,11.57367],[76.01306,11.5741],[76.01272,11.57429],[76.01246,11.57425],[76.01211,11.57456],[76.01184,11.57462],[76.01169,11.5739],[76.01174,11.57288],[76.01148,11.57265],[76.01118,11.57261],[76.01091,11.57281],[76.0109,11.573],[76.01118,11.57297],[76.01134,11.57305],[76.01129,11.57327],[76.01081,11.57363],[76.01053,11.57419],[76.01024,11.5742],[76.00986,11.57373],[76.0094,11.57366],[76.00895,11.57342],[76.008,11.57255],[76.00752,11.5719],[76.00625,11.57151],[76.0058,11.57115],[76.0057,11.57113],[76.00535,11.57223],[76.00507,11.57211],[76.00474,11.57211],[76.00425,11.57169],[76.00412,11.57133],[76.00375,11.571],[76.00343,11.57028],[76.00341,11.56986],[76.00291,11.56969],[76.00232,11.56915],[76.00208,11.56826],[76.00153,11.56818],[76.00087,11.56831],[76.00058,11.56828],[75.99989,11.56778],[75.99974,11.56749],[75.99902,11.56702],[75.99814,11.56695],[75.99801,11.56685],[75.99854,11.56684],[75.9991,11.56698],[75.99981,11.56745],[76.00023,11.56796],[76.00068,11.56821],[76.00137,11.56813],[76.00223,11.56821],[76.0024,11.5691],[76.00297,11.56961],[76.0035,11.56978],[76.00373,11.5708],[76.00415,11.57118],[76.00443,11.57172],[76.00476,11.57197],[76.00534,11.57202],[76.00563,11.57106],[76.00587,11.57108],[76.00617,11.57138],[76.00752,11.57184],[76.00893,11.57331],[76.00937,11.57359],[76.01002,11.57375],[76.01029,11.57413],[76.01048,11.5742],[76.01068,11.57368],[76.01127,11.57323],[76.01121,11.57308],[76.01081,11.5731],[76.01078,11.57291],[76.01111,11.57257],[76.01145,11.57253],[76.01172,11.5727],[76.01178,11.57285],[76.0118,11.57434],[76.01192,11.57451],[76.01216,11.57446],[76.01244,11.57421],[76.01293,11.57407],[76.01339,11.57358],[76.01358,11.57361],[76.01376,11.57395],[76.01402,11.57402],[76.01404,11.57425],[76.01368,11.57503],[76.01384,11.57524],[76.0142,11.57544],[76.01432,11.57656],[76.01456,11.57709],[76.01502,11.57744],[76.01507,11.57795],[76.01543,11.57818],[76.016,11.57826],[76.01631,11.57873],[76.01646,11.57875],[76.01664,11.57855],[76.01714,11.57862],[76.01752,11.57842],[76.01859,11.57836],[76.01884,11.57846],[76.01903,11.57885],[76.01923,11.57898],[76.0193,11.57968],[76.01959,11.57976],[76.01974,11.57996],[76.01979,11.58032],[76.01959,11.58071],[76.01979,11.58123],[76.01966,11.58149],[76.01882,11.58172],[76.01866,11.58247],[76.01828,11.58247],[76.01773,11.58213],[76.01748,11.58231],[76.01744,11.5825],[76.01778,11.58337],[76.01792,11.58343],[76.01835,11.58308],[76.0185,11.58312],[76.01855,11.58337],[76.01894,11.58371],[76.01895,11.58392],[76.01913,11.58425],[76.01913,11.58464],[76.01931,11.585],[76.0191,11.58526],[76.01877,11.58539],[76.01812,11.58632],[76.01812,11.58647],[76.01837,11.58676],[76.01837,11.58696],[76.01802,11.58745],[76.01833,11.58802],[76.01824,11.58841],[76.0181,11.58857],[76.01969,11.5892],[76.02052,11.59087],[76.0214,11.58988],[76.02163,11.58975],[76.02191,11.58979],[76.0223,11.59047],[76.02223,11.59102],[76.02229,11.59127],[76.02283,11.59261],[76.02304,11.59259],[76.02325,11.59242],[76.02385,11.59247],[76.02468,11.59204],[76.02487,11.59186],[76.02513,11.59122],[76.02528,11.59053],[76.02521,11.59021],[76.02493,11.58976],[76.02494,11.58921],[76.02511,11.58903],[76.02594,11.58878],[76.02603,11.58864],[76.02597,11.5884],[76.02552,11.58807],[76.02544,11.58776],[76.02578,11.58672],[76.02615,11.58642],[76.02621,11.58591],[76.02682,11.58495],[76.02727,11.58473],[76.02776,11.58475],[76.02794,11.58365],[76.02849,11.58322],[76.02943,11.58202],[76.02937,11.58175],[76.02784,11.58086],[76.02757,11.58031],[76.02747,11.57982],[76.02715,11.57933],[76.0266,11.57907],[76.02588,11.57919],[76.0254,11.57913],[76.02529,11.5789],[76.02529,11.57805],[76.02544,11.57707],[76.02603,11.57589],[76.02617,11.5754],[76.02617,11.57493],[76.02552,11.57446],[76.02497,11.57465],[76.02405,11.57642],[76.02369,11.57656],[76.02326,11.57658],[76.02305,11.57632],[76.02307,11.57595],[76.02289,11.57548],[76.02234,11.57469],[76.02195,11.57381],[76.02189,11.57322],[76.02195,11.57259],[76.02236,11.57235],[76.02254,11.57235],[76.02383,11.57324],[76.0245,11.57328],[76.02544,11.57326],[76.02566,11.57298],[76.02688,11.57302],[76.028,11.57275],[76.02831,11.5729],[76.02853,11.57279],[76.02886,11.57284],[76.02902,11.57318],[76.02908,11.5744],[76.02971,11.57471],[76.02996,11.57469],[76.03026,11.57442],[76.03035,11.5742],[76.03038,11.57328],[76.03063,11.57294],[76.03197,11.57231],[76.03254,11.57163],[76.0326,11.57135],[76.03173,11.57029],[76.03175,11.57007],[76.03193,11.56994],[76.03185,11.56952],[76.03199,11.56868],[76.03216,11.56832],[76.0324,11.56801],[76.03264,11.56787],[76.03387,11.56752],[76.03419,11.56756],[76.03454,11.56738],[76.03533,11.56652],[76.03607,11.56591],[76.03657,11.56524],[76.03664,11.56502],[76.03653,11.56489],[76.03633,11.56471],[76.03615,11.56469],[76.03586,11.56434],[76.03547,11.56422],[76.03527,11.56396],[76.03566,11.56343],[76.03531,11.56286],[76.03533,11.56255],[76.03576,11.56261],[76.03594,11.56288],[76.03607,11.56274],[76.03609,11.56251],[76.0358,11.56168],[76.03576,11.56103],[76.03529,11.55991],[76.0356,11.55907],[76.03718,11.55783],[76.03812,11.55754],[76.03883,11.5572],[76.03969,11.55779],[76.03987,11.55779],[76.04014,11.55724],[76.04014,11.55667],[76.04024,11.55649],[76.04069,11.55649],[76.04164,11.55669],[76.04185,11.55657],[76.04205,11.55626],[76.04219,11.55543],[76.04246,11.55559],[76.04264,11.55557],[76.0427,11.55528],[76.04297,11.55502],[76.04346,11.55524],[76.04352,11.55561],[76.04364,11.55563],[76.04378,11.55547],[76.04358,11.55492],[76.04309,11.55465],[76.04242,11.55394],[76.04122,11.55333],[76.04107,11.55306],[76.0412,11.55284],[76.04148,11.55266],[76.04264,11.55221],[76.04301,11.5519],[76.0435,11.55117],[76.04352,11.55074],[76.04301,11.54979],[76.04309,11.54954],[76.04297,11.5494],[76.04301,11.54918],[76.04321,11.54901],[76.0437,11.54909],[76.04419,11.54893],[76.04435,11.54848],[76.04439,11.54755],[76.04403,11.54694],[76.04504,11.5462],[76.04525,11.54565],[76.04445,11.54498],[76.04403,11.54449],[76.04372,11.54366],[76.04384,11.54352],[76.04437,11.54329],[76.04496,11.54313],[76.04492,11.54288],[76.04443,11.54221],[76.04431,11.54172],[76.0437,11.54142],[76.04362,11.54121],[76.04289,11.54062],[76.04264,11.53977],[76.0423,11.5395],[76.04223,11.53883],[76.04209,11.53849],[76.04236,11.53897],[76.0424,11.53944],[76.0427,11.53963],[76.04289,11.54007],[76.04291,11.54044],[76.04309,11.54073],[76.04374,11.54117],[76.04388,11.54142],[76.04407,11.54142],[76.04441,11.54164],[76.04454,11.54213],[76.0449,11.54258],[76.04509,11.54301],[76.04509,11.54313],[76.04494,11.54325],[76.04427,11.54341],[76.04384,11.54366],[76.0439,11.54406],[76.04411,11.54445],[76.04531,11.54559],[76.04529,11.54598],[76.04511,11.54622],[76.04421,11.54696],[76.04441,11.5473],[76.04452,11.54777],[76.04452,11.54848],[76.04431,11.54899],[76.04394,11.54916],[76.04321,11.54909],[76.04305,11.54934],[76.04366,11.55074],[76.04364,11.55117],[76.04327,11.55178],[76.04285,11.55221],[76.0415,11.55278],[76.04122,11.553],[76.04148,11.55327],[76.04283,11.55404],[76.04331,11.55455],[76.04356,11.55467],[76.04378,11.55492],[76.04386,11.55551],[76.04364,11.55571],[76.04348,11.55571],[76.04323,11.5552],[76.04293,11.55518],[76.04272,11.55565],[76.04242,11.55571],[76.04232,11.55563],[76.04225,11.55571],[76.04221,11.55608],[76.04179,11.55675],[76.04154,11.55679],[76.04038,11.55659],[76.03993,11.55785],[76.03963,11.55789],[76.03879,11.55738],[76.03849,11.55742],[76.03769,11.55785],[76.03733,11.55789],[76.03629,11.55858],[76.03623,11.55875],[76.03586,11.55895],[76.03572,11.55913],[76.03547,11.55985],[76.03549,11.56009],[76.03586,11.56094],[76.03617,11.56245],[76.03609,11.56294],[76.03594,11.56304],[76.03566,11.56268],[76.03541,11.56263],[76.03541,11.5628],[76.03568,11.56312],[76.03578,11.56347],[76.03541,11.56396],[76.03562,11.56422],[76.03609,11.56434],[76.03615,11.56451],[76.0367,11.56483],[76.03674,11.56518],[76.03582,11.5663],[76.03541,11.56654],[76.03509,11.56701],[76.03442,11.56758],[76.0335,11.5677],[76.0326,11.56801],[76.0324,11.56817],[76.03211,11.56884],[76.03201,11.57001],[76.03191,11.57016],[76.03193,11.57033],[76.03263,11.57119],[76.03264,11.5717],[76.03197,11.57245],[76.0315,11.57267],[76.03142,11.5728],[76.03089,11.57288],[76.03075,11.57298],[76.03051,11.57341],[76.03047,11.5742],[76.03008,11.57477],[76.02985,11.57481],[76.029,11.57457],[76.02892,11.57438],[76.02898,11.57351],[76.02892,11.57316],[76.02876,11.5729],[76.02851,11.573],[76.0277,11.5729],[76.02686,11.57316],[76.02576,11.57306],[76.0255,11.57334],[76.02485,11.57343],[76.02387,11.57339],[76.02342,11.57322],[76.02281,11.57265],[76.02252,11.57251],[76.02204,11.57271],[76.02195,11.57324],[76.02212,11.57398],[76.02238,11.57461],[76.02279,11.57501],[76.02316,11.57571],[76.02322,11.57626],[76.02336,11.57638],[76.02377,11.57644],[76.02395,11.57632],[76.02456,11.57506],[76.02481,11.57467],[76.02505,11.57448],[76.02525,11.57434],[76.02542,11.57434],[76.02597,11.57455],[76.02627,11.57501],[76.02629,11.57552],[76.02605,11.57618],[76.02556,11.57705],[76.02538,11.57864],[76.02544,11.57888],[76.0256,11.57907],[76.02652,11.57894],[76.02688,11.57901],[76.02733,11.57929],[76.02749,11.57949],[76.02788,11.5807],[76.02816,11.58096],[76.02947,11.58167],[76.02957,11.58175],[76.02963,11.58208],[76.02902,11.58269],[76.02812,11.58383],[76.02786,11.58489],[76.02727,11.58485],[76.027,11.58495],[76.02641,11.58575],[76.02623,11.58642],[76.02586,11.58678],[76.0256,11.58792],[76.02568,11.58811],[76.02598,11.58826],[76.0262,11.58857],[76.02601,11.58892],[76.02533,11.58905],[76.0251,11.58924],[76.02506,11.5896],[76.02537,11.59027],[76.0254,11.59073],[76.02497,11.592],[76.02387,11.59256],[76.0234,11.59253],[76.02293,11.59274],[76.02272,11.59259],[76.02214,11.5911],[76.0222,11.59056],[76.0219,11.58988],[76.02168,11.58986],[76.02145,11.58998],[76.02099,11.5904],[76.02054,11.59097],[76.02039,11.59162],[76.02046,11.59209],[76.02075,11.59262],[76.02079,11.59289],[76.01973,11.59311],[76.01892,11.59386],[76.01844,11.59475],[76.01764,11.59534],[76.01746,11.59567],[76.0173,11.59684],[76.01699,11.59716],[76.01629,11.59763],[76.0162,11.59782],[76.01618,11.59904],[76.01639,11.5995],[76.01699,11.60012],[76.01707,11.60039],[76.01702,11.60068],[76.01661,11.60086],[76.01601,11.60047],[76.01505,11.60039],[76.01469,11.60046],[76.01387,11.60119],[76.01251,11.60159],[76.01234,11.60179],[76.01231,11.6026],[76.01318,11.60262],[76.01339,11.60277],[76.0135,11.60307],[76.01346,11.60345],[76.01332,11.60383],[76.01275,11.60419],[76.01169,11.60511],[76.01127,11.60649],[76.01133,11.60675],[76.01202,11.60701],[76.01217,11.60754],[76.01315,11.60725],[76.01341,11.60724],[76.01399,11.6075],[76.01527,11.60738],[76.01527,11.60788],[76.01505,11.60834],[76.01485,11.60962],[76.01412,11.61119],[76.0137,11.61187],[76.01367,11.61214],[76.01367,11.61241],[76.01382,11.61264],[76.01501,11.61301],[76.01519,11.61335],[76.01519,11.61363],[76.01491,11.61407],[76.01435,11.61435],[76.01358,11.61435],[76.01282,11.61396],[76.01206,11.61374],[76.01186,11.61381],[76.0118,11.61402],[76.01111,11.61461],[76.01106,11.61486],[76.01117,11.6151],[76.01191,11.61612],[76.01189,11.61689],[76.01088,11.61825],[76.01089,11.6187],[76.01115,11.61905],[76.01165,11.61928],[76.01206,11.61966],[76.01205,11.61993],[76.01161,11.62058],[76.01145,11.62105],[76.01142,11.62148],[76.01115,11.62218],[76.01102,11.62287],[76.01102,11.62351],[76.0112,11.62452],[76.01151,11.62538],[76.01172,11.6256],[76.01172,11.62585],[76.01156,11.62605],[76.01028,11.62596],[76.01009,11.62613],[76.01,11.62781],[76.01014,11.62819],[76.01051,11.62861],[76.01083,11.62872],[76.01202,11.62817],[76.01352,11.6282],[76.01398,11.6283],[76.01624,11.62927],[76.01714,11.62936],[76.01734,11.62949],[76.01748,11.62979],[76.01748,11.63003],[76.01696,11.63091],[76.01699,11.63121],[76.01726,11.63138],[76.01883,11.63127],[76.02018,11.6313],[76.0205,11.63159],[76.0205,11.63192],[76.02036,11.63215],[76.01869,11.63283],[76.01857,11.63305],[76.01868,11.63328],[76.01918,11.63372],[76.01989,11.63394],[76.02088,11.63403],[76.02147,11.63438],[76.02165,11.63465],[76.02164,11.63494],[76.02089,11.63595],[76.02088,11.63634],[76.02238,11.63728],[76.02343,11.63824],[76.02346,11.63899],[76.02374,11.63941],[76.02365,11.63996],[76.0238,11.64026],[76.02434,11.64037],[76.02722,11.64016],[76.02812,11.64063],[76.02858,11.64119],[76.02946,11.64183],[76.02945,11.64228],[76.02928,11.64235],[76.02844,11.64239],[76.02738,11.6426],[76.02615,11.6425],[76.02497,11.64208],[76.02457,11.6421],[76.02313,11.64277],[76.02259,11.64341],[76.02209,11.64457],[76.02216,11.64485],[76.02291,11.64473],[76.02358,11.64485],[76.02435,11.64525],[76.0252,11.64584],[76.02542,11.6461],[76.0254,11.64629],[76.02522,11.64647],[76.02448,11.64682],[76.02354,11.6471],[76.02327,11.64739],[76.02333,11.64775],[76.02399,11.64834],[76.02452,11.64867],[76.02637,11.64939],[76.02664,11.64962],[76.02664,11.64971],[76.02595,11.65036],[76.02538,11.65124],[76.02498,11.65158],[76.02495,11.6519],[76.02517,11.65245],[76.02588,11.65339],[76.02603,11.65411],[76.02664,11.65477],[76.02669,11.65524],[76.02651,11.65536],[76.0263,11.65533],[76.02515,11.65439],[76.02493,11.65435],[76.02486,11.65493],[76.025,11.65576],[76.02509,11.6559],[76.02604,11.6565],[76.02603,11.65689],[76.02495,11.65842],[76.0243,11.65912],[76.02417,11.65951],[76.02439,11.66012],[76.02467,11.66054],[76.02516,11.66092],[76.02548,11.66138],[76.02619,11.66184],[76.02642,11.66211],[76.02653,11.6626],[76.02648,11.66281],[76.02631,11.66292],[76.02522,11.66314],[76.02482,11.66333],[76.02486,11.66412],[76.02552,11.66465],[76.02702,11.6656],[76.02712,11.66578],[76.02712,11.66612],[76.02707,11.66628],[76.02682,11.66641],[76.02592,11.66659],[76.02531,11.66655],[76.02497,11.66633],[76.02489,11.66603],[76.02449,11.6656],[76.02356,11.6651],[76.02312,11.66429],[76.02287,11.66403],[76.02275,11.66402],[76.02279,11.66449],[76.02269,11.66487],[76.0222,11.66558],[76.02165,11.66582],[76.02063,11.66605],[76.02023,11.66627],[76.02014,11.66655],[76.02038,11.66699],[76.02074,11.66718],[76.02186,11.66726],[76.02247,11.66761],[76.02265,11.66843],[76.02275,11.66868],[76.02297,11.66886],[76.02272,11.6704],[76.02255,11.67054],[76.02219,11.67127],[76.02225,11.67181],[76.02257,11.67213],[76.02353,11.67255],[76.02432,11.67255],[76.02455,11.67273],[76.02462,11.67305],[76.02497,11.67332],[76.02516,11.67361],[76.02515,11.67388],[76.02468,11.67435],[76.02336,11.67413],[76.02243,11.67444],[76.02201,11.67444],[76.02156,11.67422],[76.02115,11.67415],[76.02047,11.67469],[76.01912,11.67525],[76.01901,11.67562],[76.01901,11.67613],[76.0196,11.67719],[76.01941,11.67755],[76.01852,11.67798],[76.01827,11.67823],[76.01822,11.67843],[76.01872,11.67919],[76.01915,11.67951],[76.02075,11.68054],[76.02194,11.68106],[76.02232,11.68133],[76.0225,11.68286],[76.02266,11.68343],[76.02286,11.68381],[76.02317,11.68403],[76.02345,11.68444],[76.02385,11.68446],[76.02401,11.68424],[76.02401,11.68404],[76.02363,11.68329],[76.02371,11.68298],[76.02414,11.68296],[76.02482,11.68332],[76.02482,11.68512],[76.0252,11.68541],[76.02565,11.68538],[76.02586,11.68516],[76.02586,11.68496],[76.02549,11.68424],[76.02549,11.6839],[76.02556,11.68385],[76.0257,11.68376],[76.02585,11.68381],[76.02613,11.68419],[76.02656,11.68438],[76.02719,11.68436],[76.028,11.68354],[76.02804,11.68331],[76.02707,11.68286],[76.02709,11.68255],[76.02739,11.68215],[76.02743,11.68192],[76.02747,11.68063],[76.02717,11.68004],[76.02734,11.67994],[76.02788,11.68016],[76.02816,11.68017],[76.02898,11.67982],[76.02928,11.6798],[76.02991,11.68026],[76.03007,11.68063],[76.03046,11.68108],[76.0309,11.6813],[76.03108,11.6813],[76.03124,11.68121],[76.03164,11.68053],[76.0325,11.68029],[76.03256,11.67968],[76.03268,11.67947],[76.03393,11.6792],[76.0343,11.67928],[76.03452,11.67966],[76.03453,11.68003],[76.03489,11.6801],[76.03502,11.68001],[76.03504,11.67988],[76.03477,11.67951],[76.03426,11.67921],[76.03389,11.67879],[76.03386,11.67858],[76.0341,11.67812],[76.03486,11.67754],[76.03519,11.67755],[76.03545,11.67781],[76.03587,11.67791],[76.03633,11.67787],[76.03701,11.67815],[76.03726,11.67818],[76.03752,11.67803],[76.03796,11.67668],[76.03824,11.67632],[76.03823,11.67593],[76.03805,11.67571],[76.03763,11.67561],[76.03711,11.67568],[76.03682,11.67503],[76.03603,11.67438],[76.03603,11.67422],[76.03618,11.67406],[76.03634,11.67402],[76.03783,11.67435],[76.03817,11.67434],[76.03849,11.67412],[76.03876,11.67342],[76.03891,11.6733],[76.03921,11.67335],[76.03954,11.67354],[76.03976,11.6738],[76.0399,11.6749],[76.04023,11.67501],[76.04045,11.67485],[76.04076,11.67437],[76.04082,11.67303],[76.04063,11.67238],[76.0403,11.67177],[76.04026,11.67033],[76.04118,11.6697],[76.04119,11.6694],[76.04084,11.66892],[76.04079,11.6687],[76.0409,11.66847],[76.04126,11.6681],[76.04209,11.66785],[76.04231,11.66758],[76.04262,11.66641],[76.04312,11.66567],[76.04352,11.66537],[76.04348,11.6649],[76.04309,11.66439],[76.04274,11.66412],[76.04274,11.66386],[76.04294,11.66364],[76.04312,11.66362],[76.0437,11.66378],[76.04429,11.66413],[76.0447,11.66396],[76.04523,11.66341],[76.04571,11.66272],[76.04631,11.66213],[76.04683,11.66197],[76.04751,11.66198],[76.04802,11.66274],[76.04839,11.66285],[76.0485,11.66276],[76.04852,11.66238],[76.04807,11.66141],[76.04807,11.66114],[76.04859,11.66045],[76.04963,11.66024],[76.04983,11.65997],[76.04985,11.65961],[76.04962,11.65867],[76.05071,11.65786],[76.05095,11.6579],[76.05116,11.65815],[76.05129,11.65862],[76.05147,11.65882],[76.05188,11.65878],[76.05187,11.6584],[76.05163,11.65828],[76.05068,11.65741],[76.05068,11.65718],[76.05086,11.65686],[76.05194,11.65693],[76.05215,11.65666],[76.05223,11.65623],[76.05201,11.65574],[76.05145,11.65536],[76.05119,11.655],[76.05107,11.65194],[76.05094,11.65163],[76.05068,11.65151],[76.04998,11.65145],[76.04971,11.65126],[76.04963,11.65106],[76.04966,11.65085],[76.04991,11.65076],[76.05084,11.65086],[76.05097,11.65066],[76.05066,11.64874],[76.05071,11.64796],[76.05091,11.64741],[76.05122,11.64733],[76.05176,11.64737],[76.05221,11.64723],[76.05242,11.64705],[76.05305,11.64525],[76.05372,11.64502],[76.0539,11.64484],[76.05467,11.64475],[76.05473,11.64442],[76.05458,11.64399],[76.05394,11.64341],[76.05383,11.64323],[76.05385,11.64305],[76.05398,11.64296],[76.0546,11.64311],[76.055,11.64308],[76.05485,11.64263],[76.05487,11.64231],[76.05605,11.64249],[76.05665,11.64243],[76.05673,11.64235],[76.0571,11.64181],[76.05711,11.6416],[76.05671,11.64122],[76.05656,11.6409],[76.05657,11.6407],[76.05683,11.64057],[76.05735,11.64062],[76.05756,11.64055],[76.05761,11.64033],[76.05737,11.63964],[76.05752,11.63922],[76.05805,11.63893],[76.05829,11.63891],[76.05859,11.63891],[76.05934,11.63914],[76.0595,11.63804],[76.05964,11.63772],[76.05972,11.6376],[76.06022,11.6374],[76.06064,11.63744],[76.06081,11.63756],[76.06172,11.63855],[76.06212,11.6384],[76.06212,11.6377],[76.06247,11.63712],[76.06235,11.63675],[76.06198,11.63654],[76.0615,11.63695],[76.06121,11.63693],[76.06087,11.63657],[76.06084,11.63601],[76.06117,11.63571],[76.06188,11.63548],[76.0619,11.63529],[76.06158,11.63487],[76.06156,11.63469],[76.0618,11.63437],[76.06266,11.63429],[76.06326,11.6345],[76.0635,11.63471],[76.0637,11.63468],[76.06377,11.63348],[76.06487,11.63311],[76.06562,11.63214],[76.0659,11.63155],[76.06583,11.63113],[76.06559,11.63078],[76.06468,11.6302],[76.06456,11.63002],[76.0646,11.62969],[76.0648,11.62958],[76.06608,11.62949],[76.06654,11.6291],[76.06668,11.62842],[76.06698,11.62829],[76.06745,11.62828],[76.06772,11.62849],[76.06798,11.62849],[76.06837,11.62903],[76.06882,11.62903],[76.0688,11.6287],[76.06827,11.62795],[76.06821,11.62753],[76.06842,11.627],[76.06842,11.62583],[76.06745,11.62543],[76.06709,11.62511],[76.06694,11.62479],[76.06678,11.62397],[76.06662,11.62368],[76.06441,11.6231],[76.06406,11.62251],[76.06401,11.62215],[76.06437,11.62177],[76.06452,11.62168],[76.06532,11.62169],[76.06529,11.62097],[76.06515,11.62062],[76.06471,11.62031],[76.06446,11.6203],[76.06425,11.62105],[76.06355,11.62113],[76.06322,11.62106],[76.0631,11.62086],[76.06322,11.62038],[76.06291,11.62007],[76.06291,11.61963],[76.0633,11.6195],[76.06401,11.61945],[76.06442,11.61927],[76.06472,11.61892],[76.06472,11.61871],[76.06418,11.6184],[76.06386,11.61809],[76.06263,11.61748],[76.06119,11.61697],[76.06105,11.6167],[76.06109,11.61648],[76.06175,11.61545],[76.06158,11.61527],[76.06122,11.61527],[76.06047,11.6156],[76.06021,11.61561],[76.05979,11.61538],[76.05921,11.61535],[76.05903,11.61522],[76.05898,11.6149],[76.05955,11.61441],[76.05975,11.61411],[76.05976,11.61359],[76.05986,11.61332],[76.05979,11.61253],[76.05991,11.61219],[76.06033,11.612],[76.06072,11.61197],[76.06156,11.61246],[76.06195,11.61256],[76.06214,11.61246],[76.06216,11.61221],[76.06185,11.61102],[76.06188,11.61053],[76.06216,11.61],[76.06228,11.60927],[76.06314,11.6086],[76.06379,11.6085],[76.06386,11.60858],[76.0638,11.60898],[76.06399,11.60912],[76.06434,11.60871],[76.06483,11.60868],[76.06565,11.60926],[76.06714,11.60924],[76.06743,11.60904],[76.06769,11.60837],[76.0676,11.60753],[76.06829,11.60695],[76.06863,11.60692],[76.06911,11.60733],[76.07014,11.60738],[76.06988,11.60635],[76.06962,11.60618],[76.06956,11.6055],[76.0691,11.60517],[76.06874,11.60454],[76.06886,11.6038],[76.06853,11.60351],[76.06841,11.60324],[76.06854,11.60297],[76.06895,11.6027],[76.0686,11.60254],[76.0683,11.60221],[76.0683,11.60192],[76.06843,11.60178],[76.06905,11.60169],[76.06987,11.6023],[76.07029,11.60245],[76.07073,11.60198],[76.07102,11.60194],[76.07118,11.60268],[76.07156,11.6034],[76.07211,11.60367],[76.07256,11.60361],[76.073,11.60291],[76.07332,11.60289],[76.07407,11.60316],[76.07416,11.60336],[76.07408,11.60402],[76.07352,11.60458],[76.07251,11.60522],[76.07245,11.60553],[76.07261,11.60584],[76.07317,11.60591],[76.07357,11.60613],[76.07407,11.60624],[76.07443,11.60703],[76.07436,11.60767],[76.07442,11.60799],[76.07497,11.60859],[76.07528,11.60873],[76.07543,11.60863],[76.07525,11.60778],[76.07533,11.60715],[76.07549,11.60688],[76.07574,11.60682],[76.07611,11.607],[76.07665,11.60698],[76.07669,11.60681],[76.07636,11.60619],[76.07654,11.6059],[76.07661,11.60493],[76.07691,11.60469],[76.07771,11.60441],[76.07791,11.60453],[76.07825,11.60507],[76.07843,11.60509],[76.07847,11.60495],[76.07832,11.60472],[76.07832,11.60448],[76.07856,11.60359],[76.07882,11.60352],[76.07916,11.60362],[76.07953,11.60358],[76.07967,11.60325],[76.07947,11.60292],[76.07952,11.6028],[76.0799,11.60263],[76.08017,11.60264],[76.0804,11.60303],[76.08062,11.60313],[76.08085,11.60308],[76.08083,11.60274],[76.08045,11.60237],[76.08014,11.60173],[76.08014,11.60127],[76.07994,11.60088],[76.08013,11.60046],[76.08047,11.6004],[76.08084,11.60079],[76.0812,11.6009],[76.08196,11.60079],[76.08237,11.60041],[76.08301,11.60052],[76.08349,11.60028],[76.08336,11.60004],[76.08289,11.60003],[76.08277,11.59995],[76.08274,11.59975],[76.08297,11.59951],[76.08298,11.59933],[76.08251,11.59898],[76.0824,11.59876],[76.08242,11.59851],[76.08264,11.59844],[76.08316,11.59862],[76.08321,11.59842],[76.08303,11.59819],[76.083,11.5979],[76.08312,11.5977],[76.08336,11.59756],[76.08424,11.59773],[76.08467,11.59792],[76.08506,11.59778],[76.08513,11.59764],[76.08513,11.59718],[76.08496,11.59668],[76.08415,11.59581],[76.08412,11.595],[76.08426,11.59451],[76.08442,11.5943],[76.08492,11.59415],[76.08506,11.59397],[76.08505,11.59383],[76.08478,11.59352],[76.08475,11.59327],[76.08507,11.59295],[76.08476,11.59219],[76.08466,11.59127],[76.08427,11.59059],[76.08405,11.58987],[76.08451,11.5893],[76.0847,11.58884],[76.0847,11.58839],[76.08516,11.58733],[76.08518,11.58699],[76.0849,11.58665],[76.08391,11.58613],[76.08255,11.5861],[76.08226,11.58602],[76.08377,11.58596],[76.08411,11.58605],[76.08478,11.58637],[76.08535,11.58691],[76.08512,11.58777],[76.0848,11.58832],[76.08478,11.589],[76.08425,11.58981],[76.08421,11.59003],[76.0847,11.59107],[76.08496,11.5925],[76.08521,11.59291],[76.08489,11.59343],[76.08519,11.59384],[76.08515,11.59411],[76.08439,11.59445],[76.08424,11.59559],[76.08439,11.59594],[76.08498,11.59654],[76.08521,11.59703],[76.08524,11.59749],[76.08512,11.59789],[76.08483,11.598],[76.08359,11.59765],[76.08326,11.5977],[76.08316,11.59781],[76.08315,11.5981],[76.0833,11.5983],[76.08328,11.59865],[76.08255,11.5986],[76.08261,11.59887],[76.08306,11.59924],[76.083,11.59986],[76.0834,11.59992],[76.08363,11.60009],[76.08357,11.60043],[76.08299,11.60062],[76.08234,11.60057],[76.08196,11.60088],[76.08123,11.60099],[76.0809,11.60092],[76.08049,11.60057],[76.08019,11.60052],[76.08009,11.6006],[76.08001,11.60077],[76.08005,11.60107],[76.08032,11.60126],[76.08033,11.60171],[76.08054,11.60223],[76.08096,11.60267],[76.08101,11.60283],[76.08092,11.6032],[76.08051,11.6033],[76.08013,11.60276],[76.07983,11.60276],[76.07957,11.60292],[76.0798,11.60338],[76.07962,11.60363],[76.07937,11.60372],[76.07869,11.60362],[76.0784,11.60449],[76.07847,11.60484],[76.07861,11.60499],[76.07858,11.60515],[76.07832,11.60515],[76.07805,11.60495],[76.07785,11.60464],[76.07767,11.60458],[76.07734,11.60465],[76.07671,11.60503],[76.07666,11.60585],[76.07649,11.60624],[76.07681,11.60676],[76.07678,11.60705],[76.07618,11.60713],[76.07564,11.60695],[76.07544,11.60707],[76.07537,11.60775],[76.07557,11.60879],[76.07525,11.60885],[76.07505,11.60874],[76.07432,11.60801],[76.07425,11.60783],[76.07427,11.60702],[76.07397,11.60641],[76.07332,11.60612],[76.07276,11.60602],[76.07244,11.60581],[76.07239,11.6054],[76.0725,11.60514],[76.07358,11.6044],[76.07401,11.60392],[76.07409,11.60356],[76.074,11.60329],[76.07371,11.60312],[76.07314,11.60309],[76.07302,11.60312],[76.07257,11.60371],[76.07195,11.6038],[76.07163,11.60365],[76.07134,11.6032],[76.07103,11.60257],[76.07094,11.60211],[76.07068,11.6022],[76.07047,11.60248],[76.07021,11.60253],[76.06961,11.60228],[76.06912,11.60187],[76.06857,11.60187],[76.06842,11.60213],[76.06908,11.60273],[76.06897,11.6029],[76.06853,11.60307],[76.06851,11.60317],[76.06868,11.60352],[76.0689,11.6037],[76.06879,11.60444],[76.06905,11.60493],[76.06968,11.60553],[76.06971,11.60616],[76.06997,11.60632],[76.07009,11.60656],[76.07027,11.60746],[76.06914,11.60747],[76.06864,11.60702],[76.06835,11.60702],[76.06768,11.60758],[76.0678,11.60836],[76.06753,11.60908],[76.06716,11.60936],[76.06568,11.60935],[76.06456,11.60878],[76.06429,11.60883],[76.06411,11.60917],[76.06398,11.60919],[76.06374,11.60896],[76.06376,11.60854],[76.06314,11.60868],[76.0627,11.60915],[76.06237,11.60934],[76.06234,11.60984],[76.06196,11.61065],[76.06198,11.61124],[76.06229,11.61233],[76.06226,11.6126],[76.06205,11.61266],[76.06159,11.61258],[76.06072,11.61217],[76.06021,11.61221],[76.05992,11.61246],[76.0599,11.61281],[76.06,11.61309],[76.05984,11.61416],[76.05925,11.6149],[76.05934,11.61515],[76.05966,11.61519],[76.06022,11.61544],[76.06061,11.61544],[76.06127,11.61522],[76.06181,11.6153],[76.06186,11.61556],[76.06141,11.61623],[76.06138,11.61665],[76.06185,11.61702],[76.06378,11.61789],[76.06417,11.61825],[76.06476,11.61859],[76.06489,11.61881],[76.06452,11.61937],[76.0639,11.61957],[76.06311,11.61965],[76.06301,11.61983],[76.06306,11.62006],[76.06333,11.62045],[76.06333,11.62093],[76.06353,11.62101],[76.06412,11.62097],[76.06421,11.62087],[76.06426,11.62026],[76.06436,11.62019],[76.06473,11.62016],[76.0651,11.62032],[76.06542,11.62096],[76.06552,11.62159],[76.06532,11.62185],[76.06463,11.62186],[76.06431,11.62199],[76.0642,11.62212],[76.06418,11.62243],[76.06471,11.6231],[76.06521,11.62316],[76.06594,11.62345],[76.06676,11.62353],[76.06694,11.62386],[76.06713,11.62492],[76.0673,11.62521],[76.06849,11.62573],[76.06861,11.62591],[76.06849,11.62639],[76.06861,11.62696],[76.06833,11.62751],[76.06831,11.62776],[76.06904,11.62886],[76.06903,11.6291],[76.06875,11.62932],[76.06845,11.62934],[76.06796,11.62872],[76.06761,11.6287],[76.06724,11.62838],[76.06699,11.62839],[76.06682,11.62854],[76.06675,11.62906],[76.06649,11.62938],[76.06595,11.62965],[76.06485,11.62986],[76.0648,11.63007],[76.06497,11.63032],[76.06537,11.63061],[76.06586,11.63079],[76.06604,11.63105],[76.066,11.63183],[76.06495,11.63323],[76.06448,11.63344],[76.06389,11.63353],[76.06398,11.63455],[76.0639,11.6348],[76.06345,11.6348],[76.06328,11.63458],[76.06274,11.63444],[76.06196,11.63451],[76.06172,11.63469],[76.06174,11.63494],[76.06206,11.63527],[76.062,11.63555],[76.06128,11.63586],[76.061,11.63617],[76.061,11.63648],[76.06138,11.6368],[76.06198,11.63632],[76.06266,11.63686],[76.06272,11.63713],[76.06233,11.63759],[76.06227,11.63782],[76.06236,11.63837],[76.06229,11.63867],[76.06213,11.63881],[76.06187,11.63886],[76.06163,11.63878],[76.06095,11.63784],[76.06046,11.63754],[76.06022,11.63753],[76.05973,11.63784],[76.05955,11.6393],[76.05901,11.63927],[76.05847,11.63905],[76.05797,11.63918],[76.05766,11.6395],[76.05762,11.63979],[76.05785,11.64025],[76.05781,11.64061],[76.0575,11.64078],[76.05717,11.64079],[76.05693,11.64069],[76.05676,11.64082],[76.05682,11.64108],[76.05702,11.64133],[76.05733,11.64152],[76.05703,11.64226],[76.05678,11.64246],[76.05638,11.64257],[76.05577,11.64259],[76.05507,11.64247],[76.05526,11.64324],[76.05416,11.64321],[76.05415,11.64339],[76.05491,11.64417],[76.05476,11.6448],[76.05449,11.64498],[76.05365,11.64518],[76.05327,11.64545],[76.05275,11.64699],[76.05245,11.64726],[76.05172,11.64759],[76.05114,11.64752],[76.051,11.64763],[76.05082,11.64914],[76.05118,11.65038],[76.05115,11.65079],[76.05091,11.65099],[76.0498,11.65094],[76.04975,11.65107],[76.05004,11.65131],[76.05098,11.6514],[76.05121,11.65173],[76.05131,11.65262],[76.05133,11.65493],[76.052,11.65539],[76.05222,11.65569],[76.05241,11.65605],[76.05244,11.65648],[76.05232,11.65691],[76.05205,11.65707],[76.05109,11.657],[76.05095,11.65707],[76.05097,11.6574],[76.05136,11.65785],[76.05206,11.65829],[76.05201,11.65873],[76.05192,11.65891],[76.05167,11.65903],[76.05147,11.659],[76.0508,11.65808],[76.05046,11.65819],[76.05008,11.65849],[76.04989,11.6588],[76.05007,11.65957],[76.05001,11.66013],[76.04983,11.66033],[76.04848,11.66078],[76.04827,11.6611],[76.04832,11.66148],[76.04879,11.66233],[76.04852,11.66294],[76.04838,11.66303],[76.04794,11.66292],[76.04753,11.66229],[76.04728,11.66213],[76.04697,11.66215],[76.04663,11.66225],[76.04636,11.66245],[76.04571,11.66312],[76.04519,11.66391],[76.04456,11.66429],[76.04389,11.66427],[76.04319,11.66384],[76.04298,11.66391],[76.04301,11.66409],[76.04353,11.66452],[76.04375,11.66483],[76.04373,11.6654],[76.0433,11.6658],[76.04276,11.66654],[76.04258,11.66762],[76.04234,11.66791],[76.0416,11.66813],[76.04093,11.66868],[76.04098,11.66894],[76.04129,11.66935],[76.04137,11.66966],[76.04116,11.66994],[76.04039,11.67033],[76.04044,11.67136],[76.04097,11.67295],[76.04091,11.67443],[76.0406,11.67496],[76.04034,11.67515],[76.04016,11.67515],[76.03982,11.67496],[76.03961,11.6739],[76.03906,11.67349],[76.03886,11.67354],[76.03876,11.67414],[76.03841,11.67447],[76.03819,11.67454],[76.03627,11.67413],[76.03628,11.67436],[76.03706,11.67507],[76.03722,11.6755],[76.03796,11.67548],[76.03812,11.67555],[76.03839,11.67591],[76.03839,11.67618],[76.03799,11.67699],[76.03799,11.6773],[76.03754,11.67836],[76.03667,11.67831],[76.03623,11.678],[76.03538,11.67796],[76.03504,11.67768],[76.03431,11.67825],[76.03408,11.6786],[76.03411,11.67875],[76.0344,11.67905],[76.03514,11.67946],[76.0353,11.67968],[76.0352,11.68017],[76.03493,11.68029],[76.03431,11.68021],[76.03426,11.67952],[76.03398,11.67932],[76.03376,11.67935],[76.03334,11.67961],[76.03282,11.67969],[76.03273,11.67999],[76.03287,11.68043],[76.03219,11.68054],[76.03194,11.68069],[76.03157,11.68103],[76.03137,11.68144],[76.03114,11.68158],[76.03083,11.68156],[76.03038,11.68133],[76.02972,11.68046],[76.02945,11.68027],[76.02883,11.68019],[76.02784,11.68043],[76.02766,11.68054],[76.0277,11.68113],[76.02759,11.68152],[76.02756,11.68228],[76.02736,11.68248],[76.0273,11.68281],[76.02751,11.68294],[76.02813,11.68298],[76.02837,11.68316],[76.02837,11.68343],[76.02748,11.68446],[76.02716,11.68462],[76.02644,11.6846],[76.02595,11.68431],[76.0257,11.68392],[76.02563,11.68395],[76.02574,11.68451],[76.02613,11.68498],[76.0261,11.68518],[76.02595,11.68534],[76.02556,11.68557],[76.02498,11.6855],[76.02466,11.68511],[76.02473,11.68401],[76.02464,11.68349],[76.02416,11.68311],[76.02383,11.68314],[76.0238,11.68325],[76.02417,11.68385],[76.02412,11.68439],[76.02394,11.68458],[76.02372,11.68469],[76.02347,11.68464],[76.02302,11.68412],[76.02286,11.68403],[76.02272,11.68412],[76.02288,11.68647],[76.02302,11.68687],[76.02376,11.68716],[76.02416,11.68719],[76.02435,11.68745],[76.02432,11.68768],[76.02369,11.68836],[76.02324,11.68824],[76.02225,11.68833],[76.02066,11.68809],[76.02002,11.68831],[76.01998,11.68852],[76.02027,11.68881],[76.02078,11.689],[76.02152,11.68962],[76.02179,11.69078],[76.02193,11.69099],[76.02276,11.69121],[76.02428,11.69136],[76.02452,11.69161],[76.02456,11.6918],[76.02431,11.69221],[76.02352,11.69276],[76.0231,11.69287],[76.02278,11.69312],[76.02242,11.69325],[76.02102,11.69362],[76.02087,11.69382],[76.02086,11.69416],[76.02096,11.69442],[76.02163,11.69521],[76.02171,11.69558],[76.02146,11.69669],[76.02167,11.69751],[76.02151,11.69928],[76.02133,11.70085],[76.02119,11.70112],[76.01993,11.70147],[76.0196,11.70147],[76.01904,11.70126],[76.01829,11.70119],[76.01759,11.70092],[76.01724,11.70071],[76.01635,11.69981],[76.01511,11.69791],[76.01492,11.69747],[76.01475,11.69733],[76.01459,11.69736],[76.0135,11.69827],[76.01339,11.69858],[76.01344,11.6987],[76.01492,11.69981],[76.01535,11.70002],[76.01606,11.70015],[76.01626,11.70051],[76.01655,11.70206],[76.01657,11.70264],[76.01631,11.70364],[76.01531,11.70458],[76.01531,11.70487],[76.01556,11.70547],[76.01598,11.70583],[76.01745,11.70589],[76.01797,11.70604],[76.01849,11.70633],[76.01865,11.70664],[76.01864,11.70694],[76.01853,11.70707],[76.01774,11.70716],[76.01665,11.70753],[76.01623,11.70784],[76.01586,11.7092],[76.01603,11.7098],[76.01634,11.7099],[76.01664,11.70977],[76.01752,11.709],[76.01792,11.70848],[76.01873,11.70818],[76.01926,11.70784],[76.02031,11.70744],[76.02128,11.70694],[76.02313,11.70631],[76.02414,11.7062],[76.02456,11.70635],[76.02479,11.7066],[76.0248,11.70689],[76.02469,11.70702],[76.02354,11.70792],[76.02203,11.70878],[76.02187,11.70895],[76.02193,11.70955],[76.02223,11.71001],[76.02272,11.71056],[76.02399,11.71138],[76.02416,11.71159],[76.02408,11.71321],[76.02366,11.71418],[76.02281,11.71553],[76.02277,11.71587],[76.02313,11.71597],[76.02353,11.71575],[76.0244,11.71509],[76.02514,11.71438],[76.0254,11.71423],[76.02566,11.71423],[76.02606,11.71634],[76.02693,11.718],[76.02728,11.71834],[76.0276,11.71841],[76.02838,11.71837],[76.02887,11.71808],[76.02981,11.71773],[76.02995,11.71761],[76.03034,11.7165],[76.03065,11.71644],[76.03086,11.71664],[76.03099,11.71716],[76.03084,11.71765],[76.03084,11.71821],[76.03156,11.71976],[76.03288,11.72108],[76.03294,11.72146],[76.0343,11.72301],[76.03537,11.72389],[76.03571,11.72429],[76.03618,11.72438],[76.03736,11.72519],[76.03765,11.72531],[76.03815,11.72529],[76.03864,11.72475],[76.03882,11.72403],[76.03868,11.72366],[76.03851,11.72239],[76.03877,11.7219],[76.03957,11.72124],[76.04074,11.72119],[76.04125,11.72129],[76.0415,11.72152],[76.04181,11.72164],[76.04272,11.72157],[76.04494,11.7202],[76.04731,11.71826],[76.04746,11.71799],[76.04787,11.7178],[76.04803,11.71761],[76.04862,11.71734],[76.04925,11.71724],[76.05064,11.71656],[76.05132,11.71658],[76.05195,11.7171],[76.05209,11.71742],[76.05208,11.71783],[76.05192,11.71828],[76.05159,11.71881],[76.05106,11.7193],[76.0509,11.71959],[76.05067,11.72031],[76.05079,11.72063],[76.05162,11.7211],[76.05215,11.72125],[76.05418,11.72103],[76.05505,11.72119],[76.05597,11.72162],[76.05803,11.72322],[76.0588,11.7231],[76.05883,11.72295],[76.05859,11.72268],[76.05846,11.72224],[76.05864,11.72208],[76.05901,11.72197],[76.05911,11.72163],[76.05814,11.72087],[76.05799,11.7204],[76.05809,11.72013],[76.0584,11.71986],[76.05844,11.71938],[76.05888,11.71901],[76.05877,11.71874],[76.05888,11.71799],[76.05856,11.71755],[76.05846,11.71722],[76.05855,11.71613],[76.05838,11.71594],[76.0583,11.71522],[76.05808,11.71491],[76.05815,11.71422],[76.05734,11.71397],[76.0573,11.71355],[76.05713,11.71316],[76.05714,11.71298],[76.0575,11.7129],[76.05785,11.71256],[76.05791,11.71205],[76.05823,11.71172],[76.05807,11.71122],[76.05787,11.71112],[76.05784,11.711],[76.0584,11.71097],[76.0583,11.71071],[76.05836,11.71024],[76.05823,11.70991],[76.05831,11.70967],[76.05823,11.70879],[76.05833,11.70854],[76.05806,11.70867],[76.05791,11.70855],[76.0579,11.70821],[76.05763,11.70757],[76.05767,11.70703],[76.05782,11.70683],[76.05811,11.70684],[76.05831,11.7067],[76.05842,11.70597],[76.05882,11.70554],[76.05907,11.70506],[76.05907,11.70488],[76.05879,11.70433],[76.05905,11.70419],[76.05925,11.70353],[76.05972,11.70265],[76.06011,11.70236],[76.0605,11.70188],[76.06081,11.70205],[76.06092,11.70197],[76.0612,11.70071],[76.06151,11.70048],[76.0615,11.70022],[76.06186,11.70002],[76.0625,11.69991],[76.06284,11.69967],[76.06313,11.6997],[76.06385,11.69947],[76.06403,11.6995],[76.06422,11.69974],[76.06445,11.69968],[76.06508,11.6991],[76.06523,11.69853],[76.06548,11.69844],[76.0657,11.69859],[76.0658,11.69855],[76.06562,11.69819],[76.06564,11.69805],[76.06583,11.69792],[76.06612,11.69801],[76.06621,11.69786],[76.06621,11.69774],[76.06596,11.69755],[76.06594,11.69742],[76.06604,11.69733],[76.06627,11.6974],[76.06641,11.69734],[76.06646,11.69712],[76.06633,11.69686],[76.06644,11.6967],[76.06657,11.69666],[76.06669,11.69679],[76.0668,11.69645],[76.06728,11.69614],[76.06724,11.69589],[76.06657,11.69526],[76.06638,11.69496],[76.06635,11.69472],[76.06674,11.69411],[76.06696,11.69279],[76.06728,11.69207],[76.06754,11.6903],[76.0675,11.68993],[76.06791,11.68801],[76.06821,11.68762],[76.06887,11.68709],[76.06979,11.68669],[76.0712,11.68582],[76.0715,11.68528],[76.07143,11.68489],[76.0715,11.68471],[76.07201,11.68452],[76.07281,11.68343],[76.07269,11.68272],[76.07214,11.68209],[76.07184,11.68137],[76.07152,11.68099],[76.07133,11.6808],[76.07051,11.6807],[76.0702,11.68046],[76.06994,11.6799],[76.06997,11.67936],[76.07,11.67999],[76.07019,11.68035],[76.07054,11.68066],[76.0713,11.68073],[76.07149,11.68088],[76.07192,11.68141],[76.07218,11.68207],[76.0728,11.68281],[76.07288,11.68333],[76.07274,11.68367],[76.07216,11.68444],[76.07151,11.68479],[76.07152,11.68539],[76.07125,11.68582],[76.06975,11.68675],[76.06873,11.68724],[76.06796,11.688],[76.06781,11.68839],[76.06768,11.68959],[76.06755,11.68992],[76.06759,11.69026],[76.06748,11.69057],[76.06748,11.69121],[76.06733,11.69214],[76.06698,11.69291],[76.06681,11.69406],[76.06641,11.6947],[76.06651,11.69509],[76.06725,11.69582],[76.0673,11.6962],[76.06684,11.69647],[76.06675,11.69679],[76.06647,11.69673],[76.06642,11.69697],[76.06654,11.69718],[76.06643,11.69738],[76.06599,11.6974],[76.06625,11.69771],[76.06625,11.69793],[76.06602,11.69806],[76.06572,11.69801],[76.06569,11.69819],[76.06586,11.69841],[76.06582,11.69859],[76.06566,11.69862],[76.06543,11.69848],[76.06527,11.69854],[76.06513,11.69912],[76.06458,11.69965],[76.06429,11.69979],[76.06388,11.69951],[76.06316,11.69972],[76.06284,11.69971],[76.0626,11.69991],[76.06189,11.70005],[76.06156,11.70022],[76.06153,11.70051],[76.06123,11.70079],[76.06094,11.70204],[76.06073,11.70208],[76.06059,11.70193],[76.06048,11.70194],[76.06007,11.70246],[76.05976,11.70268],[76.05904,11.70426],[76.05885,11.70437],[76.05909,11.70479],[76.05911,11.70509],[76.05843,11.70608],[76.05833,11.70678],[76.05786,11.70688],[76.0577,11.7071],[76.05768,11.70765],[76.05792,11.70816],[76.05799,11.70858],[76.05828,11.70846],[76.05839,11.70855],[76.05827,11.7089],[76.05836,11.70967],[76.0583,11.70998],[76.05843,11.71024],[76.05836,11.71077],[76.05845,11.71095],[76.05837,11.71106],[76.05792,11.71101],[76.05813,11.71119],[76.05829,11.71172],[76.05793,11.71207],[76.05788,11.7126],[76.05756,11.71293],[76.05725,11.713],[76.05719,11.71317],[76.05742,11.71395],[76.05805,11.71405],[76.05824,11.71424],[76.05824,11.71451],[76.05811,11.7148],[76.05834,11.71523],[76.05843,11.7159],[76.05862,11.71615],[76.05852,11.71729],[76.05894,11.7179],[76.05895,11.71805],[76.05882,11.71864],[76.05894,11.71906],[76.05849,11.7194],[76.05846,11.71986],[76.05804,11.72037],[76.05807,11.72062],[76.05827,11.72089],[76.05913,11.72149],[76.05923,11.72122],[76.05978,11.72063],[76.06064,11.7205],[76.06113,11.72018],[76.06219,11.71789],[76.06215,11.71729],[76.06229,11.71703],[76.0629,11.71658],[76.06329,11.71646],[76.06351,11.71617],[76.06413,11.71597],[76.06564,11.71505],[76.06596,11.71446],[76.06606,11.71373],[76.06622,11.71333],[76.06788,11.71111],[76.06786,11.71119],[76.06619,11.7135],[76.06597,11.71456],[76.0656,11.71517],[76.06407,11.71606],[76.06353,11.71624],[76.06338,11.71648],[76.06278,11.71672],[76.06236,11.71705],[76.06219,11.71737],[76.06222,11.71799],[76.06165,11.71903],[76.06133,11.71999],[76.061,11.72034],[76.06052,11.72059],[76.05976,11.7207],[76.05925,11.72129],[76.05915,11.72191],[76.05856,11.72224],[76.05857,11.72248],[76.05885,11.72285],[76.0589,11.72309],[76.05814,11.7233],[76.05859,11.72372],[76.05899,11.72459],[76.05931,11.72489],[76.05951,11.72525],[76.05967,11.72582],[76.05962,11.72626],[76.05944,11.72639],[76.05885,11.72652],[76.05787,11.72657],[76.0561,11.72633],[76.05527,11.72637],[76.05424,11.72721],[76.05418,11.72752],[76.05428,11.72773],[76.05542,11.72835],[76.05608,11.729],[76.05663,11.72993],[76.05727,11.73179],[76.05807,11.73305],[76.05841,11.73323],[76.05878,11.73326],[76.05996,11.73387],[76.06224,11.73481],[76.06355,11.73565],[76.06413,11.73619],[76.06477,11.73702],[76.06529,11.73743],[76.0662,11.73756],[76.06669,11.73773],[76.06863,11.73754],[76.07024,11.73822],[76.07075,11.73875],[76.07181,11.73951],[76.07304,11.73965],[76.07488,11.74027],[76.07606,11.74156],[76.07627,11.74254],[76.07648,11.74273],[76.07629,11.74221],[76.07624,11.7416],[76.07631,11.74144],[76.0765,11.74139],[76.07696,11.74151],[76.07706,11.74182],[76.07729,11.74197],[76.07763,11.74189],[76.0779,11.74153],[76.07819,11.74045],[76.07813,11.73974],[76.07802,11.73963],[76.07797,11.73919],[76.07809,11.73888],[76.07847,11.73838],[76.07912,11.73835],[76.07965,11.73817],[76.08004,11.73831],[76.08018,11.73851],[76.08019,11.73871],[76.07986,11.73905],[76.07977,11.73933],[76.07986,11.73954],[76.08061,11.74024],[76.08096,11.74024],[76.08193,11.73949],[76.08216,11.73904],[76.08219,11.73827],[76.08237,11.73793],[76.08236,11.73739],[76.08191,11.73734],[76.08106,11.73787],[76.08087,11.7379],[76.08051,11.73767],[76.08056,11.73735],[76.08037,11.73693],[76.08057,11.73666],[76.081,11.7366],[76.08155,11.73598],[76.08241,11.7353],[76.08278,11.73533],[76.08306,11.73621],[76.08396,11.73642],[76.0845,11.73713],[76.08455,11.73737],[76.08444,11.73759],[76.08428,11.73762],[76.08359,11.73734],[76.08339,11.73762],[76.08351,11.73852],[76.08376,11.73878],[76.08395,11.7388],[76.08457,11.73857],[76.08484,11.73837],[76.08492,11.73797],[76.08514,11.73777],[76.08549,11.73772],[76.08593,11.73783],[76.08602,11.73776],[76.08603,11.73763],[76.08569,11.7376],[76.08512,11.7371],[76.08487,11.7365],[76.08409,11.73581],[76.08402,11.73564],[76.08401,11.73541],[76.08414,11.73526],[76.08432,11.73526],[76.08459,11.73542],[76.08477,11.73538],[76.08533,11.73463],[76.08569,11.73467],[76.08591,11.73545],[76.08669,11.73589],[76.08687,11.73653],[76.08827,11.73701],[76.0884,11.73689],[76.08781,11.73623],[76.08778,11.73585],[76.08792,11.73546],[76.08818,11.73541],[76.08829,11.73549],[76.08863,11.73602],[76.08879,11.73593],[76.08882,11.73565],[76.08893,11.7356],[76.08998,11.7359],[76.09035,11.7357],[76.09054,11.73497],[76.09074,11.73464],[76.09127,11.73427],[76.09159,11.73418],[76.09182,11.73425],[76.09212,11.73456],[76.09238,11.73455],[76.09312,11.73367],[76.09314,11.73332],[76.09282,11.7329],[76.09257,11.73283],[76.0919,11.73237],[76.09177,11.73195],[76.09184,11.73182],[76.09251,11.73185],[76.09289,11.73133],[76.09323,11.73121],[76.09351,11.7314],[76.09404,11.7324],[76.09441,11.73232],[76.0947,11.73144],[76.0939,11.73042],[76.09396,11.73007],[76.09431,11.72994],[76.09564,11.7305],[76.096,11.73047],[76.09584,11.72973],[76.09583,11.72907],[76.09621,11.72826],[76.09651,11.72791],[76.09686,11.72797],[76.09749,11.72869],[76.09782,11.72875],[76.09805,11.72868],[76.09799,11.72809],[76.09782,11.72773],[76.09769,11.72633],[76.09781,11.72607],[76.09795,11.72601],[76.09832,11.72606],[76.09875,11.7263],[76.09889,11.7262],[76.09892,11.72593],[76.09929,11.72526],[76.09935,11.72496],[76.09935,11.72454],[76.09912,11.72417],[76.09914,11.72384],[76.0993,11.72339],[76.09964,11.72298],[76.09974,11.72213],[76.1001,11.72188],[76.10056,11.72187],[76.10072,11.72195],[76.10097,11.7224],[76.10117,11.72254],[76.10152,11.72257],[76.1018,11.72251],[76.10228,11.72204],[76.10226,11.72151],[76.10161,11.72052],[76.10172,11.72018],[76.10212,11.71966],[76.10214,11.71929],[76.10131,11.71853],[76.10114,11.71795],[76.10126,11.71764],[76.10175,11.71706],[76.10264,11.71643],[76.10317,11.71619],[76.10336,11.71599],[76.10349,11.71543],[76.10351,11.71467],[76.10332,11.71414],[76.10252,11.71338],[76.10232,11.71302],[76.10232,11.71198],[76.10211,11.71156],[76.10202,11.7107],[76.10193,11.71063],[76.10152,11.7107],[76.101,11.71037],[76.10062,11.71036],[76.10034,11.71016],[76.10024,11.70982],[76.10062,11.70899],[76.10057,11.70858],[76.10022,11.70803],[76.09955,11.70794],[76.09929,11.70759],[76.09929,11.70729],[76.09946,11.70689],[76.09997,11.70649],[76.10008,11.70627],[76.09933,11.70522],[76.09921,11.70486],[76.09946,11.70314],[76.10056,11.70189],[76.10058,11.70139],[76.10041,11.70052],[76.09955,11.70009],[76.09903,11.69996],[76.09894,11.69979],[76.09893,11.69957],[76.09924,11.69917],[76.09928,11.69889],[76.099,11.69857],[76.09897,11.69825],[76.09937,11.6979],[76.09942,11.69758],[76.09866,11.69715],[76.09849,11.69695],[76.09838,11.69642],[76.09876,11.69599],[76.09906,11.69588],[76.09946,11.69588],[76.10009,11.69612],[76.10023,11.69605],[76.1003,11.69557],[76.10044,11.69532],[76.10059,11.6952],[76.10106,11.69515],[76.10117,11.69504],[76.10106,11.69473],[76.10068,11.69443],[76.09946,11.69405],[76.09931,11.69392],[76.09923,11.69367],[76.09954,11.69297],[76.09941,11.69213],[76.09962,11.69196],[76.10016,11.69185],[76.10014,11.69164],[76.09982,11.69151],[76.09957,11.69123],[76.09954,11.69092],[76.10031,11.69001],[76.1003,11.68984],[76.10013,11.68964],[76.0993,11.68909],[76.0991,11.68847],[76.09965,11.68749],[76.10004,11.6873],[76.10041,11.68738],[76.10063,11.68716],[76.10041,11.6864],[76.10018,11.68601],[76.09986,11.68577],[76.09968,11.6852],[76.10067,11.68446],[76.10065,11.68397],[76.10043,11.68365],[76.10018,11.68356],[76.09991,11.68367],[76.09968,11.68412],[76.09935,11.68435],[76.09872,11.68442],[76.09861,11.68435],[76.0986,11.68385],[76.09878,11.68352],[76.09978,11.68241],[76.09989,11.68241],[76.10023,11.68271],[76.10049,11.68266],[76.10065,11.68251],[76.10068,11.68221],[76.10124,11.6816],[76.10196,11.68145],[76.10252,11.68145],[76.1029,11.68162],[76.10306,11.68149],[76.10306,11.68122],[76.10295,11.68111],[76.10131,11.68093],[76.10093,11.6808],[76.10069,11.68047],[76.10097,11.67878],[76.10115,11.67823],[76.10149,11.67789],[76.10189,11.67778],[76.10286,11.67773],[76.10344,11.67789],[76.10407,11.6782],[76.10425,11.67806],[76.10403,11.67724],[76.10346,11.6759],[76.10334,11.67581],[76.103,11.67586],[76.10218,11.67631],[76.10176,11.67627],[76.10179,11.67609],[76.10219,11.67584],[76.1023,11.6753],[76.10259,11.67499],[76.1029,11.67496],[76.1032,11.67523],[76.10338,11.67525],[76.10354,11.67525],[76.10377,11.67504],[76.10378,11.67474],[76.10342,11.67448],[76.10338,11.67416],[76.10352,11.67378],[76.1035,11.6735],[76.10308,11.67299],[76.10303,11.67277],[76.10324,11.67248],[76.1044,11.67231],[76.10444,11.67168],[76.10455,11.67139],[76.10482,11.67123],[76.10572,11.67121],[76.10615,11.6713],[76.10702,11.67213],[76.10718,11.67204],[76.10714,11.67155],[76.10685,11.67104],[76.10675,11.67047],[76.10643,11.67026],[76.10636,11.67007],[76.10643,11.66962],[76.10595,11.66934],[76.10619,11.66822],[76.10652,11.66765],[76.10681,11.66772],[76.10709,11.66815],[76.10723,11.66822],[76.1073,11.6677],[76.10787,11.66685],[76.10832,11.66635],[76.10854,11.66628],[76.10882,11.66599],[76.1091,11.66509],[76.10958,11.66422],[76.10982,11.66405],[76.10996,11.66381],[76.10984,11.66216],[76.11017,11.66173],[76.11074,11.66145],[76.11138,11.66135],[76.11162,11.66116],[76.11164,11.66085],[76.1115,11.66059],[76.11121,11.66043],[76.11027,11.66031],[76.10996,11.66002],[76.10998,11.65953],[76.11017,11.65901],[76.11015,11.65851],[76.11,11.65837],[76.10944,11.65858],[76.10922,11.65858],[76.10906,11.65844],[76.10863,11.65782],[76.10861,11.65744],[76.10875,11.65673],[76.10934,11.65654],[76.10957,11.65625],[76.10975,11.65579],[76.1097,11.65547],[76.10979,11.65533],[76.1107,11.65589],[76.11103,11.65586],[76.11111,11.65562],[76.11092,11.65525],[76.11095,11.65513],[76.11112,11.65517],[76.11139,11.65549],[76.11165,11.65537],[76.11217,11.65486],[76.11216,11.65471],[76.11179,11.6545],[76.11188,11.65428],[76.11207,11.65418],[76.11283,11.65432],[76.11309,11.65428],[76.11371,11.65362],[76.11393,11.65358],[76.11413,11.65341],[76.11507,11.65327],[76.11617,11.65261],[76.11665,11.65135],[76.11679,11.65067],[76.11881,11.64821],[76.1192,11.64793],[76.11929,11.64776],[76.1194,11.64661],[76.11899,11.64601],[76.11904,11.6458],[76.11939,11.64559],[76.12001,11.64569],[76.12047,11.64554],[76.12149,11.64439],[76.12161,11.64348],[76.12156,11.64333],[76.12109,11.64299],[76.12107,11.64286],[76.12146,11.6422],[76.12132,11.64191],[76.12134,11.64161],[76.12165,11.64094],[76.12161,11.64082],[76.12117,11.64061],[76.12111,11.63994],[76.12091,11.63957],[76.12094,11.63944],[76.12148,11.63911],[76.12157,11.63889],[76.12194,11.63852],[76.12343,11.63729],[76.12403,11.63702],[76.12476,11.63649],[76.12581,11.63656],[76.12608,11.63649],[76.12711,11.63586],[76.12853,11.63554],[76.12894,11.63533],[76.12965,11.63459],[76.13015,11.63421],[76.13043,11.63441],[76.1307,11.63444],[76.13101,11.63429],[76.13206,11.63418],[76.13321,11.63371],[76.13403,11.63369],[76.13465,11.63339],[76.13482,11.63287],[76.13477,11.63214],[76.13503,11.63064],[76.13452,11.63024],[76.13431,11.62991],[76.1337,11.62849],[76.13364,11.62767],[76.13383,11.62684],[76.13341,11.62552],[76.13271,11.62529],[76.13248,11.62502],[76.13271,11.62458],[76.13322,11.62444],[76.13375,11.62481],[76.13402,11.6249],[76.13423,11.62484],[76.1344,11.62467],[76.13455,11.624],[76.13472,11.62381],[76.13529,11.6235],[76.1361,11.62332],[76.13633,11.62298],[76.13638,11.62238],[76.13659,11.62211],[76.13756,11.62223],[76.13837,11.62192],[76.13902,11.62142],[76.13911,11.62125],[76.13913,11.62096],[76.13896,11.62069],[76.1375,11.62004],[76.13697,11.61948],[76.13634,11.61828],[76.13653,11.61741],[76.136,11.61699],[76.13585,11.61661],[76.13588,11.6163],[76.13609,11.61607],[76.13643,11.61595],[76.13727,11.61605],[76.13746,11.61597],[76.1372,11.61572],[76.13645,11.61549],[76.13641,11.61528],[76.1371,11.61513],[76.13774,11.61511],[76.13869,11.61474],[76.13901,11.61441],[76.13836,11.61328],[76.13835,11.613],[76.13865,11.61282],[76.13897,11.61221],[76.1387,11.6118],[76.13874,11.61157],[76.13916,11.61102],[76.13929,11.61071],[76.13936,11.60994],[76.13997,11.60898],[76.1405,11.60863],[76.14064,11.60817],[76.141,11.60761],[76.14214,11.60649],[76.14198,11.60557],[76.14152,11.6045],[76.14148,11.603],[76.14266,11.6015],[76.14292,11.60073],[76.14351,11.59995],[76.14323,11.60109],[76.14183,11.60338],[76.14178,11.60389],[76.14193,11.60466],[76.1424,11.60573],[76.14255,11.60644],[76.14209,11.60705],[76.1411,11.60807],[76.14054,11.60888],[76.14016,11.60911],[76.13959,11.6099],[76.13952,11.61059],[76.13921,11.61146],[76.13895,11.61168],[76.1392,11.61224],[76.13891,11.61282],[76.13861,11.61307],[76.13859,11.61322],[76.13918,11.61418],[76.13916,11.61445],[76.13899,11.61472],[76.13806,11.61514],[76.13687,11.61528],[76.13672,11.61541],[76.13719,11.61555],[76.13765,11.61584],[76.13768,11.61599],[76.13746,11.61614],[76.13632,11.61611],[76.13611,11.61632],[76.13602,11.61659],[76.13609,11.61682],[76.1367,11.61741],[76.13649,11.61816],[76.13737,11.61977],[76.13763,11.61996],[76.13837,11.62015],[76.13916,11.62066],[76.1393,11.62132],[76.13919,11.62157],[76.13835,11.62215],[76.13752,11.62246],[76.13691,11.62231],[76.13655,11.62236],[76.13657,11.62286],[76.13627,11.62346],[76.13601,11.62359],[76.13548,11.62361],[76.13491,11.62386],[76.13472,11.62404],[76.13466,11.62448],[76.1344,11.62494],[76.13389,11.62509],[76.13318,11.62463],[76.13298,11.62465],[76.13277,11.62481],[76.13269,11.62502],[76.13281,11.62517],[76.13362,11.62546],[76.13402,11.62699],[76.13381,11.62807],[76.13395,11.62874],[76.13459,11.62995],[76.13522,11.63045],[76.13528,11.6307],[76.13512,11.63106],[76.13492,11.63229],[76.13505,11.63304],[76.13494,11.63331],[76.13482,11.6335],[76.13424,11.63381],[76.13301,11.63394],[76.13272,11.63421],[76.13176,11.63443],[76.13124,11.63443],[76.13053,11.63461],[76.13003,11.63443],[76.12914,11.63543],[76.1285,11.63578],[76.12713,11.63608],[76.12603,11.63669],[76.12475,11.63676],[76.1244,11.63709],[76.12372,11.63731],[76.12223,11.63846],[76.12163,11.63914],[76.12111,11.63947],[76.12133,11.64055],[76.12179,11.64087],[76.12146,11.64169],[76.12148,11.64188],[76.12167,11.64211],[76.12127,11.64288],[76.12129,11.64299],[76.1217,11.6433],[76.12163,11.64448],[76.12119,11.64504],[76.12041,11.64574],[76.11999,11.64582],[76.11937,11.64573],[76.11915,11.64589],[76.11947,11.64639],[76.11953,11.64675],[76.11933,11.64796],[76.11881,11.6484],[76.11689,11.65074],[76.1167,11.65166],[76.11628,11.65268],[76.1153,11.65339],[76.11455,11.65348],[76.11388,11.65375],[76.11325,11.65432],[76.11286,11.65453],[76.11241,11.65435],[76.11197,11.65436],[76.11197,11.65451],[76.11225,11.65462],[76.1123,11.6549],[76.11159,11.65555],[76.11119,11.65553],[76.11115,11.65588],[76.11095,11.65605],[76.11068,11.65602],[76.10997,11.65555],[76.10983,11.65554],[76.10977,11.65633],[76.10951,11.65661],[76.10896,11.65683],[76.10877,11.65744],[76.10908,11.65825],[76.10922,11.65839],[76.10944,11.65837],[76.10958,11.6582],[76.10986,11.6582],[76.11029,11.65839],[76.11034,11.65874],[76.11027,11.65915],[76.11005,11.6595],[76.11005,11.65988],[76.11029,11.66021],[76.11112,11.66028],[76.11169,11.6605],[76.11181,11.66092],[76.11176,11.66116],[76.1114,11.66149],[76.11069,11.66164],[76.11008,11.66206],[76.11012,11.66389],[76.10941,11.66469],[76.10887,11.66623],[76.10856,11.66652],[76.10823,11.66666],[76.10766,11.66737],[76.10745,11.66772],[76.10735,11.66829],[76.10707,11.66836],[76.10666,11.66784],[76.1065,11.66787],[76.10621,11.66846],[76.10607,11.66915],[76.10612,11.66929],[76.10662,11.66964],[76.1065,11.67009],[76.10662,11.67025],[76.10668,11.66994],[76.10794,11.66945],[76.10787,11.66881],[76.10801,11.66846],[76.10907,11.6682],[76.10943,11.66845],[76.10962,11.66915],[76.10963,11.66936],[76.10936,11.66981],[76.1095,11.67007],[76.10972,11.6701],[76.10985,11.67002],[76.11006,11.66942],[76.11027,11.66935],[76.11064,11.66952],[76.11106,11.67003],[76.11183,11.66959],[76.11261,11.67028],[76.11279,11.67024],[76.11288,11.67007],[76.1128,11.66954],[76.11343,11.66929],[76.1136,11.66908],[76.11367,11.66872],[76.11394,11.66866],[76.11416,11.66891],[76.11395,11.66946],[76.11431,11.66957],[76.11511,11.67009],[76.11556,11.67076],[76.11584,11.6708],[76.11607,11.67059],[76.11553,11.67021],[76.11582,11.66998],[76.11628,11.66921],[76.11654,11.66912],[76.11686,11.66949],[76.11724,11.66949],[76.1177,11.66905],[76.11787,11.66828],[76.11814,11.66819],[76.1185,11.66839],[76.11859,11.66834],[76.11864,11.66808],[76.11844,11.66747],[76.11882,11.66679],[76.11904,11.66672],[76.11957,11.66707],[76.11994,11.66706],[76.12041,11.66635],[76.12145,11.66544],[76.12224,11.66556],[76.12305,11.66544],[76.12354,11.66576],[76.12408,11.66562],[76.12454,11.66565],[76.12481,11.66551],[76.1249,11.66495],[76.12533,11.66447],[76.12553,11.6645],[76.12602,11.66486],[76.12625,11.66485],[76.12647,11.6643],[76.12568,11.66362],[76.1255,11.66337],[76.1255,11.66299],[76.12685,11.66139],[76.12708,11.66128],[76.12776,11.6613],[76.12811,11.66099],[76.12816,11.66062],[76.12787,11.66024],[76.12782,11.65984],[76.12834,11.65959],[76.12863,11.65865],[76.12947,11.65781],[76.12973,11.65779],[76.12999,11.65792],[76.13023,11.65885],[76.13036,11.65896],[76.13081,11.65886],[76.13134,11.65889],[76.13155,11.65896],[76.13183,11.65928],[76.13228,11.65939],[76.13233,11.65926],[76.13215,11.65865],[76.13239,11.65824],[76.13261,11.65809],[76.13279,11.65816],[76.13312,11.65857],[76.13322,11.65859],[76.13356,11.65824],[76.13413,11.65876],[76.13485,11.65907],[76.13512,11.65907],[76.13561,11.65896],[76.13565,11.65862],[76.13588,11.65851],[76.13599,11.65801],[76.13626,11.65797],[76.13669,11.6581],[76.1369,11.65718],[76.13706,11.65698],[76.13764,11.65738],[76.13814,11.65732],[76.13838,11.65684],[76.13859,11.65673],[76.13899,11.65678],[76.13929,11.65715],[76.13969,11.65699],[76.14005,11.65698],[76.14024,11.65714],[76.14031,11.65754],[76.13978,11.65834],[76.13973,11.65864],[76.14016,11.65937],[76.14074,11.65976],[76.14101,11.65981],[76.14199,11.65926],[76.14223,11.65924],[76.1425,11.6594],[76.14248,11.65995],[76.14264,11.66008],[76.14305,11.66008],[76.14342,11.65985],[76.1436,11.65984],[76.14389,11.66004],[76.14429,11.66002],[76.14448,11.66021],[76.14448,11.66045],[76.14395,11.66133],[76.14395,11.66146],[76.14407,11.6615],[76.14454,11.661],[76.14586,11.66097],[76.14603,11.66078],[76.14603,11.6605],[76.14586,11.66037],[76.14559,11.66036],[76.14524,11.66057],[76.145,11.66055],[76.14491,11.66044],[76.14476,11.66011],[76.14474,11.65965],[76.14477,11.65948],[76.145,11.65929],[76.14526,11.6593],[76.14613,11.65981],[76.14646,11.65978],[76.14705,11.65931],[76.14739,11.65925],[76.14798,11.65955],[76.14814,11.65955],[76.14832,11.65935],[76.1486,11.65932],[76.14885,11.65968],[76.14955,11.65959],[76.14965,11.65947],[76.14963,11.65878],[76.14973,11.65841],[76.1503,11.65784],[76.15038,11.65722],[76.15087,11.65669],[76.15082,11.65623],[76.15148,11.65516],[76.15164,11.65458],[76.15198,11.65434],[76.1524,11.65445],[76.15265,11.65429],[76.15255,11.6541],[76.15257,11.65374],[76.15189,11.65303],[76.15181,11.65275],[76.15195,11.65222],[76.1529,11.65199],[76.15294,11.6519],[76.15271,11.65178],[76.15263,11.65159],[76.15265,11.65038],[76.15235,11.64984],[76.15244,11.6496],[76.1535,11.64912],[76.15391,11.64907],[76.1546,11.6492],[76.15499,11.64954],[76.15527,11.6495],[76.15566,11.64921],[76.15627,11.64829],[76.15648,11.64823],[76.15711,11.64835],[76.15776,11.64886],[76.15817,11.64891],[76.15903,11.64875],[76.15949,11.6485],[76.15961,11.64832],[76.15963,11.64796],[76.16002,11.64733],[76.16003,11.64722],[76.15976,11.64693],[76.15996,11.64616],[76.15988,11.6455],[76.15945,11.64521],[76.15932,11.64501],[76.15915,11.64434],[76.15919,11.64402],[76.15977,11.64389],[76.15987,11.6437],[76.15983,11.64318],[76.1599,11.64308],[76.16048,11.64277],[76.16091,11.64271],[76.161,11.64262],[76.16101,11.64239],[76.16091,11.64233],[76.16074,11.64235],[76.16039,11.64261],[76.16014,11.6426],[76.15998,11.64238],[76.16015,11.64193],[76.16071,11.64135],[76.1613,11.64125],[76.16142,11.64149],[76.16175,11.64163],[76.16228,11.64141],[76.16212,11.64094],[76.16248,11.6404],[76.16252,11.64012],[76.16238,11.6397],[76.16183,11.63928],[76.16182,11.6391],[76.16194,11.63899],[76.16225,11.63894],[76.16238,11.6388],[76.16235,11.63852],[76.16201,11.63827],[76.16203,11.63812],[76.1626,11.6378],[76.16314,11.63683],[76.16314,11.63651],[76.16289,11.63599],[76.16298,11.63557],[76.16326,11.63541],[76.16367,11.6354],[76.16458,11.63604],[76.16509,11.63607],[76.16547,11.63594],[76.16551,11.63561],[76.16499,11.6351],[76.16492,11.63467],[76.16518,11.63454],[76.16543,11.63473],[76.16566,11.63473],[76.16676,11.63397],[76.16701,11.63359],[76.16674,11.63321],[76.16677,11.63292],[76.16721,11.63251],[76.16783,11.63224],[76.16753,11.63176],[76.16754,11.63154],[76.16827,11.63062],[76.16816,11.63039],[76.16783,11.63025],[76.1677,11.63008],[76.16792,11.62972],[76.16727,11.62894],[76.16741,11.62824],[76.16699,11.62761],[76.16701,11.62736],[76.16747,11.6269],[76.1677,11.62649],[76.1679,11.62644],[76.16816,11.62657],[76.16841,11.62656],[76.16886,11.62619],[76.16924,11.62616],[76.16942,11.62603],[76.16938,11.62574],[76.16907,11.62538],[76.16913,11.62466],[76.16894,11.62453],[76.16889,11.62432],[76.16899,11.624],[76.16879,11.6238],[76.16874,11.62348],[76.1691,11.62347],[76.16941,11.62367],[76.16956,11.62364],[76.16972,11.62345],[76.17006,11.62339],[76.17055,11.62419],[76.17077,11.62427],[76.17091,11.62417],[76.17088,11.62375],[76.16933,11.62222],[76.16923,11.62194],[76.1693,11.62184],[76.16944,11.62186],[76.1701,11.62226],[76.17038,11.62222],[76.17041,11.62201],[76.17023,11.62173],[76.17019,11.6212],[76.17005,11.62093],[76.17008,11.62083],[76.17075,11.62066],[76.17105,11.62043],[76.17114,11.62013],[76.17105,11.61944],[76.17178,11.61868],[76.17309,11.61848],[76.17354,11.61817],[76.17363,11.61782],[76.17367,11.61646],[76.17426,11.61545],[76.17437,11.61491],[76.1743,11.61459],[76.17412,11.61434],[76.1735,11.61398],[76.17332,11.6143],[76.1726,11.61479],[76.17176,11.61481],[76.1716,11.61479],[76.17124,11.61445],[76.1709,11.6143],[76.17021,11.6142],[76.16969,11.61388],[76.16942,11.61383],[76.16911,11.61423],[76.1689,11.61432],[76.16825,11.61425],[76.16791,11.61448],[76.16784,11.61513],[76.16757,11.61538],[76.1673,11.61516],[76.16728,11.61468],[76.16719,11.61462],[76.16679,11.6147],[76.16577,11.61448],[76.16552,11.61428],[76.16546,11.61408],[76.16501,11.61363],[76.16415,11.61237],[76.16413,11.61196],[76.16442,11.61158],[76.16438,11.61131],[76.16489,11.61126],[76.16528,11.61146],[76.16534,11.61135],[76.16481,11.60977],[76.16496,11.60908],[76.16478,11.60816],[76.16456,11.60762],[76.16418,11.60737],[76.16391,11.60627],[76.16348,11.60523],[76.16348,11.60505],[76.16375,11.60467],[76.16373,11.60392],[76.16357,11.60381],[76.16336,11.60387],[76.1631,11.60381],[76.16298,11.60354],[76.16249,11.60343],[76.16225,11.60288],[76.16192,11.60259],[76.16143,11.6024],[76.16136,11.60228],[76.16141,11.60196],[76.16161,11.60169],[76.16163,11.60133],[76.16138,11.60107],[76.16102,11.60098],[76.16077,11.60074],[76.16079,11.60052],[76.16123,11.60012],[76.1613,11.59987],[76.1613,11.59971],[76.16094,11.59908],[76.16116,11.59884],[76.16161,11.59895],[76.16186,11.59796],[76.16175,11.59757],[76.16163,11.59746],[76.16125,11.59746],[76.16118,11.59717],[76.1608,11.59703],[76.16069,11.59676],[76.16076,11.59659],[76.16089,11.59659],[76.1612,11.59683],[76.16127,11.59649],[76.16197,11.59652],[76.16231,11.5962],[76.16238,11.59589],[76.16267,11.59557],[76.16316,11.59442],[76.16343,11.59424],[76.16357,11.59395],[76.16426,11.59359],[76.1644,11.59301],[76.16397,11.593],[76.16379,11.59283],[76.16397,11.5924],[76.16444,11.59186],[76.16465,11.59147],[76.16471,11.591],[76.16485,11.59075],[76.16483,11.59031],[76.16436,11.58995],[76.16454,11.58906],[76.16437,11.58879],[76.16389,11.58847],[76.16385,11.5883],[76.16401,11.58799],[76.1639,11.58785],[76.16382,11.58681],[76.1636,11.58657],[76.16352,11.58631],[76.16336,11.5863],[76.16287,11.58654],[76.1627,11.58652],[76.16244,11.58606],[76.16242,11.5858],[76.16255,11.58538],[76.16287,11.58507],[76.16337,11.58488],[76.16336,11.58468],[76.16295,11.58444],[76.16264,11.58398],[76.16215,11.58361],[76.16211,11.58341],[76.16211,11.58296],[76.16226,11.5827],[76.16214,11.58212],[76.16232,11.58204],[76.16259,11.5817],[76.16287,11.58114],[76.16273,11.58094],[76.1626,11.58094],[76.16206,11.58119],[76.16174,11.58096],[76.16166,11.58076],[76.16184,11.58031],[76.16184,11.57999],[76.16156,11.57975],[76.16123,11.57914],[76.16138,11.57867],[76.16138,11.57797],[76.16121,11.57766],[76.16089,11.57763],[76.16042,11.57725],[76.16026,11.57725],[76.15943,11.57644],[76.15925,11.57637],[76.1583,11.57641],[76.15756,11.57628],[76.15648,11.57639],[76.156,11.57624],[76.15556,11.57637],[76.15524,11.57626],[76.15483,11.57585],[76.15461,11.57522],[76.15463,11.57459],[76.15369,11.57322],[76.15368,11.57237],[76.1535,11.57169],[76.1535,11.57086],[76.15312,11.5705],[76.15319,11.57014],[76.15344,11.56975],[76.15342,11.56951],[76.15326,11.56926],[76.15348,11.56944],[76.15355,11.56973],[76.15317,11.57043],[76.1536,11.57088],[76.15362,11.57167],[76.15377,11.57228],[76.15377,11.57311],[76.15468,11.57435],[76.15475,11.57455],[76.15472,11.57536],[76.15497,11.57583],[76.15538,11.57621],[76.15562,11.5763],[76.15603,11.57615],[76.15652,11.5763],[76.15754,11.57615],[76.15943,11.57633],[76.1599,11.57669],[76.16024,11.57712],[76.16053,11.57721],[76.16093,11.5775],[76.16118,11.57754],[76.16148,11.57795],[76.16139,11.57916],[76.1619,11.57984],[76.16193,11.58036],[76.16179,11.58072],[76.16197,11.58105],[76.16231,11.58098],[76.16247,11.58085],[76.16314,11.58101],[76.16361,11.58078],[76.1642,11.57979],[76.16429,11.57941],[76.16415,11.57817],[76.16449,11.57756],[76.16456,11.5772],[76.16393,11.57676],[76.16397,11.57624],[76.16433,11.57603],[76.16463,11.57498],[76.16492,11.57448],[76.16499,11.57417],[76.1651,11.57416],[76.16505,11.57461],[76.16476,11.57493],[76.16444,11.57612],[76.16406,11.57633],[76.16411,11.57675],[76.16463,11.57694],[76.16476,11.57709],[76.16476,11.57729],[76.16427,11.57835],[76.16442,11.5788],[76.16438,11.57928],[76.16447,11.57966],[76.16415,11.58002],[76.16384,11.58074],[76.163,11.58116],[76.16258,11.58192],[76.16226,11.5822],[76.16222,11.58239],[76.16237,11.58265],[76.16219,11.5831],[76.16228,11.58355],[76.16299,11.58426],[76.16312,11.5845],[76.16351,11.58476],[76.16338,11.58498],[76.16276,11.5853],[76.16252,11.58592],[76.1626,11.58614],[76.16276,11.5864],[76.16306,11.58638],[76.16339,11.58617],[76.16361,11.58619],[76.16369,11.58648],[76.16403,11.58672],[76.16409,11.58711],[76.16396,11.58761],[76.16411,11.58789],[76.16429,11.58795],[76.16426,11.58814],[76.16403,11.58827],[76.16403,11.58845],[76.16461,11.58879],[76.16469,11.58905],[76.16467,11.58935],[76.16454,11.58944],[76.16446,11.58982],[76.16457,11.59002],[76.16474,11.59006],[76.16499,11.5903],[76.16496,11.59073],[76.16462,11.59174],[76.16399,11.5926],[76.16413,11.59277],[76.16446,11.59279],[76.16463,11.59293],[76.16426,11.59372],[76.16364,11.59399],[76.16346,11.59431],[76.16316,11.59454],[76.16278,11.59555],[76.16229,11.59636],[76.16204,11.59658],[76.16172,11.59667],[76.16138,11.59659],[76.1612,11.59692],[76.16087,11.59672],[76.16082,11.59685],[76.16125,11.59715],[76.16138,11.59739],[76.16184,11.59749],[76.16197,11.59771],[76.16174,11.59899],[76.16156,11.59906],[76.16125,11.59892],[76.16102,11.59908],[76.16143,11.59992],[76.16132,11.60023],[76.16089,11.60071],[76.16105,11.60086],[76.1615,11.60102],[76.16177,11.60138],[76.16179,11.60161],[76.16147,11.60201],[76.16157,11.60232],[76.16235,11.60273],[76.16258,11.60329],[76.1631,11.6035],[76.16328,11.60377],[76.16373,11.6037],[76.16386,11.60395],[76.16381,11.60475],[76.16359,11.60509],[76.16361,11.6053],[76.16417,11.60662],[76.1642,11.60716],[76.16467,11.60766],[76.16487,11.60816],[76.16507,11.60896],[76.16494,11.60993],[76.16532,11.6107],[76.16537,11.61104],[76.1657,11.61074],[76.16582,11.60986],[76.16614,11.60926],[76.16654,11.60944],[76.16692,11.61],[76.16728,11.61005],[76.1674,11.60989],[76.16742,11.60941],[76.1673,11.60881],[76.16677,11.60809],[76.16677,11.60779],[76.1669,11.60757],[76.16764,11.60714],[76.16742,11.60685],[76.16742,11.60658],[76.16787,11.60622],[76.16812,11.60561],[76.16852,11.6055],[76.16919,11.60559],[76.16982,11.60467],[76.17046,11.60421],[76.1709,11.60368],[76.17093,11.60354],[76.17068,11.60372],[76.17048,11.60365],[76.17045,11.60273],[76.17071,11.60221],[76.17094,11.60202],[76.17127,11.60192],[76.17143,11.60161],[76.17179,11.60135],[76.1718,11.60116],[76.17162,11.60081],[76.17166,11.60062],[76.1722,11.6002],[76.17255,11.60007],[76.17296,11.59945],[76.17322,11.59942],[76.17338,11.59951],[76.17369,11.59924],[76.17403,11.59918],[76.17445,11.59925],[76.17493,11.59952],[76.175,11.5995],[76.17501,11.59921],[76.17553,11.59914],[76.1757,11.59901],[76.17585,11.59865],[76.17604,11.59865],[76.17629,11.59886],[76.17645,11.5985],[76.17661,11.59841],[76.17687,11.59841],[76.17714,11.59859],[76.17779,11.59849],[76.17774,11.5978],[76.17733,11.59705],[76.17724,11.59657],[76.17756,11.59594],[76.17836,11.59514],[76.17844,11.59471],[76.17849,11.59499],[76.17841,11.59523],[76.17766,11.59599],[76.17739,11.5966],[76.1775,11.59717],[76.17786,11.59782],[76.17792,11.59855],[76.17706,11.59874],[76.1767,11.59853],[76.17654,11.59861],[76.17649,11.59889],[76.17633,11.599],[76.17615,11.59899],[76.17604,11.59882],[76.17591,11.5988],[76.17588,11.59902],[76.17576,11.59913],[76.17509,11.59931],[76.17516,11.59961],[76.17491,11.59962],[76.17457,11.59938],[76.17431,11.59932],[76.17371,11.59936],[76.17326,11.59971],[76.17314,11.59953],[76.17306,11.59955],[76.17265,11.60023],[76.17233,11.60028],[76.17175,11.6007],[76.17195,11.60136],[76.17161,11.60157],[76.17143,11.60199],[76.17095,11.60212],[76.17057,11.60271],[76.17066,11.60313],[76.17059,11.60349],[76.17102,11.60345],[76.17097,11.60374],[76.17043,11.60439],[76.16991,11.60471],[76.16928,11.60566],[76.16821,11.60568],[76.16818,11.6059],[76.16798,11.60613],[76.16796,11.60638],[76.16751,11.60663],[76.16751,11.60674],[76.16784,11.60701],[76.16782,11.60721],[76.16692,11.60777],[76.16686,11.60795],[76.16695,11.60815],[76.16731,11.60847],[76.16744,11.60879],[76.16755,11.60957],[76.16749,11.60996],[76.16721,11.61018],[76.16697,11.61018],[76.16679,11.61007],[76.16663,11.60971],[76.16636,11.60948],[76.16614,11.60951],[76.16586,11.6102],[76.16589,11.6107],[76.16546,11.6111],[76.16539,11.6116],[76.16485,11.61137],[76.16449,11.61142],[76.16431,11.61196],[76.16431,11.6123],[76.16498,11.61345],[76.16573,11.61426],[76.16663,11.61457],[76.16739,11.61455],[76.16755,11.61518],[76.16773,11.61497],[76.16784,11.61432],[76.16809,11.61416],[76.16838,11.61412],[76.16884,11.61421],[76.16944,11.61365],[76.17022,11.61399],[76.17121,11.61417],[76.17172,11.61468],[76.17187,11.61471],[76.17264,11.61462],[76.17322,11.61425],[76.17338,11.61385],[76.17388,11.61398],[76.1743,11.61425],[76.17447,11.61473],[76.17478,11.61442],[76.17524,11.61452],[76.17559,11.6144],[76.17604,11.6146],[76.17637,11.61433],[76.17709,11.61408],[76.17706,11.61382],[76.1768,11.61347],[76.17686,11.61332],[76.17712,11.61317],[76.17715,11.61292],[76.17734,11.61283],[76.17749,11.61261],[76.17759,11.61154],[76.17774,11.6112],[76.178,11.61118],[76.17819,11.61083],[76.17824,11.61016],[76.17837,11.60976],[76.17862,11.60945],[76.17908,11.60912],[76.17909,11.60856],[76.1794,11.60845],[76.17932,11.60788],[76.17954,11.60787],[76.17966,11.60802],[76.17999,11.60808],[76.18035,11.60842],[76.1804,11.60862],[76.1803,11.60886],[76.18061,11.60916],[76.1807,11.60964],[76.18092,11.60961],[76.18088,11.60923],[76.18121,11.60914],[76.18141,11.60891],[76.18169,11.60889],[76.18194,11.60916],[76.18149,11.60904],[76.18101,11.60932],[76.18104,11.6096],[76.18095,11.60972],[76.18063,11.60972],[76.18047,11.60917],[76.18017,11.60892],[76.18021,11.60851],[76.17951,11.60808],[76.17953,11.6085],[76.17919,11.60867],[76.17923,11.60909],[76.1784,11.60985],[76.17823,11.61099],[76.17806,11.61122],[76.1778,11.61135],[76.17774,11.61155],[76.17763,11.61266],[76.17699,11.6134],[76.17721,11.61394],[76.1771,11.61421],[76.17662,11.61433],[76.1761,11.61471],[76.17558,11.61453],[76.17525,11.61463],[76.17484,11.61453],[76.17469,11.61461],[76.1745,11.6149],[76.17451,11.61542],[76.17379,11.61668],[76.17377,11.61788],[76.17362,11.61831],[76.17328,11.61858],[76.17186,11.61882],[76.17128,11.61941],[76.17119,11.61969],[76.17124,11.62025],[76.17113,11.62052],[76.17081,11.62076],[76.17038,11.62083],[76.17022,11.62095],[76.17033,11.62172],[76.1705,11.62197],[76.17036,11.62232],[76.17005,11.62236],[76.16965,11.62208],[76.16936,11.62204],[76.17095,11.62359],[76.1711,11.6241],[76.17091,11.62434],[76.1706,11.62438],[76.17043,11.62426],[76.17004,11.6235],[76.16985,11.62351],[76.16953,11.62376],[76.16927,11.62372],[76.16897,11.62351],[76.16879,11.62353],[76.16883,11.62369],[76.16906,11.62391],[76.16901,11.62428],[76.16927,11.62459],[76.16927,11.62546],[76.16953,11.62578],[76.16953,11.62602],[76.16931,11.62621],[76.16885,11.62633],[76.1684,11.62668],[76.16772,11.62658],[76.16751,11.62702],[76.16708,11.62744],[76.16708,11.62758],[76.16746,11.62802],[76.16751,11.62827],[76.16742,11.62895],[76.16801,11.62963],[76.16801,11.62982],[76.16784,11.63004],[76.16823,11.63029],[76.16834,11.63054],[76.16833,11.63075],[76.16766,11.63161],[76.16797,11.63223],[76.1678,11.63239],[76.16723,11.6326],[76.16686,11.63298],[76.16711,11.63366],[76.16694,11.63398],[76.16565,11.6349],[76.16521,11.63467],[76.16505,11.63475],[76.16509,11.63501],[76.16537,11.6352],[76.16566,11.63557],[76.16566,11.63598],[76.1654,11.63616],[76.16489,11.63622],[76.16423,11.636],[76.16386,11.63566],[76.16339,11.63552],[76.16316,11.63555],[76.16307,11.63566],[76.16302,11.63598],[76.1633,11.63659],[76.16322,11.637],[76.16277,11.63778],[76.16255,11.638],[76.16219,11.63816],[76.1625,11.63852],[76.16252,11.63883],[76.16233,11.63901],[76.16193,11.63913],[76.162,11.63925],[76.16234,11.6394],[76.16264,11.63998],[76.16264,11.64035],[76.16231,11.64095],[76.16245,11.64151],[76.16228,11.64165],[76.16179,11.64175],[76.16153,11.64173],[76.16119,11.64138],[76.16093,11.64141],[76.16068,11.64157],[76.16019,11.64215],[76.16015,11.64242],[76.16033,11.6425],[76.161,11.64223],[76.16114,11.64231],[76.16119,11.64258],[76.161,11.64277],[76.16033,11.64294],[76.16008,11.64315],[76.15989,11.64398],[76.15932,11.64409],[76.15927,11.64422],[76.15946,11.64503],[76.16003,11.64545],[76.16008,11.64629],[76.15995,11.64678],[76.16021,11.64726],[76.15969,11.64853],[76.15902,11.64891],[76.15843,11.649],[76.15738,11.64887],[76.15713,11.64857],[76.15653,11.64843],[76.15638,11.64848],[76.156,11.64915],[76.15559,11.64957],[76.15518,11.64978],[76.15475,11.64967],[76.1542,11.64928],[76.15328,11.64941],[76.15261,11.64968],[76.15258,11.64991],[76.15278,11.65025],[76.15276,11.65154],[76.15286,11.65167],[76.15324,11.65177],[76.15328,11.65195],[76.15295,11.65217],[76.15205,11.65245],[76.15197,11.65261],[76.15198,11.65274],[76.15269,11.65364],[76.15281,11.65442],[76.15257,11.65463],[76.15192,11.6546],[76.15172,11.65476],[76.15149,11.65538],[76.15097,11.65625],[76.15102,11.65677],[76.1505,11.65725],[76.15045,11.65792],[76.14984,11.65855],[76.14983,11.65944],[76.14973,11.65963],[76.14883,11.65982],[76.14844,11.65947],[76.14798,11.6597],[76.14721,11.65942],[76.14664,11.65988],[76.14614,11.65999],[76.14522,11.65946],[76.14496,11.65947],[76.14484,11.65986],[76.14502,11.66044],[76.14524,11.66044],[76.14556,11.66021],[76.14589,11.66024],[76.14618,11.66045],[76.14617,11.66083],[76.14591,11.66106],[76.14569,11.66112],[76.14464,11.66112],[76.1443,11.66143],[76.14426,11.66158],[76.14406,11.66166],[76.14384,11.66155],[76.14383,11.66135],[76.14429,11.66052],[76.14432,11.66027],[76.1442,11.66012],[76.14372,11.66012],[76.14362,11.66001],[76.14344,11.66],[76.1431,11.66019],[76.14257,11.66019],[76.14238,11.66004],[76.14236,11.65948],[76.14216,11.65939],[76.14189,11.65947],[76.14124,11.65992],[76.14097,11.65996],[76.14062,11.65985],[76.13999,11.65934],[76.13975,11.65904],[76.13961,11.65849],[76.14019,11.65752],[76.14019,11.65727],[76.13996,11.65707],[76.1393,11.65727],[76.13888,11.65689],[76.13858,11.65687],[76.13847,11.65692],[76.13827,11.65739],[76.13801,11.65748],[76.13747,11.65747],[76.13734,11.65743],[76.1372,11.65721],[76.13706,11.6572],[76.13679,11.65821],[76.1366,11.65829],[76.13608,11.65812],[76.13575,11.659],[76.13521,11.65919],[76.13485,11.65919],[76.1341,11.65891],[76.13392,11.65864],[76.13361,11.65841],[76.13351,11.65847],[76.13346,11.6587],[76.13331,11.65872],[76.13271,11.65847],[76.13266,11.65831],[76.13254,11.65831],[76.13237,11.65893],[76.13247,11.65948],[76.13225,11.65951],[76.13174,11.6594],[76.13145,11.65908],[76.13092,11.65891],[76.13048,11.65913],[76.13031,11.65905],[76.13002,11.65852],[76.1299,11.65807],[76.12949,11.6579],[76.12884,11.65858],[76.12838,11.65968],[76.12794,11.65995],[76.12794,11.66015],[76.1283,11.66053],[76.1283,11.66083],[76.12807,11.66121],[76.12782,11.66139],[76.12701,11.66148],[76.12643,11.66206],[76.12573,11.66308],[76.1258,11.66348],[76.12659,11.66423],[76.12652,11.66465],[76.12636,11.6649],[76.12611,11.66501],[76.12533,11.66461],[76.12506,11.66499],[76.12485,11.66562],[76.12462,11.66573],[76.124,11.66576],[76.12372,11.66589],[76.12337,11.6658],[76.123,11.66556],[76.12238,11.66571],[76.12174,11.66553],[76.12141,11.66555],[76.121,11.66596],[76.12004,11.66748],[76.11966,11.6675],[76.11909,11.66693],[76.11891,11.66693],[76.11877,11.66703],[76.11867,11.66753],[76.11867,11.66798],[76.11877,11.66819],[76.11872,11.66847],[76.11858,11.66857],[76.11812,11.66842],[76.11792,11.66845],[76.11785,11.66919],[76.11737,11.66964],[76.11695,11.66973],[76.1166,11.66944],[76.11641,11.66947],[76.11591,11.67011],[76.11588,11.67024],[76.11618,11.67048],[76.11625,11.67068],[76.11589,11.67094],[76.1155,11.67098],[76.11506,11.67027],[76.11371,11.66952],[76.11374,11.66935],[76.114,11.66907],[76.11388,11.66883],[76.11369,11.66894],[76.11363,11.66927],[76.11289,11.66969],[76.11294,11.67012],[76.11283,11.67034],[76.11269,11.67039],[76.11244,11.67035],[76.11195,11.66976],[76.11177,11.66974],[76.1112,11.6701],[76.11091,11.67007],[76.11035,11.66945],[76.11012,11.66951],[76.11003,11.67003],[76.10986,11.67021],[76.10923,11.67014],[76.10911,11.66992],[76.10914,11.66971],[76.10947,11.6694],[76.10934,11.66866],[76.10922,11.66846],[76.10893,11.66846],[76.10853,11.66864],[76.10835,11.66859],[76.10806,11.66877],[76.10816,11.66915],[76.10811,11.66969],[76.10726,11.66986],[76.10695,11.67007],[76.10688,11.67071],[76.10745,11.6719],[76.10731,11.67229],[76.10687,11.67224],[76.10614,11.67145],[76.1048,11.67139],[76.10462,11.67165],[76.1045,11.67251],[76.10363,11.67256],[76.10326,11.67267],[76.10323,11.67292],[76.10372,11.67352],[76.10372,11.6738],[76.10353,11.67436],[76.10392,11.67474],[76.10394,11.67514],[76.10381,11.67534],[76.10354,11.67544],[76.1027,11.67521],[76.10218,11.67598],[76.10221,11.67607],[76.10246,11.67605],[76.10306,11.67568],[76.10342,11.67564],[76.10353,11.67573],[76.10373,11.67593],[76.10432,11.67736],[76.10448,11.67825],[76.10429,11.67841],[76.10394,11.67839],[76.10273,11.67794],[76.10176,11.67802],[76.1014,11.67821],[76.10118,11.67873],[76.10095,11.68002],[76.10102,11.6806],[76.10121,11.68079],[76.10311,11.68102],[76.10327,11.68117],[76.10327,11.68156],[76.10313,11.68174],[76.10293,11.68176],[76.10191,11.6816],[76.10151,11.68169],[76.10121,11.68187],[76.10099,11.68244],[76.10067,11.68291],[76.10032,11.68289],[76.09977,11.68266],[76.09899,11.68354],[76.09876,11.68397],[76.09881,11.68422],[76.09906,11.68424],[76.09933,11.68408],[76.09978,11.68343],[76.10011,11.68329],[76.10056,11.6834],[76.10086,11.68388],[76.1009,11.68448],[76.10081,11.68473],[76.1,11.68512],[76.09991,11.68525],[76.1,11.68554],[76.10056,11.68629],[76.10085,11.6872],[76.10055,11.68749],[76.09986,11.68748],[76.09968,11.68761],[76.09924,11.68849],[76.09924,11.68865],[76.0995,11.68908],[76.10041,11.68968],[76.10045,11.68984],[76.10025,11.69038],[76.09969,11.69085],[76.09962,11.69103],[76.09962,11.69112],[76.10029,11.69155],[76.10027,11.69198],[76.10014,11.69211],[76.09959,11.69212],[76.09951,11.69243],[76.09964,11.6931],[76.09935,11.69358],[76.09944,11.69385],[76.1005,11.69417],[76.10142,11.69486],[76.10131,11.69525],[76.10065,11.69531],[76.10038,11.6961],[76.10018,11.69632],[76.09937,11.69606],[76.09897,11.69608],[76.09861,11.69633],[76.09854,11.69655],[76.0986,11.69695],[76.09959,11.69749],[76.09948,11.69804],[76.09912,11.69828],[76.09914,11.69851],[76.09946,11.69875],[76.09951,11.69894],[76.09919,11.69941],[76.09924,11.69966],[76.09951,11.69988],[76.10045,11.70033],[76.10058,11.70053],[76.10081,11.7018],[76.1007,11.70213],[76.10041,11.70251],[76.10005,11.70279],[76.09978,11.70321],[76.0996,11.7038],[76.09939,11.70497],[76.10016,11.70601],[76.10029,11.70633],[76.09961,11.70694],[76.09949,11.70758],[76.09964,11.7078],[76.1003,11.70786],[76.10058,11.70821],[76.10073,11.70868],[76.10074,11.70914],[76.10067,11.70947],[76.1004,11.70982],[76.10043,11.71003],[76.10073,11.71024],[76.10128,11.71035],[76.10152,11.71061],[76.10178,11.71045],[76.10212,11.71057],[76.10221,11.71073],[76.1022,11.71145],[76.10237,11.71175],[76.1032,11.71166],[76.10398,11.71129],[76.1041,11.71103],[76.10411,11.70987],[76.10429,11.70941],[76.10476,11.70883],[76.10561,11.70832],[76.10632,11.70741],[76.1068,11.7066],[76.10699,11.70656],[76.10735,11.70685],[76.10754,11.70687],[76.10764,11.70669],[76.10751,11.70639],[76.10763,11.70621],[76.10861,11.70635],[76.10874,11.706],[76.10899,11.70578],[76.1098,11.70577],[76.11016,11.70563],[76.11074,11.70583],[76.11092,11.70581],[76.11115,11.70497],[76.11143,11.70457],[76.11229,11.70421],[76.11288,11.70372],[76.11316,11.70382],[76.11372,11.70444],[76.11496,11.70446],[76.11523,11.70519],[76.11543,11.70534],[76.11567,11.70487],[76.1162,11.70431],[76.11658,11.70425],[76.11743,11.70458],[76.11778,11.70404],[76.11806,11.7038],[76.11828,11.70387],[76.11866,11.70425],[76.11921,11.70414],[76.11977,11.7042],[76.1199,11.70335],[76.12031,11.70282],[76.12063,11.70277],[76.12117,11.70311],[76.12152,11.70312],[76.12164,11.70293],[76.12147,11.70226],[76.1221,11.7013],[76.12159,11.70099],[76.12146,11.70071],[76.12198,11.70025],[76.12213,11.69993],[76.12147,11.6994],[76.12144,11.69923],[76.12167,11.69922],[76.12172,11.69914],[76.12146,11.69898],[76.12138,11.6987],[76.12144,11.69851],[76.12185,11.69805],[76.1225,11.69748],[76.12264,11.69701],[76.12287,11.69681],[76.12314,11.69683],[76.12331,11.69749],[76.1236,11.69792],[76.124,11.69774],[76.125,11.69788],[76.1256,11.69764],[76.12592,11.69772],[76.12638,11.69767],[76.12707,11.69695],[76.12778,11.69668],[76.12804,11.69614],[76.1283,11.69601],[76.12884,11.69595],[76.12963,11.69507],[76.13001,11.69506],[76.13045,11.69482],[76.13107,11.69473],[76.13121,11.69459],[76.13113,11.69432],[76.13119,11.69415],[76.13163,11.69394],[76.13169,11.69361],[76.132,11.69347],[76.13246,11.69357],[76.13358,11.6943],[76.13467,11.69436],[76.13575,11.69461],[76.13618,11.69483],[76.13721,11.69584],[76.13757,11.69608],[76.13789,11.69605],[76.13831,11.69581],[76.13849,11.69581],[76.1388,11.69607],[76.13949,11.69608],[76.13968,11.69624],[76.14003,11.69631],[76.13974,11.69637],[76.13944,11.6962],[76.13893,11.69622],[76.1384,11.69592],[76.13805,11.69615],[76.13745,11.69616],[76.13644,11.69517],[76.13579,11.69474],[76.13493,11.69449],[76.13338,11.69433],[76.13244,11.69369],[76.13186,11.6936],[76.13168,11.694],[76.13128,11.69422],[76.13131,11.69454],[76.13116,11.69476],[76.13052,11.69491],[76.13002,11.69521],[76.12963,11.6952],[76.12931,11.69571],[76.12868,11.69613],[76.12822,11.69613],[76.128,11.69634],[76.1279,11.69669],[76.1272,11.69697],[76.12646,11.69774],[76.12605,11.69782],[76.12551,11.69778],[76.12525,11.69794],[76.12494,11.69799],[76.12437,11.69783],[76.12405,11.69784],[76.12365,11.698],[76.12341,11.69787],[76.1233,11.69768],[76.12307,11.69697],[76.12277,11.69702],[76.12253,11.69757],[76.12151,11.69865],[76.12154,11.69893],[76.12177,11.69899],[76.12184,11.6991],[76.1216,11.69945],[76.12217,11.69977],[76.12226,11.69993],[76.12205,11.70037],[76.12157,11.7007],[76.12169,11.70099],[76.12206,11.70108],[76.12228,11.70124],[76.12158,11.70222],[76.12155,11.70245],[76.12176,11.703],[76.1216,11.70321],[76.12136,11.70323],[76.1207,11.70288],[76.12033,11.70292],[76.11998,11.70346],[76.11999,11.70369],[76.11989,11.7038],[76.11991,11.70432],[76.1198,11.70437],[76.11922,11.70424],[76.11893,11.70434],[76.11855,11.70433],[76.11809,11.70393],[76.11745,11.70474],[76.11681,11.70443],[76.11621,11.70444],[76.11579,11.70489],[76.11557,11.70547],[76.11532,11.70554],[76.1152,11.70549],[76.11487,11.7046],[76.11359,11.70458],[76.11333,11.70423],[76.11291,11.70389],[76.11244,11.7043],[76.11147,11.7047],[76.1112,11.7052],[76.11112,11.70576],[76.11097,11.70593],[76.11076,11.70596],[76.11025,11.70571],[76.10982,11.70587],[76.10915,11.70583],[76.10888,11.70595],[76.10883,11.70626],[76.10868,11.70642],[76.1077,11.70637],[76.10762,11.70651],[76.1078,11.70675],[76.10779,11.7069],[76.10767,11.70698],[76.10743,11.70701],[76.10722,11.70695],[76.10704,11.70675],[76.10686,11.70675],[76.10568,11.70845],[76.10486,11.70895],[76.10438,11.70948],[76.10421,11.71003],[76.10422,11.71109],[76.10402,11.71141],[76.10323,11.71179],[76.10244,11.71187],[76.10243,11.71291],[76.10259,11.71322],[76.10327,11.7138],[76.10365,11.7143],[76.10369,11.71517],[76.10351,11.71606],[76.1019,11.71715],[76.10157,11.71755],[76.10143,11.7179],[76.1015,11.71845],[76.1022,11.71901],[76.10241,11.71931],[76.10238,11.71968],[76.10182,11.72034],[76.10183,11.7205],[76.10249,11.72152],[76.10248,11.72202],[76.10225,11.72237],[76.10165,11.72274],[76.10098,11.72264],[76.10077,11.72244],[76.10056,11.72202],[76.10028,11.72202],[76.09994,11.72223],[76.09981,11.72317],[76.09933,11.72362],[76.09932,11.724],[76.09955,11.72454],[76.09956,11.72486],[76.09946,11.72535],[76.09916,11.72579],[76.09903,11.72631],[76.09869,11.7264],[76.09795,11.72625],[76.09788,11.72638],[76.09792,11.72734],[76.09824,11.72797],[76.0982,11.72876],[76.09806,11.72886],[76.0975,11.72883],[76.09666,11.72808],[76.09653,11.72809],[76.09592,11.7291],[76.09615,11.73015],[76.0961,11.73059],[76.09544,11.7306],[76.09443,11.73016],[76.09409,11.73015],[76.09405,11.73037],[76.09415,11.73062],[76.09444,11.73101],[76.09489,11.73136],[76.09457,11.73235],[76.09437,11.73253],[76.09399,11.73256],[76.09388,11.73247],[76.09367,11.73189],[76.09322,11.73145],[76.09289,11.73154],[76.0925,11.73203],[76.0919,11.73198],[76.09193,11.73218],[76.0922,11.73245],[76.09252,11.73269],[76.09279,11.7327],[76.09333,11.73329],[76.09316,11.73392],[76.09276,11.73422],[76.09242,11.7347],[76.0921,11.7347],[76.09161,11.73434],[76.09129,11.7344],[76.09073,11.73489],[76.09046,11.73572],[76.09013,11.736],[76.08978,11.73604],[76.08896,11.73574],[76.08887,11.73618],[76.08865,11.73621],[76.08816,11.73559],[76.08802,11.73558],[76.08792,11.73586],[76.08797,11.73623],[76.08855,11.73683],[76.08856,11.73702],[76.0884,11.73716],[76.08804,11.73711],[76.08739,11.7368],[76.08682,11.73671],[76.08663,11.73641],[76.08656,11.73599],[76.08593,11.73574],[76.08553,11.73479],[76.08542,11.73478],[76.08472,11.73558],[76.08454,11.73562],[76.08426,11.73544],[76.08418,11.73568],[76.08492,11.73631],[76.08515,11.737],[76.08569,11.7375],[76.0861,11.73755],[76.08611,11.73777],[76.08585,11.73792],[76.08544,11.73781],[76.08515,11.73786],[76.08494,11.73847],[76.08414,11.73889],[76.08379,11.73889],[76.08347,11.73865],[76.08329,11.73829],[76.08327,11.73754],[76.08355,11.73714],[76.08382,11.73713],[76.08414,11.73743],[76.08433,11.73744],[76.08441,11.73724],[76.08387,11.73655],[76.08305,11.73644],[76.08286,11.73612],[76.0827,11.73551],[76.08252,11.73546],[76.08235,11.73553],[76.08205,11.73587],[76.08163,11.73615],[76.08116,11.73676],[76.08049,11.7369],[76.08075,11.73723],[76.08065,11.73758],[76.08084,11.73768],[76.08115,11.73764],[76.08189,11.73721],[76.08245,11.73728],[76.08248,11.73802],[76.08229,11.7384],[76.08231,11.73901],[76.08202,11.73957],[76.08132,11.74008],[76.08108,11.74037],[76.08066,11.74043],[76.08015,11.74012],[76.07963,11.73952],[76.07961,11.73926],[76.07979,11.73889],[76.08006,11.73864],[76.08005,11.73852],[76.07977,11.73832],[76.07957,11.73832],[76.07909,11.73855],[76.0786,11.7385],[76.07822,11.739],[76.07815,11.73925],[76.07834,11.74029],[76.07822,11.74124],[76.07799,11.74179],[76.07774,11.74206],[76.07746,11.74212],[76.07699,11.74201],[76.07671,11.74164],[76.07643,11.74166],[76.07645,11.74215],[76.07656,11.74253],[76.07667,11.74259],[76.07901,11.74178],[76.07924,11.74176],[76.0796,11.7419],[76.08032,11.74231],[76.0807,11.74274],[76.08109,11.74385],[76.08107,11.74449],[76.08086,11.74472],[76.08028,11.74489],[76.07919,11.74487],[76.07865,11.7451],[76.07819,11.74548],[76.07767,11.74632],[76.07755,11.74757],[76.07769,11.74839],[76.07879,11.74858],[76.07917,11.74899],[76.08144,11.75062],[76.08179,11.75101],[76.08195,11.75153],[76.08192,11.7518],[76.08165,11.75245],[76.08121,11.75275],[76.08064,11.7528],[76.07919,11.75244],[76.07861,11.75246],[76.07825,11.75258],[76.07778,11.75333],[76.07764,11.75445],[76.07781,11.75489],[76.07842,11.75532],[76.07937,11.75658],[76.08022,11.75808],[76.08125,11.75956],[76.08213,11.7615],[76.08234,11.76251],[76.08224,11.7634],[76.08118,11.76527],[76.08112,11.76563],[76.08112,11.76619],[76.08124,11.76669],[76.08182,11.76757],[76.08187,11.76799],[76.08223,11.76788],[76.08241,11.76763],[76.0821,11.76661],[76.08212,11.76595],[76.08237,11.76544],[76.08285,11.76537],[76.08316,11.76563],[76.08351,11.7657],[76.08382,11.76598],[76.08398,11.76628],[76.08401,11.76658],[76.08439,11.76704],[76.08461,11.76762],[76.08538,11.76829],[76.0864,11.76869],[76.08747,11.76878],[76.08785,11.76861],[76.0882,11.76861],[76.08836,11.76878],[76.08843,11.76926],[76.08881,11.76959],[76.0891,11.76956],[76.08907,11.76898],[76.0894,11.76885],[76.08942,11.76863],[76.08877,11.76814],[76.08851,11.7678],[76.0885,11.7675],[76.0886,11.76736],[76.08894,11.76732],[76.08923,11.76756],[76.09003,11.76758],[76.09051,11.76774],[76.09071,11.76789],[76.09075,11.76844],[76.09084,11.7685],[76.09122,11.76844],[76.09164,11.7681],[76.0918,11.76807],[76.0919,11.76818],[76.0922,11.76927],[76.09201,11.76951],[76.09203,11.76963],[76.09238,11.76971],[76.09243,11.76993],[76.09291,11.77059],[76.09339,11.77066],[76.09361,11.77108],[76.09402,11.77104],[76.09425,11.77128],[76.09441,11.77125],[76.09429,11.77016],[76.09395,11.7699],[76.09393,11.76973],[76.09397,11.76959],[76.09412,11.76953],[76.0949,11.76949],[76.09546,11.7701],[76.09567,11.77018],[76.09578,11.77015],[76.09603,11.7695],[76.0964,11.76933],[76.09655,11.76947],[76.09666,11.76983],[76.09689,11.76991],[76.09709,11.77029],[76.09724,11.77034],[76.09729,11.77023],[76.0972,11.77014],[76.09714,11.76959],[76.09728,11.76939],[76.09761,11.76929],[76.09856,11.77015],[76.09874,11.77015],[76.09895,11.76996],[76.09935,11.77007],[76.09955,11.76986],[76.0996,11.76966],[76.09925,11.76925],[76.09928,11.76855],[76.09935,11.76932],[76.09969,11.76961],[76.09969,11.76978],[76.09946,11.77014],[76.09897,11.77008],[76.09885,11.77027],[76.09865,11.7703],[76.09756,11.76939],[76.09739,11.76941],[76.09724,11.76964],[76.09727,11.77003],[76.09743,11.77032],[76.09729,11.77046],[76.09707,11.77044],[76.09683,11.77001],[76.09651,11.76995],[76.09652,11.76962],[76.09643,11.76946],[76.09631,11.76946],[76.09605,11.76968],[76.09587,11.77015],[76.09566,11.77031],[76.09544,11.77026],[76.09483,11.76958],[76.09412,11.76962],[76.09399,11.76981],[76.09436,11.77012],[76.09453,11.77096],[76.09448,11.77131],[76.09429,11.77138],[76.09394,11.77112],[76.09356,11.77114],[76.09335,11.77083],[76.09293,11.7707],[76.0925,11.77025],[76.09232,11.76978],[76.09188,11.76962],[76.09188,11.76945],[76.09212,11.76931],[76.09189,11.76882],[76.0918,11.76819],[76.09161,11.76821],[76.09129,11.7685],[76.09074,11.76859],[76.09062,11.76848],[76.09071,11.76811],[76.09057,11.76791],[76.09023,11.76778],[76.08915,11.76771],[76.08881,11.76748],[76.08866,11.76753],[76.08856,11.76779],[76.08869,11.768],[76.08954,11.76854],[76.08945,11.76894],[76.08918,11.76905],[76.08918,11.76957],[76.08903,11.76968],[76.08877,11.76969],[76.0883,11.76936],[76.08819,11.76875],[76.08806,11.76867],[76.08783,11.76869],[76.08755,11.76891],[76.08631,11.76878],[76.08514,11.76827],[76.08447,11.7677],[76.08435,11.76718],[76.08393,11.76673],[76.0839,11.76626],[76.08363,11.76589],[76.08263,11.7655],[76.08235,11.76563],[76.08217,11.76623],[76.08222,11.7667],[76.0825,11.76742],[76.08243,11.76779],[76.08233,11.76792],[76.08188,11.76809],[76.08186,11.76847],[76.08138,11.76904],[76.07914,11.77015],[76.07847,11.77024],[76.07819,11.77008],[76.07714,11.76879],[76.07677,11.76855],[76.07618,11.76852],[76.07519,11.76901],[76.07417,11.77017],[76.0737,11.77038],[76.07198,11.77172],[76.07069,11.77199],[76.06981,11.7723],[76.06955,11.77266],[76.06947,11.77333],[76.06997,11.77607],[76.07027,11.77712],[76.07038,11.77812],[76.07162,11.78073],[76.07281,11.78173],[76.07349,11.78266],[76.07371,11.78325],[76.07378,11.78435],[76.07308,11.78746],[76.0731,11.78884],[76.07373,11.78977],[76.07396,11.79037],[76.07539,11.79182],[76.07642,11.79313],[76.07719,11.79434],[76.07742,11.79492],[76.07747,11.79533],[76.07737,11.79593],[76.07625,11.798],[76.07601,11.79864],[76.07595,11.79927],[76.07648,11.80043],[76.0765,11.80069],[76.0774,11.80174],[76.07809,11.8028],[76.07835,11.80471],[76.07861,11.80526],[76.07944,11.80604],[76.08048,11.80745],[76.08152,11.80771],[76.08192,11.80772],[76.08468,11.8065],[76.0853,11.8061],[76.08574,11.80557],[76.08602,11.80497],[76.08676,11.80423],[76.08744,11.804],[76.0881,11.80401],[76.08959,11.8047],[76.09034,11.8047],[76.09093,11.80543],[76.09143,11.80555],[76.09203,11.80594],[76.09319,11.80596],[76.09375,11.80614],[76.09435,11.80606],[76.09464,11.80619],[76.09503,11.80666],[76.09599,11.80695],[76.09631,11.80734],[76.09644,11.80801],[76.09575,11.80898],[76.09573,11.8094],[76.09599,11.80996],[76.09605,11.81045],[76.0962,11.81077],[76.09617,11.81104],[76.09591,11.8115],[76.09608,11.81178],[76.09595,11.81226],[76.09611,11.81259],[76.09658,11.81514],[76.09633,11.81598],[76.09652,11.81781],[76.09641,11.81832],[76.09537,11.81969],[76.09521,11.8202],[76.09512,11.82179],[76.09554,11.82525],[76.09539,11.82626],[76.09515,11.82701],[76.09474,11.82784],[76.09457,11.82855],[76.09468,11.82896],[76.09512,11.8293],[76.09536,11.82963],[76.09573,11.83149],[76.09595,11.83191],[76.09654,11.83238],[76.09722,11.83258],[76.09762,11.83329],[76.09821,11.83346],[76.09843,11.83363],[76.09902,11.83449],[76.0994,11.8348],[76.10007,11.8359],[76.10049,11.83633],[76.10246,11.83732],[76.1041,11.83835],[76.10501,11.83835],[76.10603,11.83861],[76.10871,11.83865],[76.10912,11.83868],[76.10931,11.83885],[76.10952,11.83888],[76.10999,11.83881],[76.11089,11.83891],[76.11243,11.83843],[76.11317,11.83869],[76.11362,11.83903],[76.11417,11.8391],[76.11476,11.83948],[76.11629,11.84018],[76.11649,11.84019],[76.11707,11.83976],[76.11737,11.83967],[76.11884,11.83996],[76.11919,11.84012],[76.11954,11.84046],[76.11949,11.84082],[76.11922,11.84114],[76.1185,11.8413],[76.11844,11.84185],[76.11867,11.84232],[76.11964,11.84287],[76.12132,11.84333],[76.12259,11.84341],[76.12302,11.84369],[76.12314,11.84429],[76.12309,11.84484],[76.12296,11.84521],[76.12261,11.84568],[76.12253,11.84607],[76.12271,11.84693],[76.12313,11.84744],[76.1235,11.84823],[76.12421,11.8486],[76.12626,11.84902],[76.12898,11.85026],[76.12978,11.85035],[76.13078,11.85074],[76.13395,11.85255],[76.13438,11.85291],[76.13512,11.85384],[76.1358,11.85542],[76.13661,11.85647],[76.1372,11.85691],[76.13792,11.85702],[76.1385,11.85747],[76.13934,11.85779],[76.14027,11.85829],[76.14067,11.85866],[76.1412,11.85889],[76.14163,11.85935],[76.14247,11.85989],[76.14276,11.86026],[76.14336,11.86146],[76.14356,11.86211],[76.14389,11.86245],[76.14457,11.86289],[76.14571,11.86468],[76.14647,11.8655],[76.14677,11.86565],[76.14706,11.86567],[76.14944,11.86504],[76.15064,11.86533],[76.1517,11.86575],[76.15289,11.86661],[76.15482,11.86727],[76.15534,11.86729],[76.15573,11.86742],[76.15604,11.86764],[76.15706,11.8688],[76.15742,11.86909],[76.15776,11.8692],[76.15897,11.8691],[76.16113,11.86841],[76.16238,11.86771],[76.16288,11.86719],[76.16354,11.86673],[76.16463,11.86628],[76.16594,11.86589],[76.16713,11.86631],[76.16783,11.86671],[76.1692,11.86722],[76.17048,11.86816],[76.17121,11.86852],[76.1719,11.86911],[76.17408,11.86976],[76.17552,11.86981],[76.17657,11.86968],[76.17728,11.86947],[76.1781,11.86899],[76.17931,11.86874],[76.18004,11.8687],[76.18299,11.86888],[76.18393,11.86921],[76.18531,11.86996],[76.18708,11.87022],[76.18764,11.87018],[76.18966,11.87037],[76.19078,11.87008],[76.19189,11.86958],[76.1939,11.86831],[76.19434,11.86792],[76.19503,11.86771],[76.19678,11.8666],[76.19719,11.86646],[76.19841,11.86537],[76.19942,11.86488],[76.19951,11.86468],[76.20051,11.86362],[76.2011,11.86224],[76.20114,11.86185],[76.20096,11.86156],[76.20055,11.86137],[76.19975,11.8614],[76.19932,11.86129],[76.19902,11.8605],[76.1993,11.86031],[76.19967,11.86063],[76.20003,11.86073],[76.20046,11.86058],[76.20065,11.85981],[76.20096,11.85948],[76.2013,11.85945],[76.2012,11.86072],[76.20123,11.86093],[76.20144,11.86107],[76.2018,11.86104],[76.20337,11.8604],[76.20439,11.86027],[76.2068,11.86032],[76.20829,11.86037]],[[76.12254,11.84898],[76.12203,11.84859],[76.12152,11.84857],[76.12127,11.84841],[76.12051,11.84779],[76.12006,11.84698],[76.11982,11.84677],[76.11945,11.84681],[76.11925,11.8467],[76.11893,11.8463],[76.11887,11.84637],[76.11884,11.84662],[76.11904,11.84717],[76.11929,11.84745],[76.12027,11.84779],[76.12052,11.84803],[76.12079,11.84859],[76.12094,11.84871],[76.1216,11.84906],[76.12221,11.84894],[76.12277,11.84948],[76.12303,11.84953],[76.12273,11.84923],[76.12254,11.84898]],[[76.12132,11.84752],[76.12119,11.84745],[76.1211,11.84751],[76.12314,11.84942],[76.12329,11.84952],[76.12363,11.84953],[76.12376,11.84942],[76.12305,11.84909],[76.12193,11.84791],[76.12157,11.84773],[76.12148,11.84758],[76.12132,11.84752]],[[76.12212,11.84752],[76.12126,11.84585],[76.12116,11.84546],[76.12087,11.84513],[76.11982,11.84461],[76.11942,11.84456],[76.1189,11.84478],[76.11854,11.84456],[76.11839,11.84428],[76.11771,11.84406],[76.11714,11.8441],[76.11672,11.84436],[76.11672,11.84451],[76.117,11.84479],[76.11704,11.84514],[76.11745,11.8451],[76.11812,11.84533],[76.11886,11.84595],[76.11943,11.84659],[76.12015,11.84674],[76.12093,11.84726],[76.12167,11.84747],[76.12284,11.84875],[76.12331,11.84907],[76.12362,11.84904],[76.1235,11.84897],[76.12331,11.84841],[76.12254,11.84793],[76.12212,11.84752]],[[76.12277,11.84422],[76.12266,11.84373],[76.1225,11.84354],[76.12206,11.84354],[76.12133,11.84374],[76.12107,11.84371],[76.12077,11.84335],[76.12032,11.84332],[76.11993,11.84312],[76.11913,11.84303],[76.11899,11.84325],[76.11942,11.8437],[76.11976,11.84391],[76.12074,11.84413],[76.12217,11.8453],[76.1223,11.84561],[76.12245,11.84557],[76.12269,11.84528],[76.1228,11.84453],[76.12277,11.84422]],[[76.119,11.84302],[76.11903,11.84293],[76.11846,11.84255],[76.11816,11.84166],[76.11819,11.84134],[76.11835,11.84107],[76.11882,11.84112],[76.11921,11.84078],[76.11926,11.84068],[76.11917,11.84045],[76.1189,11.84025],[76.1181,11.83996],[76.11741,11.83986],[76.11701,11.84012],[76.1168,11.84043],[76.11658,11.84048],[76.11609,11.84039],[76.11541,11.84014],[76.11469,11.83957],[76.11323,11.83898],[76.11304,11.83873],[76.11237,11.83868],[76.11223,11.83859],[76.1118,11.83879],[76.11185,11.83895],[76.11261,11.83898],[76.11343,11.83923],[76.11388,11.83948],[76.11412,11.83991],[76.115,11.84043],[76.11517,11.8407],[76.11604,11.84102],[76.11626,11.8415],[76.11652,11.84168],[76.11696,11.84177],[76.11728,11.842],[76.11762,11.84209],[76.1178,11.84225],[76.1179,11.84262],[76.11809,11.84285],[76.11877,11.84312],[76.119,11.84302]],[[76.11001,11.83911],[76.11071,11.83891],[76.11002,11.83886],[76.10956,11.83896],[76.10928,11.83893],[76.10908,11.83876],[76.10889,11.83873],[76.10678,11.83875],[76.10687,11.83887],[76.10778,11.83897],[76.10813,11.83912],[76.10973,11.83913],[76.11001,11.83911]],[[76.10519,11.83851],[76.1049,11.83846],[76.10461,11.83865],[76.10461,11.83877],[76.10471,11.83885],[76.1054,11.83889],[76.1077,11.83933],[76.10778,11.83927],[76.10759,11.83906],[76.10537,11.83858],[76.10519,11.83851]],[[76.10289,11.83858],[76.1039,11.83856],[76.10404,11.83847],[76.1028,11.83779],[76.10226,11.83733],[76.10178,11.83711],[76.10146,11.83712],[76.10141,11.83735],[76.10184,11.83752],[76.10223,11.83826],[76.10251,11.83834],[76.10261,11.83857],[76.10275,11.83861],[76.10289,11.83858]],[[76.10007,11.83659],[76.09978,11.83652],[76.09968,11.83662],[76.10017,11.83693],[76.10046,11.83724],[76.10085,11.83735],[76.10088,11.83713],[76.10039,11.83676],[76.10007,11.83659]],[[76.09901,11.83657],[76.09919,11.83645],[76.09828,11.83617],[76.09777,11.83615],[76.09761,11.83627],[76.09776,11.83649],[76.09812,11.83658],[76.09897,11.8366],[76.09901,11.83657]],[[76.09975,11.83633],[76.09933,11.83608],[76.09876,11.83525],[76.09793,11.83493],[76.09711,11.83433],[76.09628,11.83315],[76.09627,11.83332],[76.0965,11.83371],[76.09669,11.83481],[76.09686,11.83494],[76.0969,11.8353],[76.09711,11.83548],[76.09721,11.8358],[76.09848,11.83604],[76.09882,11.83621],[76.09971,11.83642],[76.09975,11.83633]],[[76.09715,11.83287],[76.09699,11.83273],[76.09642,11.83263],[76.09627,11.83274],[76.09717,11.83421],[76.09808,11.83486],[76.09885,11.83511],[76.09963,11.83617],[76.10002,11.83631],[76.10009,11.83622],[76.09966,11.83554],[76.09934,11.83531],[76.09929,11.83497],[76.09823,11.83379],[76.09731,11.83337],[76.09719,11.83299],[76.09715,11.83287]],[[76.09391,11.82869],[76.09385,11.82865],[76.09357,11.82901],[76.09341,11.82986],[76.09428,11.83177],[76.09465,11.83222],[76.09525,11.83257],[76.09595,11.8327],[76.09541,11.83242],[76.09486,11.83194],[76.09413,11.83086],[76.09396,11.8304],[76.09386,11.82958],[76.09396,11.82884],[76.09391,11.82869]],[[76.09265,11.82878],[76.09328,11.8285],[76.09407,11.8279],[76.09442,11.82745],[76.09451,11.82718],[76.09464,11.82412],[76.09479,11.82284],[76.09436,11.82017],[76.09453,11.81972],[76.09549,11.81877],[76.09587,11.81827],[76.09604,11.81774],[76.09584,11.81567],[76.09612,11.81433],[76.09599,11.81409],[76.09532,11.81358],[76.09448,11.81203],[76.09457,11.81127],[76.09421,11.81023],[76.09433,11.80906],[76.09485,11.80793],[76.0948,11.80734],[76.0946,11.8069],[76.09439,11.80675],[76.09296,11.8064],[76.09158,11.80623],[76.09086,11.80583],[76.09015,11.80563],[76.08939,11.80508],[76.08854,11.80484],[76.08772,11.80438],[76.08736,11.80438],[76.08715,11.80444],[76.08685,11.80472],[76.08596,11.80627],[76.08598,11.80652],[76.08665,11.80718],[76.08665,11.80746],[76.08631,11.80798],[76.08633,11.80827],[76.08661,11.80878],[76.08649,11.81094],[76.08662,11.81143],[76.08694,11.81169],[76.08749,11.81178],[76.08829,11.81165],[76.08926,11.81133],[76.09001,11.81152],[76.09099,11.81217],[76.09146,11.81262],[76.09187,11.81336],[76.09206,11.81406],[76.09224,11.81684],[76.09151,11.81868],[76.09142,11.81921],[76.09153,11.82016],[76.09148,11.82098],[76.09108,11.82207],[76.09023,11.8237],[76.08906,11.825],[76.08882,11.82532],[76.08872,11.82568],[76.08871,11.8262],[76.08884,11.8265],[76.08965,11.8269],[76.08997,11.82791],[76.09035,11.82855],[76.08988,11.83134],[76.08984,11.83224],[76.08995,11.83249],[76.09027,11.83275],[76.09138,11.83337],[76.09234,11.8335],[76.09389,11.83432],[76.09482,11.83558],[76.09504,11.83573],[76.09563,11.83578],[76.09636,11.83621],[76.09747,11.83615],[76.09695,11.83571],[76.09658,11.83511],[76.09605,11.83322],[76.09584,11.83294],[76.09497,11.83263],[76.09437,11.83227],[76.09357,11.83087],[76.09354,11.83051],[76.09341,11.83036],[76.09296,11.8304],[76.09277,11.83025],[76.09241,11.8293],[76.0925,11.82893],[76.09265,11.82878]],[[76.09503,11.82639],[76.09516,11.82603],[76.09512,11.82574],[76.09525,11.82523],[76.09502,11.8238],[76.09483,11.82417],[76.09495,11.82443],[76.09486,11.8247],[76.09499,11.82497],[76.09492,11.82523],[76.09508,11.82539],[76.09505,11.82559],[76.09483,11.82587],[76.09502,11.82626],[76.09499,11.82635],[76.09483,11.82638],[76.09493,11.82647],[76.09492,11.82669],[76.095,11.8265],[76.09503,11.82639]],[[76.09528,11.80914],[76.09521,11.80901],[76.09471,11.80925],[76.09441,11.80984],[76.09469,11.81104],[76.09463,11.81196],[76.09504,11.81283],[76.09556,11.81357],[76.09583,11.81383],[76.09602,11.81385],[76.09583,11.81287],[76.09583,11.81237],[76.09567,11.81196],[76.09571,11.81132],[76.09558,11.81089],[76.09541,11.80945],[76.09528,11.80914]],[[76.09572,11.80872],[76.09605,11.80814],[76.09628,11.80797],[76.09612,11.80734],[76.09599,11.80716],[76.09561,11.80743],[76.09578,11.80795],[76.09575,11.80822],[76.09526,11.80866],[76.09538,11.80882],[76.09563,11.80879],[76.09572,11.80872]],[[76.09543,11.80841],[76.09561,11.80808],[76.09538,11.80738],[76.09569,11.80722],[76.0957,11.80701],[76.09541,11.80686],[76.09516,11.80688],[76.09508,11.80705],[76.09531,11.80828],[76.09497,11.80847],[76.0951,11.80854],[76.09534,11.80848],[76.09543,11.80841]],[[76.09296,11.82891],[76.09285,11.82891],[76.09277,11.8291],[76.09274,11.82962],[76.09278,11.8299],[76.09296,11.83012],[76.09315,11.82977],[76.09332,11.82912],[76.09319,11.82897],[76.09296,11.82891]],[[76.09445,11.82897],[76.09428,11.82908],[76.09417,11.82936],[76.09426,11.8301],[76.09469,11.83133],[76.09543,11.8322],[76.09589,11.83233],[76.09517,11.83144],[76.09486,11.83081],[76.09465,11.83023],[76.09452,11.8291],[76.09445,11.82897]],[[76.09499,11.82949],[76.09491,11.8294],[76.09471,11.82958],[76.09523,11.83118],[76.09547,11.83162],[76.09564,11.83175],[76.09569,11.83153],[76.09509,11.82975],[76.09499,11.82949]],[[76.10365,11.83904],[76.10375,11.83887],[76.10326,11.83865],[76.10273,11.83891],[76.1032,11.83917],[76.10359,11.83907],[76.10365,11.83904]],[[76.11349,11.84122],[76.11445,11.84122],[76.11465,11.84114],[76.11468,11.84088],[76.11448,11.84047],[76.11382,11.83993],[76.11347,11.83949],[76.11301,11.83926],[76.11217,11.83903],[76.11076,11.83924],[76.11047,11.83947],[76.11036,11.8397],[76.11062,11.8399],[76.11093,11.84004],[76.11154,11.84007],[76.11217,11.84053],[76.11263,11.84105],[76.11304,11.84125],[76.11349,11.84122]],[[76.11698,11.84321],[76.1161,11.84218],[76.11598,11.84184],[76.116,11.84157],[76.11578,11.8413],[76.11516,11.84112],[76.11484,11.84087],[76.11473,11.84121],[76.11445,11.8415],[76.11446,11.84166],[76.11528,11.84207],[76.11533,11.84269],[76.11577,11.84284],[76.11596,11.8431],[76.11658,11.84318],[76.11691,11.84353],[76.11752,11.84377],[76.11712,11.84337],[76.11698,11.84321]],[[76.11666,11.84339],[76.11585,11.84334],[76.11509,11.8426],[76.11501,11.84225],[76.1145,11.84202],[76.11421,11.84171],[76.1143,11.84141],[76.11279,11.84127],[76.11248,11.8415],[76.11248,11.84161],[76.11261,11.84169],[76.11341,11.84198],[76.11417,11.84209],[76.11546,11.84389],[76.11589,11.84398],[76.1162,11.84421],[76.11709,11.84382],[76.11684,11.84355],[76.11666,11.84339]],[[76.1143,11.84271],[76.11398,11.84221],[76.11316,11.84214],[76.11323,11.84243],[76.11368,11.8425],[76.11396,11.84269],[76.11423,11.8435],[76.11459,11.84406],[76.11501,11.84419],[76.11545,11.8441],[76.11436,11.84294],[76.1143,11.84271]],[[76.11604,11.84425],[76.11564,11.84409],[76.11547,11.84425],[76.11655,11.84519],[76.11741,11.84562],[76.11794,11.84656],[76.11816,11.84658],[76.11858,11.84634],[76.11863,11.84624],[76.11791,11.84594],[76.11757,11.84541],[76.11708,11.8453],[76.11681,11.84514],[76.11649,11.84447],[76.11625,11.84439],[76.11604,11.84425]],[[76.11778,11.84534],[76.1177,11.8454],[76.11806,11.84584],[76.11867,11.84613],[76.118,11.84547],[76.11778,11.84534]],[[76.11884,11.84385],[76.11862,11.8438],[76.11848,11.84402],[76.11862,11.84427],[76.119,11.84455],[76.11932,11.84437],[76.11933,11.84426],[76.11898,11.84402],[76.11884,11.84385]],[[76.11841,11.84385],[76.11739,11.84239],[76.11723,11.84237],[76.11637,11.84178],[76.11612,11.84175],[76.11736,11.84346],[76.11769,11.84371],[76.11826,11.84382],[76.11841,11.84385]],[[76.11868,11.84314],[76.11853,11.84314],[76.11868,11.84357],[76.11898,11.84387],[76.1198,11.84412],[76.11985,11.84402],[76.11894,11.84346],[76.11877,11.84323],[76.11868,11.84314]],[[76.11832,11.84312],[76.11812,11.8431],[76.1181,11.84335],[76.11853,11.84375],[76.11858,11.84369],[76.11837,11.8433],[76.11832,11.84312]],[[76.07793,11.74246],[76.07703,11.74265],[76.07676,11.74288],[76.07672,11.74306],[76.07698,11.7431],[76.07745,11.74293],[76.07787,11.74252],[76.07793,11.74246]],[[75.95054,11.65398],[75.95052,11.65383],[75.95024,11.65363],[75.94993,11.65302],[75.94995,11.6525],[75.95025,11.65247],[75.95022,11.65304],[75.95031,11.65324],[75.95074,11.65374],[75.95105,11.65387],[75.95249,11.65374],[75.9531,11.65351],[75.95313,11.65336],[75.95263,11.65245],[75.95184,11.65209],[75.95106,11.6514],[75.95088,11.6514],[75.95031,11.65185],[75.95024,11.65207],[75.95006,11.6522],[75.94973,11.65166],[75.94964,11.65119],[75.94943,11.65106],[75.94932,11.65068],[75.94943,11.64991],[75.94925,11.64946],[75.94849,11.64903],[75.94784,11.6489],[75.94766,11.64896],[75.94721,11.64933],[75.94705,11.64962],[75.94694,11.65007],[75.94702,11.65041],[75.94761,11.65113],[75.94779,11.65167],[75.94837,11.65259],[75.94871,11.65291],[75.94968,11.65345],[75.9502,11.6539],[75.95045,11.65398],[75.95054,11.65398]],[[75.9427,11.64685],[75.94293,11.64653],[75.94297,11.6462],[75.94329,11.64602],[75.9436,11.64548],[75.94446,11.6453],[75.94493,11.64563],[75.94498,11.64557],[75.94515,11.64439],[75.94494,11.64397],[75.94421,11.64359],[75.94338,11.64381],[75.94299,11.6441],[75.94282,11.64433],[75.94302,11.64469],[75.94304,11.64568],[75.94297,11.64601],[75.9425,11.64649],[75.94243,11.64687],[75.94257,11.64687],[75.9427,11.64685]],[[75.93922,11.64381],[75.93994,11.6434],[75.94094,11.64325],[75.94081,11.64295],[75.94014,11.64263],[75.9399,11.64261],[75.93908,11.64319],[75.93888,11.64326],[75.93868,11.64317],[75.93859,11.64225],[75.93877,11.64024],[75.93897,11.64015],[75.93932,11.64037],[75.93961,11.6403],[75.93977,11.63992],[75.93977,11.63948],[75.93965,11.63895],[75.93908,11.63793],[75.93857,11.6375],[75.9381,11.63741],[75.9375,11.6377],[75.9373,11.63814],[75.9371,11.63834],[75.9364,11.63843],[75.93573,11.6387],[75.93577,11.63965],[75.93586,11.63996],[75.93647,11.64028],[75.93699,11.64142],[75.9371,11.64188],[75.93741,11.64223],[75.9375,11.64291],[75.93773,11.64359],[75.93802,11.6441],[75.9384,11.64431],[75.93877,11.64435],[75.93906,11.64395],[75.93922,11.64381]]]}},{"type":"Feature","properties":{"class":"Waterbody","fid":"4","landform":"Waterbody"},"geometry":{"type":"Polygon","coordinates":[[[76.4042,11.70826],[76.40389,11.70757],[76.40364,11.70726],[76.4034,11.70701],[76.40302,11.70682],[76.40282,11.70684],[76.40189,11.70749],[76.40158,11.70757],[76.40104,11.70761],[76.39947,11.70736],[76.39793,11.70764],[76.39733,11.70761],[76.39689,11.70719],[76.39653,11.70617],[76.39656,11.70556],[76.39679,11.70495],[76.39671,11.70462],[76.39648,11.70439],[76.39557,11.70395],[76.39476,11.70383],[76.39405,11.7038],[76.39333,11.70395],[76.39301,11.7039],[76.39293,11.7036],[76.39317,11.70256],[76.39291,11.70208],[76.3924,11.7017],[76.39228,11.70149],[76.39223,11.70037],[76.3924,11.70016],[76.39304,11.7],[76.39392,11.69995],[76.39459,11.70002],[76.39511,11.69992],[76.3953,11.69976],[76.39499,11.69885],[76.39452,11.69819],[76.39371,11.69763],[76.39298,11.69736],[76.39284,11.69724],[76.39251,11.69654],[76.39228,11.69544],[76.39263,11.69514],[76.393,11.69439],[76.39346,11.69413],[76.39301,11.6937],[76.39258,11.69351],[76.39202,11.69344],[76.39175,11.69321],[76.39156,11.69321],[76.3911,11.69346],[76.39065,11.69327],[76.38985,11.69324],[76.38975,11.69303],[76.38981,11.69289],[76.3901,11.69271],[76.3901,11.69257],[76.38993,11.69243],[76.38943,11.69235],[76.38935,11.69222],[76.38937,11.6919],[76.38921,11.69177],[76.38909,11.69182],[76.38895,11.69209],[76.38859,11.69223],[76.38852,11.69256],[76.38838,11.69266],[76.38806,11.69259],[76.38792,11.69216],[76.38782,11.69219],[76.38786,11.69258],[76.38766,11.69264],[76.38696,11.69212],[76.387,11.69178],[76.38753,11.69153],[76.3875,11.69139],[76.38728,11.69128],[76.38685,11.69144],[76.38652,11.69183],[76.38613,11.69207],[76.38512,11.69257],[76.38465,11.69259],[76.38428,11.69223],[76.38389,11.6923],[76.38314,11.69301],[76.38292,11.69382],[76.38273,11.69406],[76.38238,11.69415],[76.382,11.69406],[76.38166,11.69413],[76.38125,11.69473],[76.3807,11.69503],[76.37968,11.69506],[76.37899,11.69544],[76.37852,11.69553],[76.37834,11.69535],[76.37844,11.69501],[76.37791,11.69497],[76.37749,11.6946],[76.37717,11.69458],[76.37688,11.69464],[76.37611,11.69513],[76.37444,11.69535],[76.37395,11.69552],[76.37351,11.69586],[76.37312,11.69641],[76.37271,11.69678],[76.37199,11.69797],[76.37086,11.69902],[76.36903,11.70109],[76.36807,11.70151],[76.3673,11.70198],[76.36633,11.70233],[76.36578,11.70311],[76.36523,11.70352],[76.3645,11.70388],[76.36364,11.70405],[76.36252,11.70458],[76.36192,11.70457],[76.36118,11.70401],[76.36079,11.70341],[76.36001,11.7032],[76.35919,11.7028],[76.35883,11.70242],[76.35835,11.70168],[76.35802,11.70146],[76.35676,11.7011],[76.35501,11.70132],[76.35442,11.70098],[76.35385,11.70026],[76.35353,11.70012],[76.35326,11.70017],[76.35291,11.70052],[76.35234,11.70197],[76.35203,11.70244],[76.35171,11.70268],[76.35076,11.70306],[76.3496,11.70415],[76.34929,11.70481],[76.34875,11.70515],[76.34849,11.70579],[76.34837,11.70642],[76.34812,11.70673],[76.34763,11.70689],[76.34713,11.70689],[76.34644,11.70681],[76.34527,11.70644],[76.34474,11.70658],[76.34437,11.70699],[76.34409,11.70714],[76.34212,11.70703],[76.34104,11.70718],[76.34021,11.70707],[76.33986,11.70715],[76.33921,11.7089],[76.33855,11.70964],[76.33813,11.71034],[76.33809,11.71087],[76.33846,11.71152],[76.33835,11.7119],[76.33696,11.71289],[76.33553,11.71457],[76.33524,11.7148],[76.33482,11.71499],[76.33347,11.71533],[76.33077,11.71527],[76.32773,11.71465],[76.32644,11.71486],[76.32425,11.71467],[76.32318,11.71471],[76.32216,11.71508],[76.32126,11.71502],[76.3208,11.71523],[76.31989,11.71537],[76.31828,11.71534],[76.31741,11.71545],[76.31606,11.71545],[76.31575,11.71567],[76.31541,11.71565],[76.31511,11.71591],[76.31465,11.71588],[76.31399,11.71648],[76.31258,11.71722],[76.31162,11.71735],[76.31125,11.71751],[76.31097,11.71779],[76.31086,11.71813],[76.31055,11.71837],[76.31049,11.71874],[76.31035,11.71888],[76.30981,11.71881],[76.30931,11.71919],[76.30811,11.71882],[76.30599,11.71959],[76.30524,11.7201],[76.30499,11.72006],[76.30471,11.71978],[76.30435,11.71968],[76.30348,11.71972],[76.30331,11.71952],[76.30322,11.71906],[76.30293,11.7189],[76.30286,11.71869],[76.30254,11.7188],[76.30194,11.71881],[76.3014,11.719],[76.30106,11.71865],[76.30086,11.71859],[76.30064,11.71874],[76.29996,11.7187],[76.29989,11.71877],[76.30004,11.71906],[76.29987,11.71917],[76.29957,11.71915],[76.29932,11.71894],[76.29877,11.71915],[76.29859,11.71909],[76.29851,11.71929],[76.2984,11.71933],[76.29817,11.71914],[76.29752,11.71917],[76.29661,11.71978],[76.2956,11.72081],[76.29505,11.72151],[76.29524,11.72184],[76.2952,11.7221],[76.29499,11.72231],[76.29478,11.72227],[76.29457,11.72209],[76.29413,11.72201],[76.29358,11.72105],[76.2934,11.72091],[76.29279,11.72088],[76.29234,11.7207],[76.29086,11.72069],[76.29041,11.72021],[76.28982,11.72017],[76.28928,11.71991],[76.28877,11.71993],[76.28825,11.71981],[76.28764,11.72009],[76.28684,11.72022],[76.28666,11.72044],[76.2864,11.72054],[76.2863,11.72079],[76.28582,11.7211],[76.28274,11.72121],[76.28236,11.72142],[76.28169,11.72154],[76.27977,11.72124],[76.27832,11.72055],[76.27586,11.71989],[76.27481,11.7194],[76.27361,11.71908],[76.27275,11.71947],[76.27084,11.71985],[76.26981,11.72035],[76.27077,11.71983],[76.27269,11.71945],[76.27335,11.71911],[76.27376,11.71906],[76.27499,11.71943],[76.27573,11.7198],[76.27826,11.72049],[76.27974,11.72118],[76.28185,11.7215],[76.28237,11.72139],[76.28274,11.72117],[76.2858,11.72105],[76.28623,11.72079],[76.28638,11.7205],[76.28666,11.72039],[76.28683,11.72018],[76.28766,11.72003],[76.28812,11.71977],[76.28828,11.71977],[76.28876,11.71989],[76.28932,11.71987],[76.28974,11.72011],[76.29039,11.72015],[76.29079,11.72061],[76.29092,11.72065],[76.29243,11.72067],[76.29276,11.72082],[76.2935,11.72089],[76.29417,11.72199],[76.29459,11.72205],[76.29489,11.72226],[76.29508,11.7222],[76.29519,11.72195],[76.29516,11.72166],[76.29502,11.72159],[76.29501,11.72148],[76.2954,11.7211],[76.29565,11.72069],[76.29648,11.71983],[76.2974,11.71918],[76.29803,11.71909],[76.29841,11.7193],[76.29853,11.71906],[76.29884,11.7191],[76.29926,11.7189],[76.29962,11.71913],[76.2999,11.71913],[76.3,11.71905],[76.29985,11.71883],[76.2999,11.71869],[76.30061,11.71871],[76.30095,11.71855],[76.30138,11.71896],[76.30174,11.71882],[76.30254,11.71877],[76.30291,11.71865],[76.30296,11.71889],[76.30325,11.71903],[76.30336,11.71954],[76.30348,11.71966],[76.30448,11.71966],[76.30476,11.71975],[76.30501,11.72003],[76.30524,11.72005],[76.30609,11.7195],[76.30786,11.71894],[76.30811,11.71876],[76.3092,11.71914],[76.30939,11.71912],[76.30981,11.71878],[76.31017,11.71887],[76.31036,11.71882],[76.31052,11.71834],[76.31081,11.71813],[76.31091,11.71781],[76.3112,11.71749],[76.31155,11.71733],[76.31256,11.71719],[76.3139,11.71648],[76.31459,11.71587],[76.31507,11.71588],[76.31541,11.71561],[76.31572,11.71564],[76.31606,11.71541],[76.31753,11.7154],[76.31831,11.7153],[76.31984,11.71533],[76.32072,11.71521],[76.3213,11.71498],[76.32204,11.71506],[76.32236,11.715],[76.32315,11.71468],[76.32422,11.71464],[76.32622,11.71482],[76.32794,11.71464],[76.33076,11.71523],[76.33349,11.71528],[76.33475,11.71497],[76.33524,11.71475],[76.3369,11.71288],[76.33835,11.71182],[76.33841,11.71152],[76.33804,11.71084],[76.3381,11.71032],[76.33845,11.7097],[76.33917,11.70888],[76.33971,11.70724],[76.33985,11.7071],[76.34031,11.70702],[76.34112,11.70712],[76.34199,11.70699],[76.34409,11.70709],[76.34428,11.70701],[76.34472,11.70654],[76.34527,11.7064],[76.34651,11.70677],[76.34742,11.70685],[76.34796,11.70677],[76.3483,11.70648],[76.34854,11.70547],[76.34872,11.70511],[76.34928,11.70475],[76.34966,11.70401],[76.35074,11.70302],[76.35171,11.70264],[76.35197,11.70244],[76.35236,11.7018],[76.35289,11.70048],[76.35333,11.70009],[76.35358,11.70008],[76.35385,11.7002],[76.35447,11.70096],[76.35487,11.70124],[76.35532,11.70128],[76.3567,11.70106],[76.35818,11.7015],[76.35848,11.70176],[76.35893,11.70249],[76.35923,11.70278],[76.35995,11.70314],[76.36083,11.70338],[76.36122,11.704],[76.36195,11.70454],[76.36253,11.70455],[76.36375,11.70396],[76.36442,11.70385],[76.3653,11.70343],[76.36572,11.7031],[76.36622,11.70234],[76.36735,11.70192],[76.36803,11.70149],[76.36906,11.70102],[76.37083,11.699],[76.37183,11.69809],[76.3726,11.69685],[76.37315,11.69631],[76.37354,11.69576],[76.37419,11.69538],[76.37578,11.69519],[76.37695,11.69457],[76.37721,11.69454],[76.37755,11.69459],[76.37794,11.69493],[76.37851,11.695],[76.37851,11.69517],[76.37838,11.6953],[76.37844,11.69545],[76.37857,11.69549],[76.37897,11.6954],[76.3796,11.69504],[76.38073,11.69497],[76.38123,11.6947],[76.38155,11.69413],[76.38178,11.69403],[76.38255,11.69409],[76.38277,11.69394],[76.38314,11.69291],[76.3839,11.69224],[76.38432,11.6922],[76.38463,11.69254],[76.38519,11.6925],[76.38606,11.69207],[76.38713,11.69125],[76.38744,11.69128],[76.38758,11.69152],[76.38748,11.69167],[76.3871,11.69179],[76.38701,11.69206],[76.38762,11.69259],[76.38781,11.69255],[76.38775,11.6922],[76.38793,11.69209],[76.38802,11.69215],[76.38808,11.69253],[76.3884,11.6926],[76.38856,11.69216],[76.38887,11.69209],[76.38905,11.69179],[76.38926,11.69173],[76.3894,11.69183],[76.38945,11.69229],[76.39001,11.6924],[76.39017,11.69261],[76.39011,11.69279],[76.38981,11.69303],[76.38988,11.6932],[76.39067,11.69323],[76.39109,11.6934],[76.39168,11.69315],[76.39203,11.69341],[76.39278,11.69353],[76.39365,11.69402],[76.39358,11.6934],[76.39363,11.69329],[76.39397,11.69312],[76.39422,11.69264],[76.39413,11.6923],[76.39363,11.69175],[76.39274,11.69168],[76.392,11.6906],[76.3919,11.69007],[76.39198,11.68936],[76.39217,11.68924],[76.39263,11.6892],[76.39293,11.68896],[76.39284,11.68838],[76.3923,11.6875],[76.39232,11.68723],[76.39246,11.68709],[76.39242,11.68686],[76.39221,11.68672],[76.39102,11.68646],[76.39053,11.68625],[76.38963,11.68548],[76.38926,11.68528],[76.38718,11.68494],[76.38702,11.6845],[76.38714,11.68422],[76.38747,11.6841],[76.3883,11.68417],[76.38837,11.68403],[76.38831,11.68387],[76.38791,11.68352],[76.38737,11.68362],[76.38705,11.68354],[76.38669,11.68244],[76.3855,11.68154],[76.38467,11.68125],[76.38356,11.68111],[76.38284,11.68125],[76.38188,11.68181],[76.38148,11.68181],[76.38095,11.68105],[76.38053,11.68074],[76.38038,11.68002],[76.3801,11.67932],[76.37987,11.67901],[76.37936,11.67882],[76.37876,11.67883],[76.3783,11.67813],[76.3776,11.67801],[76.37654,11.67729],[76.37608,11.67715],[76.37456,11.67704],[76.37326,11.67715],[76.37238,11.67736],[76.372,11.67732],[76.37161,11.67763],[76.37145,11.67797],[76.37122,11.67803],[76.37065,11.67784],[76.3702,11.67755],[76.37004,11.67722],[76.37009,11.67674],[76.36938,11.67633],[76.3692,11.67637],[76.36901,11.67662],[76.36912,11.6771],[76.36903,11.67729],[76.36821,11.67766],[76.36768,11.67762],[76.36718,11.67734],[76.3666,11.67755],[76.3661,11.67748],[76.36545,11.67765],[76.36531,11.6775],[76.36509,11.6767],[76.36538,11.67626],[76.36533,11.67567],[76.36493,11.675],[76.36428,11.67458],[76.364,11.67461],[76.36339,11.67488],[76.36298,11.67494],[76.36263,11.67486],[76.36251,11.67443],[76.36273,11.6735],[76.36256,11.6725],[76.36181,11.67228],[76.36146,11.67268],[76.36121,11.67282],[76.36085,11.67287],[76.36065,11.6728],[76.36047,11.6726],[76.36043,11.67208],[76.36016,11.67165],[76.36012,11.67105],[76.35999,11.67106],[76.35962,11.67148],[76.3595,11.67143],[76.35944,11.67123],[76.35918,11.67128],[76.35898,11.67139],[76.35888,11.67172],[76.35873,11.67186],[76.35817,11.6719],[76.35783,11.67177],[76.35756,11.67129],[76.35734,11.67112],[76.35678,11.67118],[76.3562,11.67162],[76.35486,11.67183],[76.35458,11.67169],[76.35383,11.67101],[76.35352,11.67097],[76.35335,11.67117],[76.35331,11.67156],[76.35312,11.67179],[76.35295,11.67184],[76.35277,11.67165],[76.35265,11.67169],[76.35272,11.67231],[76.3526,11.67254],[76.3523,11.67254],[76.35197,11.67221],[76.35164,11.67215],[76.35057,11.67264],[76.34901,11.67289],[76.34838,11.6732],[76.34818,11.67374],[76.34785,11.67422],[76.34747,11.67457],[76.34718,11.67469],[76.3464,11.67462],[76.34532,11.67537],[76.34467,11.67523],[76.34401,11.67546],[76.34365,11.675],[76.34305,11.67476],[76.34215,11.67482],[76.34133,11.67529],[76.34084,11.67517],[76.34075,11.67497],[76.3408,11.67484],[76.3412,11.67483],[76.34132,11.67474],[76.34126,11.67455],[76.34087,11.67413],[76.34097,11.67372],[76.34079,11.67366],[76.3403,11.67382],[76.34005,11.67374],[76.34004,11.67291],[76.3396,11.67265],[76.33943,11.67226],[76.33963,11.67173],[76.33943,11.67105],[76.33958,11.67025],[76.33953,11.66981],[76.3388,11.66909],[76.33813,11.66811],[76.3383,11.6677],[76.33877,11.6673],[76.33892,11.66658],[76.33886,11.66595],[76.33842,11.66536],[76.33839,11.66453],[76.33864,11.66415],[76.33864,11.66399],[76.33833,11.6634],[76.33831,11.66308],[76.33845,11.66261],[76.33809,11.66162],[76.33809,11.6614],[76.33826,11.66114],[76.33862,11.66111],[76.33949,11.66174],[76.33962,11.6616],[76.33972,11.661],[76.34044,11.66065],[76.34061,11.66046],[76.34061,11.66032],[76.34018,11.6596],[76.34,11.6596],[76.33966,11.65985],[76.33947,11.65981],[76.33944,11.65911],[76.33954,11.65879],[76.33878,11.65839],[76.33856,11.65809],[76.33856,11.65768],[76.33806,11.65767],[76.33776,11.65715],[76.33778,11.65667],[76.33801,11.65641],[76.3381,11.65603],[76.33826,11.65588],[76.33889,11.65574],[76.33902,11.65563],[76.33881,11.65516],[76.3389,11.65481],[76.33883,11.65457],[76.33839,11.65428],[76.338,11.65439],[76.3373,11.6542],[76.33714,11.65388],[76.33727,11.65365],[76.33723,11.65352],[76.33664,11.65332],[76.33664,11.65304],[76.33694,11.65289],[76.33699,11.65267],[76.33691,11.65251],[76.33668,11.65247],[76.33652,11.65231],[76.33654,11.65211],[76.33687,11.65194],[76.33691,11.6518],[76.33669,11.65102],[76.3365,11.65077],[76.33617,11.65067],[76.33581,11.65079],[76.33556,11.65073],[76.33524,11.65002],[76.33508,11.64991],[76.33466,11.6499],[76.33417,11.64973],[76.3335,11.65007],[76.33316,11.64997],[76.33312,11.64967],[76.33385,11.64907],[76.33369,11.64877],[76.33327,11.64865],[76.33288,11.64838],[76.33251,11.6484],[76.33229,11.64803],[76.3319,11.6479],[76.33139,11.64734],[76.33121,11.64747],[76.33115,11.64798],[76.33081,11.64821],[76.33035,11.64825],[76.32998,11.648],[76.3298,11.64806],[76.32967,11.64797],[76.32931,11.6481],[76.32874,11.64797],[76.32861,11.64725],[76.32819,11.64675],[76.3282,11.64664],[76.32867,11.64615],[76.32861,11.64541],[76.3285,11.6453],[76.32754,11.64501],[76.32749,11.64461],[76.32787,11.64417],[76.32789,11.64385],[76.32771,11.64366],[76.32719,11.64342],[76.32697,11.64297],[76.3267,11.64273],[76.32628,11.64264],[76.32555,11.64228],[76.32477,11.6423],[76.32397,11.64219],[76.3232,11.64254],[76.32253,11.64326],[76.3223,11.64339],[76.32202,11.64337],[76.32197,11.64257],[76.32183,11.64236],[76.32181,11.64209],[76.32192,11.64199],[76.32236,11.642],[76.32235,11.64175],[76.32213,11.6416],[76.3213,11.64159],[76.32092,11.6414],[76.32085,11.64119],[76.32092,11.64082],[76.32119,11.64061],[76.32117,11.64045],[76.32095,11.64033],[76.32004,11.64021],[76.31944,11.63977],[76.31953,11.63947],[76.31998,11.63911],[76.32007,11.63875],[76.32,11.63852],[76.31977,11.63847],[76.31932,11.63878],[76.31905,11.63881],[76.31889,11.63866],[76.31886,11.63849],[76.31895,11.63798],[76.31812,11.63732],[76.31699,11.63736],[76.31683,11.63762],[76.31686,11.63774],[76.31747,11.63782],[76.31745,11.63802],[76.31729,11.63819],[76.31612,11.63886],[76.31577,11.63921],[76.31527,11.63922],[76.31506,11.63956],[76.31486,11.63968],[76.31464,11.6397],[76.31441,11.63952],[76.31425,11.63956],[76.31406,11.64043],[76.3133,11.64085],[76.31255,11.64181],[76.31209,11.64201],[76.31201,11.64262],[76.3115,11.64304],[76.31127,11.64387],[76.3112,11.64497],[76.31104,11.64524],[76.31084,11.64535],[76.31036,11.64533],[76.31001,11.64571],[76.30971,11.64574],[76.3093,11.64562],[76.30859,11.64628],[76.30833,11.64839],[76.30791,11.64931],[76.30779,11.64979],[76.30807,11.65093],[76.30825,11.65226],[76.3081,11.65331],[76.30833,11.65386],[76.30774,11.65604],[76.30797,11.65688],[76.30785,11.6583],[76.3077,11.65864],[76.3075,11.65867],[76.30732,11.65858],[76.30711,11.6587],[76.30688,11.65942],[76.30643,11.6598],[76.30637,11.66009],[76.30643,11.66066],[76.30603,11.66104],[76.30598,11.66141],[76.30546,11.66178],[76.30524,11.6621],[76.30514,11.66258],[76.30462,11.66301],[76.3041,11.66373],[76.30382,11.66389],[76.3044,11.66331],[76.30452,11.66304],[76.30505,11.66262],[76.30512,11.66226],[76.30534,11.66185],[76.30593,11.6614],[76.30596,11.66104],[76.30632,11.66075],[76.30639,11.66058],[76.30637,11.65983],[76.30653,11.65959],[76.30685,11.6594],[76.30702,11.65872],[76.30726,11.65852],[76.30762,11.65861],[76.30774,11.65842],[76.30791,11.65686],[76.30768,11.65604],[76.30827,11.65389],[76.30805,11.65334],[76.30821,11.65233],[76.30798,11.65071],[76.30775,11.64977],[76.30827,11.64833],[76.3084,11.64697],[76.3075,11.64769],[76.3066,11.64774],[76.30649,11.64822],[76.30581,11.64819],[76.30566,11.64811],[76.30561,11.64793],[76.30598,11.64766],[76.30611,11.64737],[76.30585,11.64693],[76.30605,11.64642],[76.30588,11.64602],[76.30538,11.64582],[76.30478,11.64602],[76.30428,11.64607],[76.30416,11.64614],[76.30397,11.64657],[76.30354,11.64686],[76.30333,11.64713],[76.30257,11.6474],[76.30194,11.64751],[76.30141,11.6479],[76.30081,11.64814],[76.30049,11.64861],[76.29989,11.64863],[76.29909,11.64891],[76.29867,11.64886],[76.29807,11.64933],[76.29712,11.64961],[76.29563,11.65044],[76.29436,11.65079],[76.29398,11.65073],[76.29383,11.65117],[76.29337,11.65123],[76.29325,11.65139],[76.29331,11.65197],[76.29307,11.6529],[76.29266,11.65317],[76.29213,11.65326],[76.29192,11.65361],[76.29127,11.65356],[76.29095,11.65389],[76.29068,11.65402],[76.29035,11.65395],[76.29005,11.65363],[76.28921,11.6538],[76.28819,11.65369],[76.28604,11.65372],[76.28522,11.65382],[76.28485,11.65369],[76.28468,11.6541],[76.28442,11.6542],[76.28426,11.65415],[76.28374,11.65353],[76.28341,11.65344],[76.28303,11.65349],[76.28246,11.65377],[76.28056,11.65338],[76.2791,11.65338],[76.27795,11.65356],[76.27754,11.65348],[76.2771,11.65308],[76.27632,11.65258],[76.27556,11.65221],[76.27497,11.65214],[76.27467,11.65188],[76.27427,11.65183],[76.27352,11.65135],[76.27336,11.65117],[76.27334,11.65078],[76.27272,11.65071],[76.27242,11.65045],[76.27144,11.64994],[76.27052,11.64917],[76.26971,11.64895],[76.26965,11.64877],[76.26978,11.64839],[76.27,11.64818],[76.26987,11.64799],[76.26885,11.64776],[76.26834,11.64724],[76.26787,11.64753],[76.26757,11.6475],[76.26727,11.64734],[76.267,11.64736],[76.26658,11.64697],[76.26611,11.64687],[76.26436,11.64605],[76.26472,11.64612],[76.2662,11.64685],[76.26666,11.64693],[76.267,11.64732],[76.26733,11.6473],[76.26781,11.6475],[76.26825,11.6472],[76.26842,11.6472],[76.26888,11.64771],[76.26949,11.64778],[76.26997,11.64797],[76.2701,11.64819],[76.26986,11.6484],[76.26973,11.64887],[76.27045,11.64903],[76.27157,11.64996],[76.2724,11.65038],[76.27272,11.65065],[76.2734,11.65075],[76.27353,11.65128],[76.27422,11.65174],[76.27471,11.65183],[76.27506,11.65212],[76.27554,11.65216],[76.27618,11.65245],[76.27769,11.65346],[76.278,11.65351],[76.27886,11.65336],[76.28065,11.65335],[76.28247,11.65374],[76.28293,11.65349],[76.28355,11.65341],[76.28399,11.65362],[76.28427,11.65407],[76.28443,11.65415],[76.28465,11.65408],[76.28489,11.65365],[76.28535,11.6538],[76.28575,11.65369],[76.28806,11.65364],[76.28928,11.65374],[76.29009,11.6536],[76.29049,11.65394],[76.29076,11.65396],[76.29134,11.65349],[76.29192,11.65357],[76.29218,11.65318],[76.29258,11.65316],[76.29293,11.65298],[76.29309,11.65277],[76.29327,11.65201],[76.2932,11.65139],[76.29337,11.65118],[76.29377,11.65114],[76.29391,11.65067],[76.29432,11.65073],[76.29557,11.65041],[76.297,11.64959],[76.29823,11.64917],[76.29865,11.6488],[76.29909,11.64886],[76.29998,11.64854],[76.30043,11.64858],[76.30058,11.64828],[76.30087,11.64801],[76.30137,11.64786],[76.3018,11.64751],[76.30211,11.64738],[76.3025,11.64738],[76.30276,11.64721],[76.30321,11.64712],[76.3039,11.64653],[76.30405,11.64615],[76.30425,11.64602],[76.30547,11.64577],[76.30601,11.64607],[76.3061,11.64649],[76.30592,11.64687],[76.30611,11.64717],[76.30614,11.64751],[76.30566,11.64795],[76.30572,11.64811],[76.30609,11.6481],[76.30634,11.6482],[76.30663,11.64765],[76.30744,11.64765],[76.30807,11.64716],[76.30843,11.64674],[76.3086,11.64618],[76.30894,11.64594],[76.30923,11.64558],[76.31,11.64565],[76.31037,11.64526],[76.31094,11.64523],[76.31107,11.64507],[76.31118,11.64464],[76.31121,11.6438],[76.31143,11.64302],[76.31198,11.64254],[76.312,11.64204],[76.31268,11.64162],[76.31333,11.64074],[76.314,11.6404],[76.31411,11.63964],[76.31423,11.63948],[76.31445,11.63945],[76.31464,11.63962],[76.31483,11.6396],[76.315,11.63951],[76.31524,11.63909],[76.31516,11.6389],[76.31472,11.63892],[76.31454,11.63866],[76.31408,11.63856],[76.3138,11.6387],[76.31371,11.63918],[76.31337,11.63923],[76.31316,11.639],[76.31335,11.6386],[76.31292,11.6384],[76.31276,11.63847],[76.31242,11.63895],[76.31226,11.63894],[76.31209,11.63878],[76.31181,11.63882],[76.31175,11.63871],[76.31188,11.63845],[76.31158,11.63827],[76.31142,11.63797],[76.31124,11.6379],[76.31107,11.63793],[76.31075,11.6384],[76.31045,11.63838],[76.31026,11.63813],[76.30994,11.63822],[76.30972,11.63779],[76.30975,11.63686],[76.30992,11.63651],[76.30977,11.63617],[76.30943,11.63612],[76.30838,11.63663],[76.30822,11.63662],[76.30803,11.63642],[76.30827,11.63612],[76.3082,11.63588],[76.3072,11.63543],[76.30614,11.63549],[76.30603,11.63572],[76.30609,11.63608],[76.30592,11.6362],[76.30566,11.6362],[76.30522,11.63588],[76.30495,11.63608],[76.30471,11.63609],[76.30421,11.63595],[76.30399,11.63576],[76.3035,11.63575],[76.30313,11.63553],[76.30306,11.63539],[76.30334,11.63501],[76.30335,11.63477],[76.3028,11.63467],[76.30221,11.63421],[76.30186,11.63428],[76.30124,11.63518],[76.30093,11.63535],[76.30075,11.63532],[76.3006,11.63486],[76.30013,11.63464],[76.29992,11.63471],[76.29981,11.6351],[76.29926,11.63523],[76.29887,11.63497],[76.29844,11.63514],[76.29816,11.63508],[76.29778,11.63479],[76.29739,11.63473],[76.29722,11.63458],[76.29709,11.6346],[76.29694,11.63479],[76.29545,11.63463],[76.29509,11.63399],[76.2943,11.63377],[76.29445,11.63334],[76.2941,11.63284],[76.29388,11.63285],[76.29365,11.63318],[76.29313,11.63295],[76.29314,11.63281],[76.2935,11.63246],[76.29372,11.63171],[76.29369,11.63134],[76.29279,11.6307],[76.29226,11.63062],[76.29191,11.63005],[76.29153,11.62986],[76.29162,11.62942],[76.29124,11.62929],[76.29114,11.62914],[76.29118,11.62833],[76.29102,11.62801],[76.29108,11.62747],[76.29099,11.62668],[76.2907,11.62652],[76.29008,11.62642],[76.28964,11.62574],[76.28936,11.62553],[76.28913,11.62513],[76.28914,11.625],[76.28931,11.62487],[76.2892,11.62454],[76.2887,11.62418],[76.28819,11.62344],[76.28812,11.62285],[76.28796,11.62264],[76.28809,11.6221],[76.28754,11.62205],[76.28718,11.62161],[76.28724,11.62129],[76.28689,11.6212],[76.28662,11.62089],[76.28652,11.62098],[76.28648,11.62125],[76.28623,11.62143],[76.28574,11.62116],[76.28539,11.62126],[76.28483,11.62085],[76.28477,11.62093],[76.28503,11.62122],[76.285,11.62137],[76.28486,11.62137],[76.2843,11.62093],[76.28391,11.6209],[76.28375,11.62056],[76.28318,11.62008],[76.28289,11.61955],[76.28267,11.61963],[76.28239,11.62004],[76.28226,11.62005],[76.28204,11.61984],[76.28181,11.61977],[76.28158,11.6192],[76.28134,11.61904],[76.28148,11.61823],[76.28116,11.61778],[76.28107,11.61735],[76.28052,11.61726],[76.28002,11.61645],[76.27986,11.61594],[76.27988,11.61545],[76.27974,11.61505],[76.27979,11.61376],[76.28016,11.61342],[76.28084,11.61327],[76.28085,11.6121],[76.28096,11.6119],[76.28141,11.61166],[76.2812,11.61141],[76.28069,11.61137],[76.2803,11.61085],[76.28033,11.61067],[76.28063,11.61046],[76.2803,11.6098],[76.28056,11.60952],[76.28056,11.6094],[76.28024,11.60911],[76.28067,11.60841],[76.28026,11.60826],[76.28015,11.60691],[76.28068,11.60636],[76.28073,11.6062],[76.28049,11.60605],[76.28008,11.60555],[76.2801,11.60536],[76.28033,11.60518],[76.28008,11.60472],[76.28024,11.6044],[76.27988,11.60431],[76.27994,11.60397],[76.27963,11.60391],[76.27954,11.6038],[76.27982,11.60318],[76.27982,11.60287],[76.27959,11.60272],[76.27965,11.60245],[76.27958,11.60228],[76.27917,11.60203],[76.27914,11.60175],[76.27928,11.60149],[76.27908,11.60127],[76.27918,11.601],[76.27946,11.60089],[76.27982,11.6009],[76.28003,11.60053],[76.28054,11.60016],[76.28058,11.59991],[76.28044,11.59938],[76.28071,11.59889],[76.28087,11.59878],[76.28152,11.59877],[76.28147,11.59863],[76.28117,11.59851],[76.28109,11.59819],[76.28123,11.59851],[76.28158,11.59866],[76.28159,11.59879],[76.2808,11.59885],[76.28046,11.59939],[76.28062,11.59991],[76.28058,11.60019],[76.28005,11.60057],[76.27988,11.60093],[76.27939,11.60095],[76.27911,11.60118],[76.27932,11.60143],[76.27918,11.60197],[76.27966,11.60229],[76.27969,11.60252],[76.27961,11.60264],[76.27981,11.60278],[76.27988,11.60296],[76.27962,11.60383],[76.27995,11.6039],[76.27992,11.60427],[76.28027,11.6044],[76.28011,11.60473],[76.28035,11.60503],[76.28036,11.60523],[76.28015,11.60536],[76.28012,11.60556],[76.28049,11.606],[76.28078,11.60619],[76.28019,11.60698],[76.28029,11.60824],[76.2807,11.60834],[76.28067,11.60856],[76.2803,11.60909],[76.28059,11.6094],[76.28059,11.60955],[76.28035,11.60978],[76.28067,11.61037],[76.28065,11.61053],[76.28037,11.6107],[76.28033,11.61083],[76.28069,11.61132],[76.2812,11.61138],[76.28146,11.61161],[76.28137,11.61179],[76.28101,11.61191],[76.28089,11.61208],[76.28091,11.61326],[76.28017,11.61345],[76.2798,11.61386],[76.27978,11.61507],[76.27992,11.61535],[76.27998,11.61623],[76.28056,11.61722],[76.28095,11.61724],[76.28113,11.61734],[76.28118,11.61772],[76.28153,11.61828],[76.28138,11.61901],[76.28162,11.61918],[76.28185,11.61973],[76.28232,11.62001],[76.28266,11.61958],[76.2829,11.61952],[76.28321,11.62004],[76.2838,11.62054],[76.28391,11.62084],[76.28436,11.62089],[76.28459,11.62117],[76.2849,11.62135],[76.285,11.62123],[76.28476,11.62098],[76.28479,11.62081],[76.28543,11.62123],[76.28573,11.6211],[76.2862,11.62137],[76.28644,11.62126],[76.28648,11.62097],[76.28667,11.62087],[76.28693,11.62118],[76.28728,11.62124],[76.28722,11.62162],[76.28761,11.62203],[76.28809,11.62202],[76.28815,11.6223],[76.288,11.62258],[76.28817,11.62284],[76.28818,11.62326],[76.28873,11.62415],[76.2893,11.6246],[76.28935,11.62484],[76.28918,11.62506],[76.28923,11.6252],[76.29013,11.62637],[76.29102,11.62659],[76.29114,11.62746],[76.29106,11.62795],[76.29122,11.6283],[76.29124,11.6292],[76.29167,11.62938],[76.29161,11.6298],[76.29198,11.63005],[76.29224,11.63055],[76.29278,11.63063],[76.29373,11.63131],[76.29378,11.6316],[76.29356,11.63245],[76.2932,11.63282],[76.29321,11.63297],[76.29369,11.63312],[76.29386,11.63281],[76.2941,11.63279],[76.29448,11.63327],[76.29437,11.63376],[76.29505,11.6339],[76.2953,11.63416],[76.29552,11.6346],[76.29686,11.63474],[76.29721,11.63452],[76.29751,11.63472],[76.29788,11.63477],[76.29821,11.63505],[76.29846,11.63508],[76.29887,11.6349],[76.29916,11.63516],[76.29951,11.6352],[76.29983,11.63502],[76.2999,11.63467],[76.30015,11.63458],[76.30065,11.63485],[76.30075,11.63523],[76.30091,11.63529],[76.30128,11.63507],[76.30176,11.63431],[76.30215,11.63413],[76.30285,11.63462],[76.30341,11.63474],[76.30341,11.63499],[76.30312,11.63536],[76.30317,11.63549],[76.30357,11.63572],[76.30397,11.6357],[76.30424,11.63592],[76.30487,11.63604],[76.30524,11.63583],[76.30582,11.63616],[76.30605,11.63607],[76.30598,11.6357],[76.30621,11.63539],[76.30722,11.63538],[76.30833,11.63593],[76.30832,11.63613],[76.30807,11.63637],[76.30825,11.63658],[76.30843,11.63657],[76.30869,11.63637],[76.30915,11.63625],[76.30944,11.63606],[76.30964,11.63606],[76.30988,11.63619],[76.30997,11.6364],[76.30978,11.63704],[76.30976,11.63761],[76.30995,11.63813],[76.3103,11.63807],[76.31052,11.63834],[76.31065,11.63836],[76.31109,11.63787],[76.31128,11.63786],[76.31188,11.63837],[76.31194,11.63855],[76.31182,11.63876],[76.31212,11.6387],[76.31236,11.63891],[76.3125,11.63883],[76.3127,11.63846],[76.31302,11.63836],[76.31339,11.63858],[76.31322,11.63901],[76.31342,11.63918],[76.31369,11.63911],[76.31375,11.63869],[76.31399,11.63851],[76.31446,11.63855],[76.31476,11.63888],[76.31523,11.63887],[76.31529,11.63912],[76.3154,11.6392],[76.31574,11.63916],[76.31617,11.63877],[76.3174,11.63803],[76.31739,11.6378],[76.31683,11.63781],[76.31678,11.63755],[76.31693,11.63733],[76.31816,11.63728],[76.319,11.638],[76.31891,11.63853],[76.31901,11.63873],[76.31927,11.63875],[76.31973,11.63843],[76.32004,11.63851],[76.32006,11.63907],[76.31956,11.63952],[76.31948,11.63975],[76.32011,11.64017],[76.32097,11.64026],[76.32118,11.64038],[76.32125,11.64059],[76.32101,11.64078],[76.32089,11.64115],[76.32098,11.64138],[76.32158,11.64157],[76.32215,11.64154],[76.32242,11.64175],[76.32243,11.642],[76.32198,11.64203],[76.32187,11.64212],[76.32204,11.64272],[76.322,11.64315],[76.32207,11.64332],[76.3224,11.6433],[76.3232,11.64249],[76.32404,11.64212],[76.32473,11.64225],[76.32565,11.64226],[76.32629,11.6426],[76.32678,11.64273],[76.32724,11.6434],[76.32782,11.64369],[76.32791,11.64382],[76.32796,11.64408],[76.32755,11.64456],[76.32754,11.64493],[76.32774,11.64509],[76.32858,11.6453],[76.32867,11.64543],[76.32873,11.64611],[76.32827,11.64662],[76.32824,11.64677],[76.32864,11.64718],[76.32878,11.64794],[76.32938,11.64806],[76.32962,11.64792],[76.32998,11.64795],[76.33037,11.64821],[76.33081,11.64817],[76.33113,11.64792],[76.33119,11.64741],[76.33145,11.6473],[76.33197,11.64789],[76.33233,11.648],[76.3325,11.64833],[76.33295,11.64835],[76.33381,11.64879],[76.33389,11.64912],[76.33316,11.64967],[76.33323,11.64997],[76.33348,11.65004],[76.33407,11.64969],[76.33435,11.64969],[76.33455,11.64983],[76.33523,11.64995],[76.33541,11.65045],[76.33564,11.65073],[76.33624,11.65063],[76.33662,11.65082],[76.33694,11.6519],[76.33661,11.65209],[76.33656,11.65228],[76.33696,11.6525],[76.33702,11.65268],[76.337,11.65289],[76.33669,11.65306],[76.33665,11.65322],[76.33682,11.65338],[76.33726,11.65349],[76.3373,11.65369],[76.3372,11.65391],[76.33734,11.65418],[76.33801,11.65435],[76.33845,11.65425],[76.33884,11.65451],[76.33894,11.65469],[76.33885,11.65517],[76.33906,11.65556],[76.33904,11.65568],[76.33833,11.65588],[76.33813,11.65607],[76.33805,11.65641],[76.33778,11.65675],[76.3378,11.65715],[76.33794,11.65748],[76.33815,11.65766],[76.33856,11.65762],[76.33871,11.65827],[76.33955,11.65873],[76.33952,11.6598],[76.34,11.65957],[76.34021,11.65957],[76.34064,11.66029],[76.34054,11.66063],[76.33976,11.66099],[76.33966,11.66162],[76.33949,11.66179],[76.33858,11.66114],[76.33827,11.66118],[76.33813,11.66138],[76.33816,11.6617],[76.33849,11.66256],[76.33836,11.66332],[76.33865,11.66386],[76.33868,11.66409],[76.33842,11.66457],[76.3385,11.66487],[76.33846,11.66537],[76.3389,11.66592],[76.33896,11.66672],[76.33884,11.66726],[76.33824,11.66784],[76.33817,11.66814],[76.33854,11.66855],[76.33882,11.66906],[76.33955,11.66976],[76.33962,11.67022],[76.33948,11.67111],[76.33966,11.67178],[76.33949,11.67211],[76.33949,11.67234],[76.33961,11.67261],[76.34008,11.67289],[76.34003,11.67356],[76.3401,11.67373],[76.34031,11.67379],[76.34083,11.67361],[76.341,11.67367],[76.34093,11.67417],[76.34132,11.67457],[76.34135,11.67476],[76.34129,11.67485],[76.34083,11.67488],[76.3408,11.67503],[76.34096,11.6752],[76.34119,11.67527],[76.34142,11.67521],[76.3421,11.67479],[76.34306,11.6747],[76.34378,11.67499],[76.34405,11.67538],[76.34467,11.67513],[76.34522,11.67532],[76.34631,11.67458],[76.3473,11.67459],[76.34756,11.67446],[76.34807,11.67382],[76.34837,11.67312],[76.34858,11.67301],[76.34909,11.67282],[76.35089,11.67251],[76.35151,11.67213],[76.35194,11.67214],[76.35231,11.67249],[76.35255,11.6725],[76.35267,11.67227],[76.35258,11.67171],[76.35274,11.67158],[76.353,11.67176],[76.35322,11.67162],[76.3533,11.67115],[76.35345,11.67094],[76.35387,11.67098],[76.35482,11.67177],[76.35611,11.67159],[76.35675,11.67114],[76.35709,11.67107],[76.35749,11.67114],[76.35796,11.67182],[76.35854,11.67186],[76.35882,11.67173],[76.35889,11.67145],[76.35907,11.67128],[76.35947,11.67119],[76.35953,11.67138],[76.35963,11.67141],[76.35994,11.67105],[76.3601,11.671],[76.36021,11.67108],[76.3602,11.6716],[76.3604,11.67188],[76.3605,11.67254],[76.36066,11.67276],[76.36093,11.67284],[76.36127,11.67276],[76.36185,11.67224],[76.36257,11.67245],[76.36275,11.67335],[76.36255,11.67429],[76.36261,11.67477],[76.36305,11.6749],[76.364,11.67457],[76.36433,11.67454],[76.36496,11.67498],[76.36536,11.67564],[76.36543,11.67631],[76.36513,11.67671],[76.3653,11.67708],[76.36534,11.6775],[76.36546,11.6776],[76.36606,11.67745],[76.36671,11.67749],[76.36722,11.67729],[76.36767,11.67757],[76.36823,11.67762],[76.36903,11.67723],[76.36898,11.67662],[76.36915,11.67636],[76.36932,11.67629],[76.3696,11.67634],[76.37014,11.67672],[76.37009,11.67722],[76.37025,11.67755],[76.37128,11.678],[76.37148,11.67788],[76.37172,11.67743],[76.37199,11.67729],[76.37456,11.67701],[76.37601,11.6771],[76.37647,11.67721],[76.37756,11.67795],[76.37832,11.67807],[76.37878,11.67868],[76.37962,11.67862],[76.37984,11.6787],[76.38027,11.67924],[76.38071,11.68055],[76.38123,11.68096],[76.38163,11.68149],[76.38185,11.68147],[76.3825,11.681],[76.38349,11.68087],[76.38494,11.68098],[76.38612,11.68155],[76.38696,11.68245],[76.38728,11.6832],[76.38752,11.68324],[76.38809,11.68309],[76.38834,11.68326],[76.38846,11.68357],[76.38849,11.68415],[76.38819,11.68449],[76.38774,11.68453],[76.38782,11.68472],[76.38935,11.68492],[76.38977,11.68516],[76.39052,11.68581],[76.391,11.68602],[76.39214,11.6863],[76.39265,11.68669],[76.39278,11.68708],[76.39278,11.68767],[76.39324,11.68837],[76.39325,11.68897],[76.39307,11.68937],[76.39271,11.68948],[76.39233,11.68978],[76.39239,11.69051],[76.39265,11.69095],[76.39342,11.69118],[76.39394,11.69145],[76.39433,11.69195],[76.39462,11.69252],[76.39453,11.69299],[76.39396,11.69345],[76.39396,11.69399],[76.39386,11.69427],[76.39342,11.6945],[76.3932,11.69473],[76.39297,11.69534],[76.39275,11.69561],[76.39275,11.69612],[76.39297,11.69659],[76.39326,11.6969],[76.39426,11.69739],[76.39503,11.6982],[76.39569,11.69957],[76.39572,11.69999],[76.39536,11.70032],[76.3938,11.70037],[76.39301,11.70055],[76.39275,11.70076],[76.3927,11.70109],[76.39277,11.70131],[76.39339,11.70197],[76.39359,11.70236],[76.39362,11.70284],[76.39337,11.70338],[76.39339,11.7036],[76.39349,11.70366],[76.39418,11.7035],[76.39527,11.70366],[76.39603,11.70385],[76.39684,11.70422],[76.39703,11.70442],[76.39718,11.70487],[76.39716,11.7053],[76.39691,11.70597],[76.39689,11.70646],[76.39725,11.70702],[76.39763,11.70726],[76.39829,11.70727],[76.39964,11.70704],[76.40068,11.7073],[76.40117,11.70728],[76.40173,11.70711],[76.40248,11.70648],[76.40284,11.7064],[76.40347,11.70658],[76.40395,11.70704],[76.40446,11.70814],[76.4048,11.70771],[76.40508,11.70796],[76.40427,11.70849],[76.4042,11.7099],[76.40468,11.71034],[76.40499,11.71041],[76.40533,11.71032],[76.40518,11.71044],[76.40443,11.71056],[76.4041,11.71032],[76.40396,11.70985],[76.40396,11.70923],[76.40418,11.70864],[76.40421,11.70827],[76.4042,11.70826]]]}},{"type":"Feature","properties":{"class":"Waterbody","fid":"5","landform":"Waterbody"},"geometry":{"type":"Polygon","coordinates":[[[76.41478,11.75783],[76.41447,11.75782],[76.41421,11.75753],[76.41405,11.7567],[76.41309,11.75535],[76.41313,11.75497],[76.41304,11.75473],[76.41262,11.75424],[76.41227,11.75405],[76.4123,11.75381],[76.41254,11.75357],[76.41249,11.7534],[76.41164,11.75259],[76.41101,11.75285],[76.41087,11.75283],[76.41074,11.75258],[76.41092,11.75217],[76.41087,11.75203],[76.41016,11.7519],[76.40987,11.75148],[76.40947,11.75145],[76.40923,11.75114],[76.40888,11.75098],[76.40834,11.75014],[76.40838,11.74996],[76.40868,11.7496],[76.40837,11.74905],[76.40836,11.74877],[76.40825,11.74859],[76.40804,11.74851],[76.40761,11.74858],[76.4073,11.74851],[76.40711,11.74834],[76.4067,11.74747],[76.40652,11.74737],[76.40609,11.7474],[76.40591,11.74702],[76.40555,11.74693],[76.40476,11.74702],[76.40455,11.74653],[76.40402,11.74649],[76.40392,11.7461],[76.40378,11.74598],[76.40347,11.74618],[76.40321,11.74622],[76.40288,11.7459],[76.40284,11.74499],[76.40359,11.74378],[76.40357,11.74362],[76.40308,11.74369],[76.40305,11.74305],[76.40269,11.74263],[76.40211,11.74302],[76.40192,11.74294],[76.40188,11.74275],[76.40192,11.74251],[76.40231,11.74194],[76.40282,11.74148],[76.40285,11.74069],[76.40317,11.74061],[76.40327,11.74045],[76.40324,11.74012],[76.40265,11.73957],[76.40216,11.73947],[76.40146,11.73994],[76.40123,11.73983],[76.40096,11.73931],[76.40076,11.73938],[76.40034,11.73979],[76.4001,11.73979],[76.3998,11.73956],[76.39954,11.7395],[76.39894,11.73971],[76.39858,11.73964],[76.39821,11.73926],[76.39786,11.73827],[76.39716,11.73792],[76.39685,11.73729],[76.39599,11.73653],[76.39501,11.73643],[76.39487,11.7362],[76.39497,11.73603],[76.39482,11.73594],[76.3946,11.73597],[76.39429,11.73626],[76.39395,11.73621],[76.39391,11.73576],[76.39375,11.73561],[76.39363,11.73525],[76.39311,11.73475],[76.39313,11.73407],[76.39268,11.73346],[76.39234,11.73313],[76.39163,11.73294],[76.39112,11.73251],[76.39032,11.73242],[76.39009,11.73214],[76.39018,11.73182],[76.39013,11.73166],[76.38938,11.73097],[76.3886,11.73118],[76.38768,11.73118],[76.38702,11.73153],[76.38602,11.73155],[76.38571,11.73143],[76.38505,11.73068],[76.38444,11.73045],[76.38377,11.73044],[76.38309,11.73023],[76.38211,11.73018],[76.38029,11.72952],[76.37967,11.72952],[76.37933,11.72929],[76.37844,11.72956],[76.37814,11.72954],[76.37745,11.7292],[76.37696,11.72859],[76.37672,11.72865],[76.37649,11.72895],[76.37619,11.72899],[76.37582,11.72865],[76.37535,11.72853],[76.37485,11.72804],[76.37373,11.72734],[76.37345,11.72742],[76.37325,11.72778],[76.37275,11.72807],[76.37212,11.72803],[76.37085,11.7274],[76.37024,11.72678],[76.36929,11.72675],[76.36893,11.72651],[76.36931,11.72665],[76.37003,11.72662],[76.37038,11.72674],[76.37097,11.72737],[76.37231,11.72795],[76.37287,11.72792],[76.37354,11.72727],[76.37379,11.72724],[76.3749,11.72796],[76.37534,11.72838],[76.37594,11.7286],[76.37622,11.72884],[76.3764,11.72886],[76.37695,11.72847],[76.37715,11.72857],[76.37744,11.72907],[76.37818,11.72947],[76.37935,11.72917],[76.3798,11.72943],[76.38038,11.72944],[76.38213,11.73008],[76.38321,11.73015],[76.38378,11.73036],[76.38456,11.7304],[76.38526,11.7307],[76.38569,11.73129],[76.38602,11.73144],[76.38692,11.73144],[76.38784,11.73101],[76.38872,11.73107],[76.3894,11.73088],[76.39026,11.73166],[76.39032,11.73177],[76.3902,11.73207],[76.39034,11.73227],[76.39057,11.73239],[76.39111,11.73239],[76.39165,11.73281],[76.39237,11.73304],[76.39277,11.7334],[76.39326,11.73417],[76.39323,11.73472],[76.39375,11.73528],[76.39399,11.7357],[76.39408,11.73612],[76.39423,11.73615],[76.39458,11.73588],[76.39485,11.73585],[76.39509,11.73599],[76.39503,11.73623],[76.39511,11.73633],[76.39574,11.73634],[76.39629,11.73662],[76.39683,11.73709],[76.39731,11.73793],[76.39796,11.73828],[76.39822,11.7391],[76.39851,11.73949],[76.39905,11.73962],[76.39961,11.73939],[76.40022,11.7397],[76.40046,11.73962],[76.40093,11.73922],[76.40139,11.73981],[76.40228,11.73936],[76.40285,11.7396],[76.4033,11.74007],[76.40334,11.74052],[76.40289,11.74082],[76.40289,11.74154],[76.40228,11.74207],[76.40202,11.74274],[76.40206,11.74288],[76.40218,11.74288],[76.40251,11.7426],[76.40276,11.74257],[76.40306,11.7429],[76.40318,11.74358],[76.40349,11.74348],[76.40369,11.74364],[76.40302,11.74489],[76.40298,11.74576],[76.40306,11.74597],[76.40332,11.74611],[76.40373,11.74589],[76.40393,11.74592],[76.40411,11.74641],[76.40448,11.74637],[76.40462,11.74644],[76.40491,11.74693],[76.40572,11.74684],[76.40604,11.74701],[76.40613,11.74731],[76.40665,11.74733],[76.4073,11.74845],[76.40757,11.74851],[76.40797,11.74843],[76.40831,11.74852],[76.40875,11.74963],[76.40845,11.74998],[76.40846,11.7502],[76.40892,11.75088],[76.40952,11.75136],[76.41003,11.75149],[76.41023,11.75181],[76.4109,11.75196],[76.41098,11.75225],[76.41083,11.75256],[76.41092,11.75271],[76.41169,11.75251],[76.41259,11.75339],[76.4126,11.75357],[76.41232,11.75398],[76.41262,11.75416],[76.41318,11.75482],[76.41323,11.7554],[76.41399,11.7563],[76.41431,11.75747],[76.41438,11.75754],[76.41479,11.75694],[76.41528,11.75655],[76.41578,11.75636],[76.41571,11.75655],[76.41483,11.75703],[76.41471,11.75726],[76.41478,11.75747],[76.41478,11.75783]]]}},{"type":"Feature","properties":{"class":"Waterbody","fid":"6","landform":"Waterbody"},"geometry":{"type":"Polygon","coordinates":[[[76.02876,11.53978],[76.02894,11.53989],[76.02926,11.54065],[76.0299,11.54172],[76.02997,11.54199],[76.0299,11.54222],[76.0286,11.54233],[76.0278,11.54188],[76.0276,11.5416],[76.02769,11.54124],[76.02805,11.54094],[76.02814,11.5406],[76.0281,11.54008],[76.02853,11.53973],[76.02876,11.53978]]]}},{"type":"Feature","properties":{"class":"Waterbody","fid":"7","landform":"Waterbody"},"geometry":{"type":"Polygon","coordinates":[[[75.99431,11.90432],[75.99373,11.9045],[75.99299,11.90493],[75.9927,11.90484],[75.99219,11.90442],[75.99178,11.90445],[75.99142,11.90475],[75.99086,11.90554],[75.9901,11.90621],[75.98995,11.90654],[75.99009,11.90706],[75.99005,11.90738],[75.98932,11.90791],[75.98867,11.90818],[75.9884,11.90839],[75.98707,11.9086],[75.98644,11.90849],[75.98606,11.90856],[75.98422,11.90991],[75.98392,11.91004],[75.98244,11.91025],[75.98109,11.91027],[75.98056,11.91062],[75.97993,11.91059],[75.97957,11.91044],[75.98048,11.9105],[75.98104,11.91016],[75.98377,11.90998],[75.98415,11.9098],[75.985,11.90907],[75.98602,11.90842],[75.9865,11.90833],[75.98692,11.90841],[75.98798,11.90837],[75.9884,11.90821],[75.9886,11.90802],[75.98922,11.90786],[75.98986,11.9073],[75.9898,11.90633],[75.99074,11.90547],[75.99166,11.90432],[75.9922,11.90427],[75.99282,11.90477],[75.99306,11.90482],[75.99368,11.9044],[75.99567,11.90368],[75.99654,11.90278],[75.99725,11.90221],[75.9978,11.90214],[75.99848,11.90188],[75.99874,11.90112],[75.99977,11.90115],[76.00349,11.89937],[76.00421,11.89928],[76.00466,11.89891],[76.00482,11.89845],[76.00458,11.89703],[76.00479,11.89623],[76.00499,11.89586],[76.00491,11.89509],[76.00505,11.89391],[76.00521,11.89346],[76.00587,11.89283],[76.0067,11.89224],[76.00724,11.89204],[76.00774,11.89215],[76.0088,11.893],[76.00904,11.8928],[76.00895,11.89225],[76.0091,11.892],[76.00948,11.89169],[76.01019,11.89138],[76.0106,11.8916],[76.0117,11.8916],[76.01289,11.89213],[76.01483,11.89324],[76.01514,11.8933],[76.01533,11.8929],[76.01532,11.89206],[76.01584,11.8905],[76.01598,11.88884],[76.01611,11.88874],[76.01638,11.88873],[76.01677,11.88893],[76.01741,11.88906],[76.01769,11.88903],[76.01773,11.88854],[76.01789,11.8882],[76.01881,11.88692],[76.01921,11.88616],[76.01995,11.88534],[76.0203,11.88518],[76.02084,11.88528],[76.02181,11.88591],[76.02234,11.88585],[76.02378,11.88597],[76.02461,11.88571],[76.02544,11.88592],[76.02643,11.88634],[76.02691,11.88637],[76.02811,11.88703],[76.02835,11.88724],[76.02863,11.88771],[76.02905,11.88788],[76.02937,11.88778],[76.03035,11.88656],[76.03147,11.88473],[76.03166,11.88456],[76.03216,11.88426],[76.03323,11.88431],[76.03344,11.88496],[76.03371,11.88511],[76.03423,11.88515],[76.03433,11.88526],[76.03441,11.88589],[76.03432,11.88641],[76.0346,11.88678],[76.03506,11.8869],[76.03592,11.8868],[76.03613,11.88689],[76.03651,11.88794],[76.03637,11.88913],[76.03669,11.88967],[76.03704,11.88979],[76.03743,11.88957],[76.03793,11.88954],[76.03881,11.88971],[76.03962,11.89006],[76.04076,11.89092],[76.04317,11.8909],[76.04378,11.89052],[76.04465,11.8905],[76.04493,11.89039],[76.04578,11.8895],[76.04613,11.889],[76.0463,11.88869],[76.04626,11.88842],[76.04637,11.88816],[76.04692,11.88739],[76.04718,11.88718],[76.04746,11.88721],[76.04798,11.88745],[76.04828,11.88776],[76.0486,11.88824],[76.04871,11.88862],[76.04948,11.88892],[76.04964,11.88947],[76.04978,11.88954],[76.05005,11.88961],[76.05124,11.88954],[76.05222,11.88961],[76.05262,11.88975],[76.05304,11.89005],[76.05337,11.89008],[76.05396,11.89039],[76.0546,11.89022],[76.05473,11.89164],[76.05488,11.89203],[76.05552,11.89285],[76.05594,11.89318],[76.05807,11.89234],[76.0592,11.89206],[76.05967,11.89181],[76.06065,11.89095],[76.06103,11.89098],[76.06168,11.89063],[76.0619,11.89037],[76.06191,11.89015],[76.06187,11.89003],[76.06161,11.88995],[76.06161,11.88975],[76.06221,11.88939],[76.06281,11.88873],[76.06302,11.88831],[76.06319,11.88727],[76.06359,11.88691],[76.0639,11.88694],[76.06441,11.8873],[76.06532,11.88764],[76.06677,11.88772],[76.06738,11.88789],[76.07005,11.88775],[76.07034,11.88796],[76.07056,11.88798],[76.07158,11.88777],[76.07227,11.88744],[76.07352,11.88655],[76.07438,11.88569],[76.07504,11.88559],[76.0761,11.88489],[76.07635,11.88459],[76.07655,11.8836],[76.07694,11.88313],[76.07843,11.88221],[76.07935,11.88117],[76.08001,11.88097],[76.08003,11.88069],[76.07986,11.88038],[76.07986,11.88002],[76.08116,11.87858],[76.08172,11.87822],[76.0831,11.8781],[76.08398,11.87759],[76.08407,11.87687],[76.08447,11.87618],[76.0846,11.87531],[76.0848,11.87501],[76.08498,11.87428],[76.08503,11.87353],[76.08485,11.87172],[76.08493,11.87145],[76.08515,11.87121],[76.08572,11.87097],[76.08645,11.87027],[76.08691,11.87021],[76.08728,11.87032],[76.0881,11.87084],[76.08839,11.87112],[76.08875,11.8717],[76.08916,11.87199],[76.09103,11.87202],[76.09179,11.87224],[76.09219,11.87219],[76.09235,11.87205],[76.09279,11.87111],[76.09289,11.87053],[76.0937,11.86917],[76.09383,11.86825],[76.0938,11.86744],[76.09398,11.86683],[76.09421,11.86668],[76.09492,11.86659],[76.09599,11.86667],[76.09682,11.86641],[76.09692,11.86622],[76.09695,11.86562],[76.09686,11.86504],[76.09548,11.86378],[76.09526,11.86344],[76.09531,11.86261],[76.09599,11.86201],[76.09633,11.86193],[76.09695,11.86195],[76.09868,11.86271],[76.09927,11.86265],[76.09969,11.86237],[76.09992,11.86206],[76.09995,11.86165],[76.09931,11.85966],[76.09931,11.85908],[76.09945,11.85895],[76.10123,11.85837],[76.10339,11.85847],[76.10397,11.85891],[76.10464,11.85894],[76.10599,11.85818],[76.10661,11.85816],[76.10721,11.85864],[76.10744,11.85942],[76.10732,11.85956],[76.10664,11.8598],[76.1064,11.86003],[76.10627,11.86031],[76.10628,11.86059],[76.10657,11.86096],[76.1069,11.86113],[76.10813,11.86114],[76.10971,11.8603],[76.10996,11.86007],[76.10991,11.85914],[76.10941,11.85774],[76.10941,11.85705],[76.10955,11.85675],[76.11028,11.85669],[76.11083,11.85694],[76.11132,11.85697],[76.11173,11.85735],[76.11214,11.85737],[76.11234,11.85718],[76.11282,11.85702],[76.11499,11.85658],[76.1155,11.85623],[76.11626,11.8562],[76.11785,11.85551],[76.118,11.85528],[76.11801,11.85498],[76.11818,11.85508],[76.1181,11.85539],[76.11729,11.85592],[76.11619,11.85632],[76.1155,11.85639],[76.11487,11.85673],[76.11293,11.8571],[76.11211,11.85752],[76.11177,11.8575],[76.11132,11.85716],[76.11083,11.85712],[76.11018,11.85688],[76.10966,11.85698],[76.10954,11.85715],[76.10957,11.85769],[76.11019,11.85965],[76.11015,11.86],[76.10973,11.86047],[76.10809,11.86126],[76.10688,11.86131],[76.10648,11.86112],[76.10619,11.86078],[76.10613,11.86033],[76.10638,11.85982],[76.10683,11.85951],[76.10724,11.85943],[76.10729,11.8593],[76.10715,11.85894],[76.10683,11.85851],[76.10658,11.85834],[76.10607,11.85831],[76.10448,11.85912],[76.10387,11.85905],[76.10349,11.85878],[76.103,11.8586],[76.10206,11.85865],[76.10153,11.85853],[76.10107,11.85858],[76.09972,11.85902],[76.09949,11.85937],[76.09948,11.85984],[76.09992,11.86088],[76.1001,11.86161],[76.10011,11.86209],[76.09995,11.86233],[76.09946,11.86272],[76.09883,11.86281],[76.09828,11.86271],[76.09707,11.86219],[76.09642,11.86214],[76.09584,11.86241],[76.09551,11.86276],[76.09549,11.86321],[76.09569,11.86365],[76.09703,11.86497],[76.09715,11.86544],[76.09711,11.86631],[76.09692,11.86656],[76.09627,11.86688],[76.09476,11.86679],[76.09412,11.86695],[76.09395,11.86734],[76.09395,11.86859],[76.09381,11.86925],[76.09353,11.86988],[76.09296,11.87075],[76.09275,11.87161],[76.09229,11.87231],[76.09182,11.8724],[76.0907,11.8722],[76.08907,11.87215],[76.08878,11.87198],[76.08794,11.87092],[76.08749,11.87072],[76.0871,11.87037],[76.08657,11.87045],[76.08565,11.87123],[76.08524,11.87144],[76.08508,11.87166],[76.08507,11.87194],[76.08527,11.87378],[76.08503,11.87488],[76.08477,11.8754],[76.08468,11.87619],[76.08433,11.87666],[76.08426,11.87729],[76.08407,11.87768],[76.0839,11.87785],[76.08299,11.87828],[76.0817,11.87841],[76.08106,11.87886],[76.08,11.88009],[76.07999,11.8803],[76.08022,11.88084],[76.08011,11.88107],[76.07947,11.88131],[76.0782,11.8826],[76.0771,11.88324],[76.07671,11.88367],[76.07638,11.88472],[76.07596,11.8852],[76.07501,11.8857],[76.07428,11.8859],[76.07359,11.88663],[76.07262,11.88739],[76.07136,11.88798],[76.07037,11.88816],[76.07024,11.88815],[76.06999,11.88791],[76.06725,11.88803],[76.06674,11.88786],[76.06549,11.88786],[76.06467,11.88766],[76.06384,11.88715],[76.06358,11.88713],[76.06332,11.88758],[76.06298,11.88873],[76.0625,11.88933],[76.06201,11.88973],[76.06209,11.89014],[76.06197,11.89057],[76.06181,11.89071],[76.06132,11.89109],[76.06048,11.89131],[76.05946,11.89208],[76.05872,11.89241],[76.05743,11.89273],[76.05585,11.8934],[76.0555,11.8933],[76.05542,11.89319],[76.05544,11.89291],[76.05476,11.89217],[76.05446,11.89143],[76.05451,11.89049],[76.05369,11.89049],[76.05344,11.89063],[76.05275,11.89063],[76.05173,11.89033],[76.0506,11.89033],[76.04975,11.89019],[76.04891,11.88983],[76.04823,11.8891],[76.04766,11.88874],[76.04746,11.88844],[76.0468,11.8881],[76.04655,11.8882],[76.04646,11.8888],[76.04604,11.88947],[76.04515,11.89041],[76.04469,11.89064],[76.04384,11.89071],[76.04301,11.89107],[76.04071,11.891],[76.03953,11.89025],[76.0385,11.8898],[76.03755,11.88972],[76.03705,11.88992],[76.0368,11.88987],[76.03643,11.88953],[76.0362,11.88912],[76.03638,11.88843],[76.03638,11.88794],[76.03625,11.88746],[76.036,11.88702],[76.03573,11.88692],[76.03494,11.88704],[76.03457,11.88691],[76.03425,11.88666],[76.03407,11.88604],[76.03383,11.88602],[76.03334,11.88623],[76.03291,11.88612],[76.03262,11.88584],[76.0326,11.88557],[76.03278,11.88525],[76.03277,11.88507],[76.03266,11.88455],[76.03242,11.88441],[76.03211,11.88445],[76.03172,11.8847],[76.02982,11.88744],[76.02933,11.88794],[76.0291,11.88804],[76.02847,11.88785],[76.02834,11.88746],[76.02815,11.88724],[76.0271,11.88657],[76.02615,11.88644],[76.02535,11.88601],[76.02464,11.88587],[76.02432,11.88585],[76.02403,11.88599],[76.02342,11.88609],[76.02243,11.88597],[76.02182,11.88604],[76.02058,11.88599],[76.01947,11.88616],[76.01791,11.88828],[76.01783,11.88899],[76.01773,11.8891],[76.01677,11.88901],[76.01634,11.8888],[76.01607,11.88887],[76.01598,11.8905],[76.01569,11.89116],[76.01543,11.89219],[76.01538,11.893],[76.01524,11.89336],[76.01499,11.89341],[76.01471,11.89329],[76.01269,11.89214],[76.01166,11.89169],[76.0106,11.89167],[76.01001,11.89148],[76.00941,11.89182],[76.00908,11.89216],[76.00903,11.89234],[76.00912,11.89285],[76.00896,11.89301],[76.00871,11.89307],[76.00775,11.89225],[76.00735,11.89214],[76.00694,11.89224],[76.00607,11.89279],[76.00528,11.89353],[76.00515,11.89436],[76.00509,11.89596],[76.00471,11.89711],[76.00496,11.89831],[76.00494,11.89866],[76.0046,11.89915],[76.0042,11.89943],[76.00365,11.89947],[76.00262,11.9],[76.00133,11.90047],[76.00014,11.90119],[75.99968,11.9013],[75.99893,11.90128],[75.99838,11.90218],[75.99809,11.90293],[75.99767,11.90347],[75.99726,11.90375],[75.99624,11.90395],[75.99558,11.90392],[75.99437,11.9043],[75.99431,11.90432]],[[75.998,11.90221],[75.99738,11.9023],[75.99673,11.90272],[75.99593,11.90358],[75.99592,11.90378],[75.99617,11.90387],[75.99685,11.9038],[75.99747,11.90355],[75.99786,11.90316],[75.99814,11.90263],[75.99817,11.90234],[75.99808,11.90222],[75.998,11.90221]],[[76.0196,11.88606],[76.01993,11.88606],[76.02022,11.88591],[76.02148,11.88591],[76.02077,11.88541],[76.02039,11.88532],[76.01983,11.88558],[76.01944,11.88597],[76.01949,11.88606],[76.0196,11.88606]],[[76.03378,11.88585],[76.03428,11.886],[76.03435,11.88573],[76.03426,11.88532],[76.03345,11.88512],[76.03326,11.88492],[76.03321,11.88455],[76.03293,11.88443],[76.03284,11.88461],[76.03288,11.88518],[76.03268,11.8856],[76.03271,11.88576],[76.03291,11.88597],[76.03326,11.88608],[76.03369,11.88588],[76.03378,11.88585]],[[76.04694,11.88786],[76.04681,11.88778],[76.04672,11.88795],[76.04789,11.88863],[76.04789,11.88835],[76.04725,11.88792],[76.04694,11.88786]],[[76.04731,11.88736],[76.04708,11.88741],[76.04693,11.88767],[76.04801,11.88823],[76.04805,11.88877],[76.04852,11.88906],[76.04816,11.88796],[76.04744,11.88741],[76.04731,11.88736]],[[76.04874,11.88888],[76.04861,11.88885],[76.04876,11.88922],[76.04908,11.88953],[76.04942,11.88935],[76.04928,11.88902],[76.04889,11.88891],[76.04874,11.88888]],[[76.05325,11.89018],[76.05269,11.8901],[76.05253,11.88981],[76.05219,11.88974],[76.04987,11.8897],[76.04964,11.88966],[76.04952,11.88952],[76.04893,11.88964],[76.04916,11.88981],[76.05045,11.89018],[76.05095,11.89012],[76.05201,11.8902],[76.05292,11.89046],[76.05353,11.89039],[76.05334,11.89022],[76.05325,11.89018]]]}},{"type":"Feature","properties":{"class":"Waterbody","fid":"8","landform":"Waterbody"},"geometry":{"type":"Polygon","coordinates":[[[76.30897,11.5946],[76.30832,11.59457],[76.30739,11.59415],[76.30647,11.59447],[76.30628,11.59446],[76.30573,11.59393],[76.30446,11.59376],[76.30316,11.59303],[76.30308,11.59265],[76.30254,11.59242],[76.30233,11.59223],[76.30197,11.59225],[76.30194,11.59191],[76.30154,11.59176],[76.30164,11.5914],[76.30127,11.5907],[76.3009,11.59065],[76.30021,11.59024],[76.2998,11.59014],[76.29878,11.58963],[76.29845,11.58961],[76.29818,11.58947],[76.29674,11.58942],[76.29804,11.5894],[76.29877,11.58959],[76.29982,11.59011],[76.30022,11.59021],[76.30096,11.59064],[76.30125,11.59065],[76.30143,11.59081],[76.30167,11.59144],[76.30159,11.59177],[76.30196,11.59188],[76.302,11.59222],[76.30227,11.59217],[76.30305,11.59259],[76.30319,11.59301],[76.30442,11.5937],[76.30577,11.59391],[76.3062,11.59437],[76.30636,11.59443],[76.30735,11.5941],[76.30836,11.59453],[76.30886,11.59458],[76.30935,11.59443],[76.30968,11.59456],[76.30986,11.59453],[76.31001,11.5944],[76.30985,11.5942],[76.30989,11.59412],[76.31028,11.59404],[76.31039,11.59408],[76.31049,11.59432],[76.31213,11.59395],[76.31287,11.59407],[76.31358,11.59395],[76.31493,11.594],[76.31638,11.59374],[76.31812,11.59324],[76.31968,11.59309],[76.3203,11.59282],[76.32127,11.59267],[76.32175,11.59238],[76.32315,11.59193],[76.32406,11.59146],[76.32518,11.59143],[76.3259,11.59104],[76.32638,11.59115],[76.32648,11.59101],[76.32643,11.59063],[76.32656,11.59026],[76.32716,11.58971],[76.32748,11.58907],[76.32728,11.58961],[76.32655,11.59031],[76.32644,11.59115],[76.32625,11.59119],[76.32584,11.59108],[76.32531,11.59144],[76.32413,11.59149],[76.3231,11.59197],[76.32185,11.59238],[76.32127,11.59271],[76.3204,11.59284],[76.31966,11.59313],[76.31786,11.59334],[76.31636,11.59378],[76.31535,11.59397],[76.31475,11.59404],[76.31364,11.59398],[76.3129,11.59411],[76.31219,11.59397],[76.31042,11.59438],[76.31036,11.59411],[76.31024,11.59406],[76.31017,11.59417],[76.30989,11.59416],[76.31005,11.59444],[76.30981,11.5946],[76.30962,11.5946],[76.30943,11.59447],[76.30904,11.59456],[76.30897,11.5946]]]}},{"type":"Feature","properties":{"class":"Flood plain","fid":"9","landform":"Flood plain"},"geometry":{"type":"Polygon","coordinates":[[[76.03645,11.81838],[76.03665,11.81792],[76.03691,11.81777],[76.03766,11.81767],[76.03821,11.81739],[76.03899,11.81744],[76.0395,11.81758],[76.04037,11.81758],[76.04143,11.81739],[76.04199,11.81744],[76.04228,11.81796],[76.04266,11.81804],[76.04325,11.81785],[76.04384,11.81729],[76.04447,11.81629],[76.04484,11.81601],[76.04564,11.81613],[76.0471,11.81597],[76.04728,11.81587],[76.0476,11.81555],[76.04769,11.81532],[76.04774,11.81504],[76.04765,11.81481],[76.04733,11.81463],[76.04644,11.81442],[76.04479,11.81365],[76.04452,11.81293],[76.04461,11.8127],[76.04502,11.8126],[76.04599,11.81274],[76.04691,11.81302],[76.04874,11.8141],[76.04897,11.8142],[76.04939,11.81419],[76.04998,11.81379],[76.05064,11.81294],[76.05074,11.81258],[76.0507,11.81223],[76.05023,11.81165],[76.05013,11.81076],[76.05018,11.81058],[76.05046,11.8103],[76.05069,11.81026],[76.0511,11.81039],[76.05142,11.81196],[76.05207,11.81265],[76.05271,11.81288],[76.05308,11.81279],[76.0534,11.8121],[76.05345,11.81141],[76.05382,11.81113],[76.05423,11.81136],[76.05501,11.8126],[76.05575,11.81348],[76.05635,11.81353],[76.05658,11.81376],[76.0569,11.81458],[76.05769,11.815],[76.05849,11.81506],[76.0593,11.81463],[76.05943,11.81445],[76.05999,11.81412],[76.06017,11.81371],[76.06068,11.81302],[76.06077,11.8127],[76.06143,11.81212],[76.06182,11.81204],[76.06228,11.81214],[76.06344,11.81187],[76.06385,11.81159],[76.06427,11.81095],[76.06552,11.81103],[76.06639,11.81086],[76.06777,11.81012],[76.06837,11.80952],[76.06862,11.8086],[76.06853,11.80818],[76.0682,11.80753],[76.06817,11.80733],[76.06832,11.80693],[76.06857,11.80693],[76.06879,11.80709],[76.06933,11.80775],[76.06961,11.80783],[76.07015,11.8078],[76.07039,11.80752],[76.07055,11.80709],[76.07058,11.80681],[76.0703,11.80578],[76.07064,11.80531],[76.07103,11.80507],[76.07299,11.80498],[76.07452,11.80394],[76.07462,11.80376],[76.07458,11.80333],[76.07374,11.80263],[76.0732,11.80239],[76.07194,11.80252],[76.07178,11.80242],[76.07175,11.80196],[76.0718,11.80074],[76.07204,11.8004],[76.07243,11.80037],[76.07271,11.80048],[76.0728,11.80093],[76.07309,11.80113],[76.0741,11.80127],[76.07439,11.80117],[76.07458,11.80073],[76.07459,11.80011],[76.07472,11.79955],[76.07466,11.79862],[76.07438,11.79825],[76.0733,11.79761],[76.0727,11.79745],[76.0723,11.7978],[76.07193,11.79773],[76.07183,11.7975],[76.0717,11.79634],[76.0714,11.79563],[76.07082,11.79489],[76.06876,11.79483],[76.06852,11.79502],[76.06866,11.79623],[76.06908,11.79836],[76.06873,11.79905],[76.06836,11.79914],[76.06815,11.79908],[76.068,11.79886],[76.06782,11.79674],[76.06747,11.79619],[76.06684,11.79591],[76.06619,11.79597],[76.06495,11.7969],[76.06411,11.79784],[76.06384,11.79845],[76.06369,11.79943],[76.06377,11.7996],[76.06425,11.80021],[76.06482,11.80055],[76.06561,11.80122],[76.06591,11.80176],[76.06602,11.80271],[76.06598,11.80292],[76.06579,11.80307],[76.06539,11.80303],[76.06489,11.80265],[76.06434,11.80163],[76.06387,11.80125],[76.06322,11.80121],[76.06259,11.80137],[76.06213,11.80177],[76.06203,11.80233],[76.06169,11.80254],[76.06119,11.80244],[76.06061,11.80191],[76.05978,11.80191],[76.05914,11.80237],[76.05744,11.80429],[76.05718,11.8049],[76.05712,11.80577],[76.05694,11.80634],[76.05667,11.80652],[76.05622,11.80647],[76.0559,11.80629],[76.05576,11.80608],[76.05516,11.80594],[76.05422,11.80624],[76.05376,11.80661],[76.05342,11.80652],[76.05328,11.80516],[76.05353,11.80495],[76.05444,11.80504],[76.05511,11.80471],[76.05582,11.8041],[76.05624,11.80274],[76.05673,11.80227],[76.05773,11.80168],[76.05804,11.80111],[76.05789,11.80031],[76.05761,11.7999],[76.05728,11.79968],[76.05663,11.7995],[76.05628,11.7995],[76.05522,11.79978],[76.05475,11.79972],[76.05469,11.79928],[76.05505,11.79873],[76.05564,11.79812],[76.05585,11.79799],[76.05614,11.79797],[76.05739,11.79843],[76.0585,11.79919],[76.05906,11.79921],[76.05943,11.79907],[76.0601,11.79856],[76.06034,11.79823],[76.06071,11.79754],[76.06102,11.79665],[76.06104,11.79631],[76.0603,11.79532],[76.06028,11.79499],[76.06061,11.79497],[76.06159,11.7957],[76.06205,11.79578],[76.06234,11.79568],[76.06274,11.79527],[76.0631,11.79442],[76.06283,11.79381],[76.06184,11.79318],[76.06093,11.79243],[76.06026,11.79167],[76.05971,11.79077],[76.05861,11.79015],[76.05769,11.79013],[76.05727,11.79031],[76.05631,11.7915],[76.05603,11.79197],[76.05572,11.7928],[76.05501,11.79303],[76.0549,11.79256],[76.05554,11.79112],[76.05592,11.79041],[76.05769,11.78855],[76.05782,11.78818],[76.05779,11.78769],[76.05755,11.78737],[76.05683,11.78696],[76.05604,11.78667],[76.05522,11.78663],[76.05482,11.7869],[76.05439,11.78765],[76.05408,11.78794],[76.05353,11.78806],[76.05325,11.78802],[76.05267,11.78769],[76.05172,11.78657],[76.05167,11.78584],[76.05188,11.78539],[76.05227,11.78507],[76.05345,11.78501],[76.05356,11.78485],[76.05343,11.78438],[76.05351,11.78387],[76.05391,11.78341],[76.05457,11.78314],[76.05467,11.78249],[76.05498,11.7824],[76.05564,11.78242],[76.05585,11.78247],[76.05631,11.78293],[76.05686,11.78297],[76.05719,11.78282],[76.0574,11.78253],[76.05747,11.78207],[76.05776,11.78182],[76.05828,11.78175],[76.05841,11.78161],[76.05848,11.78123],[76.05814,11.78028],[76.05737,11.77886],[76.05692,11.77838],[76.05655,11.77821],[76.05584,11.7781],[76.05448,11.77804],[76.05375,11.77823],[76.05326,11.77849],[76.05245,11.77915],[76.05202,11.77976],[76.0519,11.78043],[76.05211,11.7809],[76.05315,11.78243],[76.05307,11.78309],[76.05273,11.78348],[76.05254,11.78352],[76.05234,11.78335],[76.05121,11.78194],[76.05067,11.78176],[76.05036,11.78154],[76.05013,11.78116],[76.05012,11.78068],[76.04998,11.78049],[76.04912,11.78107],[76.04887,11.78136],[76.04763,11.78388],[76.04705,11.78459],[76.04675,11.78459],[76.04654,11.78443],[76.0461,11.78377],[76.0462,11.78335],[76.04663,11.7829],[76.04671,11.78232],[76.04663,11.78205],[76.04642,11.78188],[76.04581,11.78162],[76.04533,11.78126],[76.04528,11.78109],[76.04536,11.78087],[76.04546,11.78079],[76.04568,11.78081],[76.04662,11.78117],[76.04731,11.78102],[76.04807,11.78104],[76.04927,11.78001],[76.05113,11.77865],[76.05231,11.77752],[76.05288,11.77731],[76.05338,11.77734],[76.05353,11.77707],[76.05334,11.77667],[76.05271,11.77647],[76.05253,11.77625],[76.05255,11.776],[76.05301,11.77545],[76.05303,11.7751],[76.05292,11.77501],[76.05274,11.77499],[76.05236,11.77514],[76.05173,11.77578],[76.05105,11.77685],[76.05091,11.77727],[76.05063,11.77765],[76.04996,11.77898],[76.04895,11.77975],[76.04812,11.77996],[76.04624,11.77981],[76.0454,11.77984],[76.04491,11.78009],[76.044,11.78018],[76.0437,11.78036],[76.04357,11.78059],[76.04365,11.78166],[76.04419,11.78241],[76.04543,11.78247],[76.04584,11.78266],[76.04596,11.78284],[76.04593,11.78317],[76.04582,11.78325],[76.0455,11.78325],[76.04504,11.78347],[76.04482,11.78403],[76.04492,11.7846],[76.04536,11.78515],[76.04594,11.78563],[76.04609,11.7859],[76.04611,11.7863],[76.04568,11.78831],[76.04582,11.78896],[76.04613,11.78955],[76.04684,11.78998],[76.04733,11.79006],[76.048,11.78986],[76.0486,11.78914],[76.04878,11.78912],[76.04894,11.78921],[76.04908,11.78986],[76.04952,11.79025],[76.05005,11.79055],[76.05137,11.79091],[76.05182,11.79112],[76.05198,11.79128],[76.05206,11.79157],[76.05198,11.79183],[76.05149,11.7921],[76.05017,11.79177],[76.04974,11.79177],[76.04949,11.79193],[76.04927,11.79236],[76.04933,11.79324],[76.04948,11.7934],[76.05048,11.79379],[76.051,11.79426],[76.05115,11.79471],[76.05092,11.79512],[76.05033,11.79505],[76.04949,11.79469],[76.04854,11.79391],[76.04807,11.79367],[76.04756,11.79373],[76.04707,11.79414],[76.04684,11.79454],[76.04676,11.79501],[76.047,11.79536],[76.04738,11.7956],[76.0481,11.79576],[76.04836,11.79598],[76.04852,11.79646],[76.04857,11.79712],[76.04852,11.79737],[76.04831,11.79753],[76.04755,11.79737],[76.04636,11.79745],[76.04622,11.79753],[76.04581,11.79862],[76.04533,11.79929],[76.04533,11.79982],[76.04585,11.80044],[76.04716,11.8009],[76.04766,11.80127],[76.04771,11.8014],[76.04766,11.80192],[76.04755,11.80203],[76.04717,11.80205],[76.04598,11.8018],[76.04558,11.80207],[76.045,11.80301],[76.04531,11.80351],[76.04543,11.8039],[76.04545,11.80415],[76.04535,11.80433],[76.04505,11.80435],[76.0446,11.8041],[76.04436,11.80408],[76.04411,11.80419],[76.04362,11.80475],[76.04337,11.80485],[76.04226,11.80458],[76.04199,11.80432],[76.0419,11.80397],[76.04203,11.80344],[76.04292,11.80281],[76.04317,11.80253],[76.04337,11.80226],[76.04373,11.80115],[76.04407,11.80071],[76.04378,11.8001],[76.04317,11.79972],[76.04203,11.79827],[76.04186,11.79818],[76.04153,11.79756],[76.04099,11.79728],[76.04069,11.79726],[76.04035,11.79771],[76.0402,11.79778],[76.03872,11.79754],[76.03823,11.79793],[76.03795,11.79848],[76.03785,11.79885],[76.03787,11.80039],[76.03821,11.801],[76.03857,11.80133],[76.03881,11.80172],[76.03879,11.80204],[76.03852,11.80241],[76.0378,11.80256],[76.03722,11.80252],[76.0348,11.80168],[76.03414,11.80172],[76.03378,11.80188],[76.03337,11.80286],[76.03349,11.80409],[76.03485,11.80627],[76.03467,11.8065],[76.03423,11.80656],[76.03379,11.80703],[76.03336,11.80705],[76.03318,11.80684],[76.03315,11.80616],[76.0329,11.80527],[76.0326,11.80489],[76.0323,11.80416],[76.03217,11.80336],[76.0324,11.80241],[76.03232,11.80195],[76.03212,11.80175],[76.03159,11.80187],[76.03072,11.80183],[76.0298,11.80137],[76.02903,11.80063],[76.02879,11.80053],[76.02837,11.80055],[76.02815,11.80081],[76.02803,11.80118],[76.0278,11.80404],[76.02818,11.8049],[76.02983,11.80595],[76.02998,11.80615],[76.02993,11.80651],[76.02953,11.80668],[76.02863,11.8064],[76.02813,11.8065],[76.0274,11.80732],[76.02711,11.80835],[76.02658,11.80848],[76.02594,11.80795],[76.02575,11.80745],[76.02603,11.80694],[76.02686,11.80651],[76.02691,11.80612],[76.0265,11.80484],[76.02611,11.80457],[76.02563,11.8045],[76.02485,11.80462],[76.02449,11.80478],[76.02401,11.80524],[76.02366,11.80595],[76.02336,11.80747],[76.02336,11.80877],[76.02325,11.80914],[76.02303,11.80924],[76.02275,11.80917],[76.02188,11.8075],[76.02171,11.80749],[76.02135,11.80772],[76.02072,11.80848],[76.02048,11.81014],[76.02055,11.81085],[76.02099,11.81257],[76.02103,11.81377],[76.02087,11.81386],[76.0199,11.81266],[76.01945,11.8119],[76.01926,11.81129],[76.01931,11.80842],[76.01891,11.80828],[76.01825,11.8084],[76.01774,11.80808],[76.01729,11.80714],[76.01684,11.80656],[76.01592,11.80558],[76.01543,11.80532],[76.01493,11.80489],[76.01454,11.80422],[76.01455,11.80361],[76.01517,11.80347],[76.01547,11.80352],[76.0162,11.80429],[76.0173,11.80514],[76.01828,11.80538],[76.01948,11.80535],[76.02029,11.80521],[76.02131,11.80489],[76.02181,11.80449],[76.02216,11.80386],[76.02211,11.80318],[76.02193,11.80298],[76.02108,11.80255],[76.0211,11.80225],[76.02121,11.8021],[76.02133,11.80209],[76.02204,11.80224],[76.02291,11.80221],[76.02332,11.80212],[76.02377,11.80178],[76.02414,11.80129],[76.02432,11.80072],[76.0238,11.79943],[76.0238,11.79917],[76.02405,11.799],[76.02481,11.799],[76.02534,11.79884],[76.02551,11.79846],[76.02549,11.798],[76.02442,11.79697],[76.02384,11.79607],[76.02322,11.79455],[76.02272,11.7942],[76.02234,11.79427],[76.02188,11.7948],[76.02081,11.79569],[76.01977,11.79631],[76.01962,11.79635],[76.01923,11.79614],[76.01917,11.79586],[76.01951,11.79558],[76.01958,11.795],[76.01932,11.79444],[76.01889,11.79403],[76.01881,11.7932],[76.01898,11.79301],[76.01947,11.79305],[76.01983,11.7932],[76.02033,11.79359],[76.02069,11.79376],[76.02101,11.79378],[76.02131,11.79352],[76.0217,11.7926],[76.02202,11.79256],[76.02307,11.79312],[76.02472,11.79363],[76.02548,11.79399],[76.02583,11.794],[76.02609,11.79389],[76.02626,11.7936],[76.02623,11.79332],[76.02441,11.7908],[76.02305,11.7894],[76.02233,11.78895],[76.02096,11.78836],[76.01985,11.7883],[76.01874,11.7886],[76.01801,11.78926],[76.01788,11.78949],[76.01784,11.78988],[76.0179,11.79058],[76.01801,11.79081],[76.01793,11.79105],[76.01747,11.79105],[76.01722,11.7909],[76.01667,11.79084],[76.01634,11.79103],[76.01608,11.79138],[76.01575,11.79242],[76.01474,11.79345],[76.01416,11.79347],[76.01388,11.79332],[76.01375,11.79319],[76.01367,11.79285],[76.01373,11.79249],[76.01495,11.79118],[76.01536,11.79049],[76.01558,11.78982],[76.01672,11.78813],[76.01658,11.78795],[76.01574,11.78768],[76.01535,11.7872],[76.01534,11.78698],[76.01489,11.78684],[76.01477,11.7869],[76.01472,11.78708],[76.01483,11.78852],[76.01472,11.78865],[76.0145,11.78865],[76.01433,11.7879],[76.01377,11.78651],[76.01384,11.78494],[76.01411,11.78476],[76.01437,11.78481],[76.01451,11.78494],[76.01526,11.78491],[76.01561,11.78414],[76.01625,11.7841],[76.01636,11.78402],[76.01701,11.78228],[76.01705,11.78167],[76.01686,11.78073],[76.01684,11.77959],[76.01678,11.77938],[76.01634,11.77888],[76.01597,11.77876],[76.01573,11.77879],[76.01291,11.78],[76.01248,11.78028],[76.01071,11.78049],[76.01079,11.78102],[76.01139,11.7818],[76.01141,11.78233],[76.01132,11.78264],[76.01018,11.78448],[76.01007,11.78613],[76.00971,11.78672],[76.00952,11.78693],[76.00868,11.78709],[76.0083,11.78742],[76.00827,11.78906],[76.00872,11.79007],[76.00889,11.79022],[76.00893,11.79062],[76.00881,11.79082],[76.00853,11.79088],[76.00767,11.78995],[76.00748,11.78925],[76.00742,11.78801],[76.00693,11.78793],[76.00557,11.78829],[76.00503,11.78829],[76.00474,11.78798],[76.00474,11.78774],[76.00453,11.78742],[76.00408,11.7873],[76.00246,11.78628],[76.00218,11.78633],[76.00207,11.78648],[76.00219,11.78702],[76.00304,11.78911],[76.0031,11.78964],[76.00348,11.79088],[76.00354,11.79202],[76.00318,11.79277],[76.0028,11.79302],[76.00207,11.79306],[76.00105,11.7925],[76.00087,11.79251],[76.00057,11.79278],[76.00079,11.79435],[76.00078,11.79495],[76.00053,11.7959],[76.00051,11.79687],[76.00016,11.79839],[75.99979,11.79883],[75.99918,11.79916],[75.99911,11.79975],[75.9992,11.80068],[75.99959,11.80133],[76.00011,11.80182],[76.00023,11.8021],[76.00017,11.80245],[75.99983,11.80261],[75.9993,11.80257],[75.99898,11.8027],[75.9987,11.80304],[75.99807,11.80342],[75.99783,11.80335],[75.99755,11.80308],[75.9976,11.80121],[75.99744,11.8005],[75.99747,11.80011],[75.99779,11.79947],[75.99776,11.79922],[75.99761,11.79901],[75.99706,11.79914],[75.99593,11.79903],[75.99561,11.79909],[75.99395,11.79979],[75.99387,11.80004],[75.99395,11.80026],[75.99468,11.80108],[75.99482,11.80145],[75.99504,11.80235],[75.99492,11.80275],[75.99462,11.80267],[75.99415,11.80173],[75.99355,11.80085],[75.99273,11.80003],[75.99115,11.7999],[75.99087,11.79998],[75.99093,11.80078],[75.99149,11.80195],[75.99167,11.80269],[75.99167,11.80331],[75.9915,11.80375],[75.99155,11.80448],[75.99253,11.80629],[75.99332,11.8071],[75.99411,11.80767],[75.99468,11.80787],[75.99718,11.8082],[75.99742,11.8084],[75.99742,11.8086],[75.99724,11.80886],[75.99662,11.80923],[75.9964,11.80953],[75.99638,11.80983],[75.9967,11.81079],[75.99724,11.81158],[75.99768,11.81202],[75.99845,11.81256],[75.99879,11.8126],[75.99919,11.81248],[76.00014,11.8114],[76.0005,11.81122],[76.00098,11.81128],[76.0014,11.81148],[76.00168,11.8117],[76.00182,11.81204],[76.0018,11.81333],[76.00144,11.8136],[76.00106,11.81361],[76.0003,11.81311],[75.99951,11.81293],[75.99891,11.81301],[75.99859,11.81337],[75.99837,11.81387],[75.99845,11.81443],[75.99875,11.81476],[75.99927,11.81504],[75.99939,11.81538],[75.99915,11.81556],[75.99851,11.81571],[75.99769,11.81555],[75.99712,11.81561],[75.99696,11.81596],[75.99699,11.81637],[75.9971,11.81662],[75.99783,11.81735],[75.99782,11.81781],[75.99668,11.8187],[75.99666,11.81916],[75.9964,11.81953],[75.9959,11.81941],[75.99567,11.81954],[75.99557,11.81995],[75.99562,11.82073],[75.99551,11.82094],[75.99525,11.82113],[75.99482,11.82106],[75.99445,11.82063],[75.99396,11.82033],[75.99374,11.82024],[75.99253,11.82024],[75.9922,11.81997],[75.99214,11.8198],[75.9921,11.81939],[75.99225,11.81912],[75.99248,11.81897],[75.99329,11.81886],[75.99365,11.81828],[75.99369,11.81758],[75.99418,11.81651],[75.99497,11.81269],[75.99487,11.81224],[75.99461,11.81203],[75.99435,11.81155],[75.99383,11.80964],[75.99342,11.80888],[75.99183,11.80732],[75.99107,11.80574],[75.99026,11.80452],[75.99001,11.80371],[75.98932,11.80264],[75.98909,11.80241],[75.98846,11.80221],[75.98778,11.80237],[75.98753,11.80251],[75.98717,11.80346],[75.98672,11.80422],[75.98644,11.80542],[75.98492,11.806],[75.98584,11.80721],[75.98615,11.80731],[75.98668,11.80731],[75.98781,11.80706],[75.98859,11.80644],[75.9889,11.8064],[75.98925,11.8065],[75.9895,11.80682],[75.98952,11.80753],[75.98949,11.80801],[75.989,11.80937],[75.98901,11.80984],[75.9892,11.8103],[75.98946,11.81075],[75.99036,11.8117],[75.9911,11.81213],[75.99214,11.81247],[75.99271,11.81295],[75.99271,11.81322],[75.99244,11.81347],[75.99189,11.81342],[75.99085,11.81308],[75.99054,11.81283],[75.99006,11.81281],[75.98972,11.81295],[75.98921,11.81338],[75.9888,11.81348],[75.98812,11.81338],[75.98793,11.81354],[75.98794,11.81388],[75.98808,11.81424],[75.9888,11.81543],[75.98909,11.81566],[75.99043,11.8162],[75.99106,11.81675],[75.991,11.81722],[75.99077,11.81743],[75.9901,11.8175],[75.9897,11.8174],[75.98773,11.81553],[75.98722,11.81483],[75.98727,11.81369],[75.98694,11.81347],[75.98667,11.81365],[75.9862,11.81469],[75.98534,11.8151],[75.98457,11.81464],[75.98432,11.81462],[75.98374,11.81499],[75.98357,11.81559],[75.98426,11.81631],[75.9849,11.8173],[75.98608,11.81821],[75.98678,11.81852],[75.98801,11.81863],[75.98878,11.81897],[75.98906,11.81958],[75.98919,11.82075],[75.98969,11.82153],[75.99038,11.82192],[75.99041,11.82223],[75.99019,11.82243],[75.98985,11.82246],[75.98886,11.82223],[75.98839,11.82268],[75.9869,11.82269],[75.98658,11.82301],[75.98622,11.82398],[75.98627,11.82524],[75.98643,11.826],[75.98634,11.82623],[75.98594,11.8263],[75.98557,11.82608],[75.98529,11.82564],[75.98535,11.82464],[75.98507,11.82375],[75.98505,11.82339],[75.98514,11.82301],[75.98559,11.82226],[75.98583,11.82122],[75.98563,11.8207],[75.98527,11.8202],[75.98495,11.81993],[75.98453,11.81968],[75.98377,11.81959],[75.98313,11.82002],[75.98256,11.82103],[75.98244,11.82153],[75.98244,11.82352],[75.98186,11.8248],[75.98188,11.82603],[75.98178,11.8263],[75.98128,11.82688],[75.98088,11.82692],[75.98058,11.82678],[75.98053,11.82611],[75.98082,11.82435],[75.98126,11.82273],[75.98111,11.82065],[75.98072,11.82026],[75.97977,11.82015],[75.97882,11.81976],[75.97846,11.81931],[75.978,11.81896],[75.9775,11.81904],[75.97656,11.81953],[75.97591,11.81949],[75.97565,11.81995],[75.97563,11.82113],[75.9759,11.82139],[75.97657,11.82172],[75.9766,11.82237],[75.97641,11.82292],[75.97647,11.82354],[75.97668,11.82377],[75.9773,11.82408],[75.97748,11.82436],[75.97761,11.82485],[75.97809,11.82559],[75.97814,11.82622],[75.97798,11.82652],[75.97798,11.82697],[75.97806,11.82716],[75.97831,11.82731],[75.97839,11.82748],[75.97832,11.82769],[75.97746,11.82796],[75.97659,11.82838],[75.97628,11.82858],[75.9753,11.82959],[75.97467,11.82995],[75.97379,11.83026],[75.97371,11.83116],[75.97411,11.83246],[75.974,11.83271],[75.97375,11.83288],[75.97335,11.83294],[75.97311,11.83277],[75.97302,11.83259],[75.97285,11.83067],[75.9727,11.83055],[75.97254,11.83056],[75.97208,11.83075],[75.97142,11.83143],[75.97074,11.83181],[75.97003,11.83171],[75.96927,11.83147],[75.96851,11.83153],[75.96789,11.83203],[75.96703,11.83319],[75.96613,11.83408],[75.9645,11.83423],[75.96439,11.83395],[75.96491,11.83393],[75.96543,11.83358],[75.96597,11.83353],[75.9663,11.83334],[75.96706,11.83243],[75.96742,11.83161],[75.9678,11.83122],[75.96923,11.83107],[75.96966,11.83116],[75.97018,11.83149],[75.97056,11.83158],[75.97151,11.83118],[75.97218,11.83015],[75.97258,11.83012],[75.97308,11.82978],[75.97411,11.82934],[75.97466,11.829],[75.97531,11.82889],[75.97577,11.8281],[75.97638,11.82798],[75.97695,11.82805],[75.97715,11.8279],[75.97738,11.82697],[75.97787,11.82643],[75.97792,11.82569],[75.97747,11.8253],[75.97741,11.82498],[75.97726,11.82476],[75.97722,11.82436],[75.97633,11.82365],[75.97599,11.8232],[75.976,11.8229],[75.97622,11.82263],[75.97607,11.82228],[75.97639,11.82213],[75.97637,11.82191],[75.97607,11.82167],[75.97548,11.82169],[75.97526,11.82139],[75.97514,11.82095],[75.97527,11.82079],[75.9753,11.82053],[75.97509,11.81977],[75.97534,11.81946],[75.97536,11.81911],[75.9755,11.81902],[75.97598,11.81899],[75.97642,11.81922],[75.97696,11.81921],[75.97764,11.81847],[75.97873,11.81817],[75.9796,11.81885],[75.98036,11.81919],[75.9806,11.81946],[75.98062,11.81977],[75.98098,11.82001],[75.9814,11.82012],[75.98199,11.82],[75.98235,11.81972],[75.98254,11.81939],[75.9828,11.8193],[75.98323,11.81869],[75.98432,11.81819],[75.98435,11.81807],[75.98469,11.81794],[75.98479,11.81769],[75.98473,11.81732],[75.98328,11.81553],[75.98319,11.815],[75.98421,11.8142],[75.98448,11.81421],[75.98476,11.81438],[75.98602,11.81454],[75.98653,11.81373],[75.9866,11.81338],[75.98698,11.8131],[75.98713,11.81287],[75.98776,11.81254],[75.98797,11.81253],[75.98876,11.81292],[75.98904,11.81291],[75.98917,11.8127],[75.98905,11.81239],[75.98883,11.81226],[75.98891,11.81218],[75.98896,11.81164],[75.98927,11.81104],[75.98927,11.81083],[75.98853,11.81044],[75.9884,11.81025],[75.98813,11.81017],[75.98792,11.80975],[75.98729,11.80966],[75.98721,11.80937],[75.98785,11.80832],[75.98802,11.80776],[75.98927,11.80726],[75.98943,11.80705],[75.98938,11.80677],[75.98911,11.80658],[75.98883,11.80656],[75.98853,11.8068],[75.98837,11.80712],[75.98756,11.80745],[75.9873,11.80791],[75.98645,11.80807],[75.98595,11.80799],[75.98569,11.80757],[75.98523,11.80748],[75.98512,11.80735],[75.98466,11.80659],[75.98464,11.80635],[75.98476,11.80608],[75.98467,11.80584],[75.98403,11.80523],[75.98361,11.80466],[75.98361,11.80447],[75.98389,11.80398],[75.98463,11.80344],[75.98489,11.80314],[75.98572,11.80274],[75.98728,11.80243],[75.98739,11.80206],[75.98711,11.8016],[75.98714,11.80041],[75.98781,11.79993],[75.98873,11.79959],[75.98876,11.79911],[75.9886,11.79847],[75.9893,11.79766],[75.98961,11.79746],[75.9904,11.79767],[75.99071,11.79798],[75.99096,11.79892],[75.99146,11.79936],[75.99216,11.79955],[75.99344,11.79944],[75.99454,11.79908],[75.99512,11.79877],[75.99661,11.79764],[75.99709,11.79739],[75.99746,11.79742],[75.99763,11.79753],[75.99816,11.79843],[75.9988,11.79886],[75.99924,11.79886],[75.99996,11.79836],[76.00014,11.7976],[76.00019,11.79665],[76.00032,11.79625],[76.00052,11.79452],[76.00023,11.79339],[75.99954,11.79179],[75.99954,11.79137],[75.99976,11.79119],[75.99998,11.79118],[76.00052,11.79139],[76.00201,11.79253],[76.00237,11.79265],[76.00307,11.7926],[76.00323,11.79247],[76.00338,11.79202],[76.00284,11.78941],[76.0021,11.78776],[76.00208,11.78743],[76.00178,11.78693],[76.00169,11.78646],[76.00174,11.78612],[76.00204,11.78601],[76.00233,11.7861],[76.0043,11.78711],[76.00555,11.78727],[76.00797,11.78668],[76.00835,11.78646],[76.00889,11.78596],[76.00961,11.78469],[76.01108,11.78264],[76.01091,11.78179],[76.01006,11.78016],[76.01011,11.77998],[76.01051,11.77965],[76.01362,11.77889],[76.01442,11.77855],[76.01492,11.77816],[76.01524,11.77809],[76.01594,11.7781],[76.01672,11.77831],[76.01695,11.77862],[76.01714,11.77915],[76.01721,11.77969],[76.01703,11.78035],[76.0173,11.78226],[76.01701,11.7834],[76.01594,11.78485],[76.01492,11.78582],[76.01497,11.78629],[76.01554,11.787],[76.01645,11.7877],[76.01693,11.78774],[76.01723,11.78757],[76.01807,11.78749],[76.01865,11.7873],[76.01922,11.78696],[76.0202,11.78617],[76.02087,11.78602],[76.02113,11.78608],[76.02192,11.78659],[76.0229,11.78696],[76.02359,11.78735],[76.0248,11.78755],[76.02549,11.78793],[76.02579,11.78824],[76.0259,11.78858],[76.02586,11.78974],[76.026,11.79043],[76.02695,11.79207],[76.02739,11.79365],[76.02748,11.7945],[76.0277,11.79506],[76.02883,11.79717],[76.0298,11.79811],[76.03097,11.80034],[76.0312,11.80058],[76.03143,11.80063],[76.03217,11.80053],[76.03408,11.80063],[76.03583,11.80113],[76.03632,11.80115],[76.03673,11.80111],[76.03704,11.80089],[76.03735,11.79991],[76.03737,11.79917],[76.0377,11.79784],[76.03799,11.79729],[76.03867,11.79512],[76.04057,11.79288],[76.04132,11.79158],[76.04273,11.78988],[76.0429,11.78917],[76.04276,11.78825],[76.04305,11.78745],[76.0433,11.78731],[76.04436,11.78758],[76.04526,11.78759],[76.04578,11.78718],[76.04605,11.78633],[76.04599,11.78601],[76.04491,11.78498],[76.04472,11.78426],[76.04429,11.78362],[76.04416,11.78273],[76.04348,11.782],[76.04282,11.78104],[76.0425,11.78027],[76.04259,11.77998],[76.04646,11.77944],[76.0482,11.77958],[76.04919,11.77945],[76.04971,11.77897],[76.05025,11.77788],[76.05054,11.77753],[76.05076,11.777],[76.05078,11.77641],[76.05209,11.77491],[76.05284,11.77425],[76.05328,11.77338],[76.05346,11.77311],[76.05367,11.77299],[76.05392,11.77304],[76.05453,11.77417],[76.05457,11.77448],[76.05402,11.77544],[76.054,11.77575],[76.05408,11.77664],[76.05441,11.77689],[76.05489,11.77693],[76.05511,11.77684],[76.05579,11.77639],[76.05761,11.77554],[76.0584,11.77535],[76.05952,11.7753],[76.06001,11.77592],[76.06001,11.77661],[76.06018,11.77742],[76.06007,11.77817],[76.06018,11.779],[76.0608,11.78075],[76.06085,11.78101],[76.06072,11.7816],[76.06074,11.78196],[76.06091,11.78281],[76.06123,11.78348],[76.06127,11.78404],[76.06152,11.78473],[76.06185,11.7862],[76.06202,11.78872],[76.06187,11.7892],[76.06169,11.78944],[76.06145,11.79126],[76.06169,11.79224],[76.06226,11.79271],[76.06306,11.79317],[76.06569,11.79423],[76.06602,11.79428],[76.06673,11.79416],[76.06701,11.794],[76.06802,11.79288],[76.06894,11.7924],[76.06939,11.79222],[76.0699,11.79217],[76.07042,11.79244],[76.07059,11.79285],[76.07091,11.79316],[76.07188,11.79475],[76.07236,11.79532],[76.07283,11.79571],[76.07374,11.79598],[76.07492,11.79707],[76.07497,11.79788],[76.07477,11.7983],[76.07494,11.79888],[76.07673,11.8022],[76.07722,11.80352],[76.07724,11.80397],[76.07778,11.80488],[76.07835,11.80632],[76.07745,11.80642],[76.07687,11.80603],[76.07646,11.80597],[76.07606,11.80575],[76.07529,11.80561],[76.07493,11.80568],[76.07441,11.80624],[76.07404,11.80634],[76.07376,11.80629],[76.07349,11.80591],[76.07321,11.80591],[76.07277,11.80633],[76.07277,11.80681],[76.07259,11.80725],[76.07229,11.80736],[76.07211,11.80718],[76.07194,11.80721],[76.07135,11.80852],[76.07106,11.80884],[76.07027,11.80901],[76.06997,11.80938],[76.06927,11.80954],[76.06869,11.81016],[76.06791,11.81042],[76.06741,11.81103],[76.06719,11.81108],[76.06654,11.81099],[76.0662,11.81138],[76.06584,11.81146],[76.06558,11.81189],[76.06506,11.81162],[76.06474,11.81176],[76.06458,11.81199],[76.06428,11.81218],[76.06338,11.81219],[76.06218,11.81242],[76.06158,11.81279],[76.06143,11.81375],[76.06108,11.81425],[76.06076,11.81442],[76.05991,11.81458],[76.05923,11.81495],[76.05902,11.81511],[76.05868,11.81567],[76.05841,11.81584],[76.05786,11.81579],[76.05676,11.8151],[76.05573,11.81417],[76.05468,11.81398],[76.0544,11.81373],[76.05415,11.81368],[76.05393,11.81344],[76.0538,11.81345],[76.05364,11.81379],[76.05343,11.8139],[76.05288,11.8135],[76.05159,11.8135],[76.05069,11.81412],[76.05026,11.81453],[76.04975,11.81477],[76.04912,11.81533],[76.04869,11.81615],[76.048,11.81615],[76.04778,11.81644],[76.04704,11.81653],[76.0462,11.81708],[76.04582,11.81698],[76.04533,11.81719],[76.04456,11.81728],[76.04426,11.81746],[76.04352,11.8183],[76.0425,11.81831],[76.04189,11.81814],[76.04077,11.81813],[76.04005,11.81796],[76.03928,11.81817],[76.03822,11.81814],[76.03728,11.81835],[76.03651,11.81838],[76.03645,11.81838]],[[76.05392,11.78537],[76.05353,11.78564],[76.05345,11.78604],[76.05351,11.78644],[76.05383,11.7865],[76.05477,11.78629],[76.05509,11.78568],[76.05503,11.78537],[76.05396,11.78535],[76.05392,11.78537]],[[76.0561,11.78535],[76.05658,11.78552],[76.0576,11.78561],[76.05788,11.78582],[76.05861,11.78608],[76.05883,11.786],[76.05896,11.78576],[76.05906,11.78504],[76.05867,11.78423],[76.05824,11.78396],[76.05748,11.78388],[76.05635,11.78442],[76.05593,11.78489],[76.05597,11.78528],[76.0561,11.78535]],[[76.0262,11.79451],[76.02572,11.79485],[76.02564,11.79509],[76.02565,11.79577],[76.02598,11.79616],[76.02637,11.79624],[76.02698,11.79671],[76.02724,11.79659],[76.0272,11.79607],[76.02703,11.79562],[76.02695,11.7949],[76.02682,11.79464],[76.02656,11.79445],[76.0262,11.79451]],[[75.98785,11.82167],[75.9883,11.82148],[75.98866,11.82091],[75.98866,11.82036],[75.98843,11.81972],[75.98802,11.81929],[75.98758,11.81904],[75.98693,11.81893],[75.98638,11.81898],[75.98586,11.81952],[75.98595,11.82005],[75.98697,11.82147],[75.98719,11.82166],[75.98751,11.82174],[75.98785,11.82167]]]}},{"type":"Feature","properties":{"class":"Flood plain","fid":"10","landform":"Flood plain"},"geometry":{"type":"Polygon","coordinates":[[[76.20829,11.86037],[76.20439,11.86027],[76.20337,11.8604],[76.2018,11.86104],[76.20144,11.86107],[76.20123,11.86093],[76.2012,11.86072],[76.2013,11.85945],[76.20096,11.85948],[76.20065,11.85981],[76.20046,11.86058],[76.20003,11.86073],[76.19967,11.86063],[76.1993,11.86031],[76.19902,11.8605],[76.19932,11.86129],[76.19975,11.8614],[76.20055,11.86137],[76.20096,11.86156],[76.20114,11.86185],[76.2011,11.86224],[76.20051,11.86362],[76.19951,11.86468],[76.19942,11.86488],[76.19841,11.86537],[76.19719,11.86646],[76.19678,11.8666],[76.19503,11.86771],[76.19434,11.86792],[76.1939,11.86831],[76.19189,11.86958],[76.19078,11.87008],[76.18966,11.87037],[76.18764,11.87018],[76.18708,11.87022],[76.18531,11.86996],[76.18393,11.86921],[76.18299,11.86888],[76.18004,11.8687],[76.17931,11.86874],[76.1781,11.86899],[76.17728,11.86947],[76.17657,11.86968],[76.17552,11.86981],[76.17408,11.86976],[76.1719,11.86911],[76.17121,11.86852],[76.17048,11.86816],[76.1692,11.86722],[76.16783,11.86671],[76.16713,11.86631],[76.16594,11.86589],[76.16463,11.86628],[76.16354,11.86673],[76.16288,11.86719],[76.16238,11.86771],[76.16113,11.86841],[76.15897,11.8691],[76.15792,11.8692],[76.15747,11.86911],[76.15726,11.86897],[76.15675,11.86852],[76.15604,11.86764],[76.15573,11.86742],[76.15534,11.86729],[76.15482,11.86727],[76.15368,11.86693],[76.1525,11.86639],[76.1515,11.86564],[76.15018,11.86518],[76.14944,11.86504],[76.14727,11.86563],[76.1469,11.86568],[76.14662,11.86559],[76.14603,11.8651],[76.14571,11.86468],[76.14457,11.86289],[76.14389,11.86245],[76.14356,11.86211],[76.14336,11.86146],[76.14276,11.86026],[76.14247,11.85989],[76.14163,11.85935],[76.1412,11.85889],[76.14067,11.85866],[76.14027,11.85829],[76.13934,11.85779],[76.1385,11.85747],[76.13792,11.85702],[76.1372,11.85691],[76.13661,11.85647],[76.1358,11.85542],[76.13512,11.85384],[76.13438,11.85291],[76.13395,11.85255],[76.13078,11.85074],[76.12978,11.85035],[76.12898,11.85026],[76.12626,11.84902],[76.12421,11.8486],[76.1235,11.84823],[76.12313,11.84744],[76.12271,11.84693],[76.12253,11.84607],[76.12261,11.84568],[76.12296,11.84521],[76.12309,11.84484],[76.12314,11.84429],[76.12302,11.84369],[76.12259,11.84341],[76.12132,11.84333],[76.11964,11.84287],[76.11867,11.84232],[76.11844,11.84185],[76.1185,11.8413],[76.11922,11.84114],[76.11949,11.84082],[76.11954,11.84046],[76.11919,11.84012],[76.11884,11.83996],[76.11737,11.83967],[76.11707,11.83976],[76.11649,11.84019],[76.11629,11.84018],[76.11476,11.83948],[76.11417,11.8391],[76.11362,11.83903],[76.11317,11.83869],[76.11243,11.83843],[76.11089,11.83891],[76.10999,11.83881],[76.10952,11.83888],[76.10931,11.83885],[76.10912,11.83868],[76.10871,11.83865],[76.10603,11.83861],[76.10501,11.83835],[76.1041,11.83835],[76.10246,11.83732],[76.10049,11.83633],[76.10007,11.8359],[76.0994,11.8348],[76.09902,11.83449],[76.09843,11.83363],[76.09821,11.83346],[76.09762,11.83329],[76.09722,11.83258],[76.09654,11.83238],[76.09607,11.83205],[76.09573,11.83149],[76.09536,11.82963],[76.09512,11.8293],[76.09468,11.82896],[76.09457,11.82855],[76.09474,11.82784],[76.09515,11.82701],[76.09539,11.82626],[76.09554,11.82525],[76.09512,11.82179],[76.09521,11.8202],[76.09537,11.81969],[76.09641,11.81832],[76.09652,11.81781],[76.09633,11.81598],[76.09658,11.81514],[76.09611,11.81259],[76.09595,11.81226],[76.09608,11.81178],[76.09591,11.8115],[76.09617,11.81104],[76.0962,11.81077],[76.09605,11.81045],[76.09599,11.80996],[76.09573,11.8094],[76.09575,11.80898],[76.09644,11.80801],[76.09631,11.80734],[76.09599,11.80695],[76.09503,11.80666],[76.09464,11.80619],[76.09435,11.80606],[76.09375,11.80614],[76.09319,11.80596],[76.09203,11.80594],[76.09143,11.80555],[76.09093,11.80543],[76.09034,11.8047],[76.08959,11.8047],[76.08829,11.80406],[76.08744,11.804],[76.08693,11.80413],[76.08656,11.80439],[76.08602,11.80497],[76.08546,11.80594],[76.08468,11.8065],[76.08192,11.80772],[76.08057,11.80749],[76.08038,11.80736],[76.07944,11.80604],[76.07861,11.80526],[76.07841,11.80496],[76.07809,11.8028],[76.0774,11.80174],[76.0765,11.80069],[76.07648,11.80043],[76.07595,11.79927],[76.07601,11.79864],[76.07625,11.798],[76.07737,11.79593],[76.07747,11.79533],[76.07742,11.79492],[76.07719,11.79434],[76.07642,11.79313],[76.07539,11.79182],[76.07396,11.79037],[76.07373,11.78977],[76.07317,11.78901],[76.07306,11.78858],[76.07308,11.78746],[76.07378,11.78435],[76.07371,11.78325],[76.07349,11.78266],[76.07281,11.78173],[76.07162,11.78073],[76.07038,11.77812],[76.07027,11.77712],[76.06997,11.77607],[76.06947,11.77333],[76.0695,11.77284],[76.0697,11.7724],[76.06998,11.77221],[76.07069,11.77199],[76.07198,11.77172],[76.0737,11.77038],[76.07417,11.77017],[76.07519,11.76901],[76.07618,11.76852],[76.07677,11.76855],[76.07714,11.76879],[76.07819,11.77008],[76.07847,11.77024],[76.07914,11.77015],[76.08032,11.76963],[76.08155,11.76891],[76.08186,11.76847],[76.08188,11.76809],[76.08233,11.76792],[76.08243,11.76779],[76.0825,11.76742],[76.08222,11.7667],[76.08217,11.76623],[76.08224,11.76584],[76.08245,11.76555],[76.08276,11.7655],[76.08363,11.76589],[76.0839,11.76626],[76.08393,11.76673],[76.08435,11.76718],[76.08447,11.7677],[76.08514,11.76827],[76.08631,11.76878],[76.08755,11.76891],[76.08783,11.76869],[76.08806,11.76867],[76.08819,11.76875],[76.0883,11.76936],[76.08877,11.76969],[76.08903,11.76968],[76.08918,11.76957],[76.08918,11.76905],[76.08945,11.76894],[76.08954,11.76854],[76.08869,11.768],[76.08856,11.76779],[76.08866,11.76753],[76.08881,11.76748],[76.08915,11.76771],[76.09023,11.76778],[76.09057,11.76791],[76.09071,11.76811],[76.09062,11.76848],[76.09074,11.76859],[76.09129,11.7685],[76.09161,11.76821],[76.0918,11.76819],[76.09189,11.76882],[76.09212,11.76931],[76.09188,11.76945],[76.09188,11.76962],[76.09232,11.76978],[76.0925,11.77025],[76.09293,11.7707],[76.09335,11.77083],[76.09356,11.77114],[76.09394,11.77112],[76.09429,11.77138],[76.09448,11.77131],[76.09453,11.77096],[76.09436,11.77012],[76.09399,11.76981],[76.09412,11.76962],[76.09483,11.76958],[76.09544,11.77026],[76.09566,11.77031],[76.09587,11.77015],[76.09605,11.76968],[76.09631,11.76946],[76.09643,11.76946],[76.09652,11.76962],[76.09647,11.7699],[76.09683,11.77001],[76.09707,11.77044],[76.09721,11.77046],[76.09743,11.77037],[76.09727,11.77003],[76.09724,11.76964],[76.09746,11.76939],[76.09764,11.76944],[76.09865,11.7703],[76.09885,11.77027],[76.09897,11.77008],[76.09946,11.77014],[76.09969,11.76978],[76.09966,11.76952],[76.09935,11.76932],[76.09928,11.76855],[76.09925,11.76925],[76.0996,11.76966],[76.09955,11.76986],[76.09935,11.77007],[76.09895,11.76996],[76.09874,11.77015],[76.09856,11.77015],[76.09761,11.76929],[76.09728,11.76939],[76.09714,11.76959],[76.0972,11.77014],[76.09729,11.77023],[76.09724,11.77034],[76.09709,11.77029],[76.09689,11.76991],[76.09666,11.76983],[76.09655,11.76947],[76.0964,11.76933],[76.09603,11.7695],[76.09578,11.77015],[76.09567,11.77018],[76.09546,11.7701],[76.09485,11.76947],[76.09404,11.76955],[76.09393,11.76964],[76.09395,11.7699],[76.09429,11.77016],[76.09441,11.7709],[76.09441,11.77125],[76.09425,11.77128],[76.09402,11.77104],[76.09361,11.77108],[76.09339,11.77066],[76.09291,11.77059],[76.09243,11.76993],[76.09238,11.76971],[76.09203,11.76963],[76.09201,11.76951],[76.0922,11.76927],[76.0919,11.76818],[76.0918,11.76807],[76.09164,11.7681],[76.09122,11.76844],[76.09084,11.7685],[76.09075,11.76844],[76.09071,11.76789],[76.09051,11.76774],[76.09003,11.76758],[76.08923,11.76756],[76.08894,11.76732],[76.0886,11.76736],[76.0885,11.7675],[76.08851,11.7678],[76.08877,11.76814],[76.08942,11.76863],[76.0894,11.76885],[76.08907,11.76898],[76.0891,11.76956],[76.08881,11.76959],[76.08843,11.76926],[76.08836,11.76878],[76.0882,11.76861],[76.08785,11.76861],[76.08747,11.76878],[76.0864,11.76869],[76.08538,11.76829],[76.08461,11.76762],[76.08439,11.76704],[76.08401,11.76658],[76.08398,11.76628],[76.08382,11.76598],[76.08346,11.76567],[76.08316,11.76563],[76.08295,11.76541],[76.08276,11.76536],[76.08237,11.76544],[76.08212,11.76595],[76.0821,11.76661],[76.08241,11.76763],[76.08223,11.76788],[76.08187,11.76799],[76.08182,11.76757],[76.08124,11.76669],[76.08112,11.76619],[76.08112,11.76563],[76.08118,11.76527],[76.08224,11.7634],[76.08234,11.76251],[76.08213,11.7615],[76.08125,11.75956],[76.08022,11.75808],[76.07937,11.75658],[76.07842,11.75532],[76.07781,11.75489],[76.07764,11.75445],[76.07778,11.75333],[76.07825,11.75258],[76.07861,11.75246],[76.07919,11.75244],[76.08064,11.7528],[76.08121,11.75275],[76.08165,11.75245],[76.08195,11.75153],[76.08179,11.75101],[76.08144,11.75062],[76.07917,11.74899],[76.07879,11.74858],[76.07782,11.74845],[76.07764,11.74833],[76.07755,11.74757],[76.0776,11.74664],[76.07774,11.74613],[76.07803,11.74566],[76.07883,11.74501],[76.07935,11.74485],[76.08044,11.74487],[76.08099,11.74462],[76.08111,11.74433],[76.081,11.74345],[76.0807,11.74274],[76.08011,11.74216],[76.07935,11.74179],[76.07901,11.74178],[76.07795,11.7422],[76.07695,11.74245],[76.07674,11.74259],[76.07656,11.74253],[76.07643,11.74166],[76.07671,11.74164],[76.07699,11.74201],[76.07746,11.74212],[76.07774,11.74206],[76.07799,11.74179],[76.07822,11.74124],[76.07834,11.74029],[76.07815,11.73925],[76.07822,11.739],[76.07854,11.73856],[76.07875,11.73847],[76.07909,11.73855],[76.07957,11.73832],[76.07977,11.73832],[76.07997,11.73845],[76.08006,11.73864],[76.07979,11.73889],[76.07961,11.73926],[76.07963,11.73952],[76.08035,11.74027],[76.08066,11.74043],[76.08108,11.74037],[76.08132,11.74008],[76.08202,11.73957],[76.08226,11.73917],[76.08229,11.7384],[76.08248,11.73802],[76.08248,11.73734],[76.08234,11.73722],[76.08189,11.73721],[76.08115,11.73764],[76.08084,11.73768],[76.08065,11.73758],[76.08075,11.73723],[76.08049,11.7369],[76.08109,11.73681],[76.08163,11.73615],[76.08252,11.73546],[76.0827,11.73551],[76.08279,11.73566],[76.08286,11.73612],[76.08305,11.73644],[76.08387,11.73655],[76.08437,11.73716],[76.08441,11.73733],[76.08433,11.73744],[76.08405,11.73739],[76.08382,11.73713],[76.08349,11.73718],[76.08327,11.73754],[76.08324,11.73795],[76.08336,11.73845],[76.08369,11.73885],[76.08414,11.73889],[76.08439,11.73878],[76.08494,11.73847],[76.08515,11.73786],[76.08544,11.73781],[76.08585,11.73792],[76.08611,11.73777],[76.0861,11.73755],[76.08569,11.7375],[76.08515,11.737],[76.08492,11.73631],[76.08418,11.73568],[76.08426,11.73544],[76.08454,11.73562],[76.08472,11.73558],[76.08542,11.73478],[76.08553,11.73479],[76.08593,11.73574],[76.08656,11.73599],[76.08663,11.73641],[76.08682,11.73671],[76.08739,11.7368],[76.08813,11.73714],[76.08849,11.73712],[76.08856,11.73702],[76.08851,11.73676],[76.08819,11.73653],[76.08797,11.73623],[76.08792,11.73586],[76.08802,11.73558],[76.08816,11.73559],[76.08865,11.73621],[76.08887,11.73618],[76.08896,11.73574],[76.08978,11.73604],[76.09013,11.736],[76.09046,11.73572],[76.09073,11.73489],[76.09129,11.7344],[76.09161,11.73434],[76.0921,11.7347],[76.09242,11.7347],[76.09276,11.73422],[76.09316,11.73392],[76.09333,11.73329],[76.09279,11.7327],[76.09252,11.73269],[76.0922,11.73245],[76.09193,11.73218],[76.0919,11.73198],[76.0925,11.73203],[76.09289,11.73154],[76.09322,11.73145],[76.09367,11.73189],[76.09388,11.73247],[76.09399,11.73256],[76.09437,11.73253],[76.09457,11.73235],[76.09489,11.73136],[76.09444,11.73101],[76.09415,11.73062],[76.09405,11.73037],[76.09409,11.73015],[76.09443,11.73016],[76.09544,11.7306],[76.0961,11.73059],[76.09615,11.73015],[76.09592,11.7291],[76.09653,11.72809],[76.09666,11.72808],[76.0975,11.72883],[76.09806,11.72886],[76.0982,11.72876],[76.09824,11.72797],[76.09792,11.72734],[76.09788,11.72638],[76.09795,11.72625],[76.09869,11.7264],[76.09903,11.72631],[76.09916,11.72579],[76.09946,11.72535],[76.09956,11.72486],[76.09955,11.72454],[76.09932,11.724],[76.09933,11.72362],[76.09981,11.72317],[76.09994,11.72223],[76.10028,11.72202],[76.10056,11.72202],[76.10077,11.72244],[76.10098,11.72264],[76.10165,11.72274],[76.10225,11.72237],[76.10248,11.72202],[76.10249,11.72152],[76.10183,11.7205],[76.10182,11.72034],[76.10238,11.71968],[76.10241,11.71931],[76.1022,11.71901],[76.1015,11.71845],[76.10143,11.7179],[76.10157,11.71755],[76.1019,11.71715],[76.10351,11.71606],[76.10369,11.71517],[76.10365,11.7143],[76.10327,11.7138],[76.10259,11.71322],[76.10243,11.71291],[76.10244,11.71187],[76.10323,11.71179],[76.10402,11.71141],[76.10422,11.71109],[76.10421,11.71003],[76.10438,11.70948],[76.10486,11.70895],[76.10568,11.70845],[76.10686,11.70675],[76.10704,11.70675],[76.10722,11.70695],[76.10743,11.70701],[76.10767,11.70698],[76.10779,11.7069],[76.1078,11.70675],[76.10762,11.70651],[76.1077,11.70637],[76.10868,11.70642],[76.10883,11.70626],[76.10888,11.70595],[76.10915,11.70583],[76.10982,11.70587],[76.11025,11.70571],[76.11076,11.70596],[76.11097,11.70593],[76.11112,11.70576],[76.1112,11.7052],[76.11147,11.7047],[76.11244,11.7043],[76.11291,11.70389],[76.11333,11.70423],[76.11359,11.70458],[76.11487,11.7046],[76.1152,11.70549],[76.11532,11.70554],[76.11557,11.70547],[76.11579,11.70489],[76.11621,11.70444],[76.11681,11.70443],[76.11745,11.70474],[76.11809,11.70393],[76.11855,11.70433],[76.11893,11.70434],[76.11922,11.70424],[76.1198,11.70437],[76.11991,11.70432],[76.11989,11.7038],[76.11999,11.70369],[76.11998,11.70346],[76.12033,11.70292],[76.1207,11.70288],[76.12136,11.70323],[76.1216,11.70321],[76.12176,11.703],[76.12155,11.70245],[76.12158,11.70222],[76.12228,11.70124],[76.12206,11.70108],[76.12169,11.70099],[76.12157,11.7007],[76.12205,11.70037],[76.12226,11.69993],[76.12217,11.69977],[76.1216,11.69945],[76.12184,11.6991],[76.12177,11.69899],[76.12154,11.69893],[76.12151,11.69865],[76.12253,11.69757],[76.12277,11.69702],[76.12307,11.69697],[76.1233,11.69768],[76.12341,11.69787],[76.12365,11.698],[76.12405,11.69784],[76.12437,11.69783],[76.12494,11.69799],[76.12525,11.69794],[76.12551,11.69778],[76.12605,11.69782],[76.12646,11.69774],[76.1272,11.69697],[76.1279,11.69669],[76.128,11.69634],[76.12822,11.69613],[76.12868,11.69613],[76.12931,11.69571],[76.12963,11.6952],[76.13002,11.69521],[76.13052,11.69491],[76.13116,11.69476],[76.13131,11.69454],[76.13128,11.69422],[76.13168,11.694],[76.13186,11.6936],[76.13244,11.69369],[76.13338,11.69433],[76.13493,11.69449],[76.13579,11.69474],[76.13644,11.69517],[76.13745,11.69616],[76.13805,11.69615],[76.1384,11.69592],[76.13893,11.69622],[76.13944,11.6962],[76.13974,11.69637],[76.14032,11.69628],[76.13989,11.69551],[76.14004,11.69457],[76.14049,11.69414],[76.14081,11.69406],[76.14105,11.69415],[76.14143,11.69464],[76.14165,11.69513],[76.14195,11.69545],[76.14232,11.69553],[76.14271,11.69549],[76.14327,11.69516],[76.14382,11.69462],[76.14469,11.69351],[76.14526,11.69322],[76.14541,11.69304],[76.14579,11.69215],[76.14578,11.69121],[76.14599,11.69082],[76.14616,11.69083],[76.14645,11.69105],[76.14671,11.69234],[76.14698,11.69301],[76.14759,11.69337],[76.14863,11.69339],[76.14913,11.69282],[76.14943,11.69212],[76.14959,11.69132],[76.14956,11.691],[76.14919,11.69059],[76.14886,11.69003],[76.1487,11.68941],[76.14896,11.68898],[76.15051,11.68733],[76.15116,11.68694],[76.15142,11.6869],[76.15142,11.68578],[76.15163,11.68561],[76.15189,11.68574],[76.15215,11.68595],[76.15272,11.68686],[76.15324,11.68716],[76.15348,11.68718],[76.15395,11.68699],[76.15414,11.68681],[76.15476,11.68565],[76.15444,11.68457],[76.15414,11.68418],[76.15211,11.68327],[76.15186,11.6827],[76.15197,11.68238],[76.1524,11.68195],[76.15288,11.68187],[76.15423,11.68258],[76.15518,11.68267],[76.15577,11.68255],[76.15623,11.68203],[76.15625,11.68149],[76.15601,11.68035],[76.15572,11.67972],[76.1551,11.67886],[76.15472,11.67866],[76.15373,11.67862],[76.15361,11.67852],[76.15356,11.67824],[76.15394,11.67739],[76.1539,11.67701],[76.15352,11.6766],[76.15279,11.67622],[76.15228,11.67637],[76.15125,11.6771],[76.15102,11.6774],[76.15091,11.67774],[76.15022,11.67865],[76.14896,11.67911],[76.14846,11.67911],[76.14799,11.67891],[76.1475,11.67843],[76.1469,11.67817],[76.14679,11.67795],[76.14679,11.67762],[76.147,11.67739],[76.14903,11.67767],[76.1493,11.6776],[76.1496,11.67729],[76.14991,11.67672],[76.1499,11.67593],[76.1484,11.67374],[76.14841,11.67336],[76.14878,11.67317],[76.14942,11.67323],[76.14964,11.67335],[76.15017,11.67479],[76.1504,11.67502],[76.15067,11.67513],[76.1522,11.67463],[76.15247,11.67437],[76.15247,11.67361],[76.15127,11.6718],[76.15138,11.67146],[76.15165,11.67117],[76.15197,11.67105],[76.15219,11.67112],[76.15308,11.6721],[76.15334,11.67255],[76.15358,11.67331],[76.15377,11.67342],[76.15475,11.67335],[76.15514,11.67347],[76.1554,11.6737],[76.15545,11.67417],[76.15462,11.67461],[76.15411,11.67531],[76.15411,11.67589],[76.15443,11.67693],[76.15482,11.67772],[76.15517,11.67814],[76.15652,11.679],[76.15714,11.67904],[76.15805,11.67863],[76.15849,11.6782],[76.1586,11.67764],[76.15863,11.67627],[76.15884,11.67607],[76.15919,11.67604],[76.15942,11.67616],[76.15956,11.67648],[76.15953,11.67738],[76.15962,11.67788],[76.15996,11.67816],[76.16038,11.6782],[76.16076,11.67764],[76.16073,11.67668],[76.1609,11.67619],[76.16125,11.67598],[76.16216,11.67581],[76.16233,11.67563],[76.16236,11.6749],[76.16201,11.67397],[76.16175,11.67362],[76.16038,11.67248],[76.1581,11.67109],[76.15618,11.66978],[76.15484,11.66914],[76.15472,11.66852],[76.15511,11.66794],[76.15572,11.66744],[76.15607,11.66753],[76.15805,11.6687],[76.15892,11.6687],[76.15977,11.6684],[76.16,11.66811],[76.16015,11.66762],[76.16003,11.66692],[76.16009,11.66639],[76.16026,11.66613],[76.16116,11.66613],[76.16169,11.66601],[76.1621,11.66517],[76.16227,11.66386],[76.16253,11.66296],[76.16359,11.66092],[76.16429,11.66011],[76.16477,11.66011],[76.16496,11.66031],[76.16499,11.66053],[76.16497,11.66073],[76.16447,11.6614],[76.16423,11.66206],[76.16418,11.66293],[76.16428,11.66348],[76.16487,11.66415],[76.16522,11.66428],[76.16592,11.66431],[76.1666,11.66417],[76.16686,11.66436],[76.16689,11.66479],[76.16654,11.66498],[76.1657,11.66509],[76.16498,11.66533],[76.16325,11.66675],[76.16265,11.66703],[76.16222,11.66747],[76.16148,11.66922],[76.16131,11.66983],[76.16129,11.67033],[76.16137,11.67164],[76.1618,11.67228],[76.16219,11.6726],[76.16259,11.67263],[76.16351,11.67243],[76.16445,11.6713],[76.16475,11.67133],[76.16492,11.67146],[76.16484,11.67214],[76.16498,11.6723],[76.16515,11.67233],[76.16639,11.67235],[76.16799,11.67197],[76.16924,11.6718],[76.17078,11.67073],[76.17107,11.67029],[76.17107,11.67008],[76.17086,11.66979],[76.17054,11.66975],[76.16859,11.67048],[76.16799,11.67044],[76.16723,11.67024],[76.16645,11.67074],[76.16603,11.67083],[76.16556,11.67072],[76.16545,11.67041],[76.16553,11.66984],[76.16608,11.66919],[76.16702,11.66842],[76.16733,11.66825],[76.16769,11.66825],[76.1679,11.66829],[76.16819,11.66858],[76.16861,11.66871],[76.17003,11.6686],[76.17072,11.66828],[76.17114,11.66796],[76.17148,11.66751],[76.17164,11.66696],[76.17167,11.66612],[76.17148,11.66451],[76.17138,11.66395],[76.17117,11.66348],[76.17041,11.66285],[76.16847,11.66181],[76.16708,11.66086],[76.16692,11.66061],[76.16692,11.66042],[76.16714,11.66008],[76.16985,11.6592],[76.17015,11.65919],[76.17092,11.6596],[76.171,11.65984],[76.17076,11.66078],[76.17071,11.66143],[76.17178,11.66352],[76.17215,11.66387],[76.17266,11.664],[76.1731,11.66396],[76.17327,11.66382],[76.17422,11.66263],[76.17443,11.6615],[76.17589,11.6613],[76.17818,11.66122],[76.17909,11.66132],[76.17932,11.66155],[76.17927,11.66179],[76.17734,11.66203],[76.17558,11.66279],[76.17455,11.66369],[76.17419,11.66421],[76.17404,11.66475],[76.17416,11.6653],[76.17466,11.66581],[76.17595,11.66641],[76.17834,11.66715],[76.17826,11.66768],[76.17783,11.66776],[76.17694,11.66739],[76.17551,11.66713],[76.17444,11.66713],[76.17381,11.66743],[76.17336,11.66778],[76.17309,11.66838],[76.17309,11.66891],[76.17354,11.66991],[76.17381,11.67078],[76.1739,11.67172],[76.17406,11.67202],[76.17546,11.67307],[76.17812,11.67599],[76.1796,11.67667],[76.18122,11.67676],[76.18236,11.67629],[76.18346,11.67524],[76.18444,11.67467],[76.1849,11.67452],[76.18513,11.67455],[76.18531,11.67472],[76.18534,11.67503],[76.18517,11.67532],[76.18463,11.67578],[76.18278,11.67672],[76.18217,11.6773],[76.18117,11.67851],[76.18096,11.67889],[76.18089,11.67917],[76.18093,11.6799],[76.18053,11.68106],[76.18055,11.68148],[76.18089,11.68193],[76.18154,11.68247],[76.18193,11.68258],[76.18282,11.6824],[76.18462,11.68125],[76.186,11.68078],[76.18711,11.68027],[76.1876,11.68037],[76.1877,11.68055],[76.18762,11.68086],[76.18704,11.6813],[76.18608,11.68171],[76.18495,11.68194],[76.18369,11.68259],[76.18192,11.68406],[76.18143,11.68457],[76.18121,11.68495],[76.18121,11.68624],[76.18154,11.68726],[76.18192,11.68798],[76.18234,11.68933],[76.18301,11.6903],[76.18407,11.69107],[76.18426,11.69138],[76.18426,11.69169],[76.1841,11.69182],[76.18382,11.69182],[76.18348,11.69204],[76.18312,11.69248],[76.18282,11.69254],[76.18257,11.69241],[76.18248,11.69186],[76.1823,11.69161],[76.1816,11.69125],[76.18129,11.69097],[76.18109,11.69032],[76.18094,11.68905],[76.18032,11.68729],[76.17983,11.68655],[76.17926,11.68619],[76.17918,11.68599],[76.17918,11.68554],[76.17934,11.68523],[76.18087,11.68339],[76.18092,11.68293],[76.1807,11.68248],[76.17971,11.6814],[76.17952,11.6807],[76.17939,11.6793],[76.17912,11.67898],[76.17828,11.67834],[76.17751,11.67828],[76.17641,11.67885],[76.17622,11.67914],[76.17611,11.67969],[76.17592,11.67997],[76.17578,11.68006],[76.17548,11.67998],[76.17535,11.6798],[76.17535,11.67893],[76.17549,11.67831],[76.176,11.67707],[76.17603,11.67672],[76.17565,11.67586],[76.17471,11.67492],[76.17417,11.67417],[76.17326,11.67328],[76.17175,11.67264],[76.17009,11.67234],[76.16872,11.67245],[76.16821,11.67258],[76.16665,11.67336],[76.16574,11.67364],[76.16528,11.674],[76.16449,11.67499],[76.16417,11.67586],[76.16417,11.67621],[76.16428,11.67651],[76.16452,11.67677],[76.1676,11.67682],[76.16822,11.67691],[76.16919,11.6773],[76.16945,11.67757],[76.16945,11.67772],[76.16902,11.67789],[76.16772,11.67764],[76.16632,11.67773],[76.16586,11.6779],[76.1656,11.67817],[76.16542,11.67857],[76.16542,11.67956],[76.16574,11.68041],[76.16629,11.68116],[76.16618,11.68147],[76.16603,11.6815],[76.16577,11.68149],[76.16553,11.68131],[76.16389,11.6796],[76.16261,11.67851],[76.16226,11.67847],[76.16187,11.67859],[76.16109,11.67952],[76.16106,11.67999],[76.16133,11.68108],[76.16109,11.68147],[76.15981,11.68096],[76.15934,11.68099],[76.1588,11.6813],[76.15855,11.68165],[76.15845,11.68213],[76.15861,11.68259],[76.16083,11.68376],[76.16162,11.68432],[76.16163,11.6845],[76.16155,11.68458],[76.15919,11.68469],[76.15818,11.68512],[76.15738,11.68565],[76.15659,11.68652],[76.15643,11.68733],[76.15643,11.68824],[76.15664,11.68887],[76.15701,11.68935],[76.15928,11.69079],[76.1623,11.69209],[76.16354,11.69316],[76.16482,11.69375],[76.16617,11.69393],[76.16676,11.69413],[76.16786,11.69523],[76.16811,11.69533],[76.16916,11.69521],[76.16969,11.69537],[76.16982,11.69559],[76.16982,11.6964],[76.16993,11.69668],[76.17054,11.69753],[76.17078,11.69804],[76.17124,11.69837],[76.17266,11.69882],[76.17408,11.69909],[76.17451,11.69907],[76.17518,11.69874],[76.17554,11.69871],[76.17591,11.6993],[76.17581,11.6996],[76.17392,11.6998],[76.1736,11.69992],[76.17323,11.70035],[76.17295,11.7012],[76.17258,11.7013],[76.17237,11.70105],[76.17216,11.70042],[76.17164,11.69976],[76.17098,11.69939],[76.17041,11.69934],[76.1699,11.69913],[76.16958,11.69878],[76.1692,11.69739],[76.16876,11.69684],[76.16828,11.69643],[76.16778,11.69624],[76.16677,11.69629],[76.1655,11.695],[76.16381,11.69399],[76.16306,11.69368],[76.1628,11.69359],[76.1623,11.69364],[76.16168,11.694],[76.1615,11.69401],[76.16088,11.69359],[76.15976,11.69243],[76.15794,11.69087],[76.15742,11.69057],[76.15459,11.68964],[76.15356,11.68972],[76.15288,11.69021],[76.15219,11.69132],[76.1522,11.69247],[76.15345,11.69403],[76.15475,11.69537],[76.15656,11.69804],[76.15721,11.69887],[76.15773,11.69934],[76.15767,11.69965],[76.15752,11.6997],[76.15647,11.69861],[76.15557,11.69792],[76.15453,11.69597],[76.15401,11.69532],[76.15366,11.69498],[76.15298,11.69459],[76.15224,11.69433],[76.15103,11.69399],[76.15028,11.69399],[76.14996,11.69409],[76.14979,11.69427],[76.14908,11.69536],[76.1487,11.6954],[76.14676,11.69502],[76.14602,11.69554],[76.14581,11.69597],[76.14586,11.69657],[76.14772,11.69815],[76.14935,11.70002],[76.1521,11.70367],[76.15264,11.704],[76.15382,11.70416],[76.15394,11.70426],[76.15392,11.70445],[76.15368,11.70457],[76.15318,11.70461],[76.153,11.70478],[76.15323,11.70595],[76.15338,11.70619],[76.15448,11.7068],[76.15506,11.70695],[76.15733,11.70802],[76.15801,11.708],[76.15893,11.70724],[76.15903,11.70691],[76.15901,11.70649],[76.15913,11.70645],[76.15928,11.70647],[76.15968,11.70724],[76.15994,11.70745],[76.16048,11.70748],[76.16083,11.7072],[76.16102,11.70636],[76.16117,11.70612],[76.16131,11.70608],[76.16166,11.70619],[76.16165,11.7065],[76.16199,11.70671],[76.16349,11.70681],[76.16422,11.70659],[76.16445,11.70688],[76.16457,11.70723],[76.16447,11.70756],[76.16412,11.70768],[76.16326,11.70758],[76.16204,11.70763],[76.16071,11.70792],[76.15971,11.70832],[76.15904,11.70886],[76.15896,11.70903],[76.15906,11.71044],[76.15892,11.71049],[76.15853,11.71015],[76.15815,11.70934],[76.15764,11.70883],[76.15708,11.70861],[76.1564,11.70907],[76.15585,11.71041],[76.1555,11.71052],[76.15534,11.71045],[76.15564,11.70897],[76.15559,11.70858],[76.15543,11.70792],[76.15508,11.70734],[76.15474,11.7071],[76.1537,11.70664],[76.15303,11.70658],[76.1525,11.70627],[76.15117,11.704],[76.14929,11.70216],[76.14873,11.70185],[76.14828,11.70187],[76.14787,11.70248],[76.14777,11.70288],[76.14777,11.70372],[76.14796,11.70519],[76.14889,11.70681],[76.14882,11.70759],[76.14868,11.70779],[76.14851,11.70784],[76.14736,11.70701],[76.14754,11.70618],[76.14691,11.7043],[76.14677,11.70253],[76.14697,11.70159],[76.14734,11.70095],[76.14747,11.70053],[76.14745,11.70028],[76.14691,11.69916],[76.14642,11.69871],[76.14523,11.69822],[76.14444,11.69824],[76.144,11.69835],[76.14379,11.69855],[76.14372,11.69893],[76.14373,11.70041],[76.14353,11.70048],[76.14331,11.70039],[76.1431,11.70015],[76.14292,11.69898],[76.14272,11.69855],[76.14238,11.69817],[76.14204,11.6979],[76.14137,11.69761],[76.1409,11.69757],[76.1405,11.69766],[76.13978,11.69808],[76.1398,11.69858],[76.14047,11.70056],[76.14034,11.70091],[76.14005,11.70091],[76.13982,11.70079],[76.13956,11.70022],[76.13924,11.69898],[76.13879,11.69831],[76.13825,11.69815],[76.13696,11.69839],[76.13593,11.69873],[76.13544,11.69879],[76.13513,11.69873],[76.13493,11.69857],[76.13288,11.69574],[76.13257,11.6955],[76.13201,11.69532],[76.13177,11.69532],[76.13134,11.69551],[76.13102,11.69594],[76.13071,11.69661],[76.13022,11.6982],[76.12979,11.69894],[76.12952,11.69913],[76.12914,11.69915],[76.12771,11.69851],[76.12668,11.69822],[76.12473,11.69829],[76.12315,11.69871],[76.1225,11.69902],[76.12232,11.70086],[76.12268,11.70174],[76.12307,11.70177],[76.1244,11.70234],[76.12505,11.70251],[76.12616,11.70224],[76.12751,11.70161],[76.12885,11.70071],[76.12948,11.70002],[76.13,11.69986],[76.13343,11.70089],[76.13404,11.70123],[76.13499,11.70196],[76.13613,11.70242],[76.13718,11.70353],[76.1377,11.7049],[76.13792,11.70609],[76.13873,11.70732],[76.13885,11.7086],[76.13915,11.70926],[76.1396,11.70994],[76.14238,11.71233],[76.14273,11.71237],[76.1433,11.71211],[76.14362,11.71214],[76.14365,11.71267],[76.14339,11.71318],[76.14341,11.71349],[76.14379,11.71405],[76.14438,11.71466],[76.14577,11.71549],[76.1463,11.71558],[76.14666,11.71554],[76.14718,11.71528],[76.1483,11.71436],[76.14868,11.71428],[76.14891,11.71439],[76.14891,11.71461],[76.14839,11.71544],[76.14841,11.7158],[76.14892,11.71648],[76.14883,11.71675],[76.14725,11.71643],[76.14615,11.71641],[76.14577,11.71654],[76.14534,11.71681],[76.14516,11.71706],[76.14514,11.71763],[76.14528,11.71835],[76.14559,11.71922],[76.14542,11.71938],[76.14519,11.71938],[76.14495,11.71932],[76.14446,11.71896],[76.14402,11.71896],[76.14363,11.71909],[76.14322,11.71944],[76.14306,11.7193],[76.14302,11.719],[76.14329,11.71834],[76.14371,11.71768],[76.14397,11.7166],[76.1437,11.71523],[76.14252,11.71391],[76.14195,11.71357],[76.14095,11.71336],[76.14056,11.71379],[76.14049,11.7158],[76.14058,11.71653],[76.14074,11.71697],[76.14146,11.71791],[76.14177,11.71861],[76.14167,11.71892],[76.1414,11.71917],[76.14094,11.71931],[76.13958,11.71696],[76.13949,11.71649],[76.13952,11.71375],[76.13921,11.71307],[76.13844,11.71245],[76.13817,11.71205],[76.13851,11.71076],[76.13842,11.7102],[76.13789,11.70957],[76.13759,11.70897],[76.13737,11.70824],[76.13686,11.70735],[76.13574,11.70616],[76.13549,11.70571],[76.13531,11.70463],[76.13503,11.70396],[76.13441,11.70394],[76.13365,11.70423],[76.13322,11.70421],[76.13282,11.70405],[76.13254,11.70371],[76.13226,11.70295],[76.13191,11.70261],[76.13144,11.70244],[76.13035,11.70262],[76.12931,11.70339],[76.1291,11.70382],[76.12905,11.70434],[76.12927,11.70511],[76.13055,11.7075],[76.13094,11.70814],[76.1322,11.70963],[76.13251,11.71012],[76.13242,11.7104],[76.13226,11.71047],[76.13207,11.71044],[76.13051,11.70895],[76.12767,11.70528],[76.12679,11.70456],[76.12584,11.70418],[76.12502,11.70414],[76.12405,11.70454],[76.12367,11.70521],[76.12363,11.70611],[76.12376,11.70671],[76.12415,11.70764],[76.12448,11.70908],[76.12484,11.71006],[76.12569,11.71129],[76.12648,11.71184],[76.12682,11.71197],[76.12908,11.71178],[76.13048,11.71204],[76.13174,11.71263],[76.1321,11.71311],[76.13212,11.71336],[76.13189,11.71363],[76.13152,11.71359],[76.13052,11.71309],[76.13004,11.71296],[76.12845,11.71287],[76.12804,11.71305],[76.12726,11.71368],[76.12704,11.71446],[76.12701,11.71498],[76.1272,11.71581],[76.12779,11.7172],[76.12757,11.71754],[76.1273,11.71754],[76.12711,11.71743],[76.12654,11.71663],[76.1258,11.71642],[76.12539,11.71617],[76.12519,11.7159],[76.1251,11.71553],[76.12518,11.71471],[76.12549,11.71389],[76.12548,11.71321],[76.12531,11.71266],[76.12386,11.71078],[76.12295,11.70864],[76.12233,11.70753],[76.12198,11.70698],[76.12115,11.70612],[76.11989,11.70506],[76.11905,11.70468],[76.11809,11.70468],[76.11764,11.70484],[76.11702,11.70542],[76.11685,11.70588],[76.11694,11.70657],[76.11915,11.71003],[76.11898,11.71026],[76.11883,11.71025],[76.11668,11.7082],[76.11612,11.70726],[76.11577,11.70619],[76.11555,11.70593],[76.1152,11.70585],[76.11433,11.70615],[76.1139,11.70662],[76.11295,11.70821],[76.11269,11.70847],[76.11104,11.70899],[76.11057,11.70925],[76.11008,11.70964],[76.10979,11.71002],[76.10975,11.71053],[76.10993,11.71074],[76.11055,11.71108],[76.11135,11.71109],[76.11304,11.71091],[76.11359,11.71102],[76.11388,11.71121],[76.11431,11.7115],[76.11558,11.71304],[76.11606,11.71347],[76.11671,11.71385],[76.11933,11.71652],[76.11927,11.71677],[76.11904,11.71689],[76.11846,11.71696],[76.11818,11.71677],[76.11745,11.71574],[76.11677,11.71522],[76.11592,11.71497],[76.11534,11.71464],[76.11376,11.71304],[76.11255,11.71257],[76.11097,11.71254],[76.10979,11.71298],[76.10919,11.71354],[76.10867,11.71444],[76.10872,11.71547],[76.10863,11.71568],[76.10815,11.71594],[76.10781,11.71594],[76.10686,11.71623],[76.10664,11.71642],[76.10634,11.71736],[76.10638,11.71821],[76.10648,11.71856],[76.10717,11.71971],[76.10757,11.7199],[76.10839,11.71987],[76.10904,11.71953],[76.11011,11.7184],[76.11053,11.71823],[76.11082,11.71828],[76.11138,11.71888],[76.11147,11.71931],[76.11104,11.71999],[76.10992,11.72085],[76.10974,11.7212],[76.11005,11.72184],[76.11075,11.72205],[76.1114,11.72205],[76.11366,11.72169],[76.11427,11.72173],[76.11513,11.72135],[76.11574,11.72147],[76.11622,11.72117],[76.11634,11.72044],[76.11656,11.72019],[76.11682,11.7201],[76.11713,11.72014],[76.11748,11.72048],[76.11752,11.72087],[76.11743,11.72129],[76.11761,11.72193],[76.11791,11.72215],[76.11831,11.72219],[76.1187,11.72214],[76.11883,11.72202],[76.12043,11.71978],[76.12082,11.71965],[76.12182,11.71965],[76.12234,11.7202],[76.12204,11.72063],[76.12135,11.72119],[76.12113,11.72149],[76.12078,11.72218],[76.12083,11.72231],[76.12074,11.72248],[76.12039,11.72274],[76.11939,11.72296],[76.11884,11.72356],[76.11875,11.72386],[76.11888,11.72454],[76.11932,11.72497],[76.1198,11.72514],[76.12045,11.72509],[76.12123,11.72479],[76.12218,11.72419],[76.12296,11.72418],[76.12344,11.72431],[76.12418,11.72473],[76.12553,11.72451],[76.12618,11.72434],[76.12679,11.72404],[76.12809,11.72373],[76.12914,11.72369],[76.13091,11.72389],[76.13178,11.72385],[76.13209,11.72372],[76.13239,11.72337],[76.13295,11.72196],[76.13342,11.7214],[76.1339,11.72114],[76.13464,11.7211],[76.13586,11.72156],[76.13658,11.72205],[76.13649,11.72248],[76.13543,11.72231],[76.13435,11.72244],[76.13372,11.72287],[76.13357,11.72318],[76.13343,11.72404],[76.13351,11.72439],[76.13383,11.72489],[76.1341,11.72514],[76.13467,11.72529],[76.13524,11.72557],[76.13533,11.72581],[76.13512,11.72613],[76.13479,11.7262],[76.13433,11.72613],[76.13375,11.72572],[76.13253,11.72534],[76.13074,11.72531],[76.12966,11.7254],[76.12845,11.72566],[76.12775,11.72596],[76.12671,11.72661],[76.12619,11.72717],[76.12598,11.72751],[76.12593,11.72785],[76.12602,11.72866],[76.12682,11.73012],[76.12773,11.73139],[76.12897,11.73187],[76.12946,11.7323],[76.12958,11.73258],[76.12955,11.73291],[76.12923,11.73326],[76.12897,11.73332],[76.12874,11.73332],[76.12831,11.73314],[76.12715,11.73191],[76.12485,11.72764],[76.12415,11.7267],[76.12315,11.72619],[76.12189,11.72594],[76.12132,11.72599],[76.11993,11.72689],[76.11972,11.72728],[76.11968,11.72869],[76.11999,11.72959],[76.1206,11.73079],[76.12138,11.7316],[76.12178,11.73189],[76.12209,11.73197],[76.12213,11.73239],[76.12198,11.73272],[76.12177,11.73286],[76.12115,11.73282],[76.12095,11.73293],[76.12081,11.73319],[76.12051,11.7333],[76.12033,11.73322],[76.12022,11.73303],[76.12017,11.73211],[76.11987,11.7316],[76.11873,11.73041],[76.11825,11.72977],[76.1182,11.72844],[76.11837,11.72728],[76.11837,11.72651],[76.11793,11.72497],[76.11714,11.72395],[76.11649,11.7234],[76.11588,11.72314],[76.11479,11.7231],[76.11427,11.72336],[76.11327,11.72414],[76.11284,11.72495],[76.11285,11.72696],[76.11294,11.72744],[76.11333,11.72885],[76.11371,11.72924],[76.11362,11.72954],[76.11348,11.72965],[76.11321,11.72969],[76.11276,11.72954],[76.11219,11.72896],[76.11146,11.7271],[76.11054,11.72547],[76.11011,11.72505],[76.10967,11.72492],[76.10906,11.72505],[76.10715,11.72604],[76.10599,11.72704],[76.1059,11.72734],[76.10621,11.72827],[76.10682,11.72939],[76.10817,11.73149],[76.11017,11.73242],[76.1104,11.73269],[76.11033,11.73319],[76.11007,11.73346],[76.10888,11.73293],[76.10805,11.73285],[76.1077,11.73302],[76.10721,11.7337],[76.1068,11.73387],[76.10636,11.73372],[76.10632,11.73328],[76.10677,11.73212],[76.1067,11.73106],[76.10617,11.73012],[76.10561,11.72943],[76.10455,11.72841],[76.10403,11.72816],[76.10268,11.72799],[76.10204,11.72804],[76.09961,11.72967],[76.09859,11.72983],[76.0985,11.73023],[76.09871,11.73066],[76.09954,11.73182],[76.09988,11.7321],[76.10033,11.73281],[76.10084,11.73387],[76.10138,11.73532],[76.10215,11.73675],[76.10297,11.73756],[76.10295,11.73794],[76.10283,11.73807],[76.10267,11.73806],[76.1022,11.73775],[76.10157,11.737],[76.10123,11.73602],[76.09979,11.73319],[76.09914,11.73267],[76.09857,11.73242],[76.09808,11.73235],[76.09766,11.73241],[76.09591,11.73391],[76.0954,11.73387],[76.09459,11.73331],[76.0941,11.73358],[76.09416,11.73399],[76.09525,11.73488],[76.0954,11.73515],[76.09532,11.73556],[76.0949,11.73585],[76.09396,11.73571],[76.09297,11.73577],[76.09245,11.73594],[76.09216,11.73617],[76.09171,11.73697],[76.09161,11.73767],[76.09171,11.7381],[76.0919,11.73836],[76.09186,11.73852],[76.09168,11.73864],[76.09153,11.73865],[76.0913,11.73848],[76.09106,11.73825],[76.09105,11.73811],[76.09079,11.73792],[76.08998,11.73749],[76.08845,11.73745],[76.08744,11.73722],[76.08677,11.73724],[76.08646,11.73743],[76.08621,11.73883],[76.08632,11.73927],[76.08686,11.7402],[76.08849,11.74152],[76.08876,11.7418],[76.08904,11.74231],[76.08958,11.74289],[76.09043,11.74324],[76.0913,11.74328],[76.09225,11.74293],[76.09251,11.74276],[76.09277,11.74212],[76.09347,11.74156],[76.09386,11.74147],[76.0947,11.74155],[76.09618,11.74094],[76.09682,11.74098],[76.09769,11.7412],[76.09869,11.74106],[76.09943,11.74076],[76.10008,11.74067],[76.10508,11.74048],[76.10612,11.74001],[76.10699,11.73833],[76.10819,11.73704],[76.10839,11.73704],[76.1087,11.73729],[76.10883,11.7377],[76.10833,11.73811],[76.10773,11.73889],[76.10742,11.73944],[76.10735,11.73996],[76.10749,11.74025],[76.10805,11.74079],[76.10894,11.74124],[76.10901,11.74173],[76.10885,11.74184],[76.10796,11.74175],[76.10752,11.74188],[76.10713,11.74266],[76.10687,11.743],[76.10661,11.74309],[76.10618,11.74309],[76.10439,11.74215],[76.10239,11.74242],[76.10058,11.74297],[76.1,11.74325],[76.09983,11.74364],[76.09981,11.74521],[76.09973,11.74546],[76.09954,11.74557],[76.09909,11.7454],[76.09894,11.74497],[76.0989,11.74423],[76.09869,11.74345],[76.09845,11.743],[76.09797,11.74243],[76.09733,11.74232],[76.09695,11.74239],[76.09489,11.74311],[76.09376,11.74417],[76.09341,11.74481],[76.09328,11.74579],[76.09359,11.74669],[76.09385,11.74699],[76.09481,11.74763],[76.09742,11.74809],[76.09816,11.74813],[76.09846,11.74826],[76.09838,11.74856],[76.09686,11.74856],[76.09438,11.74904],[76.09369,11.74935],[76.09277,11.74993],[76.09225,11.75012],[76.09193,11.75005],[76.09187,11.7499],[76.09185,11.74905],[76.09192,11.74881],[76.09243,11.7481],[76.09251,11.74747],[76.09227,11.7458],[76.0917,11.74507],[76.0907,11.74465],[76.08965,11.74452],[76.08919,11.74435],[76.08839,11.74389],[76.08756,11.74316],[76.08695,11.74291],[76.08578,11.74296],[76.08526,11.74317],[76.08466,11.74425],[76.0846,11.74492],[76.08458,11.7475],[76.08472,11.74814],[76.08498,11.74865],[76.08533,11.74891],[76.0865,11.74895],[76.08724,11.74869],[76.08767,11.74836],[76.08849,11.74839],[76.08806,11.75008],[76.08811,11.75029],[76.08846,11.75061],[76.08878,11.75114],[76.08876,11.75128],[76.08859,11.75143],[76.08768,11.75138],[76.08726,11.75147],[76.08629,11.7523],[76.08602,11.75285],[76.08602,11.75321],[76.0866,11.75411],[76.08752,11.75591],[76.08723,11.75598],[76.08701,11.75588],[76.08528,11.75445],[76.08496,11.75403],[76.08445,11.75277],[76.08393,11.75216],[76.08324,11.75165],[76.08287,11.75173],[76.08264,11.75197],[76.08223,11.75281],[76.08182,11.7533],[76.08127,11.75346],[76.08038,11.7533],[76.08003,11.75333],[76.07988,11.75345],[76.07972,11.75392],[76.07968,11.75482],[76.07976,11.75516],[76.08014,11.7557],[76.08048,11.75704],[76.08072,11.75754],[76.08085,11.75767],[76.0816,11.75792],[76.08189,11.7594],[76.08267,11.76147],[76.0829,11.76256],[76.08369,11.76442],[76.084,11.76454],[76.08423,11.76495],[76.08422,11.76642],[76.08446,11.76676],[76.08481,11.7676],[76.08527,11.76801],[76.0855,11.76806],[76.08572,11.76798],[76.08594,11.76772],[76.0863,11.76697],[76.08626,11.76534],[76.08649,11.76513],[76.08674,11.76518],[76.08699,11.76554],[76.08721,11.76733],[76.08753,11.76797],[76.08783,11.76821],[76.08808,11.76825],[76.08834,11.76811],[76.08838,11.76794],[76.08825,11.76741],[76.08856,11.76714],[76.08892,11.76715],[76.08932,11.76744],[76.08974,11.76751],[76.09048,11.76734],[76.09089,11.76672],[76.09093,11.76602],[76.09088,11.76548],[76.09031,11.76323],[76.09035,11.76297],[76.09065,11.76276],[76.09091,11.76274],[76.09113,11.76287],[76.0913,11.76336],[76.09162,11.76572],[76.09259,11.76753],[76.09274,11.7689],[76.0931,11.76959],[76.0933,11.76968],[76.09368,11.76966],[76.09435,11.76925],[76.0948,11.76862],[76.09538,11.76753],[76.09596,11.7659],[76.09615,11.76566],[76.09641,11.76568],[76.09667,11.766],[76.09639,11.76785],[76.09647,11.76834],[76.09674,11.76876],[76.09691,11.76887],[76.0976,11.76896],[76.09841,11.76892],[76.09879,11.76878],[76.09922,11.76799],[76.09969,11.76748],[76.09978,11.76718],[76.09978,11.76565],[76.0997,11.76532],[76.09972,11.76438],[76.09946,11.76402],[76.09868,11.76348],[76.09863,11.76306],[76.09905,11.76277],[76.10034,11.76275],[76.10088,11.76255],[76.10117,11.76211],[76.10133,11.76142],[76.10123,11.76077],[76.10088,11.75998],[76.09969,11.75869],[76.09913,11.75828],[76.09854,11.758],[76.09815,11.75766],[76.09825,11.75723],[76.09894,11.7567],[76.09952,11.7567],[76.09973,11.75681],[76.10031,11.75748],[76.10136,11.7583],[76.10204,11.75842],[76.10251,11.75831],[76.10282,11.75811],[76.10382,11.75661],[76.10401,11.75603],[76.10392,11.75532],[76.1032,11.753],[76.10323,11.75272],[76.10334,11.75257],[76.10357,11.75251],[76.10407,11.7532],[76.10467,11.75351],[76.10505,11.7535],[76.10536,11.75333],[76.10604,11.75266],[76.10642,11.75176],[76.10701,11.75114],[76.10721,11.75077],[76.10749,11.7506],[76.10797,11.7506],[76.10827,11.7508],[76.10851,11.75138],[76.10874,11.75249],[76.10918,11.75292],[76.11015,11.75326],[76.1106,11.75324],[76.11129,11.75302],[76.11141,11.75313],[76.11146,11.75348],[76.11141,11.75416],[76.11192,11.75462],[76.11287,11.7546],[76.11414,11.7544],[76.11438,11.7542],[76.11476,11.75359],[76.11509,11.75361],[76.1158,11.75406],[76.11627,11.7541],[76.11647,11.754],[76.11677,11.75356],[76.11672,11.75091],[76.11705,11.74947],[76.11671,11.74908],[76.11612,11.74903],[76.11575,11.74889],[76.11539,11.74859],[76.11541,11.74847],[76.11581,11.74843],[76.11622,11.74868],[76.11672,11.74854],[76.11701,11.74815],[76.11765,11.74758],[76.11801,11.74651],[76.11819,11.74637],[76.11856,11.74639],[76.11872,11.7465],[76.11885,11.74671],[76.11886,11.74775],[76.11903,11.74805],[76.11973,11.74853],[76.11999,11.74923],[76.11992,11.74942],[76.11954,11.74953],[76.11824,11.74882],[76.11797,11.74881],[76.11776,11.749],[76.11776,11.75057],[76.11757,11.75271],[76.11787,11.75315],[76.11807,11.75327],[76.12072,11.75319],[76.12115,11.75299],[76.12191,11.75241],[76.12273,11.7513],[76.1242,11.7505],[76.12494,11.7505],[76.12594,11.75091],[76.12729,11.75104],[76.12775,11.75098],[76.1281,11.7507],[76.12822,11.7503],[76.12824,11.74944],[76.1284,11.74917],[76.12914,11.74873],[76.12932,11.74851],[76.1295,11.74811],[76.12952,11.74775],[76.12928,11.74741],[76.12808,11.74671],[76.12705,11.74665],[76.12667,11.74647],[76.12657,11.74613],[76.12665,11.74513],[76.12655,11.74475],[76.12619,11.74422],[76.12615,11.74386],[76.12627,11.74366],[76.12649,11.74358],[76.12689,11.74372],[76.12743,11.74426],[76.12821,11.7448],[76.12856,11.74497],[76.12888,11.74499],[76.12942,11.74497],[76.13057,11.74463],[76.13091,11.74409],[76.13097,11.74347],[76.13087,11.74324],[76.13013,11.74302],[76.12941,11.74203],[76.12901,11.74179],[76.12792,11.74155],[76.12712,11.74126],[76.12705,11.74116],[76.12719,11.74082],[76.12802,11.7408],[76.12852,11.74064],[76.12865,11.7405],[76.12897,11.7395],[76.12945,11.73883],[76.12971,11.73762],[76.12968,11.73693],[76.12978,11.7367],[76.12996,11.73656],[76.13036,11.73665],[76.13152,11.73788],[76.13184,11.73808],[76.13281,11.73818],[76.13376,11.73863],[76.13452,11.73857],[76.13537,11.7379],[76.13543,11.73766],[76.13541,11.73744],[76.13498,11.73691],[76.13488,11.73646],[76.13492,11.73602],[76.13515,11.73584],[76.13569,11.73576],[76.13654,11.73593],[76.13678,11.73591],[76.13719,11.73569],[76.13781,11.73568],[76.1383,11.73597],[76.13868,11.73607],[76.13894,11.73599],[76.13939,11.73559],[76.1394,11.73523],[76.13894,11.73463],[76.13804,11.73421],[76.13737,11.73401],[76.13683,11.73367],[76.13673,11.73325],[76.13685,11.73313],[76.13711,11.73301],[76.13735,11.73309],[76.13778,11.7335],[76.13915,11.73405],[76.1404,11.73489],[76.14125,11.73501],[76.14143,11.73486],[76.14154,11.73444],[76.1414,11.73201],[76.14163,11.73182],[76.14201,11.732],[76.14219,11.73233],[76.14214,11.73369],[76.14217,11.73395],[76.14242,11.73439],[76.14263,11.73453],[76.14303,11.73449],[76.1445,11.7341],[76.14673,11.7323],[76.14756,11.73174],[76.14796,11.73123],[76.14802,11.73105],[76.1479,11.73037],[76.14776,11.73001],[76.14739,11.72952],[76.14746,11.72931],[76.14772,11.72917],[76.14797,11.72922],[76.14874,11.72995],[76.14933,11.73031],[76.14957,11.73037],[76.15015,11.73031],[76.151,11.72972],[76.15173,11.72896],[76.15181,11.72837],[76.15163,11.72775],[76.15179,11.7274],[76.15208,11.72741],[76.15258,11.72773],[76.1531,11.72762],[76.15341,11.72743],[76.15372,11.72678],[76.15406,11.72521],[76.15422,11.72503],[76.15447,11.72505],[76.15455,11.72536],[76.15453,11.72662],[76.15424,11.72789],[76.1537,11.72906],[76.1537,11.7298],[76.15418,11.73049],[76.15511,11.73101],[76.15561,11.73103],[76.15643,11.73073],[76.15785,11.72954],[76.15935,11.72852],[76.15942,11.72671],[76.15983,11.72588],[76.16014,11.72551],[76.16064,11.72443],[76.16087,11.72362],[76.16087,11.72281],[76.16106,11.72209],[76.16175,11.72126],[76.16216,11.72101],[76.16302,11.72086],[76.16349,11.72064],[76.16545,11.71949],[76.16559,11.7185],[76.16575,11.71826],[76.1673,11.71814],[76.16785,11.71791],[76.16877,11.71722],[76.17064,11.71551],[76.17132,11.71522],[76.17238,11.71511],[76.17483,11.71374],[76.17604,11.71323],[76.17619,11.71311],[76.17627,11.71221],[76.17677,11.71216],[76.17715,11.71246],[76.17848,11.71303],[76.17876,11.71301],[76.17919,11.71273],[76.17981,11.71198],[76.18018,11.71099],[76.17948,11.70925],[76.17955,11.70895],[76.17979,11.70881],[76.18054,11.70932],[76.18094,11.7095],[76.18117,11.70948],[76.18245,11.70881],[76.18323,11.70826],[76.18327,11.70787],[76.18291,11.70751],[76.18282,11.70721],[76.18323,11.70659],[76.18327,11.70597],[76.18316,11.70501],[76.18325,11.70482],[76.18357,11.70485],[76.18423,11.70517],[76.18423,11.7067],[76.18437,11.70721],[76.18523,11.70821],[76.18575,11.70863],[76.18633,11.70867],[76.18697,11.70856],[76.18724,11.70842],[76.18747,11.70812],[76.18779,11.70737],[76.18779,11.70679],[76.18754,11.70505],[76.18765,11.70445],[76.18795,11.70406],[76.18843,11.70299],[76.18847,11.70256],[76.18869,11.70235],[76.18907,11.70239],[76.18926,11.70256],[76.18933,11.70324],[76.18919,11.70397],[76.1888,11.70489],[76.18848,11.70528],[76.18839,11.70567],[76.18848,11.70611],[76.189,11.70645],[76.18926,11.70647],[76.18988,11.70636],[76.19016,11.70611],[76.19169,11.70445],[76.19254,11.70308],[76.19283,11.70294],[76.1935,11.70283],[76.19369,11.70269],[76.19405,11.70191],[76.19405,11.70016],[76.19449,11.69966],[76.19575,11.69856],[76.19733,11.69768],[76.19803,11.69687],[76.19825,11.69625],[76.19937,11.69502],[76.20016,11.69447],[76.20149,11.69405],[76.20265,11.69346],[76.20309,11.69308],[76.20361,11.69208],[76.20416,11.69048],[76.20403,11.6874],[76.20406,11.68719],[76.2043,11.68688],[76.20465,11.6869],[76.20488,11.68729],[76.20528,11.6886],[76.20532,11.68928],[76.20567,11.68978],[76.20589,11.68989],[76.20639,11.68982],[76.20764,11.68923],[76.20825,11.68916],[76.20904,11.68923],[76.20983,11.68886],[76.21014,11.68844],[76.21042,11.68779],[76.21053,11.68717],[76.21088,11.68643],[76.21112,11.68542],[76.21082,11.68365],[76.21038,11.6827],[76.21044,11.68244],[76.21077,11.6822],[76.21101,11.68225],[76.21124,11.68262],[76.21143,11.6835],[76.2116,11.6836],[76.21307,11.6836],[76.21447,11.6829],[76.2151,11.68187],[76.21568,11.68122],[76.21609,11.68015],[76.21626,11.67907],[76.21673,11.67823],[76.21664,11.67789],[76.21624,11.67737],[76.21622,11.67706],[76.21633,11.67686],[76.21668,11.67678],[76.21696,11.67691],[76.21755,11.67791],[76.21803,11.67848],[76.21825,11.67855],[76.21878,11.67842],[76.22042,11.67726],[76.22086,11.67682],[76.22112,11.67638],[76.2211,11.67548],[76.22064,11.67494],[76.22057,11.67469],[76.22064,11.67445],[76.22084,11.6743],[76.22099,11.67439],[76.22134,11.67505],[76.22163,11.67522],[76.22195,11.67529],[76.22268,11.67524],[76.22449,11.67461],[76.225,11.67434],[76.2254,11.67384],[76.22569,11.6737],[76.22646,11.67375],[76.22674,11.67367],[76.22847,11.67283],[76.22915,11.67262],[76.22993,11.67204],[76.23026,11.67158],[76.23011,11.67071],[76.22971,11.67013],[76.22971,11.6698],[76.2298,11.66965],[76.22999,11.66961],[76.23045,11.6698],[76.23066,11.66999],[76.2308,11.67101],[76.23106,11.67134],[76.2318,11.67182],[76.23282,11.67215],[76.23316,11.67256],[76.23272,11.67266],[76.23155,11.67235],[76.2309,11.67246],[76.23044,11.6727],[76.22875,11.67421],[76.22805,11.67505],[76.22807,11.6755],[76.2284,11.67618],[76.22991,11.67738],[76.2303,11.67785],[76.23053,11.67797],[76.23125,11.67795],[76.23158,11.67732],[76.23184,11.67704],[76.23215,11.67686],[76.23276,11.6767],[76.2331,11.67625],[76.23337,11.67524],[76.2336,11.67493],[76.23469,11.67416],[76.23577,11.67377],[76.2365,11.67366],[76.23707,11.67388],[76.23766,11.67448],[76.23728,11.67528],[76.23713,11.67534],[76.23685,11.67536],[76.2367,11.67525],[76.23651,11.67481],[76.23627,11.67456],[76.23543,11.67458],[76.23463,11.67501],[76.23434,11.67554],[76.23383,11.67712],[76.23351,11.67734],[76.23264,11.67749],[76.23234,11.6778],[76.23217,11.6787],[76.23229,11.67905],[76.23192,11.67939],[76.23163,11.67939],[76.23109,11.67874],[76.23071,11.67854],[76.22973,11.67825],[76.22847,11.67766],[76.227,11.67649],[76.22635,11.6757],[76.22578,11.67544],[76.22499,11.67555],[76.2246,11.6757],[76.22425,11.6761],[76.22417,11.67649],[76.22425,11.67684],[76.22495,11.67776],[76.22499,11.67817],[76.22488,11.67844],[76.22436,11.67756],[76.22346,11.67664],[76.22314,11.67642],[76.22276,11.67631],[76.22239,11.67645],[76.22206,11.67671],[76.22168,11.67731],[76.22211,11.67895],[76.22202,11.67903],[76.22183,11.67897],[76.22118,11.67817],[76.22098,11.67817],[76.22005,11.67907],[76.21883,11.67966],[76.21841,11.68008],[76.21819,11.6806],[76.21825,11.681],[76.2185,11.68126],[76.21976,11.68181],[76.22066,11.68183],[76.22169,11.68122],[76.22214,11.68125],[76.22236,11.68142],[76.22243,11.68163],[76.22236,11.68206],[76.22203,11.68214],[76.22152,11.68207],[76.22075,11.68225],[76.22055,11.68246],[76.22044,11.68279],[76.2205,11.68338],[76.22045,11.68349],[76.22031,11.68351],[76.22014,11.68349],[76.21957,11.6827],[76.219,11.68231],[76.21825,11.68209],[76.21709,11.68216],[76.21613,11.68304],[76.21601,11.68341],[76.21607,11.68416],[76.21579,11.68425],[76.21536,11.68391],[76.21497,11.68376],[76.21445,11.68387],[76.21272,11.68511],[76.21152,11.68667],[76.21138,11.6873],[76.2116,11.68809],[76.21272,11.68875],[76.21479,11.68909],[76.21484,11.68968],[76.21385,11.69],[76.21326,11.69074],[76.21313,11.69104],[76.21271,11.69091],[76.21268,11.69006],[76.21254,11.68969],[76.21195,11.68938],[76.21152,11.68932],[76.21077,11.6894],[76.20937,11.69024],[76.20915,11.69019],[76.20878,11.68984],[76.20853,11.6898],[76.20734,11.69035],[76.20619,11.69039],[76.20586,11.69063],[76.20563,11.69118],[76.20497,11.69177],[76.20455,11.69238],[76.20416,11.69361],[76.20435,11.69453],[76.20435,11.69479],[76.20422,11.69505],[76.20407,11.6951],[76.20335,11.6947],[76.20251,11.69457],[76.20177,11.69468],[76.20155,11.69483],[76.20123,11.6954],[76.20123,11.69582],[76.20135,11.69613],[76.202,11.69683],[76.20337,11.69722],[76.20392,11.69753],[76.204,11.69772],[76.2037,11.69884],[76.20379,11.6993],[76.20394,11.69958],[76.20455,11.70004],[76.2058,11.70015],[76.20722,11.70017],[76.20753,11.70009],[76.20773,11.6998],[76.20844,11.69787],[76.2086,11.69775],[76.20896,11.69775],[76.2092,11.6979],[76.20937,11.69838],[76.2093,11.69866],[76.20817,11.6998],[76.20795,11.70011],[76.20795,11.70037],[76.20799,11.70083],[76.20823,11.70151],[76.2095,11.70313],[76.20963,11.70468],[76.20979,11.7052],[76.20967,11.70536],[76.20948,11.7054],[76.20932,11.70531],[76.209,11.70451],[76.20878,11.70424],[76.2085,11.70394],[76.20799,11.70368],[76.20768,11.7037],[76.2072,11.70394],[76.20648,11.70405],[76.20576,11.70433],[76.20497,11.70433],[76.20495,11.70418],[76.20578,11.70365],[76.2072,11.70313],[76.20744,11.70291],[76.20749,11.70188],[76.20729,11.70074],[76.20712,11.70059],[76.20683,11.70052],[76.20659,11.70061],[76.20631,11.7009],[76.20569,11.70098],[76.20432,11.70048],[76.20335,11.69987],[76.20306,11.69987],[76.2027,11.69973],[76.20227,11.69942],[76.2022,11.69913],[76.20236,11.69858],[76.20238,11.69796],[76.20217,11.69737],[76.201,11.6965],[76.20057,11.69576],[76.20032,11.69561],[76.19997,11.69558],[76.19951,11.69574],[76.1988,11.69661],[76.19851,11.69711],[76.19826,11.69797],[76.19827,11.69849],[76.19793,11.69913],[76.19772,11.69932],[76.19593,11.69954],[76.19524,11.69991],[76.19476,11.70049],[76.1946,11.70138],[76.19469,11.7017],[76.19529,11.70264],[76.19563,11.70292],[76.19712,11.70381],[76.19753,11.7042],[76.19887,11.70512],[76.20075,11.70591],[76.20085,11.70606],[76.20075,11.70625],[76.20051,11.70637],[76.19911,11.70639],[76.19858,11.70681],[76.19854,11.70722],[76.19837,11.7072],[76.19804,11.70692],[76.19777,11.70594],[76.19749,11.70544],[76.19627,11.70438],[76.19563,11.70367],[76.19472,11.70321],[76.19426,11.70317],[76.1936,11.70326],[76.19279,11.7037],[76.19219,11.70438],[76.19178,11.70532],[76.19139,11.70561],[76.19057,11.70666],[76.18942,11.70737],[76.18887,11.70798],[76.18887,11.70883],[76.18903,11.70943],[76.19052,11.71074],[76.19109,11.71159],[76.1918,11.71202],[76.19217,11.71209],[76.19274,11.712],[76.19336,11.71154],[76.19357,11.71149],[76.1941,11.71165],[76.19412,11.7119],[76.1935,11.71227],[76.19341,11.71248],[76.19387,11.71317],[76.1938,11.71344],[76.19366,11.71344],[76.19313,11.71307],[76.19286,11.713],[76.19256,11.71305],[76.19231,11.71367],[76.19233,11.71443],[76.19209,11.7146],[76.1918,11.71454],[76.19137,11.71397],[76.19082,11.7136],[76.19061,11.71335],[76.18988,11.7114],[76.18905,11.71035],[76.18813,11.70945],[76.18701,11.70964],[76.18573,11.71013],[76.18575,11.71058],[76.18614,11.71194],[76.18609,11.71212],[76.18588,11.7122],[76.18562,11.71204],[76.1855,11.711],[76.18514,11.71027],[76.18472,11.7098],[76.18437,11.7097],[76.18401,11.7098],[76.18375,11.70998],[76.18236,11.71192],[76.18231,11.71281],[76.18209,11.71318],[76.18175,11.7132],[76.1811,11.71282],[76.18052,11.71273],[76.1802,11.71282],[76.17988,11.71305],[76.17979,11.71344],[76.18024,11.71512],[76.18066,11.7161],[76.1819,11.71745],[76.18229,11.71762],[76.18362,11.71791],[76.18426,11.7185],[76.18426,11.71869],[76.18407,11.71883],[76.18386,11.71883],[76.18316,11.71853],[76.18134,11.7186],[76.18091,11.71793],[76.18073,11.71698],[76.18038,11.71638],[76.17919,11.71498],[76.17869,11.71466],[76.17759,11.71443],[76.17647,11.71395],[76.17523,11.71461],[76.17419,11.71496],[76.17286,11.71583],[76.17175,11.71641],[76.1712,11.71698],[76.17101,11.7176],[76.17077,11.71793],[76.17044,11.71812],[76.16965,11.71819],[76.16925,11.71841],[76.16858,11.71921],[76.16839,11.71957],[76.16808,11.72083],[76.1678,11.72093],[76.16742,11.7209],[76.16682,11.72057],[76.16616,11.72045],[76.16542,11.72076],[76.16478,11.72118],[76.16394,11.72262],[76.16252,11.72445],[76.16128,11.72532],[76.16092,11.7257],[76.16073,11.72625],[76.16071,11.72663],[76.16092,11.72691],[76.16147,11.7272],[76.16152,11.72751],[76.16137,11.72796],[76.16047,11.72884],[76.15899,11.72955],[76.15781,11.73044],[76.15761,11.73073],[76.15773,11.73156],[76.15799,11.73205],[76.1593,11.73292],[76.1593,11.73311],[76.15869,11.73349],[76.15845,11.73401],[76.15815,11.73418],[76.15771,11.73389],[76.15716,11.73259],[76.15704,11.73242],[76.15668,11.73222],[76.15616,11.73212],[76.15545,11.73214],[76.15427,11.73242],[76.15366,11.73276],[76.15324,11.73354],[76.15312,11.73422],[76.15328,11.73595],[76.15304,11.73619],[76.15288,11.73615],[76.1527,11.736],[76.15253,11.73548],[76.15228,11.73416],[76.15244,11.73354],[76.15318,11.73278],[76.15328,11.73254],[76.15324,11.73193],[76.15299,11.73097],[76.15277,11.73075],[76.15233,11.73057],[76.15186,11.73063],[76.15158,11.73086],[76.15142,11.73115],[76.15128,11.73176],[76.1509,11.73187],[76.15031,11.73176],[76.14971,11.73182],[76.14818,11.73303],[76.1478,11.73321],[76.14748,11.73323],[76.14723,11.73339],[76.14707,11.73371],[76.14713,11.73401],[76.14764,11.73454],[76.14778,11.73482],[76.14776,11.7351],[76.14758,11.73522],[76.14717,11.73516],[76.14544,11.73428],[76.145,11.73428],[76.14395,11.73473],[76.14343,11.73508],[76.14313,11.7355],[76.1431,11.73621],[76.14326,11.73712],[76.14312,11.73722],[76.14255,11.73701],[76.14207,11.73653],[76.14124,11.73613],[76.14061,11.73613],[76.13966,11.73672],[76.13925,11.73712],[76.13867,11.738],[76.13866,11.73877],[76.13892,11.7398],[76.1388,11.74002],[76.13864,11.74004],[76.13846,11.73993],[76.13769,11.73917],[76.13708,11.73895],[76.13587,11.73899],[76.13483,11.73933],[76.13263,11.7409],[76.131,11.74249],[76.13101,11.74269],[76.13136,11.74342],[76.13124,11.74463],[76.13107,11.74497],[76.12963,11.74553],[76.12917,11.74557],[76.1284,11.74553],[76.12788,11.74509],[76.12769,11.74501],[76.12746,11.74505],[76.12709,11.7456],[76.12721,11.74582],[76.12923,11.74673],[76.13001,11.74743],[76.13018,11.74782],[76.13013,11.7481],[76.12936,11.74917],[76.12936,11.75024],[76.12922,11.7505],[76.12833,11.75098],[76.12798,11.75149],[76.12802,11.75222],[76.12968,11.75485],[76.13026,11.75547],[76.13065,11.75605],[76.13166,11.75781],[76.13177,11.75837],[76.13171,11.75856],[76.13146,11.75856],[76.13097,11.75826],[76.1306,11.75773],[76.12979,11.75697],[76.12887,11.75572],[76.1287,11.75533],[76.12836,11.75499],[76.12804,11.75491],[76.12778,11.75502],[76.12753,11.75555],[76.12737,11.75647],[76.1271,11.75697],[76.12687,11.75699],[76.12673,11.75685],[76.12689,11.756],[76.12695,11.75494],[76.12681,11.75418],[76.12661,11.75379],[76.126,11.75307],[76.12488,11.75237],[76.12426,11.75235],[76.12376,11.75249],[76.1229,11.75256],[76.12239,11.75299],[76.12223,11.75434],[76.12213,11.7545],[76.12175,11.75474],[76.12078,11.75472],[76.12044,11.75484],[76.1204,11.75514],[76.12044,11.75547],[76.12098,11.75625],[76.12111,11.75677],[76.1215,11.75733],[76.12215,11.75794],[76.12232,11.75807],[76.12284,11.7582],[76.12305,11.75839],[76.12355,11.75986],[76.12459,11.76112],[76.12544,11.76241],[76.1261,11.76292],[76.12748,11.76353],[76.12753,11.7638],[76.12743,11.764],[76.1271,11.76411],[76.12538,11.76369],[76.12489,11.76371],[76.12473,11.76383],[76.1246,11.76415],[76.12435,11.76522],[76.12395,11.76518],[76.12379,11.76501],[76.12378,11.76478],[76.12397,11.76287],[76.12372,11.76215],[76.12283,11.76096],[76.1223,11.76043],[76.12145,11.75998],[76.12112,11.75966],[76.12066,11.75747],[76.12052,11.75709],[76.12019,11.75664],[76.1198,11.75626],[76.11856,11.75562],[76.11665,11.75488],[76.11584,11.7548],[76.11552,11.75442],[76.11526,11.75438],[76.11488,11.75478],[76.11454,11.75498],[76.11367,11.7551],[76.11357,11.75532],[76.11386,11.75582],[76.11386,11.7563],[76.11372,11.75649],[76.11247,11.75704],[76.11113,11.75647],[76.11075,11.75645],[76.11015,11.75659],[76.1097,11.75643],[76.10842,11.7554],[76.10771,11.75449],[76.1072,11.75412],[76.10677,11.75392],[76.10587,11.75371],[76.10562,11.75373],[76.10517,11.75393],[76.10495,11.7545],[76.10528,11.75602],[76.10581,11.75689],[76.10634,11.75825],[76.10717,11.75922],[76.10833,11.7601],[76.10861,11.76058],[76.10856,11.76077],[76.10838,11.76088],[76.10779,11.76085],[76.10573,11.75959],[76.10492,11.75921],[76.10465,11.75921],[76.10445,11.75948],[76.10395,11.76076],[76.1026,11.76315],[76.10216,11.76355],[76.1012,11.76395],[76.10094,11.76426],[76.10085,11.76458],[76.10095,11.76653],[76.1009,11.76778],[76.10127,11.7683],[76.10187,11.76883],[76.10257,11.76905],[76.10325,11.76951],[76.10339,11.76973],[76.10337,11.77004],[76.10328,11.77013],[76.10213,11.77032],[76.10182,11.77046],[76.10153,11.77081],[76.10144,11.77126],[76.10158,11.77218],[76.10145,11.77244],[76.10093,11.77244],[76.1004,11.77191],[76.10021,11.77156],[76.10015,11.77108],[76.09986,11.77054],[76.09968,11.77043],[76.09944,11.77049],[76.09905,11.77094],[76.09814,11.77122],[76.09643,11.77128],[76.09569,11.77146],[76.09546,11.77187],[76.09544,11.77247],[76.09588,11.77368],[76.09592,11.77438],[76.09581,11.77467],[76.09537,11.77478],[76.09473,11.77441],[76.09365,11.77349],[76.09298,11.77314],[76.09173,11.77207],[76.09117,11.77126],[76.09086,11.76975],[76.09046,11.76935],[76.09029,11.7693],[76.08984,11.76936],[76.08863,11.77049],[76.08847,11.77075],[76.08813,11.77187],[76.08798,11.77337],[76.08776,11.77374],[76.08723,11.77388],[76.08675,11.7738],[76.08647,11.77348],[76.08626,11.77266],[76.08595,11.77207],[76.08469,11.77081],[76.08397,11.77043],[76.0837,11.77018],[76.08282,11.76902],[76.08262,11.76891],[76.08217,11.76894],[76.08204,11.76908],[76.08202,11.76928],[76.08252,11.77038],[76.08256,11.77069],[76.08216,11.77126],[76.08183,11.77124],[76.08147,11.77092],[76.08107,11.77033],[76.08082,11.77023],[76.08022,11.77053],[76.07876,11.77093],[76.07858,11.77107],[76.07876,11.77156],[76.07919,11.77188],[76.07939,11.77236],[76.07927,11.77266],[76.07895,11.77287],[76.07851,11.77276],[76.07817,11.77206],[76.07749,11.77111],[76.07597,11.77069],[76.0755,11.77073],[76.0751,11.77093],[76.07325,11.77246],[76.07295,11.77279],[76.07288,11.77302],[76.07286,11.77335],[76.07311,11.77388],[76.07344,11.77564],[76.07345,11.77756],[76.07361,11.7779],[76.07382,11.77806],[76.07524,11.77839],[76.0762,11.77886],[76.0766,11.77896],[76.078,11.7789],[76.07899,11.77854],[76.07942,11.77875],[76.07985,11.77915],[76.07988,11.77945],[76.07988,11.77974],[76.07971,11.78002],[76.079,11.78059],[76.07798,11.78087],[76.0767,11.78104],[76.07602,11.78098],[76.07462,11.78106],[76.07441,11.78122],[76.07422,11.78162],[76.07411,11.78228],[76.07419,11.78389],[76.07438,11.78422],[76.07476,11.7843],[76.07532,11.78411],[76.07576,11.7831],[76.07603,11.7829],[76.07664,11.78281],[76.07733,11.78302],[76.07749,11.78323],[76.07751,11.78351],[76.07741,11.78372],[76.07638,11.78427],[76.07542,11.78502],[76.07494,11.78594],[76.07467,11.78687],[76.07454,11.78761],[76.07462,11.78824],[76.07521,11.7901],[76.07542,11.79051],[76.07603,11.79114],[76.07637,11.79133],[76.07679,11.7914],[76.078,11.7907],[76.07853,11.79022],[76.07874,11.78975],[76.07897,11.7887],[76.07912,11.78845],[76.07969,11.78798],[76.08006,11.78695],[76.08032,11.78686],[76.08062,11.78715],[76.08064,11.78734],[76.08041,11.78828],[76.08041,11.78909],[76.08082,11.78962],[76.08169,11.79023],[76.08211,11.79044],[76.08279,11.79059],[76.08465,11.79028],[76.08508,11.7899],[76.08525,11.78948],[76.08522,11.78884],[76.08538,11.78865],[76.08579,11.78871],[76.08622,11.7893],[76.08682,11.78967],[76.08803,11.78958],[76.08879,11.78986],[76.08914,11.78989],[76.09046,11.78974],[76.09062,11.78984],[76.09073,11.79025],[76.09066,11.7912],[76.09122,11.79273],[76.09113,11.79291],[76.09083,11.793],[76.0906,11.79294],[76.09005,11.79251],[76.0898,11.79242],[76.08859,11.79243],[76.08841,11.79229],[76.08837,11.79182],[76.08829,11.7917],[76.08811,11.79169],[76.08719,11.79206],[76.08611,11.79191],[76.08475,11.79194],[76.08326,11.79237],[76.08198,11.79247],[76.08134,11.79271],[76.08089,11.79314],[76.08081,11.79334],[76.08081,11.79408],[76.08062,11.79442],[76.08041,11.79459],[76.08002,11.79481],[76.07895,11.79463],[76.07837,11.79464],[76.07817,11.79498],[76.07821,11.79515],[76.07851,11.79551],[76.07883,11.79572],[76.07925,11.79589],[76.08014,11.79598],[76.08033,11.79609],[76.08056,11.7965],[76.08106,11.79659],[76.08311,11.79585],[76.08322,11.79569],[76.08327,11.79522],[76.08347,11.79501],[76.08355,11.79503],[76.08395,11.7953],[76.08408,11.79572],[76.08366,11.79791],[76.08345,11.79856],[76.08313,11.79892],[76.08273,11.79915],[76.08244,11.79915],[76.08087,11.79774],[76.08022,11.79768],[76.07986,11.79776],[76.07944,11.79804],[76.07919,11.79834],[76.07902,11.79869],[76.07897,11.79941],[76.0786,11.7998],[76.07814,11.79956],[76.07779,11.79767],[76.07752,11.79766],[76.0773,11.79779],[76.07707,11.79814],[76.07701,11.79902],[76.07713,11.79965],[76.07867,11.80149],[76.0788,11.80193],[76.07883,11.80354],[76.07895,11.80403],[76.07989,11.8049],[76.08081,11.80631],[76.08114,11.80663],[76.08149,11.80667],[76.0818,11.80661],[76.08237,11.80631],[76.08416,11.80585],[76.08482,11.80545],[76.08476,11.80367],[76.08553,11.80283],[76.08568,11.80223],[76.08565,11.80161],[76.08528,11.80112],[76.08534,11.80088],[76.08568,11.8006],[76.08656,11.80042],[76.08697,11.80017],[76.0883,11.7987],[76.08856,11.79882],[76.08856,11.79894],[76.08839,11.79925],[76.08806,11.79954],[76.08755,11.80084],[76.08778,11.80173],[76.0879,11.80328],[76.08803,11.80358],[76.08948,11.80416],[76.09042,11.80433],[76.09259,11.80418],[76.09417,11.80298],[76.09431,11.80256],[76.09416,11.80186],[76.09427,11.8016],[76.09467,11.80156],[76.09529,11.80179],[76.09572,11.80179],[76.09653,11.80156],[76.09685,11.80137],[76.0973,11.80064],[76.09755,11.7997],[76.09772,11.79945],[76.0992,11.79923],[76.09962,11.79889],[76.10054,11.79772],[76.10065,11.79609],[76.10052,11.79556],[76.10009,11.7949],[76.09994,11.79445],[76.09988,11.79426],[76.09996,11.79394],[76.10054,11.79372],[76.10095,11.79383],[76.10115,11.79429],[76.10124,11.79498],[76.10188,11.79632],[76.10299,11.797],[76.10364,11.79715],[76.10345,11.79775],[76.10351,11.79852],[76.10388,11.79937],[76.10484,11.80066],[76.10484,11.80122],[76.1047,11.80152],[76.1045,11.80165],[76.1041,11.80164],[76.10262,11.80114],[76.10173,11.8007],[76.10114,11.80074],[76.10084,11.80088],[76.10059,11.80129],[76.10066,11.80176],[76.10155,11.803],[76.10233,11.80365],[76.10229,11.80388],[76.1022,11.80396],[76.10185,11.80393],[76.10133,11.80363],[76.10071,11.80303],[76.09988,11.80281],[76.09918,11.80282],[76.09853,11.80312],[76.09793,11.80366],[76.09766,11.80408],[76.0975,11.80544],[76.09737,11.80578],[76.09673,11.80651],[76.09671,11.80796],[76.09652,11.80847],[76.09654,11.80907],[76.0967,11.80922],[76.09783,11.80938],[76.09822,11.80969],[76.09836,11.81002],[76.09836,11.81011],[76.0981,11.81028],[76.09729,11.81048],[76.09661,11.81083],[76.09638,11.81121],[76.09659,11.81343],[76.0968,11.81405],[76.09697,11.81604],[76.09731,11.81664],[76.09831,11.81761],[76.09877,11.81765],[76.09912,11.81751],[76.09962,11.81665],[76.0999,11.81661],[76.10013,11.81669],[76.10028,11.81754],[76.10056,11.81797],[76.10062,11.81824],[76.10038,11.8186],[76.09989,11.81883],[76.09867,11.81888],[76.09846,11.81896],[76.09778,11.81931],[76.09729,11.81981],[76.09679,11.82077],[76.09661,11.82149],[76.09674,11.82443],[76.09647,11.8254],[76.09602,11.82595],[76.09592,11.82628],[76.09586,11.82723],[76.09607,11.82777],[76.09604,11.82797],[76.09569,11.82826],[76.09529,11.82843],[76.09517,11.82868],[76.09567,11.8295],[76.09607,11.83107],[76.09649,11.83157],[76.09705,11.83196],[76.09794,11.83289],[76.09901,11.8338],[76.09942,11.83445],[76.0997,11.83467],[76.10074,11.83488],[76.1012,11.83478],[76.10167,11.83455],[76.10191,11.83413],[76.10194,11.83366],[76.10172,11.83312],[76.10119,11.83014],[76.10125,11.82854],[76.10235,11.82723],[76.10261,11.82647],[76.10349,11.82593],[76.10424,11.8251],[76.10518,11.82349],[76.10609,11.82235],[76.10635,11.82162],[76.10635,11.82049],[76.10661,11.81969],[76.10656,11.81913],[76.10626,11.81855],[76.10634,11.81831],[76.1065,11.81821],[76.10697,11.81828],[76.10754,11.81876],[76.1083,11.8189],[76.10895,11.81874],[76.10928,11.81854],[76.10953,11.81814],[76.1098,11.817],[76.11045,11.81585],[76.11051,11.81547],[76.11042,11.81527],[76.10912,11.81413],[76.10892,11.81363],[76.10909,11.81325],[76.1096,11.81327],[76.11079,11.81435],[76.11112,11.81453],[76.11131,11.81453],[76.11179,11.8144],[76.11317,11.8137],[76.1152,11.813],[76.11553,11.81277],[76.11649,11.81173],[76.11703,11.8115],[76.11784,11.81157],[76.1179,11.81194],[76.11779,11.81217],[76.11607,11.81393],[76.11582,11.81432],[76.1159,11.81589],[76.11555,11.8159],[76.11516,11.81544],[76.11458,11.81518],[76.11326,11.81514],[76.11277,11.81527],[76.11257,11.81539],[76.11219,11.81589],[76.11213,11.81621],[76.11221,11.81772],[76.11252,11.8184],[76.1125,11.81889],[76.11206,11.81895],[76.11188,11.81882],[76.11097,11.81864],[76.11004,11.81869],[76.10951,11.81896],[76.108,11.82033],[76.10784,11.82073],[76.10783,11.82114],[76.10824,11.82209],[76.10846,11.82235],[76.10843,11.82262],[76.10755,11.82305],[76.10696,11.82354],[76.10666,11.82398],[76.10553,11.82512],[76.1049,11.82643],[76.10383,11.82799],[76.10326,11.82911],[76.10302,11.82984],[76.10302,11.83061],[76.10341,11.83217],[76.10461,11.83434],[76.105,11.83472],[76.10595,11.83502],[76.10694,11.83494],[76.10831,11.83421],[76.1105,11.8334],[76.11073,11.83317],[76.11112,11.83234],[76.11118,11.83159],[76.11081,11.83013],[76.11023,11.82896],[76.11024,11.8285],[76.11042,11.82839],[76.11063,11.82842],[76.11153,11.83021],[76.11201,11.83042],[76.11242,11.83047],[76.11259,11.83043],[76.11397,11.82938],[76.11517,11.82837],[76.11572,11.82813],[76.11592,11.82821],[76.11595,11.82839],[76.11564,11.82925],[76.11536,11.82969],[76.11498,11.83019],[76.11277,11.83232],[76.11216,11.83341],[76.11218,11.83377],[76.1131,11.83527],[76.1137,11.836],[76.11473,11.83672],[76.11538,11.83704],[76.1167,11.83709],[76.11757,11.83686],[76.11791,11.83647],[76.11813,11.83604],[76.11817,11.83454],[76.11832,11.83435],[76.11846,11.83432],[76.11862,11.83437],[76.11875,11.83463],[76.11866,11.83631],[76.11882,11.83699],[76.12051,11.83855],[76.12073,11.83866],[76.12128,11.83864],[76.12267,11.83708],[76.12291,11.83707],[76.12301,11.83716],[76.1229,11.83758],[76.12225,11.83849],[76.12231,11.83976],[76.1217,11.84001],[76.12084,11.84014],[76.12021,11.84045],[76.11979,11.84116],[76.11943,11.84154],[76.11936,11.84191],[76.11989,11.84246],[76.12052,11.84278],[76.12084,11.84289],[76.1223,11.84289],[76.1227,11.84302],[76.12319,11.84335],[76.12335,11.84364],[76.12336,11.84477],[76.12283,11.84576],[76.12281,11.84599],[76.12293,11.84654],[76.12354,11.84788],[76.12365,11.84798],[76.12423,11.84801],[76.12553,11.84767],[76.12613,11.84736],[76.12638,11.84737],[76.12654,11.84742],[76.12659,11.8476],[76.12647,11.84853],[76.1266,11.84882],[76.12899,11.84998],[76.13025,11.85017],[76.13115,11.85058],[76.13154,11.85038],[76.13184,11.8504],[76.13294,11.85136],[76.13345,11.85149],[76.13462,11.85147],[76.13492,11.85132],[76.13552,11.85133],[76.13606,11.8511],[76.13636,11.85107],[76.13646,11.85122],[76.13643,11.85153],[76.13496,11.85286],[76.13563,11.85418],[76.13583,11.85512],[76.13621,11.85566],[76.13687,11.85636],[76.13766,11.85659],[76.13874,11.85711],[76.13903,11.8571],[76.13926,11.85691],[76.13947,11.85615],[76.13959,11.85602],[76.14021,11.85586],[76.14051,11.85609],[76.14073,11.85718],[76.14112,11.8576],[76.14161,11.85795],[76.14192,11.85805],[76.14223,11.85811],[76.14316,11.85803],[76.14423,11.85745],[76.14485,11.85627],[76.14508,11.85446],[76.14537,11.85374],[76.14593,11.8532],[76.14648,11.85303],[76.14672,11.85309],[76.14702,11.85338],[76.14712,11.85415],[76.14625,11.8553],[76.14587,11.85606],[76.1457,11.85749],[76.14591,11.85827],[76.14622,11.85873],[76.14677,11.85898],[76.14796,11.8593],[76.14857,11.85928],[76.14902,11.85916],[76.14964,11.85879],[76.15042,11.85819],[76.1514,11.85711],[76.1516,11.85703],[76.15189,11.85715],[76.15195,11.85734],[76.15187,11.85773],[76.15041,11.85975],[76.14989,11.86031],[76.1495,11.86097],[76.14921,11.86155],[76.14906,11.86254],[76.14915,11.86303],[76.14946,11.86376],[76.15039,11.86465],[76.15225,11.86576],[76.15264,11.86586],[76.15331,11.86584],[76.15386,11.86558],[76.15451,11.86509],[76.15504,11.86452],[76.15551,11.86432],[76.1571,11.86436],[76.1583,11.86456],[76.15958,11.86454],[76.16005,11.86438],[76.16026,11.86415],[76.16032,11.86358],[76.15999,11.86307],[76.15999,11.86289],[76.16021,11.86254],[76.16099,11.86218],[76.16129,11.86185],[76.16213,11.86063],[76.16282,11.85922],[76.16284,11.85833],[76.16254,11.85778],[76.16148,11.85711],[76.16057,11.85668],[76.16031,11.85642],[76.15968,11.85489],[76.15942,11.8545],[76.15881,11.85415],[76.15873,11.85397],[76.15882,11.8538],[76.15924,11.85351],[76.15958,11.853],[76.16044,11.85129],[76.161,11.85056],[76.16111,11.85017],[76.16108,11.84983],[76.16086,11.84957],[76.16101,11.84904],[76.16138,11.84889],[76.16195,11.8492],[76.16245,11.84918],[76.16296,11.84876],[76.163,11.84825],[76.16226,11.84615],[76.1623,11.84447],[76.16218,11.84388],[76.16188,11.84338],[76.16121,11.84274],[76.16096,11.84233],[76.16024,11.84157],[76.15942,11.84081],[76.15824,11.84036],[76.15779,11.84034],[76.15759,11.84026],[76.15742,11.84004],[76.15747,11.83973],[76.15763,11.83951],[76.15848,11.83884],[76.15889,11.83812],[76.15907,11.83743],[76.15911,11.83634],[76.15899,11.83583],[76.1584,11.83485],[76.1575,11.83299],[76.15723,11.83291],[76.15664,11.83295],[76.15622,11.83312],[76.15579,11.83351],[76.1552,11.83378],[76.15474,11.8338],[76.15447,11.83355],[76.15453,11.83321],[76.15528,11.83223],[76.15555,11.83169],[76.15564,11.83043],[76.15597,11.83016],[76.15619,11.83017],[76.15792,11.83136],[76.15859,11.83218],[76.15983,11.83414],[76.16051,11.8357],[76.16075,11.83589],[76.16144,11.83605],[76.16183,11.83659],[76.16207,11.83674],[76.16257,11.83679],[76.16367,11.83637],[76.16436,11.83598],[76.16488,11.83605],[76.16522,11.83627],[76.16522,11.83649],[76.16508,11.83674],[76.16484,11.83692],[76.16266,11.83768],[76.16235,11.83786],[76.16201,11.83833],[76.16184,11.83869],[76.16177,11.83938],[76.16183,11.84093],[76.16199,11.84183],[76.16223,11.84232],[76.1631,11.84335],[76.16336,11.84356],[76.16376,11.84364],[76.16417,11.84367],[76.16465,11.84339],[76.16582,11.84231],[76.16637,11.84245],[76.16637,11.84297],[76.16547,11.84417],[76.16541,11.84486],[76.16502,11.84553],[76.16441,11.84587],[76.16419,11.84614],[76.16406,11.84636],[76.16409,11.84666],[76.16448,11.8472],[76.16472,11.84735],[76.16685,11.84735],[76.16808,11.84773],[76.16856,11.84796],[76.16865,11.8481],[76.16863,11.84839],[76.1684,11.84859],[76.16816,11.84863],[76.16502,11.84855],[76.16435,11.84876],[76.1639,11.84912],[76.16305,11.85008],[76.1619,11.85087],[76.16133,11.85159],[76.16098,11.85311],[76.16058,11.85418],[76.16058,11.85473],[76.16068,11.85508],[76.16099,11.85538],[76.16272,11.85639],[76.1631,11.85673],[76.16381,11.85799],[76.1645,11.8589],[76.16448,11.85952],[76.16423,11.86009],[76.16293,11.8621],[76.1626,11.86283],[76.16256,11.86343],[76.16264,11.86374],[76.16311,11.86465],[76.16335,11.86481],[76.16386,11.86494],[76.16482,11.8649],[76.16549,11.86437],[76.16596,11.86421],[76.16627,11.86439],[76.16696,11.8651],[76.16757,11.86545],[76.16836,11.86616],[76.1693,11.86666],[76.16994,11.86668],[76.17053,11.86655],[76.17088,11.86618],[76.17161,11.86447],[76.1719,11.86469],[76.17206,11.86506],[76.17211,11.86644],[76.17222,11.86694],[76.17265,11.86774],[76.17338,11.86805],[76.17428,11.86829],[76.17623,11.86847],[76.1774,11.86832],[76.1783,11.86807],[76.17875,11.86773],[76.17883,11.86756],[76.17885,11.86669],[76.17877,11.86573],[76.17828,11.86456],[76.1782,11.86409],[76.17823,11.8639],[76.17854,11.86375],[76.17894,11.86391],[76.17933,11.86428],[76.18002,11.86556],[76.18059,11.86638],[76.18159,11.86731],[76.1826,11.86777],[76.18335,11.86789],[76.1857,11.86793],[76.18601,11.86781],[76.18623,11.86756],[76.18648,11.86724],[76.1866,11.86683],[76.18662,11.86355],[76.18652,11.86263],[76.18667,11.86202],[76.18692,11.86166],[76.18716,11.86159],[76.18737,11.86165],[76.18806,11.86262],[76.1883,11.86467],[76.18856,11.86553],[76.18897,11.8662],[76.18949,11.8667],[76.1904,11.86705],[76.19215,11.86614],[76.19288,11.86569],[76.19356,11.86512],[76.19501,11.86441],[76.19617,11.86314],[76.19741,11.86094],[76.19741,11.86009],[76.19727,11.85966],[76.19674,11.85922],[76.19635,11.85915],[76.19477,11.85938],[76.19408,11.85921],[76.19397,11.85892],[76.19401,11.85863],[76.19419,11.85838],[76.19484,11.85816],[76.19509,11.85794],[76.19523,11.85766],[76.19509,11.85629],[76.19459,11.85567],[76.19459,11.85549],[76.1943,11.85499],[76.19388,11.85381],[76.19344,11.85366],[76.19255,11.85363],[76.19199,11.85349],[76.19079,11.85274],[76.19082,11.85229],[76.19107,11.85185],[76.19171,11.85154],[76.19263,11.85068],[76.19294,11.85068],[76.19314,11.85082],[76.19327,11.85148],[76.19369,11.8521],[76.19461,11.85243],[76.19541,11.85246],[76.19586,11.85231],[76.1964,11.8518],[76.19722,11.85048],[76.19781,11.84903],[76.19823,11.84834],[76.19848,11.8477],[76.1988,11.84744],[76.19913,11.8475],[76.1995,11.84783],[76.19974,11.84858],[76.1992,11.84875],[76.19888,11.84906],[76.1986,11.84953],[76.19841,11.85004],[76.19807,11.85224],[76.19772,11.85303],[76.19712,11.85353],[76.19681,11.85394],[76.19656,11.85521],[76.19677,11.85573],[76.19732,11.85631],[76.19788,11.85656],[76.19925,11.85663],[76.20027,11.85638],[76.20101,11.8557],[76.20181,11.8533],[76.20198,11.853],[76.20232,11.85285],[76.20255,11.85292],[76.20285,11.85337],[76.20284,11.85511],[76.20309,11.85613],[76.20334,11.85647],[76.20381,11.85675],[76.20444,11.85684],[76.20551,11.85686],[76.20591,11.85673],[76.20699,11.85611],[76.20728,11.85565],[76.20757,11.85497],[76.20792,11.85343],[76.20836,11.85254],[76.20886,11.85185],[76.20911,11.85088],[76.20944,11.85022],[76.20938,11.84936],[76.20896,11.84896],[76.2082,11.84852],[76.20808,11.84828],[76.20818,11.84806],[76.2093,11.84741],[76.20972,11.8469],[76.20999,11.84542],[76.21028,11.84486],[76.2103,11.84432],[76.21017,11.8439],[76.20952,11.84306],[76.20942,11.84279],[76.20952,11.84243],[76.20973,11.84216],[76.21038,11.8417],[76.21168,11.84109],[76.21215,11.84056],[76.21225,11.83964],[76.21208,11.83891],[76.21192,11.83721],[76.21034,11.83587],[76.20961,11.83396],[76.20961,11.83347],[76.20938,11.83229],[76.20845,11.83135],[76.20786,11.83114],[76.20718,11.83116],[76.20676,11.83134],[76.20615,11.83187],[76.20569,11.83201],[76.20405,11.83193],[76.20344,11.83176],[76.20306,11.8314],[76.20306,11.83121],[76.20348,11.83075],[76.20397,11.83059],[76.20543,11.83057],[76.20661,11.83006],[76.20751,11.82928],[76.20789,11.82842],[76.20791,11.82754],[76.20745,11.82652],[76.20602,11.82515],[76.20576,11.82431],[76.20585,11.82403],[76.20671,11.82328],[76.20692,11.82269],[76.2067,11.82165],[76.20641,11.82101],[76.20613,11.8199],[76.20569,11.81877],[76.20552,11.81774],[76.20552,11.81635],[76.20541,11.81578],[76.20332,11.81406],[76.20274,11.81367],[76.20235,11.81359],[76.20221,11.81347],[76.20089,11.81222],[76.20025,11.81128],[76.1998,11.81087],[76.19943,11.81082],[76.19918,11.81089],[76.19754,11.81174],[76.19653,11.81247],[76.19611,11.81261],[76.1955,11.81257],[76.19531,11.81222],[76.19541,11.81162],[76.19581,11.81092],[76.19631,11.81032],[76.19775,11.80898],[76.19781,11.80835],[76.19773,11.80813],[76.19739,11.80762],[76.1967,11.80696],[76.19524,11.80497],[76.19462,11.8038],[76.1943,11.80278],[76.19402,11.80252],[76.19386,11.80245],[76.19363,11.80258],[76.19264,11.80357],[76.19208,11.80377],[76.19173,11.80372],[76.19162,11.80331],[76.19217,11.8026],[76.19284,11.80223],[76.19298,11.802],[76.193,11.80147],[76.19245,11.801],[76.19213,11.80088],[76.19087,11.80092],[76.19066,11.80081],[76.19042,11.80046],[76.19042,11.79954],[76.19027,11.79922],[76.18957,11.79846],[76.18911,11.79823],[76.18867,11.79816],[76.18778,11.79823],[76.18726,11.7988],[76.18694,11.79979],[76.18679,11.80001],[76.18622,11.80064],[76.18596,11.80071],[76.18565,11.80071],[76.18549,11.79992],[76.18526,11.79969],[76.18453,11.79938],[76.18428,11.79911],[76.18438,11.79861],[76.18463,11.79843],[76.1858,11.79816],[76.18685,11.79759],[76.1871,11.79727],[76.18717,11.79686],[76.18717,11.79542],[76.18766,11.79496],[76.18821,11.79515],[76.1887,11.79555],[76.18944,11.79656],[76.19045,11.79739],[76.19084,11.79751],[76.19119,11.79779],[76.19238,11.79919],[76.19325,11.79953],[76.19382,11.79994],[76.19462,11.8001],[76.19478,11.80003],[76.19495,11.79977],[76.19512,11.79896],[76.19512,11.79753],[76.1945,11.79697],[76.19384,11.79663],[76.1933,11.79599],[76.19263,11.79464],[76.19229,11.7943],[76.19186,11.79361],[76.19144,11.79249],[76.19078,11.7916],[76.19036,11.79044],[76.19043,11.78995],[76.1908,11.78965],[76.19116,11.78985],[76.19126,11.79082],[76.19144,11.79126],[76.19209,11.79199],[76.19395,11.79532],[76.19443,11.79593],[76.19471,11.7961],[76.19523,11.79616],[76.19578,11.79606],[76.19609,11.79588],[76.19639,11.79561],[76.19678,11.79468],[76.19714,11.79419],[76.19821,11.79359],[76.19893,11.79288],[76.19982,11.79138],[76.19994,11.79098],[76.19994,11.79044],[76.19967,11.78957],[76.19992,11.78921],[76.20019,11.78912],[76.20043,11.78925],[76.20132,11.79059],[76.20181,11.79099],[76.2023,11.79087],[76.20268,11.79049],[76.20286,11.79076],[76.20281,11.79124],[76.20227,11.79179],[76.20114,11.79183],[76.20023,11.79243],[76.19903,11.79368],[76.19839,11.79457],[76.19815,11.79529],[76.1986,11.79572],[76.19858,11.796],[76.19814,11.79622],[76.19768,11.79619],[76.1971,11.79637],[76.1967,11.79677],[76.19633,11.79798],[76.19619,11.79908],[76.19633,11.79987],[76.19668,11.80016],[76.1967,11.8004],[76.19656,11.80083],[76.1962,11.80115],[76.19609,11.80143],[76.1963,11.80319],[76.19721,11.8042],[76.1978,11.80447],[76.19791,11.80527],[76.19813,11.80546],[76.19882,11.8057],[76.19939,11.80574],[76.20004,11.80569],[76.20058,11.8054],[76.20088,11.80551],[76.2009,11.80595],[76.20019,11.80688],[76.20015,11.80729],[76.20051,11.8075],[76.20075,11.80743],[76.20104,11.80684],[76.20126,11.80677],[76.20149,11.8068],[76.20175,11.80721],[76.20174,11.80751],[76.20108,11.80819],[76.20086,11.80854],[76.20087,11.80873],[76.20175,11.80935],[76.20235,11.81016],[76.20334,11.81181],[76.20399,11.81253],[76.20471,11.81308],[76.20553,11.81412],[76.20602,11.81423],[76.20627,11.81416],[76.20678,11.81366],[76.2072,11.81295],[76.20745,11.81299],[76.20753,11.81316],[76.20751,11.81404],[76.20718,11.81496],[76.2069,11.81716],[76.20711,11.81904],[76.20783,11.82151],[76.20904,11.82327],[76.21002,11.82425],[76.2104,11.8248],[76.21062,11.8254],[76.21075,11.82608],[76.2108,11.82718],[76.21073,11.82772],[76.21084,11.82824],[76.21207,11.83106],[76.212,11.83147],[76.21146,11.83239],[76.21159,11.83414],[76.21206,11.8346],[76.21258,11.83583],[76.21268,11.83852],[76.21279,11.83912],[76.21349,11.83988],[76.21396,11.84078],[76.21402,11.84111],[76.21394,11.84158],[76.21348,11.84173],[76.21309,11.84166],[76.21263,11.84181],[76.21259,11.84211],[76.21292,11.8425],[76.21288,11.84266],[76.21226,11.84297],[76.21148,11.84289],[76.21133,11.84305],[76.21136,11.84342],[76.21178,11.84375],[76.21172,11.84397],[76.21111,11.84458],[76.21127,11.84527],[76.21097,11.84604],[76.21105,11.84719],[76.21075,11.84765],[76.21059,11.84834],[76.21096,11.84907],[76.21038,11.8498],[76.21008,11.85042],[76.21042,11.85101],[76.21055,11.85156],[76.20979,11.85272],[76.20987,11.85364],[76.20972,11.8541],[76.20903,11.85502],[76.20881,11.8564],[76.20875,11.85778],[76.20883,11.85893],[76.20869,11.85962],[76.20838,11.86024],[76.20829,11.86037]]]}},{"type":"Feature","properties":{"class":"Flood plain","fid":"11","landform":"Flood plain"},"geometry":{"type":"MultiPolygon","coordinates":[[[[76.40347,11.70641],[76.40403,11.70711],[76.40447,11.70785],[76.40453,11.70809],[76.40446,11.70814],[76.40417,11.70743],[76.40365,11.7067],[76.40326,11.70648],[76.40284,11.7064],[76.40236,11.70655],[76.40173,11.70711],[76.4014,11.70725],[76.40068,11.7073],[76.39951,11.70704],[76.39829,11.70727],[76.39763,11.70726],[76.39725,11.70702],[76.39689,11.70646],[76.39691,11.70597],[76.39716,11.7053],[76.39718,11.70487],[76.39703,11.70442],[76.39684,11.70422],[76.39603,11.70385],[76.39527,11.70366],[76.39418,11.7035],[76.39349,11.70366],[76.39339,11.7036],[76.39337,11.70338],[76.39362,11.70284],[76.39359,11.70236],[76.39339,11.70197],[76.39277,11.70131],[76.3927,11.70109],[76.39275,11.70076],[76.39301,11.70055],[76.3938,11.70037],[76.39536,11.70032],[76.39572,11.69999],[76.39569,11.69957],[76.39503,11.6982],[76.39426,11.69739],[76.39326,11.6969],[76.39297,11.69659],[76.39275,11.69612],[76.39275,11.69561],[76.39297,11.69534],[76.3932,11.69473],[76.39342,11.6945],[76.39386,11.69427],[76.39396,11.69399],[76.39396,11.69345],[76.39453,11.69299],[76.39462,11.69252],[76.39433,11.69195],[76.39394,11.69145],[76.39342,11.69118],[76.39265,11.69095],[76.39239,11.69051],[76.39233,11.68978],[76.39271,11.68948],[76.39307,11.68937],[76.39325,11.68897],[76.39324,11.68837],[76.39278,11.68767],[76.39278,11.68708],[76.39265,11.68669],[76.39214,11.6863],[76.391,11.68602],[76.39052,11.68581],[76.38977,11.68516],[76.38935,11.68492],[76.38782,11.68472],[76.38774,11.68453],[76.38819,11.68449],[76.38849,11.68415],[76.38846,11.68357],[76.38834,11.68326],[76.38809,11.68309],[76.38752,11.68324],[76.38728,11.6832],[76.38696,11.68245],[76.38612,11.68155],[76.38494,11.68098],[76.38349,11.68087],[76.3825,11.681],[76.38185,11.68147],[76.38163,11.68149],[76.38123,11.68096],[76.38071,11.68055],[76.38027,11.67924],[76.37984,11.6787],[76.37962,11.67862],[76.37878,11.67868],[76.37832,11.67807],[76.37756,11.67795],[76.37647,11.67721],[76.37601,11.6771],[76.37456,11.67701],[76.37199,11.67729],[76.37172,11.67743],[76.37148,11.67788],[76.37128,11.678],[76.37025,11.67755],[76.37009,11.67722],[76.37014,11.67672],[76.3696,11.67634],[76.36932,11.67629],[76.36915,11.67636],[76.36898,11.67662],[76.36903,11.67723],[76.36823,11.67762],[76.36767,11.67757],[76.36722,11.67729],[76.36671,11.67749],[76.36606,11.67745],[76.36546,11.6776],[76.36534,11.6775],[76.3653,11.67708],[76.36513,11.67671],[76.36543,11.67631],[76.36536,11.67564],[76.36496,11.67498],[76.36433,11.67454],[76.364,11.67457],[76.36305,11.6749],[76.36261,11.67477],[76.36255,11.67429],[76.36275,11.67335],[76.36257,11.67245],[76.36185,11.67224],[76.36127,11.67276],[76.36102,11.67284],[76.36066,11.67276],[76.3605,11.67254],[76.3604,11.67188],[76.3602,11.6716],[76.36022,11.67114],[76.3601,11.671],[76.35994,11.67105],[76.35963,11.67141],[76.35953,11.67138],[76.35947,11.67119],[76.35907,11.67128],[76.35889,11.67145],[76.35882,11.67173],[76.35854,11.67186],[76.35796,11.67182],[76.35749,11.67114],[76.35709,11.67107],[76.35675,11.67114],[76.35611,11.67159],[76.35482,11.67177],[76.35387,11.67098],[76.35345,11.67094],[76.3533,11.67115],[76.35322,11.67162],[76.353,11.67176],[76.35274,11.67158],[76.35258,11.67171],[76.35267,11.67227],[76.35255,11.6725],[76.35231,11.67249],[76.35194,11.67214],[76.35151,11.67213],[76.35089,11.67251],[76.34909,11.67282],[76.34858,11.67301],[76.34837,11.67312],[76.34807,11.67382],[76.34756,11.67446],[76.3473,11.67459],[76.34631,11.67458],[76.34522,11.67532],[76.34467,11.67513],[76.34405,11.67538],[76.34378,11.67499],[76.34306,11.6747],[76.3421,11.67479],[76.34142,11.67521],[76.34119,11.67527],[76.34096,11.6752],[76.3408,11.67503],[76.34083,11.67488],[76.34129,11.67485],[76.34135,11.67476],[76.34132,11.67457],[76.34093,11.67417],[76.341,11.67367],[76.34083,11.67361],[76.34031,11.67379],[76.3401,11.67373],[76.34003,11.67356],[76.34008,11.67289],[76.33961,11.67261],[76.33949,11.67234],[76.33949,11.67211],[76.33966,11.67178],[76.33948,11.67111],[76.33962,11.67022],[76.33955,11.66976],[76.33882,11.66906],[76.33854,11.66855],[76.33817,11.66814],[76.33824,11.66784],[76.33884,11.66726],[76.33896,11.66672],[76.3389,11.66592],[76.33846,11.66537],[76.3385,11.66487],[76.33842,11.66457],[76.33868,11.66409],[76.33865,11.66386],[76.33836,11.66332],[76.33849,11.66256],[76.33816,11.6617],[76.33813,11.66138],[76.33827,11.66118],[76.33858,11.66114],[76.33949,11.66179],[76.33966,11.66162],[76.33976,11.66099],[76.34054,11.66063],[76.34064,11.66029],[76.34021,11.65957],[76.34003,11.65956],[76.33952,11.6598],[76.33955,11.65873],[76.33871,11.65827],[76.33856,11.65762],[76.33815,11.65766],[76.33794,11.65748],[76.3378,11.65715],[76.33778,11.65675],[76.33805,11.65641],[76.33813,11.65607],[76.33833,11.65588],[76.33904,11.65568],[76.33906,11.65556],[76.33885,11.65517],[76.33894,11.65469],[76.33884,11.65451],[76.33845,11.65425],[76.33801,11.65435],[76.33734,11.65418],[76.3372,11.65391],[76.3373,11.65369],[76.33726,11.65349],[76.33682,11.65338],[76.33665,11.65322],[76.33669,11.65306],[76.337,11.65289],[76.33702,11.65268],[76.33696,11.6525],[76.33656,11.65228],[76.33661,11.65209],[76.33694,11.6519],[76.33662,11.65082],[76.33624,11.65063],[76.33564,11.65073],[76.33541,11.65045],[76.33523,11.64995],[76.33455,11.64983],[76.33435,11.64969],[76.33407,11.64969],[76.33348,11.65004],[76.33323,11.64997],[76.33316,11.64967],[76.33389,11.64912],[76.33381,11.64879],[76.33295,11.64835],[76.3325,11.64833],[76.33233,11.648],[76.33197,11.64789],[76.33145,11.6473],[76.33119,11.64741],[76.33113,11.64792],[76.33081,11.64817],[76.33037,11.64821],[76.32998,11.64795],[76.32962,11.64792],[76.32938,11.64806],[76.32878,11.64794],[76.32864,11.64718],[76.32824,11.64677],[76.32827,11.64662],[76.32873,11.64611],[76.32867,11.64543],[76.32858,11.6453],[76.32774,11.64509],[76.32754,11.64493],[76.32755,11.64456],[76.32796,11.64408],[76.32791,11.64382],[76.32782,11.64369],[76.32724,11.6434],[76.32678,11.64273],[76.32629,11.6426],[76.32565,11.64226],[76.32473,11.64225],[76.32404,11.64212],[76.3232,11.64249],[76.3224,11.6433],[76.32207,11.64332],[76.322,11.64315],[76.32204,11.64272],[76.32187,11.64212],[76.32198,11.64203],[76.32243,11.642],[76.32242,11.64175],[76.32215,11.64154],[76.32158,11.64157],[76.32098,11.64138],[76.32089,11.64115],[76.32101,11.64078],[76.32125,11.64059],[76.32118,11.64038],[76.32097,11.64026],[76.32011,11.64017],[76.31948,11.63975],[76.31956,11.63952],[76.32006,11.63907],[76.32004,11.63851],[76.31973,11.63843],[76.31927,11.63875],[76.31901,11.63873],[76.31891,11.63853],[76.319,11.638],[76.31816,11.63728],[76.31693,11.63733],[76.31678,11.63755],[76.31683,11.63781],[76.31739,11.6378],[76.3174,11.63803],[76.31617,11.63877],[76.31574,11.63916],[76.3154,11.6392],[76.31529,11.63912],[76.31523,11.63887],[76.31476,11.63888],[76.31446,11.63855],[76.31399,11.63851],[76.31375,11.63869],[76.31369,11.63911],[76.31342,11.63918],[76.31322,11.63901],[76.31339,11.63858],[76.31302,11.63836],[76.3127,11.63846],[76.3125,11.63883],[76.31236,11.63891],[76.31212,11.6387],[76.31182,11.63876],[76.31194,11.63855],[76.31188,11.63837],[76.31128,11.63786],[76.31109,11.63787],[76.31065,11.63836],[76.31052,11.63834],[76.3103,11.63807],[76.30995,11.63813],[76.30976,11.63761],[76.30978,11.63704],[76.30997,11.6364],[76.30988,11.63619],[76.30964,11.63606],[76.30944,11.63606],[76.30915,11.63625],[76.30869,11.63637],[76.30843,11.63657],[76.30825,11.63658],[76.30807,11.63637],[76.30832,11.63613],[76.30833,11.63593],[76.30722,11.63538],[76.30621,11.63539],[76.30598,11.6357],[76.30605,11.63607],[76.30582,11.63616],[76.30524,11.63583],[76.30487,11.63604],[76.30424,11.63592],[76.30397,11.6357],[76.30357,11.63572],[76.30317,11.63549],[76.30312,11.63536],[76.30341,11.63499],[76.30341,11.63474],[76.30285,11.63462],[76.30215,11.63413],[76.30176,11.63431],[76.30128,11.63507],[76.30091,11.63529],[76.30075,11.63523],[76.30065,11.63485],[76.30015,11.63458],[76.2999,11.63467],[76.29983,11.63502],[76.29951,11.6352],[76.29916,11.63516],[76.29887,11.6349],[76.29846,11.63508],[76.29821,11.63505],[76.29788,11.63477],[76.29751,11.63472],[76.29721,11.63452],[76.29686,11.63474],[76.29552,11.6346],[76.2953,11.63416],[76.29505,11.6339],[76.29437,11.63376],[76.29448,11.63327],[76.2941,11.63279],[76.29386,11.63281],[76.29369,11.63312],[76.29321,11.63297],[76.2932,11.63282],[76.29356,11.63245],[76.29378,11.6316],[76.29373,11.63131],[76.29278,11.63063],[76.29224,11.63055],[76.29198,11.63005],[76.29161,11.6298],[76.29167,11.62938],[76.29124,11.6292],[76.29122,11.6283],[76.29106,11.62795],[76.29114,11.62746],[76.29102,11.62659],[76.29013,11.62637],[76.28923,11.6252],[76.28918,11.62506],[76.28935,11.62484],[76.2893,11.6246],[76.28873,11.62415],[76.28818,11.62326],[76.28817,11.62284],[76.288,11.62258],[76.28815,11.6223],[76.28809,11.62202],[76.28761,11.62203],[76.28722,11.62162],[76.28728,11.62124],[76.28693,11.62118],[76.28667,11.62087],[76.28648,11.62097],[76.28644,11.62126],[76.2862,11.62137],[76.28573,11.6211],[76.28543,11.62123],[76.28479,11.62081],[76.28476,11.62098],[76.285,11.62123],[76.2849,11.62135],[76.28459,11.62117],[76.28436,11.62089],[76.28391,11.62084],[76.2838,11.62054],[76.28321,11.62004],[76.2829,11.61952],[76.28266,11.61958],[76.28232,11.62001],[76.28185,11.61973],[76.28162,11.61918],[76.28138,11.61901],[76.28153,11.61828],[76.28118,11.61772],[76.28113,11.61734],[76.28095,11.61724],[76.28063,11.61726],[76.28049,11.61715],[76.28036,11.6168],[76.28004,11.6164],[76.27991,11.61599],[76.27994,11.61548],[76.27978,11.61507],[76.2798,11.61386],[76.28017,11.61345],[76.28091,11.61326],[76.28089,11.61208],[76.28101,11.61191],[76.28137,11.61179],[76.28146,11.61161],[76.2812,11.61138],[76.28069,11.61132],[76.28033,11.61083],[76.28037,11.6107],[76.28065,11.61053],[76.28067,11.61037],[76.28035,11.60978],[76.28059,11.60955],[76.28059,11.6094],[76.2803,11.60909],[76.28067,11.60856],[76.2807,11.60834],[76.28029,11.60824],[76.28019,11.60698],[76.28078,11.60619],[76.28049,11.606],[76.28012,11.60556],[76.28015,11.60536],[76.28036,11.60523],[76.28035,11.60503],[76.28011,11.60473],[76.28027,11.6044],[76.27992,11.60427],[76.27995,11.6039],[76.27962,11.60383],[76.27988,11.60296],[76.27981,11.60278],[76.27961,11.60264],[76.27969,11.60252],[76.27966,11.60229],[76.27918,11.60197],[76.27932,11.60143],[76.27911,11.60118],[76.27939,11.60095],[76.27988,11.60093],[76.28005,11.60057],[76.28058,11.60019],[76.28062,11.59991],[76.28046,11.59939],[76.2808,11.59885],[76.28159,11.59879],[76.28158,11.59866],[76.28123,11.59851],[76.28109,11.59819],[76.28378,11.59445],[76.28423,11.59352],[76.28579,11.59104],[76.28699,11.58933],[76.28761,11.58916],[76.29118,11.58931],[76.29305,11.5895],[76.29561,11.58953],[76.29575,11.58989],[76.29544,11.59017],[76.29533,11.59044],[76.29516,11.59168],[76.29516,11.5924],[76.29542,11.59289],[76.29588,11.59328],[76.29601,11.59385],[76.2959,11.59448],[76.29553,11.59492],[76.29501,11.59479],[76.29481,11.59455],[76.2947,11.59426],[76.2947,11.59269],[76.29455,11.59094],[76.29441,11.59037],[76.29422,11.59009],[76.29387,11.58991],[76.29256,11.58954],[76.29181,11.58952],[76.29089,11.58965],[76.29006,11.59002],[76.28982,11.59037],[76.2896,11.59114],[76.28967,11.59241],[76.28973,11.59265],[76.28992,11.59284],[76.2912,11.59372],[76.29141,11.59407],[76.29159,11.59549],[76.29146,11.5958],[76.29122,11.59584],[76.29089,11.59569],[76.29025,11.59427],[76.28956,11.59341],[76.28894,11.593],[76.28838,11.5928],[76.28722,11.59274],[76.28612,11.59319],[76.28492,11.59394],[76.28461,11.59427],[76.28391,11.59587],[76.28391,11.59628],[76.28445,11.59737],[76.285,11.59786],[76.28577,11.59814],[76.28674,11.59816],[76.28767,11.59792],[76.29015,11.59875],[76.29189,11.59882],[76.29256,11.59873],[76.29496,11.59803],[76.29539,11.59781],[76.29619,11.59702],[76.29655,11.59685],[76.29739,11.59678],[76.29822,11.59711],[76.29866,11.59766],[76.2989,11.59814],[76.29951,11.6],[76.29957,11.60159],[76.2995,11.60174],[76.29932,11.60176],[76.29899,11.60158],[76.29894,11.60092],[76.29872,11.59998],[76.29818,11.59877],[76.29787,11.5984],[76.29736,11.59818],[76.29702,11.59818],[76.29652,11.59831],[76.29617,11.59855],[76.29565,11.59919],[76.29549,11.60072],[76.29577,11.60361],[76.29559,11.60374],[76.29516,11.60332],[76.29498,11.60192],[76.29481,11.60144],[76.29441,11.60109],[76.2935,11.60109],[76.29266,11.60155],[76.29259,11.60208],[76.29271,11.60306],[76.29288,11.60387],[76.29317,11.6045],[76.29372,11.60492],[76.2947,11.60525],[76.29496,11.60542],[76.29496,11.60567],[76.29485,11.60584],[76.29325,11.60654],[76.29212,11.6075],[76.29195,11.60752],[76.29183,11.60748],[76.29175,11.60709],[76.29244,11.60569],[76.29256,11.60459],[76.29211,11.6028],[76.29133,11.60028],[76.29118,11.60007],[76.29093,11.59998],[76.28957,11.6002],[76.28923,11.59998],[76.28859,11.59985],[76.28807,11.59923],[76.2875,11.59891],[76.2859,11.59856],[76.28559,11.59853],[76.28511,11.59864],[76.28407,11.59915],[76.28382,11.59945],[76.28365,11.60009],[76.28365,11.60057],[76.28382,11.60081],[76.28432,11.60118],[76.28529,11.60151],[76.28594,11.60186],[76.28725,11.60273],[76.28815,11.60372],[76.28901,11.60502],[76.28906,11.60543],[76.2887,11.60572],[76.28837,11.60569],[76.28785,11.60499],[76.28625,11.6033],[76.28546,11.60254],[76.28468,11.60212],[76.28391,11.60199],[76.28291,11.60221],[76.28207,11.60285],[76.2815,11.60383],[76.28139,11.60466],[76.28148,11.60558],[76.28181,11.60631],[76.2822,11.60658],[76.28297,11.60669],[76.28324,11.60693],[76.28324,11.60713],[76.28297,11.60758],[76.28295,11.6085],[76.28308,11.60918],[76.28333,11.60951],[76.28332,11.60978],[76.28324,11.60993],[76.28282,11.61017],[76.28188,11.61028],[76.28164,11.61106],[76.28154,11.6118],[76.28109,11.61224],[76.28111,11.61317],[76.28146,11.61387],[76.28227,11.6146],[76.2826,11.61475],[76.28308,11.61477],[76.28332,11.61468],[76.28355,11.61445],[76.2841,11.61357],[76.28463,11.61231],[76.28485,11.61213],[76.28524,11.61215],[76.28536,11.61252],[76.28535,11.61302],[76.28402,11.61499],[76.28382,11.61571],[76.28405,11.61626],[76.2849,11.61648],[76.28575,11.61615],[76.28651,11.61533],[76.28745,11.6145],[76.28789,11.61426],[76.28822,11.61384],[76.28848,11.613],[76.28848,11.6124],[76.28819,11.6107],[76.28823,11.61047],[76.2884,11.61033],[76.28867,11.61035],[76.28879,11.61048],[76.28903,11.61195],[76.28964,11.61345],[76.29006,11.61376],[76.29037,11.61378],[76.29072,11.61365],[76.29277,11.61265],[76.29536,11.61169],[76.29605,11.6118],[76.29632,11.61201],[76.29644,11.61322],[76.29642,11.61344],[76.29624,11.61366],[76.2958,11.61368],[76.29553,11.61351],[76.29507,11.61345],[76.29247,11.61409],[76.29188,11.61458],[76.29149,11.61566],[76.29124,11.6159],[76.2909,11.61607],[76.28828,11.61608],[76.28741,11.61645],[76.28647,11.61709],[76.2859,11.61766],[76.28581,11.6179],[76.28586,11.6186],[76.28606,11.61893],[76.28658,11.6195],[76.28772,11.62039],[76.28954,11.62265],[76.28978,11.62278],[76.29069,11.62268],[76.29098,11.62279],[76.29137,11.6232],[76.29195,11.62421],[76.29216,11.62425],[76.29237,11.62413],[76.29272,11.62339],[76.29374,11.62211],[76.29398,11.62155],[76.29445,11.62118],[76.29464,11.6212],[76.29482,11.62144],[76.29485,11.6218],[76.29464,11.6227],[76.29362,11.62434],[76.29333,11.62524],[76.29329,11.62581],[76.29333,11.62622],[76.29351,11.62655],[76.29464,11.62793],[76.29547,11.62863],[76.29623,11.62871],[76.29648,11.6285],[76.29694,11.6273],[76.2975,11.62666],[76.29787,11.62603],[76.29778,11.6253],[76.29732,11.62425],[76.2971,11.6232],[76.29719,11.6223],[76.29734,11.62189],[76.29769,11.62174],[76.29813,11.62177],[76.29845,11.62206],[76.29861,11.62264],[76.29863,11.62346],[76.299,11.62419],[76.2996,11.62444],[76.30009,11.62414],[76.30021,11.62383],[76.30026,11.62264],[76.30049,11.62184],[76.30158,11.62035],[76.30181,11.61849],[76.30167,11.61767],[76.3014,11.61708],[76.30163,11.61677],[76.30181,11.61671],[76.30204,11.61683],[76.30235,11.6174],[76.30258,11.61817],[76.30263,11.61891],[76.30251,11.62001],[76.30202,11.62192],[76.30141,11.62517],[76.30109,11.62587],[76.30045,11.6265],[76.29943,11.62713],[76.29903,11.62754],[76.29858,11.62856],[76.29863,11.62963],[76.29889,11.63016],[76.29908,11.63029],[76.29948,11.63032],[76.29983,11.63014],[76.30073,11.62937],[76.30096,11.62924],[76.30118,11.62926],[76.30142,11.62956],[76.30149,11.62984],[76.30134,11.63063],[76.30136,11.63135],[76.30164,11.632],[76.30231,11.63251],[76.30304,11.63269],[76.3034,11.63266],[76.3036,11.63254],[76.30413,11.63202],[76.30446,11.63131],[76.30486,11.62965],[76.30517,11.62697],[76.30517,11.62514],[76.30529,11.62445],[76.3062,11.62249],[76.30626,11.62143],[76.30636,11.62128],[76.30717,11.62113],[76.30749,11.62081],[76.30786,11.62],[76.30786,11.61914],[76.30766,11.61848],[76.30749,11.61828],[76.30749,11.61791],[76.30775,11.61738],[76.30781,11.61588],[76.3075,11.61527],[76.30697,11.61476],[76.30611,11.61441],[76.30599,11.61424],[76.30604,11.61406],[76.30682,11.61406],[76.3078,11.61345],[76.30812,11.61343],[76.30833,11.61352],[76.30844,11.61372],[76.30891,11.61547],[76.30893,11.61634],[76.30851,11.61763],[76.30848,11.61844],[76.30893,11.61963],[76.30922,11.61994],[76.30962,11.62005],[76.30969,11.62027],[76.30964,11.62052],[76.30923,11.62075],[76.30883,11.62145],[76.30783,11.62248],[76.30708,11.62346],[76.30645,11.62465],[76.30647,11.62531],[76.30665,11.6255],[76.30684,11.62555],[76.30763,11.6254],[76.30927,11.62427],[76.30988,11.62401],[76.31015,11.62403],[76.31026,11.62453],[76.30981,11.62516],[76.30783,11.62654],[76.30692,11.62682],[76.30668,11.62719],[76.30655,11.62768],[76.30652,11.62841],[76.30666,11.62923],[76.30689,11.62932],[76.30738,11.6293],[76.30829,11.62847],[76.30867,11.62849],[76.30882,11.62862],[76.30893,11.62881],[76.30893,11.62909],[76.30888,11.62937],[76.30874,11.62953],[76.30759,11.62965],[76.30722,11.62981],[76.30671,11.63025],[76.30634,11.63088],[76.30622,11.63189],[76.30576,11.63296],[76.30573,11.63333],[76.30585,11.63392],[76.30636,11.63438],[76.30711,11.63448],[76.30772,11.63422],[76.30854,11.63321],[76.30877,11.63332],[76.30891,11.63346],[76.30906,11.63467],[76.30922,11.6352],[76.30946,11.63554],[76.30993,11.63591],[76.31081,11.63597],[76.31133,11.63578],[76.31245,11.63501],[76.31293,11.63432],[76.31346,11.63277],[76.31366,11.63112],[76.31329,11.62913],[76.3132,11.62782],[76.31334,11.62738],[76.31366,11.62724],[76.31383,11.62727],[76.31411,11.6277],[76.31419,11.6289],[76.31478,11.63139],[76.31483,11.63284],[76.31462,11.63455],[76.31509,11.63541],[76.31544,11.63581],[76.31618,11.6363],[76.31671,11.63642],[76.31708,11.63639],[76.31764,11.63606],[76.31776,11.63559],[76.31792,11.63537],[76.31874,11.63504],[76.31904,11.63484],[76.31945,11.63436],[76.31968,11.63428],[76.3198,11.63436],[76.31982,11.63676],[76.31987,11.63707],[76.32004,11.63732],[76.32031,11.63762],[76.32176,11.63846],[76.32232,11.63903],[76.32284,11.63912],[76.32342,11.63895],[76.32375,11.63852],[76.32389,11.63806],[76.32391,11.63744],[76.32355,11.63654],[76.32346,11.63578],[76.32329,11.63524],[76.32235,11.63341],[76.32167,11.63258],[76.31973,11.63082],[76.31945,11.63066],[76.31834,11.63044],[76.31786,11.63023],[76.31779,11.62963],[76.31808,11.62864],[76.31813,11.62811],[76.31757,11.62747],[76.3175,11.62698],[76.31752,11.62644],[76.31776,11.62562],[76.31808,11.62505],[76.31801,11.6242],[76.31719,11.62321],[76.31648,11.62262],[76.31509,11.62246],[76.3143,11.62206],[76.31429,11.62185],[76.31445,11.62179],[76.31502,11.6218],[76.31593,11.62206],[76.31619,11.62198],[76.31635,11.62036],[76.31643,11.62016],[76.31689,11.61994],[76.31726,11.61823],[76.3172,11.61756],[76.31673,11.61619],[76.31641,11.61583],[76.31601,11.6156],[76.31607,11.61529],[76.31629,11.61514],[76.31643,11.61482],[76.31627,11.61407],[76.31532,11.61289],[76.31462,11.61236],[76.31428,11.61169],[76.3143,11.61156],[76.31445,11.61147],[76.31462,11.6115],[76.31587,11.61248],[76.31657,11.61351],[76.31704,11.61458],[76.3172,11.6152],[76.3175,11.61561],[76.31789,11.61575],[76.31847,11.61521],[76.31943,11.61353],[76.31982,11.6121],[76.32026,11.61136],[76.3203,11.61087],[76.3201,11.61034],[76.32025,11.61019],[76.32083,11.61011],[76.32143,11.60946],[76.32192,11.60753],[76.32192,11.60485],[76.32214,11.6047],[76.32258,11.60481],[76.32353,11.60577],[76.32395,11.60585],[76.32491,11.60555],[76.32558,11.60499],[76.3258,11.60499],[76.32591,11.60509],[76.32581,11.60549],[76.32526,11.60624],[76.32491,11.60646],[76.32346,11.60694],[76.32258,11.60749],[76.32244,11.60777],[76.32232,11.60934],[76.32242,11.60982],[76.3228,11.61013],[76.3228,11.61045],[76.32211,11.61096],[76.32197,11.61127],[76.32202,11.61156],[76.32228,11.61184],[76.32266,11.61206],[76.32381,11.61228],[76.32405,11.6124],[76.32425,11.61265],[76.32532,11.61323],[76.32625,11.61366],[76.32655,11.6137],[76.32897,11.61335],[76.32919,11.61323],[76.32954,11.61239],[76.32973,11.61224],[76.3299,11.61224],[76.33024,11.61238],[76.33026,11.6126],[76.33004,11.61303],[76.32996,11.61353],[76.3301,11.61406],[76.33048,11.6145],[76.33044,11.61459],[76.33008,11.61461],[76.32979,11.6143],[76.32895,11.61408],[76.3274,11.61414],[76.32556,11.61447],[76.32517,11.6143],[76.32395,11.61341],[76.32294,11.61295],[76.32172,11.61287],[76.32117,11.61301],[76.32082,11.61325],[76.32033,11.61401],[76.32035,11.61465],[76.31966,11.61499],[76.31863,11.61617],[76.31824,11.61687],[76.31819,11.61732],[76.31857,11.61803],[76.3188,11.61812],[76.3188,11.61836],[76.31819,11.61911],[76.31785,11.61974],[76.3176,11.62079],[76.3177,11.62137],[76.3182,11.62215],[76.31948,11.62331],[76.32035,11.62353],[76.32043,11.62367],[76.32036,11.62381],[76.31976,11.62401],[76.31944,11.6243],[76.31923,11.62526],[76.31863,11.62698],[76.31859,11.62726],[76.31869,11.62754],[76.31953,11.62911],[76.31976,11.62933],[76.32026,11.62958],[76.32093,11.62986],[76.32159,11.62999],[76.32209,11.62972],[76.32301,11.62834],[76.32333,11.62834],[76.32361,11.62853],[76.32367,11.62905],[76.32275,11.63021],[76.32267,11.63044],[76.32277,11.63133],[76.32308,11.63243],[76.32339,11.63286],[76.32407,11.63303],[76.32475,11.63253],[76.32491,11.63261],[76.32474,11.63423],[76.32509,11.63618],[76.32513,11.63686],[76.32542,11.63763],[76.32557,11.63835],[76.32615,11.63951],[76.32658,11.63972],[76.32696,11.63978],[76.32749,11.63966],[76.32888,11.63887],[76.32932,11.63816],[76.32938,11.63791],[76.32932,11.63671],[76.3282,11.63334],[76.3283,11.63195],[76.32911,11.62988],[76.32951,11.62851],[76.33067,11.62738],[76.33087,11.62682],[76.33132,11.62383],[76.33099,11.62263],[76.33099,11.6223],[76.33132,11.62203],[76.33267,11.62193],[76.3329,11.62211],[76.33294,11.6223],[76.33209,11.6235],[76.33199,11.6239],[76.33189,11.62514],[76.33163,11.62648],[76.33155,11.62845],[76.33125,11.62905],[76.32969,11.63075],[76.32925,11.63255],[76.32925,11.63361],[76.3299,11.63516],[76.33031,11.6357],[76.33073,11.63578],[76.33116,11.63574],[76.33224,11.63522],[76.33253,11.63549],[76.33257,11.63566],[76.33248,11.63588],[76.33143,11.63644],[76.33093,11.63696],[76.33079,11.63731],[76.33073,11.63878],[76.33056,11.63934],[76.33015,11.64001],[76.32994,11.64016],[76.32992,11.64031],[76.3302,11.64142],[76.33042,11.64189],[76.33161,11.64342],[76.33244,11.64416],[76.33295,11.64491],[76.33349,11.64532],[76.33376,11.64543],[76.33441,11.64522],[76.33485,11.64461],[76.33623,11.64373],[76.33723,11.64283],[76.33752,11.64236],[76.33782,11.64111],[76.33791,11.63995],[76.33784,11.63891],[76.33797,11.63869],[76.33915,11.63833],[76.33956,11.63801],[76.34073,11.63598],[76.34087,11.63554],[76.34093,11.63488],[76.34071,11.6345],[76.33907,11.63309],[76.33832,11.6322],[76.33813,11.63212],[76.33751,11.63212],[76.33703,11.63151],[76.33645,11.63149],[76.33591,11.63182],[76.33559,11.63168],[76.33556,11.63124],[76.33572,11.63093],[76.33669,11.63005],[76.33694,11.62963],[76.33709,11.62871],[76.33763,11.62717],[76.33883,11.62515],[76.33917,11.62511],[76.33926,11.62519],[76.33949,11.62554],[76.3395,11.62579],[76.33936,11.62653],[76.33875,11.62826],[76.33899,11.63013],[76.33945,11.63135],[76.34091,11.63269],[76.34113,11.63336],[76.34137,11.63371],[76.34183,11.63384],[76.34325,11.63364],[76.34413,11.63298],[76.34433,11.63218],[76.34478,11.63195],[76.34499,11.63204],[76.34509,11.63225],[76.34521,11.63349],[76.34551,11.63387],[76.3459,11.63408],[76.3465,11.63411],[76.34679,11.634],[76.34724,11.63344],[76.34753,11.63285],[76.34767,11.63274],[76.34784,11.63278],[76.34785,11.63307],[76.34747,11.63382],[76.34747,11.63428],[76.34772,11.63479],[76.34817,11.63482],[76.34901,11.63455],[76.34956,11.63422],[76.34978,11.63396],[76.35105,11.63126],[76.35127,11.63104],[76.35159,11.63091],[76.35197,11.63098],[76.35217,11.63129],[76.35217,11.63153],[76.35105,11.63307],[76.35089,11.63363],[76.35096,11.63398],[76.35123,11.63429],[76.35252,11.6347],[76.35345,11.63477],[76.3536,11.63495],[76.3536,11.6352],[76.3533,11.63551],[76.35166,11.63526],[76.35105,11.63504],[76.35056,11.63499],[76.35014,11.63528],[76.35005,11.63568],[76.34987,11.63596],[76.34707,11.63552],[76.34648,11.63526],[76.34583,11.63515],[76.34504,11.63517],[76.34435,11.63537],[76.34338,11.63623],[76.34262,11.63733],[76.34244,11.63784],[76.34219,11.63809],[76.3409,11.6388],[76.34032,11.63976],[76.34023,11.64009],[76.34038,11.64089],[76.34125,11.64157],[76.34122,11.64183],[76.34081,11.64187],[76.34005,11.64213],[76.33929,11.64258],[76.33809,11.64381],[76.33743,11.64477],[76.33551,11.64657],[76.33506,11.64722],[76.33508,11.64745],[76.33523,11.64767],[76.33563,11.64794],[76.33819,11.64804],[76.3398,11.64833],[76.34078,11.64822],[76.34122,11.64808],[76.34308,11.64689],[76.34353,11.64671],[76.34419,11.64676],[76.34425,11.64709],[76.34407,11.64736],[76.34284,11.64865],[76.34235,11.64935],[76.34161,11.6498],[76.34035,11.65008],[76.33951,11.65063],[76.33932,11.65088],[76.33932,11.65107],[76.33945,11.65117],[76.33992,11.65114],[76.34031,11.65123],[76.34145,11.65108],[76.34184,11.65125],[76.34248,11.65219],[76.34272,11.65303],[76.3427,11.6536],[76.34288,11.65384],[76.34315,11.65394],[76.34483,11.65351],[76.34554,11.65357],[76.34612,11.65347],[76.34673,11.65366],[76.34748,11.65349],[76.34892,11.65349],[76.34983,11.65335],[76.35026,11.65319],[76.35063,11.65292],[76.3512,11.6518],[76.3514,11.65168],[76.35175,11.65165],[76.35202,11.65174],[76.35284,11.65218],[76.35287,11.65257],[76.35271,11.65286],[76.35151,11.65319],[76.35085,11.65376],[76.35028,11.65403],[76.34507,11.65445],[76.34458,11.65464],[76.34431,11.65486],[76.34402,11.65529],[76.34386,11.65568],[76.3438,11.65621],[76.34389,11.65687],[76.34405,11.65734],[76.34456,11.65807],[76.34486,11.65832],[76.3455,11.6586],[76.34738,11.65858],[76.34765,11.6588],[76.34765,11.65904],[76.34756,11.65923],[76.34728,11.65938],[76.34561,11.65969],[76.34451,11.66012],[76.34417,11.66063],[76.3439,11.66171],[76.34254,11.66295],[76.34251,11.66334],[76.343,11.66373],[76.34362,11.66404],[76.34377,11.66428],[76.34374,11.66471],[76.34354,11.66498],[76.34278,11.66424],[76.34231,11.6641],[76.34217,11.66426],[76.34215,11.6651],[76.34159,11.66628],[76.3409,11.66876],[76.34097,11.67013],[76.3413,11.6721],[76.34219,11.6739],[76.34307,11.67444],[76.34417,11.67455],[76.34445,11.67442],[76.34493,11.67391],[76.3471,11.67215],[76.34793,11.67224],[76.3483,11.6724],[76.34852,11.67262],[76.34902,11.67265],[76.34945,11.67244],[76.35016,11.6724],[76.35152,11.67187],[76.3527,11.67125],[76.35327,11.67076],[76.35394,11.67063],[76.35514,11.67091],[76.35567,11.67082],[76.35614,11.67056],[76.35623,11.6702],[76.35604,11.66983],[76.3557,11.66952],[76.35505,11.66912],[76.35462,11.66906],[76.35386,11.66914],[76.353,11.66884],[76.35245,11.66819],[76.35236,11.66788],[76.35236,11.66751],[76.35251,11.66711],[76.35292,11.66655],[76.35363,11.66624],[76.354,11.66615],[76.3543,11.6663],[76.35445,11.66677],[76.35554,11.66728],[76.3561,11.66725],[76.35653,11.6666],[76.35664,11.66558],[76.35642,11.66389],[76.35672,11.66171],[76.35674,11.66028],[76.35639,11.65864],[76.35621,11.65837],[76.35529,11.65762],[76.35514,11.65738],[76.35522,11.65701],[76.35541,11.65684],[76.35563,11.65687],[76.35628,11.65722],[76.35702,11.65788],[76.3574,11.65807],[76.35806,11.6581],[76.3582,11.65819],[76.35804,11.65902],[76.35774,11.6599],[76.35774,11.66168],[76.3579,11.6619],[76.35892,11.66265],[76.35928,11.66332],[76.35938,11.66485],[76.35938,11.66752],[76.35992,11.66849],[76.36156,11.66986],[76.3624,11.6704],[76.36257,11.67057],[76.36279,11.67112],[76.36301,11.67126],[76.36434,11.67129],[76.36481,11.67115],[76.36509,11.67078],[76.36516,11.67023],[76.36616,11.668],[76.36609,11.66691],[76.36592,11.66654],[76.36579,11.66551],[76.36655,11.66372],[76.36668,11.66306],[76.36709,11.66253],[76.36775,11.66213],[76.36828,11.66196],[76.36878,11.66193],[76.36967,11.66163],[76.37038,11.66087],[76.37052,11.66033],[76.37038,11.65981],[76.37011,11.65943],[76.36907,11.65891],[76.36746,11.65768],[76.36708,11.65678],[76.3671,11.6556],[76.36743,11.65465],[76.36743,11.65386],[76.36727,11.65323],[76.36653,11.652],[76.36596,11.65186],[76.36536,11.65189],[76.36421,11.65238],[76.36399,11.65257],[76.3635,11.6526],[76.36301,11.65249],[76.3629,11.65227],[76.3629,11.65197],[76.36385,11.65142],[76.36435,11.65082],[76.36451,11.65082],[76.36488,11.65059],[76.36494,11.65005],[76.36514,11.64984],[76.36546,11.64989],[76.36598,11.65033],[76.36623,11.65036],[76.36682,11.65018],[76.36745,11.64985],[76.36784,11.64921],[76.36825,11.6491],[76.36842,11.64924],[76.36847,11.64951],[76.36817,11.65014],[76.36817,11.65044],[76.36842,11.65118],[76.36863,11.65137],[76.37038,11.65159],[76.37066,11.65178],[76.37112,11.65235],[76.37153,11.65336],[76.37145,11.65377],[76.37085,11.65426],[76.37,11.65426],[76.36986,11.65432],[76.36975,11.65454],[76.36975,11.6551],[76.37014,11.65582],[76.37014,11.65626],[76.36997,11.65686],[76.37,11.6579],[76.37033,11.65856],[76.37084,11.65917],[76.37164,11.65976],[76.37235,11.66055],[76.37247,11.66074],[76.37251,11.66133],[76.37245,11.66148],[76.37186,11.66173],[76.37159,11.6617],[76.37104,11.6614],[76.3706,11.66151],[76.37025,11.66244],[76.36998,11.66284],[76.36954,11.66325],[76.36938,11.66365],[76.36833,11.6652],[76.36718,11.66774],[76.36677,11.66926],[76.36593,11.67042],[76.36542,11.6715],[76.36539,11.67249],[76.36595,11.67398],[76.36762,11.6754],[76.36947,11.67586],[76.37053,11.67639],[76.37145,11.67664],[76.37332,11.67661],[76.37452,11.67639],[76.37514,11.67617],[76.37563,11.67568],[76.37555,11.6753],[76.37559,11.67361],[76.37546,11.67301],[76.37481,11.67225],[76.37456,11.67165],[76.37434,11.67009],[76.37434,11.66843],[76.37466,11.6678],[76.37505,11.66761],[76.37529,11.66764],[76.37564,11.66788],[76.37584,11.66824],[76.37564,11.66927],[76.37563,11.67046],[76.37576,11.6713],[76.37601,11.67191],[76.37719,11.67278],[76.37807,11.6732],[76.37867,11.6734],[76.37962,11.67348],[76.37987,11.67391],[76.37987,11.67413],[76.37962,11.67466],[76.37845,11.67549],[76.37775,11.67578],[76.37733,11.67636],[76.3774,11.67744],[76.37763,11.67762],[76.38026,11.67817],[76.3821,11.67933],[76.38238,11.67936],[76.38359,11.6799],[76.38597,11.68114],[76.38674,11.68133],[76.38752,11.68105],[76.38857,11.68046],[76.38999,11.67947],[76.39061,11.67932],[76.39098,11.67935],[76.39126,11.67978],[76.39117,11.68009],[76.38925,11.68108],[76.38903,11.68145],[76.38894,11.68238],[76.38922,11.68291],[76.39005,11.6839],[76.3903,11.68448],[76.39154,11.68554],[76.39225,11.68581],[76.39303,11.68591],[76.39351,11.68585],[76.39395,11.68566],[76.39491,11.68461],[76.39558,11.68357],[76.396,11.68321],[76.39695,11.6821],[76.39711,11.6821],[76.39761,11.68253],[76.39773,11.68308],[76.39695,11.68385],[76.39666,11.68466],[76.39588,11.68567],[76.39532,11.68658],[76.39474,11.68794],[76.39442,11.68824],[76.39395,11.68849],[76.39296,11.68969],[76.39301,11.6903],[76.39412,11.6915],[76.39434,11.69162],[76.39518,11.69276],[76.39519,11.69379],[76.39434,11.69549],[76.39438,11.69622],[76.39468,11.69676],[76.39539,11.69732],[76.3958,11.69803],[76.39664,11.699],[76.39673,11.69948],[76.39639,11.70027],[76.39627,11.70195],[76.39639,11.70251],[76.39736,11.70437],[76.39755,11.70502],[76.39733,11.70633],[76.39745,11.7069],[76.39799,11.70704],[76.39959,11.70689],[76.40049,11.70704],[76.40141,11.70699],[76.40171,11.70686],[76.40224,11.70632],[76.40258,11.70616],[76.40314,11.70619],[76.40347,11.70641]]],[[[76.27384,11.73613],[76.27331,11.73674],[76.27263,11.73829],[76.27248,11.73844],[76.27223,11.73844],[76.27188,11.73818],[76.27146,11.73635],[76.27129,11.7362],[76.27065,11.73606],[76.26887,11.73617],[76.26872,11.73592],[76.26891,11.73559],[76.26943,11.73542],[76.27079,11.73546],[76.27143,11.73533],[76.27236,11.73566],[76.27294,11.73546],[76.2737,11.73539],[76.27422,11.73501],[76.2748,11.7342],[76.27541,11.73371],[76.27568,11.73328],[76.27699,11.73371],[76.27743,11.73371],[76.27817,11.73353],[76.27895,11.73209],[76.27981,11.73099],[76.28008,11.73036],[76.28114,11.72865],[76.2812,11.72831],[76.28112,11.72803],[76.28081,11.72766],[76.28057,11.72745],[76.27984,11.72739],[76.28004,11.72715],[76.28033,11.72706],[76.28098,11.72712],[76.28138,11.72704],[76.28153,11.7269],[76.28277,11.72316],[76.28259,11.72251],[76.28205,11.72219],[76.28152,11.72228],[76.28008,11.72229],[76.27954,11.72271],[76.27916,11.72277],[76.27706,11.72277],[76.27669,11.72289],[76.27622,11.72341],[76.27563,11.72466],[76.27554,11.72475],[76.27508,11.72481],[76.27492,11.72475],[76.2748,11.72453],[76.27485,11.72417],[76.27584,11.72237],[76.2759,11.72204],[76.27552,11.72155],[76.27422,11.72074],[76.27382,11.72058],[76.27348,11.72056],[76.27277,11.72067],[76.27013,11.72141],[76.26932,11.72213],[76.26883,11.72288],[76.26864,11.72402],[76.2687,11.72644],[76.26855,11.72681],[76.26818,11.72721],[76.26796,11.7273],[76.26741,11.72725],[76.26667,11.72683],[76.2666,11.72637],[76.26663,11.72613],[76.26688,11.72577],[76.26736,11.72552],[76.26749,11.72525],[76.26756,11.72493],[76.26751,11.72419],[76.26698,11.7224],[76.26671,11.72195],[76.26595,11.7213],[76.26518,11.72108],[76.26381,11.72101],[76.26316,11.7213],[76.26173,11.72231],[76.26101,11.72254],[76.26069,11.72242],[76.26069,11.72222],[76.26099,11.72188],[76.2615,11.72153],[76.26199,11.72103],[76.26323,11.72031],[76.26325,11.72009],[76.26256,11.71879],[76.26247,11.7185],[76.26254,11.71812],[76.26316,11.71812],[76.2648,11.71944],[76.26643,11.7198],[76.26785,11.72034],[76.26848,11.72029],[76.26881,11.72009],[76.26891,11.71921],[76.2687,11.71827],[76.26875,11.71791],[76.26906,11.71769],[76.26929,11.71775],[76.26939,11.71809],[76.26984,11.71859],[76.27072,11.71903],[76.27203,11.71883],[76.27274,11.71903],[76.2739,11.71901],[76.2748,11.71928],[76.27585,11.71978],[76.27773,11.72024],[76.2784,11.72049],[76.2784,11.72002],[76.27807,11.71886],[76.27786,11.71868],[76.27654,11.71814],[76.27615,11.71778],[76.27621,11.71742],[76.27672,11.71745],[76.27692,11.71714],[76.27702,11.71669],[76.27702,11.71588],[76.27689,11.71552],[76.2761,11.71468],[76.27629,11.71442],[76.27726,11.71499],[76.27765,11.71492],[76.27771,11.71464],[76.27796,11.71446],[76.27811,11.71446],[76.27836,11.71464],[76.27836,11.71554],[76.27802,11.71594],[76.278,11.7162],[76.27814,11.71666],[76.27798,11.71808],[76.2781,11.7185],[76.27837,11.71886],[76.27981,11.72002],[76.28019,11.71995],[76.28043,11.71966],[76.28053,11.71903],[76.28064,11.71593],[76.28099,11.71588],[76.28117,11.71708],[76.28116,11.71988],[76.28127,11.72022],[76.28162,11.7204],[76.28228,11.72033],[76.2825,11.7202],[76.28304,11.71952],[76.28326,11.71753],[76.28367,11.71661],[76.28381,11.71597],[76.28402,11.71587],[76.28436,11.71587],[76.28454,11.716],[76.28459,11.7167],[76.28443,11.71916],[76.28419,11.72013],[76.28429,11.72033],[76.28455,11.72049],[76.28539,11.72044],[76.28571,11.71997],[76.28598,11.71914],[76.28638,11.71865],[76.28665,11.71867],[76.28737,11.71896],[76.2878,11.71901],[76.28806,11.71894],[76.28821,11.71883],[76.28829,11.71847],[76.28826,11.71798],[76.28853,11.71803],[76.28904,11.71893],[76.28929,11.71898],[76.28947,11.71786],[76.28937,11.71687],[76.28966,11.71676],[76.28998,11.71817],[76.28986,11.7194],[76.28999,11.7196],[76.29053,11.71986],[76.2913,11.71981],[76.29144,11.71957],[76.29147,11.71871],[76.29179,11.71784],[76.29192,11.71706],[76.29226,11.71701],[76.2923,11.7175],[76.29213,11.71845],[76.2922,11.7191],[76.29289,11.71963],[76.29315,11.72016],[76.2938,11.72099],[76.29414,11.72108],[76.29451,11.72102],[76.29495,11.72022],[76.29486,11.71918],[76.2945,11.71813],[76.29453,11.71786],[76.29471,11.71761],[76.29492,11.71753],[76.29515,11.71762],[76.29559,11.71826],[76.29592,11.71851],[76.2965,11.71871],[76.29686,11.71862],[76.29704,11.71847],[76.29745,11.71784],[76.29745,11.71721],[76.29677,11.71611],[76.29643,11.71535],[76.2965,11.71483],[76.29671,11.7148],[76.29701,11.7149],[76.2974,11.71618],[76.29828,11.71766],[76.29888,11.71822],[76.29919,11.71837],[76.30067,11.71828],[76.30177,11.71848],[76.30265,11.71843],[76.30334,11.71853],[76.30402,11.71868],[76.3047,11.71927],[76.30519,11.71939],[76.30578,11.71933],[76.30668,11.71874],[76.30699,11.71825],[76.30695,11.7179],[76.30678,11.71768],[76.30548,11.71671],[76.30514,11.71654],[76.3046,11.71647],[76.30437,11.71631],[76.30402,11.71595],[76.3031,11.71436],[76.30164,11.71286],[76.29935,11.71176],[76.29857,11.71106],[76.29826,11.71093],[76.29767,11.71082],[76.29632,11.71082],[76.29627,11.71049],[76.29673,11.71019],[76.29707,11.70949],[76.29697,11.70776],[76.29668,11.70646],[76.29681,11.70628],[76.29702,11.70628],[76.29717,11.70644],[76.29774,11.70741],[76.29805,11.70821],[76.29812,11.70871],[76.29859,11.7096],[76.29951,11.71064],[76.29978,11.71084],[76.30074,11.7112],[76.30103,11.71113],[76.30151,11.71043],[76.30179,11.71037],[76.302,11.71056],[76.30203,11.71073],[76.30175,11.71104],[76.3016,11.71138],[76.30213,11.71234],[76.30256,11.71283],[76.30294,11.71297],[76.30353,11.71286],[76.30381,11.71262],[76.30392,11.71269],[76.30408,11.71297],[76.30404,11.71364],[76.30415,11.714],[76.30447,11.7147],[76.30489,11.71519],[76.30559,11.71575],[76.30716,11.71636],[76.30815,11.71663],[76.30862,11.71663],[76.31048,11.71617],[76.31223,11.71649],[76.31357,11.71613],[76.31402,11.71597],[76.31548,11.7143],[76.31587,11.71414],[76.31669,11.7146],[76.31725,11.71456],[76.31824,11.71429],[76.31893,11.71427],[76.32169,11.71469],[76.32265,11.71446],[76.32343,11.71407],[76.32571,11.71392],[76.32757,11.71413],[76.33107,11.71416],[76.33156,11.71423],[76.3328,11.71469],[76.33386,11.7147],[76.33444,11.71444],[76.33549,11.71364],[76.33716,11.71187],[76.3375,11.71119],[76.33756,11.71079],[76.33886,11.70797],[76.33893,11.70667],[76.3389,11.70643],[76.33872,11.70623],[76.33765,11.70591],[76.33516,11.70619],[76.33464,11.70634],[76.33438,11.70626],[76.33425,11.7061],[76.33419,11.70568],[76.33522,11.70499],[76.33569,11.70487],[76.33658,11.70487],[76.3372,11.70442],[76.33727,11.70405],[76.33714,11.70376],[76.3367,11.70345],[76.33617,11.70323],[76.33617,11.70301],[76.33636,11.70288],[76.33673,11.70301],[76.33713,11.70294],[76.33788,11.70237],[76.33821,11.70251],[76.33858,11.70339],[76.33884,11.70477],[76.33927,11.70559],[76.33989,11.70599],[76.34044,11.70621],[76.34211,11.70636],[76.34286,11.70633],[76.34509,11.70599],[76.34583,11.70599],[76.34657,11.70624],[76.34766,11.70618],[76.3479,11.70594],[76.34803,11.70562],[76.34831,11.70423],[76.34856,11.70385],[76.34979,11.70288],[76.35087,11.7022],[76.35137,11.70171],[76.35227,11.70004],[76.35227,11.69901],[76.35177,11.69843],[76.35112,11.69799],[76.34939,11.69781],[76.34898,11.6976],[76.34871,11.69758],[76.34858,11.6974],[76.34864,11.69719],[76.34951,11.69666],[76.34998,11.69595],[76.35045,11.69603],[76.35072,11.69642],[76.35174,11.69654],[76.35239,11.69617],[76.35282,11.69555],[76.35301,11.69542],[76.35329,11.69546],[76.35343,11.69567],[76.35343,11.69614],[76.35364,11.69658],[76.3544,11.697],[76.35477,11.69734],[76.35493,11.69775],[76.35496,11.69805],[76.35471,11.69895],[76.35471,11.69963],[76.355,11.70017],[76.35523,11.70026],[76.35672,11.70028],[76.35769,11.70042],[76.35846,11.7007],[76.35902,11.70111],[76.35945,11.70163],[76.36195,11.70345],[76.36243,11.70358],[76.36343,11.70358],[76.36509,11.70318],[76.36558,11.70285],[76.36612,11.70199],[76.36651,11.70166],[76.36721,11.70136],[76.3683,11.70116],[76.36858,11.701],[76.36909,11.70052],[76.37092,11.69802],[76.37102,11.69711],[76.37081,11.69633],[76.37111,11.69617],[76.37229,11.69617],[76.37287,11.6961],[76.37317,11.69594],[76.37414,11.69478],[76.37424,11.6938],[76.37431,11.69356],[76.37449,11.69338],[76.37513,11.69332],[76.37578,11.69359],[76.37637,11.69399],[76.37702,11.69395],[76.37805,11.69414],[76.37869,11.69416],[76.3798,11.69446],[76.38033,11.69444],[76.38061,11.69437],[76.38088,11.69416],[76.38119,11.69374],[76.38213,11.69326],[76.38365,11.69176],[76.38436,11.69153],[76.38499,11.69119],[76.38659,11.69097],[76.38747,11.69102],[76.38767,11.69131],[76.38766,11.69194],[76.38783,11.69204],[76.38811,11.69204],[76.38915,11.69169],[76.38985,11.69176],[76.3904,11.69222],[76.39056,11.69283],[76.39082,11.69307],[76.39213,11.69298],[76.39295,11.69314],[76.39332,11.69311],[76.39364,11.69285],[76.39366,11.69232],[76.39314,11.69183],[76.39241,11.69165],[76.39205,11.69132],[76.39176,11.69088],[76.39156,11.68984],[76.39158,11.68906],[76.39169,11.68873],[76.39166,11.68824],[76.39151,11.68791],[76.39053,11.68701],[76.38983,11.68593],[76.38913,11.6855],[76.38585,11.68526],[76.38536,11.68512],[76.38458,11.6846],[76.38441,11.6843],[76.38441,11.68397],[76.38454,11.68357],[76.38491,11.68299],[76.38491,11.68274],[76.38475,11.68253],[76.38323,11.68272],[76.38248,11.68266],[76.38168,11.68276],[76.38074,11.68219],[76.38024,11.68133],[76.37944,11.68055],[76.37908,11.68044],[76.37887,11.68051],[76.37873,11.68068],[76.37839,11.68142],[76.37832,11.68179],[76.3781,11.68208],[76.37764,11.68234],[76.37638,11.68253],[76.37613,11.68232],[76.37594,11.68198],[76.37557,11.68108],[76.37526,11.68086],[76.37433,11.68089],[76.37356,11.68114],[76.37294,11.68114],[76.3726,11.68099],[76.37263,11.68071],[76.37303,11.68027],[76.37396,11.67987],[76.37579,11.67941],[76.37628,11.67894],[76.37628,11.67823],[76.37607,11.67789],[76.37532,11.67758],[76.37433,11.67749],[76.37334,11.67758],[76.37136,11.6782],[76.37037,11.67832],[76.36884,11.6783],[76.36783,11.67869],[76.36725,11.67909],[76.36677,11.67925],[76.36629,11.67919],[76.36504,11.67872],[76.36466,11.67869],[76.36382,11.67887],[76.36301,11.68019],[76.36302,11.68182],[76.36251,11.68263],[76.36196,11.68273],[76.36137,11.68218],[76.36135,11.68159],[76.36225,11.67949],[76.36229,11.67879],[76.36218,11.67828],[76.36182,11.67764],[76.36116,11.677],[76.36055,11.67613],[76.36022,11.67547],[76.35989,11.67448],[76.35975,11.67368],[76.35937,11.67299],[76.35859,11.67236],[76.35748,11.67193],[76.35687,11.67193],[76.35611,11.6721],[76.35399,11.67295],[76.3536,11.67334],[76.35332,11.67403],[76.35326,11.67481],[76.35309,11.6749],[76.35289,11.6749],[76.35283,11.6748],[76.35274,11.67387],[76.35255,11.67336],[76.35241,11.67328],[76.35212,11.67349],[76.35133,11.67575],[76.35109,11.67675],[76.35057,11.67807],[76.3505,11.67861],[76.35065,11.67898],[76.35174,11.68006],[76.35246,11.68167],[76.3529,11.68233],[76.35306,11.68299],[76.35309,11.68474],[76.35303,11.68497],[76.35267,11.68517],[76.35237,11.68516],[76.35188,11.68407],[76.35069,11.68272],[76.3494,11.68147],[76.34911,11.68104],[76.34877,11.68017],[76.34829,11.67929],[76.34766,11.67857],[76.34725,11.6782],[76.34502,11.67669],[76.34443,11.67643],[76.34408,11.67651],[76.34391,11.67666],[76.34371,11.67731],[76.34369,11.6803],[76.34352,11.68099],[76.34346,11.68196],[76.34417,11.68387],[76.34451,11.68566],[76.34443,11.68678],[76.34451,11.68765],[76.3446,11.68795],[76.34506,11.68867],[76.34505,11.68881],[76.34486,11.689],[76.34467,11.68905],[76.34395,11.68806],[76.34373,11.68761],[76.34361,11.68618],[76.34267,11.68322],[76.34211,11.68064],[76.34203,11.67948],[76.34174,11.67805],[76.34151,11.6777],[76.34073,11.67697],[76.33969,11.67645],[76.33895,11.67567],[76.33829,11.67532],[76.3371,11.67526],[76.33656,11.67539],[76.33614,11.67569],[76.33597,11.67589],[76.33567,11.67699],[76.33562,11.68032],[76.3358,11.68129],[76.33623,11.68263],[76.33664,11.68333],[76.33772,11.68464],[76.33876,11.68536],[76.33908,11.68578],[76.33866,11.68608],[76.33837,11.68615],[76.33755,11.68605],[76.33712,11.6865],[76.33707,11.68717],[76.33723,11.6886],[76.33703,11.68947],[76.33675,11.69013],[76.33641,11.6902],[76.33598,11.69005],[76.33606,11.68932],[76.33601,11.68888],[76.33489,11.68579],[76.33448,11.68508],[76.334,11.6846],[76.33355,11.68393],[76.33329,11.68387],[76.33288,11.68402],[76.33221,11.68467],[76.33141,11.68566],[76.33099,11.68623],[76.33073,11.68692],[76.33047,11.68839],[76.33018,11.68925],[76.32987,11.69066],[76.32996,11.69161],[76.33065,11.69349],[76.33056,11.69375],[76.33019,11.69383],[76.33002,11.69374],[76.32983,11.69291],[76.3292,11.69219],[76.3286,11.69191],[76.32809,11.69196],[76.3278,11.69215],[76.3263,11.69455],[76.32468,11.69656],[76.32402,11.69817],[76.32387,11.69828],[76.32353,11.69826],[76.32337,11.6981],[76.32318,11.69782],[76.32318,11.69749],[76.32349,11.69702],[76.32382,11.69616],[76.32393,11.69508],[76.3241,11.69472],[76.32431,11.69437],[76.32546,11.69343],[76.32587,11.69297],[76.32704,11.69092],[76.32812,11.68949],[76.3287,11.68765],[76.32918,11.68687],[76.32964,11.68545],[76.33156,11.683],[76.33262,11.68136],[76.33292,11.67863],[76.3329,11.67762],[76.33266,11.67667],[76.33232,11.67619],[76.33154,11.67569],[76.33086,11.67506],[76.33058,11.67494],[76.33005,11.67485],[76.32855,11.67502],[76.3272,11.67617],[76.32639,11.67702],[76.32638,11.67821],[76.327,11.67926],[76.32704,11.6797],[76.32745,11.68118],[76.32733,11.68137],[76.32702,11.68145],[76.32683,11.68139],[76.32664,11.68116],[76.32641,11.68028],[76.32604,11.67959],[76.32539,11.67917],[76.32439,11.67888],[76.32393,11.67886],[76.32316,11.67911],[76.32285,11.67943],[76.32263,11.68012],[76.32293,11.68089],[76.32282,11.68114],[76.32261,11.68124],[76.32219,11.6811],[76.32167,11.68131],[76.32124,11.68157],[76.32098,11.68192],[76.3208,11.68291],[76.32032,11.68346],[76.32021,11.68381],[76.32011,11.68416],[76.32011,11.68495],[76.31994,11.68513],[76.31927,11.68536],[76.31899,11.68559],[76.3182,11.6871],[76.31803,11.68766],[76.31797,11.6884],[76.31744,11.68852],[76.31724,11.6884],[76.31721,11.68823],[76.3176,11.68595],[76.31774,11.68555],[76.31843,11.6844],[76.31858,11.68396],[76.31848,11.68379],[76.31827,11.68376],[76.31707,11.68446],[76.31602,11.68552],[76.31519,11.68618],[76.31455,11.68691],[76.31445,11.68727],[76.31503,11.68788],[76.31509,11.68834],[76.3143,11.68897],[76.31359,11.68979],[76.31321,11.69075],[76.31341,11.6922],[76.31344,11.6937],[76.31379,11.69408],[76.31381,11.69428],[76.31356,11.69477],[76.31348,11.69538],[76.31432,11.69695],[76.31522,11.69792],[76.316,11.69904],[76.31615,11.6995],[76.31605,11.69962],[76.31572,11.69962],[76.31542,11.6995],[76.31496,11.69827],[76.31468,11.69799],[76.31356,11.69746],[76.31283,11.69754],[76.31219,11.69784],[76.31196,11.69812],[76.31162,11.6991],[76.31141,11.69912],[76.31123,11.69899],[76.31115,11.69855],[76.31135,11.69756],[76.31148,11.69723],[76.31245,11.69583],[76.31262,11.69492],[76.31252,11.69357],[76.31209,11.69225],[76.31199,11.69103],[76.31173,11.69062],[76.31115,11.69047],[76.31074,11.69047],[76.3097,11.69085],[76.30853,11.6909],[76.30766,11.6907],[76.30718,11.69111],[76.30665,11.69179],[76.3051,11.69296],[76.30484,11.69341],[76.30433,11.69352],[76.30407,11.69328],[76.30411,11.693],[76.30457,11.69202],[76.30508,11.69131],[76.30637,11.69078],[76.30701,11.69017],[76.30743,11.68996],[76.30901,11.68984],[76.31016,11.68951],[76.31262,11.68859],[76.31308,11.68834],[76.31371,11.68729],[76.31409,11.68641],[76.31448,11.68592],[76.31612,11.68465],[76.31722,11.68416],[76.31813,11.68314],[76.31863,11.68215],[76.31896,11.68052],[76.31934,11.67928],[76.31931,11.67871],[76.319,11.67826],[76.31844,11.67814],[76.31779,11.67814],[76.31541,11.67901],[76.3145,11.67947],[76.31419,11.67975],[76.31371,11.68043],[76.31346,11.6815],[76.31336,11.68336],[76.31329,11.68364],[76.31295,11.68399],[76.31237,11.68397],[76.31216,11.68384],[76.31181,11.68219],[76.31135,11.68127],[76.31112,11.68107],[76.31031,11.68071],[76.30985,11.68061],[76.30815,11.68071],[76.30762,11.68107],[76.30728,11.68145],[76.30685,11.68242],[76.30617,11.68506],[76.30657,11.68567],[76.30655,11.68589],[76.30633,11.68603],[76.30589,11.68596],[76.30541,11.68553],[76.30518,11.68553],[76.30448,11.68591],[76.30402,11.68565],[76.30398,11.68499],[76.30426,11.68417],[76.30441,11.68336],[76.30436,11.6826],[76.30424,11.68227],[76.30365,11.68173],[76.30309,11.68046],[76.30276,11.68005],[76.30225,11.67988],[76.30193,11.6799],[76.30101,11.68008],[76.30019,11.68041],[76.29911,11.68002],[76.29881,11.68],[76.29849,11.68011],[76.29833,11.68028],[76.29826,11.68059],[76.29835,11.68272],[76.29817,11.6834],[76.29772,11.68434],[76.29733,11.68704],[76.29666,11.68837],[76.2961,11.69003],[76.29595,11.69013],[76.29555,11.69006],[76.29529,11.68976],[76.29566,11.68771],[76.29602,11.68354],[76.29581,11.68229],[76.2955,11.68165],[76.29518,11.68139],[76.29401,11.68101],[76.29327,11.68108],[76.29291,11.68124],[76.29253,11.6816],[76.29228,11.68208],[76.29157,11.68416],[76.29076,11.68533],[76.29063,11.68576],[76.29045,11.68732],[76.29074,11.68809],[76.29118,11.68878],[76.29131,11.6893],[76.29127,11.68949],[76.29086,11.68964],[76.29025,11.68917],[76.29003,11.68912],[76.28967,11.68921],[76.28935,11.68933],[76.2891,11.68956],[76.28871,11.69015],[76.28847,11.69031],[76.28828,11.69031],[76.28796,11.68976],[76.28839,11.68871],[76.28889,11.68795],[76.28903,11.68738],[76.28931,11.6843],[76.28907,11.6839],[76.28907,11.68293],[76.28935,11.6819],[76.29006,11.68004],[76.28994,11.67963],[76.28998,11.67929],[76.29028,11.67885],[76.29085,11.67869],[76.29101,11.67846],[76.29144,11.67742],[76.29125,11.67664],[76.29168,11.67529],[76.29192,11.67479],[76.29241,11.67431],[76.29287,11.67438],[76.29311,11.67465],[76.29314,11.67488],[76.29276,11.676],[76.29253,11.67708],[76.29264,11.6776],[76.29307,11.67812],[76.29394,11.67847],[76.29456,11.67861],[76.29506,11.67861],[76.29614,11.67835],[76.29653,11.6781],[76.29697,11.67709],[76.29716,11.67685],[76.29742,11.67673],[76.29753,11.67676],[76.29765,11.67767],[76.29778,11.67797],[76.29807,11.67819],[76.29849,11.67819],[76.2992,11.67799],[76.29984,11.67767],[76.30018,11.67723],[76.30067,11.67713],[76.30081,11.67732],[76.30084,11.67761],[76.30048,11.67822],[76.30039,11.67897],[76.3005,11.67931],[76.30098,11.67937],[76.30157,11.67916],[76.30208,11.67878],[76.30324,11.67746],[76.30341,11.67751],[76.30341,11.67813],[76.30327,11.67871],[76.3034,11.67937],[76.3038,11.67977],[76.30531,11.68028],[76.30556,11.68028],[76.30586,11.68021],[76.30741,11.67922],[76.30827,11.67914],[76.30922,11.67881],[76.30942,11.67866],[76.30997,11.67782],[76.31005,11.67723],[76.30999,11.67658],[76.31009,11.67648],[76.31077,11.67724],[76.31145,11.67782],[76.31242,11.67835],[76.31389,11.67799],[76.31432,11.67764],[76.31448,11.67738],[76.31402,11.67479],[76.31389,11.67212],[76.3137,11.67176],[76.3137,11.6716],[76.31388,11.67137],[76.3143,11.67135],[76.31468,11.67192],[76.31465,11.67357],[76.31483,11.67497],[76.31509,11.67553],[76.31526,11.67621],[76.3157,11.6768],[76.31663,11.67723],[76.31907,11.67726],[76.31948,11.67741],[76.31962,11.67767],[76.31957,11.68111],[76.31966,11.68151],[76.31983,11.68167],[76.32037,11.68132],[76.32148,11.67988],[76.32196,11.67794],[76.32217,11.67775],[76.32272,11.67767],[76.32416,11.6769],[76.3251,11.67673],[76.32584,11.67682],[76.32622,11.67654],[76.3265,11.67605],[76.32728,11.67558],[76.32734,11.67536],[76.32719,11.67519],[76.32672,11.67536],[76.32627,11.67523],[76.32627,11.67498],[76.32648,11.67457],[76.32707,11.67384],[76.32732,11.6738],[76.32765,11.67396],[76.32832,11.67409],[76.32925,11.67386],[76.33041,11.67429],[76.33231,11.67424],[76.33277,11.67403],[76.33324,11.67355],[76.33342,11.67303],[76.33335,11.67258],[76.33279,11.67137],[76.33244,11.67093],[76.33132,11.67],[76.32964,11.66921],[76.32864,11.66897],[76.32665,11.66903],[76.32568,11.66931],[76.32439,11.67005],[76.32326,11.67042],[76.32175,11.6705],[76.32101,11.67063],[76.3204,11.67059],[76.31991,11.67042],[76.31867,11.66966],[76.31853,11.66935],[76.31853,11.66916],[76.31879,11.66883],[76.31911,11.66878],[76.31967,11.66891],[76.32075,11.66895],[76.32162,11.66856],[76.32259,11.6688],[76.32421,11.66871],[76.3251,11.66847],[76.32561,11.66843],[76.32605,11.66808],[76.32629,11.66735],[76.3262,11.66607],[76.32549,11.66408],[76.32497,11.66332],[76.32406,11.66242],[76.32359,11.66207],[76.32237,11.66144],[76.32229,11.66097],[76.3224,11.66069],[76.32255,11.66054],[76.32274,11.66051],[76.32323,11.66067],[76.32514,11.66224],[76.32607,11.66404],[76.327,11.66551],[76.32752,11.66678],[76.32812,11.66761],[76.32862,11.66784],[76.32981,11.66806],[76.33051,11.66862],[76.33141,11.6691],[76.33231,11.66977],[76.33327,11.67013],[76.33411,11.67078],[76.33446,11.6708],[76.33474,11.67052],[76.33482,11.67013],[76.33476,11.66849],[76.33502,11.66698],[76.33498,11.66592],[76.3348,11.66572],[76.33439,11.66557],[76.33261,11.66545],[76.33257,11.66508],[76.33289,11.66471],[76.33324,11.66463],[76.33374,11.66455],[76.33463,11.66462],[76.33485,11.66441],[76.33508,11.66384],[76.33522,11.66259],[76.33559,11.6611],[76.33569,11.65981],[76.33594,11.65856],[76.33582,11.65748],[76.33566,11.65693],[76.335,11.65601],[76.33359,11.65462],[76.33255,11.65421],[76.33183,11.65407],[76.33147,11.65442],[76.33108,11.65515],[76.33083,11.65675],[76.33083,11.65735],[76.33073,11.65746],[76.3303,11.65744],[76.33024,11.65515],[76.33038,11.65409],[76.3303,11.6535],[76.33012,11.65323],[76.32963,11.6529],[76.32909,11.65268],[76.32832,11.65256],[76.3273,11.65266],[76.32674,11.65286],[76.32616,11.65331],[76.32574,11.65392],[76.32558,11.65433],[76.3251,11.65694],[76.32473,11.65783],[76.32438,11.65922],[76.32424,11.6593],[76.32398,11.65925],[76.32393,11.65913],[76.32406,11.65775],[76.32441,11.65707],[76.32458,11.65647],[76.32458,11.65496],[76.32452,11.65433],[76.32441,11.65411],[76.32359,11.6534],[76.323,11.6532],[76.32194,11.65333],[76.32088,11.6539],[76.3198,11.65498],[76.31956,11.65552],[76.31939,11.65569],[76.31837,11.65608],[76.31812,11.65632],[76.31768,11.6569],[76.31744,11.6574],[76.31701,11.65857],[76.31677,11.65984],[76.3163,11.66155],[76.31625,11.66181],[76.31643,11.66231],[76.31612,11.66292],[76.31564,11.66339],[76.31556,11.66372],[76.31567,11.6651],[76.31595,11.66631],[76.31582,11.66648],[76.31431,11.6657],[76.31335,11.66542],[76.31234,11.66547],[76.31199,11.66517],[76.31195,11.66495],[76.31216,11.66454],[76.31338,11.66313],[76.31441,11.66207],[76.31472,11.66188],[76.31535,11.66064],[76.31582,11.65913],[76.31593,11.65861],[76.31595,11.65775],[76.31618,11.65695],[76.31621,11.65634],[76.31638,11.65593],[76.3168,11.65554],[76.31742,11.65517],[76.31844,11.65392],[76.31878,11.65368],[76.31941,11.65344],[76.31967,11.65294],[76.31973,11.6521],[76.31989,11.65169],[76.3217,11.65193],[76.32378,11.6516],[76.32404,11.65171],[76.32441,11.6521],[76.32527,11.6523],[76.32687,11.65203],[76.32875,11.65139],[76.32926,11.65111],[76.32952,11.6508],[76.32957,11.65033],[76.32936,11.64959],[76.32906,11.649],[76.32836,11.64802],[76.32736,11.64733],[76.32681,11.64677],[76.32627,11.64647],[76.326,11.64642],[76.32517,11.64583],[76.32431,11.64477],[76.3231,11.64382],[76.32229,11.64372],[76.32201,11.64383],[76.32178,11.64443],[76.32169,11.64495],[76.32172,11.64598],[76.3215,11.64662],[76.32122,11.6468],[76.32093,11.64679],[76.32073,11.64669],[76.3206,11.64642],[76.32034,11.64623],[76.31989,11.64616],[76.31968,11.64602],[76.31949,11.64575],[76.31947,11.64542],[76.31977,11.64497],[76.32025,11.64458],[76.32085,11.64426],[76.32107,11.64398],[76.32108,11.64366],[76.32082,11.64308],[76.32067,11.64298],[76.32004,11.64304],[76.31872,11.64334],[76.31701,11.64421],[76.31646,11.64459],[76.31529,11.64584],[76.31458,11.64625],[76.31341,11.64667],[76.31297,11.647],[76.31255,11.64767],[76.31244,11.64805],[76.31244,11.64891],[76.31299,11.65083],[76.3124,11.65129],[76.31182,11.65119],[76.31123,11.65121],[76.31049,11.65154],[76.31007,11.65179],[76.30956,11.65242],[76.309,11.65415],[76.30881,11.65494],[76.30876,11.65564],[76.30878,11.65721],[76.30902,11.65868],[76.30907,11.65963],[76.30923,11.66031],[76.30961,11.66105],[76.30942,11.66134],[76.30927,11.66141],[76.30904,11.66117],[76.30823,11.66082],[76.30743,11.66127],[76.30634,11.66255],[76.30589,11.66353],[76.3058,11.66402],[76.30592,11.66479],[76.30704,11.66619],[76.30713,11.66645],[76.30823,11.66794],[76.30825,11.66862],[76.30797,11.66873],[76.30776,11.66862],[76.30715,11.66796],[76.30659,11.66761],[76.30582,11.66757],[76.30538,11.6678],[76.30475,11.66852],[76.30396,11.6702],[76.30365,11.6713],[76.30365,11.67286],[76.30351,11.67307],[76.30258,11.67305],[76.30235,11.67296],[76.30219,11.6727],[76.30258,11.67158],[76.30295,11.66988],[76.30334,11.66904],[76.30351,11.6678],[76.30314,11.66682],[76.30276,11.66633],[76.30215,11.66591],[76.30183,11.6658],[76.30094,11.66563],[76.30022,11.66568],[76.29935,11.66612],[76.29777,11.66736],[76.29707,11.66827],[76.29691,11.66869],[76.29679,11.66972],[76.29649,11.67021],[76.29478,11.67105],[76.2943,11.67158],[76.29417,11.67184],[76.29399,11.67291],[76.29373,11.6731],[76.29311,11.67282],[76.2923,11.67061],[76.2923,11.67027],[76.29376,11.66893],[76.29491,11.6688],[76.29535,11.66868],[76.29559,11.66849],[76.29585,11.66821],[76.29604,11.66781],[76.29634,11.66684],[76.29668,11.66644],[76.29799,11.66563],[76.29858,11.6651],[76.29951,11.66392],[76.30071,11.66332],[76.30231,11.66284],[76.30268,11.66254],[76.30289,11.66235],[76.30344,11.66145],[76.30391,11.66006],[76.3044,11.65915],[76.30453,11.65901],[76.30528,11.65922],[76.30643,11.65828],[76.30698,11.65688],[76.30727,11.65558],[76.30727,11.65218],[76.30643,11.65032],[76.30588,11.64981],[76.30546,11.64963],[76.30474,11.64959],[76.30453,11.64968],[76.30338,11.65066],[76.30268,11.65211],[76.30212,11.65264],[76.30203,11.65315],[76.30219,11.65371],[76.3019,11.6541],[76.29865,11.65538],[76.29763,11.65622],[76.2973,11.65726],[76.29725,11.65898],[76.29716,11.65926],[76.29676,11.65936],[76.29652,11.65929],[76.2961,11.65849],[76.29526,11.65773],[76.29474,11.6576],[76.29442,11.65762],[76.29398,11.6577],[76.29357,11.65795],[76.2933,11.65828],[76.29314,11.65914],[76.29322,11.65958],[76.29366,11.6605],[76.29379,11.6612],[76.29369,11.66127],[76.29319,11.66125],[76.29289,11.66089],[76.29249,11.66068],[76.29175,11.66064],[76.29133,11.6608],[76.29094,11.66134],[76.2908,11.66186],[76.29058,11.66449],[76.29029,11.66503],[76.29001,11.66513],[76.28975,11.66491],[76.28957,11.66456],[76.28953,11.66335],[76.28988,11.66145],[76.29078,11.65974],[76.29083,11.6592],[76.29064,11.65857],[76.28996,11.65773],[76.28969,11.65768],[76.28909,11.65798],[76.28796,11.65879],[76.28706,11.65961],[76.28622,11.66072],[76.28592,11.66132],[76.28573,11.66227],[76.2857,11.66343],[76.28559,11.66382],[76.28564,11.66487],[76.28597,11.66563],[76.28746,11.66666],[76.28802,11.66687],[76.28818,11.66708],[76.28813,11.66726],[76.28795,11.66733],[76.28697,11.66736],[76.28643,11.66794],[76.28594,11.6687],[76.28573,11.66951],[76.2857,11.67027],[76.28578,11.67049],[76.28657,11.67115],[76.28659,11.67131],[76.28616,11.6715],[76.28526,11.67131],[76.28486,11.67103],[76.28451,11.67057],[76.2844,11.67017],[76.28442,11.66952],[76.28489,11.66667],[76.28481,11.66607],[76.28437,11.66466],[76.28378,11.66365],[76.28317,11.66319],[76.28274,11.66316],[76.28133,11.66352],[76.28101,11.6639],[76.28049,11.6646],[76.27995,11.66648],[76.27969,11.66829],[76.27972,11.66907],[76.27995,11.66963],[76.28105,11.67066],[76.28236,11.67208],[76.28294,11.67215],[76.28399,11.6719],[76.28461,11.6719],[76.28477,11.67212],[76.28477,11.67253],[76.28418,11.67271],[76.28365,11.67305],[76.28303,11.67404],[76.28303,11.67463],[76.28294,11.67481],[76.28265,11.67481],[76.28219,11.67465],[76.28189,11.67429],[76.28077,11.67243],[76.28005,11.67204],[76.27971,11.6722],[76.27948,11.67242],[76.27933,11.67301],[76.2793,11.67409],[76.27947,11.67597],[76.2797,11.67647],[76.28166,11.67775],[76.28243,11.6779],[76.28327,11.67762],[76.28358,11.67764],[76.28394,11.67811],[76.28413,11.67871],[76.28406,11.67886],[76.28365,11.679],[76.28333,11.67925],[76.2835,11.68114],[76.28323,11.68238],[76.28319,11.68361],[76.28289,11.68405],[76.28245,11.68409],[76.28197,11.68399],[76.28186,11.68371],[76.28185,11.68321],[76.28217,11.68091],[76.28217,11.68069],[76.28197,11.68038],[76.28169,11.68009],[76.28023,11.67921],[76.27985,11.67878],[76.27892,11.67818],[76.27862,11.67811],[76.27833,11.67821],[76.27779,11.67896],[76.27749,11.67983],[76.27734,11.68068],[76.27676,11.68164],[76.27709,11.68448],[76.27772,11.68583],[76.27808,11.68629],[76.2788,11.68686],[76.27921,11.68699],[76.27975,11.68693],[76.28014,11.68679],[76.28046,11.68653],[76.28069,11.68649],[76.28185,11.68653],[76.28202,11.68661],[76.28209,11.68684],[76.28179,11.68709],[76.28108,11.68721],[76.28036,11.68754],[76.28001,11.688],[76.2799,11.68836],[76.27988,11.68897],[76.27991,11.68944],[76.28078,11.69098],[76.28136,11.691],[76.28223,11.69063],[76.283,11.69046],[76.28327,11.69065],[76.28323,11.69086],[76.28207,11.69146],[76.28188,11.69167],[76.28146,11.69281],[76.28148,11.69307],[76.28161,11.69327],[76.28217,11.69374],[76.28223,11.69393],[76.28222,11.69425],[76.28179,11.69477],[76.28176,11.69504],[76.28178,11.69544],[76.28219,11.69631],[76.28313,11.69709],[76.28366,11.69731],[76.28369,11.69774],[76.28481,11.69813],[76.28527,11.69797],[76.28579,11.69803],[76.28618,11.69786],[76.28652,11.69797],[76.28741,11.69691],[76.28879,11.69674],[76.28913,11.69699],[76.28914,11.69729],[76.28903,11.6974],[76.28851,11.69726],[76.2879,11.69729],[76.2876,11.69742],[76.2871,11.69792],[76.28678,11.69854],[76.28677,11.69901],[76.2869,11.69932],[76.28806,11.70008],[76.28901,11.70061],[76.28933,11.70068],[76.28963,11.70071],[76.2901,11.70057],[76.291,11.70003],[76.29118,11.70017],[76.29129,11.7005],[76.29173,11.70082],[76.29269,11.70098],[76.29281,11.70116],[76.29282,11.70146],[76.29271,11.7018],[76.29248,11.70189],[76.29208,11.7018],[76.29154,11.70148],[76.29092,11.70136],[76.29021,11.70136],[76.28998,11.70151],[76.28993,11.70187],[76.29027,11.70254],[76.2904,11.70303],[76.29018,11.70355],[76.29006,11.70358],[76.28996,11.70355],[76.28893,11.70189],[76.28829,11.70125],[76.28726,11.70082],[76.2865,11.7007],[76.28604,11.70074],[76.28568,11.70104],[76.28535,11.70193],[76.28532,11.70358],[76.2852,11.70377],[76.28505,11.70371],[76.28497,11.70352],[76.28494,11.70113],[76.28513,11.70023],[76.28505,11.70002],[76.28425,11.69937],[76.28349,11.69893],[76.28253,11.69861],[76.28209,11.69861],[76.28175,11.69912],[76.28166,11.70189],[76.2821,11.7027],[76.28215,11.70302],[76.28207,11.70346],[76.28153,11.70447],[76.28143,11.70497],[76.28232,11.70755],[76.28233,11.70778],[76.2821,11.70788],[76.28114,11.70791],[76.28083,11.70782],[76.28118,11.70668],[76.28094,11.70548],[76.28075,11.7051],[76.28058,11.70504],[76.27994,11.70538],[76.27966,11.70578],[76.2793,11.70602],[76.27901,11.70644],[76.27883,11.70722],[76.27867,11.70749],[76.2783,11.70754],[76.27818,11.70739],[76.27827,11.70617],[76.27839,11.7059],[76.27964,11.70509],[76.28004,11.70457],[76.28007,11.70399],[76.27979,11.7029],[76.27979,11.70226],[76.28033,11.70115],[76.28037,11.70001],[76.27968,11.69778],[76.27931,11.69752],[76.27869,11.69771],[76.27845,11.69749],[76.27845,11.69729],[76.279,11.69679],[76.27911,11.69644],[76.27917,11.69558],[76.27934,11.69505],[76.27916,11.6944],[76.279,11.69414],[76.27857,11.69383],[76.278,11.69378],[76.27763,11.69392],[76.27712,11.69394],[76.27655,11.69372],[76.27653,11.69356],[76.27723,11.69356],[76.27785,11.69333],[76.27863,11.69242],[76.27895,11.69136],[76.27872,11.69029],[76.278,11.68925],[76.27711,11.68699],[76.27614,11.68589],[76.27595,11.6858],[76.27531,11.68586],[76.27477,11.68602],[76.27455,11.68619],[76.2742,11.687],[76.27383,11.68729],[76.27348,11.68742],[76.27215,11.68751],[76.2719,11.68761],[76.27143,11.68807],[76.27135,11.68843],[76.27139,11.68876],[76.27189,11.6901],[76.27205,11.69109],[76.27249,11.69185],[76.27286,11.69288],[76.27406,11.69411],[76.27401,11.69453],[76.27352,11.69519],[76.27303,11.69614],[76.27277,11.69703],[76.27231,11.698],[76.27225,11.69851],[76.27237,11.69925],[76.27303,11.7003],[76.27326,11.70095],[76.27335,11.7026],[76.27343,11.70273],[76.27386,11.70294],[76.27457,11.70292],[76.27463,11.70319],[76.27428,11.70372],[76.27328,11.70408],[76.27278,11.70446],[76.27218,11.70547],[76.27218,11.7064],[76.27018,11.70653],[76.26982,11.7067],[76.26962,11.70695],[76.26932,11.70709],[76.26904,11.70709],[76.26892,11.70694],[76.26895,11.70675],[76.26932,11.7061],[76.27118,11.70471],[76.2718,11.70403],[76.27217,11.70338],[76.27223,11.70242],[76.27217,11.70208],[76.27192,11.70158],[76.27106,11.701],[76.26993,11.70115],[76.26936,11.70152],[76.26894,11.70209],[76.26832,11.70231],[76.26777,11.70264],[76.26735,11.7033],[76.267,11.70446],[76.26675,11.70471],[76.26638,11.70477],[76.26608,11.70443],[76.26602,11.70365],[76.26608,11.70302],[76.266,11.70281],[76.26501,11.70218],[76.26465,11.70189],[76.26465,11.7018],[76.26483,11.70149],[76.2655,11.70188],[76.26637,11.70199],[76.26688,11.70192],[76.26767,11.70127],[76.2687,11.70081],[76.26933,11.70038],[76.26987,11.6996],[76.27033,11.69912],[76.2705,11.69865],[76.27073,11.69724],[76.27115,11.69595],[76.27102,11.6958],[76.27054,11.6958],[76.26981,11.69632],[76.26966,11.69623],[76.26966,11.69595],[76.2698,11.69555],[76.27087,11.69469],[76.27129,11.69409],[76.27125,11.69331],[76.27097,11.69244],[76.27064,11.69187],[76.26968,11.69078],[76.26911,11.69046],[76.26831,11.69017],[76.26769,11.6903],[76.26731,11.6914],[76.26694,11.69171],[76.26672,11.69165],[76.26622,11.69114],[76.26476,11.69115],[76.26435,11.69137],[76.26345,11.69202],[76.26338,11.69221],[76.26376,11.69268],[76.26325,11.69383],[76.26312,11.69466],[76.26312,11.69594],[76.26344,11.69759],[76.26335,11.69781],[76.26298,11.69797],[76.26248,11.69725],[76.26096,11.69579],[76.26058,11.69511],[76.26056,11.69456],[76.26073,11.69418],[76.26164,11.69337],[76.26241,11.69234],[76.26231,11.69133],[76.26215,11.69112],[76.26161,11.69076],[76.26073,11.69069],[76.26022,11.69003],[76.26016,11.68961],[76.26023,11.68948],[76.26056,11.68933],[76.26184,11.68895],[76.26221,11.68898],[76.26363,11.68989],[76.26498,11.68952],[76.26529,11.68908],[76.2654,11.68846],[76.26517,11.68759],[76.26545,11.68741],[76.26634,11.6882],[76.26689,11.68843],[76.2675,11.68837],[76.26804,11.68801],[76.26866,11.68683],[76.2687,11.68616],[76.26821,11.68489],[76.2677,11.68434],[76.26773,11.68386],[76.26784,11.68334],[76.26835,11.68289],[76.2688,11.68269],[76.26949,11.68258],[76.26962,11.68283],[76.26962,11.68317],[76.26949,11.68348],[76.26953,11.68461],[76.26978,11.68508],[76.27048,11.68551],[76.27149,11.68559],[76.2723,11.68546],[76.27322,11.68513],[76.27402,11.68452],[76.27442,11.6839],[76.27441,11.68338],[76.27419,11.68295],[76.27377,11.68244],[76.27356,11.68188],[76.27354,11.68128],[76.27405,11.67996],[76.27517,11.67854],[76.27522,11.67837],[76.27525,11.6777],[76.27514,11.67701],[76.27473,11.67574],[76.27428,11.67527],[76.27383,11.67522],[76.27306,11.67552],[76.27256,11.67586],[76.27184,11.67656],[76.2709,11.67774],[76.26971,11.67959],[76.26923,11.67991],[76.26898,11.67992],[76.26865,11.67974],[76.26846,11.67934],[76.26849,11.67815],[76.26859,11.67785],[76.26884,11.67758],[76.26933,11.67734],[76.26995,11.67683],[76.27035,11.67616],[76.27056,11.6753],[76.27056,11.67418],[76.27042,11.67354],[76.2701,11.67275],[76.26942,11.67198],[76.26888,11.67161],[76.26826,11.6714],[76.26724,11.67143],[76.26596,11.67174],[76.26542,11.67198],[76.26511,11.67245],[76.26488,11.67333],[76.2643,11.6741],[76.2638,11.67512],[76.26337,11.67671],[76.26334,11.67904],[76.26354,11.67993],[76.26362,11.68089],[76.26384,11.68143],[76.26373,11.68187],[76.2634,11.6822],[76.26315,11.68222],[76.26252,11.68194],[76.26186,11.68185],[76.26122,11.68185],[76.26044,11.68216],[76.25997,11.68269],[76.25902,11.6851],[76.25865,11.68584],[76.25809,11.68666],[76.25777,11.68701],[76.25675,11.68728],[76.25608,11.68701],[76.25583,11.68674],[76.25565,11.68612],[76.25565,11.68572],[76.25581,11.68518],[76.25626,11.68414],[76.25735,11.68219],[76.25951,11.68048],[76.26049,11.67992],[76.26071,11.67966],[76.26102,11.67909],[76.2612,11.67845],[76.26131,11.67717],[76.26099,11.67488],[76.2608,11.67449],[76.26048,11.67414],[76.26022,11.67404],[76.25923,11.67405],[76.25888,11.67414],[76.25834,11.67445],[76.25806,11.67471],[76.25742,11.67575],[76.25689,11.67695],[76.25657,11.67715],[76.2562,11.67706],[76.25604,11.67681],[76.25601,11.67576],[76.25616,11.67499],[76.25659,11.67406],[76.25698,11.6736],[76.25774,11.67304],[76.25846,11.67302],[76.25913,11.67283],[76.26134,11.67184],[76.26332,11.67112],[76.26429,11.6706],[76.26516,11.67],[76.26532,11.66999],[76.2655,11.66978],[76.2656,11.66918],[76.2655,11.66872],[76.26506,11.66788],[76.26499,11.66753],[76.26527,11.66715],[76.26578,11.66691],[76.26642,11.66695],[76.26658,11.66706],[76.26676,11.66733],[76.26678,11.6682],[76.2669,11.66845],[76.2673,11.66883],[76.26773,11.66898],[76.26826,11.66888],[76.26844,11.66876],[76.26867,11.66855],[76.26905,11.66779],[76.26938,11.66753],[76.26989,11.66751],[76.27053,11.66779],[76.27053,11.66809],[76.27005,11.66881],[76.27,11.66903],[76.27022,11.67012],[76.27177,11.67176],[76.27266,11.67227],[76.27309,11.67233],[76.27358,11.67227],[76.27458,11.67177],[76.27518,11.67163],[76.27626,11.67104],[76.27673,11.67066],[76.27698,11.66997],[76.27689,11.66749],[76.27698,11.66704],[76.27737,11.66615],[76.27731,11.66543],[76.27706,11.66512],[76.27672,11.66494],[76.27591,11.66485],[76.27499,11.66494],[76.27189,11.66587],[76.27102,11.66587],[76.27071,11.66577],[76.27028,11.66509],[76.27028,11.66482],[76.27053,11.66432],[76.27087,11.66401],[76.27146,11.66391],[76.27197,11.66414],[76.27253,11.66422],[76.2734,11.66398],[76.27519,11.66295],[76.27669,11.66257],[76.27699,11.66241],[76.27781,11.66182],[76.27956,11.66025],[76.28111,11.65941],[76.28194,11.65926],[76.28332,11.65926],[76.28404,11.6589],[76.28483,11.65806],[76.28554,11.6576],[76.2863,11.65676],[76.28698,11.65556],[76.28706,11.65521],[76.28698,11.65486],[76.28671,11.65456],[76.28597,11.65426],[76.28184,11.65421],[76.28121,11.65411],[76.27959,11.65446],[76.27821,11.65537],[76.27701,11.65677],[76.27658,11.65701],[76.27627,11.65705],[76.27544,11.65581],[76.27505,11.65555],[76.27448,11.65537],[76.27308,11.65546],[76.27231,11.65583],[76.27177,11.65629],[76.2714,11.65697],[76.27126,11.65795],[76.27096,11.65839],[76.27063,11.65854],[76.26958,11.65869],[76.26807,11.65922],[76.26711,11.65968],[76.26624,11.66037],[76.26437,11.6623],[76.26395,11.6625],[76.26333,11.66212],[76.26318,11.66197],[76.2632,11.66186],[76.26466,11.66066],[76.26554,11.65979],[76.26608,11.65878],[76.26632,11.65734],[76.26615,11.6567],[76.2655,11.6562],[76.26488,11.65607],[76.26376,11.6562],[76.26263,11.65662],[76.26156,11.65731],[76.26089,11.65806],[76.26025,11.65943],[76.25999,11.65979],[76.25863,11.66112],[76.2583,11.66133],[76.25747,11.66168],[76.2569,11.66175],[76.25623,11.66175],[76.25537,11.66149],[76.25449,11.66072],[76.25402,11.65952],[76.25327,11.65856],[76.2524,11.65805],[76.25175,11.65749],[76.25163,11.65723],[76.2517,11.65701],[76.25256,11.65711],[76.25343,11.65764],[76.25411,11.65768],[76.25459,11.65755],[76.25562,11.65699],[76.25679,11.65652],[76.25769,11.65677],[76.25871,11.65738],[76.2595,11.65747],[76.25979,11.6574],[76.26042,11.65694],[76.2607,11.65637],[76.2607,11.65545],[76.26042,11.65488],[76.25968,11.65432],[76.25907,11.65429],[76.25802,11.65469],[76.25771,11.65452],[76.25764,11.65432],[76.25769,11.65414],[76.25821,11.65384],[76.25996,11.65327],[76.26045,11.6532],[76.2616,11.65334],[76.26221,11.65362],[76.26304,11.65427],[76.26427,11.65467],[76.2653,11.6548],[76.26572,11.65474],[76.26682,11.65423],[76.2672,11.65415],[76.26752,11.65427],[76.26851,11.65528],[76.26878,11.65543],[76.26949,11.6555],[76.27046,11.65537],[76.27146,11.65485],[76.27304,11.65323],[76.27356,11.65248],[76.27356,11.65189],[76.27328,11.6512],[76.2731,11.651],[76.27266,11.65076],[76.27209,11.65069],[76.27129,11.65041],[76.27004,11.64973],[76.26941,11.64949],[76.26884,11.64951],[76.26794,11.64975],[76.26676,11.64992],[76.26434,11.65078],[76.26411,11.65065],[76.26416,11.6503],[76.26501,11.64945],[76.26523,11.64898],[76.26517,11.64831],[76.26479,11.64746],[76.26443,11.64699],[76.26408,11.64684],[76.26276,11.64641],[76.26187,11.64625],[76.26147,11.6463],[76.26118,11.64645],[76.25966,11.64743],[76.25948,11.64774],[76.25974,11.64842],[76.25951,11.64855],[76.25935,11.64855],[76.25817,11.64796],[76.25764,11.64796],[76.25701,11.64826],[76.25629,11.64894],[76.25524,11.65032],[76.25434,11.65112],[76.2542,11.65117],[76.25388,11.65104],[76.25372,11.6508],[76.25372,11.65043],[76.25472,11.64913],[76.2551,11.64888],[76.25555,11.64839],[76.25625,11.6474],[76.25646,11.64698],[76.25651,11.6463],[76.2564,11.64594],[76.256,11.64549],[76.25551,11.64525],[76.25475,11.64524],[76.25419,11.64538],[76.25359,11.64571],[76.25289,11.64636],[76.25236,11.64665],[76.25193,11.64662],[76.25149,11.64632],[76.25157,11.64441],[76.2517,11.64386],[76.25214,11.64323],[76.25273,11.64295],[76.25363,11.64314],[76.25483,11.64393],[76.25568,11.6438],[76.25657,11.64315],[76.25751,11.64164],[76.25742,11.6405],[76.25721,11.64009],[76.25679,11.63976],[76.25626,11.63963],[76.25594,11.63941],[76.25531,11.63845],[76.25467,11.63713],[76.25463,11.63685],[76.25478,11.63669],[76.25542,11.63648],[76.25505,11.63569],[76.25513,11.63554],[76.25546,11.6354],[76.25623,11.63534],[76.25719,11.63654],[76.25756,11.63722],[76.25793,11.63709],[76.25813,11.6369],[76.25843,11.63687],[76.25874,11.63714],[76.25881,11.63742],[76.25868,11.63797],[76.25876,11.63842],[76.25929,11.63967],[76.25937,11.64151],[76.25952,11.64248],[76.26053,11.6437],[76.26135,11.64431],[76.26293,11.64463],[76.26319,11.64457],[76.26371,11.6442],[76.26393,11.64363],[76.26408,11.64281],[76.26408,11.64156],[76.26446,11.63992],[76.26407,11.63914],[76.26296,11.63779],[76.26223,11.63606],[76.26168,11.6355],[76.26165,11.63481],[76.26183,11.63435],[76.26337,11.63353],[76.26372,11.6332],[76.2646,11.63331],[76.26523,11.63276],[76.26549,11.63272],[76.26572,11.63281],[76.26694,11.63371],[76.26735,11.63416],[76.26775,11.63511],[76.26865,11.63574],[76.26879,11.63616],[76.26879,11.63721],[76.26847,11.63808],[76.26806,11.63863],[76.26792,11.64028],[76.26759,11.6411],[76.26744,11.64129],[76.26637,11.64195],[76.26593,11.64265],[76.26563,11.64411],[76.26598,11.64536],[76.26654,11.64619],[76.26691,11.64649],[76.26739,11.64663],[76.26781,11.6466],[76.26805,11.64647],[76.26842,11.64604],[76.26923,11.64484],[76.2696,11.64473],[76.26979,11.64485],[76.26983,11.64506],[76.26962,11.6455],[76.2686,11.64669],[76.26859,11.64713],[76.26885,11.64743],[76.26931,11.64772],[76.26966,11.64776],[76.27006,11.64794],[76.27054,11.64796],[76.27083,11.64791],[76.27139,11.64761],[76.27181,11.64726],[76.27209,11.64676],[76.27264,11.64517],[76.27297,11.64511],[76.27313,11.64526],[76.27322,11.64555],[76.2733,11.6463],[76.27306,11.64671],[76.27203,11.64781],[76.27166,11.64864],[76.27174,11.64897],[76.272,11.64912],[76.27299,11.64938],[76.27356,11.64967],[76.27415,11.65023],[76.27507,11.65063],[76.27559,11.65052],[76.2768,11.64962],[76.27702,11.64966],[76.27714,11.64991],[76.2762,11.65146],[76.2762,11.65181],[76.27642,11.65252],[76.27745,11.65316],[76.2783,11.65296],[76.27879,11.6527],[76.27935,11.6522],[76.27958,11.65169],[76.27937,11.65061],[76.27942,11.65017],[76.27955,11.64997],[76.28059,11.64951],[76.28098,11.64971],[76.28099,11.65114],[76.28107,11.65134],[76.28156,11.65178],[76.28194,11.65189],[76.28249,11.65187],[76.2837,11.65109],[76.28447,11.65086],[76.28586,11.65116],[76.28696,11.65119],[76.2876,11.65147],[76.28803,11.65193],[76.28842,11.65207],[76.2888,11.65171],[76.28904,11.65106],[76.28932,11.65066],[76.28958,11.65062],[76.29001,11.65076],[76.29003,11.65169],[76.29037,11.65189],[76.29073,11.65187],[76.2911,11.65165],[76.29176,11.65103],[76.29221,11.65027],[76.29322,11.64926],[76.29322,11.64896],[76.29295,11.64845],[76.29306,11.64796],[76.29333,11.64782],[76.29362,11.64796],[76.29439,11.64885],[76.29477,11.64892],[76.29621,11.64806],[76.29665,11.64774],[76.29684,11.64747],[76.29742,11.64716],[76.29842,11.64742],[76.29884,11.64742],[76.29965,11.64724],[76.30009,11.64702],[76.30113,11.6461],[76.30132,11.64603],[76.30215,11.64589],[76.304,11.64537],[76.30537,11.64532],[76.30604,11.64477],[76.30655,11.64406],[76.30669,11.64359],[76.30669,11.64287],[76.30656,11.64261],[76.30634,11.64243],[76.30569,11.64223],[76.30541,11.6423],[76.30481,11.64279],[76.30439,11.64294],[76.30399,11.64294],[76.30355,11.64281],[76.30307,11.6425],[76.30307,11.64212],[76.30342,11.64168],[76.3038,11.64096],[76.30413,11.63996],[76.30406,11.6393],[76.30338,11.6388],[76.3026,11.63851],[76.30082,11.63863],[76.29795,11.63777],[76.29621,11.63773],[76.29591,11.63781],[76.29541,11.6385],[76.29514,11.6395],[76.29536,11.63991],[76.29638,11.64081],[76.29694,11.64145],[76.297,11.64164],[76.29704,11.64286],[76.29665,11.64418],[76.2963,11.6447],[76.29567,11.64491],[76.29562,11.64477],[76.29581,11.64377],[76.29578,11.64314],[76.29541,11.64239],[76.29504,11.64197],[76.29472,11.64171],[76.29413,11.64143],[76.29333,11.64139],[76.29266,11.64162],[76.29173,11.64218],[76.29131,11.64255],[76.28923,11.64512],[76.28835,11.64645],[76.28806,11.64664],[76.28736,11.6469],[76.28573,11.64701],[76.28533,11.64699],[76.28475,11.6468],[76.28412,11.6468],[76.28314,11.64804],[76.28237,11.64839],[76.28211,11.64827],[76.28197,11.6479],[76.28204,11.64767],[76.28309,11.64624],[76.2833,11.64554],[76.28321,11.64517],[76.28249,11.64442],[76.28152,11.64384],[76.28078,11.64391],[76.28022,11.64412],[76.27914,11.64475],[76.27875,11.64517],[76.27784,11.6458],[76.27737,11.64639],[76.27709,11.64739],[76.27682,11.64746],[76.27637,11.64725],[76.27602,11.64694],[76.27588,11.64666],[76.27605,11.64631],[76.27716,11.64515],[76.27773,11.64438],[76.27801,11.64335],[76.27777,11.64235],[76.27749,11.64204],[76.277,11.64186],[76.27672,11.6419],[76.27583,11.64228],[76.27513,11.64288],[76.27447,11.64382],[76.27422,11.64405],[76.27393,11.64411],[76.27372,11.64406],[76.27364,11.64371],[76.27401,11.64253],[76.27374,11.64202],[76.27312,11.6416],[76.27287,11.64151],[76.27245,11.64158],[76.27169,11.64235],[76.27123,11.6426],[76.271,11.6426],[76.27066,11.64235],[76.27053,11.64211],[76.27056,11.64186],[76.27106,11.64093],[76.27168,11.6404],[76.27322,11.63953],[76.27348,11.63933],[76.27363,11.63898],[76.27345,11.63857],[76.27282,11.63815],[76.27087,11.6374],[76.27052,11.63724],[76.27021,11.63696],[76.27014,11.63642],[76.27079,11.63567],[76.27133,11.63535],[76.27184,11.63528],[76.27219,11.63542],[76.27306,11.63616],[76.27378,11.63654],[76.2742,11.63665],[76.27575,11.63685],[76.27734,11.63688],[76.27771,11.63698],[76.2782,11.63732],[76.27827,11.63747],[76.27856,11.63915],[76.27882,11.63978],[76.27985,11.64116],[76.28181,11.64204],[76.28352,11.64239],[76.28617,11.64227],[76.28696,11.64209],[76.28789,11.64173],[76.28814,11.6415],[76.28858,11.64081],[76.28909,11.63968],[76.28947,11.6393],[76.2899,11.63925],[76.29076,11.63942],[76.29182,11.63894],[76.29256,11.63845],[76.29292,11.63796],[76.29366,11.63618],[76.29369,11.63509],[76.2934,11.63398],[76.29282,11.63301],[76.29242,11.63272],[76.29211,11.6327],[76.2917,11.63287],[76.29037,11.63383],[76.28942,11.63491],[76.28922,11.63502],[76.28886,11.63499],[76.28873,11.63476],[76.28873,11.63443],[76.28914,11.63377],[76.29061,11.63254],[76.29098,11.63205],[76.29105,11.63181],[76.29105,11.63103],[76.29086,11.6308],[76.29023,11.63051],[76.28954,11.63042],[76.28822,11.63107],[76.28736,11.63182],[76.28708,11.6321],[76.28619,11.6335],[76.28608,11.63401],[76.28643,11.63502],[76.28654,11.63602],[76.28624,11.63693],[76.28569,11.63743],[76.28487,11.63789],[76.28418,11.63844],[76.28331,11.63881],[76.28256,11.63893],[76.28161,11.6389],[76.28074,11.63865],[76.28019,11.63818],[76.27984,11.63744],[76.27997,11.63667],[76.28111,11.63577],[76.28161,11.63565],[76.28173,11.63537],[76.2817,11.63518],[76.28121,11.63456],[76.2806,11.63428],[76.27965,11.63428],[76.27919,11.63414],[76.27896,11.63386],[76.27892,11.63345],[76.27969,11.63286],[76.28085,11.63227],[76.2816,11.63196],[76.28365,11.63136],[76.28414,11.63115],[76.28477,11.63066],[76.28513,11.63011],[76.28527,11.62962],[76.28517,11.62868],[76.28488,11.62808],[76.28416,11.62758],[76.28355,11.62752],[76.28278,11.62765],[76.28181,11.62808],[76.28011,11.62985],[76.27958,11.63134],[76.27885,11.63233],[76.27798,11.63254],[76.27743,11.63283],[76.27705,11.63271],[76.27692,11.63252],[76.2771,11.6316],[76.277,11.6312],[76.27631,11.62986],[76.27598,11.62948],[76.27555,11.62956],[76.27538,11.62979],[76.27492,11.63005],[76.27461,11.63007],[76.27367,11.6294],[76.27308,11.6288],[76.27302,11.62859],[76.27308,11.62817],[76.27375,11.62782],[76.27388,11.62716],[76.27433,11.62665],[76.27528,11.62646],[76.27619,11.62603],[76.27631,11.62562],[76.27628,11.62515],[76.27614,11.6248],[76.2757,11.62445],[76.27502,11.62457],[76.27477,11.62518],[76.27458,11.6254],[76.27391,11.6257],[76.27344,11.62572],[76.27315,11.62544],[76.27311,11.62469],[76.27301,11.62458],[76.27242,11.62452],[76.27216,11.62466],[76.27191,11.62461],[76.27127,11.62421],[76.27093,11.62375],[76.27104,11.62348],[76.2718,11.62276],[76.27218,11.6216],[76.27216,11.62136],[76.27203,11.62121],[76.27174,11.62116],[76.27152,11.62123],[76.27019,11.62187],[76.26928,11.62248],[76.2689,11.62234],[76.26877,11.62217],[76.26875,11.62161],[76.26886,11.62125],[76.26943,11.62068],[76.26955,11.62035],[76.26946,11.61995],[76.26925,11.61976],[76.26869,11.61976],[76.26837,11.61991],[76.26796,11.6198],[76.26745,11.6192],[76.26731,11.61794],[76.26701,11.61777],[76.26641,11.61773],[76.26619,11.61761],[76.26593,11.61723],[76.26593,11.61698],[76.26624,11.61655],[76.2662,11.61621],[76.26608,11.61606],[76.2657,11.61582],[76.26544,11.61582],[76.26443,11.61622],[76.26418,11.61609],[76.26385,11.61528],[76.26367,11.61412],[76.26373,11.61386],[76.26408,11.61359],[76.26416,11.61331],[76.26366,11.61253],[76.26368,11.61241],[76.26383,11.61222],[76.26417,11.61217],[76.26557,11.61291],[76.26593,11.61323],[76.26623,11.61326],[76.26634,11.61313],[76.26643,11.61245],[76.26617,11.6116],[76.26601,11.61141],[76.26585,11.61137],[76.26482,11.61171],[76.26414,11.61173],[76.26383,11.61167],[76.26355,11.61145],[76.26331,11.61092],[76.26333,11.61057],[76.26352,11.6104],[76.26378,11.61035],[76.2648,11.61047],[76.26495,11.61039],[76.26496,11.61007],[76.26402,11.60915],[76.26305,11.60839],[76.26275,11.60832],[76.26214,11.60902],[76.26189,11.60915],[76.26122,11.6092],[76.26054,11.60966],[76.26002,11.60961],[76.25984,11.60935],[76.25999,11.609],[76.26096,11.6088],[76.26138,11.6086],[76.26199,11.60812],[76.26218,11.6074],[76.26203,11.60699],[76.26174,11.60657],[76.26124,11.60611],[76.2604,11.60567],[76.25964,11.60558],[76.25893,11.60611],[76.25847,11.60605],[76.25845,11.60574],[76.25856,11.60553],[76.25927,11.60498],[76.25929,11.60479],[76.25777,11.60367],[76.25801,11.60329],[76.25845,11.60325],[76.25957,11.60398],[76.26019,11.60418],[76.26098,11.60473],[76.26179,11.60563],[76.26212,11.60578],[76.26312,11.60655],[76.26487,11.60847],[76.26553,11.60884],[76.26597,11.6093],[76.26608,11.60952],[76.26656,11.60998],[76.26688,11.61053],[76.26743,11.61105],[76.26875,11.61274],[76.26953,11.61333],[76.27006,11.61385],[76.2703,11.61423],[76.27185,11.61571],[76.27354,11.61705],[76.27492,11.61848],[76.27671,11.61994],[76.27727,11.62057],[76.27763,11.62072],[76.27807,11.62109],[76.27841,11.62162],[76.27857,11.62302],[76.27855,11.62513],[76.27876,11.62551],[76.27892,11.6256],[76.27931,11.62558],[76.27997,11.62538],[76.28076,11.62536],[76.2817,11.62514],[76.28227,11.62512],[76.2826,11.62492],[76.28374,11.62499],[76.28452,11.62446],[76.2847,11.62421],[76.28474,11.62348],[76.28465,11.62313],[76.28443,11.62289],[76.28389,11.62273],[76.28244,11.62096],[76.28185,11.62041],[76.28144,11.6202],[76.28107,11.62015],[76.27984,11.62041],[76.27923,11.61987],[76.27921,11.61961],[76.27938,11.61897],[76.27936,11.61755],[76.27888,11.61661],[76.2785,11.61619],[76.27785,11.61578],[76.27621,11.61523],[76.27579,11.61499],[76.27566,11.61442],[76.27573,11.6128],[76.27553,11.61166],[76.27535,11.61131],[76.27477,11.61096],[76.27396,11.61096],[76.27345,11.61114],[76.27222,11.61204],[76.27137,11.61239],[76.27065,11.61248],[76.27045,11.61224],[76.27058,11.61191],[76.27078,11.61175],[76.27117,11.61167],[76.27159,11.61145],[76.27235,11.61096],[76.2728,11.61053],[76.2728,11.61026],[76.27183,11.60932],[76.27096,11.6088],[76.27074,11.60856],[76.27028,11.60788],[76.27021,11.60731],[76.26986,11.6069],[76.26831,11.60633],[76.26711,11.60613],[76.26706,11.60585],[76.26736,11.60565],[76.26934,11.60578],[76.27076,11.60539],[76.271,11.60545],[76.27168,11.606],[76.27235,11.60624],[76.27262,11.60644],[76.27297,11.607],[76.27334,11.60821],[76.27417,11.60886],[76.27527,11.60917],[76.27634,11.6092],[76.27695,11.60905],[76.27814,11.60827],[76.27853,11.60772],[76.27863,11.60702],[76.27841,11.60664],[76.27795,11.60624],[76.27693,11.60593],[76.27692,11.60562],[76.27714,11.60543],[76.27802,11.60565],[76.27858,11.6056],[76.27891,11.60529],[76.27904,11.60499],[76.27904,11.60441],[76.27885,11.60342],[76.27816,11.60159],[76.27744,11.60046],[76.27651,11.59985],[76.27583,11.59987],[76.27479,11.6002],[76.27441,11.60053],[76.27399,11.60127],[76.27382,11.60131],[76.27318,11.60103],[76.27249,11.59996],[76.272,11.5998],[76.27117,11.59982],[76.27019,11.60011],[76.26951,11.60055],[76.26803,11.60212],[76.26625,11.60339],[76.26534,11.60364],[76.26481,11.60364],[76.26443,11.60342],[76.26398,11.60265],[76.26387,11.60202],[76.26395,11.60156],[76.26428,11.60123],[76.26453,11.60119],[76.26579,11.60178],[76.26673,11.60182],[76.26752,11.60156],[76.26802,11.60127],[76.26965,11.59922],[76.26982,11.59887],[76.26975,11.5981],[76.26953,11.59786],[76.26866,11.59749],[76.26691,11.59731],[76.26625,11.59744],[76.26559,11.59775],[76.26418,11.59882],[76.2637,11.59876],[76.2635,11.59852],[76.26455,11.59691],[76.26453,11.59658],[76.26426,11.59587],[76.26371,11.59507],[76.26269,11.59419],[76.26212,11.59413],[76.26154,11.59421],[76.26093,11.59448],[76.25983,11.59569],[76.26002,11.59602],[76.26035,11.5962],[76.26096,11.5968],[76.26151,11.59818],[76.26171,11.59836],[76.26199,11.59894],[76.26204,11.59944],[76.26187,11.59998],[76.26139,11.60038],[76.26087,11.60026],[76.26028,11.59959],[76.26013,11.59916],[76.26005,11.598],[76.25989,11.59781],[76.25967,11.59781],[76.25914,11.59808],[76.2589,11.59798],[76.25752,11.59649],[76.25652,11.59613],[76.25588,11.59574],[76.25565,11.59542],[76.25566,11.59496],[76.25575,11.59485],[76.25665,11.59472],[76.25846,11.59477],[76.25905,11.59447],[76.25958,11.59278],[76.25956,11.59237],[76.25931,11.592],[76.25905,11.59179],[76.25849,11.59157],[76.25786,11.59143],[76.25659,11.59138],[76.25648,11.59094],[76.25691,11.59063],[76.25737,11.59052],[76.25802,11.59019],[76.25901,11.58952],[76.25958,11.58899],[76.25962,11.58878],[76.25933,11.58827],[76.25907,11.58815],[76.25861,11.58815],[76.25762,11.58888],[76.25637,11.59024],[76.25595,11.59026],[76.25585,11.59017],[76.25584,11.58968],[76.25603,11.58887],[76.25646,11.58787],[76.25703,11.58743],[76.25709,11.58684],[76.25642,11.58601],[76.25535,11.58565],[76.2544,11.58583],[76.25395,11.5862],[76.25252,11.58796],[76.25244,11.58817],[76.25232,11.58885],[76.2525,11.59049],[76.25305,11.59163],[76.25358,11.5922],[76.25362,11.59269],[76.25341,11.59366],[76.25335,11.5945],[76.25312,11.59466],[76.25282,11.59455],[76.25272,11.59443],[76.25232,11.59293],[76.25208,11.59158],[76.25186,11.59097],[76.2515,11.59039],[76.25124,11.5902],[76.25096,11.59024],[76.25035,11.59111],[76.24989,11.59119],[76.24954,11.59044],[76.24896,11.5899],[76.24837,11.5898],[76.24728,11.5898],[76.24702,11.58967],[76.24704,11.58949],[76.24722,11.58927],[76.24805,11.58891],[76.24916,11.589],[76.25031,11.5889],[76.25084,11.58878],[76.25121,11.58861],[76.25143,11.58839],[76.25184,11.58774],[76.25237,11.5863],[76.25306,11.58516],[76.25335,11.58435],[76.2534,11.58374],[76.25333,11.58319],[76.25301,11.5825],[76.25235,11.58194],[76.25104,11.58156],[76.25069,11.58114],[76.25024,11.58005],[76.25008,11.5799],[76.24989,11.57985],[76.24943,11.57995],[76.24792,11.58168],[76.24765,11.58186],[76.24714,11.58257],[76.24691,11.58267],[76.24661,11.58248],[76.24665,11.5821],[76.24655,11.58189],[76.24633,11.58178],[76.24575,11.58174],[76.24476,11.58275],[76.24473,11.58313],[76.24496,11.58365],[76.24495,11.58389],[76.2442,11.58514],[76.24408,11.5857],[76.24437,11.58624],[76.24519,11.58665],[76.24558,11.58695],[76.24555,11.5873],[76.24507,11.58746],[76.24379,11.58681],[76.24293,11.58663],[76.24284,11.58636],[76.24351,11.58554],[76.24366,11.58514],[76.2439,11.58369],[76.24449,11.58224],[76.24534,11.58124],[76.24566,11.58124],[76.24663,11.58158],[76.24689,11.58157],[76.24722,11.58134],[76.2479,11.58057],[76.24804,11.57988],[76.24798,11.57946],[76.24783,11.57919],[76.24757,11.57907],[76.24594,11.57923],[76.2452,11.57889],[76.24488,11.57855],[76.24442,11.57833],[76.24337,11.57827],[76.24257,11.5786],[76.24229,11.57853],[76.24217,11.57838],[76.24247,11.57789],[76.24249,11.57713],[76.24198,11.57578],[76.24166,11.57539],[76.24134,11.57514],[76.24049,11.57497],[76.24005,11.57478],[76.23956,11.57428],[76.23922,11.57409],[76.23829,11.57369],[76.23724,11.57338],[76.23697,11.57342],[76.23663,11.57371],[76.23586,11.57565],[76.23576,11.57635],[76.23597,11.57705],[76.23603,11.57797],[76.23595,11.57819],[76.23496,11.57898],[76.23474,11.57941],[76.23465,11.57989],[76.23473,11.58022],[76.23592,11.58214],[76.23672,11.58263],[76.23692,11.58287],[76.23693,11.58331],[76.23663,11.58408],[76.23582,11.58483],[76.23475,11.58516],[76.23449,11.58534],[76.23431,11.58583],[76.23434,11.58621],[76.23453,11.58651],[76.23505,11.58678],[76.23522,11.58723],[76.23492,11.58765],[76.23498,11.58794],[76.23605,11.58899],[76.23608,11.58948],[76.23592,11.58967],[76.23554,11.58941],[76.23503,11.58954],[76.23445,11.59006],[76.23396,11.59067],[76.23354,11.59099],[76.23335,11.59134],[76.23337,11.59158],[76.23407,11.5921],[76.23447,11.59292],[76.2352,11.59328],[76.23528,11.59348],[76.23449,11.59383],[76.2339,11.59427],[76.23323,11.59541],[76.23315,11.59573],[76.23399,11.59622],[76.23402,11.5964],[76.23384,11.59689],[76.2337,11.59697],[76.23328,11.59691],[76.23281,11.59658],[76.23242,11.59654],[76.23214,11.59693],[76.23212,11.59717],[76.23222,11.59766],[76.23242,11.59796],[76.23307,11.59873],[76.23382,11.5994],[76.23486,11.59946],[76.23558,11.59984],[76.23607,11.59966],[76.23643,11.59964],[76.23734,11.60015],[76.23824,11.59998],[76.23854,11.59972],[76.23879,11.59967],[76.23909,11.59967],[76.23941,11.59994],[76.23975,11.59996],[76.24184,11.59954],[76.24271,11.60004],[76.24327,11.60002],[76.2436,11.60038],[76.24441,11.60081],[76.2446,11.60129],[76.24458,11.60172],[76.24419,11.60176],[76.24368,11.60207],[76.24336,11.60213],[76.24317,11.60211],[76.24285,11.60187],[76.24196,11.60172],[76.24146,11.6012],[76.24103,11.60093],[76.23978,11.60091],[76.23914,11.60122],[76.23896,11.6014],[76.2388,11.60166],[76.2386,11.60243],[76.2386,11.60326],[76.23849,11.60353],[76.23852,11.6043],[76.23908,11.60515],[76.24084,11.60577],[76.24135,11.60639],[76.24172,11.60653],[76.2435,11.60671],[76.24478,11.60657],[76.24508,11.60679],[76.24504,11.60705],[76.24453,11.60735],[76.2422,11.60752],[76.24129,11.60788],[76.24078,11.60849],[76.24066,11.60885],[76.24072,11.61015],[76.24089,11.61092],[76.24097,11.61118],[76.24166,11.61217],[76.2416,11.61249],[76.24136,11.61266],[76.2406,11.61283],[76.24026,11.61349],[76.24024,11.61402],[76.24043,11.61452],[76.24137,11.61566],[76.24152,11.61598],[76.24146,11.61618],[76.24095,11.61637],[76.24066,11.61677],[76.24083,11.61791],[76.24126,11.61842],[76.24124,11.61882],[76.24107,11.61891],[76.24092,11.61886],[76.24066,11.61852],[76.24028,11.61827],[76.23966,11.61814],[76.2396,11.61791],[76.23997,11.6174],[76.23992,11.61597],[76.23976,11.61579],[76.23922,11.6157],[76.23905,11.61547],[76.23911,11.61506],[76.23933,11.61454],[76.23978,11.61377],[76.23984,11.61329],[76.23969,11.61254],[76.23984,11.61122],[76.23984,11.60883],[76.23969,11.6075],[76.23952,11.60701],[76.23841,11.60529],[76.23805,11.60449],[76.23794,11.60355],[76.23797,11.60156],[76.23787,11.6013],[76.2373,11.60073],[76.23627,11.60054],[76.23582,11.60058],[76.23571,11.60069],[76.23568,11.601],[76.23543,11.60121],[76.23525,11.60109],[76.23524,11.60089],[76.23495,11.60041],[76.23441,11.60005],[76.23415,11.59998],[76.23307,11.60002],[76.23287,11.60009],[76.23222,11.60088],[76.23141,11.60154],[76.23082,11.60239],[76.23034,11.60397],[76.23046,11.60521],[76.23011,11.60543],[76.22937,11.60499],[76.22887,11.60485],[76.22861,11.60523],[76.22854,11.60578],[76.2289,11.60717],[76.22968,11.60805],[76.23054,11.60859],[76.23145,11.60888],[76.23239,11.60897],[76.23275,11.60919],[76.23308,11.60966],[76.23308,11.61061],[76.23337,11.6113],[76.23429,11.61204],[76.23522,11.61232],[76.23544,11.61258],[76.2355,11.61365],[76.23574,11.61429],[76.23569,11.61444],[76.23503,11.61479],[76.23439,11.61484],[76.2342,11.61468],[76.23382,11.61389],[76.23339,11.61327],[76.23299,11.61235],[76.23203,11.61078],[76.23111,11.60992],[76.23071,11.60983],[76.22997,11.60928],[76.22926,11.6084],[76.22849,11.60813],[76.22813,11.60831],[76.22681,11.60983],[76.22619,11.61124],[76.22633,11.61192],[76.22652,11.61225],[76.22752,11.61308],[76.22758,11.61327],[76.22752,11.61414],[76.22804,11.61537],[76.22788,11.6155],[76.22769,11.6155],[76.22712,11.61506],[76.22662,11.61449],[76.22576,11.61323],[76.22527,11.61292],[76.22493,11.61292],[76.22441,11.61349],[76.22405,11.61449],[76.22405,11.61541],[76.22448,11.61725],[76.22518,11.6178],[76.22629,11.61799],[76.2266,11.6181],[76.22694,11.6184],[76.2269,11.61859],[76.22654,11.61878],[76.22567,11.61848],[76.22522,11.61822],[76.22474,11.61812],[76.22437,11.61817],[76.22403,11.61845],[76.22398,11.61926],[76.22405,11.61981],[76.22422,11.62019],[76.22443,11.62047],[76.22493,11.62081],[76.22567,11.621],[76.22588,11.62117],[76.22593,11.62142],[76.22579,11.62149],[76.2246,11.62123],[76.22434,11.62139],[76.22423,11.62161],[76.22425,11.6227],[76.2241,11.62323],[76.22343,11.62332],[76.22315,11.62308],[76.22294,11.62277],[76.22292,11.62218],[76.2227,11.6215],[76.22243,11.62121],[76.22198,11.62097],[76.2207,11.62138],[76.21987,11.62204],[76.21954,11.62276],[76.21928,11.62289],[76.21831,11.62265],[76.21807,11.62179],[76.21855,11.62107],[76.21907,11.62089],[76.22032,11.62074],[76.22094,11.62043],[76.22222,11.6195],[76.22279,11.61929],[76.22315,11.61893],[76.2232,11.61843],[76.22295,11.61808],[76.22295,11.61711],[76.22315,11.61682],[76.22324,11.61636],[76.22318,11.6156],[76.22298,11.61496],[76.22295,11.61393],[76.22332,11.61333],[76.22382,11.61295],[76.22444,11.61191],[76.22597,11.60985],[76.22646,11.60879],[76.22656,11.60834],[76.22652,11.60811],[76.22624,11.60796],[76.2258,11.60794],[76.22471,11.60815],[76.22389,11.60866],[76.22333,11.60928],[76.22295,11.60947],[76.22276,11.60934],[76.2227,11.60896],[76.2232,11.60818],[76.22346,11.60748],[76.22346,11.60716],[76.22367,11.60691],[76.22554,11.60706],[76.22655,11.60683],[76.22684,11.60667],[76.22725,11.60632],[76.22744,11.60527],[76.22776,11.60454],[76.22839,11.60454],[76.22871,11.60437],[76.22922,11.60384],[76.22962,11.60286],[76.22957,11.60233],[76.22991,11.60198],[76.2306,11.60168],[76.23114,11.60108],[76.23149,11.60049],[76.23197,11.59906],[76.23206,11.59862],[76.23198,11.5983],[76.23176,11.59806],[76.23136,11.59714],[76.23092,11.59697],[76.23085,11.59676],[76.23111,11.59646],[76.2313,11.59576],[76.23155,11.59552],[76.23187,11.59548],[76.23236,11.59521],[76.23306,11.59438],[76.23321,11.59404],[76.23325,11.59302],[76.23312,11.59257],[76.2328,11.59216],[76.23231,11.59081],[76.23238,11.59064],[76.23265,11.59044],[76.23329,11.59033],[76.23386,11.5901],[76.23417,11.58955],[76.23431,11.58827],[76.23419,11.58804],[76.23368,11.58763],[76.23351,11.58726],[76.23341,11.58671],[76.23344,11.58567],[76.23366,11.58532],[76.23441,11.58466],[76.23459,11.58436],[76.23445,11.5834],[76.23402,11.58297],[76.23335,11.58268],[76.23268,11.58278],[76.23225,11.58326],[76.23201,11.58321],[76.23148,11.58278],[76.23138,11.58206],[76.23169,11.58112],[76.23225,11.58084],[76.2336,11.57986],[76.23389,11.57951],[76.23446,11.57845],[76.23448,11.57795],[76.23435,11.57764],[76.2336,11.57678],[76.23285,11.57692],[76.23276,11.57673],[76.23341,11.57602],[76.23402,11.57489],[76.23437,11.57349],[76.2346,11.57295],[76.23465,11.57214],[76.23408,11.5716],[76.23335,11.57152],[76.23243,11.57177],[76.229,11.57309],[76.22865,11.57346],[76.22803,11.57662],[76.22792,11.57684],[76.22771,11.57699],[76.22751,11.57695],[76.22736,11.57667],[76.22739,11.57578],[76.22811,11.57419],[76.22811,11.5737],[76.22784,11.57295],[76.22744,11.57262],[76.22641,11.57254],[76.22585,11.57265],[76.22511,11.57322],[76.22439,11.57481],[76.22421,11.57496],[76.22395,11.57492],[76.22372,11.57465],[76.2238,11.5743],[76.22402,11.57375],[76.2246,11.57281],[76.22477,11.57225],[76.22485,11.57119],[76.22471,11.57076],[76.22463,11.57057],[76.22388,11.5699],[76.22242,11.56945],[76.22195,11.56914],[76.22168,11.56878],[76.22187,11.56833],[76.22214,11.56818],[76.22279,11.56861],[76.22399,11.56882],[76.22424,11.56943],[76.22523,11.57049],[76.22595,11.57176],[76.22674,11.57203],[76.22741,11.572],[76.22805,11.5715],[76.22839,11.57136],[76.2289,11.57132],[76.2296,11.57149],[76.23033,11.57149],[76.2317,11.57087],[76.23208,11.57046],[76.2326,11.56957],[76.23267,11.5689],[76.23265,11.56836],[76.23241,11.56787],[76.232,11.56739],[76.23168,11.56718],[76.23131,11.56711],[76.22964,11.56713],[76.22911,11.56745],[76.22871,11.56811],[76.2282,11.56817],[76.22752,11.56712],[76.22721,11.56683],[76.22575,11.56635],[76.22559,11.56586],[76.22587,11.56563],[76.22681,11.56577],[76.22806,11.5662],[76.22919,11.56628],[76.22974,11.56617],[76.22997,11.56585],[76.23011,11.56543],[76.2303,11.56524],[76.23065,11.56581],[76.23119,11.56619],[76.23158,11.56637],[76.23209,11.56646],[76.23344,11.56722],[76.23387,11.56722],[76.23417,11.56702],[76.23436,11.56671],[76.2344,11.56624],[76.23436,11.56514],[76.23376,11.56401],[76.23325,11.56335],[76.23295,11.5632],[76.23193,11.56286],[76.23077,11.56274],[76.23047,11.56252],[76.23009,11.56197],[76.23004,11.56172],[76.23038,11.56153],[76.23064,11.56161],[76.23123,11.56236],[76.23141,11.56243],[76.23187,11.56234],[76.23282,11.56249],[76.23365,11.56313],[76.23418,11.56337],[76.23479,11.56346],[76.23537,11.56342],[76.23576,11.56331],[76.23636,11.56289],[76.23658,11.56282],[76.23685,11.56295],[76.23707,11.56276],[76.23711,11.56051],[76.23719,11.56008],[76.23706,11.55973],[76.23684,11.55947],[76.23657,11.5594],[76.23532,11.55831],[76.23507,11.55823],[76.23397,11.55825],[76.23399,11.55742],[76.2336,11.5567],[76.2332,11.55628],[76.23247,11.55586],[76.23245,11.55545],[76.23284,11.55509],[76.23374,11.55545],[76.23393,11.55562],[76.23399,11.55635],[76.23421,11.55667],[76.235,11.55738],[76.23542,11.55759],[76.2363,11.55748],[76.23692,11.55855],[76.23819,11.55964],[76.23837,11.56],[76.23826,11.56005],[76.23802,11.56097],[76.2374,11.56174],[76.23707,11.56411],[76.23669,11.56465],[76.23645,11.56534],[76.23575,11.56595],[76.23582,11.56634],[76.23544,11.56687],[76.23482,11.5671],[76.23434,11.56794],[76.23411,11.56794],[76.23388,11.56817],[76.23396,11.56848],[76.23426,11.56871],[76.23465,11.56994],[76.23487,11.57016],[76.2351,11.57086],[76.23534,11.57109],[76.23557,11.57109],[76.2365,11.57148],[76.23704,11.57224],[76.23781,11.57278],[76.23827,11.57294],[76.23873,11.5734],[76.23982,11.57355],[76.24004,11.57424],[76.24028,11.57447],[76.24075,11.57432],[76.2416,11.57448],[76.24175,11.57463],[76.24174,11.57509],[76.24191,11.57532],[76.24268,11.57555],[76.24329,11.57617],[76.24399,11.57632],[76.24429,11.57663],[76.24538,11.57693],[76.24577,11.57747],[76.24654,11.57793],[76.247,11.57809],[76.24747,11.57801],[76.24855,11.5787],[76.25002,11.57886],[76.25021,11.57929],[76.25045,11.57952],[76.25104,11.58104],[76.25159,11.58141],[76.25259,11.58139],[76.254,11.58301],[76.25412,11.58365],[76.2546,11.58403],[76.25562,11.58447],[76.25721,11.58627],[76.25776,11.58664],[76.25916,11.58692],[76.25957,11.58737],[76.26035,11.58789],[76.26066,11.58788],[76.26129,11.58825],[76.26176,11.58825],[76.26199,11.58839],[76.26208,11.58862],[76.26193,11.58908],[76.26217,11.58939],[76.26248,11.58953],[76.26396,11.58943],[76.2649,11.58971],[76.26537,11.59031],[76.26563,11.59146],[76.26575,11.59276],[76.2659,11.59291],[76.2674,11.59303],[76.26864,11.59497],[76.26896,11.59523],[76.27003,11.59559],[76.27065,11.59613],[76.27169,11.59683],[76.27284,11.59689],[76.27368,11.59675],[76.27388,11.59647],[76.27396,11.59553],[76.2741,11.59516],[76.27469,11.59488],[76.27525,11.59488],[76.27559,11.59524],[76.2757,11.5963],[76.27581,11.59665],[76.27618,11.59718],[76.27699,11.5977],[76.27756,11.59781],[76.27784,11.59777],[76.27834,11.59829],[76.27837,11.59855],[76.27941,11.59983],[76.2798,11.59982],[76.28106,11.59824],[76.28117,11.59851],[76.28153,11.59869],[76.28145,11.59882],[76.28087,11.59878],[76.28071,11.59889],[76.28044,11.59938],[76.28058,11.59991],[76.28054,11.60016],[76.28003,11.60053],[76.27982,11.6009],[76.27931,11.60093],[76.27908,11.60118],[76.27928,11.60149],[76.27914,11.60175],[76.27917,11.60203],[76.27958,11.60228],[76.27965,11.60245],[76.27959,11.60272],[76.27982,11.60287],[76.27982,11.60318],[76.27954,11.6038],[76.27963,11.60391],[76.27994,11.60397],[76.27988,11.60431],[76.28024,11.6044],[76.28008,11.60472],[76.28033,11.60518],[76.2801,11.60536],[76.28008,11.60555],[76.28049,11.60605],[76.28073,11.6062],[76.28068,11.60636],[76.28015,11.60691],[76.28026,11.60826],[76.28067,11.60841],[76.28024,11.60911],[76.28056,11.6094],[76.28056,11.60952],[76.2803,11.6098],[76.28063,11.61046],[76.28033,11.61067],[76.2803,11.61085],[76.28069,11.61137],[76.2812,11.61141],[76.28141,11.61166],[76.28096,11.6119],[76.28085,11.6121],[76.28084,11.61327],[76.28004,11.61348],[76.27977,11.61382],[76.27974,11.61505],[76.27988,11.61545],[76.27994,11.61627],[76.28052,11.61726],[76.28107,11.61735],[76.28116,11.61778],[76.28148,11.61823],[76.28134,11.61904],[76.28158,11.6192],[76.28181,11.61977],[76.28204,11.61984],[76.28226,11.62005],[76.28239,11.62004],[76.28267,11.61963],[76.28289,11.61955],[76.28318,11.62008],[76.28375,11.62056],[76.28391,11.6209],[76.2843,11.62093],[76.28486,11.62137],[76.285,11.62137],[76.28503,11.62122],[76.28477,11.62093],[76.28483,11.62085],[76.28539,11.62126],[76.28574,11.62116],[76.28623,11.62143],[76.28648,11.62125],[76.28652,11.62098],[76.28662,11.62089],[76.28689,11.6212],[76.28724,11.62129],[76.28718,11.62161],[76.28754,11.62205],[76.28809,11.6221],[76.28796,11.62264],[76.28812,11.62285],[76.28819,11.62344],[76.2887,11.62418],[76.2892,11.62454],[76.28931,11.62487],[76.28914,11.625],[76.28913,11.62513],[76.28936,11.62553],[76.28964,11.62574],[76.29008,11.62642],[76.2907,11.62652],[76.29099,11.62668],[76.29108,11.62747],[76.29102,11.62801],[76.29118,11.62833],[76.29114,11.62914],[76.29124,11.62929],[76.29162,11.62942],[76.29153,11.62986],[76.29191,11.63005],[76.29226,11.63062],[76.29279,11.6307],[76.29369,11.63134],[76.29372,11.63171],[76.2935,11.63246],[76.29314,11.63281],[76.29316,11.633],[76.29365,11.63318],[76.29388,11.63285],[76.2941,11.63284],[76.29445,11.63334],[76.2943,11.63377],[76.29509,11.63399],[76.29539,11.63458],[76.29562,11.63468],[76.29694,11.63479],[76.29709,11.6346],[76.29722,11.63458],[76.29739,11.63473],[76.29778,11.63479],[76.29823,11.6351],[76.29844,11.63514],[76.29887,11.63497],[76.29911,11.63518],[76.29951,11.63523],[76.29981,11.6351],[76.29992,11.63471],[76.30013,11.63464],[76.3006,11.63486],[76.30075,11.63532],[76.30093,11.63535],[76.30124,11.63518],[76.30186,11.63428],[76.30212,11.63419],[76.3028,11.63467],[76.30335,11.63477],[76.30334,11.63501],[76.30306,11.63539],[76.30313,11.63553],[76.3035,11.63575],[76.30399,11.63576],[76.30421,11.63595],[76.30471,11.63609],[76.30495,11.63608],[76.30522,11.63588],[76.30566,11.6362],[76.30592,11.6362],[76.30609,11.63608],[76.30603,11.63572],[76.30614,11.63549],[76.30728,11.63544],[76.30824,11.63593],[76.30827,11.63612],[76.30803,11.63636],[76.30805,11.63649],[76.30822,11.63662],[76.30838,11.63663],[76.30943,11.63612],[76.30983,11.63621],[76.30992,11.63651],[76.30975,11.63686],[76.30971,11.63764],[76.30994,11.63822],[76.31026,11.63813],[76.31045,11.63838],[76.31075,11.6384],[76.31107,11.63793],[76.31124,11.6379],[76.31142,11.63797],[76.31158,11.63827],[76.31188,11.63845],[76.31175,11.63871],[76.31181,11.63882],[76.31209,11.63878],[76.31226,11.63894],[76.31242,11.63895],[76.31276,11.63847],[76.31292,11.6384],[76.31335,11.6386],[76.31316,11.639],[76.31337,11.63923],[76.31371,11.63918],[76.3138,11.6387],[76.31408,11.63856],[76.31454,11.63866],[76.31472,11.63892],[76.31516,11.6389],[76.31524,11.639],[76.31492,11.63956],[76.31464,11.63962],[76.31448,11.63946],[76.31423,11.63948],[76.31411,11.63964],[76.314,11.6404],[76.31333,11.64074],[76.31268,11.64162],[76.312,11.64204],[76.31198,11.64254],[76.31143,11.64302],[76.31121,11.6438],[76.31118,11.64464],[76.31107,11.64507],[76.31094,11.64523],[76.31037,11.64526],[76.31,11.64565],[76.30923,11.64558],[76.30894,11.64594],[76.3086,11.64618],[76.30843,11.64674],[76.30807,11.64716],[76.30744,11.64765],[76.30663,11.64765],[76.30634,11.6482],[76.30609,11.6481],[76.30572,11.64811],[76.30566,11.64795],[76.30614,11.64751],[76.30611,11.64717],[76.30592,11.64687],[76.3061,11.64649],[76.30601,11.64607],[76.30547,11.64577],[76.30425,11.64602],[76.30405,11.64615],[76.3039,11.64653],[76.30321,11.64712],[76.30276,11.64721],[76.3025,11.64738],[76.30211,11.64738],[76.3018,11.64751],[76.30137,11.64786],[76.30087,11.64801],[76.30058,11.64828],[76.30043,11.64858],[76.29998,11.64854],[76.29909,11.64886],[76.29865,11.6488],[76.29823,11.64917],[76.297,11.64959],[76.29557,11.65041],[76.29432,11.65073],[76.29391,11.65067],[76.29377,11.65114],[76.29337,11.65118],[76.2932,11.65139],[76.29327,11.65201],[76.29309,11.65277],[76.29293,11.65298],[76.29258,11.65316],[76.29218,11.65318],[76.29192,11.65357],[76.29134,11.65349],[76.29076,11.65396],[76.29049,11.65394],[76.29009,11.6536],[76.28928,11.65374],[76.28806,11.65364],[76.28575,11.65369],[76.28535,11.6538],[76.28489,11.65365],[76.28465,11.65408],[76.28443,11.65415],[76.28427,11.65407],[76.28399,11.65362],[76.28355,11.65341],[76.28293,11.65349],[76.28247,11.65374],[76.28065,11.65335],[76.27886,11.65336],[76.278,11.65351],[76.27769,11.65346],[76.27618,11.65245],[76.27554,11.65216],[76.27506,11.65212],[76.27471,11.65183],[76.27422,11.65174],[76.27353,11.65128],[76.2734,11.65075],[76.27272,11.65065],[76.2724,11.65038],[76.27157,11.64996],[76.27045,11.64903],[76.26973,11.64887],[76.26986,11.6484],[76.2701,11.64819],[76.26997,11.64797],[76.26949,11.64778],[76.26888,11.64771],[76.26842,11.6472],[76.26825,11.6472],[76.26781,11.6475],[76.26733,11.6473],[76.267,11.64732],[76.26666,11.64693],[76.2662,11.64685],[76.26472,11.64612],[76.26436,11.64605],[76.26611,11.64687],[76.26658,11.64697],[76.267,11.64736],[76.26727,11.64734],[76.26757,11.6475],[76.26787,11.64753],[76.26834,11.64724],[76.26885,11.64776],[76.26987,11.64799],[76.27,11.64818],[76.26978,11.64839],[76.26965,11.64877],[76.26971,11.64895],[76.27052,11.64917],[76.27144,11.64994],[76.27242,11.65045],[76.27272,11.65071],[76.27334,11.65078],[76.27336,11.65117],[76.27352,11.65135],[76.27427,11.65183],[76.27467,11.65188],[76.27497,11.65214],[76.27556,11.65221],[76.27632,11.65258],[76.2771,11.65308],[76.27754,11.65348],[76.27795,11.65356],[76.2791,11.65338],[76.28056,11.65338],[76.28246,11.65377],[76.28303,11.65349],[76.28341,11.65344],[76.28374,11.65353],[76.28426,11.65415],[76.28442,11.6542],[76.28468,11.6541],[76.28485,11.65369],[76.28522,11.65382],[76.28604,11.65372],[76.28819,11.65369],[76.28921,11.6538],[76.29005,11.65363],[76.29035,11.65395],[76.29068,11.65402],[76.29095,11.65389],[76.29127,11.65356],[76.29192,11.65361],[76.29213,11.65326],[76.29266,11.65317],[76.29307,11.6529],[76.29331,11.65197],[76.29325,11.65139],[76.29337,11.65123],[76.29383,11.65117],[76.29398,11.65073],[76.29436,11.65079],[76.29563,11.65044],[76.29712,11.64961],[76.29807,11.64933],[76.29867,11.64886],[76.29909,11.64891],[76.29989,11.64863],[76.30049,11.64861],[76.30081,11.64814],[76.30141,11.6479],[76.30194,11.64751],[76.30257,11.6474],[76.30333,11.64713],[76.30354,11.64686],[76.30397,11.64657],[76.30416,11.64614],[76.30428,11.64607],[76.30478,11.64602],[76.30538,11.64582],[76.30588,11.64602],[76.30605,11.64642],[76.30585,11.64693],[76.30611,11.64737],[76.30598,11.64766],[76.30561,11.64793],[76.30566,11.64811],[76.30581,11.64819],[76.30649,11.64822],[76.3066,11.64774],[76.3075,11.64769],[76.3084,11.64697],[76.30827,11.64833],[76.30775,11.64977],[76.30798,11.65071],[76.30821,11.65233],[76.30805,11.65334],[76.30827,11.65389],[76.30768,11.65604],[76.30791,11.65686],[76.30774,11.65842],[76.30762,11.65861],[76.30726,11.65852],[76.30702,11.65872],[76.30685,11.6594],[76.30653,11.65959],[76.30637,11.65983],[76.30639,11.66058],[76.30632,11.66075],[76.30596,11.66104],[76.30593,11.6614],[76.30534,11.66185],[76.30512,11.66226],[76.30505,11.66262],[76.30452,11.66304],[76.3044,11.66331],[76.30382,11.66389],[76.3041,11.66373],[76.30462,11.66301],[76.30514,11.66258],[76.30524,11.6621],[76.30546,11.66178],[76.30598,11.66141],[76.30603,11.66104],[76.30643,11.66066],[76.30637,11.6602],[76.30643,11.6598],[76.30688,11.65942],[76.30711,11.6587],[76.30732,11.65858],[76.3075,11.65867],[76.3077,11.65864],[76.30785,11.6583],[76.30797,11.65688],[76.30774,11.65604],[76.30833,11.65386],[76.3081,11.65331],[76.30825,11.65226],[76.30807,11.65093],[76.30779,11.64979],[76.30791,11.64931],[76.30833,11.64839],[76.30859,11.64628],[76.3093,11.64562],[76.30971,11.64574],[76.31001,11.64571],[76.31036,11.64533],[76.31084,11.64535],[76.31104,11.64524],[76.3112,11.64497],[76.31127,11.64387],[76.3115,11.64304],[76.31201,11.64262],[76.31209,11.64201],[76.31255,11.64181],[76.3133,11.64085],[76.31406,11.64043],[76.31425,11.63956],[76.31441,11.63952],[76.31464,11.6397],[76.31486,11.63968],[76.31506,11.63956],[76.31527,11.63922],[76.31577,11.63921],[76.31612,11.63886],[76.31729,11.63819],[76.31745,11.63802],[76.31747,11.63782],[76.31686,11.63774],[76.31683,11.63762],[76.31699,11.63736],[76.31812,11.63732],[76.31895,11.63798],[76.31886,11.63849],[76.31889,11.63866],[76.31905,11.63881],[76.31932,11.63878],[76.31977,11.63847],[76.32,11.63852],[76.32007,11.63875],[76.31998,11.63911],[76.31953,11.63947],[76.31944,11.63977],[76.32004,11.64021],[76.32095,11.64033],[76.32117,11.64045],[76.32119,11.64061],[76.32092,11.64082],[76.32085,11.64112],[76.32092,11.6414],[76.3213,11.64159],[76.32213,11.6416],[76.32235,11.64175],[76.32236,11.642],[76.32192,11.64199],[76.32181,11.64209],[76.32183,11.64236],[76.32197,11.64257],[76.32202,11.64337],[76.3223,11.64339],[76.32253,11.64326],[76.3232,11.64254],[76.32397,11.64219],[76.32477,11.6423],[76.32555,11.64228],[76.32628,11.64264],[76.3267,11.64273],[76.32697,11.64297],[76.32719,11.64342],[76.32771,11.64366],[76.32789,11.64385],[76.32787,11.64417],[76.32749,11.64461],[76.32754,11.64501],[76.3285,11.6453],[76.32861,11.64541],[76.32867,11.64615],[76.3282,11.64664],[76.32819,11.64675],[76.32861,11.64725],[76.32874,11.64797],[76.32931,11.6481],[76.32967,11.64797],[76.3298,11.64806],[76.32998,11.648],[76.33035,11.64825],[76.33081,11.64821],[76.33115,11.64798],[76.33121,11.64747],[76.33139,11.64734],[76.3319,11.6479],[76.33229,11.64803],[76.33251,11.6484],[76.33288,11.64838],[76.33327,11.64865],[76.33369,11.64877],[76.33385,11.64907],[76.33312,11.64967],[76.33316,11.64997],[76.3335,11.65007],[76.33417,11.64973],[76.33466,11.6499],[76.33508,11.64991],[76.33524,11.65002],[76.33556,11.65073],[76.33581,11.65079],[76.33617,11.65067],[76.3365,11.65077],[76.33669,11.65102],[76.33691,11.6518],[76.33687,11.65194],[76.33654,11.65211],[76.33652,11.65231],[76.33668,11.65247],[76.33691,11.65251],[76.33699,11.65267],[76.33694,11.65289],[76.33664,11.65304],[76.33664,11.65332],[76.33723,11.65352],[76.33727,11.65365],[76.33714,11.65388],[76.3373,11.6542],[76.338,11.65439],[76.33839,11.65428],[76.33883,11.65457],[76.3389,11.65481],[76.33881,11.65516],[76.33902,11.65563],[76.33889,11.65574],[76.33826,11.65588],[76.3381,11.65603],[76.33801,11.65641],[76.33778,11.65667],[76.33776,11.65715],[76.33806,11.65767],[76.33856,11.65768],[76.33856,11.65809],[76.33878,11.65839],[76.33954,11.65879],[76.33944,11.65911],[76.33947,11.65981],[76.33966,11.65985],[76.34,11.6596],[76.34018,11.6596],[76.34061,11.66032],[76.34061,11.66046],[76.34044,11.66065],[76.33972,11.661],[76.33962,11.6616],[76.33949,11.66174],[76.33862,11.66111],[76.33826,11.66114],[76.33809,11.6614],[76.33809,11.66162],[76.33845,11.66261],[76.33831,11.66308],[76.33833,11.6634],[76.33864,11.66399],[76.33864,11.66415],[76.33839,11.66453],[76.33842,11.66536],[76.33886,11.66595],[76.33892,11.66658],[76.33877,11.6673],[76.3383,11.6677],[76.33813,11.66811],[76.3388,11.66909],[76.33953,11.66981],[76.33958,11.67025],[76.33943,11.67105],[76.33963,11.67173],[76.33943,11.67226],[76.3396,11.67265],[76.34004,11.67291],[76.34005,11.67374],[76.3403,11.67382],[76.34079,11.67366],[76.34097,11.67372],[76.34087,11.67413],[76.34126,11.67455],[76.34132,11.67474],[76.3412,11.67483],[76.3408,11.67484],[76.34075,11.67497],[76.34084,11.67517],[76.34133,11.67529],[76.34215,11.67482],[76.34305,11.67476],[76.34365,11.675],[76.34401,11.67546],[76.34467,11.67523],[76.34532,11.67537],[76.3464,11.67462],[76.34718,11.67469],[76.34747,11.67457],[76.34785,11.67422],[76.34818,11.67374],[76.34838,11.6732],[76.34901,11.67289],[76.35057,11.67264],[76.35164,11.67215],[76.35197,11.67221],[76.3523,11.67254],[76.3526,11.67254],[76.35272,11.67231],[76.35265,11.67169],[76.35277,11.67165],[76.35295,11.67184],[76.35312,11.67179],[76.35331,11.67156],[76.35335,11.67117],[76.35352,11.67097],[76.35383,11.67101],[76.35458,11.67169],[76.35486,11.67183],[76.3562,11.67162],[76.35678,11.67118],[76.35734,11.67112],[76.35756,11.67129],[76.35783,11.67177],[76.35817,11.6719],[76.35873,11.67186],[76.35888,11.67172],[76.35898,11.67139],[76.35918,11.67128],[76.35944,11.67123],[76.3595,11.67143],[76.35962,11.67148],[76.35999,11.67106],[76.36012,11.67105],[76.36016,11.67165],[76.36043,11.67208],[76.36047,11.6726],[76.36065,11.6728],[76.36085,11.67287],[76.36121,11.67282],[76.36146,11.67268],[76.36181,11.67228],[76.36256,11.6725],[76.36273,11.6735],[76.36251,11.67443],[76.36263,11.67486],[76.36298,11.67494],[76.36339,11.67488],[76.364,11.67461],[76.36428,11.67458],[76.36493,11.675],[76.36533,11.67567],[76.36538,11.67626],[76.36509,11.6767],[76.36531,11.6775],[76.36545,11.67765],[76.3661,11.67748],[76.3666,11.67755],[76.36718,11.67734],[76.36768,11.67762],[76.36821,11.67766],[76.36903,11.67729],[76.36912,11.6771],[76.36901,11.67662],[76.3692,11.67637],[76.36938,11.67633],[76.37009,11.67674],[76.37004,11.67722],[76.3702,11.67755],[76.37065,11.67784],[76.37122,11.67803],[76.37145,11.67797],[76.37161,11.67763],[76.372,11.67732],[76.37238,11.67736],[76.37326,11.67715],[76.37456,11.67704],[76.37608,11.67715],[76.37654,11.67729],[76.3776,11.67801],[76.3783,11.67813],[76.37876,11.67883],[76.37936,11.67882],[76.37987,11.67901],[76.3801,11.67932],[76.38038,11.68002],[76.38053,11.68074],[76.38095,11.68105],[76.38148,11.68181],[76.38188,11.68181],[76.3826,11.68135],[76.38356,11.68111],[76.38467,11.68125],[76.3855,11.68154],[76.38669,11.68244],[76.38705,11.68354],[76.38737,11.68362],[76.38791,11.68352],[76.38831,11.68387],[76.38837,11.68403],[76.3883,11.68417],[76.38747,11.6841],[76.38714,11.68422],[76.38702,11.6845],[76.38718,11.68494],[76.38926,11.68528],[76.38963,11.68548],[76.39053,11.68625],[76.39102,11.68646],[76.39221,11.68672],[76.39242,11.68686],[76.39246,11.68709],[76.39232,11.68723],[76.3923,11.6875],[76.39284,11.68838],[76.39293,11.68896],[76.39263,11.6892],[76.39217,11.68924],[76.39198,11.68936],[76.3919,11.69007],[76.392,11.6906],[76.39274,11.69168],[76.39363,11.69175],[76.39419,11.69242],[76.39422,11.69264],[76.39408,11.69298],[76.39358,11.6934],[76.39365,11.69402],[76.39278,11.69353],[76.39203,11.69341],[76.39168,11.69315],[76.39109,11.6934],[76.39067,11.69323],[76.38988,11.6932],[76.38981,11.69303],[76.39011,11.69279],[76.39017,11.69261],[76.39001,11.6924],[76.38945,11.69229],[76.3894,11.69183],[76.38926,11.69173],[76.38905,11.69179],[76.38887,11.69209],[76.38856,11.69216],[76.3884,11.6926],[76.38808,11.69253],[76.38802,11.69215],[76.38793,11.69209],[76.38775,11.6922],[76.38781,11.69255],[76.38762,11.69259],[76.38701,11.69206],[76.3871,11.69179],[76.38748,11.69167],[76.38758,11.69152],[76.38744,11.69128],[76.38713,11.69125],[76.38606,11.69207],[76.38519,11.6925],[76.38463,11.69254],[76.38432,11.6922],[76.3839,11.69224],[76.38314,11.69291],[76.38277,11.69394],[76.38255,11.69409],[76.38178,11.69403],[76.38155,11.69413],[76.38123,11.6947],[76.38073,11.69497],[76.3796,11.69504],[76.37897,11.6954],[76.37857,11.69549],[76.37844,11.69545],[76.37838,11.6953],[76.37851,11.69517],[76.37851,11.695],[76.37794,11.69493],[76.37755,11.69459],[76.37721,11.69454],[76.37695,11.69457],[76.37578,11.69519],[76.37419,11.69538],[76.37354,11.69576],[76.37315,11.69631],[76.3726,11.69685],[76.37183,11.69809],[76.37083,11.699],[76.36906,11.70102],[76.36803,11.70149],[76.36735,11.70192],[76.36622,11.70234],[76.36572,11.7031],[76.3653,11.70343],[76.36442,11.70385],[76.36375,11.70396],[76.36253,11.70455],[76.36195,11.70454],[76.36122,11.704],[76.36083,11.70338],[76.35995,11.70314],[76.35923,11.70278],[76.35893,11.70249],[76.35848,11.70176],[76.35818,11.7015],[76.3567,11.70106],[76.35532,11.70128],[76.35487,11.70124],[76.35447,11.70096],[76.35385,11.7002],[76.35358,11.70008],[76.35333,11.70009],[76.35289,11.70048],[76.35236,11.7018],[76.35197,11.70244],[76.35171,11.70264],[76.35074,11.70302],[76.34966,11.70401],[76.34928,11.70475],[76.34872,11.70511],[76.34854,11.70547],[76.3483,11.70648],[76.34796,11.70677],[76.34762,11.70685],[76.34651,11.70677],[76.34527,11.7064],[76.34472,11.70654],[76.34428,11.70701],[76.34409,11.70709],[76.34199,11.70699],[76.34112,11.70712],[76.34031,11.70702],[76.33985,11.7071],[76.33971,11.70724],[76.33917,11.70888],[76.33845,11.7097],[76.3381,11.71032],[76.33804,11.71084],[76.33841,11.71152],[76.33835,11.71182],[76.3369,11.71288],[76.33524,11.71475],[76.33475,11.71497],[76.33349,11.71528],[76.33076,11.71523],[76.32794,11.71464],[76.32719,11.71466],[76.32639,11.71482],[76.32422,11.71464],[76.32315,11.71468],[76.32236,11.715],[76.32204,11.71506],[76.3213,11.71498],[76.32072,11.71521],[76.31984,11.71533],[76.31831,11.7153],[76.31753,11.7154],[76.31606,11.71541],[76.31572,11.71564],[76.31541,11.71561],[76.31507,11.71588],[76.31459,11.71587],[76.3139,11.71648],[76.31256,11.71719],[76.31155,11.71733],[76.3112,11.71749],[76.31091,11.71781],[76.31081,11.71813],[76.31052,11.71834],[76.31036,11.71882],[76.31017,11.71887],[76.30981,11.71878],[76.30939,11.71912],[76.3092,11.71914],[76.30811,11.71876],[76.30786,11.71894],[76.30609,11.7195],[76.30524,11.72005],[76.30501,11.72003],[76.30476,11.71975],[76.30448,11.71966],[76.30348,11.71966],[76.30336,11.71954],[76.30325,11.71903],[76.30296,11.71889],[76.30291,11.71865],[76.30254,11.71877],[76.30174,11.71882],[76.30138,11.71896],[76.30095,11.71855],[76.30061,11.71871],[76.2999,11.71869],[76.29985,11.71883],[76.3,11.719],[76.2999,11.71913],[76.29962,11.71913],[76.29926,11.7189],[76.29884,11.7191],[76.29853,11.71906],[76.29841,11.7193],[76.29803,11.71909],[76.2974,11.71918],[76.29648,11.71983],[76.29565,11.72069],[76.2954,11.7211],[76.29501,11.72148],[76.29502,11.72159],[76.29516,11.72166],[76.29519,11.72195],[76.29508,11.7222],[76.29489,11.72226],[76.29459,11.72205],[76.29417,11.72199],[76.2935,11.72089],[76.29276,11.72082],[76.29243,11.72067],[76.29092,11.72065],[76.29079,11.72061],[76.29039,11.72015],[76.28974,11.72011],[76.28932,11.71987],[76.28876,11.71989],[76.28828,11.71977],[76.28812,11.71977],[76.28766,11.72003],[76.28683,11.72018],[76.28666,11.72039],[76.28638,11.7205],[76.28623,11.72079],[76.2858,11.72105],[76.28274,11.72117],[76.28237,11.72139],[76.28185,11.7215],[76.27974,11.72118],[76.27826,11.72049],[76.27573,11.7198],[76.27499,11.71943],[76.27376,11.71906],[76.27335,11.71911],[76.27269,11.71945],[76.27077,11.71983],[76.26981,11.72035],[76.27084,11.71985],[76.27275,11.71947],[76.27361,11.71908],[76.27481,11.7194],[76.27586,11.71989],[76.27832,11.72055],[76.27977,11.72124],[76.28169,11.72154],[76.28236,11.72142],[76.28274,11.72121],[76.28582,11.7211],[76.2863,11.72079],[76.2864,11.72054],[76.28666,11.72044],[76.28684,11.72022],[76.28764,11.72009],[76.28825,11.71981],[76.28877,11.71993],[76.28928,11.71991],[76.28982,11.72017],[76.29041,11.72021],[76.29086,11.72069],[76.29234,11.7207],[76.29279,11.72088],[76.2934,11.72091],[76.29358,11.72105],[76.29413,11.72201],[76.29457,11.72209],[76.29478,11.72227],[76.29499,11.72231],[76.2952,11.7221],[76.29524,11.72184],[76.29505,11.72151],[76.2956,11.72081],[76.29661,11.71978],[76.29752,11.71917],[76.29817,11.71914],[76.2984,11.71933],[76.29851,11.71929],[76.29859,11.71909],[76.29877,11.71915],[76.29924,11.71894],[76.29957,11.71915],[76.29987,11.71917],[76.30004,11.71906],[76.29989,11.71877],[76.29996,11.7187],[76.30064,11.71874],[76.30086,11.71859],[76.30106,11.71865],[76.3014,11.719],[76.30194,11.71881],[76.30254,11.7188],[76.30286,11.71869],[76.30293,11.7189],[76.30322,11.71906],[76.30331,11.71952],[76.30348,11.71972],[76.30435,11.71968],[76.30471,11.71978],[76.30499,11.72006],[76.30524,11.7201],[76.30599,11.71959],[76.30811,11.71882],[76.30931,11.71919],[76.30981,11.71881],[76.31035,11.71888],[76.31049,11.71874],[76.31055,11.71837],[76.31086,11.71813],[76.31097,11.71779],[76.31125,11.71751],[76.31162,11.71735],[76.31258,11.71722],[76.31399,11.71648],[76.31465,11.71588],[76.31511,11.71591],[76.31541,11.71565],[76.31575,11.71567],[76.31606,11.71545],[76.31741,11.71545],[76.31828,11.71534],[76.31989,11.71537],[76.3208,11.71523],[76.32126,11.71502],[76.32216,11.71508],[76.32318,11.71471],[76.32425,11.71467],[76.32644,11.71486],[76.32773,11.71465],[76.33077,11.71527],[76.33347,11.71533],[76.33482,11.71499],[76.33524,11.7148],[76.33553,11.71457],[76.33696,11.71289],[76.33835,11.7119],[76.33846,11.71152],[76.33809,11.71087],[76.33813,11.71034],[76.33855,11.70964],[76.33921,11.7089],[76.33986,11.70715],[76.34021,11.70707],[76.34104,11.70718],[76.34212,11.70703],[76.34409,11.70714],[76.34437,11.70699],[76.34474,11.70658],[76.34527,11.70644],[76.34644,11.70681],[76.34713,11.70689],[76.34763,11.70689],[76.34812,11.70673],[76.34837,11.70642],[76.34849,11.70579],[76.34875,11.70515],[76.34929,11.70481],[76.3496,11.70415],[76.35076,11.70306],[76.35171,11.70268],[76.35203,11.70244],[76.35234,11.70197],[76.35291,11.70052],[76.35326,11.70017],[76.35353,11.70012],[76.35385,11.70026],[76.35442,11.70098],[76.35501,11.70132],[76.35676,11.7011],[76.35802,11.70146],[76.35835,11.70168],[76.35883,11.70242],[76.35919,11.7028],[76.36001,11.7032],[76.36079,11.70341],[76.36118,11.70401],[76.36192,11.70457],[76.36252,11.70458],[76.36364,11.70405],[76.3645,11.70388],[76.36523,11.70352],[76.36578,11.70311],[76.36633,11.70233],[76.3673,11.70198],[76.36807,11.70151],[76.36903,11.70109],[76.37086,11.69902],[76.37199,11.69797],[76.37271,11.69678],[76.37312,11.69641],[76.37351,11.69586],[76.37395,11.69552],[76.37444,11.69535],[76.37611,11.69513],[76.37688,11.69464],[76.37717,11.69458],[76.37749,11.6946],[76.37791,11.69497],[76.37844,11.69501],[76.37834,11.69535],[76.37852,11.69553],[76.37899,11.69544],[76.37968,11.69506],[76.3807,11.69503],[76.38125,11.69473],[76.38166,11.69413],[76.382,11.69406],[76.38238,11.69415],[76.38273,11.69406],[76.38292,11.69382],[76.38314,11.69301],[76.38389,11.6923],[76.38428,11.69223],[76.38465,11.69259],[76.38512,11.69257],[76.38613,11.69207],[76.38652,11.69183],[76.38685,11.69144],[76.38728,11.69128],[76.3875,11.69139],[76.38753,11.69153],[76.387,11.69178],[76.38696,11.69212],[76.38766,11.69264],[76.38786,11.69258],[76.38782,11.69219],[76.38792,11.69216],[76.38806,11.69259],[76.38838,11.69266],[76.38852,11.69256],[76.38859,11.69223],[76.38895,11.69209],[76.38909,11.69182],[76.38921,11.69177],[76.38937,11.6919],[76.38935,11.69222],[76.38943,11.69235],[76.38993,11.69243],[76.3901,11.69257],[76.3901,11.69271],[76.38981,11.69289],[76.38975,11.69303],[76.38985,11.69324],[76.39065,11.69327],[76.3911,11.69346],[76.39156,11.69321],[76.39175,11.69321],[76.39202,11.69344],[76.39258,11.69351],[76.39301,11.6937],[76.39346,11.69413],[76.393,11.69439],[76.39263,11.69514],[76.39228,11.69544],[76.39251,11.69654],[76.39284,11.69724],[76.39298,11.69736],[76.39371,11.69763],[76.39452,11.69819],[76.39499,11.69885],[76.3953,11.69976],[76.39511,11.69992],[76.39459,11.70002],[76.39392,11.69995],[76.39304,11.7],[76.3924,11.70016],[76.39223,11.70037],[76.39228,11.70149],[76.3924,11.7017],[76.39291,11.70208],[76.39317,11.70256],[76.39293,11.7036],[76.39301,11.7039],[76.39333,11.70395],[76.39405,11.7038],[76.39476,11.70383],[76.39557,11.70395],[76.39648,11.70439],[76.39671,11.70462],[76.39679,11.70495],[76.39656,11.70556],[76.39653,11.70617],[76.39689,11.70719],[76.39733,11.70761],[76.39793,11.70764],[76.39947,11.70736],[76.40104,11.70761],[76.40158,11.70757],[76.40189,11.70749],[76.40282,11.70684],[76.40302,11.70682],[76.4034,11.70701],[76.40364,11.70726],[76.40389,11.70757],[76.4042,11.70826],[76.4038,11.70817],[76.40354,11.70753],[76.40323,11.70715],[76.40283,11.70714],[76.40224,11.70755],[76.40159,11.70774],[76.39734,11.70781],[76.39661,11.70751],[76.39645,11.70735],[76.39618,11.70664],[76.39607,11.70462],[76.39595,11.70452],[76.39528,11.70429],[76.39474,11.70422],[76.39128,11.70408],[76.39096,11.70396],[76.39078,11.70369],[76.39084,11.70318],[76.39185,11.7019],[76.39193,11.70035],[76.39207,11.69991],[76.39224,11.69977],[76.39316,11.69949],[76.39393,11.69936],[76.39415,11.69907],[76.39409,11.69848],[76.39378,11.69812],[76.39275,11.69759],[76.39224,11.69707],[76.39199,11.69586],[76.39202,11.69522],[76.39238,11.69465],[76.39247,11.69406],[76.39208,11.6937],[76.38989,11.69341],[76.38963,11.6932],[76.38924,11.69243],[76.38898,11.69236],[76.3887,11.69246],[76.38859,11.69276],[76.38833,11.6929],[76.38805,11.6929],[76.38757,11.69281],[76.38687,11.69243],[76.38671,11.69225],[76.38641,11.69219],[76.38586,11.6925],[76.38402,11.69287],[76.38358,11.6931],[76.38339,11.69334],[76.38289,11.69462],[76.38248,11.69466],[76.38202,11.69455],[76.38072,11.69545],[76.37877,11.6958],[76.37807,11.69629],[76.37779,11.69662],[76.37754,11.69661],[76.37738,11.69637],[76.37749,11.69537],[76.37724,11.69516],[76.37645,11.69524],[76.37611,11.69543],[76.37545,11.6955],[76.37426,11.69586],[76.3728,11.69722],[76.37178,11.69845],[76.37098,11.69919],[76.36992,11.70061],[76.3686,11.70215],[76.36725,11.70298],[76.36232,11.70483],[76.3613,11.705],[76.36071,11.70468],[76.36034,11.70438],[76.35967,11.70337],[76.35753,11.70193],[76.35683,11.70176],[76.35586,11.70167],[76.35505,11.70174],[76.35294,11.70242],[76.35207,11.703],[76.35075,11.70353],[76.35022,11.7039],[76.34976,11.70443],[76.34942,11.70511],[76.3492,11.70571],[76.34907,11.70705],[76.3488,11.70754],[76.34818,11.7076],[76.34734,11.70711],[76.34564,11.70695],[76.34512,11.70695],[76.34481,11.70711],[76.34363,11.70739],[76.34128,11.70736],[76.34078,11.70748],[76.3402,11.70782],[76.33992,11.70813],[76.33953,11.70887],[76.33902,11.70949],[76.33883,11.71017],[76.33893,11.71144],[76.33886,11.71184],[76.33862,11.71221],[76.33726,11.7132],[76.33648,11.71419],[76.33565,11.71497],[76.33416,11.71556],[76.33175,11.71559],[76.33107,11.7154],[76.32888,11.71522],[76.32803,11.71495],[76.32633,11.71514],[76.3246,11.71511],[76.32416,11.7152],[76.32358,11.7157],[76.3233,11.7157],[76.32249,11.71539],[76.32132,11.71539],[76.32023,11.7156],[76.31881,11.71557],[76.31793,11.71574],[76.31747,11.7182],[76.31747,11.72062],[76.31766,11.72149],[76.31896,11.72331],[76.31889,11.72362],[76.31862,11.72367],[76.31805,11.72324],[76.31734,11.72326],[76.3166,11.72425],[76.31636,11.72425],[76.31602,11.72404],[76.31596,11.72389],[76.31619,11.72326],[76.31649,11.72163],[76.31647,11.71979],[76.31604,11.71831],[76.31545,11.71745],[76.31482,11.71704],[76.3138,11.71704],[76.31191,11.71769],[76.31124,11.7181],[76.31018,11.71959],[76.3094,11.71992],[76.30835,11.72017],[76.30817,11.72029],[76.30813,11.72077],[76.30801,11.72099],[76.30745,11.72108],[76.30713,11.72133],[76.3063,11.7241],[76.30616,11.72618],[76.30621,11.72698],[76.30613,11.72729],[76.30563,11.7278],[76.30519,11.72798],[76.30482,11.72782],[76.30482,11.72735],[76.30523,11.7256],[76.30537,11.72421],[76.30516,11.72271],[76.30497,11.72218],[76.30418,11.72139],[76.30374,11.72071],[76.30324,11.72015],[76.30204,11.71987],[76.30135,11.71994],[76.30061,11.72075],[76.30041,11.72111],[76.30012,11.72206],[76.29993,11.72387],[76.29996,11.72544],[76.30036,11.72816],[76.30038,11.72891],[76.30028,11.72912],[76.3,11.72902],[76.29969,11.72798],[76.2991,11.72742],[76.29852,11.72746],[76.29727,11.72815],[76.29718,11.728],[76.29716,11.72754],[76.29832,11.72609],[76.29832,11.725],[76.29868,11.72421],[76.29861,11.72293],[76.29828,11.72174],[76.29826,11.72076],[76.29812,11.72017],[76.29783,11.71999],[76.2974,11.71995],[76.29652,11.72024],[76.29617,11.72062],[76.29597,11.72127],[76.29437,11.72336],[76.29385,11.7245],[76.29338,11.7243],[76.29356,11.72338],[76.29354,11.72268],[76.29345,11.72235],[76.29311,11.72197],[76.2922,11.72163],[76.29128,11.72163],[76.29073,11.72138],[76.29047,11.72109],[76.28989,11.72083],[76.28946,11.72074],[76.28838,11.72089],[76.28658,11.72197],[76.28607,11.72269],[76.286,11.72349],[76.28613,11.72448],[76.28661,11.72511],[76.2876,11.72596],[76.28767,11.72611],[76.28761,11.72634],[76.28723,11.72644],[76.28645,11.72583],[76.2856,11.72549],[76.28519,11.72542],[76.28484,11.72547],[76.28459,11.72563],[76.28398,11.72619],[76.2832,11.72716],[76.28243,11.72861],[76.28185,11.72942],[76.28147,11.73029],[76.28152,11.73081],[76.28162,11.73094],[76.28223,11.73112],[76.28255,11.73135],[76.28365,11.73245],[76.28398,11.73305],[76.28477,11.73366],[76.28544,11.7344],[76.28569,11.73484],[76.28569,11.7351],[76.28551,11.73541],[76.28521,11.73544],[76.28474,11.7351],[76.28326,11.73359],[76.28232,11.73292],[76.28174,11.73238],[76.28111,11.73234],[76.28082,11.73245],[76.28059,11.73269],[76.2803,11.73326],[76.27961,11.73584],[76.27943,11.73612],[76.27916,11.73612],[76.27907,11.73603],[76.27897,11.73559],[76.2794,11.7342],[76.27918,11.73386],[76.27876,11.73382],[76.27819,11.73384],[76.27759,11.73402],[76.27696,11.73404],[76.27615,11.73422],[76.27559,11.73451],[76.27494,11.73534],[76.27411,11.7359],[76.27384,11.73613]]]]}},{"type":"Feature","properties":{"class":"Flood plain","fid":"12","landform":"Flood plain"},"geometry":{"type":"Polygon","coordinates":[[[76.13619,11.69484],[76.13551,11.69453],[76.13467,11.69436],[76.13358,11.6943],[76.13246,11.69357],[76.13184,11.69348],[76.13169,11.69361],[76.13163,11.69394],[76.13114,11.69423],[76.13121,11.69459],[76.13107,11.69473],[76.13045,11.69482],[76.13001,11.69506],[76.12963,11.69507],[76.12884,11.69595],[76.1283,11.69601],[76.12804,11.69614],[76.12778,11.69668],[76.12707,11.69695],[76.12638,11.69767],[76.12592,11.69772],[76.1256,11.69764],[76.125,11.69788],[76.124,11.69774],[76.1236,11.69792],[76.12331,11.69749],[76.12314,11.69683],[76.12287,11.69681],[76.12264,11.69701],[76.1225,11.69748],[76.12185,11.69805],[76.12144,11.69851],[76.12138,11.6987],[76.12146,11.69898],[76.12172,11.69914],[76.12167,11.69922],[76.12144,11.69923],[76.12147,11.6994],[76.12213,11.69993],[76.12198,11.70025],[76.12146,11.70071],[76.12159,11.70099],[76.1221,11.7013],[76.12147,11.70226],[76.12164,11.70293],[76.12152,11.70312],[76.12117,11.70311],[76.12063,11.70277],[76.12031,11.70282],[76.1199,11.70335],[76.11977,11.7042],[76.11921,11.70414],[76.11866,11.70425],[76.11828,11.70387],[76.11806,11.7038],[76.11778,11.70404],[76.11743,11.70458],[76.11658,11.70425],[76.1162,11.70431],[76.11567,11.70487],[76.11543,11.70534],[76.11523,11.70519],[76.11496,11.70446],[76.11372,11.70444],[76.11316,11.70382],[76.11288,11.70372],[76.11229,11.70421],[76.11143,11.70457],[76.11115,11.70497],[76.11092,11.70581],[76.11074,11.70583],[76.11016,11.70563],[76.1098,11.70577],[76.10899,11.70578],[76.10874,11.706],[76.10861,11.70635],[76.10763,11.70621],[76.10751,11.70639],[76.10764,11.70669],[76.10754,11.70687],[76.10735,11.70685],[76.10699,11.70656],[76.1068,11.7066],[76.10632,11.70741],[76.10561,11.70832],[76.10476,11.70883],[76.10429,11.70941],[76.10411,11.70987],[76.1041,11.71103],[76.10398,11.71129],[76.1032,11.71166],[76.10237,11.71175],[76.1022,11.71145],[76.10221,11.71073],[76.10212,11.71057],[76.10178,11.71045],[76.10152,11.71061],[76.10128,11.71035],[76.10073,11.71024],[76.10043,11.71003],[76.1004,11.70982],[76.10067,11.70947],[76.10074,11.70914],[76.10073,11.70868],[76.10058,11.70821],[76.1003,11.70786],[76.09964,11.7078],[76.09949,11.70758],[76.09961,11.70694],[76.10029,11.70633],[76.10016,11.70601],[76.09939,11.70497],[76.0996,11.7038],[76.09978,11.70321],[76.10005,11.70279],[76.10041,11.70251],[76.1007,11.70213],[76.10081,11.7018],[76.10058,11.70053],[76.10045,11.70033],[76.09951,11.69988],[76.09924,11.69966],[76.09919,11.69941],[76.09951,11.69894],[76.09946,11.69875],[76.09914,11.69851],[76.09912,11.69828],[76.09948,11.69804],[76.09959,11.69749],[76.0986,11.69695],[76.09854,11.69655],[76.09861,11.69633],[76.09897,11.69608],[76.09937,11.69606],[76.10018,11.69632],[76.10038,11.6961],[76.10065,11.69531],[76.10131,11.69525],[76.10142,11.69486],[76.1005,11.69417],[76.09944,11.69385],[76.09935,11.69358],[76.09964,11.6931],[76.09951,11.69243],[76.09959,11.69212],[76.10014,11.69211],[76.10027,11.69198],[76.10029,11.69155],[76.09962,11.69112],[76.09962,11.69103],[76.09969,11.69085],[76.10025,11.69038],[76.10045,11.68984],[76.10041,11.68968],[76.0995,11.68908],[76.09924,11.68865],[76.09924,11.68849],[76.09968,11.68761],[76.09986,11.68748],[76.10055,11.68749],[76.10085,11.6872],[76.10056,11.68629],[76.1,11.68554],[76.09991,11.68525],[76.1,11.68512],[76.10081,11.68473],[76.1009,11.68448],[76.10086,11.68388],[76.10056,11.6834],[76.10011,11.68329],[76.09978,11.68343],[76.09933,11.68408],[76.09906,11.68424],[76.09881,11.68422],[76.09876,11.68397],[76.09899,11.68354],[76.09977,11.68266],[76.10032,11.68289],[76.10067,11.68291],[76.10099,11.68244],[76.10121,11.68187],[76.10151,11.68169],[76.10191,11.6816],[76.10293,11.68176],[76.10322,11.68165],[76.10327,11.68117],[76.10311,11.68102],[76.10121,11.68079],[76.10102,11.6806],[76.10095,11.68002],[76.10118,11.67873],[76.1014,11.67821],[76.10176,11.67802],[76.10273,11.67794],[76.10394,11.67839],[76.10429,11.67841],[76.10448,11.67825],[76.10432,11.67736],[76.10373,11.67593],[76.10353,11.67573],[76.10342,11.67564],[76.10306,11.67568],[76.10246,11.67605],[76.10221,11.67607],[76.10218,11.67598],[76.1027,11.67521],[76.10354,11.67544],[76.10381,11.67534],[76.10394,11.67514],[76.10392,11.67474],[76.10353,11.67436],[76.10372,11.6738],[76.10372,11.67352],[76.10323,11.67292],[76.10326,11.67267],[76.10363,11.67256],[76.1045,11.67251],[76.10462,11.67165],[76.1048,11.67139],[76.10614,11.67145],[76.10687,11.67224],[76.10731,11.67229],[76.10745,11.6719],[76.10688,11.67071],[76.10688,11.67035],[76.10695,11.67007],[76.10726,11.66986],[76.10811,11.66969],[76.10816,11.66915],[76.10806,11.66877],[76.10816,11.66867],[76.10922,11.66846],[76.10934,11.66866],[76.10947,11.6694],[76.10914,11.66971],[76.10911,11.66992],[76.10923,11.67014],[76.10986,11.67021],[76.11003,11.67003],[76.11012,11.66951],[76.11035,11.66945],[76.11094,11.67008],[76.1112,11.6701],[76.11177,11.66974],[76.11195,11.66976],[76.11253,11.67039],[76.1129,11.67026],[76.11289,11.66969],[76.11363,11.66927],[76.11369,11.66894],[76.11388,11.66883],[76.114,11.66907],[76.11374,11.66935],[76.11371,11.66952],[76.11506,11.67027],[76.1155,11.67098],[76.1158,11.67099],[76.11625,11.67068],[76.11618,11.67048],[76.11588,11.67024],[76.11641,11.66947],[76.1166,11.66944],[76.11695,11.66973],[76.11737,11.66964],[76.11785,11.66919],[76.11792,11.66845],[76.11812,11.66842],[76.11858,11.66857],[76.11872,11.66847],[76.11877,11.66819],[76.11867,11.66798],[76.11867,11.66753],[76.11877,11.66703],[76.11891,11.66693],[76.11909,11.66693],[76.11966,11.6675],[76.12004,11.66748],[76.121,11.66596],[76.12141,11.66555],[76.12174,11.66553],[76.12238,11.66571],[76.123,11.66556],[76.12337,11.6658],[76.12372,11.66589],[76.124,11.66576],[76.12462,11.66573],[76.12485,11.66562],[76.12506,11.66499],[76.12533,11.66461],[76.12611,11.66501],[76.12636,11.6649],[76.12652,11.66465],[76.12659,11.66423],[76.1258,11.66348],[76.12573,11.66308],[76.12643,11.66206],[76.12701,11.66148],[76.12782,11.66139],[76.12807,11.66121],[76.1283,11.66083],[76.1283,11.66053],[76.12794,11.66015],[76.12794,11.65995],[76.12838,11.65968],[76.12884,11.65858],[76.12949,11.6579],[76.1299,11.65807],[76.13002,11.65852],[76.13031,11.65905],[76.13048,11.65913],[76.13092,11.65891],[76.13145,11.65908],[76.13174,11.6594],[76.13225,11.65951],[76.13247,11.65948],[76.13237,11.65893],[76.13254,11.65831],[76.13266,11.65831],[76.13271,11.65847],[76.13331,11.65872],[76.13346,11.6587],[76.13351,11.65847],[76.13361,11.65841],[76.13392,11.65864],[76.1341,11.65891],[76.13485,11.65919],[76.13521,11.65919],[76.13575,11.659],[76.13608,11.65812],[76.1366,11.65829],[76.13679,11.65821],[76.13706,11.6572],[76.1372,11.65721],[76.13734,11.65743],[76.13747,11.65747],[76.13801,11.65748],[76.13827,11.65739],[76.13847,11.65692],[76.13858,11.65687],[76.13888,11.65689],[76.1393,11.65727],[76.13996,11.65707],[76.14019,11.65727],[76.14019,11.65752],[76.13961,11.65849],[76.13975,11.65904],[76.13999,11.65934],[76.14062,11.65985],[76.14097,11.65996],[76.14124,11.65992],[76.14189,11.65947],[76.14216,11.65939],[76.14236,11.65948],[76.14238,11.66004],[76.14257,11.66019],[76.1431,11.66019],[76.14344,11.66],[76.14362,11.66001],[76.14372,11.66012],[76.1442,11.66012],[76.14432,11.66027],[76.14429,11.66052],[76.14383,11.66135],[76.14384,11.66155],[76.14406,11.66166],[76.14426,11.66158],[76.1443,11.66143],[76.14464,11.66112],[76.14569,11.66112],[76.14591,11.66106],[76.14617,11.66083],[76.14618,11.66045],[76.14589,11.66024],[76.14556,11.66021],[76.14524,11.66044],[76.14502,11.66044],[76.14484,11.65986],[76.14496,11.65947],[76.14522,11.65946],[76.14614,11.65999],[76.14664,11.65988],[76.14721,11.65942],[76.14798,11.6597],[76.14844,11.65947],[76.14883,11.65982],[76.14953,11.65971],[76.14981,11.65954],[76.14984,11.65855],[76.15045,11.65792],[76.1505,11.65725],[76.15102,11.65677],[76.15097,11.65625],[76.15149,11.65538],[76.15172,11.65476],[76.15192,11.6546],[76.15257,11.65463],[76.15281,11.65442],[76.15269,11.65364],[76.15198,11.65274],[76.15197,11.65261],[76.15205,11.65245],[76.15295,11.65217],[76.15328,11.65195],[76.15324,11.65177],[76.15286,11.65167],[76.15276,11.65154],[76.15278,11.65025],[76.15258,11.64991],[76.15261,11.64968],[76.15328,11.64941],[76.1542,11.64928],[76.15475,11.64967],[76.15518,11.64978],[76.15559,11.64957],[76.156,11.64915],[76.15638,11.64848],[76.15653,11.64843],[76.15713,11.64857],[76.15738,11.64887],[76.15843,11.649],[76.15902,11.64891],[76.15969,11.64853],[76.16021,11.64726],[76.15995,11.64678],[76.16008,11.64629],[76.16003,11.64545],[76.15946,11.64503],[76.15927,11.64422],[76.15932,11.64409],[76.15989,11.64398],[76.16008,11.64315],[76.16033,11.64294],[76.161,11.64277],[76.16119,11.64258],[76.16114,11.64231],[76.161,11.64223],[76.16033,11.6425],[76.16015,11.64242],[76.16019,11.64215],[76.16068,11.64157],[76.16093,11.64141],[76.16119,11.64138],[76.16153,11.64173],[76.16179,11.64175],[76.16228,11.64165],[76.16245,11.64151],[76.16231,11.64095],[76.16264,11.64035],[76.16264,11.63998],[76.16234,11.6394],[76.162,11.63925],[76.16193,11.63913],[76.16233,11.63901],[76.16252,11.63883],[76.1625,11.63852],[76.16219,11.63816],[76.16255,11.638],[76.16277,11.63778],[76.16322,11.637],[76.1633,11.63659],[76.16302,11.63598],[76.16307,11.63566],[76.1633,11.63552],[76.16386,11.63566],[76.16423,11.636],[76.16489,11.63622],[76.1654,11.63616],[76.16566,11.63598],[76.16566,11.63557],[76.16537,11.6352],[76.16509,11.63501],[76.16505,11.63475],[76.16521,11.63467],[76.16565,11.6349],[76.16694,11.63398],[76.16711,11.63366],[76.16686,11.63298],[76.16723,11.6326],[76.1678,11.63239],[76.16797,11.63223],[76.16766,11.63161],[76.16833,11.63075],[76.16834,11.63054],[76.16823,11.63029],[76.16784,11.63004],[76.16801,11.62982],[76.16801,11.62963],[76.16742,11.62895],[76.16751,11.62827],[76.16746,11.62802],[76.16708,11.62758],[76.16708,11.62744],[76.16751,11.62702],[76.16772,11.62658],[76.1684,11.62668],[76.16885,11.62633],[76.16931,11.62621],[76.16953,11.62602],[76.16953,11.62578],[76.16927,11.62546],[76.16927,11.62459],[76.16901,11.62428],[76.16906,11.62391],[76.16883,11.62369],[76.16879,11.62353],[76.16897,11.62351],[76.16927,11.62372],[76.16953,11.62376],[76.16985,11.62351],[76.17004,11.6235],[76.17043,11.62426],[76.1706,11.62438],[76.17091,11.62434],[76.1711,11.6241],[76.17095,11.62359],[76.16936,11.62204],[76.16965,11.62208],[76.17005,11.62236],[76.17036,11.62232],[76.1705,11.62197],[76.17033,11.62172],[76.17022,11.62095],[76.17038,11.62083],[76.17081,11.62076],[76.17113,11.62052],[76.17124,11.62025],[76.17119,11.61969],[76.17128,11.61941],[76.17186,11.61882],[76.17328,11.61858],[76.17362,11.61831],[76.17377,11.61788],[76.17379,11.61668],[76.17451,11.61542],[76.1745,11.6149],[76.17469,11.61461],[76.17484,11.61453],[76.17525,11.61463],[76.17558,11.61453],[76.1761,11.61471],[76.17662,11.61433],[76.1771,11.61421],[76.17721,11.61394],[76.17699,11.6134],[76.17763,11.61266],[76.17774,11.61155],[76.1778,11.61135],[76.17806,11.61122],[76.17823,11.61099],[76.1784,11.60985],[76.17923,11.60909],[76.17919,11.60867],[76.17953,11.6085],[76.17951,11.60808],[76.18021,11.60851],[76.18017,11.60892],[76.18047,11.60917],[76.18063,11.60972],[76.18095,11.60972],[76.18104,11.6096],[76.18101,11.60932],[76.18149,11.60904],[76.18194,11.60916],[76.18169,11.60889],[76.18141,11.60891],[76.18121,11.60914],[76.18088,11.60923],[76.18092,11.60961],[76.1807,11.60964],[76.18061,11.60916],[76.1803,11.60886],[76.1804,11.60862],[76.18035,11.60842],[76.17999,11.60808],[76.17966,11.60802],[76.17954,11.60787],[76.17932,11.60788],[76.1794,11.60845],[76.17909,11.60856],[76.17908,11.60912],[76.17862,11.60945],[76.17837,11.60976],[76.17824,11.61016],[76.17819,11.61083],[76.178,11.61118],[76.17774,11.6112],[76.17759,11.61154],[76.17749,11.61261],[76.17734,11.61283],[76.17715,11.61292],[76.17712,11.61317],[76.17686,11.61332],[76.1768,11.61347],[76.17706,11.61382],[76.17709,11.61408],[76.17637,11.61433],[76.17604,11.6146],[76.17559,11.6144],[76.17524,11.61452],[76.17478,11.61442],[76.17447,11.61473],[76.1743,11.61425],[76.17388,11.61398],[76.17338,11.61385],[76.17322,11.61425],[76.17264,11.61462],[76.17187,11.61471],[76.17172,11.61468],[76.17121,11.61417],[76.17022,11.61399],[76.16944,11.61365],[76.16884,11.61421],[76.16838,11.61412],[76.16809,11.61416],[76.16784,11.61432],[76.16773,11.61497],[76.16755,11.61518],[76.16739,11.61455],[76.16663,11.61457],[76.16573,11.61426],[76.16498,11.61345],[76.16431,11.6123],[76.16431,11.61196],[76.16449,11.61142],[76.16485,11.61137],[76.16539,11.6116],[76.16546,11.6111],[76.16589,11.6107],[76.16586,11.6102],[76.16614,11.60951],[76.16636,11.60948],[76.16663,11.60971],[76.16679,11.61007],[76.16697,11.61018],[76.16721,11.61018],[76.16749,11.60996],[76.16755,11.60957],[76.16744,11.60879],[76.16731,11.60847],[76.16695,11.60815],[76.16686,11.60795],[76.16692,11.60777],[76.16782,11.60721],[76.16784,11.60701],[76.16751,11.60674],[76.16751,11.60663],[76.16796,11.60638],[76.16798,11.60613],[76.16818,11.6059],[76.16821,11.60568],[76.16928,11.60566],[76.16991,11.60471],[76.17043,11.60439],[76.17097,11.60374],[76.17102,11.60345],[76.17059,11.60349],[76.17066,11.60313],[76.17057,11.60271],[76.17095,11.60212],[76.17143,11.60199],[76.17161,11.60157],[76.17195,11.60136],[76.17175,11.6007],[76.17233,11.60028],[76.17265,11.60023],[76.17306,11.59955],[76.17314,11.59953],[76.17326,11.59971],[76.17371,11.59936],[76.17431,11.59932],[76.17457,11.59938],[76.17491,11.59962],[76.17516,11.59961],[76.17509,11.59931],[76.17576,11.59913],[76.17588,11.59902],[76.17591,11.5988],[76.17604,11.59882],[76.17615,11.59899],[76.17633,11.599],[76.17649,11.59889],[76.17654,11.59861],[76.1767,11.59853],[76.17706,11.59874],[76.17792,11.59855],[76.17786,11.59782],[76.1775,11.59717],[76.17739,11.5966],[76.17766,11.59599],[76.17841,11.59523],[76.17849,11.59489],[76.17844,11.59471],[76.17836,11.59514],[76.17756,11.59594],[76.17724,11.59657],[76.17733,11.59705],[76.17774,11.5978],[76.17779,11.59849],[76.17714,11.59859],[76.17687,11.59841],[76.17661,11.59841],[76.17645,11.5985],[76.17629,11.59886],[76.17604,11.59865],[76.17585,11.59865],[76.1757,11.59901],[76.17553,11.59914],[76.17501,11.59921],[76.175,11.5995],[76.17493,11.59952],[76.17445,11.59925],[76.17403,11.59918],[76.17369,11.59924],[76.17338,11.59951],[76.17322,11.59942],[76.17296,11.59945],[76.17255,11.60007],[76.1722,11.6002],[76.17166,11.60062],[76.17162,11.60081],[76.1718,11.60116],[76.17179,11.60135],[76.17143,11.60161],[76.17127,11.60192],[76.17094,11.60202],[76.17071,11.60221],[76.17045,11.60273],[76.17048,11.60365],[76.17068,11.60372],[76.17093,11.60354],[76.1709,11.60368],[76.17046,11.60421],[76.16982,11.60467],[76.16919,11.60559],[76.16852,11.6055],[76.16812,11.60561],[76.16787,11.60622],[76.16742,11.60658],[76.16742,11.60685],[76.16764,11.60714],[76.1669,11.60757],[76.16677,11.60779],[76.16677,11.60809],[76.1673,11.60881],[76.16742,11.60941],[76.1674,11.60989],[76.16728,11.61005],[76.16692,11.61],[76.16654,11.60944],[76.16614,11.60926],[76.16582,11.60986],[76.1657,11.61074],[76.16537,11.61104],[76.16532,11.6107],[76.16494,11.60993],[76.16507,11.60896],[76.16487,11.60816],[76.16467,11.60766],[76.1642,11.60716],[76.16417,11.60662],[76.16361,11.6053],[76.16359,11.60509],[76.16381,11.60475],[76.16386,11.60395],[76.16373,11.6037],[76.16328,11.60377],[76.1631,11.6035],[76.16258,11.60329],[76.16235,11.60273],[76.16157,11.60232],[76.16147,11.60201],[76.16179,11.60161],[76.16177,11.60138],[76.1615,11.60102],[76.16105,11.60086],[76.16089,11.60071],[76.16132,11.60023],[76.16143,11.59992],[76.16102,11.59908],[76.16125,11.59892],[76.16156,11.59906],[76.16174,11.59899],[76.16197,11.59771],[76.16184,11.59749],[76.16138,11.59739],[76.16125,11.59715],[76.16082,11.59685],[76.16087,11.59672],[76.1612,11.59692],[76.16138,11.59659],[76.16172,11.59667],[76.16204,11.59658],[76.16229,11.59636],[76.16278,11.59555],[76.16316,11.59454],[76.16346,11.59431],[76.16364,11.59399],[76.16426,11.59372],[76.16463,11.59293],[76.16446,11.59279],[76.16413,11.59277],[76.16399,11.5926],[76.16462,11.59174],[76.16496,11.59073],[76.16499,11.5903],[76.16474,11.59006],[76.16457,11.59002],[76.16446,11.58982],[76.16454,11.58944],[76.16467,11.58935],[76.16469,11.58905],[76.16461,11.58879],[76.16403,11.58845],[76.16403,11.58827],[76.16426,11.58814],[76.16429,11.58795],[76.16411,11.58789],[76.16396,11.58761],[76.16409,11.58711],[76.16403,11.58672],[76.16369,11.58648],[76.16361,11.58619],[76.16339,11.58617],[76.16306,11.58638],[76.16276,11.5864],[76.1626,11.58614],[76.16252,11.58592],[76.16276,11.5853],[76.16338,11.58498],[76.16351,11.58476],[76.16312,11.5845],[76.16299,11.58426],[76.16228,11.58355],[76.16219,11.5831],[76.16237,11.58265],[76.16222,11.58239],[76.16226,11.5822],[76.16258,11.58192],[76.163,11.58116],[76.16384,11.58074],[76.16415,11.58002],[76.16447,11.57966],[76.16438,11.57928],[76.16442,11.5788],[76.16427,11.57835],[76.16476,11.57729],[76.16476,11.57709],[76.16463,11.57694],[76.16411,11.57675],[76.16406,11.57633],[76.16444,11.57612],[76.16476,11.57493],[76.16505,11.57461],[76.1651,11.57416],[76.16499,11.57417],[76.16492,11.57448],[76.16463,11.57498],[76.16433,11.57603],[76.16397,11.57624],[76.16393,11.57676],[76.16456,11.5772],[76.16449,11.57756],[76.16415,11.57817],[76.16427,11.57959],[76.16361,11.58078],[76.16314,11.58101],[76.16247,11.58085],[76.16231,11.58098],[76.16197,11.58105],[76.16186,11.5809],[76.16179,11.58072],[76.16193,11.58036],[76.1619,11.57984],[76.16139,11.57916],[76.16148,11.57795],[76.16118,11.57754],[76.16093,11.5775],[76.16053,11.57721],[76.16024,11.57712],[76.1599,11.57669],[76.15943,11.57633],[76.15754,11.57615],[76.15668,11.57628],[76.15668,11.57622],[76.15691,11.57603],[76.15767,11.57582],[76.15796,11.57517],[76.15811,11.57506],[76.15894,11.57519],[76.15928,11.57491],[76.15963,11.57431],[76.15985,11.57411],[76.16068,11.57377],[76.16077,11.57383],[76.16087,11.57478],[76.16053,11.576],[76.16062,11.57689],[76.16087,11.57723],[76.16116,11.57738],[76.16181,11.57758],[76.16218,11.57755],[76.1629,11.57703],[76.16347,11.57636],[76.16513,11.57301],[76.1654,11.57224],[76.16633,11.57121],[76.16736,11.57037],[76.1685,11.56963],[76.1689,11.56951],[76.16921,11.56955],[76.16955,11.56995],[76.16964,11.57033],[76.16932,11.57071],[76.169,11.57088],[76.16783,11.57103],[76.16724,11.57128],[76.16672,11.57177],[76.16617,11.57259],[76.16612,11.57342],[76.16526,11.57464],[76.1652,11.575],[76.16526,11.57647],[76.16497,11.57731],[76.1648,11.57868],[76.16482,11.5791],[76.16503,11.57969],[76.16501,11.58019],[76.16484,11.58049],[76.1644,11.58091],[76.16356,11.58114],[76.16318,11.58135],[76.16295,11.58162],[76.16276,11.58208],[76.16291,11.58296],[76.16371,11.58317],[76.16421,11.58422],[76.16441,11.58449],[76.16467,11.58458],[76.1651,11.58447],[76.16552,11.58418],[76.16567,11.5839],[76.16564,11.58326],[76.16581,11.58298],[76.16605,11.583],[76.16621,11.58327],[76.1663,11.58397],[76.16645,11.58417],[76.16672,11.58424],[76.16713,11.58396],[76.16736,11.58348],[76.16763,11.58323],[76.16847,11.58313],[76.16888,11.58289],[76.16942,11.58209],[76.16934,11.5815],[76.16908,11.58105],[76.16821,11.58065],[76.16806,11.58023],[76.16813,11.58008],[76.16888,11.57969],[76.16969,11.57757],[76.17016,11.57714],[76.17035,11.5771],[76.17056,11.57714],[76.17071,11.57729],[76.17079,11.57756],[76.17075,11.57847],[76.17058,11.57895],[76.17025,11.57925],[76.17003,11.5798],[76.1699,11.58084],[76.16997,11.58132],[76.17053,11.58189],[76.17239,11.58206],[76.17263,11.58219],[76.1727,11.58242],[76.17257,11.58279],[76.17253,11.58356],[76.1723,11.58378],[76.17191,11.58387],[76.17168,11.58374],[76.17104,11.58287],[76.17065,11.5828],[76.17018,11.58287],[76.16985,11.58303],[76.1696,11.58333],[76.16947,11.5836],[76.16936,11.58429],[76.16916,11.58462],[76.16878,11.58493],[76.16845,11.58515],[76.16714,11.58545],[76.1666,11.5857],[76.16636,11.58639],[76.16654,11.58747],[76.16605,11.58876],[76.16605,11.58924],[76.16623,11.58968],[76.16618,11.58999],[76.1661,11.59024],[76.16571,11.59065],[76.16524,11.59082],[76.16508,11.59125],[76.16515,11.59172],[76.16547,11.59198],[76.16556,11.59231],[76.16535,11.59324],[76.16547,11.59344],[76.16573,11.59355],[76.16579,11.59387],[76.16551,11.5941],[76.16449,11.59393],[76.16385,11.5943],[76.16309,11.59571],[76.1625,11.59644],[76.16244,11.59666],[76.1625,11.59686],[76.16302,11.59698],[76.16314,11.5974],[76.16268,11.59811],[76.16228,11.59903],[76.16209,11.5996],[76.16214,11.60017],[76.16264,11.60089],[76.16366,11.60094],[76.16385,11.60105],[76.16385,11.60122],[76.1633,11.60176],[76.16303,11.60221],[76.16305,11.60282],[76.16356,11.60298],[76.16381,11.60296],[76.16404,11.60284],[76.16501,11.60191],[76.16524,11.6019],[76.16549,11.60206],[76.16548,11.6026],[76.16484,11.60311],[76.16412,11.60429],[76.16398,11.60515],[76.16412,11.60574],[76.16433,11.60612],[76.1645,11.60713],[76.16521,11.60821],[76.16579,11.60815],[76.16654,11.60758],[76.16696,11.60707],[76.16726,11.60628],[76.16759,11.60591],[76.16774,11.6054],[76.16799,11.60498],[76.16923,11.60328],[76.16997,11.60189],[76.17119,11.60029],[76.17138,11.59909],[76.17134,11.598],[76.17094,11.59697],[76.17033,11.59615],[76.17001,11.59588],[76.16991,11.59558],[76.17001,11.59531],[76.17029,11.59518],[76.17085,11.59544],[76.17121,11.59548],[76.17138,11.59539],[76.17159,11.5952],[76.17238,11.59342],[76.17266,11.59327],[76.17291,11.59332],[76.17306,11.59341],[76.17317,11.59365],[76.17314,11.59406],[76.17271,11.59473],[76.17251,11.59562],[76.17245,11.59663],[76.17256,11.59739],[76.17287,11.59787],[76.17401,11.59859],[76.1742,11.59853],[76.17499,11.59758],[76.17523,11.59758],[76.1755,11.59838],[76.17573,11.59848],[76.1767,11.59825],[76.17705,11.59783],[76.17687,11.59649],[76.17701,11.59592],[76.17775,11.59449],[76.17803,11.59337],[76.17804,11.59228],[76.17823,11.59209],[76.17844,11.59203],[76.17924,11.59211],[76.17994,11.59197],[76.18036,11.59125],[76.18036,11.59058],[76.18028,11.59041],[76.1796,11.58967],[76.17878,11.58947],[76.1777,11.5894],[76.17699,11.58951],[76.17693,11.58921],[76.1771,11.58904],[76.17775,11.58887],[76.17796,11.58873],[76.17805,11.58797],[76.178,11.58766],[76.17767,11.58712],[76.17697,11.58673],[76.1768,11.58606],[76.17631,11.5852],[76.17653,11.58492],[76.17679,11.58487],[76.17735,11.5857],[76.17777,11.58655],[76.17828,11.58713],[76.17869,11.58753],[76.17916,11.58746],[76.17942,11.58725],[76.18,11.58584],[76.18066,11.58531],[76.18091,11.58488],[76.18124,11.58368],[76.18181,11.58311],[76.18217,11.58259],[76.18219,11.58213],[76.18191,11.58149],[76.18158,11.58114],[76.18084,11.58091],[76.18038,11.58084],[76.17962,11.58095],[76.17894,11.58138],[76.17771,11.58125],[76.17579,11.58081],[76.1756,11.58056],[76.1756,11.58035],[76.17751,11.57948],[76.17771,11.57925],[76.17771,11.57905],[76.17759,11.57864],[76.17682,11.5775],[76.17634,11.57694],[76.17572,11.57645],[76.17573,11.57589],[76.176,11.57551],[76.17619,11.57541],[76.17643,11.57544],[76.17774,11.57731],[76.17857,11.57811],[76.17856,11.57799],[76.17963,11.5785],[76.17982,11.57849],[76.18007,11.57824],[76.18047,11.57822],[76.18143,11.57838],[76.18191,11.57827],[76.18215,11.57787],[76.18217,11.5768],[76.18162,11.57462],[76.18189,11.57338],[76.18191,11.57262],[76.18132,11.57147],[76.18124,11.5706],[76.18135,11.57016],[76.18147,11.5701],[76.18212,11.57037],[76.18242,11.57025],[76.18286,11.56963],[76.1832,11.56943],[76.18461,11.56894],[76.18548,11.56906],[76.18623,11.56887],[76.18656,11.56894],[76.18659,11.56922],[76.18629,11.56934],[76.186,11.5697],[76.1851,11.57005],[76.18482,11.57037],[76.18473,11.57086],[76.18511,11.57142],[76.18505,11.57174],[76.1846,11.57191],[76.1836,11.57194],[76.18302,11.57221],[76.18288,11.57242],[76.18286,11.57343],[76.18299,11.5742],[76.1834,11.5751],[76.18378,11.57533],[76.18393,11.57582],[76.18388,11.57744],[76.18412,11.57828],[76.18406,11.57853],[76.18355,11.57893],[76.18324,11.57935],[76.1832,11.57955],[76.18329,11.58001],[76.18387,11.58059],[76.18394,11.58095],[76.18371,11.58356],[76.18376,11.58425],[76.18392,11.58459],[76.1842,11.58476],[76.18459,11.58478],[76.18494,11.58457],[76.18509,11.58383],[76.18502,11.58193],[76.1851,11.58158],[76.18583,11.5807],[76.1861,11.57971],[76.1865,11.57876],[76.18692,11.57863],[76.18719,11.57872],[76.18743,11.57911],[76.1867,11.58006],[76.18596,11.58174],[76.18591,11.58227],[76.18604,11.58429],[76.18633,11.58508],[76.18658,11.58535],[76.18713,11.58563],[76.18739,11.58565],[76.18777,11.58563],[76.19045,11.58488],[76.1911,11.5845],[76.19134,11.5842],[76.1914,11.58363],[76.19118,11.58317],[76.19064,11.58275],[76.19058,11.58223],[76.19095,11.582],[76.19138,11.58194],[76.19167,11.58179],[76.1919,11.58184],[76.19215,11.58215],[76.1924,11.58217],[76.19299,11.58144],[76.19349,11.58041],[76.19346,11.57981],[76.19318,11.57943],[76.19318,11.57899],[76.19329,11.5788],[76.19379,11.57845],[76.19411,11.57853],[76.19449,11.57918],[76.19449,11.57938],[76.19395,11.58034],[76.19388,11.58126],[76.19345,11.58216],[76.19333,11.58278],[76.19255,11.58407],[76.19243,11.58469],[76.19253,11.58572],[76.19234,11.58616],[76.19191,11.58627],[76.19155,11.58612],[76.19057,11.58597],[76.1894,11.58611],[76.18859,11.58647],[76.18791,11.58714],[76.18781,11.58757],[76.18779,11.58844],[76.18759,11.58918],[76.18762,11.58967],[76.18864,11.5905],[76.18986,11.59101],[76.19009,11.59124],[76.19009,11.59158],[76.1899,11.59183],[76.18955,11.59185],[76.18746,11.59106],[76.1862,11.59045],[76.18507,11.59037],[76.18392,11.59046],[76.18351,11.59106],[76.18341,11.59132],[76.18344,11.5916],[76.1835,11.59178],[76.1843,11.59251],[76.18438,11.59271],[76.18427,11.59286],[76.18403,11.59295],[76.18286,11.59296],[76.18226,11.59306],[76.18147,11.59325],[76.18096,11.59348],[76.18082,11.59365],[76.18079,11.59387],[76.18082,11.59416],[76.18117,11.59478],[76.18108,11.59506],[76.18074,11.59502],[76.18018,11.59468],[76.17957,11.59461],[76.17825,11.59594],[76.17829,11.59658],[76.17869,11.59713],[76.17995,11.598],[76.18092,11.59809],[76.1814,11.59824],[76.18138,11.59863],[76.18124,11.59878],[76.18098,11.59884],[76.17924,11.59877],[76.17855,11.59889],[76.17732,11.59953],[76.17706,11.59977],[76.17695,11.60012],[76.17697,11.60106],[76.17689,11.60133],[76.1767,11.6015],[76.17638,11.6015],[76.17619,11.60135],[76.17525,11.60029],[76.1746,11.60006],[76.17396,11.60006],[76.17354,11.60025],[76.17272,11.60121],[76.17184,11.60174],[76.17138,11.6024],[76.17129,11.60277],[76.1714,11.60363],[76.17292,11.60443],[76.17293,11.60488],[76.17264,11.60498],[76.1715,11.60431],[76.17122,11.60428],[76.17092,11.60441],[76.17037,11.60504],[76.16965,11.60554],[76.16942,11.60593],[76.16965,11.60694],[76.16959,11.60721],[76.16932,11.60744],[76.16827,11.60727],[76.16778,11.60775],[76.16761,11.60857],[76.16774,11.6093],[76.16774,11.61012],[76.16751,11.61033],[76.16698,11.61034],[76.16663,11.61019],[76.16635,11.61031],[76.16608,11.61077],[76.16581,11.61153],[76.16537,11.6118],[76.16507,11.61234],[76.16505,11.61258],[76.16537,11.61356],[76.16586,11.61399],[76.1664,11.61403],[76.16734,11.61385],[76.16805,11.61331],[76.16844,11.61313],[76.17125,11.61291],[76.17147,11.61279],[76.17194,11.61184],[76.17236,11.61205],[76.17258,11.61254],[76.17326,11.61325],[76.17384,11.61349],[76.17446,11.61342],[76.17484,11.61322],[76.17534,11.61257],[76.1757,11.6124],[76.17632,11.61266],[76.17683,11.61248],[76.17706,11.61231],[76.17745,11.61145],[76.17758,11.61085],[76.17747,11.61041],[76.17733,11.61017],[76.17604,11.60919],[76.175,11.60892],[76.17491,11.60876],[76.17507,11.60856],[76.17551,11.6084],[76.1757,11.60843],[76.17693,11.60912],[76.17764,11.60922],[76.17799,11.60915],[76.17887,11.60868],[76.1791,11.60834],[76.17907,11.60775],[76.17924,11.6076],[76.17969,11.60745],[76.17982,11.60662],[76.17976,11.60584],[76.17982,11.60555],[76.17999,11.60495],[76.18031,11.60474],[76.18066,11.605],[76.18081,11.60537],[76.18093,11.60716],[76.18153,11.60788],[76.18195,11.60804],[76.1824,11.60807],[76.18313,11.60746],[76.18351,11.60579],[76.1834,11.60361],[76.18282,11.60243],[76.18279,11.60201],[76.18301,11.6011],[76.18282,11.60038],[76.18247,11.59984],[76.18244,11.59939],[76.18244,11.59907],[76.18256,11.59879],[76.18298,11.59832],[76.18449,11.59728],[76.185,11.5974],[76.18566,11.59813],[76.18596,11.59825],[76.18671,11.59808],[76.18702,11.59786],[76.18734,11.59727],[76.18737,11.59699],[76.18736,11.5963],[76.18714,11.59538],[76.18719,11.59515],[76.18802,11.5943],[76.18832,11.59417],[76.18866,11.59418],[76.1889,11.59451],[76.1887,11.59526],[76.18873,11.59565],[76.1892,11.59592],[76.18975,11.59592],[76.19139,11.59511],[76.19221,11.59458],[76.19286,11.59364],[76.19408,11.59331],[76.19719,11.59157],[76.19799,11.59098],[76.19815,11.59093],[76.19926,11.59113],[76.20005,11.59111],[76.20051,11.591],[76.20119,11.59058],[76.20186,11.59032],[76.20205,11.59032],[76.20231,11.59049],[76.20232,11.59101],[76.20115,11.59214],[76.20093,11.59305],[76.20105,11.59396],[76.20099,11.59407],[76.2007,11.59414],[76.20041,11.594],[76.20018,11.5932],[76.1999,11.59264],[76.19933,11.59214],[76.19883,11.59196],[76.19849,11.59203],[76.19769,11.59279],[76.19715,11.59313],[76.1962,11.5934],[76.19574,11.5937],[76.19551,11.59405],[76.19575,11.59442],[76.19728,11.59554],[76.19773,11.5963],[76.19797,11.59764],[76.19818,11.59814],[76.19804,11.59877],[76.19784,11.59905],[76.19751,11.59911],[76.19681,11.59895],[76.19646,11.59879],[76.19628,11.59851],[76.19629,11.59798],[76.19664,11.59742],[76.19681,11.59694],[76.19673,11.59649],[76.19611,11.59553],[76.19562,11.59513],[76.1946,11.59481],[76.19347,11.5949],[76.19313,11.59516],[76.19303,11.5958],[76.19276,11.59645],[76.19197,11.59717],[76.19115,11.59746],[76.19086,11.5978],[76.19059,11.5984],[76.19028,11.59851],[76.18962,11.59833],[76.18902,11.59837],[76.18885,11.59848],[76.18866,11.59884],[76.18875,11.60006],[76.18907,11.60045],[76.19014,11.60106],[76.19019,11.60115],[76.19002,11.60157],[76.1897,11.60157],[76.189,11.60123],[76.18764,11.60083],[76.18657,11.6008],[76.1862,11.60087],[76.18539,11.60136],[76.1851,11.602],[76.1852,11.60266],[76.18536,11.60294],[76.18659,11.60392],[76.18655,11.60411],[76.18624,11.60426],[76.18568,11.60426],[76.1851,11.60442],[76.18466,11.60485],[76.18457,11.60548],[76.18468,11.60611],[76.18507,11.60653],[76.18553,11.60669],[76.18692,11.60673],[76.18751,11.60649],[76.18803,11.60614],[76.18816,11.60581],[76.18813,11.60513],[76.18837,11.60489],[76.18868,11.60589],[76.18887,11.60608],[76.18937,11.60627],[76.18997,11.6061],[76.19077,11.60525],[76.19111,11.60465],[76.19133,11.60377],[76.19117,11.6023],[76.19146,11.60209],[76.19333,11.60265],[76.19407,11.60245],[76.19434,11.60248],[76.19441,11.60263],[76.19422,11.60283],[76.19338,11.60301],[76.19303,11.60321],[76.1931,11.60347],[76.19349,11.60365],[76.19398,11.6038],[76.19508,11.60391],[76.19569,11.60384],[76.19619,11.60358],[76.19648,11.60357],[76.19667,11.60372],[76.19675,11.60414],[76.19599,11.60481],[76.19575,11.60559],[76.19554,11.60582],[76.19537,11.60586],[76.19513,11.60574],[76.19469,11.60521],[76.19435,11.60503],[76.19391,11.60495],[76.19307,11.60506],[76.1925,11.60529],[76.19186,11.60575],[76.19136,11.60632],[76.1909,11.60662],[76.18987,11.60708],[76.18941,11.60742],[76.18949,11.60815],[76.18987,11.60872],[76.19132,11.60948],[76.1935,11.61111],[76.19365,11.6113],[76.19377,11.61172],[76.19465,11.613],[76.19474,11.61346],[76.19465,11.61398],[76.19429,11.61401],[76.19376,11.61341],[76.19284,11.61261],[76.19205,11.6111],[76.19131,11.61033],[76.19047,11.61031],[76.19014,11.61042],[76.18941,11.61077],[76.18903,11.61123],[76.1887,11.61124],[76.18876,11.60953],[76.18854,11.609],[76.18758,11.60835],[76.18696,11.60816],[76.186,11.60807],[76.18514,11.60827],[76.18392,11.6091],[76.1837,11.60965],[76.18371,11.6103],[76.18435,11.61112],[76.18435,11.61148],[76.184,11.6116],[76.18327,11.61156],[76.18305,11.61085],[76.18256,11.61015],[76.18243,11.61009],[76.18159,11.60999],[76.18096,11.61014],[76.18019,11.61064],[76.17998,11.61085],[76.17979,11.61125],[76.17992,11.61167],[76.18014,11.61189],[76.1811,11.61235],[76.18137,11.61268],[76.18143,11.61294],[76.18134,11.61327],[76.18091,11.61338],[76.1805,11.61333],[76.17928,11.61284],[76.17889,11.61284],[76.17829,11.61316],[76.17809,11.61357],[76.17809,11.61383],[76.17821,11.61406],[76.17989,11.61463],[76.18069,11.61529],[76.18118,11.61554],[76.18153,11.61562],[76.18275,11.6156],[76.18325,11.61516],[76.18367,11.61523],[76.18407,11.61549],[76.18412,11.61569],[76.18394,11.61633],[76.1829,11.61695],[76.18233,11.61718],[76.18202,11.61718],[76.18084,11.61707],[76.17802,11.61615],[76.17661,11.61604],[76.17596,11.61627],[76.17516,11.61692],[76.17482,11.61772],[76.17478,11.61829],[76.17497,11.61962],[76.17551,11.62019],[76.17756,11.62135],[76.17757,11.62199],[76.17725,11.62229],[76.17694,11.62235],[76.17668,11.6222],[76.17626,11.62149],[76.17582,11.62122],[76.1749,11.621],[76.17329,11.62084],[76.17257,11.62107],[76.17226,11.62141],[76.17215,11.62168],[76.17211,11.62233],[76.17223,11.62271],[76.1728,11.62343],[76.1738,11.62395],[76.17432,11.62455],[76.17459,11.62471],[76.17555,11.62496],[76.17574,11.62534],[76.17564,11.62603],[76.17539,11.62644],[76.17532,11.62675],[76.17526,11.62765],[76.17528,11.628],[76.17539,11.62818],[76.17566,11.62842],[76.17621,11.62863],[76.17664,11.62874],[76.17715,11.62873],[76.17779,11.62836],[76.17799,11.62813],[76.17863,11.62667],[76.17883,11.62574],[76.17884,11.62471],[76.17857,11.62422],[76.17805,11.62371],[76.17792,11.62342],[76.17799,11.62322],[76.17822,11.6232],[76.17883,11.62371],[76.17905,11.62378],[76.1795,11.62369],[76.17992,11.62335],[76.18052,11.62227],[76.18048,11.62193],[76.18031,11.62151],[76.17995,11.621],[76.17998,11.62086],[76.18039,11.62067],[76.18092,11.62102],[76.18124,11.62109],[76.18217,11.62096],[76.1823,11.6208],[76.18253,11.61957],[76.1826,11.61944],[76.18302,11.61933],[76.18338,11.6194],[76.18354,11.62001],[76.18368,11.62012],[76.18424,11.62018],[76.18599,11.62086],[76.1864,11.62115],[76.18627,11.62149],[76.18607,11.6215],[76.18539,11.6212],[76.18464,11.62109],[76.18406,11.62115],[76.18322,11.6214],[76.18214,11.62207],[76.18195,11.62238],[76.18175,11.6232],[76.18159,11.62344],[76.18105,11.62373],[76.18063,11.62422],[76.18022,11.62502],[76.18008,11.62551],[76.18011,11.62578],[76.18037,11.626],[76.18197,11.62653],[76.18279,11.62665],[76.18464,11.62758],[76.18515,11.62767],[76.18582,11.62741],[76.18733,11.62723],[76.18778,11.62738],[76.18813,11.62769],[76.18824,11.62812],[76.18795,11.62818],[76.18711,11.62801],[76.18664,11.62825],[76.1864,11.62849],[76.1861,11.62921],[76.18619,11.62993],[76.18683,11.63044],[76.18674,11.63079],[76.1865,11.63081],[76.18459,11.62978],[76.18312,11.62838],[76.18226,11.6279],[76.18159,11.6278],[76.18128,11.62756],[76.18063,11.62749],[76.17995,11.62785],[76.17902,11.62852],[76.17837,11.62936],[76.17825,11.63005],[76.17789,11.63089],[76.17793,11.63116],[76.1786,11.6322],[76.1791,11.63254],[76.17916,11.63285],[76.17909,11.63305],[76.17843,11.63337],[76.17792,11.63411],[76.17765,11.63479],[76.17727,11.63464],[76.17724,11.63446],[76.17755,11.6333],[76.17754,11.63281],[76.17705,11.63195],[76.17701,11.63029],[76.17659,11.62965],[76.17583,11.62934],[76.17517,11.62927],[76.17461,11.62933],[76.17408,11.62969],[76.17328,11.63073],[76.17299,11.63131],[76.1729,11.63182],[76.17281,11.63271],[76.17299,11.63332],[76.17334,11.63383],[76.17446,11.63503],[76.17449,11.63533],[76.17438,11.63547],[76.17412,11.6355],[76.17328,11.63494],[76.17222,11.63477],[76.17216,11.63447],[76.17223,11.6338],[76.17155,11.63203],[76.17101,11.63114],[76.1706,11.63083],[76.17033,11.63079],[76.1694,11.63076],[76.16863,11.631],[76.16814,11.63199],[76.1681,11.63349],[76.16798,11.63365],[76.16734,11.63385],[76.1669,11.63434],[76.16683,11.63466],[76.16754,11.63552],[76.16757,11.63568],[76.16835,11.6364],[76.16989,11.63719],[76.17004,11.63745],[76.17004,11.63788],[76.16985,11.6388],[76.16988,11.63976],[76.17035,11.64066],[76.17082,11.64114],[76.17111,11.6413],[76.17193,11.64135],[76.17386,11.64048],[76.174,11.64027],[76.17399,11.6401],[76.17391,11.63994],[76.17338,11.63955],[76.17345,11.63923],[76.17423,11.63889],[76.1747,11.63844],[76.17499,11.63796],[76.17532,11.63782],[76.17557,11.63799],[76.176,11.63865],[76.17645,11.6391],[76.17688,11.63938],[76.17744,11.63947],[76.17788,11.63936],[76.17854,11.63901],[76.17862,11.63844],[76.17836,11.63743],[76.17855,11.63724],[76.17872,11.63721],[76.17891,11.63737],[76.17913,11.63788],[76.17953,11.63842],[76.17976,11.63852],[76.18072,11.63847],[76.18135,11.63826],[76.18219,11.63757],[76.18346,11.63683],[76.18418,11.63658],[76.18412,11.63701],[76.18285,11.63765],[76.18262,11.63792],[76.18248,11.63831],[76.18253,11.63846],[76.18269,11.6386],[76.18422,11.63894],[76.18532,11.63904],[76.18563,11.63929],[76.18559,11.63954],[76.18494,11.63962],[76.18233,11.63945],[76.18069,11.63958],[76.17992,11.63979],[76.17879,11.64042],[76.17789,11.64132],[76.17776,11.64169],[76.17773,11.64252],[76.17762,11.64264],[76.17732,11.64266],[76.17699,11.64208],[76.17664,11.64188],[76.17587,11.64172],[76.17519,11.64179],[76.1748,11.64195],[76.1743,11.64243],[76.17417,11.6428],[76.17428,11.64351],[76.17441,11.64388],[76.1748,11.6443],[76.17589,11.64435],[76.17634,11.6448],[76.17647,11.64517],[76.17654,11.64625],[76.17673,11.64691],[76.17731,11.64768],[76.17781,11.64797],[76.17828,11.64802],[76.17895,11.64766],[76.18028,11.6465],[76.18047,11.64645],[76.18065,11.64657],[76.18049,11.64701],[76.1794,11.64815],[76.17924,11.64852],[76.17945,11.64905],[76.18014,11.64944],[76.18121,11.64973],[76.18217,11.64981],[76.18314,11.65016],[76.18349,11.65016],[76.18383,11.65005],[76.18417,11.64973],[76.18507,11.6486],[76.18599,11.64802],[76.18739,11.64757],[76.18822,11.64748],[76.18839,11.64771],[76.18837,11.64806],[76.18783,11.64852],[76.18753,11.64918],[76.18726,11.64946],[76.18614,11.64985],[76.18574,11.65008],[76.18552,11.65041],[76.18549,11.65085],[76.18571,11.65146],[76.18642,11.65277],[76.18702,11.6535],[76.18897,11.65459],[76.18964,11.65459],[76.19014,11.65424],[76.19028,11.65426],[76.19037,11.65442],[76.19016,11.65505],[76.19055,11.65529],[76.19063,11.65575],[76.19046,11.65594],[76.19034,11.65594],[76.18922,11.65535],[76.18736,11.6551],[76.18712,11.65528],[76.18699,11.6557],[76.18724,11.65633],[76.18732,11.65681],[76.18705,11.65716],[76.18688,11.65716],[76.18667,11.65704],[76.18646,11.65664],[76.18625,11.65586],[76.18588,11.65561],[76.1858,11.65539],[76.18578,11.65484],[76.18591,11.65448],[76.18592,11.65396],[76.18571,11.65333],[76.18512,11.65241],[76.18443,11.65169],[76.18333,11.65152],[76.18262,11.65182],[76.18255,11.65207],[76.18232,11.65228],[76.18213,11.65226],[76.18176,11.65152],[76.18114,11.65097],[76.17979,11.65042],[76.17876,11.65029],[76.17802,11.65005],[76.1777,11.65013],[76.17752,11.65037],[76.17718,11.6515],[76.17668,11.65269],[76.1767,11.65303],[76.17731,11.65351],[76.17968,11.65461],[76.17975,11.65495],[76.17967,11.65513],[76.17948,11.65516],[76.17846,11.65473],[76.17774,11.65455],[76.1768,11.65463],[76.17664,11.65469],[76.17641,11.65498],[76.17633,11.65544],[76.17651,11.65611],[76.17692,11.65672],[76.17688,11.65706],[76.17656,11.65709],[76.17525,11.65619],[76.17458,11.6561],[76.17429,11.65616],[76.17355,11.65661],[76.173,11.65761],[76.17266,11.65756],[76.17246,11.65596],[76.17258,11.65581],[76.1733,11.65593],[76.17381,11.65554],[76.17435,11.65537],[76.17452,11.655],[76.17455,11.65432],[76.1749,11.65404],[76.17533,11.65393],[76.17565,11.65337],[76.17573,11.65305],[76.17567,11.65266],[76.17533,11.65163],[76.17533,11.65092],[76.1757,11.649],[76.17554,11.64865],[76.17515,11.64823],[76.1747,11.64802],[76.17446,11.64806],[76.17356,11.64856],[76.1732,11.64848],[76.17307,11.64831],[76.17314,11.648],[76.17366,11.64733],[76.17386,11.64633],[76.17367,11.6457],[76.17343,11.64533],[76.17319,11.64501],[76.17272,11.64467],[76.1718,11.64446],[76.17133,11.64448],[76.17093,11.64472],[76.17054,11.64528],[76.17029,11.64725],[76.1701,11.64744],[76.16979,11.64744],[76.16939,11.647],[76.16933,11.64679],[76.16961,11.64459],[76.1694,11.64283],[76.16882,11.64238],[76.1676,11.6419],[76.1666,11.64169],[76.16626,11.64175],[76.16605,11.64207],[76.16605,11.64234],[76.16646,11.64323],[76.16644,11.64362],[76.16636,11.6438],[76.16596,11.64382],[76.16538,11.6433],[76.16479,11.64186],[76.1643,11.64161],[76.1635,11.64141],[76.16305,11.64151],[76.16249,11.64201],[76.16154,11.64216],[76.16132,11.64256],[76.16145,11.64327],[76.16185,11.64387],[76.16211,11.644],[76.16255,11.64395],[76.16334,11.64423],[76.16391,11.64489],[76.16415,11.6458],[76.16401,11.64637],[76.16386,11.64661],[76.16325,11.64671],[76.16299,11.64684],[76.16279,11.64713],[76.16255,11.64783],[76.16261,11.64823],[76.16281,11.64857],[76.16315,11.64888],[76.16349,11.64896],[76.16459,11.64862],[76.1654,11.6481],[76.16562,11.64806],[76.16583,11.64817],[76.16595,11.64837],[76.1659,11.64861],[76.1655,11.6487],[76.16485,11.64909],[76.16419,11.64977],[76.16404,11.65049],[76.16419,11.65115],[76.16492,11.65206],[76.16544,11.65232],[76.16573,11.6523],[76.16698,11.65151],[76.16766,11.65122],[76.16789,11.65142],[76.168,11.65183],[76.16727,11.65248],[76.16726,11.65258],[76.16833,11.65366],[76.16866,11.65376],[76.16943,11.65353],[76.17,11.65353],[76.17007,11.6536],[76.17015,11.65383],[76.17004,11.65393],[76.16923,11.65417],[76.16889,11.65443],[76.16868,11.65475],[76.16876,11.65589],[76.16899,11.65634],[76.16954,11.65694],[76.16942,11.65706],[76.16903,11.65703],[76.16779,11.65601],[76.16759,11.65564],[76.16746,11.65449],[76.16722,11.65409],[76.16639,11.65394],[76.16573,11.65365],[76.16469,11.65295],[76.16428,11.65276],[76.16406,11.65276],[76.1636,11.65279],[76.1632,11.65308],[76.16302,11.6537],[76.16302,11.65443],[76.1632,11.65509],[76.16344,11.6555],[76.1643,11.65618],[76.16445,11.65653],[76.1642,11.65665],[76.16391,11.65652],[76.16331,11.65652],[76.16263,11.65702],[76.16259,11.6572],[76.16239,11.65728],[76.16205,11.6572],[76.16196,11.65707],[76.16196,11.65617],[76.16216,11.65454],[76.16206,11.6543],[76.16132,11.65387],[76.1612,11.65363],[76.1612,11.65333],[76.16132,11.65313],[76.16159,11.65299],[76.16237,11.65278],[76.16264,11.65238],[76.16272,11.652],[76.16257,11.65083],[76.16198,11.64997],[76.16145,11.6494],[76.16033,11.64878],[76.15971,11.6487],[76.15895,11.64955],[76.15863,11.6506],[76.15866,11.65104],[76.15881,11.65124],[76.15884,11.65187],[76.15858,11.65196],[76.15805,11.65185],[76.15755,11.65188],[76.15682,11.65217],[76.15578,11.6515],[76.15519,11.65147],[76.15458,11.65162],[76.15397,11.65209],[76.15368,11.6527],[76.15359,11.65322],[76.15333,11.65389],[76.15254,11.65494],[76.15242,11.65541],[76.15251,11.65602],[76.15306,11.6564],[76.15359,11.65628],[76.15452,11.65588],[76.15487,11.65585],[76.15557,11.65599],[76.15586,11.65628],[76.15601,11.6566],[76.15644,11.65695],[76.15692,11.657],[76.15806,11.65685],[76.15856,11.65695],[76.1586,11.6575],[76.15848,11.65783],[76.15845,11.65851],[76.15878,11.65944],[76.1587,11.65978],[76.15833,11.6599],[76.15807,11.65972],[76.15743,11.65859],[76.15659,11.65803],[76.15499,11.65786],[76.154,11.65794],[76.15365,11.65812],[76.15362,11.65838],[76.15382,11.65902],[76.15423,11.65943],[76.15496,11.66086],[76.15494,11.66098],[76.15462,11.66097],[76.15433,11.66045],[76.15352,11.65974],[76.15273,11.65935],[76.15199,11.65942],[76.15138,11.65968],[76.15009,11.66054],[76.14971,11.66141],[76.14969,11.6625],[76.14989,11.66317],[76.14987,11.66341],[76.14977,11.66351],[76.14854,11.66319],[76.14738,11.66328],[76.14674,11.66374],[76.14611,11.66498],[76.14589,11.665],[76.14492,11.66467],[76.14445,11.66429],[76.14395,11.66405],[76.14361,11.66405],[76.14328,11.66421],[76.14302,11.66475],[76.143,11.66578],[76.14312,11.66635],[76.14346,11.66766],[76.14377,11.66821],[76.14427,11.66875],[76.1449,11.66883],[76.14623,11.66829],[76.14664,11.66792],[76.1472,11.6676],[76.14742,11.66768],[76.14767,11.66803],[76.14771,11.66839],[76.14746,11.66877],[76.14553,11.6699],[76.14392,11.67059],[76.14313,11.6706],[76.1429,11.67047],[76.14282,11.66914],[76.14195,11.66724],[76.14126,11.66653],[76.14033,11.66592],[76.13929,11.66568],[76.13837,11.66612],[76.13791,11.66675],[76.13779,11.66714],[76.13793,11.66801],[76.13831,11.66891],[76.13831,11.66912],[76.13813,11.67057],[76.13801,11.67069],[76.13777,11.67067],[76.13652,11.66926],[76.13604,11.66891],[76.13544,11.66813],[76.13503,11.66781],[76.13469,11.66764],[76.13348,11.6674],[76.13314,11.66722],[76.13309,11.66699],[76.13331,11.6667],[76.13452,11.66607],[76.13468,11.66579],[76.13468,11.66537],[76.13401,11.66509],[76.13284,11.66497],[76.13263,11.66476],[76.13264,11.66395],[76.13342,11.66286],[76.13343,11.66238],[76.13313,11.66134],[76.13258,11.6604],[76.13172,11.6596],[76.13102,11.65928],[76.13036,11.65926],[76.12955,11.65954],[76.1291,11.65989],[76.12867,11.66073],[76.128,11.66148],[76.12778,11.66234],[76.12785,11.66293],[76.12924,11.66507],[76.13038,11.66651],[76.13088,11.66745],[76.13131,11.66988],[76.13161,11.67046],[76.13306,11.67236],[76.13348,11.67306],[76.13446,11.6739],[76.13454,11.67425],[76.13437,11.67459],[76.134,11.67478],[76.1337,11.67481],[76.13339,11.6746],[76.13306,11.67413],[76.13265,11.6732],[76.13233,11.67285],[76.13175,11.6725],[76.13108,11.6725],[76.13066,11.67272],[76.13015,11.67349],[76.12985,11.67363],[76.12968,11.6736],[76.12952,11.67344],[76.12947,11.67322],[76.12952,11.67158],[76.1293,11.67006],[76.12919,11.66964],[76.12848,11.6687],[76.12786,11.66814],[76.12731,11.66798],[76.12695,11.66823],[76.12667,11.66884],[76.12635,11.66883],[76.12605,11.66854],[76.12575,11.66773],[76.12527,11.66768],[76.12469,11.66778],[76.12418,11.66839],[76.12415,11.66875],[76.12431,11.66907],[76.12479,11.66961],[76.1251,11.67031],[76.12516,11.67107],[76.12509,11.67192],[76.12517,11.67234],[76.12559,11.6735],[76.12664,11.67584],[76.12665,11.67607],[76.12654,11.67623],[76.12635,11.67621],[76.1256,11.67541],[76.12476,11.6732],[76.12408,11.67201],[76.12331,11.67037],[76.12331,11.6693],[76.12312,11.66815],[76.12276,11.66722],[76.12255,11.66689],[76.12225,11.6667],[76.12132,11.66664],[76.1208,11.66676],[76.12002,11.66796],[76.11971,11.66809],[76.11939,11.66845],[76.11935,11.66888],[76.11947,11.66939],[76.12027,11.67035],[76.12054,11.67145],[76.12107,11.67235],[76.12133,11.67353],[76.12113,11.67392],[76.12094,11.67405],[76.11998,11.67407],[76.11957,11.67419],[76.11863,11.67499],[76.11843,11.675],[76.11827,11.67479],[76.11835,11.6741],[76.11829,11.67375],[76.11812,11.6734],[76.1175,11.67296],[76.1166,11.67267],[76.11613,11.67272],[76.11594,11.67295],[76.11574,11.67389],[76.11557,11.67402],[76.11535,11.67399],[76.11476,11.67356],[76.11411,11.67245],[76.11342,11.67176],[76.11312,11.67159],[76.11234,11.67144],[76.11197,11.6715],[76.11156,11.67181],[76.11167,11.67227],[76.11217,11.67293],[76.11348,11.67429],[76.11466,11.67585],[76.11559,11.67745],[76.11755,11.68023],[76.1176,11.68058],[76.11745,11.6808],[76.11723,11.68086],[76.11686,11.68075],[76.11648,11.68079],[76.11595,11.68096],[76.1153,11.68075],[76.11499,11.68029],[76.11495,11.68001],[76.11522,11.6793],[76.11522,11.67852],[76.11478,11.67776],[76.11329,11.67647],[76.11314,11.67638],[76.11277,11.67649],[76.11227,11.67616],[76.11225,11.67531],[76.11208,11.67484],[76.10999,11.67303],[76.10906,11.67256],[76.10828,11.67263],[76.10783,11.67293],[76.10749,11.67303],[76.10703,11.67253],[76.10667,11.67237],[76.10569,11.67242],[76.10517,11.67261],[76.10511,11.67273],[76.10516,11.67311],[76.10607,11.67363],[76.1068,11.67425],[76.10697,11.67486],[76.10698,11.67557],[76.10719,11.67595],[76.10751,11.67622],[76.10879,11.67652],[76.10956,11.67703],[76.11057,11.6784],[76.11127,11.67917],[76.11175,11.68001],[76.11175,11.68019],[76.11081,11.68155],[76.11058,11.68166],[76.11037,11.68159],[76.11026,11.68135],[76.11037,11.68028],[76.11024,11.67983],[76.10986,11.67913],[76.1094,11.67864],[76.10809,11.67792],[76.10751,11.67775],[76.10706,11.67777],[76.10651,11.67804],[76.10613,11.67836],[76.10549,11.67941],[76.10529,11.67997],[76.10534,11.68181],[76.10517,11.68217],[76.10485,11.68224],[76.10442,11.682],[76.10373,11.68185],[76.10285,11.68191],[76.10223,11.68201],[76.10158,11.68258],[76.10149,11.68327],[76.10158,11.68364],[76.10153,11.68429],[76.10132,11.68475],[76.10088,11.6851],[76.10078,11.68538],[76.1008,11.68613],[76.10108,11.68658],[76.10221,11.68697],[76.10269,11.68681],[76.1031,11.68679],[76.1035,11.68684],[76.10435,11.68719],[76.10509,11.68724],[76.10549,11.68714],[76.10618,11.68666],[76.10648,11.68628],[76.10653,11.68581],[76.1064,11.68498],[76.10648,11.68464],[76.10666,11.68444],[76.10714,11.68503],[76.10733,11.68604],[76.10744,11.68622],[76.10889,11.68689],[76.10918,11.68715],[76.10911,11.6873],[76.10869,11.68737],[76.10683,11.68733],[76.10581,11.68795],[76.10545,11.68804],[76.10451,11.68802],[76.10438,11.68829],[76.10432,11.68878],[76.10411,11.68904],[76.10383,11.68897],[76.10333,11.6884],[76.10288,11.68813],[76.10116,11.6876],[76.10059,11.68769],[76.10014,11.68794],[76.09996,11.68847],[76.09995,11.68872],[76.10015,11.6892],[76.10073,11.68994],[76.10079,11.69194],[76.10094,11.69248],[76.10151,11.69358],[76.10207,11.69418],[76.10235,11.69429],[76.10262,11.69413],[76.10293,11.69376],[76.10319,11.69293],[76.10342,11.69259],[76.10357,11.69261],[76.10376,11.69283],[76.10416,11.69359],[76.10434,11.69372],[76.10464,11.69368],[76.10616,11.69254],[76.10677,11.69185],[76.10743,11.69079],[76.1081,11.68993],[76.10859,11.68961],[76.10879,11.68964],[76.10895,11.68981],[76.1088,11.69066],[76.10909,11.69125],[76.10902,11.69138],[76.10865,11.69146],[76.10846,11.69176],[76.10851,11.69255],[76.10881,11.69368],[76.10877,11.69393],[76.10849,11.69417],[76.10828,11.69417],[76.10761,11.69273],[76.10743,11.69262],[76.10715,11.69268],[76.1059,11.6938],[76.10537,11.69459],[76.1054,11.69521],[76.10577,11.69595],[76.10617,11.69645],[76.10625,11.69675],[76.10612,11.69684],[76.10585,11.69678],[76.10497,11.69602],[76.10435,11.69567],[76.10359,11.69593],[76.10314,11.69621],[76.10259,11.6969],[76.10246,11.69734],[76.10271,11.69773],[76.10345,11.69819],[76.1036,11.69845],[76.10356,11.6986],[76.10282,11.69886],[76.10154,11.69881],[76.1013,11.69898],[76.10175,11.70098],[76.10193,11.70136],[76.10251,11.70212],[76.10242,11.70232],[76.10174,11.70289],[76.10142,11.70338],[76.10112,11.70448],[76.10116,11.7053],[76.10159,11.70643],[76.10283,11.70835],[76.10308,11.70854],[76.1035,11.7088],[76.10404,11.70882],[76.10436,11.70864],[76.10467,11.70838],[76.10535,11.70744],[76.10591,11.70612],[76.10654,11.70554],[76.10688,11.70541],[76.10757,11.70477],[76.10857,11.70408],[76.10974,11.70365],[76.11089,11.70291],[76.11223,11.70244],[76.11275,11.70205],[76.1144,11.70016],[76.11461,11.69969],[76.11459,11.69894],[76.11443,11.69823],[76.11423,11.69782],[76.11382,11.69744],[76.11279,11.69701],[76.11214,11.69719],[76.11166,11.69721],[76.11127,11.69658],[76.11125,11.69602],[76.1113,11.6958],[76.11143,11.69571],[76.11186,11.69595],[76.1121,11.69595],[76.11238,11.6958],[76.11294,11.69517],[76.1131,11.69486],[76.1135,11.69449],[76.11349,11.69409],[76.11336,11.69394],[76.11308,11.69376],[76.11231,11.69357],[76.11199,11.69326],[76.11199,11.69311],[76.11221,11.69296],[76.11314,11.69333],[76.11372,11.69341],[76.1145,11.6931],[76.11484,11.69232],[76.11513,11.69091],[76.11512,11.69052],[76.11481,11.68952],[76.11401,11.68818],[76.11432,11.68767],[76.11453,11.68752],[76.11474,11.6875],[76.11486,11.68761],[76.11522,11.68861],[76.11542,11.68975],[76.11607,11.692],[76.11605,11.69269],[76.11578,11.69347],[76.11544,11.69396],[76.11401,11.695],[76.11376,11.6953],[76.11379,11.6956],[76.1146,11.69621],[76.11539,11.69622],[76.11573,11.69674],[76.1158,11.69722],[76.11613,11.69752],[76.11656,11.69773],[76.11691,11.69766],[76.11738,11.69731],[76.11788,11.69723],[76.11831,11.69747],[76.1186,11.69806],[76.11899,11.69853],[76.11948,11.69845],[76.11992,11.69794],[76.12006,11.69766],[76.12036,11.69617],[76.12078,11.69532],[76.12085,11.69493],[76.12064,11.69441],[76.11917,11.69362],[76.11853,11.69307],[76.11826,11.69272],[76.11833,11.6925],[76.11867,11.69254],[76.11948,11.69317],[76.12023,11.69303],[76.12062,11.69277],[76.12149,11.69169],[76.12151,11.6915],[76.12141,11.69098],[76.12049,11.68985],[76.12052,11.68961],[76.12107,11.68992],[76.12187,11.69062],[76.12208,11.6907],[76.12226,11.69065],[76.12377,11.68858],[76.12506,11.68713],[76.1253,11.68637],[76.12526,11.68527],[76.12508,11.68458],[76.12473,11.68414],[76.12379,11.68345],[76.12254,11.68338],[76.12239,11.68323],[76.12239,11.68277],[76.12252,11.68253],[76.12254,11.68192],[76.12263,11.68182],[76.12284,11.68186],[76.12302,11.68206],[76.12337,11.68223],[76.12403,11.68214],[76.12404,11.68123],[76.12372,11.68067],[76.1236,11.67992],[76.12383,11.67949],[76.12399,11.67861],[76.12391,11.67746],[76.12369,11.67686],[76.12382,11.67669],[76.12414,11.67679],[76.12481,11.67782],[76.12492,11.6783],[76.12528,11.67855],[76.12564,11.67852],[76.12582,11.67832],[76.12577,11.67762],[76.12605,11.67736],[76.12646,11.67744],[76.12667,11.67809],[76.12685,11.67835],[76.12694,11.67902],[76.1264,11.6798],[76.12616,11.68041],[76.12598,11.68188],[76.12578,11.68248],[76.12573,11.6834],[76.12585,11.68454],[76.12628,11.68504],[76.12663,11.68519],[76.12704,11.68523],[76.12743,11.68509],[76.12837,11.68429],[76.12934,11.6833],[76.12976,11.68237],[76.12971,11.68186],[76.12943,11.68133],[76.12895,11.6809],[76.12821,11.68047],[76.12824,11.6802],[76.12961,11.68002],[76.13017,11.67981],[76.13044,11.67929],[76.13058,11.67847],[76.13088,11.67822],[76.13232,11.67841],[76.13319,11.67874],[76.1336,11.67906],[76.13361,11.6793],[76.1334,11.67973],[76.13262,11.68019],[76.13216,11.68091],[76.13097,11.68235],[76.13036,11.68381],[76.12836,11.68616],[76.12817,11.68712],[76.12821,11.68863],[76.12811,11.6889],[76.12782,11.68911],[76.12744,11.68922],[76.1258,11.6894],[76.12488,11.68967],[76.12382,11.69057],[76.12259,11.69196],[76.12258,11.69316],[76.12308,11.69392],[76.12347,11.69431],[76.1241,11.6946],[76.12505,11.6947],[76.12696,11.69536],[76.12761,11.69541],[76.12799,11.69536],[76.12823,11.69519],[76.12862,11.69471],[76.12943,11.69412],[76.13041,11.69427],[76.13071,11.694],[76.13043,11.69251],[76.13009,11.69179],[76.13009,11.69163],[76.13028,11.69145],[76.13049,11.69135],[76.13204,11.69142],[76.1323,11.69135],[76.13304,11.69071],[76.13324,11.68988],[76.13318,11.68857],[76.13294,11.68811],[76.13264,11.6878],[76.13163,11.68717],[76.13142,11.68668],[76.13163,11.68634],[76.13191,11.68622],[76.13225,11.68629],[76.13263,11.68673],[76.13289,11.68756],[76.13321,11.6878],[76.13354,11.68781],[76.1339,11.68728],[76.13424,11.68594],[76.13445,11.68563],[76.13467,11.68577],[76.13472,11.68611],[76.1342,11.6873],[76.13407,11.6886],[76.13374,11.68942],[76.13408,11.6911],[76.13431,11.69133],[76.13459,11.69144],[76.135,11.69144],[76.13528,11.69133],[76.13687,11.69048],[76.13808,11.69001],[76.1384,11.68983],[76.13866,11.68953],[76.13882,11.68879],[76.13845,11.68641],[76.13834,11.686],[76.13776,11.6848],[76.13741,11.68446],[76.13659,11.68422],[76.13577,11.68426],[76.13515,11.6846],[76.13484,11.68455],[76.13465,11.68431],[76.13505,11.68278],[76.13579,11.68211],[76.13601,11.68224],[76.13619,11.68299],[76.13678,11.68328],[76.13724,11.68333],[76.13781,11.6832],[76.13825,11.68291],[76.13856,11.68225],[76.13859,11.68136],[76.13846,11.68082],[76.13805,11.68013],[76.13812,11.67975],[76.13844,11.67981],[76.1389,11.68045],[76.13969,11.68291],[76.13958,11.68348],[76.1391,11.68441],[76.1391,11.68496],[76.13914,11.68528],[76.13999,11.68756],[76.14042,11.6879],[76.14124,11.68808],[76.14191,11.6877],[76.14237,11.68726],[76.14292,11.6866],[76.14369,11.6854],[76.14386,11.6842],[76.14382,11.68365],[76.14329,11.68272],[76.14328,11.68143],[76.14292,11.6801],[76.14277,11.67986],[76.14259,11.6798],[76.1424,11.67957],[76.14202,11.67867],[76.14152,11.6781],[76.14074,11.67771],[76.13948,11.6774],[76.13875,11.67695],[76.13797,11.67675],[76.13777,11.67655],[76.13777,11.67636],[76.13805,11.67607],[76.13846,11.67603],[76.13976,11.67654],[76.14048,11.67696],[76.1415,11.67712],[76.1417,11.67708],[76.14233,11.67639],[76.14292,11.67594],[76.1438,11.67572],[76.14411,11.67574],[76.14432,11.67594],[76.14448,11.67631],[76.14435,11.6768],[76.1435,11.67739],[76.14339,11.67815],[76.14366,11.67891],[76.14439,11.68004],[76.14448,11.68034],[76.14495,11.68427],[76.14526,11.68517],[76.14561,11.68563],[76.14626,11.68608],[76.147,11.68611],[76.14757,11.686],[76.14837,11.6855],[76.14864,11.68512],[76.1488,11.68439],[76.14914,11.68395],[76.14926,11.684],[76.14937,11.68458],[76.14924,11.6855],[76.14877,11.68616],[76.1482,11.68657],[76.14735,11.68683],[76.1459,11.68699],[76.1453,11.68732],[76.14487,11.68791],[76.14422,11.68849],[76.14306,11.689],[76.14229,11.68967],[76.14193,11.69013],[76.14135,11.69057],[76.14005,11.69113],[76.13905,11.69144],[76.13728,11.69236],[76.13681,11.69273],[76.13635,11.69326],[76.13628,11.69354],[76.13634,11.6948],[76.13619,11.69484]],[[76.11857,11.70018],[76.11822,11.69997],[76.11748,11.6998],[76.11696,11.70019],[76.11571,11.70165],[76.11562,11.70197],[76.1158,11.70224],[76.11757,11.70242],[76.1193,11.70309],[76.11981,11.70296],[76.12096,11.7024],[76.12143,11.70192],[76.12153,11.70139],[76.12149,11.70118],[76.12136,11.70107],[76.12138,11.70042],[76.12125,11.70025],[76.12061,11.70039],[76.11896,11.7004],[76.11857,11.70018]],[[76.13873,11.65964],[76.1375,11.6601],[76.13615,11.66194],[76.13593,11.66293],[76.13557,11.66292],[76.13464,11.66249],[76.13443,11.66259],[76.13447,11.6629],[76.13535,11.66368],[76.13631,11.66483],[76.13657,11.66483],[76.13697,11.66467],[76.13738,11.66416],[76.13826,11.66343],[76.1385,11.66311],[76.1398,11.66223],[76.14036,11.66153],[76.14047,11.66054],[76.14044,11.66022],[76.1403,11.65996],[76.13986,11.65952],[76.13916,11.65946],[76.13873,11.65964]],[[76.1644,11.63682],[76.16406,11.63712],[76.16391,11.63818],[76.16394,11.63842],[76.16415,11.63869],[76.16457,11.639],[76.16544,11.63929],[76.1665,11.63924],[76.1676,11.63866],[76.16779,11.63842],[76.16789,11.63805],[76.16787,11.63766],[76.1677,11.63697],[76.16744,11.63641],[76.16681,11.63606],[76.16646,11.63598],[76.166,11.63614],[76.16529,11.63662],[76.16463,11.63672],[76.1644,11.63682]],[[76.17134,11.62918],[76.17178,11.62934],[76.17246,11.62927],[76.17321,11.62873],[76.17419,11.62853],[76.17441,11.62835],[76.17463,11.62793],[76.17483,11.62657],[76.17471,11.62561],[76.17392,11.62511],[76.17323,11.62439],[76.17279,11.62428],[76.17219,11.62428],[76.17164,11.62442],[76.17147,11.62455],[76.17123,11.62482],[76.17027,11.62677],[76.17024,11.62764],[76.16992,11.62815],[76.1699,11.62839],[76.1702,11.62896],[76.17106,11.62903],[76.17134,11.62918]],[[76.18249,11.58957],[76.18334,11.5898],[76.18437,11.58977],[76.18648,11.58938],[76.1867,11.58927],[76.18696,11.58874],[76.18696,11.58834],[76.18674,11.58734],[76.18652,11.58694],[76.1862,11.58659],[76.1852,11.58623],[76.1841,11.58611],[76.18344,11.5862],[76.18314,11.58634],[76.18256,11.5869],[76.18214,11.58782],[76.18208,11.58873],[76.18237,11.5894],[76.18249,11.58957]]]}},{"type":"Feature","properties":{"class":"Flood plain","fid":"13","landform":"Flood plain"},"geometry":{"type":"Polygon","coordinates":[[[76.09572,11.80872],[76.09538,11.80882],[76.09526,11.80866],[76.09575,11.80822],[76.09578,11.80795],[76.09561,11.80743],[76.09599,11.80716],[76.09612,11.80734],[76.09628,11.80797],[76.09605,11.80814],[76.09575,11.80866],[76.09572,11.80872]]]}},{"type":"Feature","properties":{"class":"Flood plain","fid":"14","landform":"Flood plain"},"geometry":{"type":"Polygon","coordinates":[[[76.01122,11.62521],[76.01149,11.62565],[76.0114,11.62583],[76.0105,11.62567],[76.01014,11.62573],[76.00978,11.62591],[76.00969,11.62616],[76.0096,11.62749],[76.00992,11.62864],[76.01014,11.62895],[76.01028,11.62907],[76.01106,11.62904],[76.01221,11.62859],[76.01379,11.62864],[76.01615,11.6295],[76.01714,11.62967],[76.01719,11.62994],[76.01674,11.63084],[76.0168,11.63129],[76.01712,11.6315],[76.01762,11.63161],[76.01843,11.6315],[76.02011,11.6315],[76.0203,11.63157],[76.02032,11.63193],[76.02008,11.63215],[76.01861,11.63264],[76.01834,11.63285],[76.01827,11.63357],[76.01847,11.63388],[76.01888,11.63415],[76.02036,11.63433],[76.02111,11.63463],[76.02126,11.63496],[76.02045,11.63591],[76.02041,11.63634],[76.02102,11.63715],[76.02164,11.6376],[76.02219,11.63771],[76.02257,11.63803],[76.0229,11.63866],[76.02322,11.64009],[76.02347,11.64037],[76.02392,11.64064],[76.02428,11.64068],[76.02612,11.64046],[76.02682,11.64046],[76.0275,11.64059],[76.02793,11.64088],[76.02904,11.64192],[76.02756,11.64235],[76.02685,11.64233],[76.02518,11.64185],[76.02446,11.64187],[76.02363,11.64219],[76.02338,11.64219],[76.02241,11.64314],[76.02174,11.64466],[76.02174,11.64485],[76.02189,11.64505],[76.02335,11.64509],[76.02498,11.64592],[76.02509,11.64617],[76.02502,11.64637],[76.02318,11.64712],[76.023,11.64725],[76.02302,11.6477],[76.02313,11.64804],[76.02349,11.64836],[76.02565,11.64944],[76.02604,11.64955],[76.0261,11.64968],[76.02608,11.64986],[76.02573,11.65034],[76.02464,11.65155],[76.02461,11.65184],[76.025,11.65315],[76.02588,11.65435],[76.02655,11.655],[76.02655,11.65513],[76.02646,11.65518],[76.02581,11.65475],[76.02516,11.65405],[76.02493,11.65405],[76.02471,11.65426],[76.02466,11.65504],[76.02484,11.65587],[76.0256,11.65651],[76.02576,11.65687],[76.02516,11.65777],[76.02399,11.65898],[76.02381,11.65928],[76.02378,11.65962],[76.02393,11.66017],[76.02425,11.66054],[76.02512,11.66138],[76.02605,11.66205],[76.02622,11.66233],[76.02615,11.66281],[76.02498,11.66281],[76.02477,11.66292],[76.02462,11.6631],[76.0245,11.66396],[76.02468,11.66432],[76.02567,11.6652],[76.02615,11.66529],[76.02671,11.66565],[76.0268,11.6661],[76.02662,11.66623],[76.02565,11.66634],[76.02511,11.66625],[76.02478,11.66554],[76.02406,11.66515],[76.02306,11.66393],[76.02272,11.6638],[76.02237,11.66396],[76.0223,11.66457],[76.02191,11.66522],[76.02135,11.66553],[76.02007,11.66601],[76.01982,11.66623],[76.01991,11.66686],[76.02045,11.66735],[76.02093,11.66753],[76.02191,11.66754],[76.02228,11.66795],[76.02241,11.66836],[76.02237,11.66882],[76.02254,11.66903],[76.02248,11.67001],[76.02187,11.67123],[76.02189,11.67163],[76.02217,11.67211],[76.02251,11.67222],[76.0233,11.67273],[76.02436,11.67281],[76.02458,11.67318],[76.02486,11.67339],[76.02498,11.6739],[76.02489,11.67406],[76.02462,11.67413],[76.02333,11.67388],[76.02222,11.67425],[76.02121,11.67381],[76.02093,11.67384],[76.02018,11.67469],[76.01897,11.6749],[76.01874,11.6758],[76.01897,11.67659],[76.01928,11.67704],[76.0193,11.67726],[76.01914,11.67744],[76.01842,11.67764],[76.01807,11.67787],[76.01795,11.67821],[76.01806,11.67875],[76.01858,11.67949],[76.02065,11.68075],[76.02201,11.68138],[76.02209,11.68158],[76.02212,11.6826],[76.02245,11.68401],[76.02261,11.68685],[76.02308,11.68719],[76.02378,11.68746],[76.02376,11.68775],[76.02277,11.68807],[76.02183,11.68807],[76.02113,11.68784],[76.02072,11.68786],[76.01971,11.68813],[76.01955,11.68842],[76.01968,11.68892],[76.02109,11.68972],[76.02136,11.69076],[76.02162,11.6912],[76.02196,11.69136],[76.02401,11.69164],[76.02414,11.6919],[76.024,11.69207],[76.02319,11.69239],[76.02264,11.69289],[76.02164,11.69325],[76.02097,11.69337],[76.02058,11.69361],[76.02055,11.69391],[76.02081,11.69461],[76.02145,11.69534],[76.02151,11.69557],[76.02121,11.6966],[76.02142,11.69757],[76.02136,11.69867],[76.0211,11.70035],[76.02088,11.70096],[76.02012,11.70116],[76.01942,11.70114],[76.01896,11.70098],[76.01822,11.70098],[76.0176,11.70066],[76.0166,11.6997],[76.01604,11.69895],[76.01527,11.69765],[76.01505,11.69709],[76.01486,11.69696],[76.01454,11.69703],[76.01369,11.69765],[76.0132,11.69809],[76.01305,11.69839],[76.01313,11.69881],[76.01511,11.70019],[76.01591,11.70043],[76.01609,11.7007],[76.01633,11.70269],[76.01602,11.70359],[76.01584,11.70383],[76.01533,11.7041],[76.01514,11.70431],[76.01508,11.70508],[76.01524,11.7056],[76.01565,11.70599],[76.01601,11.70613],[76.01758,11.70615],[76.01807,11.70626],[76.01839,11.70668],[76.01826,11.70693],[76.01759,11.70696],[76.01665,11.70724],[76.01601,11.70765],[76.01559,11.70916],[76.01562,11.70965],[76.01582,11.70997],[76.0161,11.71011],[76.01671,11.71004],[76.01733,11.70935],[76.01937,11.70809],[76.02134,11.70713],[76.0234,11.70647],[76.02432,11.70652],[76.0245,11.7067],[76.02441,11.70696],[76.02268,11.70819],[76.02223,11.70835],[76.02158,11.70898],[76.02173,11.70972],[76.02223,11.71046],[76.02379,11.71164],[76.02398,11.71204],[76.02395,11.71271],[76.02382,11.7132],[76.02353,11.71399],[76.02274,11.71511],[76.02246,11.71592],[76.0225,11.71627],[76.02282,11.71636],[76.02376,11.71595],[76.02446,11.71546],[76.02523,11.71459],[76.02551,11.71454],[76.02568,11.71596],[76.02586,11.71645],[76.02683,11.71831],[76.02711,11.71859],[76.02741,11.71868],[76.02856,11.71855],[76.02924,11.7182],[76.03003,11.71794],[76.03022,11.71769],[76.03045,11.71689],[76.03054,11.7168],[76.03065,11.71683],[76.03058,11.7182],[76.03072,11.71879],[76.03117,11.71964],[76.03257,11.72123],[76.03216,11.72157],[76.03164,11.72283],[76.03127,11.72348],[76.03062,11.72373],[76.03008,11.72417],[76.02878,11.72491],[76.02789,11.72504],[76.02747,11.72481],[76.02723,11.72418],[76.02654,11.72342],[76.0257,11.7227],[76.02524,11.72255],[76.02158,11.72219],[76.02057,11.72221],[76.0204,11.72234],[76.02032,11.72258],[76.02021,11.72358],[76.02002,11.72389],[76.01804,11.72378],[76.01797,11.72349],[76.01807,11.72332],[76.01978,11.72183],[76.01987,11.72166],[76.01985,11.72138],[76.01968,11.72129],[76.01901,11.7213],[76.01811,11.72115],[76.01746,11.72083],[76.01685,11.72034],[76.01653,11.72025],[76.01595,11.72026],[76.01534,11.72056],[76.01513,11.72074],[76.01441,11.72182],[76.01398,11.72214],[76.01349,11.72215],[76.0127,11.72183],[76.01228,11.72177],[76.01216,11.72168],[76.01181,11.72046],[76.0109,11.71927],[76.01058,11.71851],[76.01012,11.71818],[76.00957,11.71797],[76.0082,11.71805],[76.00756,11.71834],[76.00688,11.71881],[76.00656,11.71889],[76.0049,11.7189],[76.0046,11.71875],[76.00401,11.71766],[76.00402,11.71728],[76.00425,11.717],[76.00487,11.71666],[76.00554,11.71609],[76.00575,11.71579],[76.00593,11.71518],[76.0058,11.7145],[76.00544,11.71361],[76.0051,11.7131],[76.00486,11.71127],[76.00473,11.71111],[76.00437,11.71102],[76.00401,11.71144],[76.00365,11.71165],[76.0032,11.71162],[76.00303,11.71148],[76.00208,11.7103],[76.00199,11.70968],[76.00143,11.70864],[76.00137,11.70842],[76.00145,11.70767],[76.00124,11.70745],[76.00079,11.7074],[76.00014,11.70794],[75.99886,11.71015],[75.99857,11.71041],[75.99822,11.71039],[75.99825,11.70882],[75.99781,11.7079],[75.99757,11.70774],[75.99721,11.70783],[75.99698,11.70802],[75.99644,11.70873],[75.99522,11.70931],[75.995,11.70974],[75.99451,11.7101],[75.99393,11.71012],[75.9936,11.70979],[75.99332,11.70968],[75.99207,11.70958],[75.99119,11.7094],[75.99066,11.70952],[75.98993,11.71017],[75.98969,11.71019],[75.98929,11.70857],[75.98921,11.70717],[75.98898,11.707],[75.9883,11.70711],[75.98753,11.70699],[75.98695,11.70675],[75.98634,11.7063],[75.98603,11.70599],[75.98582,11.70552],[75.98603,11.70455],[75.98603,11.70433],[75.98586,11.70408],[75.9855,11.70412],[75.98475,11.70456],[75.98367,11.70448],[75.98295,11.70463],[75.98071,11.70421],[75.9791,11.7043],[75.97842,11.70417],[75.97832,11.70389],[75.97843,11.70327],[75.97874,11.70253],[75.979,11.7021],[75.97969,11.70165],[75.97984,11.70137],[75.97976,11.70101],[75.97944,11.7007],[75.97854,11.70042],[75.97807,11.70043],[75.97653,11.70108],[75.9764,11.70163],[75.97672,11.70217],[75.97658,11.70252],[75.97569,11.70392],[75.97458,11.70475],[75.97445,11.70524],[75.97423,11.70559],[75.97421,11.70612],[75.97413,11.70622],[75.97364,11.70627],[75.97292,11.70597],[75.97196,11.70607],[75.97184,11.70587],[75.9718,11.70479],[75.9714,11.70363],[75.97109,11.70353],[75.97063,11.70356],[75.96928,11.70387],[75.96871,11.70369],[75.96857,11.70327],[75.96856,11.70221],[75.96834,11.70118],[75.96841,11.69992],[75.96811,11.69838],[75.96783,11.69748],[75.96677,11.69733],[75.96609,11.697],[75.96569,11.69692],[75.96534,11.69652],[75.96517,11.69619],[75.96517,11.69594],[75.96555,11.69485],[75.96554,11.69405],[75.96477,11.69316],[75.96462,11.69264],[75.9637,11.69102],[75.96375,11.69031],[75.96364,11.69005],[75.96339,11.6899],[75.96244,11.6898],[75.96138,11.68922],[75.96047,11.68804],[75.96001,11.68759],[75.95982,11.68671],[75.95943,11.68599],[75.95947,11.68584],[75.96024,11.68529],[75.96052,11.68467],[75.96047,11.6844],[75.96033,11.68428],[75.9597,11.68431],[75.95946,11.68414],[75.95937,11.68376],[75.95953,11.68342],[75.96067,11.68277],[75.96085,11.68261],[75.96095,11.68221],[75.96161,11.68182],[75.96169,11.68135],[75.96209,11.68127],[75.96254,11.68098],[75.96302,11.68039],[75.96306,11.68012],[75.96324,11.67983],[75.96364,11.67974],[75.96398,11.67949],[75.96409,11.67906],[75.96405,11.67793],[75.96351,11.6771],[75.9629,11.67653],[75.96285,11.67621],[75.96296,11.67615],[75.96304,11.6759],[75.96347,11.6758],[75.96434,11.67648],[75.96486,11.67654],[75.96581,11.67596],[75.96595,11.67563],[75.9661,11.67555],[75.96771,11.67542],[75.96846,11.67478],[75.9688,11.67377],[75.9696,11.67328],[75.97094,11.67305],[75.9716,11.67268],[75.97163,11.67242],[75.97135,11.67189],[75.97146,11.6714],[75.97184,11.67103],[75.97253,11.67067],[75.97263,11.67053],[75.97263,11.67012],[75.97223,11.66891],[75.97191,11.6683],[75.97193,11.66804],[75.97216,11.66773],[75.9728,11.66749],[75.97288,11.66731],[75.97285,11.66678],[75.97259,11.66624],[75.97033,11.66354],[75.97034,11.66312],[75.9711,11.66312],[75.97138,11.66296],[75.97209,11.66212],[75.97239,11.66214],[75.97257,11.66228],[75.97269,11.66242],[75.97275,11.66276],[75.9725,11.66367],[75.97256,11.66419],[75.97273,11.66465],[75.97375,11.66637],[75.97409,11.66668],[75.97432,11.66666],[75.97495,11.66614],[75.97523,11.66542],[75.97617,11.66438],[75.97649,11.66365],[75.9766,11.66266],[75.9771,11.6621],[75.97708,11.66181],[75.97696,11.66162],[75.97608,11.66108],[75.9756,11.66059],[75.97541,11.66026],[75.97545,11.65999],[75.97562,11.65978],[75.97587,11.65965],[75.97617,11.65965],[75.97767,11.66064],[75.97784,11.66122],[75.97778,11.66276],[75.97792,11.66297],[75.97805,11.663],[75.97831,11.66291],[75.97846,11.66266],[75.97873,11.6618],[75.9806,11.66009],[75.98116,11.65908],[75.98178,11.65878],[75.98227,11.65882],[75.98251,11.65895],[75.9827,11.65919],[75.98293,11.66032],[75.98341,11.66176],[75.98405,11.66308],[75.98391,11.6632],[75.98369,11.66318],[75.98343,11.66298],[75.9824,11.66163],[75.98193,11.66127],[75.98161,11.66114],[75.98071,11.66139],[75.97979,11.66216],[75.9794,11.66331],[75.97942,11.66354],[75.98046,11.6645],[75.98053,11.66465],[75.98047,11.66495],[75.98011,11.66497],[75.97812,11.66401],[75.97749,11.66406],[75.97691,11.66463],[75.97664,11.6652],[75.97681,11.66589],[75.97706,11.66616],[75.97704,11.6664],[75.9766,11.66674],[75.9761,11.6675],[75.97614,11.66769],[75.97647,11.66792],[75.97725,11.66824],[75.97782,11.66815],[75.97854,11.66782],[75.97984,11.66784],[75.98029,11.66744],[75.98058,11.66676],[75.98098,11.66638],[75.98165,11.66619],[75.98216,11.66623],[75.98241,11.66642],[75.9824,11.66666],[75.98171,11.66782],[75.98173,11.6681],[75.9821,11.6686],[75.98212,11.66883],[75.98135,11.66889],[75.97935,11.66872],[75.97813,11.66877],[75.97666,11.66866],[75.97581,11.66872],[75.97536,11.66892],[75.97484,11.6695],[75.97448,11.67016],[75.97444,11.67043],[75.97455,11.67103],[75.97503,11.67152],[75.97552,11.67152],[75.97612,11.67133],[75.97636,11.67137],[75.97657,11.67166],[75.97661,11.672],[75.97639,11.67218],[75.97555,11.67222],[75.97501,11.67188],[75.97441,11.67171],[75.97336,11.67189],[75.97298,11.67212],[75.97278,11.67241],[75.97238,11.6738],[75.9724,11.67419],[75.97276,11.67464],[75.97356,11.675],[75.9748,11.67578],[75.975,11.67604],[75.97486,11.67638],[75.97446,11.67655],[75.97306,11.67655],[75.97205,11.67603],[75.97052,11.67558],[75.9698,11.6756],[75.96941,11.67575],[75.96935,11.67589],[75.96935,11.67621],[75.96954,11.67648],[75.97024,11.6767],[75.97132,11.67677],[75.9714,11.67701],[75.97112,11.67736],[75.97084,11.67744],[75.97014,11.6771],[75.96945,11.67706],[75.96928,11.67715],[75.96909,11.67735],[75.969,11.67762],[75.96896,11.67846],[75.96906,11.67872],[75.96952,11.67913],[75.97,11.67918],[75.97056,11.67911],[75.97133,11.67874],[75.97168,11.67873],[75.97181,11.67889],[75.97185,11.67915],[75.97237,11.6793],[75.97233,11.67983],[75.97217,11.68011],[75.97159,11.68041],[75.9708,11.68043],[75.97058,11.68041],[75.96965,11.67995],[75.96916,11.67986],[75.96867,11.67953],[75.96841,11.67834],[75.96827,11.67795],[75.96809,11.67776],[75.96754,11.67746],[75.96672,11.6772],[75.96595,11.67701],[75.96557,11.67703],[75.96527,11.67718],[75.96478,11.6777],[75.96421,11.67956],[75.96302,11.68071],[75.96215,11.68171],[75.9621,11.68204],[75.963,11.68255],[75.96318,11.68293],[75.96314,11.68347],[75.96256,11.68371],[75.96225,11.68373],[75.96157,11.68405],[75.96109,11.68441],[75.9601,11.68584],[75.96008,11.6869],[75.96026,11.68736],[75.96059,11.68779],[75.96097,11.68809],[75.96136,11.68806],[75.96227,11.689],[75.96276,11.68936],[75.96344,11.68967],[75.96388,11.69013],[75.96485,11.69248],[75.96517,11.69295],[75.96555,11.69315],[75.96603,11.69301],[75.96629,11.69213],[75.96626,11.69186],[75.96606,11.69162],[75.96526,11.69115],[75.96493,11.69081],[75.96513,11.68892],[75.96505,11.6883],[75.96465,11.68732],[75.96441,11.68705],[75.96422,11.68704],[75.96408,11.68684],[75.96398,11.68537],[75.96344,11.68435],[75.96376,11.68378],[75.96443,11.68321],[75.96477,11.68307],[75.96513,11.68307],[75.96573,11.68323],[75.96687,11.68453],[75.96797,11.68528],[75.96812,11.68533],[75.96837,11.68522],[75.96855,11.68531],[75.96903,11.68588],[75.97044,11.68489],[75.97128,11.68501],[75.97165,11.68535],[75.97148,11.68577],[75.97121,11.68599],[75.97088,11.68609],[75.97017,11.68605],[75.96944,11.68628],[75.96907,11.68673],[75.96895,11.68719],[75.9688,11.68723],[75.96866,11.68723],[75.96853,11.68709],[75.96832,11.68654],[75.96791,11.68612],[75.9672,11.68618],[75.96632,11.68665],[75.96593,11.68717],[75.96581,11.68764],[75.96585,11.6893],[75.96549,11.69063],[75.96564,11.69088],[75.96618,11.69083],[75.96677,11.69034],[75.96771,11.68979],[75.96822,11.68921],[75.96864,11.68889],[75.97173,11.68903],[75.97198,11.68896],[75.97217,11.68881],[75.9722,11.68865],[75.97214,11.6879],[75.9722,11.68771],[75.9723,11.68775],[75.97256,11.68843],[75.9728,11.68849],[75.97307,11.68842],[75.97429,11.68769],[75.97446,11.68737],[75.97471,11.68605],[75.97496,11.68589],[75.97527,11.68593],[75.97546,11.68609],[75.97541,11.68685],[75.97569,11.68753],[75.97611,11.68796],[75.97679,11.6883],[75.97687,11.68848],[75.97683,11.68884],[75.97673,11.68893],[75.97618,11.6889],[75.97569,11.68843],[75.97545,11.68834],[75.97483,11.68844],[75.97459,11.68864],[75.97437,11.68904],[75.97417,11.68976],[75.97378,11.69022],[75.97312,11.69012],[75.97233,11.69021],[75.97196,11.6906],[75.97179,11.69056],[75.97149,11.68994],[75.97018,11.68965],[75.96935,11.68976],[75.96897,11.68969],[75.96867,11.68985],[75.96796,11.69074],[75.96765,11.6909],[75.96713,11.69092],[75.96667,11.69121],[75.96658,11.69154],[75.96661,11.69245],[75.96648,11.69297],[75.96607,11.69369],[75.96604,11.69439],[75.96561,11.69542],[75.96555,11.69588],[75.96616,11.69648],[75.96716,11.69658],[75.96758,11.6965],[75.96807,11.69623],[75.96825,11.69583],[75.96835,11.69477],[75.96828,11.69414],[75.96845,11.69373],[75.96864,11.69362],[75.96949,11.69426],[75.97002,11.69436],[75.97097,11.69431],[75.97139,11.69423],[75.97169,11.69406],[75.97191,11.69363],[75.97285,11.69319],[75.97315,11.69327],[75.97356,11.69371],[75.97376,11.69417],[75.9739,11.69429],[75.97464,11.69437],[75.97569,11.69417],[75.97619,11.69439],[75.97637,11.69461],[75.97665,11.69552],[75.97663,11.69659],[75.97639,11.69695],[75.97508,11.69705],[75.97462,11.69735],[75.97442,11.69771],[75.97414,11.69765],[75.97388,11.69745],[75.97374,11.69707],[75.97336,11.69667],[75.97235,11.69634],[75.97205,11.69594],[75.97192,11.69556],[75.97176,11.6955],[75.97121,11.69563],[75.97052,11.69629],[75.97012,11.69627],[75.96986,11.69599],[75.96951,11.69591],[75.96905,11.69599],[75.96877,11.69615],[75.96789,11.69698],[75.96785,11.69716],[75.96801,11.69721],[75.96819,11.69749],[75.96843,11.69827],[75.96861,11.70037],[75.96859,11.70191],[75.96872,11.70251],[75.96921,11.70254],[75.96972,11.70229],[75.9707,11.70138],[75.97082,11.70116],[75.9709,11.70062],[75.97082,11.70022],[75.9705,11.69973],[75.97064,11.69921],[75.97191,11.69949],[75.97277,11.69955],[75.97303,11.69969],[75.97305,11.70021],[75.97239,11.70062],[75.97209,11.70108],[75.97203,11.70132],[75.97213,11.70257],[75.97285,11.70439],[75.97293,11.70524],[75.97329,11.70544],[75.97372,11.70538],[75.97396,11.70523],[75.97446,11.70457],[75.97546,11.70253],[75.97539,11.70199],[75.97504,11.70142],[75.9751,11.70106],[75.97525,11.70098],[75.97583,11.70108],[75.97612,11.70101],[75.97669,11.70047],[75.97765,11.69994],[75.9784,11.69976],[75.97937,11.69988],[75.98003,11.70017],[75.98041,11.70073],[75.98031,11.70151],[75.98013,11.70173],[75.97941,11.70218],[75.97931,11.70246],[75.97933,11.7029],[75.97955,11.7031],[75.97981,11.70326],[75.98074,11.7035],[75.98196,11.70366],[75.98249,11.70385],[75.98411,11.70389],[75.98457,11.70395],[75.98469,11.70405],[75.9858,11.70378],[75.98602,11.70386],[75.98621,11.70422],[75.98619,11.7051],[75.98608,11.70538],[75.98619,11.70589],[75.98653,11.70613],[75.98699,11.70613],[75.98716,11.70602],[75.98719,11.70522],[75.9875,11.70459],[75.98759,11.70391],[75.98747,11.70362],[75.98719,11.70337],[75.98497,11.70183],[75.9848,11.70149],[75.98488,11.70095],[75.98511,11.70078],[75.98559,11.70078],[75.98593,11.701],[75.98633,11.70175],[75.98697,11.70189],[75.98839,11.70154],[75.98938,11.70152],[75.9898,11.70142],[75.99008,11.70119],[75.99023,11.70083],[75.9902,11.70005],[75.98959,11.69856],[75.9891,11.6978],[75.98808,11.69687],[75.98725,11.69652],[75.98705,11.6962],[75.98702,11.69578],[75.98688,11.69543],[75.98627,11.6947],[75.98603,11.69455],[75.98555,11.69446],[75.98485,11.6945],[75.9846,11.6941],[75.98473,11.6934],[75.98496,11.69314],[75.98521,11.69319],[75.98571,11.69366],[75.98621,11.69366],[75.98633,11.69345],[75.9855,11.692],[75.98504,11.69141],[75.98435,11.6912],[75.98392,11.69133],[75.9836,11.69244],[75.98322,11.69282],[75.98237,11.69338],[75.9822,11.69338],[75.98203,11.69318],[75.98216,11.69244],[75.98207,11.69212],[75.98159,11.69177],[75.98063,11.69142],[75.98064,11.69126],[75.98109,11.69097],[75.98235,11.69124],[75.98285,11.69126],[75.98327,11.69113],[75.98373,11.69084],[75.98383,11.69063],[75.9838,11.69033],[75.98322,11.68998],[75.98055,11.68917],[75.98014,11.68908],[75.97947,11.68911],[75.97933,11.68885],[75.97933,11.68863],[75.97958,11.68791],[75.97932,11.68732],[75.97875,11.68443],[75.97887,11.68328],[75.9788,11.68308],[75.97825,11.68264],[75.97813,11.68227],[75.97833,11.68204],[75.98022,11.68215],[75.98095,11.6816],[75.98101,11.68119],[75.98093,11.68088],[75.98042,11.68],[75.97996,11.67943],[75.97913,11.67898],[75.9791,11.6787],[75.97938,11.67838],[75.97994,11.6785],[75.98037,11.679],[75.98087,11.67938],[75.98161,11.67957],[75.98212,11.67948],[75.98239,11.67921],[75.9829,11.67839],[75.98317,11.67771],[75.98309,11.67659],[75.98214,11.67555],[75.98209,11.67538],[75.98214,11.67523],[75.98227,11.67521],[75.98263,11.67537],[75.98299,11.6754],[75.98341,11.67564],[75.9838,11.67564],[75.98414,11.67542],[75.98448,11.67487],[75.98452,11.67402],[75.98446,11.67366],[75.98425,11.67332],[75.98373,11.67304],[75.98284,11.67311],[75.98274,11.67287],[75.98277,11.67259],[75.983,11.67236],[75.98319,11.67231],[75.98382,11.67253],[75.98431,11.67248],[75.98467,11.67225],[75.9847,11.67034],[75.98445,11.66951],[75.98444,11.66904],[75.98526,11.66887],[75.98589,11.66857],[75.98602,11.6682],[75.98608,11.66746],[75.98631,11.66723],[75.9865,11.66725],[75.98701,11.66768],[75.98738,11.66783],[75.98779,11.66787],[75.98847,11.66769],[75.98893,11.66769],[75.9893,11.66817],[75.98933,11.66891],[75.98921,11.66914],[75.98764,11.66983],[75.98721,11.67029],[75.9871,11.67179],[75.98659,11.67247],[75.98651,11.67285],[75.98682,11.67373],[75.98679,11.67393],[75.98653,11.67421],[75.98602,11.67441],[75.9849,11.67557],[75.98374,11.67797],[75.98365,11.67858],[75.98385,11.67886],[75.98388,11.67925],[75.983,11.67997],[75.98222,11.68149],[75.9818,11.68275],[75.98182,11.683],[75.98226,11.68338],[75.98235,11.68364],[75.98237,11.68403],[75.98224,11.68431],[75.98205,11.68452],[75.98087,11.6845],[75.98055,11.68471],[75.98028,11.68509],[75.98022,11.6858],[75.9806,11.68694],[75.98146,11.6876],[75.98205,11.6877],[75.98229,11.68758],[75.98338,11.68621],[75.98357,11.68585],[75.98367,11.68521],[75.98355,11.68492],[75.98323,11.68461],[75.98323,11.6843],[75.9834,11.68404],[75.98378,11.68387],[75.98411,11.68387],[75.98435,11.68345],[75.98429,11.68302],[75.98492,11.68285],[75.98544,11.68208],[75.98635,11.68165],[75.98656,11.68117],[75.9866,11.68077],[75.98677,11.6805],[75.98779,11.68062],[75.98793,11.68085],[75.98793,11.68121],[75.98782,11.68147],[75.98774,11.68237],[75.98763,11.68247],[75.98694,11.68256],[75.98635,11.68319],[75.98637,11.68359],[75.98675,11.68429],[75.98673,11.68446],[75.98536,11.6845],[75.98466,11.68486],[75.98448,11.68599],[75.98354,11.68709],[75.98283,11.68827],[75.98281,11.68865],[75.98338,11.6892],[75.98496,11.69023],[75.9856,11.69036],[75.98629,11.69035],[75.98708,11.69002],[75.98747,11.68955],[75.98743,11.68823],[75.98715,11.68758],[75.98639,11.68682],[75.98648,11.6865],[75.98669,11.68641],[75.987,11.68646],[75.98772,11.68709],[75.98812,11.68762],[75.98801,11.68912],[75.98819,11.68959],[75.98846,11.68983],[75.98956,11.6903],[75.99035,11.69086],[75.99094,11.69107],[75.99124,11.69105],[75.99178,11.69067],[75.99242,11.68994],[75.99277,11.68926],[75.99269,11.68844],[75.99226,11.68713],[75.9923,11.68661],[75.99331,11.68656],[75.99368,11.68639],[75.99403,11.68605],[75.9944,11.68523],[75.99464,11.68391],[75.99464,11.68279],[75.99425,11.68153],[75.99443,11.68133],[75.99473,11.68131],[75.99539,11.68188],[75.99613,11.6819],[75.99693,11.68135],[75.99739,11.68119],[75.99819,11.68117],[75.99865,11.68073],[75.99888,11.68057],[75.99899,11.6806],[75.99908,11.68101],[75.99895,11.68276],[75.99908,11.68297],[75.99959,11.68321],[76.00051,11.68321],[76.00081,11.68334],[76.0009,11.68357],[76.00051,11.68431],[76.00026,11.68511],[75.99973,11.68545],[75.99915,11.68541],[75.99865,11.68516],[75.99783,11.68456],[75.99718,11.68445],[75.99659,11.68509],[75.99579,11.68566],[75.99544,11.68609],[75.99474,11.68729],[75.99448,11.68892],[75.99421,11.68953],[75.99421,11.69005],[75.99463,11.69003],[75.99622,11.68918],[75.99672,11.68915],[75.9971,11.6893],[75.99713,11.68971],[75.99646,11.69043],[75.99604,11.69058],[75.99541,11.69056],[75.99509,11.69065],[75.99493,11.69083],[75.99461,11.6918],[75.99441,11.69295],[75.99443,11.69326],[75.99474,11.69354],[75.99501,11.6947],[75.99561,11.69517],[75.99605,11.69524],[75.99841,11.69482],[75.99976,11.6943],[75.9999,11.69415],[75.99998,11.69368],[75.99975,11.69238],[75.99964,11.69073],[75.9999,11.69025],[76.00009,11.69014],[76.00044,11.69016],[76.00081,11.69062],[76.00109,11.69176],[76.00145,11.69223],[76.00184,11.69217],[76.00209,11.69197],[76.00236,11.69085],[76.00256,11.69046],[76.00293,11.69026],[76.00391,11.69028],[76.00434,11.69056],[76.00522,11.69076],[76.00596,11.69122],[76.00636,11.69219],[76.00645,11.69395],[76.0063,11.69421],[76.00608,11.69436],[76.00584,11.6943],[76.00502,11.6944],[76.00454,11.69482],[76.00412,11.69555],[76.00409,11.69613],[76.00433,11.697],[76.00478,11.69771],[76.00504,11.69846],[76.00541,11.70003],[76.00542,11.70178],[76.00552,11.7021],[76.00579,11.70249],[76.006,11.70331],[76.00671,11.70404],[76.00699,11.70458],[76.00672,11.70548],[76.0062,11.70669],[76.00619,11.70718],[76.00642,11.70757],[76.00697,11.70794],[76.0098,11.70884],[76.01025,11.70917],[76.01028,11.70937],[76.01025,11.70959],[76.01007,11.70981],[76.00977,11.70989],[76.00947,11.70986],[76.00844,11.70942],[76.00752,11.70937],[76.00657,11.70972],[76.00584,11.71038],[76.00549,11.71037],[76.00506,11.71051],[76.00511,11.71223],[76.00525,11.71261],[76.00591,11.71352],[76.00607,11.71456],[76.00604,11.71532],[76.00632,11.71622],[76.00663,11.71649],[76.00694,11.71645],[76.00703,11.71634],[76.00727,11.71587],[76.00732,11.71419],[76.00766,11.71377],[76.00841,11.71336],[76.00863,11.71299],[76.0088,11.71224],[76.00905,11.71191],[76.00962,11.71187],[76.01021,11.71208],[76.01071,11.71203],[76.01128,11.7117],[76.01156,11.71174],[76.01188,11.71188],[76.01201,11.71206],[76.01231,11.71252],[76.01233,11.71287],[76.01224,11.71303],[76.01201,11.71314],[76.01118,11.71296],[76.01079,11.71301],[76.01031,11.71327],[76.01006,11.7137],[76.0101,11.714],[76.01046,11.71469],[76.01116,11.71534],[76.01247,11.71609],[76.01303,11.71654],[76.01379,11.71697],[76.01418,11.71706],[76.01443,11.71692],[76.01456,11.7167],[76.01437,11.71521],[76.01447,11.71497],[76.0147,11.71496],[76.01496,11.71564],[76.0155,11.71631],[76.01603,11.7172],[76.01704,11.71951],[76.01735,11.71999],[76.01783,11.72024],[76.01823,11.72024],[76.01927,11.71981],[76.01962,11.71907],[76.01963,11.71869],[76.01939,11.71756],[76.01913,11.71686],[76.01753,11.71458],[76.01664,11.71403],[76.01504,11.71399],[76.01486,11.71407],[76.01476,11.71431],[76.014,11.71389],[76.014,11.71355],[76.01414,11.71343],[76.01447,11.71334],[76.01514,11.71348],[76.01584,11.71348],[76.01625,11.71341],[76.01645,11.71319],[76.01649,11.71289],[76.01564,11.71183],[76.01562,11.71114],[76.01544,11.71075],[76.01502,11.71042],[76.01471,11.71033],[76.01305,11.71009],[76.01281,11.7092],[76.01244,11.70836],[76.01178,11.70797],[76.01167,11.70776],[76.01167,11.70665],[76.01148,11.70611],[76.01092,11.70566],[76.00979,11.70523],[76.00948,11.70496],[76.00924,11.70457],[76.0093,11.70417],[76.00956,11.7042],[76.01266,11.70559],[76.0141,11.70589],[76.01481,11.70548],[76.01487,11.70518],[76.0147,11.70465],[76.01383,11.70354],[76.01192,11.70248],[76.01035,11.70176],[76.01028,11.70152],[76.01073,11.70105],[76.01092,11.7006],[76.01082,11.70001],[76.01055,11.69981],[76.00995,11.69988],[76.00961,11.70018],[76.00916,11.7009],[76.00897,11.70098],[76.00857,11.70094],[76.0083,11.70071],[76.00844,11.70038],[76.00845,11.69991],[76.00797,11.69903],[76.00797,11.69885],[76.00814,11.69876],[76.00866,11.69895],[76.009,11.69893],[76.00919,11.69871],[76.00925,11.69838],[76.00902,11.69795],[76.00857,11.69751],[76.00845,11.69675],[76.00832,11.69647],[76.00772,11.69587],[76.00751,11.69538],[76.00764,11.69507],[76.00789,11.69488],[76.00937,11.69462],[76.00962,11.69447],[76.00982,11.69427],[76.00999,11.69368],[76.00997,11.69303],[76.00982,11.6923],[76.00962,11.69183],[76.00882,11.69094],[76.00845,11.69085],[76.00772,11.69091],[76.00757,11.69055],[76.0076,11.69018],[76.00813,11.68972],[76.00834,11.68857],[76.0088,11.68809],[76.00909,11.68745],[76.00909,11.68641],[76.00893,11.68584],[76.00869,11.68549],[76.00838,11.68526],[76.00806,11.6853],[76.00607,11.68631],[76.00452,11.68744],[76.0043,11.68772],[76.00404,11.68782],[76.00333,11.68766],[76.00291,11.6874],[76.00291,11.68708],[76.00321,11.68628],[76.00374,11.6865],[76.00426,11.68638],[76.00592,11.68545],[76.00621,11.68511],[76.00621,11.68486],[76.00615,11.68465],[76.00556,11.68406],[76.00505,11.68377],[76.00332,11.68359],[76.00291,11.68338],[76.00265,11.68307],[76.00267,11.6828],[76.00294,11.6826],[76.00446,11.68298],[76.00528,11.68307],[76.00649,11.68355],[76.00723,11.68361],[76.00746,11.68358],[76.00779,11.68332],[76.00798,11.68277],[76.0078,11.68214],[76.00706,11.6809],[76.00686,11.68065],[76.00602,11.68003],[76.0051,11.67957],[76.00461,11.67953],[76.00332,11.67975],[76.00278,11.67972],[76.00266,11.6796],[76.00263,11.67937],[76.0028,11.6791],[76.00325,11.67879],[76.00349,11.67777],[76.0037,11.67753],[76.00422,11.67753],[76.00532,11.67882],[76.00582,11.6792],[76.00675,11.67957],[76.00729,11.67998],[76.00769,11.68012],[76.00829,11.68052],[76.00952,11.68172],[76.01077,11.68205],[76.01205,11.68342],[76.01222,11.68406],[76.01255,11.68457],[76.01274,11.68471],[76.01424,11.68492],[76.01498,11.68541],[76.01532,11.68591],[76.01572,11.68619],[76.01614,11.6863],[76.01635,11.68625],[76.01673,11.68596],[76.01681,11.68573],[76.01687,11.68448],[76.01633,11.68396],[76.01594,11.68332],[76.01543,11.68278],[76.01416,11.68218],[76.01379,11.68184],[76.01302,11.68072],[76.01282,11.6799],[76.01282,11.67954],[76.01291,11.67933],[76.01325,11.67942],[76.01349,11.67991],[76.01413,11.68059],[76.01478,11.68073],[76.01563,11.68067],[76.0158,11.68073],[76.01626,11.68137],[76.01673,11.6816],[76.01727,11.68173],[76.01751,11.68168],[76.01778,11.6812],[76.0178,11.6808],[76.01768,11.68061],[76.01728,11.68029],[76.01599,11.68015],[76.01517,11.679],[76.01432,11.67842],[76.01392,11.67827],[76.01373,11.6779],[76.01385,11.67757],[76.01411,11.67753],[76.01474,11.67778],[76.01552,11.67825],[76.01686,11.67873],[76.01718,11.67873],[76.01743,11.67842],[76.01733,11.67738],[76.01672,11.67665],[76.01643,11.67604],[76.01611,11.67566],[76.01502,11.67486],[76.01357,11.67415],[76.01295,11.6736],[76.0125,11.67301],[76.01227,11.67237],[76.01219,11.67176],[76.01186,11.67123],[76.01157,11.67127],[76.01077,11.67175],[76.01043,11.67169],[76.01003,11.67142],[76.00954,11.67139],[76.0089,11.67182],[76.00848,11.67228],[76.00822,11.67323],[76.00834,11.67401],[76.00925,11.6754],[76.00952,11.67603],[76.00943,11.67661],[76.00904,11.67696],[76.00868,11.67715],[76.00845,11.67715],[76.00795,11.67622],[76.00774,11.67545],[76.00729,11.67497],[76.00682,11.675],[76.00666,11.67516],[76.0063,11.67519],[76.00584,11.67487],[76.00534,11.67407],[76.00507,11.67387],[76.00437,11.67355],[76.00399,11.67349],[76.00323,11.67355],[76.00212,11.67426],[76.00133,11.67623],[76.00111,11.67649],[76.00044,11.67696],[76.00027,11.67746],[76.00038,11.67803],[76.00021,11.6786],[75.99906,11.67801],[75.99831,11.67801],[75.99821,11.67789],[75.99825,11.67762],[75.99861,11.67708],[75.99875,11.67639],[75.99894,11.67607],[76.00005,11.67527],[76.00029,11.6749],[76.0,11.67329],[76.00026,11.67275],[76.00033,11.67229],[76.00024,11.67181],[76.00008,11.67158],[75.99984,11.67141],[75.99958,11.67137],[75.99876,11.67184],[75.99857,11.6717],[75.99826,11.67115],[75.99784,11.67102],[75.9974,11.67104],[75.99656,11.6715],[75.99551,11.6726],[75.99507,11.67289],[75.99454,11.6736],[75.99398,11.67366],[75.99389,11.67325],[75.99393,11.67306],[75.9945,11.6727],[75.995,11.67216],[75.99536,11.67123],[75.99564,11.67084],[75.99641,11.67057],[75.99895,11.67057],[75.99936,11.67055],[75.99955,11.67043],[75.99972,11.67011],[75.99976,11.66979],[75.99922,11.66894],[75.99925,11.66872],[75.99958,11.66834],[75.99975,11.66834],[76.00002,11.66857],[76.00029,11.66925],[76.00095,11.67036],[76.0014,11.67091],[76.00163,11.67106],[76.00192,11.6711],[76.00298,11.66999],[76.0032,11.66986],[76.00345,11.6699],[76.00368,11.67013],[76.00421,11.67127],[76.00453,11.67161],[76.00491,11.67176],[76.00571,11.67143],[76.00633,11.6707],[76.00727,11.67011],[76.00847,11.66982],[76.00922,11.66945],[76.00986,11.66936],[76.00999,11.66899],[76.00973,11.66865],[76.00866,11.66822],[76.00674,11.6681],[76.00526,11.66776],[76.00454,11.66786],[76.00414,11.66823],[76.00384,11.66835],[76.00343,11.66835],[76.0032,11.66818],[76.00302,11.66791],[76.00296,11.66759],[76.00293,11.66659],[76.00233,11.66559],[76.00234,11.66519],[76.0025,11.66509],[76.00332,11.66515],[76.00404,11.66492],[76.0052,11.66421],[76.00542,11.66428],[76.00545,11.66452],[76.00516,11.66535],[76.0051,11.66609],[76.00536,11.66664],[76.00568,11.66697],[76.00634,11.66702],[76.00668,11.66678],[76.0071,11.66541],[76.00769,11.66451],[76.00816,11.66424],[76.00848,11.66445],[76.00848,11.6647],[76.00811,11.66546],[76.00798,11.666],[76.00798,11.66662],[76.00819,11.66706],[76.00859,11.66735],[76.00929,11.66752],[76.00972,11.66739],[76.01006,11.66716],[76.01034,11.66644],[76.01026,11.66536],[76.0103,11.66523],[76.01059,11.66524],[76.01077,11.66553],[76.01094,11.66665],[76.01148,11.66764],[76.01321,11.66837],[76.01392,11.66906],[76.01455,11.66927],[76.01529,11.66925],[76.01568,11.66896],[76.01597,11.66835],[76.0162,11.66832],[76.0166,11.6685],[76.01683,11.66914],[76.01756,11.66965],[76.01795,11.67014],[76.01868,11.67049],[76.01935,11.67061],[76.02026,11.6706],[76.02095,11.67031],[76.02113,11.66999],[76.02103,11.66938],[76.02044,11.66769],[76.01999,11.66716],[76.01839,11.66622],[76.01765,11.66636],[76.0167,11.66575],[76.01595,11.66594],[76.01533,11.66656],[76.01482,11.66658],[76.01451,11.66636],[76.0143,11.66596],[76.01436,11.66559],[76.01474,11.66491],[76.01456,11.66452],[76.01411,11.66424],[76.01333,11.66427],[76.0125,11.66399],[76.01211,11.6636],[76.01158,11.66278],[76.01085,11.66234],[76.01062,11.66209],[76.01057,11.66191],[76.01088,11.66153],[76.01104,11.66158],[76.01173,11.66223],[76.01302,11.6628],[76.01394,11.6628],[76.01428,11.66259],[76.01427,11.66231],[76.01405,11.66194],[76.01371,11.66076],[76.0136,11.65985],[76.01312,11.65859],[76.01283,11.65815],[76.01232,11.65773],[76.01222,11.65775],[76.01213,11.65798],[76.01222,11.65897],[76.01213,11.65933],[76.0119,11.65962],[76.01148,11.65966],[76.01135,11.65952],[76.01114,11.6588],[76.01086,11.65838],[76.01006,11.65846],[76.00941,11.6589],[76.00883,11.65947],[76.00861,11.65975],[76.00853,11.6601],[76.00853,11.66182],[76.00863,11.66232],[76.00846,11.66257],[76.00823,11.66269],[76.00805,11.66269],[76.00791,11.66255],[76.00766,11.66195],[76.00741,11.66038],[76.00706,11.66019],[76.00611,11.66044],[76.00584,11.66065],[76.00529,11.66118],[76.0051,11.66148],[76.00508,11.66175],[76.00458,11.66168],[76.00438,11.66128],[76.00466,11.66039],[76.00475,11.6597],[76.00536,11.65879],[76.00563,11.65796],[76.00566,11.65749],[76.00583,11.65737],[76.00611,11.65739],[76.00625,11.65751],[76.00655,11.6583],[76.00708,11.65879],[76.00753,11.65896],[76.00803,11.65896],[76.00883,11.65859],[76.00971,11.65766],[76.01026,11.65739],[76.01101,11.65726],[76.01165,11.65701],[76.01184,11.65665],[76.01198,11.6561],[76.01194,11.65574],[76.01156,11.65528],[76.01128,11.65515],[76.01068,11.65507],[76.0099,11.65526],[76.00951,11.65553],[76.00916,11.65599],[76.00895,11.65608],[76.00846,11.65604],[76.00821,11.65562],[76.00794,11.65426],[76.00812,11.65399],[76.00914,11.65406],[76.00932,11.65414],[76.00941,11.65448],[76.00954,11.65461],[76.0098,11.65469],[76.01086,11.65446],[76.01122,11.65431],[76.01154,11.654],[76.01162,11.65327],[76.01152,11.65293],[76.01099,11.65201],[76.01021,11.65126],[76.00916,11.65062],[76.00858,11.65058],[76.00813,11.65073],[76.00746,11.6512],[76.00605,11.6517],[76.0058,11.65174],[76.00554,11.6515],[76.00556,11.65095],[76.00611,11.6505],[76.00662,11.64985],[76.00698,11.6492],[76.00757,11.6488],[76.00818,11.64813],[76.00855,11.64803],[76.00879,11.64824],[76.00929,11.64911],[76.00971,11.64953],[76.01023,11.65036],[76.01071,11.6509],[76.01222,11.65164],[76.01282,11.65177],[76.0134,11.65178],[76.0144,11.65153],[76.01515,11.6518],[76.01562,11.6517],[76.01562,11.65122],[76.01532,11.65076],[76.01537,11.6506],[76.01578,11.65045],[76.01731,11.65074],[76.01846,11.65074],[76.01921,11.65115],[76.02005,11.65122],[76.02059,11.65109],[76.02084,11.65092],[76.0211,11.65045],[76.0211,11.6499],[76.02098,11.64955],[76.02026,11.6488],[76.01971,11.64875],[76.01925,11.64883],[76.01848,11.64953],[76.01774,11.64959],[76.01715,11.64933],[76.01669,11.6489],[76.016,11.64864],[76.01585,11.64852],[76.01546,11.64781],[76.01458,11.64716],[76.01367,11.64702],[76.0132,11.64706],[76.01263,11.64725],[76.0125,11.64721],[76.01236,11.64701],[76.01234,11.64675],[76.01263,11.6463],[76.01274,11.64594],[76.01267,11.64562],[76.01239,11.64537],[76.01129,11.64513],[76.01119,11.64494],[76.01119,11.64475],[76.01162,11.6445],[76.01184,11.64415],[76.01191,11.64341],[76.01205,11.64334],[76.01253,11.6434],[76.01324,11.64369],[76.01446,11.64369],[76.01458,11.64412],[76.01449,11.6445],[76.0138,11.64551],[76.01372,11.64584],[76.01379,11.6463],[76.01504,11.64702],[76.01551,11.6471],[76.01575,11.64705],[76.01621,11.64721],[76.0172,11.64812],[76.01794,11.64854],[76.01833,11.64845],[76.01888,11.64728],[76.01889,11.64674],[76.01866,11.64633],[76.01806,11.64572],[76.01786,11.64489],[76.01798,11.64463],[76.0181,11.6446],[76.01892,11.64529],[76.01925,11.64532],[76.01954,11.64527],[76.01976,11.64504],[76.01985,11.64414],[76.01983,11.64326],[76.01973,11.64288],[76.01974,11.64132],[76.01964,11.64095],[76.01945,11.64068],[76.01887,11.64049],[76.01833,11.64054],[76.0182,11.64044],[76.01816,11.64],[76.01895,11.63955],[76.01901,11.63943],[76.01912,11.63913],[76.01907,11.63858],[76.01854,11.63792],[76.01786,11.63737],[76.01775,11.63699],[76.01784,11.63682],[76.01803,11.63678],[76.01851,11.63692],[76.01915,11.6372],[76.01982,11.63768],[76.02041,11.63791],[76.02103,11.63795],[76.02126,11.63786],[76.02138,11.63766],[76.02086,11.63722],[76.02036,11.63656],[76.02009,11.63597],[76.02004,11.6356],[76.02013,11.63543],[76.02061,11.63508],[76.02064,11.63484],[76.02025,11.63456],[76.01866,11.6343],[76.01802,11.6343],[76.01741,11.63396],[76.01735,11.63332],[76.01882,11.63231],[76.01901,11.63212],[76.01897,11.63194],[76.01878,11.63179],[76.01814,11.63171],[76.01713,11.63181],[76.0165,11.63212],[76.01606,11.63222],[76.01575,11.63195],[76.01454,11.63151],[76.01378,11.63141],[76.01317,11.63151],[76.01272,11.63173],[76.0124,11.63202],[76.01193,11.63313],[76.01193,11.63356],[76.0124,11.63477],[76.01228,11.63528],[76.01204,11.63531],[76.01147,11.63477],[76.01104,11.63454],[76.01057,11.63458],[76.01028,11.63486],[76.01021,11.63511],[76.01028,11.63545],[76.01064,11.63585],[76.01061,11.63597],[76.01028,11.63591],[76.00971,11.63607],[76.00903,11.63675],[76.00857,11.63692],[76.00818,11.63676],[76.00737,11.63599],[76.00697,11.63577],[76.00598,11.63552],[76.00585,11.63513],[76.00597,11.63485],[76.00613,11.63476],[76.00746,11.63476],[76.0078,11.63495],[76.00824,11.6354],[76.00861,11.63545],[76.00906,11.63528],[76.00935,11.63495],[76.00944,11.63434],[76.00909,11.63389],[76.00865,11.63379],[76.0081,11.63403],[76.00783,11.63394],[76.00775,11.63382],[76.0078,11.63358],[76.00805,11.63328],[76.009,11.63263],[76.00944,11.6317],[76.00941,11.6308],[76.00925,11.6304],[76.00896,11.63008],[76.00809,11.62991],[76.00645,11.63023],[76.00536,11.63091],[76.00469,11.63191],[76.0043,11.63215],[76.00415,11.63214],[76.00407,11.63201],[76.0041,11.63167],[76.00461,11.63104],[76.00483,11.63057],[76.0049,11.62994],[76.00471,11.62934],[76.00404,11.62886],[76.00342,11.62878],[76.00229,11.62917],[76.00166,11.62968],[76.00081,11.63062],[76.00005,11.63069],[75.99977,11.63053],[76.00018,11.63002],[76.00038,11.62957],[76.0004,11.62913],[76.00024,11.62853],[76.00033,11.62833],[76.00122,11.62856],[76.0024,11.62854],[76.00301,11.62816],[76.00327,11.62787],[76.00356,11.62706],[76.00381,11.62708],[76.00407,11.62728],[76.00468,11.62809],[76.00492,11.62826],[76.00635,11.62893],[76.00682,11.6291],[76.00709,11.6291],[76.00784,11.62891],[76.00811,11.62856],[76.00809,11.62777],[76.00645,11.62644],[76.00677,11.62617],[76.00702,11.62611],[76.00798,11.62673],[76.00822,11.62671],[76.00827,11.6266],[76.00771,11.62506],[76.00723,11.62431],[76.00752,11.62393],[76.00859,11.62395],[76.00891,11.62425],[76.00944,11.62504],[76.01118,11.62517],[76.01122,11.62521]],[[76.02307,11.64061],[76.02271,11.64003],[76.02215,11.63832],[76.0217,11.63828],[76.02081,11.63846],[76.02023,11.6391],[76.0201,11.64053],[76.02014,11.64096],[76.02104,11.64177],[76.02136,11.64193],[76.02202,11.64205],[76.02311,11.642],[76.02466,11.64154],[76.0248,11.64134],[76.02478,11.64117],[76.02447,11.64088],[76.02361,11.6409],[76.02322,11.64074],[76.02307,11.64061]],[[76.0217,11.64816],[76.02233,11.64764],[76.02254,11.64716],[76.02254,11.64691],[76.02238,11.64652],[76.02153,11.64571],[76.02106,11.64563],[76.02071,11.64578],[76.02021,11.64638],[76.0201,11.64668],[76.02013,11.64691],[76.02037,11.64745],[76.02084,11.648],[76.02145,11.64821],[76.0217,11.64816]],[[76.022,11.65403],[76.0211,11.65306],[76.02025,11.65244],[76.01997,11.65241],[76.01961,11.65285],[76.01846,11.65344],[76.0178,11.65397],[76.0172,11.65477],[76.01646,11.65537],[76.01627,11.65561],[76.01626,11.6563],[76.01611,11.65646],[76.01569,11.65634],[76.01537,11.65572],[76.0154,11.65519],[76.01566,11.65456],[76.01542,11.65418],[76.01514,11.65427],[76.01469,11.65476],[76.01439,11.65469],[76.01427,11.65448],[76.01418,11.6538],[76.01395,11.65342],[76.01351,11.65332],[76.0132,11.65349],[76.01299,11.65393],[76.01286,11.65457],[76.01297,11.65692],[76.01314,11.65724],[76.01406,11.6582],[76.01414,11.65894],[76.01407,11.66032],[76.01412,11.66053],[76.01446,11.661],[76.01482,11.66131],[76.0153,11.66141],[76.01628,11.66121],[76.01666,11.66125],[76.01677,11.66136],[76.01669,11.6617],[76.01678,11.66197],[76.017,11.66211],[76.0178,11.66225],[76.01865,11.66266],[76.01925,11.66263],[76.01972,11.66248],[76.02011,11.66199],[76.02067,11.66157],[76.02099,11.66148],[76.02155,11.66148],[76.02306,11.66227],[76.02382,11.66217],[76.02429,11.66164],[76.02439,11.66131],[76.02386,11.66059],[76.02355,11.65978],[76.02342,11.65964],[76.02271,11.65936],[76.02271,11.65909],[76.02289,11.65891],[76.02386,11.65856],[76.02409,11.65824],[76.0239,11.65779],[76.0229,11.65699],[76.02267,11.65676],[76.02266,11.65657],[76.02296,11.65646],[76.02325,11.65667],[76.02409,11.65692],[76.02463,11.65677],[76.02491,11.65644],[76.02438,11.65529],[76.02227,11.65423],[76.022,11.65403]],[[76.02077,11.66372],[76.02039,11.66341],[76.01977,11.66317],[76.01881,11.66296],[76.01782,11.66294],[76.01688,11.66316],[76.01656,11.6634],[76.01645,11.66384],[76.01666,11.66434],[76.01733,11.6648],[76.01868,11.66487],[76.01897,11.66497],[76.01936,11.66527],[76.01997,11.6654],[76.02055,11.6654],[76.02081,11.66529],[76.02119,11.66493],[76.02117,11.66434],[76.02094,11.6639],[76.02077,11.66372]],[[76.01878,11.67134],[76.01805,11.67101],[76.01788,11.67097],[76.01771,11.67108],[76.01779,11.67137],[76.01871,11.67249],[76.01915,11.67325],[76.01951,11.67361],[76.02001,11.67375],[76.02054,11.67374],[76.02086,11.6736],[76.02149,11.6736],[76.02188,11.67387],[76.02288,11.67366],[76.02312,11.67334],[76.02311,11.67305],[76.02271,11.67256],[76.02179,11.67206],[76.02143,11.67169],[76.02026,11.6714],[76.01904,11.6714],[76.01878,11.67134]],[[76.0171,11.67372],[76.01678,11.67269],[76.01641,11.67214],[76.01582,11.6717],[76.01451,11.67125],[76.01414,11.67121],[76.01346,11.67134],[76.01325,11.67159],[76.01319,11.67209],[76.01329,11.67268],[76.01373,11.67325],[76.01449,11.67388],[76.01574,11.6744],[76.01689,11.67526],[76.01712,11.6753],[76.01733,11.67517],[76.01714,11.67395],[76.0171,11.67372]],[[76.01885,11.68653],[76.01999,11.68611],[76.0207,11.6857],[76.02068,11.68547],[76.02049,11.68515],[76.0196,11.68428],[76.01906,11.68301],[76.01883,11.68282],[76.01854,11.6828],[76.01822,11.68288],[76.0178,11.6832],[76.01766,11.68358],[76.01757,11.68602],[76.01771,11.68627],[76.01802,11.68652],[76.01864,11.68657],[76.01885,11.68653]],[[76.01173,11.68653],[76.0119,11.68634],[76.01198,11.68604],[76.01196,11.68566],[76.01179,11.68532],[76.0115,11.68505],[76.01118,11.68482],[76.01022,11.68457],[76.00977,11.68472],[76.00954,11.68497],[76.00937,11.68546],[76.00957,11.68592],[76.01025,11.68642],[76.01083,11.68662],[76.01146,11.68667],[76.01173,11.68653]],[[76.01333,11.68762],[76.01245,11.6875],[76.01152,11.68789],[76.01042,11.6888],[76.01003,11.68954],[76.01015,11.69024],[76.01092,11.69268],[76.01138,11.6932],[76.01176,11.69405],[76.01234,11.69447],[76.01321,11.6948],[76.0138,11.69478],[76.01405,11.69467],[76.01443,11.69435],[76.01456,11.69393],[76.0143,11.69347],[76.01375,11.6931],[76.01376,11.69285],[76.01395,11.69265],[76.0144,11.69265],[76.01466,11.6928],[76.01492,11.69315],[76.01527,11.69401],[76.01583,11.6946],[76.01636,11.69484],[76.01742,11.69491],[76.01786,11.6951],[76.01822,11.69552],[76.01865,11.6967],[76.01935,11.69659],[76.02022,11.69578],[76.02035,11.6955],[76.02042,11.69443],[76.02016,11.69367],[76.01995,11.69346],[76.01966,11.69335],[76.01928,11.69335],[76.01846,11.69401],[76.01833,11.69403],[76.01812,11.69388],[76.01807,11.69356],[76.01728,11.69213],[76.0161,11.69085],[76.0154,11.69034],[76.01483,11.69036],[76.01454,11.69026],[76.01448,11.68993],[76.01472,11.68957],[76.01477,11.68929],[76.01464,11.68878],[76.01422,11.68808],[76.01365,11.68771],[76.01333,11.68762]],[[76.0179,11.69665],[76.01725,11.69586],[76.01662,11.69529],[76.01622,11.69522],[76.0155,11.6953],[76.0151,11.69559],[76.01532,11.69677],[76.01598,11.69781],[76.01653,11.69842],[76.01761,11.6992],[76.01844,11.69924],[76.01899,11.70002],[76.01949,11.70043],[76.02034,11.70073],[76.02065,11.70063],[76.02083,11.7004],[76.02095,11.69981],[76.02069,11.69853],[76.02049,11.69801],[76.02017,11.69762],[76.01991,11.69757],[76.01894,11.69765],[76.0186,11.69785],[76.01841,11.69776],[76.01813,11.69739],[76.01801,11.69695],[76.0179,11.69665]],[[76.01172,11.69681],[76.01142,11.69641],[76.01092,11.6961],[76.01034,11.69593],[76.01013,11.69593],[76.00954,11.69623],[76.00934,11.69665],[76.00942,11.69721],[76.00975,11.69783],[76.01022,11.6981],[76.01072,11.69823],[76.01117,11.69826],[76.01165,11.69807],[76.01182,11.69753],[76.01176,11.69708],[76.01172,11.69681]],[[76.01972,11.69245],[76.02036,11.69285],[76.02105,11.69281],[76.02214,11.69217],[76.02231,11.69185],[76.02138,11.69138],[76.02052,11.69044],[76.0199,11.69019],[76.01951,11.69037],[76.01933,11.69065],[76.01962,11.69225],[76.01972,11.69245]],[[76.01867,11.69228],[76.01879,11.69211],[76.01877,11.69175],[76.01842,11.69141],[76.01781,11.69133],[76.01744,11.69168],[76.01742,11.69189],[76.01783,11.69225],[76.01851,11.69235],[76.01867,11.69228]],[[76.01758,11.68779],[76.01728,11.68798],[76.01702,11.68845],[76.01702,11.68872],[76.01732,11.68922],[76.01827,11.68994],[76.01892,11.69001],[76.01946,11.68986],[76.01958,11.68966],[76.01959,11.68931],[76.01938,11.68897],[76.01935,11.68847],[76.01919,11.68809],[76.01871,11.68775],[76.01774,11.6877],[76.01758,11.68779]],[[76.01428,11.70264],[76.01447,11.70248],[76.01452,11.70181],[76.01442,11.70118],[76.01421,11.70081],[76.01345,11.70009],[76.01259,11.69998],[76.01202,11.70065],[76.01203,11.70145],[76.01265,11.70208],[76.01379,11.70271],[76.01403,11.70273],[76.01428,11.70264]],[[76.01773,11.70949],[76.01745,11.70974],[76.01669,11.7112],[76.01685,11.7122],[76.0171,11.71262],[76.01735,11.71273],[76.01833,11.71278],[76.01864,11.71265],[76.01911,11.71226],[76.01949,11.71174],[76.01953,11.71134],[76.01932,11.71089],[76.0192,11.71019],[76.01852,11.70952],[76.01794,11.70941],[76.01773,11.70949]],[[76.02103,11.71249],[76.02048,11.7126],[76.02003,11.71296],[76.01984,11.71348],[76.01982,11.7145],[76.02,11.71457],[76.02122,11.71429],[76.02169,11.71427],[76.02219,11.71377],[76.02231,11.71354],[76.02217,11.71303],[76.02184,11.71263],[76.02138,11.71247],[76.02103,11.71249]],[[76.01939,11.71454],[76.01905,11.71328],[76.01887,11.71317],[76.01862,11.71325],[76.01825,11.71367],[76.01822,11.71402],[76.01841,11.71455],[76.01891,11.71498],[76.01917,11.71495],[76.01939,11.71469],[76.01939,11.71454]],[[76.02085,11.71471],[76.02046,11.71484],[76.02007,11.71511],[76.02,11.71568],[76.02008,11.71682],[76.02035,11.7174],[76.02042,11.71909],[76.02058,11.71947],[76.02079,11.7197],[76.0215,11.71985],[76.02171,11.72001],[76.02286,11.72155],[76.0236,11.72181],[76.02415,11.72178],[76.02462,11.72151],[76.02489,11.72101],[76.02525,11.72065],[76.02508,11.72013],[76.02441,11.71963],[76.0234,11.71908],[76.02325,11.71887],[76.02329,11.71859],[76.02401,11.71801],[76.02421,11.71759],[76.02432,11.7172],[76.02427,11.71603],[76.02397,11.71601],[76.02295,11.71675],[76.02264,11.71682],[76.02241,11.71675],[76.02195,11.71604],[76.02175,11.71506],[76.02136,11.71473],[76.02106,11.71468],[76.02085,11.71471]],[[76.01514,11.72006],[76.0149,11.71908],[76.01476,11.71885],[76.01402,11.71812],[76.01254,11.71706],[76.01128,11.7159],[76.01003,11.71515],[76.00926,11.71496],[76.00898,11.715],[76.00865,11.71522],[76.00834,11.71604],[76.00818,11.7169],[76.00784,11.71735],[76.00784,11.71758],[76.00803,11.71778],[76.00817,11.71785],[76.01008,11.7179],[76.01071,11.71821],[76.01112,11.71863],[76.01202,11.72012],[76.01273,11.72106],[76.01308,11.72131],[76.01331,11.72138],[76.01369,11.72132],[76.0142,11.72099],[76.01478,11.72078],[76.01528,11.72031],[76.01514,11.72006]],[[76.0275,11.7195],[76.02715,11.71954],[76.02647,11.71982],[76.02588,11.72017],[76.02573,11.72045],[76.02555,11.72156],[76.02573,11.72196],[76.02637,11.72222],[76.0269,11.7229],[76.02769,11.7231],[76.02931,11.72239],[76.02951,11.72223],[76.02956,11.72182],[76.02947,11.72153],[76.02914,11.72107],[76.02884,11.71996],[76.02841,11.71963],[76.02768,11.71947],[76.0275,11.7195]],[[76.01964,11.70967],[76.02005,11.71054],[76.02011,11.71114],[76.0202,11.7113],[76.02069,11.71163],[76.02109,11.71174],[76.02146,11.71172],[76.02174,11.71163],[76.02209,11.71126],[76.02222,11.71087],[76.02206,11.71047],[76.02118,11.70891],[76.02084,11.70854],[76.02061,11.70843],[76.02006,11.70848],[76.01949,11.70897],[76.01937,11.70926],[76.01964,11.70967]],[[76.00175,11.70742],[76.00161,11.70774],[76.00175,11.70884],[76.00217,11.70983],[76.00235,11.71002],[76.00268,11.70996],[76.00298,11.70981],[76.00319,11.70917],[76.00317,11.70817],[76.00299,11.70734],[76.00269,11.70699],[76.00247,11.70697],[76.00204,11.70708],[76.00177,11.70739],[76.00175,11.70742]],[[76.00394,11.70731],[76.00356,11.70762],[76.00349,11.70778],[76.00349,11.70851],[76.00359,11.70876],[76.00385,11.70898],[76.00449,11.70898],[76.00479,11.7088],[76.00491,11.70861],[76.00504,11.70795],[76.00472,11.7074],[76.00455,11.7073],[76.00405,11.70728],[76.00394,11.70731]],[[75.99994,11.70739],[76.00011,11.70716],[76.00015,11.70676],[75.99956,11.70613],[75.99929,11.70456],[75.99864,11.7035],[75.9978,11.70288],[75.99689,11.70265],[75.99545,11.70284],[75.99469,11.70329],[75.99417,11.70415],[75.994,11.70463],[75.99397,11.70504],[75.99425,11.70584],[75.99458,11.70622],[75.99468,11.70675],[75.99532,11.70783],[75.99551,11.70797],[75.99615,11.708],[75.99696,11.707],[75.99751,11.70671],[75.99811,11.70678],[75.99878,11.70708],[75.99958,11.70759],[75.99979,11.70758],[75.99994,11.70739]],[[76.00192,11.70613],[76.00237,11.70628],[76.00284,11.70611],[76.00323,11.70573],[76.00343,11.70528],[76.00349,11.70476],[76.00339,11.70346],[76.00302,11.70303],[76.00243,11.70271],[76.00159,11.70271],[76.00131,11.70288],[76.00084,11.70385],[76.00072,11.70438],[76.00076,11.70486],[76.00086,11.7051],[76.00151,11.70588],[76.00192,11.70613]],[[76.00457,11.70616],[76.00482,11.70621],[76.00517,11.70611],[76.00574,11.70543],[76.00574,11.70503],[76.00539,11.70454],[76.00502,11.70441],[76.00469,11.70449],[76.00439,11.70478],[76.0042,11.70526],[76.00426,11.70576],[76.00443,11.70598],[76.00457,11.70616]],[[75.99157,11.70802],[75.99204,11.70778],[75.99223,11.70757],[75.99254,11.70692],[75.99254,11.70658],[75.99226,11.7057],[75.99235,11.70396],[75.99189,11.70345],[75.99166,11.70341],[75.9911,11.70362],[75.99051,11.70423],[75.98998,11.70511],[75.98961,11.70607],[75.98939,11.70623],[75.98919,11.70658],[75.98942,11.70671],[75.98954,11.70693],[75.9896,11.70786],[75.98976,11.70824],[75.99001,11.70849],[75.99059,11.70816],[75.99147,11.70805],[75.99157,11.70802]],[[75.96565,11.68463],[75.96535,11.68497],[75.96543,11.68545],[75.96561,11.68562],[75.96616,11.68563],[75.96637,11.68542],[75.96642,11.68489],[75.96624,11.68463],[75.9658,11.68457],[75.96565,11.68463]],[[75.99278,11.70192],[75.99318,11.70229],[75.99467,11.70218],[75.99516,11.70189],[75.99543,11.70133],[75.99547,11.70097],[75.99531,11.70065],[75.99499,11.70044],[75.99375,11.70047],[75.99298,11.70088],[75.99286,11.70104],[75.99274,11.70171],[75.99278,11.70192]],[[75.99824,11.70228],[75.99908,11.70215],[75.99959,11.70194],[75.99992,11.70137],[76.00003,11.70092],[75.99951,11.69971],[75.99902,11.69927],[75.99839,11.69908],[75.99773,11.69911],[75.99728,11.69934],[75.9967,11.70011],[75.99635,11.70112],[75.99687,11.70197],[75.99734,11.70215],[75.99796,11.70224],[75.99824,11.70228]],[[76.00121,11.69925],[76.00121,11.69981],[76.00143,11.70091],[76.00158,11.70123],[76.00202,11.7017],[76.00251,11.70193],[76.00334,11.70195],[76.00359,11.70191],[76.00397,11.70166],[76.00416,11.70131],[76.00414,11.70023],[76.00396,11.69946],[76.00339,11.69863],[76.00259,11.69822],[76.00224,11.69813],[76.00182,11.69818],[76.00143,11.69855],[76.00124,11.69905],[76.00121,11.69925]],[[75.99635,11.69895],[75.9966,11.69828],[75.9966,11.69771],[75.99635,11.69715],[75.99598,11.69678],[75.99553,11.6966],[75.99503,11.69655],[75.99422,11.69662],[75.99384,11.69684],[75.99356,11.69732],[75.99326,11.69816],[75.99333,11.69869],[75.99377,11.69924],[75.99421,11.69953],[75.99514,11.69964],[75.99558,11.69956],[75.9962,11.69916],[75.99635,11.69895]],[[75.99857,11.69807],[75.99889,11.69804],[75.99953,11.69771],[76.00011,11.69715],[76.00048,11.69645],[76.0005,11.696],[76.00035,11.69573],[75.99964,11.69548],[75.99876,11.69545],[75.99827,11.69568],[75.99751,11.69638],[75.99727,11.69686],[75.99724,11.69734],[75.99745,11.69763],[75.9979,11.69793],[75.99854,11.69806],[75.99857,11.69807]],[[75.99139,11.69533],[75.99104,11.69486],[75.99109,11.69448],[75.9906,11.69389],[75.99035,11.69339],[75.99037,11.69318],[75.99074,11.69254],[75.99072,11.69206],[75.99085,11.69164],[75.98837,11.69075],[75.98778,11.69073],[75.98717,11.69106],[75.987,11.69153],[75.98701,11.69228],[75.98759,11.69321],[75.98799,11.69545],[75.98852,11.69612],[75.98952,11.69699],[75.99048,11.69763],[75.99168,11.69795],[75.99193,11.69783],[75.99228,11.69737],[75.9924,11.69675],[75.99225,11.6962],[75.99162,11.6955],[75.99139,11.69533]],[[75.99295,11.6914],[75.99229,11.69194],[75.99214,11.69236],[75.99216,11.69263],[75.99262,11.6933],[75.9934,11.69331],[75.99381,11.69302],[75.994,11.69212],[75.99365,11.69148],[75.99306,11.69132],[75.99295,11.6914]],[[76.00678,11.67298],[76.00713,11.67275],[76.00736,11.67237],[76.00749,11.67176],[76.00731,11.67149],[76.00682,11.67155],[76.00633,11.67203],[76.00622,11.67249],[76.00629,11.6728],[76.00636,11.67292],[76.00669,11.67299],[76.00678,11.67298]]]}},{"type":"Feature","properties":{"class":"Flood plain","fid":"15","landform":"Flood plain"},"geometry":{"type":"Polygon","coordinates":[[[76.09499,11.82949],[76.09569,11.83153],[76.09564,11.83175],[76.09547,11.83162],[76.09523,11.83118],[76.09471,11.82958],[76.09491,11.8294],[76.09499,11.82949]]]}},{"type":"Feature","properties":{"class":"Flood plain","fid":"16","landform":"Flood plain"},"geometry":{"type":"Polygon","coordinates":[[[76.11832,11.84312],[76.11858,11.84369],[76.11853,11.84375],[76.1181,11.84335],[76.11819,11.84307],[76.11832,11.84312]]]}},{"type":"Feature","properties":{"class":"Flood plain","fid":"17","landform":"Flood plain"},"geometry":{"type":"Polygon","coordinates":[[[76.11778,11.84534],[76.11867,11.84613],[76.11806,11.84584],[76.11777,11.84552],[76.11773,11.84534],[76.11778,11.84534]]]}},{"type":"Feature","properties":{"class":"Flood plain","fid":"18","landform":"Flood plain"},"geometry":{"type":"Polygon","coordinates":[[[76.14351,11.59995],[76.14292,11.60073],[76.14266,11.6015],[76.14148,11.603],[76.14152,11.6045],[76.14198,11.60557],[76.14214,11.60649],[76.141,11.60761],[76.14064,11.60817],[76.1405,11.60863],[76.13997,11.60898],[76.13936,11.60994],[76.13929,11.61071],[76.13916,11.61102],[76.13874,11.61157],[76.1387,11.6118],[76.13897,11.61221],[76.13865,11.61282],[76.13835,11.613],[76.13836,11.61328],[76.13901,11.61441],[76.13869,11.61474],[76.13774,11.61511],[76.1371,11.61513],[76.13641,11.61528],[76.13645,11.61549],[76.1372,11.61572],[76.13746,11.61597],[76.13727,11.61605],[76.13643,11.61595],[76.13609,11.61607],[76.13588,11.6163],[76.13585,11.61661],[76.136,11.61699],[76.13653,11.61741],[76.13634,11.61828],[76.13697,11.61948],[76.1375,11.62004],[76.13896,11.62069],[76.13913,11.62096],[76.13911,11.62125],[76.13902,11.62142],[76.13837,11.62192],[76.13756,11.62223],[76.13659,11.62211],[76.13638,11.62238],[76.13633,11.62298],[76.1361,11.62332],[76.13529,11.6235],[76.13472,11.62381],[76.13455,11.624],[76.1344,11.62467],[76.13423,11.62484],[76.13402,11.6249],[76.13375,11.62481],[76.13322,11.62444],[76.13271,11.62458],[76.13248,11.62502],[76.13271,11.62529],[76.13341,11.62552],[76.13383,11.62684],[76.13364,11.62767],[76.1337,11.62849],[76.13431,11.62991],[76.13452,11.63024],[76.13503,11.63064],[76.13477,11.63214],[76.13482,11.63287],[76.13465,11.63339],[76.13403,11.63369],[76.13321,11.63371],[76.13206,11.63418],[76.13101,11.63429],[76.1307,11.63444],[76.13043,11.63441],[76.13015,11.63421],[76.12965,11.63459],[76.12894,11.63533],[76.12853,11.63554],[76.12711,11.63586],[76.12608,11.63649],[76.12581,11.63656],[76.12476,11.63649],[76.12403,11.63702],[76.12343,11.63729],[76.12194,11.63852],[76.12157,11.63889],[76.12148,11.63911],[76.12111,11.63929],[76.12091,11.63957],[76.12111,11.63994],[76.12117,11.64061],[76.12161,11.64082],[76.12165,11.64094],[76.12134,11.64161],[76.12132,11.64191],[76.12146,11.6422],[76.12107,11.64286],[76.12109,11.64299],[76.12156,11.64333],[76.12161,11.64348],[76.12149,11.64439],[76.12047,11.64554],[76.12001,11.64569],[76.11939,11.64559],[76.11904,11.6458],[76.11899,11.64601],[76.1194,11.64661],[76.11929,11.64776],[76.1192,11.64793],[76.11881,11.64821],[76.11679,11.65067],[76.11665,11.65135],[76.11617,11.65261],[76.11507,11.65327],[76.11413,11.65341],[76.11393,11.65358],[76.11371,11.65362],[76.11309,11.65428],[76.11283,11.65432],[76.11207,11.65418],[76.11188,11.65428],[76.11179,11.6545],[76.11216,11.65471],[76.11217,11.65486],[76.11165,11.65537],[76.11139,11.65549],[76.11112,11.65517],[76.11095,11.65513],[76.11092,11.65525],[76.11111,11.65562],[76.11103,11.65586],[76.1107,11.65589],[76.10979,11.65533],[76.1097,11.65547],[76.10975,11.65579],[76.10957,11.65625],[76.10934,11.65654],[76.10875,11.65673],[76.10861,11.65744],[76.10863,11.65782],[76.10906,11.65844],[76.10922,11.65858],[76.10944,11.65858],[76.11,11.65837],[76.11015,11.65851],[76.11017,11.65901],[76.10998,11.65953],[76.10996,11.66002],[76.11027,11.66031],[76.11121,11.66043],[76.1115,11.66059],[76.11164,11.66085],[76.11162,11.66116],[76.11138,11.66135],[76.11074,11.66145],[76.11017,11.66173],[76.10984,11.66216],[76.10996,11.66381],[76.10982,11.66405],[76.10958,11.66422],[76.1091,11.66509],[76.10882,11.66599],[76.10854,11.66628],[76.10832,11.66635],[76.10787,11.66685],[76.1073,11.6677],[76.10723,11.66822],[76.10709,11.66815],[76.10681,11.66772],[76.10662,11.66765],[76.1064,11.66777],[76.10619,11.66822],[76.10595,11.66934],[76.10643,11.66962],[76.10636,11.67007],[76.10643,11.67026],[76.10675,11.67047],[76.10685,11.67104],[76.10714,11.67155],[76.10718,11.67204],[76.10702,11.67213],[76.10615,11.6713],[76.10572,11.67121],[76.10482,11.67123],[76.10455,11.67139],[76.10444,11.67168],[76.1044,11.67231],[76.10324,11.67248],[76.10303,11.67277],[76.10308,11.67299],[76.1035,11.6735],[76.10352,11.67378],[76.10338,11.67416],[76.10342,11.67448],[76.10378,11.67474],[76.10377,11.67504],[76.10354,11.67525],[76.10338,11.67525],[76.1032,11.67523],[76.1029,11.67496],[76.10259,11.67499],[76.1023,11.6753],[76.10219,11.67584],[76.10179,11.67609],[76.10176,11.67627],[76.10218,11.67631],[76.103,11.67586],[76.10334,11.67581],[76.10346,11.6759],[76.10403,11.67724],[76.10425,11.67806],[76.10407,11.6782],[76.10344,11.67789],[76.10286,11.67773],[76.10189,11.67778],[76.10149,11.67789],[76.10115,11.67823],[76.10097,11.67878],[76.10069,11.68047],[76.10093,11.6808],[76.10131,11.68093],[76.10295,11.68111],[76.10306,11.68122],[76.10306,11.68149],[76.1029,11.68162],[76.10252,11.68145],[76.10196,11.68145],[76.10124,11.6816],[76.10068,11.68221],[76.10065,11.68251],[76.10049,11.68266],[76.10023,11.68271],[76.09989,11.68241],[76.09978,11.68241],[76.09878,11.68352],[76.0986,11.68385],[76.09861,11.68435],[76.09872,11.68442],[76.09935,11.68435],[76.09968,11.68412],[76.09991,11.68367],[76.10018,11.68356],[76.10043,11.68365],[76.10065,11.68397],[76.10067,11.68446],[76.09968,11.6852],[76.09986,11.68577],[76.10018,11.68601],[76.10041,11.6864],[76.10063,11.68716],[76.10041,11.68738],[76.10004,11.6873],[76.09965,11.68749],[76.0991,11.68847],[76.0993,11.68909],[76.10013,11.68964],[76.1003,11.68984],[76.10031,11.69001],[76.09954,11.69092],[76.09957,11.69123],[76.09982,11.69151],[76.10014,11.69164],[76.10016,11.69185],[76.09962,11.69196],[76.09941,11.69213],[76.09954,11.69297],[76.09923,11.69367],[76.09931,11.69392],[76.09946,11.69405],[76.10068,11.69443],[76.10106,11.69473],[76.10117,11.69504],[76.10106,11.69515],[76.10059,11.6952],[76.10044,11.69532],[76.1003,11.69557],[76.10023,11.69605],[76.10009,11.69612],[76.09946,11.69588],[76.09906,11.69588],[76.09876,11.69599],[76.09838,11.69642],[76.09849,11.69695],[76.09866,11.69715],[76.09942,11.69758],[76.09937,11.6979],[76.09897,11.69825],[76.099,11.69857],[76.09928,11.69889],[76.09924,11.69917],[76.09893,11.69957],[76.09894,11.69979],[76.09903,11.69996],[76.09955,11.70009],[76.10041,11.70052],[76.10058,11.70139],[76.10056,11.70189],[76.09946,11.70314],[76.09921,11.70486],[76.09933,11.70522],[76.10008,11.70627],[76.09997,11.70649],[76.09946,11.70689],[76.09929,11.70729],[76.09929,11.70759],[76.09955,11.70794],[76.10022,11.70803],[76.10057,11.70858],[76.10062,11.70899],[76.10024,11.70982],[76.10034,11.71016],[76.10062,11.71036],[76.101,11.71037],[76.10152,11.7107],[76.10181,11.71063],[76.10202,11.7107],[76.10211,11.71156],[76.10232,11.71198],[76.10232,11.71302],[76.10252,11.71338],[76.10332,11.71414],[76.10351,11.71467],[76.10349,11.71543],[76.10336,11.71599],[76.10317,11.71619],[76.10264,11.71643],[76.10175,11.71706],[76.10126,11.71764],[76.10114,11.71795],[76.10131,11.71853],[76.10214,11.71929],[76.10212,11.71966],[76.10172,11.72018],[76.10161,11.72052],[76.10226,11.72151],[76.10232,11.72188],[76.10228,11.72204],[76.1018,11.72251],[76.10152,11.72257],[76.10117,11.72254],[76.10097,11.7224],[76.10072,11.72195],[76.10056,11.72187],[76.1001,11.72188],[76.09974,11.72213],[76.09964,11.72298],[76.0993,11.72339],[76.09914,11.72384],[76.09912,11.72417],[76.09935,11.72454],[76.09935,11.72496],[76.09929,11.72526],[76.09892,11.72593],[76.09889,11.7262],[76.09875,11.7263],[76.09832,11.72606],[76.09795,11.72601],[76.09781,11.72607],[76.09769,11.72633],[76.09782,11.72773],[76.09799,11.72809],[76.09805,11.72868],[76.09782,11.72875],[76.09749,11.72869],[76.09686,11.72797],[76.09651,11.72791],[76.09621,11.72826],[76.09583,11.72907],[76.09584,11.72973],[76.096,11.73047],[76.09564,11.7305],[76.09431,11.72994],[76.09396,11.73007],[76.0939,11.73042],[76.0947,11.73144],[76.09441,11.73232],[76.09404,11.7324],[76.09351,11.7314],[76.09323,11.73121],[76.09289,11.73133],[76.09251,11.73185],[76.09184,11.73182],[76.09177,11.73195],[76.0919,11.73237],[76.09257,11.73283],[76.09282,11.7329],[76.09314,11.73332],[76.09312,11.73367],[76.09238,11.73455],[76.09212,11.73456],[76.09182,11.73425],[76.09159,11.73418],[76.09127,11.73427],[76.09074,11.73464],[76.09054,11.73497],[76.09035,11.7357],[76.08998,11.7359],[76.08893,11.7356],[76.08882,11.73565],[76.08879,11.73593],[76.08863,11.73602],[76.08829,11.73549],[76.08818,11.73541],[76.08792,11.73546],[76.08778,11.73585],[76.08781,11.73623],[76.0884,11.73689],[76.08827,11.73701],[76.08687,11.73653],[76.08669,11.73589],[76.08591,11.73545],[76.08569,11.73467],[76.08533,11.73463],[76.08477,11.73538],[76.08459,11.73542],[76.08432,11.73526],[76.08414,11.73526],[76.08401,11.73541],[76.08402,11.73564],[76.08409,11.73581],[76.08487,11.7365],[76.08512,11.7371],[76.08569,11.7376],[76.08603,11.73763],[76.08602,11.73776],[76.08593,11.73783],[76.08549,11.73772],[76.08514,11.73777],[76.08492,11.73797],[76.08484,11.73837],[76.08457,11.73857],[76.08395,11.7388],[76.08376,11.73878],[76.08351,11.73852],[76.08339,11.73762],[76.08359,11.73734],[76.08428,11.73762],[76.08444,11.73759],[76.08455,11.73737],[76.0845,11.73713],[76.08396,11.73642],[76.08306,11.73621],[76.08283,11.7354],[76.08272,11.73528],[76.08241,11.7353],[76.08155,11.73598],[76.081,11.7366],[76.08057,11.73666],[76.08037,11.73693],[76.08056,11.73735],[76.08051,11.73767],[76.08087,11.7379],[76.08106,11.73787],[76.08191,11.73734],[76.08236,11.73739],[76.08237,11.73793],[76.08219,11.73827],[76.08216,11.73904],[76.08193,11.73949],[76.08096,11.74024],[76.08061,11.74024],[76.07986,11.73954],[76.07977,11.73933],[76.07986,11.73905],[76.08019,11.73871],[76.08018,11.73851],[76.08004,11.73831],[76.07965,11.73817],[76.07912,11.73835],[76.07847,11.73838],[76.07809,11.73888],[76.07797,11.73919],[76.07802,11.73963],[76.07813,11.73974],[76.07819,11.74045],[76.0779,11.74153],[76.07763,11.74189],[76.07729,11.74197],[76.07706,11.74182],[76.07696,11.74151],[76.0765,11.74139],[76.07631,11.74144],[76.07627,11.742],[76.0765,11.74266],[76.07643,11.74273],[76.07627,11.74254],[76.07606,11.74156],[76.07488,11.74027],[76.07304,11.73965],[76.07181,11.73951],[76.07075,11.73875],[76.07024,11.73822],[76.06863,11.73754],[76.06669,11.73773],[76.0662,11.73756],[76.06529,11.73743],[76.06477,11.73702],[76.06413,11.73619],[76.06355,11.73565],[76.06224,11.73481],[76.05996,11.73387],[76.05878,11.73326],[76.05841,11.73323],[76.05807,11.73305],[76.05727,11.73179],[76.05663,11.72993],[76.05608,11.729],[76.05524,11.72821],[76.05421,11.72765],[76.05424,11.72721],[76.05519,11.72639],[76.0561,11.72633],[76.05787,11.72657],[76.05885,11.72652],[76.05944,11.72639],[76.05962,11.72626],[76.05967,11.72582],[76.05951,11.72525],[76.05931,11.72489],[76.05899,11.72459],[76.05859,11.72372],[76.05814,11.7233],[76.0589,11.72309],[76.05885,11.72285],[76.05857,11.72248],[76.05856,11.72224],[76.05915,11.72191],[76.05925,11.72129],[76.05976,11.7207],[76.06052,11.72059],[76.061,11.72034],[76.06133,11.71999],[76.06165,11.71903],[76.06222,11.71799],[76.06219,11.71737],[76.06236,11.71705],[76.06278,11.71672],[76.06338,11.71648],[76.06353,11.71624],[76.06407,11.71606],[76.0656,11.71517],[76.06597,11.71456],[76.06619,11.7135],[76.06786,11.71119],[76.06788,11.71111],[76.06622,11.71333],[76.06606,11.71373],[76.06596,11.71446],[76.06564,11.71505],[76.06413,11.71597],[76.06351,11.71617],[76.06329,11.71646],[76.0629,11.71658],[76.06229,11.71703],[76.06215,11.71729],[76.06219,11.71789],[76.06113,11.72018],[76.06064,11.7205],[76.05978,11.72063],[76.05923,11.72122],[76.05913,11.72149],[76.05827,11.72089],[76.05807,11.72062],[76.05804,11.72037],[76.05846,11.71986],[76.05849,11.7194],[76.05894,11.71906],[76.05882,11.71864],[76.05895,11.71805],[76.05894,11.7179],[76.05852,11.71729],[76.05862,11.71615],[76.05843,11.7159],[76.05834,11.71523],[76.05811,11.7148],[76.05824,11.71451],[76.05824,11.71424],[76.05805,11.71405],[76.05742,11.71395],[76.05719,11.71317],[76.05725,11.713],[76.05756,11.71293],[76.05788,11.7126],[76.05793,11.71207],[76.05829,11.71172],[76.05813,11.71119],[76.05792,11.71101],[76.05837,11.71106],[76.05845,11.71095],[76.05836,11.71077],[76.05843,11.71024],[76.0583,11.70998],[76.05836,11.70967],[76.05827,11.7089],[76.05839,11.70855],[76.05828,11.70846],[76.05799,11.70858],[76.05792,11.70816],[76.05768,11.70765],[76.0577,11.7071],[76.05786,11.70688],[76.05833,11.70678],[76.05843,11.70608],[76.05911,11.70509],[76.05909,11.70479],[76.05885,11.70437],[76.05904,11.70426],[76.05976,11.70268],[76.06007,11.70246],[76.06048,11.70194],[76.06059,11.70193],[76.06073,11.70208],[76.06094,11.70204],[76.06123,11.70079],[76.06153,11.70051],[76.06156,11.70022],[76.06189,11.70005],[76.0626,11.69991],[76.06284,11.69971],[76.06316,11.69972],[76.06388,11.69951],[76.06405,11.69956],[76.06419,11.69977],[76.06458,11.69965],[76.06513,11.69912],[76.06527,11.69854],[76.06543,11.69848],[76.06566,11.69862],[76.06582,11.69859],[76.06586,11.69841],[76.06569,11.69819],[76.06572,11.69801],[76.06602,11.69806],[76.06625,11.69793],[76.06625,11.69771],[76.06599,11.6974],[76.06643,11.69738],[76.06654,11.69718],[76.06642,11.69697],[76.06647,11.69673],[76.06675,11.69679],[76.06684,11.69647],[76.0673,11.6962],[76.06725,11.69582],[76.06651,11.69509],[76.06641,11.6947],[76.06681,11.69406],[76.06698,11.69291],[76.06733,11.69214],[76.06748,11.69121],[76.06748,11.69057],[76.06759,11.69026],[76.06755,11.68992],[76.06768,11.68959],[76.06781,11.68839],[76.06796,11.688],[76.06873,11.68724],[76.06975,11.68675],[76.07125,11.68582],[76.07152,11.68539],[76.07151,11.68479],[76.07216,11.68444],[76.07274,11.68367],[76.07288,11.68333],[76.0728,11.68281],[76.07218,11.68207],[76.07192,11.68141],[76.07149,11.68088],[76.0713,11.68073],[76.07054,11.68066],[76.07019,11.68035],[76.07,11.67999],[76.06997,11.67936],[76.06994,11.6799],[76.0702,11.68046],[76.07051,11.6807],[76.07133,11.6808],[76.07152,11.68099],[76.07184,11.68137],[76.07214,11.68209],[76.07269,11.68272],[76.07281,11.68343],[76.07201,11.68452],[76.0715,11.68471],[76.07143,11.68489],[76.0715,11.68528],[76.0712,11.68582],[76.06979,11.68669],[76.06887,11.68709],[76.06821,11.68762],[76.06791,11.68801],[76.0675,11.68993],[76.06754,11.6903],[76.06728,11.69207],[76.06696,11.69279],[76.06674,11.69411],[76.06635,11.69472],[76.06638,11.69496],[76.06657,11.69526],[76.06724,11.69589],[76.06728,11.69614],[76.0668,11.69645],[76.06669,11.69679],[76.06657,11.69666],[76.06644,11.6967],[76.06633,11.69686],[76.06646,11.69712],[76.06641,11.69734],[76.06627,11.6974],[76.06604,11.69733],[76.06594,11.69742],[76.06596,11.69755],[76.06621,11.69774],[76.06621,11.69786],[76.06612,11.69801],[76.06583,11.69792],[76.06564,11.69805],[76.06562,11.69819],[76.0658,11.69855],[76.0657,11.69859],[76.06548,11.69844],[76.06523,11.69853],[76.06508,11.6991],[76.06445,11.69968],[76.06422,11.69974],[76.06403,11.6995],[76.06385,11.69947],[76.06313,11.6997],[76.06284,11.69967],[76.0625,11.69991],[76.06186,11.70002],[76.0615,11.70022],[76.06151,11.70048],[76.0612,11.70071],[76.06092,11.70197],[76.06081,11.70205],[76.0605,11.70188],[76.06011,11.70236],[76.05972,11.70265],[76.05925,11.70353],[76.05905,11.70419],[76.05879,11.70433],[76.05907,11.70488],[76.05907,11.70506],[76.05882,11.70554],[76.05842,11.70597],[76.05831,11.7067],[76.05811,11.70684],[76.05782,11.70683],[76.05767,11.70703],[76.05763,11.70757],[76.0579,11.70821],[76.05791,11.70855],[76.05806,11.70867],[76.05833,11.70854],[76.05823,11.70879],[76.05831,11.70963],[76.05823,11.70991],[76.05836,11.71024],[76.0583,11.71071],[76.0584,11.71097],[76.05784,11.711],[76.05787,11.71112],[76.05807,11.71122],[76.05823,11.71172],[76.05791,11.71205],[76.05785,11.71256],[76.0575,11.7129],[76.05714,11.71298],[76.05713,11.71316],[76.0573,11.71355],[76.05734,11.71397],[76.05815,11.71422],[76.05808,11.71491],[76.0583,11.71522],[76.05838,11.71594],[76.05855,11.71613],[76.05846,11.71722],[76.05856,11.71755],[76.05888,11.71799],[76.05877,11.71874],[76.05888,11.71901],[76.05844,11.71938],[76.0584,11.71986],[76.05809,11.72013],[76.05799,11.7204],[76.05814,11.72087],[76.05911,11.72163],[76.05901,11.72197],[76.05864,11.72208],[76.05846,11.72224],[76.05859,11.72268],[76.05883,11.72295],[76.0588,11.7231],[76.05803,11.72322],[76.05597,11.72162],[76.05505,11.72119],[76.05418,11.72103],[76.05215,11.72125],[76.05162,11.7211],[76.05079,11.72063],[76.05067,11.72031],[76.0509,11.71959],[76.05106,11.7193],[76.05159,11.71881],[76.05192,11.71828],[76.05208,11.71783],[76.05209,11.71742],[76.05195,11.7171],[76.05132,11.71658],[76.05064,11.71656],[76.04925,11.71724],[76.04862,11.71734],[76.04803,11.71761],[76.04787,11.7178],[76.04746,11.71799],[76.04731,11.71826],[76.04494,11.7202],[76.04272,11.72157],[76.04181,11.72164],[76.0415,11.72152],[76.04125,11.72129],[76.04074,11.72119],[76.03957,11.72124],[76.03877,11.7219],[76.03851,11.72239],[76.03868,11.72366],[76.03882,11.72403],[76.03864,11.72475],[76.03826,11.72523],[76.03765,11.72531],[76.03696,11.72497],[76.03618,11.72438],[76.03566,11.72425],[76.03537,11.72389],[76.03387,11.72258],[76.03294,11.72146],[76.03288,11.72108],[76.03156,11.71976],[76.03084,11.71821],[76.03084,11.71765],[76.03099,11.71716],[76.03086,11.71664],[76.03065,11.71644],[76.03034,11.7165],[76.02995,11.71761],[76.02981,11.71773],[76.02887,11.71808],[76.02838,11.71837],[76.0276,11.71841],[76.02728,11.71834],[76.02693,11.718],[76.02606,11.71634],[76.02566,11.71423],[76.0254,11.71423],[76.02514,11.71438],[76.0244,11.71509],[76.02353,11.71575],[76.02313,11.71597],[76.02277,11.71587],[76.02281,11.71553],[76.02366,11.71418],[76.02408,11.71321],[76.02416,11.71159],[76.02399,11.71138],[76.02272,11.71056],[76.02223,11.71001],[76.02193,11.70955],[76.02187,11.70895],[76.02203,11.70878],[76.02354,11.70792],[76.02469,11.70702],[76.0248,11.70689],[76.02479,11.7066],[76.02456,11.70635],[76.02414,11.7062],[76.02313,11.70631],[76.02128,11.70694],[76.02031,11.70744],[76.01926,11.70784],[76.01873,11.70818],[76.01792,11.70848],[76.01752,11.709],[76.01664,11.70977],[76.01634,11.7099],[76.01603,11.7098],[76.01586,11.7092],[76.01623,11.70784],[76.01665,11.70753],[76.01774,11.70716],[76.01853,11.70707],[76.01864,11.70694],[76.01865,11.70664],[76.01849,11.70633],[76.01797,11.70604],[76.01745,11.70589],[76.01598,11.70583],[76.01556,11.70547],[76.01531,11.70487],[76.01531,11.70458],[76.01631,11.70364],[76.01657,11.70264],[76.01655,11.70206],[76.01626,11.70051],[76.01614,11.70024],[76.01595,11.70008],[76.01535,11.70002],[76.01492,11.69981],[76.01344,11.6987],[76.01339,11.69845],[76.01459,11.69736],[76.01475,11.69733],[76.01492,11.69747],[76.01511,11.69791],[76.01635,11.69981],[76.01724,11.70071],[76.01759,11.70092],[76.01829,11.70119],[76.01904,11.70126],[76.0196,11.70147],[76.01993,11.70147],[76.02119,11.70112],[76.02133,11.70085],[76.02151,11.69928],[76.02167,11.69751],[76.02146,11.69669],[76.02171,11.69558],[76.02163,11.69521],[76.02096,11.69442],[76.02086,11.69416],[76.02087,11.69382],[76.02102,11.69362],[76.02242,11.69325],[76.02278,11.69312],[76.0231,11.69287],[76.02352,11.69276],[76.02431,11.69221],[76.02456,11.6918],[76.02452,11.69161],[76.02428,11.69136],[76.02276,11.69121],[76.02193,11.69099],[76.02179,11.69078],[76.02152,11.68962],[76.02078,11.689],[76.02027,11.68881],[76.01998,11.68852],[76.02002,11.68831],[76.02066,11.68809],[76.02225,11.68833],[76.02324,11.68824],[76.02369,11.68836],[76.02432,11.68768],[76.02435,11.68745],[76.02416,11.68719],[76.02376,11.68716],[76.02302,11.68687],[76.02288,11.68647],[76.02272,11.68412],[76.02286,11.68403],[76.02302,11.68412],[76.02347,11.68464],[76.02372,11.68469],[76.02394,11.68458],[76.02412,11.68439],[76.02417,11.68385],[76.0238,11.68325],[76.02383,11.68314],[76.02416,11.68311],[76.02464,11.68349],[76.02473,11.68401],[76.02466,11.68511],[76.02498,11.6855],[76.02556,11.68557],[76.02595,11.68534],[76.0261,11.68518],[76.02613,11.68498],[76.02574,11.68451],[76.02563,11.68395],[76.0257,11.68392],[76.02595,11.68431],[76.02644,11.6846],[76.02716,11.68462],[76.02748,11.68446],[76.02837,11.68343],[76.02837,11.68316],[76.02813,11.68298],[76.02751,11.68294],[76.0273,11.68281],[76.02736,11.68248],[76.02756,11.68228],[76.02759,11.68152],[76.0277,11.68113],[76.02766,11.68054],[76.02784,11.68043],[76.02883,11.68019],[76.02945,11.68027],[76.02972,11.68046],[76.03038,11.68133],[76.03083,11.68156],[76.03114,11.68158],[76.03137,11.68144],[76.03157,11.68103],[76.03194,11.68069],[76.03219,11.68054],[76.03287,11.68043],[76.03273,11.67999],[76.03282,11.67969],[76.03334,11.67961],[76.03376,11.67935],[76.03398,11.67932],[76.03426,11.67952],[76.03431,11.68021],[76.03493,11.68029],[76.0352,11.68017],[76.0353,11.67968],[76.03514,11.67946],[76.0344,11.67905],[76.03411,11.67875],[76.03408,11.6786],[76.03431,11.67825],[76.03507,11.67769],[76.03538,11.67796],[76.03623,11.678],[76.03667,11.67831],[76.03754,11.67836],[76.03799,11.6773],[76.03799,11.67699],[76.03839,11.67618],[76.03839,11.67591],[76.03812,11.67555],[76.03796,11.67548],[76.03722,11.6755],[76.03706,11.67507],[76.03628,11.67436],[76.03627,11.67413],[76.03819,11.67454],[76.03841,11.67447],[76.03876,11.67414],[76.03886,11.67354],[76.03906,11.67349],[76.03961,11.6739],[76.03982,11.67496],[76.04016,11.67515],[76.04034,11.67515],[76.0406,11.67496],[76.04091,11.67443],[76.04097,11.67295],[76.04044,11.67136],[76.04039,11.67033],[76.04116,11.66994],[76.04137,11.66966],[76.04129,11.66935],[76.04098,11.66894],[76.04093,11.66868],[76.0416,11.66813],[76.04234,11.66791],[76.04258,11.66762],[76.04276,11.66654],[76.0433,11.6658],[76.04373,11.6654],[76.04375,11.66483],[76.04353,11.66452],[76.04301,11.66409],[76.04298,11.66391],[76.04319,11.66384],[76.04389,11.66427],[76.04456,11.66429],[76.04519,11.66391],[76.04571,11.66312],[76.04636,11.66245],[76.04663,11.66225],[76.04697,11.66215],[76.04728,11.66213],[76.04753,11.66229],[76.04794,11.66292],[76.04838,11.66303],[76.04852,11.66294],[76.04879,11.66233],[76.04832,11.66148],[76.04827,11.6611],[76.04848,11.66078],[76.04983,11.66033],[76.05001,11.66013],[76.05007,11.65957],[76.04989,11.6588],[76.05008,11.65849],[76.05046,11.65819],[76.0508,11.65808],[76.05147,11.659],[76.05167,11.65903],[76.05192,11.65891],[76.05201,11.65873],[76.05206,11.65829],[76.05136,11.65785],[76.05097,11.6574],[76.05095,11.65707],[76.05109,11.657],[76.05205,11.65707],[76.05232,11.65691],[76.05244,11.65648],[76.05241,11.65605],[76.05222,11.65569],[76.052,11.65539],[76.05133,11.65493],[76.05131,11.65262],[76.05121,11.65173],[76.05098,11.6514],[76.05004,11.65131],[76.04975,11.65107],[76.0498,11.65094],[76.05091,11.65099],[76.05115,11.65079],[76.05118,11.65038],[76.05082,11.64914],[76.051,11.64763],[76.05114,11.64752],[76.05172,11.64759],[76.05245,11.64726],[76.05275,11.64699],[76.05327,11.64545],[76.05365,11.64518],[76.05449,11.64498],[76.05476,11.6448],[76.05491,11.64417],[76.05415,11.64339],[76.05416,11.64321],[76.05526,11.64324],[76.05507,11.64247],[76.05577,11.64259],[76.05638,11.64257],[76.05678,11.64246],[76.05703,11.64226],[76.05733,11.64152],[76.05702,11.64133],[76.05682,11.64108],[76.05676,11.64082],[76.05693,11.64069],[76.05717,11.64079],[76.0575,11.64078],[76.05781,11.64061],[76.05785,11.64025],[76.05762,11.63979],[76.05766,11.6395],[76.05797,11.63918],[76.05847,11.63905],[76.05901,11.63927],[76.05955,11.6393],[76.05973,11.63784],[76.06022,11.63753],[76.06046,11.63754],[76.06095,11.63784],[76.06163,11.63878],[76.06187,11.63886],[76.06213,11.63881],[76.06229,11.63867],[76.06236,11.63837],[76.06227,11.63782],[76.06233,11.63759],[76.06272,11.63713],[76.06266,11.63686],[76.06198,11.63632],[76.06138,11.6368],[76.061,11.63648],[76.061,11.63617],[76.06128,11.63586],[76.062,11.63555],[76.06206,11.63527],[76.06174,11.63494],[76.06172,11.63469],[76.06196,11.63451],[76.06274,11.63444],[76.06328,11.63458],[76.06345,11.6348],[76.0639,11.6348],[76.06398,11.63455],[76.06389,11.63353],[76.06448,11.63344],[76.06495,11.63323],[76.066,11.63183],[76.06604,11.63105],[76.06586,11.63079],[76.06537,11.63061],[76.06497,11.63032],[76.0648,11.63007],[76.06485,11.62986],[76.06595,11.62965],[76.06649,11.62938],[76.06675,11.62906],[76.06682,11.62854],[76.06699,11.62839],[76.06724,11.62838],[76.06761,11.6287],[76.06796,11.62872],[76.06845,11.62934],[76.06875,11.62932],[76.06903,11.6291],[76.06904,11.62886],[76.06831,11.62776],[76.06833,11.62751],[76.06861,11.62696],[76.06849,11.62639],[76.06861,11.62591],[76.06849,11.62573],[76.0673,11.62521],[76.06713,11.62492],[76.06694,11.62386],[76.06676,11.62353],[76.06594,11.62345],[76.06521,11.62316],[76.06471,11.6231],[76.06418,11.62243],[76.0642,11.62212],[76.06431,11.62199],[76.06463,11.62186],[76.06532,11.62185],[76.06552,11.62159],[76.06542,11.62096],[76.0651,11.62032],[76.06473,11.62016],[76.06436,11.62019],[76.06426,11.62026],[76.06421,11.62087],[76.06412,11.62097],[76.06353,11.62101],[76.06333,11.62093],[76.06333,11.62045],[76.06306,11.62006],[76.06301,11.61983],[76.06311,11.61965],[76.0639,11.61957],[76.06452,11.61937],[76.06489,11.61881],[76.06476,11.61859],[76.06417,11.61825],[76.06378,11.61789],[76.06185,11.61702],[76.06138,11.61665],[76.06141,11.61623],[76.06186,11.61556],[76.06181,11.6153],[76.06127,11.61522],[76.06061,11.61544],[76.06013,11.61543],[76.05966,11.61519],[76.05934,11.61515],[76.05925,11.6149],[76.05984,11.61416],[76.06,11.61309],[76.0599,11.61281],[76.05992,11.61246],[76.06021,11.61221],[76.06088,11.6122],[76.06159,11.61258],[76.06205,11.61266],[76.06226,11.6126],[76.06229,11.61233],[76.06198,11.61124],[76.06196,11.61065],[76.06234,11.60984],[76.06237,11.60934],[76.0627,11.60915],[76.06314,11.60868],[76.06365,11.60853],[76.06379,11.6086],[76.06374,11.60896],[76.06398,11.60919],[76.06411,11.60917],[76.06429,11.60883],[76.06456,11.60878],[76.06568,11.60935],[76.06716,11.60936],[76.06753,11.60908],[76.0678,11.60836],[76.06768,11.60758],[76.06835,11.60702],[76.06864,11.60702],[76.06914,11.60747],[76.07027,11.60746],[76.07009,11.60656],[76.06997,11.60632],[76.06971,11.60616],[76.06968,11.60553],[76.06905,11.60493],[76.06879,11.60444],[76.0689,11.6037],[76.06868,11.60352],[76.06851,11.60317],[76.06853,11.60307],[76.06897,11.6029],[76.06908,11.60273],[76.06842,11.60213],[76.06847,11.60195],[76.06875,11.60184],[76.06912,11.60187],[76.07003,11.60251],[76.07037,11.60253],[76.0708,11.60211],[76.07094,11.60211],[76.07103,11.60257],[76.07134,11.6032],[76.07163,11.60365],[76.07195,11.6038],[76.07257,11.60371],[76.07302,11.60312],[76.07314,11.60309],[76.07371,11.60312],[76.074,11.60329],[76.07409,11.60356],[76.07401,11.60392],[76.07358,11.6044],[76.0725,11.60514],[76.07239,11.6054],[76.07244,11.60581],[76.07276,11.60602],[76.07332,11.60612],[76.07397,11.60641],[76.07427,11.60702],[76.07425,11.60783],[76.07432,11.60801],[76.07505,11.60874],[76.07525,11.60885],[76.07557,11.60879],[76.07537,11.60775],[76.07544,11.60707],[76.07564,11.60695],[76.07618,11.60713],[76.07678,11.60705],[76.07681,11.60676],[76.07649,11.60624],[76.07666,11.60585],[76.07671,11.60503],[76.07734,11.60465],[76.07767,11.60458],[76.07785,11.60464],[76.07805,11.60495],[76.07832,11.60515],[76.07858,11.60515],[76.07861,11.60499],[76.07847,11.60484],[76.0784,11.60449],[76.07869,11.60362],[76.07937,11.60372],[76.07962,11.60363],[76.0798,11.60338],[76.07957,11.60292],[76.07983,11.60276],[76.08013,11.60276],[76.08051,11.6033],[76.08092,11.6032],[76.08101,11.60283],[76.08096,11.60267],[76.08054,11.60223],[76.08033,11.60171],[76.08032,11.60126],[76.08005,11.60107],[76.08001,11.60077],[76.08009,11.6006],[76.08019,11.60052],[76.08049,11.60057],[76.0809,11.60092],[76.08123,11.60099],[76.08196,11.60088],[76.08234,11.60057],[76.08299,11.60062],[76.08357,11.60043],[76.08363,11.60009],[76.0834,11.59992],[76.083,11.59986],[76.08306,11.59924],[76.08261,11.59887],[76.08255,11.5986],[76.08328,11.59865],[76.08332,11.59839],[76.08315,11.5981],[76.08316,11.59781],[76.08344,11.59765],[76.08463,11.59798],[76.085,11.59798],[76.08512,11.59789],[76.08524,11.59749],[76.08521,11.59703],[76.08492,11.59643],[76.08513,11.5956],[76.08561,11.5951],[76.08591,11.59458],[76.08648,11.59428],[76.08678,11.5943],[76.08729,11.59441],[76.08864,11.59509],[76.09004,11.59507],[76.09074,11.59484],[76.09109,11.59463],[76.09161,11.59378],[76.09267,11.59253],[76.09391,11.59071],[76.09451,11.59014],[76.0948,11.58947],[76.09478,11.58763],[76.09464,11.58702],[76.09411,11.58569],[76.09374,11.58513],[76.09345,11.58419],[76.09359,11.58358],[76.09457,11.58283],[76.09466,11.58222],[76.0943,11.58066],[76.09463,11.58037],[76.09505,11.58045],[76.09537,11.58066],[76.09641,11.58167],[76.09725,11.58229],[76.09758,11.58238],[76.09892,11.58227],[76.09928,11.58211],[76.1002,11.58127],[76.10055,11.58123],[76.10078,11.58123],[76.10162,11.58198],[76.10191,11.58211],[76.10276,11.58214],[76.10313,11.58201],[76.10347,11.58171],[76.10376,11.58071],[76.10465,11.57969],[76.1049,11.57912],[76.10513,11.57897],[76.1061,11.57925],[76.10631,11.57916],[76.10723,11.57817],[76.1074,11.57722],[76.10767,11.57706],[76.1084,11.57717],[76.10894,11.57756],[76.10964,11.57753],[76.11117,11.57661],[76.11301,11.5765],[76.11455,11.57583],[76.11477,11.57518],[76.11477,11.57481],[76.11462,11.57431],[76.11462,11.57356],[76.11485,11.57313],[76.115,11.57311],[76.11519,11.57329],[76.11568,11.57413],[76.11591,11.57433],[76.11653,11.57472],[76.11711,11.57472],[76.11759,11.57454],[76.11805,11.57374],[76.11805,11.57267],[76.11814,11.57224],[76.11827,11.57197],[76.1185,11.57177],[76.11948,11.57181],[76.11989,11.57204],[76.1205,11.57272],[76.12082,11.57283],[76.12157,11.57254],[76.12196,11.57176],[76.12219,11.57094],[76.12265,11.57065],[76.12311,11.57065],[76.12362,11.57151],[76.12377,11.57159],[76.12403,11.57153],[76.12418,11.57107],[76.12435,11.57086],[76.1246,11.57079],[76.12617,11.5711],[76.12702,11.57087],[76.1276,11.57035],[76.12757,11.56984],[76.12706,11.56898],[76.12696,11.56837],[76.12706,11.56815],[76.12766,11.56789],[76.12808,11.56725],[76.1284,11.56725],[76.12862,11.56748],[76.12891,11.5676],[76.12949,11.56764],[76.13109,11.56706],[76.13269,11.56634],[76.13323,11.56642],[76.13383,11.56686],[76.13469,11.56727],[76.1358,11.56829],[76.13606,11.56883],[76.13589,11.56927],[76.13534,11.56954],[76.13487,11.56946],[76.13422,11.5695],[76.13411,11.56973],[76.13367,11.57002],[76.13248,11.57052],[76.13212,11.5708],[76.13162,11.57142],[76.13145,11.57192],[76.13173,11.57291],[76.13166,11.57366],[76.13146,11.57387],[76.13099,11.57406],[76.13035,11.57399],[76.12957,11.57347],[76.1289,11.57282],[76.12849,11.57259],[76.12821,11.57255],[76.12786,11.57263],[76.12769,11.57287],[76.12769,11.57366],[76.12746,11.57376],[76.12715,11.57376],[76.12548,11.57322],[76.12489,11.57347],[76.12466,11.57372],[76.12441,11.57487],[76.12418,11.57521],[76.12364,11.5756],[76.12207,11.57636],[76.12116,11.57656],[76.12027,11.57661],[76.11923,11.57595],[76.1185,11.57572],[76.11789,11.57601],[76.11743,11.57651],[76.11632,11.57701],[76.11591,11.57701],[76.11509,11.57679],[76.11416,11.57679],[76.11257,11.57702],[76.11228,11.57723],[76.1123,11.57758],[76.11292,11.5781],[76.11309,11.57845],[76.11314,11.57876],[76.11292,11.57917],[76.11269,11.57917],[76.11103,11.57824],[76.11012,11.57835],[76.10974,11.57869],[76.10973,11.57887],[76.11003,11.57965],[76.10994,11.57997],[76.10973,11.58015],[76.10878,11.58044],[76.10865,11.58062],[76.10875,11.58206],[76.10857,11.58219],[76.1082,11.58214],[76.1078,11.58169],[76.1074,11.58149],[76.10664,11.58138],[76.10612,11.58146],[76.1055,11.58173],[76.1053,11.58206],[76.10423,11.58321],[76.10312,11.58347],[76.10225,11.58349],[76.10204,11.58361],[76.10197,11.58374],[76.10214,11.58403],[76.1034,11.58491],[76.10365,11.5852],[76.10365,11.58554],[76.10348,11.58576],[76.10271,11.58587],[76.10221,11.58581],[76.10158,11.58543],[76.10097,11.58541],[76.10062,11.58583],[76.10026,11.587],[76.09986,11.5874],[76.09942,11.58754],[76.09907,11.58748],[76.09867,11.58704],[76.09859,11.58648],[76.09974,11.5851],[76.10049,11.58455],[76.10064,11.58424],[76.10064,11.58395],[76.10047,11.58369],[76.09993,11.58344],[76.09821,11.58338],[76.09746,11.58326],[76.09583,11.58355],[76.09524,11.58386],[76.09503,11.58439],[76.09503,11.58493],[76.09548,11.58627],[76.09612,11.58727],[76.09667,11.58767],[76.09673,11.58792],[76.09673,11.58811],[76.09623,11.58842],[76.09583,11.58884],[76.0957,11.58955],[76.09574,11.59006],[76.09554,11.59058],[76.09437,11.59176],[76.09363,11.59267],[76.09265,11.59427],[76.09202,11.59472],[76.0915,11.59491],[76.09093,11.59557],[76.09095,11.5959],[76.09122,11.59616],[76.09128,11.59634],[76.0912,11.59678],[76.09095,11.59696],[76.09061,11.59707],[76.08995,11.59701],[76.08947,11.59653],[76.08896,11.59624],[76.08823,11.5961],[76.0871,11.59607],[76.08641,11.59634],[76.08587,11.59707],[76.08552,11.59777],[76.08522,11.5981],[76.08497,11.59818],[76.08377,11.5981],[76.08352,11.59825],[76.08328,11.59888],[76.0833,11.59907],[76.08344,11.59958],[76.08376,11.6],[76.08385,11.60027],[76.08384,11.60084],[76.0842,11.60157],[76.08425,11.60205],[76.08406,11.60235],[76.08357,11.60237],[76.0828,11.60117],[76.08258,11.60108],[76.08101,11.60114],[76.08063,11.60129],[76.08059,11.60183],[76.08117,11.60257],[76.08125,11.60286],[76.0812,11.60327],[76.0811,11.60343],[76.08075,11.60353],[76.08051,11.60351],[76.08012,11.60312],[76.07997,11.60318],[76.07986,11.60378],[76.07902,11.60399],[76.07892,11.60408],[76.07889,11.60435],[76.07899,11.60495],[76.07915,11.60518],[76.08004,11.60549],[76.08051,11.60578],[76.0808,11.6061],[76.08078,11.6068],[76.08053,11.60697],[76.07972,11.60689],[76.07881,11.60621],[76.07854,11.60565],[76.07811,11.60517],[76.0774,11.60495],[76.07708,11.60519],[76.07679,11.606],[76.07679,11.60638],[76.07694,11.60659],[76.07692,11.60718],[76.07676,11.60729],[76.07624,11.60737],[76.07611,11.60753],[76.07608,11.60778],[76.07622,11.60799],[76.07735,11.60855],[76.07763,11.609],[76.07765,11.61001],[76.07734,11.61061],[76.07674,11.61057],[76.07654,11.61034],[76.07607,11.6092],[76.07559,11.60901],[76.0752,11.60903],[76.07431,11.60827],[76.07417,11.60801],[76.07412,11.60692],[76.07395,11.60668],[76.07353,11.60636],[76.07286,11.60625],[76.07237,11.60606],[76.07224,11.60558],[76.07234,11.6049],[76.07245,11.60461],[76.07325,11.60391],[76.07329,11.60373],[76.07321,11.60361],[76.07307,11.60359],[76.07231,11.60399],[76.07167,11.60391],[76.07119,11.60354],[76.07078,11.60259],[76.07042,11.60272],[76.06997,11.60272],[76.06938,11.60235],[76.06925,11.60243],[76.0693,11.60284],[76.06913,11.60321],[76.06913,11.60408],[76.06925,11.60445],[76.06983,11.60501],[76.07007,11.60606],[76.07032,11.60641],[76.07053,11.60785],[76.07043,11.60857],[76.07005,11.60855],[76.06956,11.60811],[76.06863,11.6079],[76.06843,11.60762],[76.06814,11.60787],[76.0677,11.60921],[76.06754,11.60943],[76.06612,11.60971],[76.06504,11.60937],[76.06399,11.60961],[76.06332,11.60913],[76.0631,11.60915],[76.06265,11.60956],[76.06248,11.60993],[76.0624,11.61063],[76.06248,11.61261],[76.06234,11.61285],[76.06214,11.61288],[76.06178,11.61288],[76.06154,11.61274],[76.06086,11.61259],[76.06049,11.61258],[76.06027,11.61269],[76.06,11.61465],[76.06016,11.61489],[76.0604,11.61494],[76.06162,11.61476],[76.06199,11.61502],[76.0621,11.61527],[76.06211,11.61569],[76.06197,11.61648],[76.0621,11.61669],[76.06335,11.61737],[76.06461,11.6179],[76.06499,11.61825],[76.06518,11.61885],[76.06522,11.61961],[76.06534,11.61985],[76.0657,11.62009],[76.0658,11.62035],[76.0659,11.62123],[76.0658,11.62171],[76.06585,11.62189],[76.06616,11.62212],[76.06654,11.62214],[76.06705,11.62168],[76.06702,11.62097],[76.0667,11.62005],[76.06698,11.61953],[76.06702,11.61925],[76.06696,11.61908],[76.06678,11.61898],[76.06602,11.61904],[76.06566,11.61876],[76.06557,11.61768],[76.06566,11.61734],[76.06598,11.61694],[76.06705,11.6166],[76.0673,11.61615],[76.06749,11.61532],[76.06853,11.61507],[76.06876,11.61522],[76.06879,11.61534],[76.06866,11.61553],[76.06808,11.616],[76.06819,11.61647],[76.06906,11.61719],[76.07016,11.61731],[76.07043,11.61747],[76.07043,11.61807],[76.07035,11.61825],[76.07011,11.61841],[76.06836,11.6177],[76.06776,11.61768],[76.0675,11.61784],[76.06738,11.61855],[76.06755,11.61904],[76.06843,11.62041],[76.06851,11.62147],[76.06827,11.62191],[76.06758,11.62192],[76.06689,11.62235],[76.06673,11.62258],[76.0668,11.62316],[76.06714,11.62388],[76.06722,11.62456],[76.06754,11.62502],[76.068,11.62514],[76.06921,11.6251],[76.06957,11.62516],[76.06979,11.62537],[76.06979,11.62581],[76.06963,11.62609],[76.06915,11.62655],[76.06881,11.62711],[76.06875,11.62743],[76.06875,11.62803],[76.06886,11.62832],[76.06933,11.62883],[76.06987,11.62891],[76.07078,11.62885],[76.07146,11.62846],[76.0721,11.62825],[76.07281,11.62837],[76.0733,11.62861],[76.07377,11.62869],[76.07438,11.62846],[76.07454,11.6283],[76.07465,11.6272],[76.07401,11.62595],[76.0739,11.62534],[76.07408,11.62496],[76.07449,11.62456],[76.07475,11.62384],[76.07472,11.62248],[76.0746,11.62179],[76.0748,11.62113],[76.07482,11.62045],[76.0747,11.61984],[76.07447,11.61947],[76.07445,11.61883],[76.07452,11.61862],[76.07482,11.61837],[76.07576,11.61774],[76.07637,11.61746],[76.07682,11.6174],[76.07697,11.61759],[76.07698,11.61804],[76.07678,11.6183],[76.07605,11.61884],[76.07585,11.61918],[76.07585,11.61946],[76.07662,11.62046],[76.07771,11.6209],[76.0783,11.62142],[76.07816,11.62277],[76.07791,11.62317],[76.07732,11.62337],[76.07559,11.62502],[76.07498,11.62582],[76.07487,11.62618],[76.07513,11.62658],[76.07538,11.6267],[76.07594,11.6267],[76.07706,11.6262],[76.07809,11.62607],[76.07877,11.6258],[76.07903,11.62594],[76.07919,11.62643],[76.07963,11.62669],[76.07952,11.62696],[76.07865,11.6273],[76.0776,11.62705],[76.07612,11.62726],[76.07574,11.62739],[76.07523,11.62811],[76.075,11.6288],[76.07498,11.62916],[76.07509,11.62941],[76.07538,11.6297],[76.07594,11.6301],[76.07674,11.63014],[76.07815,11.62976],[76.07864,11.62986],[76.07864,11.6301],[76.0785,11.63028],[76.07807,11.63037],[76.07731,11.63072],[76.07684,11.63124],[76.07677,11.6316],[76.07716,11.63261],[76.07704,11.63287],[76.07655,11.63297],[76.07616,11.63285],[76.07484,11.63171],[76.07365,11.63034],[76.07312,11.62992],[76.07272,11.6298],[76.07121,11.6299],[76.0697,11.6302],[76.06735,11.63131],[76.06715,11.63149],[76.06693,11.63208],[76.06711,11.63251],[76.06749,11.63289],[76.06783,11.63308],[76.069,11.63335],[76.07099,11.63339],[76.07136,11.6335],[76.07208,11.63404],[76.07322,11.63469],[76.07346,11.63494],[76.074,11.63604],[76.075,11.63655],[76.07574,11.63715],[76.07635,11.63732],[76.07738,11.63725],[76.07802,11.63734],[76.07814,11.63747],[76.07826,11.63801],[76.07864,11.63847],[76.0787,11.63905],[76.07859,11.63924],[76.07829,11.63939],[76.07716,11.63932],[76.07629,11.63863],[76.07539,11.63814],[76.07461,11.6381],[76.07443,11.63801],[76.07412,11.6375],[76.07394,11.63673],[76.07352,11.63624],[76.07314,11.63606],[76.07175,11.63594],[76.07142,11.63572],[76.07077,11.63489],[76.07039,11.63471],[76.06974,11.63469],[76.06914,11.63525],[76.06898,11.63602],[76.06842,11.63607],[76.06802,11.63586],[76.06767,11.63553],[76.06712,11.63464],[76.0664,11.63429],[76.06555,11.63409],[76.06496,11.6341],[76.06453,11.63426],[76.06421,11.63452],[76.06396,11.6349],[76.06396,11.63553],[76.06417,11.63606],[76.06466,11.6367],[76.06467,11.63753],[76.06625,11.63991],[76.06761,11.64145],[76.06858,11.64223],[76.06853,11.64284],[76.06833,11.64296],[76.06802,11.6429],[76.06661,11.64204],[76.06575,11.64076],[76.06294,11.63844],[76.06255,11.6386],[76.06228,11.63902],[76.06185,11.63935],[76.06084,11.63963],[76.05957,11.64019],[76.05899,11.64095],[76.05876,11.64147],[76.05869,11.64173],[76.05887,11.64229],[76.05912,11.64254],[76.06036,11.6433],[76.06098,11.64357],[76.06289,11.64406],[76.06305,11.64454],[76.06298,11.64475],[76.06282,11.64495],[76.06206,11.64497],[76.06102,11.6445],[76.0602,11.64437],[76.05799,11.6445],[76.05645,11.64437],[76.05609,11.64441],[76.0558,11.64458],[76.05544,11.64534],[76.05539,11.64578],[76.05547,11.64612],[76.05565,11.64635],[76.05634,11.64649],[76.05657,11.64681],[76.05643,11.64782],[76.05678,11.64867],[76.05676,11.64906],[76.05646,11.64934],[76.05596,11.64946],[76.05556,11.64976],[76.05498,11.65077],[76.05495,11.65125],[76.05471,11.65196],[76.05435,11.652],[76.05328,11.65142],[76.05281,11.65142],[76.05269,11.65183],[76.05273,11.6531],[76.05312,11.65397],[76.05348,11.6544],[76.05399,11.65458],[76.05457,11.65454],[76.05512,11.65422],[76.0555,11.65375],[76.05569,11.65378],[76.05614,11.65461],[76.0564,11.65491],[76.05665,11.65517],[76.05704,11.65526],[76.05885,11.6551],[76.05955,11.65465],[76.05975,11.65437],[76.06032,11.65425],[76.06114,11.65464],[76.06194,11.65472],[76.06212,11.65515],[76.06028,11.65615],[76.06001,11.65683],[76.05983,11.65703],[76.05928,11.65685],[76.05872,11.65694],[76.05782,11.65742],[76.05751,11.65742],[76.05667,11.6566],[76.05612,11.65633],[76.05362,11.65632],[76.0531,11.65678],[76.0524,11.65719],[76.05208,11.65768],[76.05216,11.65807],[76.05248,11.65842],[76.05246,11.65883],[76.05236,11.65899],[76.05203,11.6592],[76.05148,11.6592],[76.05115,11.65952],[76.05116,11.65964],[76.05414,11.66077],[76.05489,11.66093],[76.05517,11.66133],[76.05529,11.66226],[76.05567,11.66266],[76.05649,11.66319],[76.05713,11.66315],[76.05819,11.66277],[76.0584,11.66261],[76.05849,11.66138],[76.05879,11.66129],[76.05906,11.66138],[76.05936,11.66193],[76.05976,11.66224],[76.06043,11.66232],[76.06136,11.66209],[76.06281,11.66138],[76.06312,11.66071],[76.06335,11.66053],[76.06365,11.66057],[76.06383,11.66071],[76.06404,11.66176],[76.0642,11.66196],[76.06606,11.66197],[76.06642,11.6619],[76.06676,11.66199],[76.06703,11.66218],[76.06718,11.66264],[76.06648,11.66315],[76.06586,11.66338],[76.06546,11.66369],[76.06485,11.66388],[76.06383,11.66397],[76.06277,11.66356],[76.06223,11.66353],[76.06176,11.66367],[76.06126,11.66422],[76.0609,11.66481],[76.06078,11.66519],[76.06081,11.66594],[76.06107,11.66647],[76.0613,11.6667],[76.06131,11.66687],[76.06121,11.66693],[76.0609,11.66692],[76.06047,11.66667],[76.0602,11.66664],[76.05948,11.66675],[76.05921,11.66647],[76.05885,11.66555],[76.05822,11.66483],[76.05743,11.66462],[76.05685,11.66481],[76.05618,11.6658],[76.05586,11.66671],[76.05581,11.66709],[76.05605,11.66789],[76.05612,11.66853],[76.05588,11.66881],[76.05486,11.66881],[76.05462,11.6691],[76.05458,11.66987],[76.05487,11.67085],[76.05486,11.67099],[76.05455,11.67118],[76.05414,11.67091],[76.05346,11.66862],[76.0535,11.66814],[76.05373,11.66773],[76.05478,11.66715],[76.05499,11.66687],[76.0551,11.66632],[76.05489,11.665],[76.05524,11.66424],[76.0556,11.66391],[76.05553,11.66318],[76.05455,11.66222],[76.05363,11.66167],[76.05267,11.66154],[76.05064,11.66026],[76.05028,11.66028],[76.04947,11.66106],[76.04893,11.66209],[76.04886,11.66253],[76.04839,11.66314],[76.04842,11.66346],[76.04941,11.66466],[76.04945,11.66544],[76.04937,11.66576],[76.0492,11.66595],[76.04883,11.66597],[76.04862,11.66579],[76.04782,11.66458],[76.04704,11.66389],[76.04633,11.66363],[76.04607,11.66363],[76.04578,11.66369],[76.0453,11.66398],[76.04478,11.66474],[76.04465,11.6654],[76.04411,11.66594],[76.04385,11.66596],[76.04355,11.66613],[76.04345,11.66637],[76.04356,11.66664],[76.04382,11.66689],[76.04436,11.66725],[76.04489,11.6674],[76.0452,11.66777],[76.04498,11.66788],[76.04393,11.66774],[76.04364,11.6678],[76.04295,11.66805],[76.0424,11.66839],[76.04167,11.66894],[76.04157,11.66911],[76.04151,11.66978],[76.04074,11.67067],[76.04081,11.67137],[76.04131,11.67194],[76.04327,11.67233],[76.04327,11.67254],[76.04268,11.67275],[76.04237,11.67299],[76.04229,11.67337],[76.04241,11.67359],[76.04292,11.67395],[76.04355,11.67395],[76.04425,11.67368],[76.04475,11.67331],[76.04524,11.67336],[76.04583,11.67307],[76.04604,11.67283],[76.04613,11.67252],[76.04585,11.67127],[76.04604,11.67108],[76.04787,11.67113],[76.04888,11.6709],[76.04916,11.67111],[76.04916,11.67121],[76.04709,11.6726],[76.04703,11.67298],[76.0471,11.6733],[76.04778,11.6748],[76.04802,11.67492],[76.04845,11.67492],[76.04918,11.67477],[76.05014,11.67441],[76.05052,11.67383],[76.05072,11.67375],[76.0516,11.67375],[76.05245,11.67336],[76.05312,11.67338],[76.05326,11.67357],[76.05326,11.67381],[76.05307,11.67397],[76.05226,11.67407],[76.0508,11.67472],[76.05077,11.67539],[76.05064,11.67555],[76.05025,11.6755],[76.05017,11.67531],[76.04994,11.67516],[76.04945,11.67516],[76.04853,11.67548],[76.04828,11.67574],[76.04843,11.67633],[76.0483,11.67651],[76.04804,11.67656],[76.04766,11.67648],[76.04733,11.67606],[76.04716,11.67507],[76.04695,11.67479],[76.04629,11.67486],[76.04598,11.675],[76.04368,11.67481],[76.0429,11.67494],[76.04238,11.67528],[76.04225,11.67559],[76.04255,11.67654],[76.04346,11.67775],[76.04346,11.67817],[76.04329,11.67844],[76.04244,11.67829],[76.04209,11.67765],[76.04198,11.67694],[76.04178,11.67644],[76.04144,11.67583],[76.0409,11.67523],[76.04072,11.67535],[76.04004,11.67535],[76.0394,11.67476],[76.03865,11.67468],[76.03818,11.67504],[76.03821,11.67534],[76.03851,11.67593],[76.03846,11.67692],[76.03876,11.67732],[76.04005,11.67829],[76.04017,11.67871],[76.03991,11.67888],[76.03815,11.67859],[76.03738,11.6787],[76.03712,11.67885],[76.03696,11.67912],[76.03695,11.67952],[76.03709,11.67987],[76.03743,11.68018],[76.0386,11.68075],[76.03912,11.68119],[76.0395,11.68189],[76.03995,11.68223],[76.04063,11.68227],[76.04125,11.68197],[76.04154,11.68206],[76.04156,11.68218],[76.04124,11.68253],[76.04104,11.68294],[76.04105,11.68348],[76.0418,11.68465],[76.04266,11.68521],[76.0433,11.68526],[76.04381,11.68514],[76.04469,11.6843],[76.04507,11.68306],[76.04493,11.68212],[76.045,11.68186],[76.04515,11.68173],[76.04534,11.68177],[76.04601,11.68229],[76.04643,11.6824],[76.04714,11.68231],[76.04815,11.68169],[76.04852,11.68158],[76.04898,11.68156],[76.04977,11.6818],[76.05062,11.68188],[76.05089,11.68173],[76.05128,11.6812],[76.0514,11.68036],[76.05187,11.67991],[76.05307,11.67964],[76.05401,11.67917],[76.05428,11.67921],[76.05454,11.67948],[76.0545,11.67983],[76.05275,11.68087],[76.05149,11.68222],[76.05096,11.68253],[76.0503,11.68268],[76.0471,11.68258],[76.0465,11.6828],[76.04594,11.68315],[76.04528,11.6841],[76.04539,11.68502],[76.0456,11.68542],[76.04533,11.68556],[76.04456,11.6856],[76.04437,11.68573],[76.04427,11.68595],[76.04426,11.68685],[76.04385,11.68734],[76.04273,11.68735],[76.04237,11.68751],[76.04219,11.68779],[76.04226,11.6886],[76.04251,11.68906],[76.04365,11.68995],[76.04389,11.69029],[76.04389,11.69052],[76.04365,11.69107],[76.04344,11.69127],[76.04265,11.6912],[76.04221,11.69091],[76.04195,11.69026],[76.04144,11.68983],[76.04128,11.68955],[76.0411,11.68861],[76.04095,11.68838],[76.04076,11.68816],[76.04001,11.688],[76.03982,11.6878],[76.0398,11.68752],[76.04003,11.68729],[76.04104,11.68718],[76.04142,11.68679],[76.04162,11.686],[76.04138,11.68529],[76.04014,11.68373],[76.03894,11.68256],[76.03813,11.68202],[76.03645,11.68114],[76.03573,11.68094],[76.03516,11.68095],[76.03465,11.68118],[76.03446,11.68159],[76.03445,11.68186],[76.035,11.68328],[76.03608,11.68525],[76.03603,11.68573],[76.03588,11.68589],[76.03567,11.68589],[76.03555,11.68574],[76.03481,11.68437],[76.03414,11.68354],[76.03361,11.68302],[76.03324,11.68283],[76.03266,11.68275],[76.03165,11.68297],[76.03064,11.68265],[76.03037,11.68265],[76.02991,11.68284],[76.02956,11.68323],[76.02946,11.68348],[76.02946,11.68379],[76.02973,11.68438],[76.02996,11.68461],[76.03042,11.6847],[76.03084,11.68491],[76.03152,11.68604],[76.03256,11.68692],[76.03257,11.68728],[76.03224,11.68743],[76.03116,11.68745],[76.03085,11.68768],[76.03066,11.68819],[76.03043,11.68835],[76.03024,11.68835],[76.03002,11.68823],[76.02977,11.68783],[76.02943,11.68683],[76.02903,11.68645],[76.02831,11.68622],[76.02756,11.68647],[76.02731,11.68676],[76.02734,11.68714],[76.02768,11.68769],[76.02764,11.68822],[76.02735,11.6883],[76.02644,11.6876],[76.02524,11.68746],[76.02465,11.68756],[76.02411,11.68849],[76.02375,11.68863],[76.02274,11.68844],[76.02219,11.68846],[76.02201,11.68855],[76.02203,11.6887],[76.02238,11.68916],[76.02372,11.68992],[76.02462,11.68996],[76.02705,11.68947],[76.02764,11.68948],[76.02792,11.68971],[76.02798,11.68988],[76.02781,11.69005],[76.02671,11.69001],[76.02634,11.69011],[76.02604,11.69043],[76.02606,11.69083],[76.02526,11.69154],[76.02507,11.69213],[76.0248,11.69254],[76.02408,11.693],[76.0238,11.6935],[76.02357,11.69323],[76.02301,11.69343],[76.02258,11.69376],[76.02195,11.69463],[76.02202,11.69683],[76.02243,11.69856],[76.02248,11.6998],[76.02258,11.70021],[76.02258,11.70132],[76.0225,11.70148],[76.02174,11.7017],[76.01984,11.7019],[76.01809,11.70183],[76.01761,11.702],[76.01713,11.70265],[76.01677,11.70389],[76.01682,11.70435],[76.01711,11.70476],[76.01864,11.70591],[76.01888,11.70627],[76.01903,11.70706],[76.01916,11.70729],[76.01934,11.70739],[76.01987,11.70735],[76.02032,11.70718],[76.02097,11.70687],[76.02206,11.70615],[76.02222,11.7056],[76.02226,11.70432],[76.0225,11.70394],[76.02346,11.7034],[76.02384,11.70337],[76.02425,11.70365],[76.02555,11.70416],[76.02591,11.70459],[76.02567,11.70567],[76.02578,11.70601],[76.02599,11.70628],[76.02612,11.70684],[76.02568,11.70784],[76.02457,11.70864],[76.02413,11.70926],[76.02411,11.71027],[76.02425,11.71046],[76.02461,11.71051],[76.02538,11.71015],[76.02552,11.7102],[76.02603,11.71104],[76.02665,11.71114],[76.02711,11.7109],[76.02761,11.71039],[76.02766,11.70967],[76.02734,11.70868],[76.02747,11.70826],[76.02826,11.70732],[76.02843,11.70694],[76.02855,11.70581],[76.02883,11.705],[76.02941,11.70444],[76.02999,11.70416],[76.03078,11.70397],[76.03121,11.70418],[76.03162,11.7049],[76.03154,11.70557],[76.03106,11.706],[76.03037,11.70624],[76.02991,11.7067],[76.02963,11.70749],[76.02973,11.70797],[76.03025,11.7085],[76.03059,11.70876],[76.03121,11.70894],[76.03188,11.70893],[76.03228,11.70879],[76.03249,11.7085],[76.03265,11.70802],[76.03264,11.70736],[76.03279,11.70684],[76.03308,11.70648],[76.03324,11.70639],[76.034,11.70646],[76.03458,11.70624],[76.03492,11.7058],[76.03509,11.70526],[76.03513,11.70457],[76.03664,11.70485],[76.03738,11.70521],[76.0375,11.7063],[76.03728,11.70732],[76.03544,11.70761],[76.03505,11.70777],[76.03368,11.70896],[76.03344,11.70976],[76.03329,11.71102],[76.0335,11.71197],[76.03378,11.71226],[76.03425,11.71233],[76.03458,11.71221],[76.03559,11.7115],[76.03606,11.71098],[76.03632,11.71032],[76.03649,11.70915],[76.03667,11.70906],[76.03692,11.7092],[76.03712,11.7103],[76.03716,11.71137],[76.03751,11.71253],[76.03755,11.71296],[76.03733,11.71321],[76.03718,11.71323],[76.03692,11.71312],[76.03642,11.71267],[76.03613,11.71263],[76.0356,11.71284],[76.0353,11.71313],[76.03476,11.71493],[76.03417,11.71606],[76.03413,11.71664],[76.03426,11.71739],[76.03452,11.71806],[76.03511,11.71894],[76.03519,11.71936],[76.03511,11.7199],[76.03436,11.72124],[76.03436,11.72189],[76.03475,11.72245],[76.03535,11.72283],[76.03619,11.72309],[76.03687,11.72302],[76.03793,11.7226],[76.03832,11.72235],[76.03891,11.72142],[76.03896,11.72098],[76.03884,11.72065],[76.03864,11.72046],[76.03779,11.71982],[76.03725,11.71956],[76.03677,11.71908],[76.0363,11.71757],[76.03638,11.71691],[76.03692,11.71686],[76.03715,11.71709],[76.03757,11.71782],[76.03871,11.71856],[76.03973,11.71902],[76.04085,11.72],[76.04108,11.72009],[76.04153,11.72002],[76.04173,11.71981],[76.04177,11.71961],[76.04177,11.71917],[76.04143,11.71741],[76.04117,11.71695],[76.03831,11.71433],[76.0381,11.71387],[76.03843,11.71352],[76.03865,11.71353],[76.03921,11.71391],[76.04057,11.71536],[76.04129,11.71591],[76.0418,11.71645],[76.04202,11.71703],[76.04231,11.71745],[76.04355,11.71807],[76.04435,11.71819],[76.04478,11.71811],[76.04516,11.71789],[76.04528,11.71748],[76.04528,11.71706],[76.04503,11.71669],[76.0443,11.71602],[76.04332,11.71543],[76.04301,11.71483],[76.04305,11.7146],[76.04337,11.71439],[76.04375,11.71443],[76.04459,11.71548],[76.04498,11.71568],[76.0457,11.71555],[76.04655,11.71563],[76.04774,11.71646],[76.04829,11.71699],[76.0491,11.71684],[76.05,11.71625],[76.0497,11.71608],[76.04948,11.71579],[76.04905,11.71496],[76.04887,11.71412],[76.04887,11.71316],[76.04861,11.71124],[76.04827,11.71007],[76.04806,11.70968],[76.04768,11.70929],[76.04751,11.70917],[76.04679,11.70906],[76.04607,11.70915],[76.04562,11.70943],[76.04532,11.70977],[76.04507,11.71029],[76.04514,11.71105],[76.04505,11.71142],[76.04437,11.71122],[76.04179,11.71135],[76.04216,11.71066],[76.04221,11.71032],[76.04172,11.70968],[76.04079,11.70892],[76.04008,11.70764],[76.04003,11.70668],[76.04019,11.70618],[76.04104,11.70451],[76.0412,11.70363],[76.04095,11.70302],[76.04063,11.70268],[76.04037,11.70254],[76.03931,11.7023],[76.03889,11.70198],[76.03882,11.70167],[76.03912,11.70134],[76.04081,11.70133],[76.04132,11.70107],[76.04159,11.70064],[76.04187,11.6988],[76.0424,11.69824],[76.04273,11.69827],[76.04276,11.69895],[76.0426,11.69967],[76.04256,11.70045],[76.04262,11.70105],[76.04276,11.70169],[76.04315,11.70229],[76.04331,11.70274],[76.0433,11.70331],[76.04202,11.70546],[76.04189,11.70605],[76.04215,11.70709],[76.0426,11.70746],[76.04305,11.70759],[76.04349,11.70759],[76.04385,11.70745],[76.04415,11.70714],[76.04427,11.70648],[76.04579,11.7062],[76.04668,11.70633],[76.04687,11.70683],[76.0472,11.70712],[76.0476,11.70709],[76.04826,11.70684],[76.04857,11.70684],[76.0488,11.70701],[76.04886,11.70722],[76.04884,11.7087],[76.04895,11.70896],[76.04922,11.70923],[76.05058,11.70983],[76.05194,11.70994],[76.05241,11.7102],[76.05262,11.71081],[76.05258,11.71489],[76.05306,11.71595],[76.05311,11.71651],[76.0521,11.71833],[76.05197,11.71918],[76.05201,11.71974],[76.05218,11.72009],[76.05253,11.72032],[76.05328,11.72049],[76.05392,11.72043],[76.05489,11.72003],[76.05527,11.72005],[76.05566,11.7202],[76.05599,11.72049],[76.05632,11.72063],[76.05709,11.7205],[76.05733,11.72032],[76.05765,11.71982],[76.05777,11.71906],[76.0577,11.71822],[76.05722,11.71751],[76.05616,11.71717],[76.05601,11.71701],[76.05595,11.71657],[76.05681,11.71584],[76.05704,11.7152],[76.05692,11.71209],[76.05679,11.71105],[76.05646,11.70996],[76.05612,11.70944],[76.05582,11.70909],[76.05494,11.70886],[76.05462,11.70862],[76.05456,11.70838],[76.05461,11.70825],[76.0553,11.70795],[76.05562,11.70767],[76.0555,11.70719],[76.05461,11.70656],[76.05368,11.70511],[76.05267,11.70416],[76.0516,11.70367],[76.0509,11.7036],[76.04982,11.70315],[76.04934,11.7028],[76.04901,11.70241],[76.04886,11.70189],[76.04888,11.70172],[76.04915,11.70156],[76.04951,11.70197],[76.05013,11.70236],[76.0509,11.70251],[76.0524,11.70239],[76.05283,11.70284],[76.05312,11.70295],[76.05349,11.70291],[76.0537,11.70277],[76.05425,11.70218],[76.05444,11.70212],[76.05481,11.70222],[76.05496,11.70239],[76.055,11.70297],[76.0548,11.7038],[76.05477,11.70438],[76.05555,11.70508],[76.0561,11.70528],[76.05639,11.70524],[76.05669,11.70506],[76.05811,11.70357],[76.05845,11.70279],[76.0584,11.70192],[76.05724,11.70047],[76.05618,11.69863],[76.05596,11.69838],[76.05534,11.69806],[76.0544,11.69806],[76.05338,11.69886],[76.05298,11.69899],[76.05262,11.69899],[76.05233,11.69884],[76.05222,11.69844],[76.05266,11.69807],[76.05329,11.69791],[76.05354,11.6976],[76.05371,11.69705],[76.05375,11.69672],[76.05356,11.69599],[76.05312,11.69529],[76.05282,11.69506],[76.05177,11.69494],[76.05083,11.69517],[76.0502,11.69558],[76.04967,11.69636],[76.04948,11.69685],[76.04905,11.69694],[76.04846,11.69684],[76.04765,11.69693],[76.04664,11.69688],[76.04593,11.69638],[76.04563,11.69596],[76.04546,11.69522],[76.04561,11.69498],[76.04591,11.69483],[76.04648,11.69487],[76.04723,11.69517],[76.04763,11.69521],[76.04802,11.69508],[76.04875,11.69434],[76.0487,11.69325],[76.04878,11.69306],[76.04903,11.69294],[76.04929,11.69297],[76.05017,11.69346],[76.05067,11.69356],[76.05171,11.69353],[76.05198,11.69342],[76.0521,11.69324],[76.05212,11.69269],[76.05226,11.69223],[76.05272,11.692],[76.05305,11.69223],[76.05321,11.69249],[76.05361,11.69359],[76.05402,11.69428],[76.05432,11.69463],[76.0548,11.69495],[76.05505,11.69491],[76.05533,11.69403],[76.05552,11.69174],[76.05541,11.69022],[76.05554,11.68968],[76.05574,11.68962],[76.05588,11.6897],[76.05647,11.69036],[76.05679,11.6905],[76.05717,11.69053],[76.058,11.69034],[76.05859,11.68966],[76.05891,11.68901],[76.05908,11.68803],[76.05903,11.68544],[76.05891,11.6841],[76.05919,11.68377],[76.0596,11.6838],[76.05978,11.68393],[76.05991,11.68423],[76.06023,11.686],[76.06012,11.68927],[76.05984,11.68987],[76.05865,11.69145],[76.05813,11.69205],[76.0574,11.69268],[76.05685,11.69344],[76.05649,11.69431],[76.05649,11.69482],[76.05669,11.69521],[76.05733,11.69588],[76.05738,11.69616],[76.05718,11.69689],[76.05718,11.69725],[76.05738,11.69764],[76.05779,11.69792],[76.05802,11.69824],[76.05824,11.69987],[76.05859,11.70042],[76.05903,11.70089],[76.05955,11.70114],[76.06019,11.7011],[76.06051,11.7009],[76.06123,11.69963],[76.06173,11.69906],[76.06186,11.69877],[76.06181,11.69804],[76.06141,11.69739],[76.06138,11.69713],[76.06155,11.69701],[76.06202,11.6971],[76.06262,11.69762],[76.0631,11.6979],[76.06387,11.69812],[76.06427,11.69794],[76.0647,11.6974],[76.06504,11.69628],[76.06513,11.69552],[76.06509,11.695],[76.06482,11.69432],[76.0643,11.69407],[76.063,11.69401],[76.06208,11.69349],[76.06104,11.6918],[76.06103,11.69147],[76.06117,11.6913],[76.06146,11.69124],[76.06187,11.6913],[76.06308,11.69253],[76.0639,11.69287],[76.06477,11.69282],[76.06521,11.69265],[76.06573,11.69207],[76.06599,11.69098],[76.06572,11.69004],[76.06535,11.6897],[76.06458,11.68931],[76.06402,11.68886],[76.06311,11.68849],[76.06277,11.68845],[76.06259,11.68807],[76.06262,11.68756],[76.06282,11.68731],[76.06367,11.68764],[76.06432,11.68816],[76.06486,11.68833],[76.06601,11.68825],[76.06643,11.68794],[76.06676,11.68715],[76.0668,11.68616],[76.06631,11.6852],[76.06526,11.68392],[76.06519,11.68374],[76.06526,11.68337],[76.06536,11.68329],[76.06573,11.68334],[76.06687,11.68485],[76.06744,11.68545],[76.06824,11.68601],[76.06892,11.68612],[76.07014,11.68557],[76.07178,11.68419],[76.07213,11.68359],[76.07217,11.68289],[76.07206,11.68263],[76.07091,11.68147],[76.07046,11.68072],[76.06941,11.6798],[76.06814,11.6795],[76.06651,11.67926],[76.06529,11.67941],[76.06453,11.67969],[76.06311,11.67965],[76.06289,11.67949],[76.06279,11.67897],[76.06289,11.67881],[76.06309,11.67881],[76.06356,11.6785],[76.06382,11.67788],[76.06401,11.6778],[76.06443,11.67797],[76.06512,11.67851],[76.06754,11.67858],[76.0681,11.67842],[76.06923,11.67844],[76.06956,11.67832],[76.06979,11.67749],[76.06953,11.67616],[76.06916,11.6758],[76.06773,11.67525],[76.06744,11.67505],[76.06744,11.6748],[76.06798,11.67444],[76.06808,11.67403],[76.06818,11.67395],[76.06853,11.67402],[76.0686,11.67447],[76.06882,11.67476],[76.06969,11.67538],[76.07027,11.67543],[76.07246,11.67468],[76.07273,11.67501],[76.07273,11.67539],[76.07243,11.67608],[76.07177,11.67892],[76.0718,11.67962],[76.07201,11.68014],[76.07274,11.68077],[76.07404,11.68265],[76.0744,11.68301],[76.07537,11.68349],[76.07577,11.68398],[76.07586,11.68437],[76.07586,11.68534],[76.0758,11.68567],[76.07565,11.68589],[76.07426,11.68645],[76.07379,11.68675],[76.07352,11.68705],[76.0734,11.68782],[76.07375,11.68885],[76.0741,11.68949],[76.07462,11.68998],[76.07523,11.69008],[76.07567,11.69],[76.07601,11.68974],[76.07677,11.68897],[76.0771,11.68832],[76.0771,11.68759],[76.07678,11.68699],[76.07673,11.68663],[76.07678,11.68631],[76.07703,11.68611],[76.07718,11.68611],[76.07737,11.68618],[76.07801,11.68675],[76.07843,11.68731],[76.07867,11.68804],[76.07896,11.68842],[76.0797,11.68908],[76.08031,11.68928],[76.08054,11.68948],[76.08056,11.68961],[76.08054,11.68972],[76.08022,11.68995],[76.07897,11.6896],[76.07814,11.68969],[76.07771,11.6899],[76.07624,11.69111],[76.07556,11.69187],[76.07517,11.69239],[76.07511,11.69278],[76.0752,11.69317],[76.0755,11.69349],[76.07612,11.69372],[76.0768,11.6937],[76.07728,11.69333],[76.0778,11.69243],[76.07804,11.69234],[76.07831,11.69237],[76.07858,11.69261],[76.07904,11.6943],[76.0795,11.69505],[76.07976,11.69527],[76.08049,11.6955],[76.08077,11.69573],[76.08101,11.69611],[76.08101,11.69631],[76.08076,11.6967],[76.08018,11.6972],[76.07992,11.69729],[76.0798,11.69715],[76.07978,11.69631],[76.07962,11.69588],[76.07874,11.69515],[76.07851,11.69472],[76.07825,11.69454],[76.07784,11.6945],[76.07756,11.69461],[76.07726,11.69488],[76.07666,11.69661],[76.07634,11.69681],[76.07613,11.6967],[76.07571,11.69593],[76.07474,11.69521],[76.07377,11.69427],[76.07335,11.69406],[76.07295,11.694],[76.07201,11.69406],[76.07161,11.69422],[76.07108,11.6949],[76.07075,11.69565],[76.07078,11.69655],[76.07089,11.69698],[76.0713,11.69774],[76.07365,11.69991],[76.07384,11.70036],[76.07397,11.70118],[76.07394,11.70229],[76.07403,11.70302],[76.07417,11.70334],[76.07472,11.70366],[76.07602,11.70342],[76.07638,11.70373],[76.07629,11.70408],[76.07568,11.70455],[76.0756,11.70515],[76.07621,11.70596],[76.0763,11.70621],[76.07622,11.70668],[76.07536,11.70723],[76.07465,11.70787],[76.07442,11.70827],[76.07448,11.70888],[76.07481,11.70938],[76.0764,11.71101],[76.07721,11.71146],[76.07801,11.71153],[76.07836,11.71187],[76.07836,11.71341],[76.07781,11.71578],[76.07734,11.7163],[76.07666,11.71666],[76.07622,11.71675],[76.0757,11.71709],[76.07542,11.71744],[76.07526,11.71795],[76.07504,11.71911],[76.07504,11.72005],[76.07545,11.72206],[76.07558,11.72229],[76.07581,11.72254],[76.07622,11.72272],[76.07703,11.72277],[76.07719,11.72263],[76.07749,11.72121],[76.07796,11.72034],[76.07817,11.71974],[76.07836,11.71877],[76.07832,11.71768],[76.07844,11.7173],[76.07857,11.7172],[76.07883,11.71734],[76.07918,11.71794],[76.07931,11.71951],[76.07896,11.72149],[76.0781,11.72372],[76.07794,11.72443],[76.07796,11.72537],[76.07813,11.72601],[76.0784,11.72647],[76.0789,11.72689],[76.08064,11.72774],[76.08108,11.72812],[76.08121,11.72859],[76.08156,11.7291],[76.08286,11.72995],[76.08344,11.73015],[76.08381,11.73004],[76.08495,11.72865],[76.08527,11.72693],[76.08489,11.72608],[76.0842,11.72539],[76.08274,11.72459],[76.08232,11.72368],[76.08225,11.72309],[76.08158,11.72206],[76.08151,11.72128],[76.08177,11.72105],[76.08218,11.72139],[76.08258,11.72216],[76.08316,11.72297],[76.08409,11.72355],[76.08452,11.72363],[76.08521,11.7234],[76.08557,11.72304],[76.08523,11.72071],[76.08501,11.72009],[76.08376,11.71863],[76.08237,11.71825],[76.0816,11.71764],[76.08153,11.71733],[76.08169,11.7171],[76.082,11.71694],[76.08276,11.71717],[76.08339,11.71702],[76.08354,11.7167],[76.08348,11.71571],[76.08334,11.71507],[76.08293,11.71463],[76.08228,11.71416],[76.08167,11.71393],[76.08128,11.71362],[76.0809,11.71313],[76.08098,11.7127],[76.08141,11.71234],[76.08146,11.712],[76.08144,11.71175],[76.08125,11.71152],[76.08053,11.711],[76.08062,11.71007],[76.08078,11.70978],[76.08105,11.70973],[76.08128,11.71007],[76.08167,11.71141],[76.08216,11.71232],[76.08331,11.7138],[76.08381,11.71412],[76.08416,11.71419],[76.08599,11.71293],[76.08651,11.71303],[76.0866,11.71336],[76.08656,11.71373],[76.08606,11.7144],[76.0857,11.71472],[76.08527,11.71583],[76.08527,11.71644],[76.08608,11.71894],[76.08632,11.7194],[76.08707,11.71974],[76.08762,11.71981],[76.08802,11.71965],[76.08816,11.71938],[76.08816,11.71881],[76.08775,11.71647],[76.08791,11.71625],[76.088,11.71633],[76.08828,11.71628],[76.08863,11.71645],[76.08884,11.71678],[76.08884,11.71766],[76.08898,11.71808],[76.08937,11.71856],[76.08968,11.7188],[76.09004,11.71892],[76.09046,11.71892],[76.09081,11.71874],[76.09101,11.71824],[76.09118,11.71714],[76.09172,11.71636],[76.09195,11.71634],[76.09306,11.71763],[76.09302,11.71783],[76.0922,11.71827],[76.09158,11.71914],[76.09165,11.71975],[76.09187,11.72025],[76.0927,11.72115],[76.09331,11.72113],[76.09384,11.7209],[76.09456,11.71985],[76.09567,11.71972],[76.09627,11.71949],[76.09695,11.71849],[76.0972,11.71847],[76.09756,11.71856],[76.09828,11.71898],[76.09848,11.71956],[76.09871,11.71991],[76.09959,11.72077],[76.10082,11.72098],[76.10093,11.72085],[76.10103,11.72039],[76.10086,11.71943],[76.10073,11.719],[76.10001,11.71785],[76.09991,11.71646],[76.09952,11.71596],[76.09872,11.71582],[76.0977,11.71587],[76.09595,11.71619],[76.09551,11.71619],[76.09528,11.71611],[76.09509,11.71587],[76.09499,11.71461],[76.09436,11.71416],[76.09402,11.71404],[76.09333,11.71402],[76.09244,11.71426],[76.09163,11.71426],[76.08899,11.71326],[76.08883,11.71303],[76.08895,11.71286],[76.09,11.71266],[76.09152,11.71275],[76.09318,11.7122],[76.09402,11.71166],[76.09476,11.71071],[76.09553,11.71045],[76.09624,11.71035],[76.09656,11.71008],[76.09666,11.70976],[76.09659,11.70897],[76.09656,11.70878],[76.09632,11.70856],[76.0946,11.70761],[76.09407,11.70761],[76.09377,11.70773],[76.09309,11.70857],[76.09238,11.70982],[76.0914,11.71011],[76.09079,11.71006],[76.09064,11.70989],[76.09062,11.70939],[76.09087,11.70903],[76.09113,11.70885],[76.09143,11.70838],[76.09158,11.70773],[76.09155,11.7074],[76.09142,11.70715],[76.0907,11.70671],[76.08968,11.70644],[76.08881,11.70606],[76.08814,11.70623],[76.08727,11.70708],[76.08701,11.70767],[76.08711,11.70795],[76.08704,11.70845],[76.08669,11.70858],[76.0863,11.70836],[76.08609,11.70837],[76.08575,11.70853],[76.0853,11.70891],[76.08486,11.70968],[76.08439,11.70977],[76.08344,11.70951],[76.08275,11.70924],[76.08251,11.70899],[76.08245,11.70877],[76.08253,11.7085],[76.08289,11.7082],[76.08339,11.70808],[76.08452,11.70808],[76.085,11.7077],[76.08641,11.70591],[76.08647,11.7054],[76.08632,11.70487],[76.0853,11.70414],[76.08455,11.7039],[76.08409,11.70388],[76.08337,11.7045],[76.08308,11.70491],[76.08291,11.70678],[76.08228,11.70678],[76.08169,11.70582],[76.08141,11.70553],[76.08101,11.7053],[76.08066,11.70528],[76.0806,11.70512],[76.0806,11.70491],[76.08078,11.70455],[76.08107,11.70441],[76.08179,11.70452],[76.0821,11.70434],[76.08229,11.7041],[76.08244,11.70301],[76.08218,11.70226],[76.08185,11.70174],[76.08128,11.70116],[76.07883,11.6996],[76.07839,11.69867],[76.07841,11.6984],[76.07885,11.69801],[76.07937,11.69785],[76.07971,11.69785],[76.08033,11.69843],[76.08108,11.69883],[76.08131,11.69916],[76.08181,11.70063],[76.08215,11.70129],[76.08295,11.70223],[76.08345,11.70251],[76.08438,11.70263],[76.08512,11.70235],[76.08534,11.70197],[76.08532,11.70167],[76.08498,11.70044],[76.08511,11.70026],[76.08546,11.70042],[76.08582,11.70101],[76.08586,11.70142],[76.08627,11.7028],[76.08646,11.70306],[76.08727,11.70337],[76.08797,11.70445],[76.08822,11.70462],[76.08913,11.70493],[76.08971,11.70499],[76.09047,11.70486],[76.09069,11.70492],[76.09151,11.70561],[76.0921,11.70588],[76.09295,11.7061],[76.0941,11.70612],[76.09455,11.70603],[76.09513,11.70574],[76.09563,11.70484],[76.09574,11.70395],[76.09557,11.70249],[76.09524,11.70185],[76.09454,11.70097],[76.09347,11.7013],[76.09299,11.70185],[76.09232,11.70214],[76.0922,11.70264],[76.09204,11.70276],[76.09156,11.70239],[76.09109,11.70239],[76.09104,11.70224],[76.09111,11.70212],[76.09229,11.70124],[76.09313,11.70037],[76.09315,11.69991],[76.09229,11.69922],[76.09157,11.69902],[76.09109,11.69915],[76.09071,11.6996],[76.09035,11.70038],[76.0901,11.70051],[76.08954,11.70053],[76.08901,11.70036],[76.08878,11.70018],[76.08855,11.69964],[76.08878,11.699],[76.08873,11.69862],[76.08807,11.69814],[76.08688,11.69781],[76.0858,11.69713],[76.08557,11.69692],[76.08524,11.69637],[76.08419,11.69541],[76.08385,11.69491],[76.08382,11.69457],[76.08422,11.69376],[76.08424,11.69349],[76.08392,11.69311],[76.0827,11.69251],[76.08238,11.69216],[76.08225,11.69143],[76.08243,11.69112],[76.08311,11.69097],[76.08527,11.69205],[76.08587,11.69222],[76.08694,11.69234],[76.08775,11.69285],[76.08854,11.69358],[76.08953,11.69417],[76.09057,11.6951],[76.09148,11.69549],[76.09191,11.69599],[76.09225,11.69615],[76.09283,11.69617],[76.09322,11.69629],[76.09336,11.69655],[76.0931,11.69693],[76.09306,11.69717],[76.09326,11.69761],[76.09427,11.69854],[76.09529,11.70016],[76.09601,11.70109],[76.09677,11.70181],[76.09756,11.70232],[76.09785,11.70221],[76.09806,11.70173],[76.09806,11.70077],[76.09774,11.69933],[76.0977,11.69859],[76.09763,11.69834],[76.09682,11.69731],[76.09665,11.69692],[76.09633,11.69477],[76.09618,11.69434],[76.09598,11.69409],[76.09562,11.69384],[76.09528,11.69386],[76.09488,11.6941],[76.09446,11.69453],[76.09382,11.69447],[76.09308,11.69365],[76.092,11.69273],[76.09009,11.6907],[76.08995,11.69029],[76.09021,11.68941],[76.09006,11.68913],[76.08942,11.68898],[76.08665,11.68935],[76.08561,11.68925],[76.08423,11.68887],[76.08312,11.68844],[76.08193,11.68782],[76.08127,11.6871],[76.08125,11.68688],[76.08138,11.68666],[76.08226,11.68655],[76.08301,11.68725],[76.08456,11.68806],[76.08688,11.6886],[76.08738,11.68856],[76.08823,11.68819],[76.08854,11.68783],[76.08855,11.68738],[76.08833,11.68676],[76.08803,11.6864],[76.08652,11.6854],[76.08579,11.6847],[76.08546,11.68451],[76.08448,11.68441],[76.08335,11.68404],[76.08147,11.68285],[76.08112,11.6828],[76.08022,11.68299],[76.07819,11.68228],[76.07753,11.6816],[76.07685,11.68037],[76.07639,11.67917],[76.07641,11.67892],[76.07667,11.67869],[76.077,11.67879],[76.07735,11.67993],[76.07785,11.6811],[76.07917,11.68178],[76.0798,11.68199],[76.08196,11.68217],[76.08251,11.68235],[76.08428,11.68335],[76.08726,11.68412],[76.08878,11.6851],[76.08969,11.68597],[76.09045,11.68628],[76.09142,11.68661],[76.09345,11.68691],[76.0949,11.68694],[76.09569,11.68709],[76.09608,11.68728],[76.09661,11.68779],[76.09671,11.68779],[76.09697,11.6876],[76.09697,11.68732],[76.09626,11.68624],[76.09586,11.68537],[76.09522,11.68448],[76.09483,11.68431],[76.09348,11.6844],[76.09315,11.68428],[76.09193,11.68361],[76.09038,11.68259],[76.09029,11.68236],[76.09035,11.68194],[76.09047,11.68184],[76.09075,11.68184],[76.09096,11.68194],[76.09172,11.68278],[76.09231,11.68313],[76.09345,11.68331],[76.09387,11.68322],[76.09409,11.68304],[76.09412,11.68264],[76.0938,11.68179],[76.09299,11.6806],[76.09207,11.67974],[76.09094,11.67916],[76.09027,11.67896],[76.08968,11.679],[76.08881,11.67935],[76.08839,11.67968],[76.08784,11.6805],[76.0873,11.68065],[76.08664,11.68068],[76.08591,11.68053],[76.08527,11.68007],[76.08458,11.67977],[76.08212,11.67913],[76.08173,11.67895],[76.08012,11.67749],[76.07958,11.67666],[76.07912,11.67532],[76.0785,11.67465],[76.07789,11.6742],[76.07761,11.67375],[76.07766,11.67341],[76.07794,11.67317],[76.07839,11.67312],[76.07898,11.67338],[76.07922,11.67362],[76.07949,11.67399],[76.08009,11.67574],[76.08065,11.67664],[76.08141,11.67748],[76.08291,11.67846],[76.08442,11.67878],[76.08553,11.67863],[76.0862,11.6784],[76.08708,11.67798],[76.08754,11.6776],[76.0877,11.67716],[76.08766,11.6769],[76.08726,11.67621],[76.08672,11.67581],[76.08646,11.67549],[76.08652,11.67397],[76.0868,11.67353],[76.0871,11.67365],[76.0872,11.67381],[76.08789,11.67567],[76.08871,11.67678],[76.08921,11.67719],[76.08989,11.67746],[76.09074,11.67761],[76.09138,11.67747],[76.09171,11.67724],[76.09203,11.67677],[76.09212,11.67615],[76.09197,11.67528],[76.0911,11.67313],[76.09117,11.67296],[76.09135,11.67291],[76.092,11.67423],[76.0928,11.67713],[76.09309,11.67795],[76.09366,11.6791],[76.09593,11.68298],[76.09636,11.68347],[76.09718,11.68415],[76.09763,11.68427],[76.09804,11.68406],[76.09824,11.68371],[76.09849,11.68206],[76.09848,11.68078],[76.09832,11.68036],[76.09778,11.68005],[76.09763,11.67972],[76.09763,11.6794],[76.09797,11.67868],[76.09797,11.6777],[76.09746,11.676],[76.09713,11.67551],[76.09673,11.67529],[76.09618,11.67469],[76.09569,11.67329],[76.09509,11.67269],[76.09444,11.6724],[76.09438,11.67194],[76.09452,11.67164],[76.09548,11.67158],[76.09589,11.67167],[76.09614,11.6726],[76.09733,11.67444],[76.09825,11.67641],[76.09846,11.67695],[76.09885,11.67876],[76.09936,11.67927],[76.09969,11.67942],[76.10061,11.6796],[76.10075,11.6794],[76.10079,11.67889],[76.10103,11.67827],[76.10146,11.67779],[76.10196,11.6775],[76.10344,11.67749],[76.10367,11.67715],[76.10364,11.67697],[76.10307,11.67623],[76.10273,11.67625],[76.10187,11.67663],[76.10168,11.67664],[76.10147,11.67649],[76.10149,11.67574],[76.10168,11.67539],[76.10282,11.67488],[76.10308,11.67454],[76.10315,11.67404],[76.103,11.67306],[76.10234,11.67194],[76.1021,11.67164],[76.10181,11.67151],[76.10182,11.67126],[76.10217,11.67107],[76.1027,11.67111],[76.10392,11.67154],[76.10502,11.67104],[76.10526,11.67082],[76.10536,11.67064],[76.10535,11.67015],[76.10471,11.66985],[76.10314,11.66881],[76.10221,11.66845],[76.10182,11.66838],[76.1012,11.66844],[76.10094,11.66858],[76.10056,11.66908],[76.10021,11.66905],[76.10002,11.66889],[76.09998,11.66836],[76.09981,11.66783],[76.09888,11.66634],[76.098,11.66548],[76.09733,11.66511],[76.09646,11.66483],[76.09634,11.66511],[76.09608,11.66522],[76.09558,11.66513],[76.09536,11.66518],[76.09509,11.66568],[76.09483,11.66563],[76.09395,11.6645],[76.09348,11.66447],[76.09248,11.66465],[76.09068,11.66598],[76.08993,11.6662],[76.08929,11.66622],[76.08909,11.66631],[76.08803,11.66751],[76.08781,11.66838],[76.08788,11.66919],[76.0877,11.66935],[76.0872,11.66937],[76.0871,11.66945],[76.08638,11.67048],[76.08585,11.671],[76.08516,11.67132],[76.08321,11.67135],[76.08297,11.67118],[76.08292,11.67078],[76.08422,11.66966],[76.08514,11.66957],[76.08608,11.66905],[76.08663,11.66845],[76.08738,11.66691],[76.08733,11.66627],[76.08712,11.66609],[76.08658,11.66587],[76.08586,11.66587],[76.08569,11.66577],[76.08559,11.66557],[76.08559,11.66493],[76.08571,11.66471],[76.08585,11.66461],[76.08595,11.66465],[76.08658,11.66519],[76.08699,11.66532],[76.08809,11.66537],[76.09006,11.66462],[76.09038,11.66437],[76.09087,11.66335],[76.09111,11.66325],[76.09201,11.66326],[76.09351,11.6631],[76.09483,11.66332],[76.09521,11.66328],[76.09574,11.663],[76.09605,11.66264],[76.09626,11.66255],[76.09637,11.6623],[76.09628,11.66189],[76.09567,11.66096],[76.09465,11.66007],[76.0937,11.65948],[76.09282,11.65926],[76.09092,11.65941],[76.09068,11.6595],[76.09023,11.65989],[76.08959,11.66014],[76.08893,11.66012],[76.08811,11.65971],[76.08714,11.65977],[76.0862,11.66023],[76.08504,11.66134],[76.08358,11.66142],[76.08256,11.66188],[76.08247,11.66211],[76.08249,11.6625],[76.08282,11.6632],[76.08276,11.66339],[76.08249,11.66346],[76.08159,11.66341],[76.08089,11.66371],[76.07983,11.66451],[76.07938,11.66522],[76.07922,11.66566],[76.07902,11.66581],[76.07879,11.66579],[76.07875,11.66565],[76.07903,11.6648],[76.07919,11.66363],[76.07995,11.66238],[76.07989,11.66207],[76.07974,11.66202],[76.07867,11.66207],[76.07785,11.66273],[76.0773,11.663],[76.07644,11.66373],[76.07565,11.66416],[76.07435,11.6653],[76.07394,11.66555],[76.07359,11.66602],[76.07356,11.66621],[76.07355,11.66813],[76.07348,11.66829],[76.07303,11.66838],[76.07268,11.66819],[76.07264,11.66724],[76.0723,11.66587],[76.07216,11.6657],[76.07131,11.66535],[76.07107,11.66513],[76.07099,11.66491],[76.07095,11.66379],[76.07115,11.66367],[76.07149,11.66371],[76.07198,11.66393],[76.07291,11.66456],[76.07344,11.66463],[76.07396,11.66457],[76.07426,11.66442],[76.07434,11.66418],[76.07429,11.6636],[76.07404,11.66327],[76.07371,11.66309],[76.07352,11.66309],[76.0734,11.66294],[76.07346,11.66233],[76.07329,11.662],[76.07286,11.66182],[76.07217,11.66173],[76.07183,11.66149],[76.07136,11.66086],[76.07137,11.66054],[76.07184,11.66035],[76.07242,11.66055],[76.0731,11.66048],[76.07354,11.66021],[76.07406,11.6594],[76.07454,11.65944],[76.07484,11.65989],[76.07489,11.66087],[76.07513,11.66163],[76.07565,11.66214],[76.07642,11.66229],[76.07717,11.66213],[76.07832,11.66165],[76.07887,11.66165],[76.07984,11.66102],[76.07998,11.66062],[76.07992,11.6603],[76.07723,11.65876],[76.07731,11.65849],[76.07762,11.6584],[76.07915,11.65896],[76.08001,11.6591],[76.08071,11.65908],[76.08196,11.65876],[76.08228,11.65882],[76.08324,11.65937],[76.08398,11.65948],[76.08519,11.65933],[76.08624,11.65878],[76.08743,11.6583],[76.0878,11.65796],[76.08854,11.65649],[76.08886,11.65631],[76.08952,11.65638],[76.09005,11.65666],[76.09103,11.65769],[76.09129,11.6578],[76.09172,11.65784],[76.09258,11.65764],[76.0929,11.65772],[76.09381,11.65831],[76.09412,11.65839],[76.09444,11.65839],[76.09494,11.65811],[76.09564,11.65733],[76.09596,11.6566],[76.09594,11.65632],[76.09576,11.656],[76.09494,11.65521],[76.09476,11.65475],[76.09483,11.6545],[76.09503,11.65444],[76.09596,11.65457],[76.09619,11.65455],[76.09644,11.65439],[76.09669,11.6536],[76.09721,11.65289],[76.09721,11.65271],[76.09688,11.65219],[76.09601,11.65178],[76.09542,11.65098],[76.09486,11.65052],[76.0934,11.65051],[76.09334,11.65025],[76.0934,11.65014],[76.09409,11.64998],[76.09444,11.6497],[76.09465,11.64934],[76.09491,11.64832],[76.09501,11.64608],[76.09581,11.64467],[76.09624,11.64313],[76.09624,11.64216],[76.09589,11.64123],[76.09491,11.64003],[76.09367,11.6391],[76.09247,11.6389],[76.09162,11.63846],[76.09126,11.63813],[76.09112,11.63777],[76.09102,11.63686],[76.09125,11.63661],[76.09167,11.63659],[76.09253,11.63695],[76.09298,11.63745],[76.09319,11.63797],[76.09381,11.63849],[76.09427,11.63869],[76.09528,11.6388],[76.0956,11.63898],[76.09641,11.64051],[76.09674,11.64073],[76.09713,11.6407],[76.09737,11.64086],[76.09737,11.64174],[76.09758,11.64208],[76.09781,11.64213],[76.0989,11.64187],[76.09946,11.64187],[76.09983,11.64214],[76.1003,11.64307],[76.10024,11.6433],[76.09998,11.64348],[76.09913,11.64362],[76.09824,11.64403],[76.0974,11.64473],[76.09692,11.64565],[76.09647,11.6459],[76.09586,11.64598],[76.0957,11.64611],[76.09557,11.64647],[76.09565,11.6486],[76.09608,11.64998],[76.09673,11.6506],[76.0973,11.65096],[76.09772,11.65109],[76.09796,11.65103],[76.0986,11.65021],[76.09874,11.65021],[76.09901,11.6508],[76.0992,11.65201],[76.09907,11.65409],[76.09879,11.65481],[76.09822,11.65558],[76.09786,11.65586],[76.09727,11.65609],[76.09677,11.65654],[76.09626,11.65734],[76.09603,11.65837],[76.0961,11.65921],[76.09692,11.66046],[76.09765,11.66137],[76.09864,11.66229],[76.09934,11.6626],[76.10001,11.66258],[76.10009,11.66211],[76.09992,11.65951],[76.10017,11.65768],[76.10036,11.65731],[76.10068,11.65712],[76.10088,11.65714],[76.10111,11.65742],[76.10114,11.6577],[76.10106,11.65837],[76.1008,11.65927],[76.10078,11.66133],[76.10106,11.66237],[76.10106,11.66434],[76.10118,11.6649],[76.10231,11.66612],[76.10282,11.66642],[76.10596,11.66673],[76.10686,11.66656],[76.10738,11.66624],[76.10767,11.66557],[76.10767,11.66511],[76.1075,11.66467],[76.10666,11.66325],[76.10604,11.66252],[76.10623,11.66232],[76.107,11.66247],[76.10761,11.66241],[76.10825,11.66209],[76.10845,11.66162],[76.10851,11.66104],[76.10834,11.65956],[76.10764,11.65872],[76.10709,11.65832],[76.10644,11.65832],[76.106,11.65846],[76.10529,11.65888],[76.10491,11.65882],[76.10448,11.65849],[76.1042,11.65761],[76.1042,11.6572],[76.10445,11.65648],[76.10468,11.65623],[76.10503,11.65613],[76.10702,11.65716],[76.10743,11.65752],[76.10786,11.65764],[76.10835,11.65694],[76.10863,11.65625],[76.10866,11.65518],[76.10819,11.65425],[76.10782,11.65382],[76.10675,11.65334],[76.10602,11.65335],[76.10483,11.65353],[76.10329,11.65446],[76.10306,11.65442],[76.10291,11.65427],[76.10301,11.65203],[76.10307,11.65179],[76.1032,11.65168],[76.10358,11.65166],[76.10376,11.65178],[76.10392,11.65245],[76.10422,11.65263],[76.10532,11.6526],[76.10567,11.65251],[76.10613,11.65222],[76.10619,11.65193],[76.10605,11.65115],[76.10552,11.65036],[76.10506,11.64993],[76.10393,11.64935],[76.10336,11.64874],[76.10321,11.64835],[76.10336,11.64814],[76.10366,11.64799],[76.10388,11.64805],[76.10526,11.64916],[76.1065,11.64927],[76.1066,11.64948],[76.10659,11.65001],[76.10677,11.6503],[76.10722,11.65055],[76.10786,11.65058],[76.10826,11.65033],[76.10853,11.65001],[76.10954,11.64728],[76.11012,11.64678],[76.1105,11.64679],[76.11059,11.64688],[76.11059,11.64737],[76.11046,11.64827],[76.10988,11.64955],[76.10911,11.6506],[76.10892,11.65111],[76.10888,11.65177],[76.10908,11.65264],[76.10949,11.65304],[76.11028,11.65325],[76.11089,11.65311],[76.11139,11.65276],[76.11195,11.65217],[76.1128,11.65007],[76.1131,11.64875],[76.11356,11.6478],[76.11401,11.64701],[76.11501,11.64588],[76.11525,11.64539],[76.11527,11.64477],[76.11486,11.64393],[76.11446,11.6434],[76.11328,11.6425],[76.11302,11.64184],[76.11307,11.64163],[76.11324,11.64152],[76.11364,11.64152],[76.11465,11.64217],[76.11607,11.64288],[76.11742,11.64304],[76.11791,11.64288],[76.11845,11.64232],[76.11882,11.64144],[76.11879,11.6409],[76.11855,11.64053],[76.11816,11.64028],[76.11727,11.6401],[76.11575,11.63949],[76.11459,11.63945],[76.11333,11.63965],[76.11147,11.64044],[76.11089,11.64058],[76.109,11.64075],[76.10777,11.64064],[76.10732,11.64076],[76.10642,11.6412],[76.10577,11.64115],[76.10562,11.64105],[76.1053,11.6405],[76.10466,11.63872],[76.10419,11.63799],[76.10364,11.63758],[76.1021,11.63697],[76.09957,11.6354],[76.09899,11.63525],[76.09833,11.63487],[76.09785,11.63447],[76.09767,11.63373],[76.09771,11.63337],[76.09788,11.63307],[76.09825,11.63281],[76.09889,11.63294],[76.09932,11.63405],[76.09974,11.6345],[76.10013,11.6348],[76.10202,11.63573],[76.10239,11.636],[76.10272,11.63614],[76.10357,11.63623],[76.10402,11.6364],[76.10445,11.63674],[76.10579,11.63703],[76.10646,11.63742],[76.10691,11.63757],[76.10753,11.63757],[76.10832,11.63732],[76.10875,11.63729],[76.10926,11.6374],[76.10969,11.63834],[76.11005,11.63849],[76.11071,11.63845],[76.11171,11.63805],[76.11191,11.63769],[76.11192,11.63704],[76.11151,11.63653],[76.1108,11.63596],[76.11039,11.63461],[76.11014,11.6341],[76.10946,11.63331],[76.10902,11.63175],[76.10911,11.63135],[76.10942,11.63106],[76.111,11.63112],[76.11113,11.63118],[76.11126,11.63154],[76.11112,11.63269],[76.11116,11.63303],[76.1115,11.63352],[76.11263,11.6345],[76.11295,11.63515],[76.11296,11.6361],[76.11251,11.63734],[76.11249,11.6377],[76.1127,11.63819],[76.11349,11.63849],[76.11461,11.63851],[76.11536,11.63834],[76.116,11.63764],[76.11604,11.6367],[76.11636,11.63631],[76.11649,11.63631],[76.11685,11.63652],[76.11707,11.6368],[76.11736,11.63821],[76.11777,11.63857],[76.11803,11.63865],[76.11884,11.63865],[76.11903,11.63851],[76.11905,11.63834],[76.11867,11.6369],[76.11861,11.63614],[76.11876,11.63522],[76.11917,11.63503],[76.11953,11.63522],[76.11961,11.63565],[76.11954,11.63585],[76.1196,11.63729],[76.11989,11.63792],[76.12022,11.63802],[76.121,11.63781],[76.12128,11.63759],[76.12147,11.63727],[76.12149,11.63704],[76.12224,11.63599],[76.12252,11.63507],[76.12254,11.63372],[76.12267,11.63338],[76.12291,11.63306],[76.12342,11.63272],[76.12382,11.63274],[76.12406,11.63291],[76.12419,11.63334],[76.12394,11.6343],[76.12413,11.63482],[76.12451,11.63504],[76.12489,11.63508],[76.1264,11.63439],[76.12683,11.63433],[76.12723,11.63445],[76.12759,11.63441],[76.12763,11.63381],[76.12729,11.63294],[76.12735,11.63199],[76.1275,11.63167],[76.12787,11.63126],[76.12856,11.63123],[76.12879,11.63143],[76.12894,11.6321],[76.12966,11.6331],[76.13093,11.63372],[76.13222,11.6338],[76.13283,11.63369],[76.13375,11.63326],[76.13418,11.63279],[76.13424,11.63189],[76.13409,11.63115],[76.13364,11.6308],[76.13312,11.63057],[76.13298,11.6304],[76.1328,11.62987],[76.13274,11.62904],[76.13262,11.62868],[76.13234,11.62823],[76.13165,11.62776],[76.13155,11.62748],[76.13157,11.62724],[76.13204,11.62652],[76.13189,11.62542],[76.13191,11.62448],[76.13203,11.62408],[76.13246,11.62346],[76.13268,11.62292],[76.13272,11.6226],[76.13257,11.62218],[76.13266,11.62168],[76.13281,11.62137],[76.13331,11.62088],[76.13357,11.62043],[76.13392,11.61818],[76.13476,11.61605],[76.13507,11.61364],[76.1352,11.61347],[76.13557,11.61345],[76.13657,11.61405],[76.13704,11.61405],[76.13773,11.61372],[76.13802,11.61326],[76.138,11.61285],[76.13734,11.61177],[76.13685,11.61127],[76.13597,11.6108],[76.13587,11.61028],[76.13595,11.61013],[76.13612,11.61011],[76.13655,11.61026],[76.13746,11.61117],[76.13776,11.61129],[76.13812,11.61108],[76.13835,11.61072],[76.13857,11.60977],[76.13851,11.6091],[76.13815,11.60855],[76.13796,11.60836],[76.13705,11.60798],[76.13684,11.60781],[76.13661,11.60711],[76.13654,11.6061],[76.1364,11.60587],[76.1352,11.60423],[76.13381,11.60305],[76.13375,11.60258],[76.13381,11.60235],[76.13405,11.60228],[76.13482,11.60295],[76.13521,11.60294],[76.13531,11.60272],[76.13521,11.60237],[76.13501,11.60197],[76.13454,11.60139],[76.13458,11.60125],[76.13488,11.60095],[76.13509,11.6009],[76.13581,11.60098],[76.1367,11.60126],[76.13692,11.60128],[76.13724,11.60111],[76.13763,11.6005],[76.13781,11.59957],[76.13822,11.59889],[76.13853,11.59895],[76.13893,11.59942],[76.13917,11.59955],[76.1401,11.59993],[76.14136,11.60028],[76.14204,11.59992],[76.14213,11.59949],[76.14215,11.59812],[76.14192,11.59742],[76.14151,11.59695],[76.14083,11.59661],[76.14004,11.59631],[76.13942,11.59631],[76.1388,11.59648],[76.13843,11.59673],[76.13809,11.59758],[76.1379,11.59773],[76.13739,11.59781],[76.13672,11.5972],[76.13674,11.59687],[76.13749,11.59608],[76.13753,11.5958],[76.13777,11.59548],[76.13824,11.59527],[76.14059,11.59527],[76.14092,11.59504],[76.14093,11.59442],[76.1405,11.59376],[76.13994,11.59353],[76.13921,11.59346],[76.13888,11.59311],[76.1389,11.59279],[76.13909,11.59247],[76.13935,11.59232],[76.13942,11.59163],[76.13922,11.59069],[76.13937,11.58954],[76.13937,11.58832],[76.13905,11.58671],[76.13909,11.58616],[76.1393,11.58578],[76.13967,11.58579],[76.13992,11.58622],[76.14007,11.58786],[76.14037,11.58843],[76.14061,11.5886],[76.14111,11.58869],[76.14127,11.58898],[76.14126,11.58922],[76.14097,11.58972],[76.14097,11.58998],[76.14118,11.59053],[76.1412,11.59167],[76.14173,11.59252],[76.14177,11.59305],[76.142,11.59339],[76.14245,11.59378],[76.14279,11.59381],[76.14346,11.59507],[76.14362,11.59601],[76.14359,11.59719],[76.1433,11.59865],[76.1434,11.59934],[76.14368,11.59954],[76.14351,11.59994],[76.14351,11.59995]],[[76.13926,11.60267],[76.13831,11.60271],[76.13745,11.60301],[76.13696,11.60334],[76.13707,11.60428],[76.13779,11.60566],[76.13859,11.60674],[76.1392,11.60712],[76.13945,11.60709],[76.14061,11.60584],[76.14103,11.60483],[76.14113,11.60401],[76.14103,11.60344],[76.14083,11.60298],[76.1406,11.60278],[76.1402,11.60268],[76.13934,11.60271],[76.13926,11.60267]],[[76.09509,11.69122],[76.09537,11.6897],[76.09533,11.68929],[76.09519,11.68891],[76.0946,11.68836],[76.0938,11.68806],[76.09303,11.68803],[76.09174,11.68835],[76.09139,11.68855],[76.0911,11.68887],[76.09098,11.68929],[76.09104,11.68991],[76.09138,11.69093],[76.09182,11.69145],[76.09231,11.69166],[76.09295,11.69162],[76.09317,11.69151],[76.09357,11.69104],[76.09408,11.69088],[76.09433,11.6909],[76.09498,11.69131],[76.09509,11.69122]],[[76.09826,11.71166],[76.09797,11.71145],[76.09753,11.71136],[76.09732,11.71142],[76.0967,11.71216],[76.09653,11.71253],[76.09637,11.71359],[76.09645,11.71404],[76.09669,11.71447],[76.09666,11.71478],[76.09694,11.71491],[76.09749,11.71475],[76.09818,11.71486],[76.09858,11.71467],[76.09908,11.71462],[76.09957,11.71486],[76.09999,11.71536],[76.10038,11.71544],[76.10062,11.71537],[76.10103,11.7149],[76.10108,11.7144],[76.10086,11.71402],[76.10049,11.71366],[76.10038,11.71338],[76.10046,11.7126],[76.10068,11.71193],[76.10046,11.71174],[76.09994,11.71181],[76.09971,11.71218],[76.09946,11.71298],[76.09933,11.71322],[76.09917,11.71329],[76.09893,11.71323],[76.09863,11.71278],[76.09857,11.7119],[76.09844,11.71182],[76.09826,11.71166]],[[76.09927,11.72163],[76.09897,11.72097],[76.09858,11.7205],[76.09742,11.71984],[76.09682,11.71996],[76.09538,11.72062],[76.09486,11.72111],[76.09459,11.72176],[76.09511,11.72428],[76.09554,11.72483],[76.09642,11.72515],[76.09697,11.72499],[76.09731,11.72465],[76.09846,11.72417],[76.0989,11.72368],[76.09928,11.72287],[76.0994,11.72246],[76.09933,11.72191],[76.09927,11.72163]],[[76.09365,11.72512],[76.09353,11.72347],[76.09296,11.72213],[76.09277,11.72196],[76.09232,11.72185],[76.09178,11.72201],[76.09119,11.72243],[76.09096,11.7227],[76.09076,11.72323],[76.09079,11.72463],[76.09113,11.72687],[76.09119,11.72796],[76.0914,11.72841],[76.0918,11.72876],[76.09232,11.72887],[76.09265,11.72881],[76.09312,11.72844],[76.0937,11.72769],[76.09383,11.7269],[76.09369,11.72552],[76.09365,11.72512]],[[76.09032,11.7288],[76.09038,11.7283],[76.09029,11.72778],[76.08967,11.72635],[76.08936,11.72595],[76.0889,11.72564],[76.08847,11.72557],[76.08816,11.72568],[76.08761,11.72618],[76.08746,11.72648],[76.08714,11.72801],[76.08743,11.72898],[76.0875,11.72976],[76.08781,11.73047],[76.08852,11.73073],[76.08898,11.73072],[76.08945,11.73055],[76.0899,11.73024],[76.09016,11.72989],[76.09029,11.729],[76.09032,11.7288]],[[76.08057,11.73053],[76.0803,11.72998],[76.07964,11.72931],[76.0792,11.7292],[76.07819,11.72935],[76.07718,11.72817],[76.07677,11.72789],[76.07609,11.72766],[76.07533,11.72769],[76.07453,11.72794],[76.07401,11.72824],[76.07326,11.72896],[76.073,11.72948],[76.07257,11.73081],[76.07244,11.73136],[76.0724,11.73222],[76.07261,11.73296],[76.07332,11.73402],[76.07406,11.73448],[76.07545,11.73461],[76.07614,11.73452],[76.07662,11.73426],[76.07745,11.73336],[76.07782,11.7331],[76.07819,11.73317],[76.07845,11.73352],[76.07932,11.73408],[76.07983,11.73416],[76.0808,11.73411],[76.08141,11.73386],[76.0816,11.73368],[76.0819,11.73318],[76.08192,11.73279],[76.08172,11.73215],[76.08096,11.73137],[76.08064,11.73073],[76.08057,11.73053]],[[76.06799,11.72744],[76.06756,11.72719],[76.06634,11.72698],[76.06608,11.72685],[76.06575,11.72644],[76.06459,11.72573],[76.06411,11.72569],[76.06267,11.72609],[76.06191,11.7264],[76.0611,11.72689],[76.06016,11.7284],[76.06,11.72846],[76.05964,11.72833],[76.0594,11.72837],[76.05924,11.72857],[76.05924,11.72898],[76.05936,11.72924],[76.05931,11.7304],[76.05946,11.73121],[76.05973,11.73162],[76.06048,11.73215],[76.06117,11.73224],[76.06144,11.73214],[76.06167,11.73189],[76.06172,11.73162],[76.06149,11.7307],[76.06145,11.72979],[76.06168,11.72942],[76.06215,11.72938],[76.06264,11.72966],[76.0634,11.73072],[76.0667,11.73233],[76.06832,11.73366],[76.06877,11.73379],[76.06945,11.73373],[76.07014,11.7333],[76.07023,11.733],[76.07031,11.7324],[76.07018,11.73069],[76.07009,11.73022],[76.06969,11.72941],[76.06843,11.72779],[76.06799,11.72744]],[[76.06634,11.72587],[76.06686,11.72621],[76.06768,11.7265],[76.06916,11.72633],[76.0696,11.72607],[76.06973,11.72581],[76.06968,11.72495],[76.06924,11.7238],[76.06902,11.72286],[76.06905,11.72179],[76.06918,11.72149],[76.06966,11.72102],[76.07018,11.72084],[76.0704,11.72101],[76.07032,11.722],[76.07037,11.72294],[76.07054,11.72345],[76.07089,11.72405],[76.07128,11.72448],[76.07155,11.72495],[76.07198,11.72533],[76.07246,11.7255],[76.07294,11.7255],[76.07337,11.7252],[76.0735,11.72443],[76.07376,11.72395],[76.07414,11.72271],[76.07392,11.72048],[76.07439,11.71753],[76.07408,11.71693],[76.07329,11.7166],[76.07325,11.71633],[76.07339,11.71608],[76.07361,11.71602],[76.07538,11.7161],[76.07609,11.71587],[76.07668,11.71487],[76.07672,11.7141],[76.07668,11.71375],[76.07632,11.71298],[76.07525,11.71166],[76.07446,11.71092],[76.07372,11.70989],[76.07314,11.70952],[76.07248,11.70941],[76.07201,11.70955],[76.07164,11.70982],[76.07134,11.71042],[76.07085,11.7109],[76.07045,11.71103],[76.06982,11.71104],[76.06946,11.71131],[76.06936,11.71198],[76.0695,11.71229],[76.07036,11.71324],[76.07054,11.71364],[76.07047,11.71408],[76.0701,11.71421],[76.06986,11.71411],[76.06883,11.71295],[76.06801,11.71246],[76.06722,11.71273],[76.06688,11.71326],[76.06701,11.71382],[76.0676,11.71449],[76.06847,11.71513],[76.06923,11.71545],[76.06981,11.71582],[76.07049,11.71595],[76.07121,11.71587],[76.07178,11.71569],[76.07239,11.71569],[76.07265,11.71584],[76.07272,11.71613],[76.0722,11.71676],[76.07194,11.71692],[76.07092,11.71708],[76.07047,11.71734],[76.06968,11.71887],[76.06928,11.71884],[76.06918,11.71845],[76.06912,11.71721],[76.06889,11.71682],[76.06854,11.7165],[76.06731,11.71563],[76.06684,11.71545],[76.06555,11.71561],[76.06516,11.71589],[76.06499,11.71617],[76.06496,11.71676],[76.06506,11.71737],[76.06435,11.71863],[76.0644,11.71909],[76.06452,11.7193],[76.06543,11.72028],[76.06544,11.72117],[76.06512,11.72168],[76.06468,11.72204],[76.06408,11.72211],[76.06344,11.72208],[76.0617,11.72167],[76.06111,11.72163],[76.05981,11.72217],[76.05937,11.72259],[76.05913,11.72342],[76.05921,11.72378],[76.06021,11.72377],[76.06037,11.72409],[76.06033,11.72484],[76.06042,11.72512],[76.0607,11.72523],[76.0611,11.72519],[76.06154,11.72495],[76.06214,11.72487],[76.0639,11.72415],[76.0643,11.7238],[76.0645,11.72381],[76.0645,11.72365],[76.06502,11.72292],[76.06537,11.72317],[76.06564,11.72471],[76.06603,11.72557],[76.06634,11.72587]],[[76.06926,11.71],[76.0707,11.7083],[76.07122,11.70795],[76.07209,11.70774],[76.07265,11.70748],[76.07287,11.7073],[76.0733,11.70657],[76.07347,11.70586],[76.07335,11.70499],[76.07249,11.7039],[76.07228,11.70391],[76.07191,11.70361],[76.07217,11.70346],[76.07238,11.70281],[76.07226,11.70264],[76.07168,11.7027],[76.07118,11.70262],[76.07027,11.70195],[76.06915,11.70166],[76.06706,11.70177],[76.06613,11.70164],[76.06487,11.70086],[76.06383,11.70043],[76.063,11.70035],[76.06241,11.70059],[76.06136,11.70251],[76.06126,11.70323],[76.06137,11.70362],[76.06184,11.70438],[76.06271,11.70536],[76.0631,11.70557],[76.06397,11.70575],[76.06476,11.70575],[76.06501,11.70615],[76.06487,11.70654],[76.06451,11.70674],[76.06354,11.70671],[76.06202,11.70588],[76.06077,11.70475],[76.06036,11.70455],[76.06015,11.70464],[76.05985,11.70519],[76.0593,11.70571],[76.05867,11.70673],[76.05858,11.70719],[76.05884,11.70764],[76.05879,11.70847],[76.05902,11.70891],[76.05946,11.70924],[76.06133,11.70912],[76.06158,11.70929],[76.06173,11.70961],[76.06173,11.70977],[76.06142,11.71008],[76.06037,11.71025],[76.05997,11.71061],[76.05983,11.71102],[76.06042,11.71429],[76.06066,11.71484],[76.06094,11.71523],[76.06142,11.71563],[76.0629,11.71535],[76.06351,11.71503],[76.06379,11.71475],[76.06406,11.71423],[76.06425,11.71357],[76.06419,11.71257],[76.06427,11.71238],[76.06445,11.7122],[76.06496,11.71234],[76.06541,11.71229],[76.06589,11.71179],[76.06621,11.71115],[76.06642,11.71005],[76.06581,11.70896],[76.06667,11.70783],[76.06713,11.70767],[76.06748,11.70801],[76.0684,11.70933],[76.06896,11.70996],[76.06914,11.71005],[76.06926,11.71]],[[76.0718,11.7017],[76.07197,11.70181],[76.07243,11.70181],[76.07283,11.70157],[76.07289,11.7013],[76.07283,11.70057],[76.07232,11.69987],[76.07171,11.69942],[76.07155,11.69914],[76.07093,11.69889],[76.07015,11.69884],[76.06994,11.69902],[76.06979,11.69942],[76.06987,11.70006],[76.07006,11.70038],[76.07133,11.70132],[76.0718,11.7017]],[[76.06571,11.73336],[76.06536,11.73302],[76.06454,11.73255],[76.06386,11.73238],[76.06354,11.73246],[76.06327,11.73267],[76.06303,11.73322],[76.06324,11.73397],[76.06584,11.73685],[76.06682,11.73712],[76.06847,11.73688],[76.06953,11.73702],[76.07045,11.7376],[76.07121,11.73843],[76.07235,11.73884],[76.0741,11.73976],[76.07449,11.73981],[76.07514,11.73979],[76.07539,11.73968],[76.07613,11.73906],[76.0769,11.73905],[76.07712,11.73913],[76.07733,11.73938],[76.07768,11.73938],[76.07796,11.73856],[76.07838,11.73794],[76.07837,11.73714],[76.07763,11.73678],[76.07703,11.73683],[76.07519,11.73753],[76.07484,11.73775],[76.07434,11.73771],[76.07399,11.73743],[76.0738,11.73694],[76.07354,11.73675],[76.07318,11.73615],[76.07245,11.73569],[76.07197,11.73554],[76.06941,11.73541],[76.06831,11.73493],[76.06724,11.73464],[76.06628,11.73387],[76.06571,11.73336]],[[76.06739,11.69234],[76.06717,11.69268],[76.06707,11.6937],[76.06685,11.69444],[76.06692,11.69464],[76.06733,11.69508],[76.06812,11.69525],[76.06834,11.69516],[76.06878,11.69455],[76.06886,11.69408],[76.0688,11.69371],[76.0682,11.69275],[76.06792,11.69248],[76.0675,11.69231],[76.06739,11.69234]],[[76.06905,11.69233],[76.0694,11.69252],[76.06985,11.69259],[76.07077,11.69271],[76.07177,11.69271],[76.07251,11.69245],[76.07287,11.69214],[76.07307,11.69163],[76.07307,11.69133],[76.07258,11.6899],[76.07249,11.68868],[76.07235,11.6881],[76.07217,11.68746],[76.07185,11.68694],[76.07101,11.68685],[76.07019,11.68727],[76.06945,11.68814],[76.06863,11.68891],[76.06826,11.68947],[76.06815,11.69033],[76.06828,11.69101],[76.06846,11.69154],[76.06893,11.69223],[76.06905,11.69233]],[[76.03243,11.71777],[76.03222,11.71791],[76.03212,11.71834],[76.03212,11.71889],[76.03231,11.71949],[76.0326,11.71992],[76.03317,11.72033],[76.03377,11.72031],[76.03406,11.71964],[76.03411,11.71869],[76.03404,11.71851],[76.03352,11.71801],[76.03244,11.71777],[76.03243,11.71777]],[[76.03141,11.71648],[76.03229,11.71648],[76.03265,11.71619],[76.03289,11.71571],[76.03297,11.71523],[76.03289,11.71446],[76.03257,11.714],[76.0323,11.71386],[76.03173,11.71373],[76.02885,11.71404],[76.02802,11.71444],[76.02765,11.71503],[76.02751,11.716],[76.02797,11.71653],[76.0285,11.71667],[76.02924,11.71667],[76.03003,11.71634],[76.03123,11.71644],[76.03141,11.71648]],[[76.02644,11.71368],[76.02607,11.71251],[76.02583,11.7123],[76.02552,11.71231],[76.02532,11.71251],[76.02515,11.71304],[76.02521,11.71385],[76.02586,11.71416],[76.0262,11.71416],[76.02636,11.71397],[76.02644,11.71368]],[[76.02824,11.71249],[76.02829,11.71267],[76.02859,11.71292],[76.0295,11.71327],[76.0303,11.71309],[76.03056,11.71292],[76.03051,11.71253],[76.02953,11.71183],[76.02898,11.71178],[76.02863,11.71185],[76.02837,11.71199],[76.02821,11.71224],[76.02824,11.71249]],[[76.03027,11.71183],[76.0307,11.71231],[76.03097,11.71244],[76.03152,11.71249],[76.03193,11.71237],[76.03214,11.71214],[76.03233,11.71151],[76.03221,11.71057],[76.03198,11.71022],[76.03166,11.70999],[76.03127,11.70993],[76.03056,11.71009],[76.03026,11.71031],[76.03004,11.71071],[76.03003,11.71111],[76.03018,11.71162],[76.03027,11.71183]],[[76.08675,11.6937],[76.08611,11.69385],[76.08572,11.69408],[76.08552,11.69439],[76.08541,11.6948],[76.08554,11.69527],[76.08587,11.69573],[76.08788,11.69704],[76.08866,11.69739],[76.0895,11.69744],[76.09009,11.69717],[76.09025,11.69687],[76.09023,11.69657],[76.08961,11.6957],[76.08786,11.69422],[76.08741,11.6939],[76.0868,11.69369],[76.08675,11.6937]]]}},{"type":"Feature","properties":{"class":"Flood plain","fid":"19","landform":"Flood plain"},"geometry":{"type":"Polygon","coordinates":[[[76.15647,11.57638],[76.15724,11.57628],[76.1583,11.57641],[76.15925,11.57637],[76.16067,11.57752],[76.16121,11.57766],[76.16138,11.57797],[76.16138,11.57867],[76.16123,11.57914],[76.16156,11.57975],[76.16184,11.57999],[76.16184,11.58031],[76.16166,11.58076],[76.16174,11.58096],[76.16206,11.58119],[76.1626,11.58094],[76.16273,11.58094],[76.16287,11.58114],[76.16259,11.5817],[76.16232,11.58204],[76.16214,11.58212],[76.16226,11.5827],[76.16211,11.58296],[76.16211,11.58341],[76.16215,11.58361],[76.16264,11.58398],[76.16295,11.58444],[76.16336,11.58468],[76.16337,11.58488],[76.16287,11.58507],[76.16255,11.58538],[76.16242,11.5858],[76.16244,11.58606],[76.1627,11.58652],[76.16287,11.58654],[76.16336,11.5863],[76.16352,11.58631],[76.1636,11.58657],[76.16382,11.58681],[76.1639,11.58785],[76.16401,11.58799],[76.16385,11.5883],[76.16389,11.58847],[76.16437,11.58879],[76.16454,11.58906],[76.16436,11.58995],[76.16485,11.59035],[76.16485,11.59075],[76.16471,11.591],[76.16465,11.59147],[76.16444,11.59186],[76.16397,11.5924],[76.16379,11.59283],[76.16397,11.593],[76.1644,11.59301],[76.16426,11.59359],[76.16357,11.59395],[76.16343,11.59424],[76.16316,11.59442],[76.16267,11.59557],[76.16238,11.59589],[76.16231,11.5962],[76.16197,11.59652],[76.16127,11.59649],[76.1612,11.59683],[76.16089,11.59659],[76.16076,11.59659],[76.16069,11.59676],[76.1608,11.59703],[76.16118,11.59717],[76.16125,11.59746],[76.16163,11.59746],[76.16175,11.59757],[76.16186,11.59796],[76.16161,11.59895],[76.16116,11.59884],[76.16094,11.59908],[76.1613,11.59971],[76.1613,11.59987],[76.16123,11.60012],[76.16079,11.60052],[76.16077,11.60074],[76.16102,11.60098],[76.16138,11.60107],[76.16163,11.60133],[76.16161,11.60169],[76.16141,11.60196],[76.16136,11.60228],[76.16143,11.6024],[76.16192,11.60259],[76.16225,11.60288],[76.16249,11.60343],[76.16298,11.60354],[76.1631,11.60381],[76.16336,11.60387],[76.16357,11.60381],[76.16373,11.60392],[76.16375,11.60467],[76.16348,11.60505],[76.16348,11.60523],[76.16391,11.60627],[76.16418,11.60737],[76.16456,11.60762],[76.16478,11.60816],[76.16496,11.60908],[76.16481,11.60977],[76.16534,11.61144],[76.16489,11.61126],[76.16438,11.61131],[76.16442,11.61158],[76.16413,11.61196],[76.16415,11.61237],[76.16501,11.61363],[76.16546,11.61408],[76.16552,11.61428],[76.16577,11.61448],[76.16679,11.6147],[76.16719,11.61462],[76.16728,11.61468],[76.1673,11.61516],[76.16757,11.61538],[76.16784,11.61513],[76.16791,11.61448],[76.16825,11.61425],[76.1689,11.61432],[76.16911,11.61423],[76.16942,11.61383],[76.16969,11.61388],[76.17021,11.6142],[76.1709,11.6143],[76.17124,11.61445],[76.1716,11.61479],[76.17176,11.61481],[76.1726,11.61479],[76.17332,11.6143],[76.1735,11.61398],[76.17412,11.61434],[76.1743,11.61459],[76.17437,11.61491],[76.17426,11.61545],[76.17367,11.61646],[76.17363,11.61782],[76.17354,11.61817],[76.17309,11.61848],[76.17178,11.61868],[76.17105,11.61944],[76.17114,11.62013],[76.17105,11.62043],[76.17075,11.62066],[76.17008,11.62083],[76.17005,11.62093],[76.17019,11.6212],[76.17023,11.62173],[76.17041,11.62201],[76.17038,11.62222],[76.1701,11.62226],[76.16944,11.62186],[76.1693,11.62184],[76.16923,11.62194],[76.16933,11.62222],[76.17088,11.62375],[76.17091,11.62417],[76.17077,11.62427],[76.17055,11.62419],[76.17006,11.62339],[76.16972,11.62345],[76.16956,11.62364],[76.16941,11.62367],[76.1691,11.62347],[76.16874,11.62348],[76.16879,11.6238],[76.16899,11.624],[76.16889,11.62432],[76.16894,11.62453],[76.16913,11.62466],[76.16907,11.62538],[76.16938,11.62574],[76.16942,11.62603],[76.16924,11.62616],[76.16886,11.62619],[76.16841,11.62656],[76.16816,11.62657],[76.1679,11.62644],[76.1677,11.62649],[76.16747,11.6269],[76.16701,11.62736],[76.16699,11.62761],[76.16741,11.62824],[76.16727,11.62894],[76.16792,11.62972],[76.1677,11.63008],[76.16783,11.63025],[76.16816,11.63039],[76.16827,11.63062],[76.16754,11.63154],[76.16753,11.63176],[76.16783,11.63224],[76.16721,11.63251],[76.16677,11.63292],[76.16674,11.63321],[76.16701,11.63359],[76.16676,11.63397],[76.16566,11.63473],[76.16543,11.63473],[76.16518,11.63454],[76.16492,11.63467],[76.16499,11.6351],[76.16551,11.63561],[76.16547,11.63594],[76.16509,11.63607],[76.16458,11.63604],[76.16367,11.6354],[76.16326,11.63541],[76.16298,11.63557],[76.16289,11.63599],[76.16314,11.63651],[76.16314,11.63683],[76.1626,11.6378],[76.16203,11.63812],[76.16201,11.63827],[76.16235,11.63852],[76.16238,11.6388],[76.16225,11.63894],[76.16194,11.63899],[76.16182,11.6391],[76.16183,11.63928],[76.16238,11.6397],[76.16252,11.64012],[76.16248,11.6404],[76.16212,11.64094],[76.16228,11.64141],[76.16175,11.64163],[76.16142,11.64149],[76.1613,11.64125],[76.16071,11.64135],[76.16015,11.64193],[76.15998,11.64238],[76.16014,11.6426],[76.16039,11.64261],[76.16074,11.64235],[76.16091,11.64233],[76.16101,11.64239],[76.161,11.64262],[76.16091,11.64271],[76.16048,11.64277],[76.1599,11.64308],[76.15983,11.64318],[76.15987,11.6437],[76.15977,11.64389],[76.15919,11.64402],[76.15915,11.64434],[76.15932,11.64501],[76.15945,11.64521],[76.15988,11.6455],[76.15996,11.64616],[76.15976,11.64693],[76.16003,11.64722],[76.16002,11.64733],[76.15963,11.64796],[76.15961,11.64832],[76.15949,11.6485],[76.15903,11.64875],[76.15817,11.64891],[76.15776,11.64886],[76.15711,11.64835],[76.15648,11.64823],[76.15627,11.64829],[76.15566,11.64921],[76.15527,11.6495],[76.15499,11.64954],[76.1546,11.6492],[76.15391,11.64907],[76.1535,11.64912],[76.15244,11.6496],[76.15235,11.64984],[76.15265,11.65038],[76.15263,11.65159],[76.15271,11.65178],[76.15294,11.6519],[76.1529,11.65199],[76.15195,11.65222],[76.15181,11.65275],[76.15189,11.65303],[76.15257,11.65374],[76.15255,11.6541],[76.15265,11.65429],[76.1524,11.65445],[76.15198,11.65434],[76.15164,11.65458],[76.15148,11.65516],[76.15082,11.65623],[76.15087,11.65669],[76.15038,11.65722],[76.1503,11.65784],[76.14973,11.65841],[76.14963,11.65878],[76.14965,11.65947],[76.14955,11.65959],[76.14885,11.65968],[76.1486,11.65932],[76.14832,11.65935],[76.14814,11.65955],[76.14798,11.65955],[76.14739,11.65925],[76.14705,11.65931],[76.14646,11.65978],[76.14613,11.65981],[76.14526,11.6593],[76.145,11.65929],[76.14477,11.65948],[76.14474,11.65965],[76.14476,11.66011],[76.14491,11.66044],[76.145,11.66055],[76.14524,11.66057],[76.14559,11.66036],[76.14586,11.66037],[76.14603,11.6605],[76.14603,11.66078],[76.14586,11.66097],[76.14454,11.661],[76.14407,11.6615],[76.14395,11.66146],[76.14395,11.66133],[76.14448,11.66045],[76.14448,11.66021],[76.14429,11.66002],[76.14389,11.66004],[76.1436,11.65984],[76.14342,11.65985],[76.14305,11.66008],[76.14264,11.66008],[76.14248,11.65995],[76.1425,11.6594],[76.14223,11.65924],[76.14199,11.65926],[76.14101,11.65981],[76.14074,11.65976],[76.14016,11.65937],[76.13973,11.65864],[76.13978,11.65834],[76.14031,11.65754],[76.14024,11.65714],[76.14005,11.65698],[76.13969,11.65699],[76.13929,11.65715],[76.13899,11.65678],[76.13859,11.65673],[76.13838,11.65684],[76.13823,11.65725],[76.13791,11.65738],[76.13752,11.65737],[76.13724,11.65704],[76.13706,11.65698],[76.1369,11.65718],[76.13669,11.6581],[76.13626,11.65797],[76.13599,11.65801],[76.13588,11.65851],[76.13565,11.65862],[76.13561,11.65896],[76.13512,11.65907],[76.13485,11.65907],[76.13413,11.65876],[76.13356,11.65824],[76.13322,11.65859],[76.13312,11.65857],[76.13279,11.65816],[76.13261,11.65809],[76.13239,11.65824],[76.13215,11.65865],[76.13233,11.65926],[76.13228,11.65939],[76.13183,11.65928],[76.13155,11.65896],[76.13134,11.65889],[76.13081,11.65886],[76.13036,11.65896],[76.13023,11.65885],[76.12999,11.65792],[76.12973,11.65779],[76.12947,11.65781],[76.12863,11.65865],[76.12834,11.65959],[76.12782,11.65984],[76.12787,11.66024],[76.12816,11.66062],[76.12811,11.66099],[76.12776,11.6613],[76.12708,11.66128],[76.12685,11.66139],[76.1255,11.66299],[76.1255,11.66337],[76.12568,11.66362],[76.12647,11.6643],[76.12625,11.66485],[76.12602,11.66486],[76.12553,11.6645],[76.12533,11.66447],[76.1249,11.66495],[76.12481,11.66551],[76.12454,11.66565],[76.12408,11.66562],[76.12354,11.66576],[76.12305,11.66544],[76.12233,11.66556],[76.12145,11.66544],[76.12041,11.66635],[76.11994,11.66706],[76.11957,11.66707],[76.11904,11.66672],[76.11882,11.66679],[76.11844,11.66747],[76.11864,11.66808],[76.11859,11.66834],[76.1185,11.66839],[76.11814,11.66819],[76.11787,11.66828],[76.1177,11.66905],[76.11724,11.66949],[76.11686,11.66949],[76.11654,11.66912],[76.11628,11.66921],[76.11582,11.66998],[76.11553,11.67021],[76.11607,11.67059],[76.11584,11.6708],[76.11556,11.67076],[76.11511,11.67009],[76.11431,11.66957],[76.11395,11.66946],[76.11416,11.66891],[76.11394,11.66866],[76.11367,11.66872],[76.1136,11.66908],[76.11343,11.66929],[76.1128,11.66954],[76.11288,11.67007],[76.11279,11.67024],[76.11252,11.67025],[76.11227,11.66991],[76.11183,11.66959],[76.11106,11.67003],[76.11064,11.66952],[76.11027,11.66935],[76.11006,11.66942],[76.10985,11.67002],[76.10972,11.6701],[76.1095,11.67007],[76.10936,11.66981],[76.10963,11.66925],[76.10947,11.66854],[76.1093,11.66829],[76.10897,11.66819],[76.10856,11.66837],[76.10822,11.66836],[76.10801,11.66846],[76.10787,11.66881],[76.10794,11.66945],[76.10668,11.66994],[76.10662,11.67025],[76.1065,11.67009],[76.10662,11.66964],[76.10612,11.66929],[76.10607,11.66915],[76.10636,11.6681],[76.1065,11.66787],[76.10666,11.66784],[76.10707,11.66836],[76.10735,11.66829],[76.10745,11.66772],[76.10766,11.66737],[76.10823,11.66666],[76.10856,11.66652],[76.10887,11.66623],[76.10941,11.66469],[76.11012,11.66389],[76.11008,11.66206],[76.11069,11.66164],[76.1114,11.66149],[76.11176,11.66116],[76.11181,11.66092],[76.11169,11.6605],[76.11147,11.66036],[76.11029,11.66021],[76.11005,11.65988],[76.11005,11.6595],[76.11027,11.65915],[76.11034,11.65874],[76.11029,11.65839],[76.10986,11.6582],[76.10958,11.6582],[76.10944,11.65837],[76.10922,11.65839],[76.10908,11.65825],[76.10877,11.65744],[76.10896,11.65683],[76.10951,11.65661],[76.10977,11.65633],[76.10983,11.65554],[76.10997,11.65555],[76.11068,11.65602],[76.11095,11.65605],[76.11115,11.65588],[76.11119,11.65553],[76.11159,11.65555],[76.1123,11.6549],[76.11225,11.65462],[76.11197,11.65451],[76.11197,11.65436],[76.11241,11.65435],[76.11286,11.65453],[76.11325,11.65432],[76.11388,11.65375],[76.11455,11.65348],[76.1153,11.65339],[76.11628,11.65268],[76.1167,11.65166],[76.11689,11.65074],[76.11881,11.6484],[76.11933,11.64796],[76.11953,11.64675],[76.11947,11.64639],[76.11915,11.64589],[76.11937,11.64573],[76.11999,11.64582],[76.12041,11.64574],[76.12119,11.64504],[76.12163,11.64448],[76.1217,11.6433],[76.12129,11.64299],[76.12127,11.64288],[76.12167,11.64211],[76.12148,11.64188],[76.12146,11.64169],[76.12179,11.64087],[76.12133,11.64055],[76.12111,11.63947],[76.12163,11.63914],[76.12223,11.63846],[76.12372,11.63731],[76.1244,11.63709],[76.12475,11.63676],[76.12603,11.63669],[76.12713,11.63608],[76.1285,11.63578],[76.12914,11.63543],[76.13003,11.63443],[76.13053,11.63461],[76.13124,11.63443],[76.13176,11.63443],[76.13272,11.63421],[76.13301,11.63394],[76.13424,11.63381],[76.13482,11.6335],[76.13494,11.63331],[76.13505,11.63304],[76.13492,11.63229],[76.13512,11.63106],[76.13528,11.6307],[76.13522,11.63045],[76.13459,11.62995],[76.13395,11.62874],[76.13381,11.62807],[76.13402,11.62699],[76.13362,11.62546],[76.13281,11.62517],[76.13269,11.62502],[76.13277,11.62481],[76.13298,11.62465],[76.13318,11.62463],[76.13389,11.62509],[76.1344,11.62494],[76.13466,11.62448],[76.13472,11.62404],[76.13491,11.62386],[76.13548,11.62361],[76.13601,11.62359],[76.13627,11.62346],[76.13657,11.62286],[76.13655,11.62236],[76.13691,11.62231],[76.13752,11.62246],[76.13835,11.62215],[76.13919,11.62157],[76.1393,11.62111],[76.13916,11.62066],[76.13837,11.62015],[76.13763,11.61996],[76.13737,11.61977],[76.13649,11.61816],[76.1367,11.61741],[76.13609,11.61682],[76.13602,11.61659],[76.13611,11.61632],[76.13632,11.61611],[76.13746,11.61614],[76.13768,11.61599],[76.13765,11.61584],[76.13719,11.61555],[76.13672,11.61541],[76.13687,11.61528],[76.13806,11.61514],[76.13899,11.61472],[76.13916,11.61445],[76.13918,11.61418],[76.13859,11.61322],[76.13861,11.61307],[76.13891,11.61282],[76.1392,11.61224],[76.13895,11.61168],[76.13921,11.61146],[76.13952,11.61059],[76.13959,11.6099],[76.14016,11.60911],[76.14054,11.60888],[76.1411,11.60807],[76.14209,11.60705],[76.14255,11.60644],[76.1424,11.60573],[76.14193,11.60466],[76.14178,11.60389],[76.14183,11.60338],[76.14323,11.60109],[76.14368,11.59954],[76.14404,11.5996],[76.14494,11.59927],[76.14653,11.59817],[76.14678,11.59779],[76.1465,11.59615],[76.14606,11.59466],[76.14603,11.59373],[76.14624,11.59333],[76.14683,11.59332],[76.14698,11.59309],[76.14611,11.59053],[76.14611,11.59026],[76.14618,11.59008],[76.14638,11.58995],[76.14714,11.58974],[76.14721,11.5895],[76.14687,11.58902],[76.14635,11.5886],[76.14548,11.58841],[76.14531,11.58781],[76.14554,11.58693],[76.14532,11.58672],[76.14531,11.58649],[76.14561,11.58584],[76.14561,11.58552],[76.14552,11.58529],[76.14502,11.58502],[76.14491,11.58432],[76.14419,11.58358],[76.14411,11.58339],[76.1443,11.58315],[76.14494,11.58291],[76.14519,11.5827],[76.14542,11.58215],[76.14538,11.58137],[76.14553,11.58111],[76.14578,11.58094],[76.14624,11.58094],[76.14645,11.58124],[76.14645,11.58146],[76.14626,11.58176],[76.14613,11.58249],[76.1462,11.58358],[76.14658,11.58436],[76.14755,11.58539],[76.14765,11.58563],[76.14774,11.58698],[76.14793,11.58738],[76.14829,11.58765],[76.14878,11.58767],[76.14958,11.58715],[76.15021,11.58598],[76.151,11.58529],[76.15126,11.58482],[76.15174,11.58471],[76.15206,11.58478],[76.15209,11.58513],[76.15116,11.58614],[76.1507,11.58682],[76.15016,11.58785],[76.1498,11.58888],[76.14855,11.58992],[76.14825,11.59031],[76.1482,11.59065],[76.14835,11.59113],[76.1487,11.59122],[76.14943,11.59096],[76.14997,11.59037],[76.15029,11.5897],[76.15211,11.58868],[76.15346,11.58759],[76.15498,11.58738],[76.15648,11.58654],[76.15662,11.58613],[76.15656,11.58487],[76.15677,11.58424],[76.15701,11.58407],[76.1578,11.58401],[76.15844,11.58433],[76.15882,11.58431],[76.16025,11.58345],[76.16076,11.58289],[76.16088,11.5826],[76.16086,11.58211],[76.16061,11.58149],[76.15986,11.58091],[76.15936,11.58078],[76.15915,11.58052],[76.15925,11.58028],[76.16007,11.57991],[76.16035,11.57971],[76.16052,11.57944],[76.16067,11.57892],[76.16062,11.57817],[76.16035,11.57778],[76.15983,11.57778],[76.15894,11.57847],[76.15864,11.57849],[76.15849,11.57838],[76.15845,11.57794],[76.15874,11.57751],[76.1588,11.57715],[76.15868,11.5768],[76.1585,11.57663],[76.15781,11.57644],[76.15737,11.57654],[76.15685,11.57707],[76.15651,11.5772],[76.15635,11.57709],[76.15638,11.57651],[76.15647,11.57638]],[[76.16238,11.58653],[76.16177,11.58607],[76.16118,11.58506],[76.1609,11.58491],[76.15995,11.58493],[76.1593,11.58515],[76.15844,11.58608],[76.15727,11.5869],[76.15706,11.58724],[76.15703,11.58804],[76.15733,11.58874],[76.1577,11.58917],[76.15799,11.59035],[76.15784,11.59086],[76.15767,11.59101],[76.15724,11.59097],[76.15704,11.59054],[76.15627,11.58974],[76.15576,11.58948],[76.15517,11.58946],[76.15475,11.58961],[76.15444,11.5899],[76.15328,11.59123],[76.15315,11.59119],[76.15321,11.59054],[76.15306,11.59036],[76.15269,11.59033],[76.14853,11.59296],[76.14792,11.59351],[76.14763,11.5941],[76.14758,11.59445],[76.14769,11.59501],[76.14799,11.59536],[76.14851,11.59549],[76.14871,11.59542],[76.14921,11.59519],[76.14971,11.59467],[76.15012,11.59447],[76.15031,11.59452],[76.15042,11.59477],[76.15037,11.59561],[76.14955,11.59585],[76.14915,11.59618],[76.14909,11.59663],[76.14927,11.59711],[76.1495,11.5974],[76.15009,11.59784],[76.15045,11.59793],[76.15208,11.59778],[76.15243,11.59783],[76.15247,11.59832],[76.15235,11.59846],[76.1515,11.59842],[76.15109,11.59871],[76.15099,11.59895],[76.15085,11.60023],[76.15066,11.60038],[76.15015,11.60015],[76.14973,11.59903],[76.14951,11.59886],[76.14861,11.59848],[76.14823,11.59849],[76.14809,11.5986],[76.14766,11.59993],[76.14743,11.60032],[76.14687,11.60102],[76.14628,11.60148],[76.14628,11.60183],[76.14647,11.60234],[76.14767,11.60419],[76.14772,11.60469],[76.14759,11.60499],[76.14742,11.60506],[76.14709,11.60484],[76.14645,11.60368],[76.14499,11.60209],[76.14458,11.60205],[76.14421,11.60215],[76.14355,11.60248],[76.14298,11.60298],[76.14275,11.60338],[76.14275,11.6042],[76.14288,11.6046],[76.14322,11.60537],[76.14404,11.60594],[76.14426,11.60646],[76.144,11.60679],[76.1438,11.60687],[76.14307,11.60663],[76.14267,11.60664],[76.14082,11.60878],[76.14055,11.60922],[76.14023,11.61038],[76.14009,11.61175],[76.13936,11.6129],[76.13938,11.61334],[76.13953,11.61369],[76.1395,11.61457],[76.13916,11.61509],[76.13827,11.61565],[76.13805,11.61598],[76.13772,11.61624],[76.13697,11.61646],[76.13687,11.61668],[76.13701,11.618],[76.13712,11.61811],[76.13745,11.61809],[76.13803,11.6179],[76.13891,11.61741],[76.13994,11.61666],[76.141,11.61511],[76.14159,11.61513],[76.14236,11.61579],[76.14317,11.61571],[76.14458,11.6143],[76.14555,11.61281],[76.14563,11.6124],[76.14558,11.6121],[76.14505,11.61122],[76.14493,11.61078],[76.145,11.61031],[76.14525,11.61012],[76.14578,11.61055],[76.14648,11.61073],[76.14679,11.61065],[76.14732,11.61033],[76.14771,11.60957],[76.14793,11.60942],[76.14821,11.60952],[76.14921,11.61053],[76.14969,11.61072],[76.15003,11.61072],[76.15056,11.61047],[76.15174,11.60934],[76.15196,11.60928],[76.15249,11.60972],[76.15256,11.61015],[76.15234,11.61122],[76.15208,11.61169],[76.15183,11.61268],[76.15164,11.61308],[76.15134,11.61334],[76.15105,11.61335],[76.15023,11.61277],[76.14945,11.6124],[76.14861,11.6121],[76.14734,11.61201],[76.14702,11.61219],[76.14647,11.61293],[76.14624,11.61417],[76.14634,11.61462],[76.14677,11.61537],[76.14761,11.61626],[76.14822,11.61666],[76.14964,11.61695],[76.15201,11.61708],[76.15293,11.61694],[76.15337,11.61647],[76.15352,11.61613],[76.15351,11.61539],[76.15368,11.6153],[76.15395,11.6155],[76.15414,11.61595],[76.15488,11.61625],[76.15508,11.61645],[76.15567,11.61737],[76.15559,11.6176],[76.1553,11.61785],[76.15512,11.61789],[76.15435,11.61799],[76.15298,11.61798],[76.15225,11.61849],[76.15199,11.61844],[76.15157,11.61883],[76.15107,11.61884],[76.1504,11.61853],[76.14956,11.61847],[76.14886,11.61867],[76.14753,11.61959],[76.14703,11.61943],[76.14679,11.61817],[76.14626,11.61719],[76.14603,11.61654],[76.14588,11.61629],[76.14571,11.61621],[76.14541,11.61626],[76.14477,11.61668],[76.1444,11.6168],[76.14401,11.61682],[76.14317,11.61713],[76.141,11.61766],[76.14064,11.61808],[76.13956,11.61871],[76.13896,11.61899],[76.13815,11.61905],[76.138,11.61916],[76.13794,11.61948],[76.13816,11.61965],[76.13958,11.62023],[76.14108,11.62012],[76.1413,11.62025],[76.14145,11.62055],[76.14134,11.62095],[76.141,11.62122],[76.13934,11.6218],[76.13865,11.62235],[76.13707,11.62312],[76.13624,11.62379],[76.13508,11.62422],[76.13454,11.62513],[76.13456,11.62551],[76.13477,11.62579],[76.13517,11.62579],[76.1356,11.62551],[76.13687,11.62547],[76.13746,11.62571],[76.13782,11.62616],[76.13786,11.6265],[76.13774,11.62671],[76.13689,11.62682],[76.13643,11.62719],[76.13563,11.62892],[76.13527,11.62929],[76.13517,11.62955],[76.13519,11.62983],[76.1355,11.63062],[76.13555,11.63267],[76.13598,11.6329],[76.1363,11.63295],[76.13765,11.63297],[76.13856,11.63284],[76.14007,11.63288],[76.1403,11.63281],[76.14064,11.63259],[76.14088,11.6322],[76.14093,11.63184],[76.14079,11.63079],[76.14095,11.63059],[76.14124,11.63057],[76.14188,11.63101],[76.14194,11.63188],[76.14239,11.63256],[76.14295,11.63284],[76.14353,11.6328],[76.1446,11.63222],[76.14494,11.63184],[76.14526,11.63121],[76.14543,11.63036],[76.14534,11.62799],[76.14549,11.62531],[76.14654,11.62359],[76.1471,11.62295],[76.14809,11.62236],[76.1501,11.62215],[76.15131,11.62174],[76.1517,11.62143],[76.15195,11.62086],[76.1522,11.62071],[76.15234,11.62074],[76.15293,11.62148],[76.15359,11.62156],[76.15417,11.6213],[76.15458,11.62128],[76.15503,11.62153],[76.15512,11.62195],[76.155,11.6221],[76.15456,11.62226],[76.15312,11.62223],[76.15267,11.62278],[76.15177,11.62295],[76.15147,11.62317],[76.1506,11.62353],[76.14954,11.6237],[76.14763,11.62365],[76.1472,11.6237],[76.14699,11.62384],[76.14671,11.62457],[76.14664,11.62666],[76.14625,11.62851],[76.14622,11.62921],[76.14648,11.62967],[76.14674,11.62981],[76.14706,11.6299],[76.1476,11.62988],[76.14896,11.62964],[76.14931,11.6295],[76.1497,11.6293],[76.15057,11.62853],[76.15102,11.62839],[76.1512,11.62841],[76.15172,11.62897],[76.15205,11.62912],[76.15305,11.62909],[76.15422,11.62877],[76.15498,11.62884],[76.15526,11.62905],[76.1554,11.62948],[76.15535,11.62978],[76.15513,11.62998],[76.15473,11.63001],[76.15441,11.62999],[76.15378,11.62976],[76.15243,11.62962],[76.15141,11.62995],[76.1505,11.63064],[76.14997,11.63061],[76.14943,11.63028],[76.14882,11.63021],[76.14791,11.63024],[76.14715,11.63059],[76.14662,11.63119],[76.14625,11.63254],[76.14603,11.63385],[76.14571,11.63386],[76.14561,11.63378],[76.14519,11.63303],[76.14486,11.63285],[76.1445,11.63287],[76.144,11.63306],[76.14346,11.63371],[76.14327,11.63442],[76.14308,11.63464],[76.14305,11.63498],[76.14322,11.63519],[76.1441,11.63523],[76.14442,11.63578],[76.14443,11.63616],[76.14429,11.63643],[76.14307,11.63554],[76.1427,11.63497],[76.14215,11.63459],[76.14091,11.63445],[76.13994,11.63416],[76.13952,11.63416],[76.13907,11.63433],[76.13887,11.63466],[76.13879,11.63531],[76.13892,11.63597],[76.13889,11.63659],[76.13881,11.63671],[76.13847,11.63678],[76.1382,11.63628],[76.13807,11.63507],[76.13747,11.63414],[76.13688,11.634],[76.13457,11.63404],[76.13388,11.63447],[76.13322,11.63647],[76.13292,11.63689],[76.13273,11.63684],[76.13241,11.6356],[76.13223,11.63538],[76.13167,11.63519],[76.13068,11.63575],[76.129,11.63617],[76.12787,11.63629],[76.1277,11.6365],[76.1277,11.63661],[76.12786,11.63674],[76.13036,11.63857],[76.13065,11.63893],[76.1307,11.63914],[76.1307,11.63927],[76.13052,11.63945],[76.12974,11.63949],[76.12884,11.63918],[76.12752,11.63804],[76.12652,11.63742],[76.12605,11.63731],[76.12532,11.63737],[76.12436,11.63774],[76.1241,11.63793],[76.12272,11.64002],[76.12193,11.64189],[76.12183,11.64286],[76.12194,11.64315],[76.12198,11.6442],[76.1219,11.6445],[76.12127,11.64562],[76.12149,11.64611],[76.12218,11.64637],[76.12245,11.64637],[76.12283,11.64629],[76.12322,11.64602],[76.12345,11.64568],[76.12383,11.64456],[76.12415,11.64396],[76.12426,11.64348],[76.12458,11.64305],[76.12491,11.6429],[76.12536,11.6431],[76.12615,11.64374],[76.12736,11.64394],[76.12812,11.64387],[76.12848,11.64371],[76.12926,11.64308],[76.12961,11.64298],[76.13023,11.64302],[76.13037,11.64323],[76.13037,11.64343],[76.12926,11.64517],[76.12881,11.64549],[76.12825,11.64568],[76.12718,11.64566],[76.12656,11.6454],[76.12586,11.64533],[76.12491,11.64568],[76.12464,11.64609],[76.12465,11.64679],[76.12514,11.64734],[76.12553,11.64753],[76.12602,11.6476],[76.12729,11.64721],[76.12767,11.64718],[76.12817,11.64725],[76.12887,11.64759],[76.13013,11.64781],[76.13286,11.64776],[76.13322,11.64791],[76.1341,11.64794],[76.13497,11.64754],[76.13531,11.64716],[76.13583,11.64624],[76.13593,11.64578],[76.1359,11.64511],[76.13601,11.64479],[76.13726,11.64393],[76.13796,11.64371],[76.1383,11.64379],[76.13834,11.64426],[76.13812,11.64491],[76.13759,11.6456],[76.13743,11.64607],[76.13746,11.64648],[76.13776,11.64689],[76.13894,11.64752],[76.13942,11.64767],[76.14048,11.64786],[76.14177,11.64787],[76.1422,11.64772],[76.1425,11.64749],[76.14311,11.64662],[76.14375,11.64503],[76.14418,11.64299],[76.14453,11.64258],[76.14472,11.64258],[76.14492,11.64264],[76.14515,11.64292],[76.14524,11.64325],[76.14494,11.64378],[76.14456,11.64552],[76.144,11.647],[76.14362,11.64768],[76.14314,11.64813],[76.14188,11.64864],[76.13914,11.64862],[76.13694,11.64891],[76.13664,11.64909],[76.13644,11.64941],[76.13638,11.65021],[76.13627,11.65036],[76.1358,11.6506],[76.13536,11.65069],[76.135,11.65069],[76.13474,11.65056],[76.13411,11.64961],[76.13353,11.64935],[76.13075,11.64977],[76.13029,11.65],[76.13007,11.65023],[76.12999,11.65049],[76.13003,11.65083],[76.13042,11.65123],[76.13062,11.65176],[76.13069,11.65234],[76.13058,11.65261],[76.13043,11.65269],[76.13016,11.65248],[76.12961,11.65144],[76.12943,11.65126],[76.12906,11.65106],[76.12845,11.65092],[76.12758,11.64993],[76.12685,11.64951],[76.12616,11.64951],[76.12557,11.6498],[76.12521,11.65013],[76.12507,11.65073],[76.12532,11.65319],[76.12521,11.65335],[76.12488,11.6535],[76.12445,11.65348],[76.12413,11.65303],[76.12347,11.65074],[76.12331,11.64929],[76.12299,11.6491],[76.12221,11.64902],[76.1211,11.64939],[76.12068,11.64962],[76.12033,11.65049],[76.12023,11.65114],[76.11986,11.65181],[76.11939,11.65228],[76.11813,11.65271],[76.11738,11.65285],[76.11642,11.65323],[76.11539,11.6541],[76.11433,11.65546],[76.11378,11.65601],[76.11212,11.65686],[76.11184,11.65709],[76.11148,11.65778],[76.11134,11.65854],[76.11149,11.65963],[76.11175,11.65994],[76.11305,11.66071],[76.1132,11.66102],[76.11316,11.66124],[76.1128,11.66173],[76.112,11.66232],[76.11161,11.66284],[76.11127,11.66399],[76.11113,11.66497],[76.11152,11.66531],[76.11209,11.66548],[76.11272,11.66552],[76.11335,11.6658],[76.11448,11.66702],[76.1151,11.66786],[76.11639,11.66834],[76.11716,11.66831],[76.1177,11.66735],[76.11837,11.66644],[76.11898,11.66521],[76.11902,11.66495],[76.11902,11.66428],[76.11888,11.66375],[76.11885,11.6631],[76.11891,11.66187],[76.11902,11.66167],[76.11928,11.66159],[76.11969,11.66175],[76.12051,11.66345],[76.12097,11.66407],[76.12131,11.66423],[76.12295,11.66429],[76.12357,11.66404],[76.12399,11.66358],[76.1244,11.66361],[76.12466,11.6638],[76.12528,11.66368],[76.12535,11.66343],[76.12528,11.6631],[76.12605,11.66217],[76.12601,11.66166],[76.12564,11.66137],[76.12398,11.66121],[76.12347,11.66076],[76.1228,11.65891],[76.12241,11.6584],[76.12131,11.65731],[76.12128,11.65679],[76.12154,11.65656],[76.12195,11.65659],[76.12261,11.65716],[76.1235,11.65762],[76.12414,11.65759],[76.12483,11.65718],[76.12518,11.65717],[76.12554,11.65739],[76.12627,11.65821],[76.12675,11.65854],[76.12719,11.65872],[76.12758,11.65874],[76.12866,11.65815],[76.1293,11.65762],[76.12967,11.65717],[76.13002,11.65695],[76.13064,11.6569],[76.13148,11.65762],[76.13207,11.65781],[76.13284,11.65775],[76.13325,11.65757],[76.13356,11.65718],[76.13385,11.65593],[76.1339,11.65513],[76.13421,11.65496],[76.13446,11.65496],[76.13457,11.65503],[76.13451,11.65678],[76.13471,11.65727],[76.13502,11.65749],[76.13581,11.65749],[76.13638,11.65727],[76.13717,11.65651],[76.1395,11.65645],[76.14001,11.65628],[76.14033,11.65573],[76.14039,11.65521],[76.14036,11.6548],[76.14018,11.65436],[76.14027,11.65399],[76.14062,11.65387],[76.14132,11.65407],[76.14228,11.6534],[76.14263,11.65334],[76.14295,11.65343],[76.14359,11.65477],[76.14406,11.65553],[76.14394,11.65582],[76.14353,11.65608],[76.14266,11.65617],[76.14188,11.65649],[76.14141,11.65693],[76.14106,11.65739],[76.14088,11.65806],[76.14103,11.65853],[76.14129,11.65885],[76.14158,11.65897],[76.14207,11.65891],[76.14252,11.65882],[76.14281,11.65865],[76.14316,11.6583],[76.14324,11.65757],[76.14365,11.65681],[76.14403,11.65655],[76.14444,11.65652],[76.1447,11.65678],[76.14487,11.65713],[76.14491,11.65799],[76.14516,11.65852],[76.14568,11.65888],[76.14638,11.65911],[76.14756,11.659],[76.14873,11.65819],[76.14938,11.65787],[76.14977,11.65725],[76.14974,11.65684],[76.14913,11.65605],[76.14852,11.6557],[76.1479,11.65553],[76.14773,11.65524],[76.14721,11.65387],[76.14706,11.65238],[76.14659,11.65046],[76.14686,11.65034],[76.14928,11.65113],[76.15015,11.65121],[76.15041,11.65098],[76.15041,11.65069],[76.15064,11.65049],[76.15154,11.65025],[76.15203,11.64975],[76.152,11.64822],[76.15219,11.6482],[76.15271,11.64891],[76.15384,11.64895],[76.15455,11.64872],[76.15533,11.64779],[76.15595,11.64665],[76.15617,11.64599],[76.1561,11.64501],[76.15591,11.64432],[76.15564,11.64382],[76.15491,11.64327],[76.15375,11.64329],[76.15306,11.64343],[76.15267,11.64335],[76.15242,11.64307],[76.15246,11.64281],[76.15279,11.64229],[76.15283,11.64202],[76.15266,11.6411],[76.15322,11.64044],[76.15343,11.64001],[76.15368,11.63989],[76.15406,11.64019],[76.15533,11.64223],[76.15576,11.64256],[76.15686,11.64375],[76.15771,11.64482],[76.15809,11.64555],[76.15837,11.64584],[76.15879,11.64591],[76.15909,11.64571],[76.15913,11.64539],[76.15889,11.64484],[76.15882,11.64381],[76.15852,11.64284],[76.15855,11.64227],[76.15902,11.64149],[76.15902,11.64096],[76.15708,11.63947],[76.15677,11.63912],[76.15665,11.63856],[76.15674,11.6384],[76.15706,11.63837],[76.15714,11.63858],[76.15791,11.63906],[76.15967,11.63963],[76.16044,11.64035],[76.16074,11.64051],[76.16142,11.64063],[76.162,11.64058],[76.16209,11.64013],[76.16145,11.63884],[76.16071,11.63844],[76.16016,11.638],[76.15994,11.63768],[76.15983,11.63723],[76.15929,11.63661],[76.15921,11.63615],[76.15932,11.63575],[76.15953,11.63569],[76.15974,11.63577],[76.16007,11.63618],[76.16046,11.63648],[76.16084,11.63655],[76.16108,11.63646],[76.16318,11.63475],[76.16363,11.63391],[76.1637,11.63361],[76.16352,11.63316],[76.1637,11.63295],[76.16405,11.63289],[76.16448,11.6332],[76.16481,11.63327],[76.16515,11.63323],[76.16538,11.63298],[76.16537,11.63267],[76.16472,11.63203],[76.16455,11.63171],[76.16447,11.63119],[76.16457,11.63091],[76.16494,11.63058],[76.16581,11.63066],[76.16657,11.63058],[76.16705,11.63039],[76.16724,11.63019],[76.16734,11.62956],[76.16702,11.62848],[76.16647,11.62744],[76.16648,11.62692],[76.1677,11.62626],[76.16833,11.62617],[76.16864,11.62588],[76.16891,11.62513],[76.16884,11.62451],[76.16755,11.62372],[76.16699,11.623],[76.16635,11.62239],[76.16609,11.62215],[76.1657,11.622],[76.16489,11.62207],[76.1645,11.62226],[76.16423,11.6225],[76.16367,11.62337],[76.16337,11.62363],[76.16305,11.62374],[76.16258,11.62357],[76.16241,11.62344],[76.16245,11.62269],[76.16293,11.62205],[76.16277,11.62147],[76.16232,11.62085],[76.16224,11.62057],[76.16235,11.62027],[76.16256,11.62018],[76.1629,11.62042],[76.16335,11.62057],[76.16378,11.62057],[76.16416,11.62044],[76.16461,11.62001],[76.16487,11.61993],[76.16526,11.62],[76.16695,11.62136],[76.16734,11.62194],[76.16798,11.62258],[76.16849,11.62258],[76.16879,11.62241],[76.16887,11.62212],[76.16919,11.62174],[76.16974,11.6217],[76.16987,11.62158],[76.16973,11.62085],[76.17002,11.62064],[76.17018,11.62006],[76.17018,11.61955],[76.17094,11.61825],[76.17188,11.61775],[76.17293,11.61747],[76.17325,11.61721],[76.17343,11.6169],[76.17343,11.61606],[76.1731,11.61556],[76.17279,11.61538],[76.17106,11.61507],[76.17,11.61464],[76.16913,11.61479],[76.16691,11.61612],[76.16653,11.61617],[76.16599,11.61608],[76.16524,11.61573],[76.16209,11.61565],[76.16044,11.61513],[76.15973,11.61503],[76.1595,11.61488],[76.1595,11.6145],[76.15968,11.6142],[76.15991,11.61411],[76.16106,11.61466],[76.16273,11.61502],[76.1636,11.61505],[76.16426,11.61474],[76.16449,11.61432],[76.16444,11.61367],[76.16391,11.61244],[76.16349,11.61197],[76.16326,11.61179],[76.16176,11.61171],[76.16097,11.6115],[76.16075,11.61125],[76.16074,11.611],[76.16097,11.61066],[76.16121,11.61061],[76.16322,11.61079],[76.16408,11.61053],[76.16437,11.6103],[76.16446,11.60993],[76.16444,11.6097],[76.16426,11.60941],[76.16395,11.60904],[76.16238,11.60786],[76.16174,11.60756],[76.16031,11.60742],[76.15885,11.6076],[76.15807,11.60779],[76.1571,11.60825],[76.15629,11.60912],[76.15592,11.61015],[76.15559,11.61018],[76.15532,11.61007],[76.15517,11.60988],[76.15517,11.60966],[76.15603,11.60885],[76.15656,11.60794],[76.15654,11.60683],[76.15637,11.60659],[76.1548,11.60547],[76.15376,11.60491],[76.15307,11.60426],[76.15224,11.60324],[76.15231,11.60252],[76.15255,11.60231],[76.15279,11.60234],[76.15322,11.60339],[76.15373,11.60408],[76.15463,11.60467],[76.1551,11.60487],[76.15601,11.60491],[76.15644,11.60514],[76.15669,11.60533],[76.15707,11.60593],[76.15751,11.60627],[76.15806,11.60634],[76.1591,11.6062],[76.16049,11.60625],[76.16168,11.60646],[76.16227,11.60646],[76.16248,11.60635],[76.16263,11.60613],[76.1627,11.60509],[76.16237,11.60475],[76.16164,11.60442],[76.16051,11.60409],[76.15945,11.60321],[76.15874,11.6031],[76.15883,11.60267],[76.15916,11.60229],[76.15936,11.60229],[76.15958,11.60244],[76.16067,11.60277],[76.16101,11.60257],[76.16114,11.60235],[76.16122,11.60141],[76.16074,11.60092],[76.16065,11.60067],[76.16025,11.60047],[76.15965,11.60047],[76.15911,11.60029],[76.1589,11.59999],[76.15892,11.59967],[76.15901,11.59937],[76.15929,11.59913],[76.16015,11.59881],[76.16096,11.59829],[76.16103,11.59763],[76.16052,11.59699],[76.16037,11.59608],[76.15953,11.59487],[76.15952,11.59431],[76.15972,11.59396],[76.15998,11.59394],[76.16064,11.59459],[76.16101,11.5946],[76.16148,11.59427],[76.16185,11.59369],[76.16196,11.59238],[76.1618,11.59217],[76.16141,11.59215],[76.16123,11.59194],[76.16135,11.59168],[76.16174,11.59155],[76.16202,11.59126],[76.16205,11.59088],[76.16174,11.59047],[76.16131,11.59021],[76.16121,11.58955],[76.16149,11.58904],[76.16162,11.58904],[76.16205,11.58947],[76.16246,11.5897],[76.16273,11.58966],[76.16302,11.58929],[76.16338,11.58801],[76.16333,11.5877],[76.16256,11.58675],[76.16238,11.58653]],[[76.11045,11.66834],[76.1109,11.66822],[76.11155,11.66784],[76.11155,11.66762],[76.1111,11.66731],[76.11073,11.66722],[76.11012,11.66722],[76.10978,11.66739],[76.10947,11.66777],[76.1097,11.66866],[76.10983,11.66882],[76.1102,11.6685],[76.11045,11.66834]]]}},{"type":"Feature","properties":{"class":"Flood plain","fid":"20","landform":"Flood plain"},"geometry":{"type":"MultiPolygon","coordinates":[[[[75.90157,11.79855],[75.9017,11.79951],[75.90152,11.79957],[75.90099,11.7994],[75.90072,11.79893],[75.90033,11.7987],[75.89886,11.79841],[75.89785,11.7985],[75.89704,11.79894],[75.89614,11.79899],[75.89435,11.79794],[75.89406,11.79759],[75.89306,11.79724],[75.89133,11.79728],[75.89114,11.79792],[75.89093,11.79807],[75.89069,11.79803],[75.89021,11.79775],[75.88987,11.79773],[75.88942,11.79794],[75.88923,11.79792],[75.88912,11.79769],[75.88914,11.79748],[75.88935,11.79726],[75.88991,11.79699],[75.89018,11.79658],[75.89021,11.79577],[75.88966,11.79494],[75.8891,11.79475],[75.88856,11.79486],[75.88846,11.79529],[75.88805,11.79553],[75.88811,11.79641],[75.888,11.79677],[75.88786,11.79692],[75.8875,11.79695],[75.88717,11.79663],[75.88714,11.79614],[75.88697,11.79574],[75.88642,11.79551],[75.88544,11.79453],[75.88512,11.79432],[75.88429,11.79423],[75.88401,11.79438],[75.88359,11.79489],[75.88291,11.79491],[75.88246,11.79472],[75.88113,11.7938],[75.88114,11.79255],[75.88063,11.79174],[75.88063,11.79115],[75.88099,11.79087],[75.8815,11.79085],[75.88189,11.79099],[75.8821,11.79144],[75.88219,11.79195],[75.88268,11.79247],[75.88371,11.79263],[75.88412,11.7926],[75.8844,11.79243],[75.88474,11.79257],[75.88532,11.79316],[75.88607,11.79308],[75.88633,11.79316],[75.88671,11.79349],[75.88774,11.793],[75.88812,11.79257],[75.88875,11.79222],[75.88929,11.79174],[75.88948,11.79171],[75.88966,11.79177],[75.89027,11.79305],[75.8909,11.79391],[75.89133,11.79426],[75.89177,11.79424],[75.89209,11.7941],[75.89338,11.79295],[75.89429,11.79235],[75.89521,11.79156],[75.89581,11.79149],[75.89626,11.79123],[75.89631,11.79109],[75.89622,11.79083],[75.89575,11.79058],[75.89507,11.79053],[75.89452,11.79026],[75.89357,11.79046],[75.89335,11.79043],[75.89325,11.79033],[75.89327,11.79015],[75.89369,11.79001],[75.89382,11.78948],[75.89427,11.78958],[75.89491,11.78952],[75.8971,11.7898],[75.89842,11.79046],[75.89999,11.79094],[75.90023,11.79142],[75.90023,11.79212],[75.90034,11.79226],[75.90057,11.79233],[75.90134,11.7922],[75.9032,11.79233],[75.90336,11.79182],[75.90314,11.79117],[75.90289,11.79102],[75.90212,11.79113],[75.90157,11.79105],[75.90131,11.79067],[75.90121,11.79029],[75.90031,11.78923],[75.90038,11.78878],[75.90061,11.78851],[75.9008,11.78849],[75.90117,11.78871],[75.90176,11.78851],[75.90189,11.78865],[75.9019,11.78941],[75.90199,11.7897],[75.90218,11.78984],[75.90269,11.78984],[75.90379,11.79039],[75.90429,11.79048],[75.90447,11.79038],[75.90448,11.79008],[75.90426,11.78911],[75.90432,11.78897],[75.9047,11.78894],[75.9052,11.78914],[75.90543,11.78911],[75.90557,11.78852],[75.90554,11.7878],[75.90512,11.78657],[75.90508,11.78541],[75.90498,11.78518],[75.90466,11.7849],[75.90413,11.78504],[75.90353,11.78616],[75.90324,11.78616],[75.90295,11.78593],[75.90271,11.78486],[75.90238,11.78423],[75.90225,11.78373],[75.90235,11.78314],[75.90254,11.78293],[75.90339,11.78267],[75.90315,11.78363],[75.90334,11.78414],[75.90376,11.78456],[75.90504,11.78488],[75.90559,11.78527],[75.90562,11.78641],[75.90593,11.78703],[75.90649,11.78769],[75.90649,11.78784],[75.90634,11.78819],[75.90572,11.78902],[75.90547,11.78981],[75.90517,11.79021],[75.90479,11.79052],[75.9043,11.79068],[75.9039,11.791],[75.90372,11.7913],[75.90387,11.79432],[75.90375,11.79505],[75.90347,11.79561],[75.90272,11.79659],[75.90177,11.79739],[75.90163,11.7979],[75.90157,11.79855]],[[75.89944,11.79823],[75.90005,11.79817],[75.90045,11.79747],[75.90073,11.7973],[75.90134,11.79729],[75.90168,11.79702],[75.90203,11.79651],[75.90263,11.79592],[75.90282,11.79558],[75.90296,11.79469],[75.90296,11.79426],[75.9028,11.79405],[75.90215,11.79371],[75.90063,11.79386],[75.89984,11.79377],[75.89946,11.7936],[75.89895,11.79316],[75.89838,11.79228],[75.89789,11.79175],[75.89733,11.7916],[75.89591,11.79228],[75.89576,11.79252],[75.8957,11.7932],[75.89559,11.79346],[75.89533,11.79354],[75.89448,11.79354],[75.89333,11.79382],[75.89206,11.79446],[75.89201,11.79469],[75.89209,11.79513],[75.89252,11.79578],[75.89322,11.79634],[75.89404,11.79672],[75.89429,11.79672],[75.89484,11.79623],[75.89505,11.79623],[75.89519,11.79649],[75.8951,11.79692],[75.89518,11.79733],[75.89575,11.7979],[75.89618,11.79814],[75.89707,11.79823],[75.89774,11.79814],[75.89859,11.79769],[75.89874,11.79769],[75.89893,11.79782],[75.89897,11.79804],[75.89925,11.79822],[75.89944,11.79823]]],[[[76.03682,11.80041],[76.03662,11.8006],[76.03632,11.80069],[76.03474,11.80056],[76.03396,11.80034],[76.03313,11.80036],[76.03146,11.80015],[76.03128,11.79962],[76.03074,11.7989],[76.03033,11.79805],[76.02917,11.7968],[76.02838,11.79557],[76.02779,11.79418],[76.02763,11.79294],[76.02728,11.79175],[76.02653,11.79055],[76.02642,11.7902],[76.02627,11.78831],[76.02572,11.78756],[76.02475,11.78716],[76.02351,11.78689],[76.02318,11.78668],[76.02245,11.78648],[76.02216,11.78635],[76.02165,11.78585],[76.02098,11.78558],[76.02021,11.78563],[76.01922,11.7863],[76.01742,11.78718],[76.01669,11.7872],[76.01629,11.78705],[76.01592,11.78673],[76.01568,11.78624],[76.01562,11.78594],[76.01571,11.78568],[76.01694,11.78419],[76.01735,11.78347],[76.01762,11.78271],[76.01773,11.78166],[76.01742,11.78084],[76.0174,11.78055],[76.01761,11.77958],[76.01744,11.77866],[76.01726,11.77838],[76.01679,11.77799],[76.01609,11.77778],[76.01546,11.77773],[76.01496,11.7778],[76.01404,11.7783],[76.01311,11.77866],[76.01211,11.77881],[76.01106,11.77917],[76.0106,11.77913],[76.01036,11.77922],[76.00995,11.77969],[76.00983,11.78023],[76.01054,11.78167],[76.01067,11.78234],[76.0106,11.7827],[76.00876,11.78545],[76.00822,11.78601],[76.0068,11.78658],[76.00498,11.78698],[76.00464,11.78695],[76.00399,11.78656],[76.00365,11.78646],[76.00328,11.78607],[76.00262,11.78576],[76.0019,11.78558],[76.00159,11.78561],[76.0013,11.78583],[76.00122,11.78622],[76.00127,11.78651],[76.00199,11.78808],[76.00237,11.78921],[76.00272,11.79047],[76.00294,11.79204],[76.00277,11.79229],[76.00243,11.79233],[76.0014,11.79145],[76.00023,11.79087],[75.99965,11.79082],[75.99934,11.79096],[75.99913,11.79119],[75.99913,11.79181],[75.99976,11.79312],[76.00007,11.79452],[75.99963,11.79793],[75.99938,11.79816],[75.99904,11.7982],[75.9987,11.79811],[75.99847,11.79796],[75.99751,11.79688],[75.99731,11.79679],[75.99709,11.79683],[75.99558,11.79789],[75.99497,11.79845],[75.99456,11.79856],[75.99406,11.79901],[75.99292,11.79919],[75.99194,11.79915],[75.99155,11.79895],[75.99126,11.79874],[75.99112,11.7985],[75.99094,11.79784],[75.99079,11.79764],[75.99038,11.79724],[75.98973,11.79703],[75.98937,11.79712],[75.98843,11.79802],[75.98786,11.79825],[75.98455,11.79848],[75.98338,11.79877],[75.98148,11.79882],[75.98102,11.7987],[75.98086,11.79854],[75.97965,11.79679],[75.97902,11.79569],[75.97857,11.79559],[75.97744,11.79584],[75.97704,11.7958],[75.974,11.7945],[75.97368,11.79456],[75.97344,11.79481],[75.97306,11.7953],[75.97279,11.79589],[75.97249,11.79622],[75.97168,11.79641],[75.97081,11.79649],[75.96881,11.79616],[75.96759,11.79613],[75.96532,11.79661],[75.9642,11.79645],[75.96195,11.79685],[75.9614,11.79681],[75.95998,11.79696],[75.95974,11.79685],[75.95904,11.79713],[75.95839,11.79719],[75.95818,11.79703],[75.9576,11.79605],[75.95769,11.79571],[75.95827,11.79443],[75.95884,11.79364],[75.95909,11.79337],[75.96037,11.79249],[75.96048,11.79231],[75.96037,11.79148],[75.9601,11.79098],[75.95953,11.79077],[75.95913,11.79046],[75.95816,11.78884],[75.95783,11.78851],[75.95731,11.78846],[75.95699,11.78855],[75.95634,11.78889],[75.95557,11.78952],[75.95518,11.78959],[75.95416,11.78954],[75.95371,11.78936],[75.95335,11.789],[75.95193,11.78667],[75.95046,11.7847],[75.95009,11.78377],[75.95035,11.78108],[75.94994,11.78051],[75.94994,11.78001],[75.95025,11.77934],[75.95046,11.77838],[75.95049,11.77722],[75.95045,11.77665],[75.95029,11.7761],[75.95,11.7757],[75.95045,11.77489],[75.95106,11.77419],[75.95111,11.77392],[75.95104,11.77382],[75.95023,11.7733],[75.94934,11.77325],[75.94843,11.77399],[75.94844,11.77444],[75.94857,11.77468],[75.94908,11.77516],[75.94919,11.77555],[75.94675,11.77588],[75.94585,11.77581],[75.94513,11.77546],[75.94468,11.77512],[75.94419,11.77463],[75.94405,11.77434],[75.94405,11.77372],[75.94475,11.77297],[75.94486,11.77268],[75.94486,11.77239],[75.94469,11.77207],[75.94419,11.77175],[75.94281,11.77117],[75.94258,11.77091],[75.94227,11.77074],[75.93787,11.76916],[75.93694,11.76908],[75.93404,11.76927],[75.93372,11.7695],[75.93225,11.77245],[75.93168,11.77289],[75.93116,11.77289],[75.93075,11.77268],[75.93037,11.77217],[75.93003,11.77213],[75.92812,11.77242],[75.92767,11.77262],[75.92747,11.77303],[75.92735,11.77359],[75.9272,11.77558],[75.92702,11.77587],[75.92602,11.7764],[75.92501,11.7794],[75.92474,11.77992],[75.92415,11.78037],[75.92352,11.78059],[75.92261,11.78069],[75.92146,11.78056],[75.92085,11.78038],[75.91948,11.78033],[75.91707,11.78066],[75.91624,11.78096],[75.91543,11.78147],[75.91284,11.78432],[75.91126,11.78564],[75.9078,11.78658],[75.90703,11.78718],[75.90674,11.78725],[75.90641,11.7871],[75.90614,11.78669],[75.90592,11.78611],[75.90575,11.785],[75.90547,11.78476],[75.90406,11.78431],[75.90369,11.78401],[75.90358,11.78359],[75.90367,11.78295],[75.90384,11.78266],[75.90396,11.78319],[75.90439,11.78364],[75.90546,11.78406],[75.90581,11.78436],[75.90603,11.7849],[75.90627,11.78613],[75.90646,11.78636],[75.90761,11.78644],[75.91039,11.78569],[75.91085,11.78543],[75.91095,11.78518],[75.91084,11.78497],[75.9101,11.78438],[75.90965,11.78385],[75.9085,11.78316],[75.90777,11.78232],[75.90759,11.78199],[75.90759,11.78175],[75.90772,11.78146],[75.90832,11.78102],[75.90948,11.77973],[75.90974,11.77932],[75.90995,11.77871],[75.91003,11.77777],[75.91013,11.77767],[75.91044,11.77775],[75.91062,11.77761],[75.91103,11.77718],[75.91164,11.77626],[75.91178,11.77594],[75.91179,11.77515],[75.912,11.77476],[75.91226,11.77468],[75.91256,11.77487],[75.91261,11.77502],[75.91223,11.77551],[75.91219,11.7759],[75.91266,11.77689],[75.91296,11.77691],[75.91334,11.77678],[75.91367,11.77651],[75.91388,11.77617],[75.91365,11.77535],[75.91365,11.77454],[75.91397,11.77414],[75.91424,11.77356],[75.91431,11.7732],[75.91419,11.77288],[75.91391,11.77263],[75.91364,11.77254],[75.91288,11.77259],[75.91254,11.77274],[75.91192,11.7735],[75.91167,11.77353],[75.91156,11.77349],[75.91145,11.77321],[75.91152,11.77281],[75.91138,11.77238],[75.91176,11.77183],[75.91193,11.77139],[75.91274,11.77057],[75.91293,11.77065],[75.91327,11.77126],[75.9138,11.77162],[75.91557,11.77164],[75.91588,11.77156],[75.91661,11.77111],[75.91707,11.77056],[75.91758,11.769],[75.91767,11.76851],[75.91764,11.76788],[75.91745,11.76754],[75.91692,11.76722],[75.91674,11.76693],[75.91644,11.76562],[75.91583,11.76393],[75.91471,11.76269],[75.91425,11.76199],[75.91363,11.76065],[75.91318,11.7602],[75.91255,11.75983],[75.91212,11.75971],[75.9109,11.75969],[75.91049,11.75947],[75.91026,11.75893],[75.91025,11.75826],[75.91013,11.75772],[75.91022,11.7575],[75.91057,11.75745],[75.91132,11.75779],[75.91209,11.75839],[75.91257,11.75841],[75.91321,11.75821],[75.91382,11.75848],[75.91401,11.75868],[75.91401,11.7588],[75.91355,11.75969],[75.91357,11.76],[75.91368,11.76015],[75.91473,11.76126],[75.91485,11.76132],[75.91562,11.76121],[75.91585,11.76135],[75.91613,11.76179],[75.91663,11.76205],[75.91721,11.76251],[75.91755,11.763],[75.91789,11.76407],[75.9182,11.76438],[75.9189,11.76446],[75.92007,11.76411],[75.92151,11.76399],[75.92237,11.76364],[75.92299,11.76309],[75.92325,11.76273],[75.92349,11.76202],[75.92381,11.76166],[75.9241,11.76173],[75.92445,11.7625],[75.92477,11.76261],[75.92519,11.76257],[75.92568,11.76208],[75.92593,11.76117],[75.92608,11.76107],[75.92649,11.76112],[75.92717,11.7621],[75.92715,11.76262],[75.92573,11.76337],[75.92526,11.76343],[75.92447,11.76329],[75.92375,11.76353],[75.9236,11.7637],[75.9236,11.7641],[75.92419,11.76477],[75.92416,11.76509],[75.924,11.76516],[75.92315,11.76502],[75.92169,11.765],[75.92021,11.76483],[75.91924,11.76514],[75.9188,11.76551],[75.91849,11.76599],[75.91814,11.76688],[75.91819,11.76778],[75.91843,11.76811],[75.91886,11.76838],[75.9194,11.76839],[75.91961,11.7682],[75.92001,11.76808],[75.92019,11.76814],[75.92027,11.7683],[75.91882,11.76993],[75.91862,11.77047],[75.91849,11.77133],[75.91806,11.77169],[75.91761,11.77235],[75.91676,11.77257],[75.91549,11.77339],[75.91485,11.77341],[75.91467,11.77388],[75.91464,11.77451],[75.91496,11.77491],[75.91569,11.77545],[75.91676,11.77587],[75.91743,11.7765],[75.918,11.77662],[75.91855,11.77648],[75.91908,11.77617],[75.9192,11.77599],[75.9192,11.77559],[75.91898,11.77514],[75.91889,11.77402],[75.91928,11.77327],[75.91982,11.77356],[75.91983,11.77475],[75.92004,11.77606],[75.91879,11.77727],[75.91798,11.77906],[75.91801,11.77954],[75.91837,11.77989],[75.91866,11.78001],[75.91961,11.77998],[75.92035,11.78021],[75.92215,11.78042],[75.92365,11.78034],[75.92424,11.77981],[75.92486,11.77857],[75.9252,11.7776],[75.92531,11.77644],[75.92548,11.77625],[75.92622,11.77614],[75.92675,11.77564],[75.92729,11.7729],[75.92754,11.77249],[75.92833,11.77206],[75.92895,11.77123],[75.92879,11.77097],[75.92775,11.77038],[75.92725,11.76999],[75.92695,11.77006],[75.92646,11.77062],[75.92585,11.7711],[75.9256,11.77109],[75.92523,11.77066],[75.92525,11.7703],[75.92539,11.76999],[75.92529,11.76981],[75.92426,11.76928],[75.92429,11.76911],[75.92491,11.76867],[75.92568,11.76876],[75.92625,11.76807],[75.92665,11.76792],[75.92698,11.76807],[75.92705,11.7687],[75.92727,11.76909],[75.92921,11.77046],[75.93048,11.77012],[75.93081,11.77017],[75.9307,11.77088],[75.93028,11.77165],[75.93075,11.77244],[75.93094,11.7726],[75.9312,11.77265],[75.93174,11.77254],[75.93203,11.77236],[75.93235,11.77191],[75.93329,11.77006],[75.93347,11.76959],[75.93348,11.76872],[75.93375,11.76839],[75.93398,11.76842],[75.93408,11.76871],[75.93404,11.76909],[75.93423,11.76914],[75.93645,11.76899],[75.93655,11.7688],[75.93648,11.76853],[75.93608,11.76828],[75.93583,11.76786],[75.9358,11.76703],[75.93591,11.76681],[75.93608,11.76676],[75.93656,11.76684],[75.93667,11.76711],[75.9367,11.76783],[75.93685,11.76813],[75.93734,11.76852],[75.93747,11.76887],[75.93817,11.76906],[75.94071,11.77006],[75.94229,11.77053],[75.94242,11.77051],[75.9425,11.7703],[75.9425,11.76967],[75.94219,11.76857],[75.94154,11.76722],[75.94128,11.76644],[75.94096,11.76612],[75.94019,11.76611],[75.93954,11.76586],[75.9393,11.7655],[75.93909,11.76446],[75.93877,11.76379],[75.93884,11.76356],[75.93898,11.76351],[75.93983,11.76379],[75.9402,11.76374],[75.94078,11.76319],[75.94099,11.76282],[75.94106,11.76236],[75.94103,11.76194],[75.94082,11.76171],[75.9396,11.76072],[75.93909,11.76058],[75.93785,11.76077],[75.93764,11.76088],[75.93738,11.76153],[75.937,11.76185],[75.93635,11.76181],[75.93584,11.76209],[75.93531,11.76213],[75.93509,11.76181],[75.93509,11.76155],[75.93602,11.7604],[75.93614,11.75993],[75.93602,11.75977],[75.93565,11.75956],[75.93504,11.75949],[75.93462,11.75972],[75.93402,11.7604],[75.93365,11.76029],[75.93288,11.75871],[75.93229,11.75816],[75.93149,11.75768],[75.93058,11.75763],[75.92941,11.75779],[75.9289,11.75814],[75.92858,11.75823],[75.92815,11.75786],[75.92813,11.75697],[75.92726,11.7563],[75.92744,11.75584],[75.92789,11.75576],[75.92823,11.75588],[75.92895,11.75672],[75.92965,11.7571],[75.93034,11.75707],[75.93153,11.7567],[75.93216,11.7567],[75.93279,11.75707],[75.93311,11.75781],[75.93336,11.75802],[75.93487,11.75829],[75.9355,11.75851],[75.9366,11.75908],[75.93694,11.75897],[75.93702,11.7588],[75.93702,11.75855],[75.93681,11.75807],[75.93697,11.75781],[75.93718,11.7577],[75.93752,11.75772],[75.93792,11.75809],[75.93813,11.7585],[75.93835,11.75871],[75.93905,11.75908],[75.93942,11.7595],[75.94032,11.75972],[75.94083,11.75954],[75.94115,11.75917],[75.94121,11.75816],[75.94115,11.75777],[75.94099,11.75751],[75.94013,11.75668],[75.93987,11.75652],[75.93829,11.7561],[75.93697,11.75535],[75.93504,11.75497],[75.93369,11.75504],[75.93353,11.75486],[75.93353,11.7546],[75.9336,11.75449],[75.93401,11.75435],[75.93418,11.75419],[75.93427,11.75393],[75.93496,11.75391],[75.93535,11.75377],[75.93644,11.75424],[75.93697,11.75437],[75.93729,11.75419],[75.93778,11.75414],[75.93829,11.7543],[75.93836,11.7544],[75.93819,11.755],[75.93842,11.75543],[75.93914,11.75578],[75.93983,11.75581],[75.94022,11.75557],[75.94025,11.75491],[75.94015,11.75467],[75.9397,11.7543],[75.93872,11.75387],[75.93879,11.75348],[75.93893,11.75329],[75.9391,11.75325],[75.94142,11.75463],[75.94175,11.75498],[75.9418,11.75573],[75.94223,11.7567],[75.94214,11.75774],[75.94234,11.75897],[75.94221,11.7597],[75.94221,11.75998],[75.94232,11.76017],[75.9425,11.76024],[75.94276,11.76016],[75.94296,11.75989],[75.94306,11.75963],[75.94309,11.75875],[75.94347,11.75808],[75.94385,11.75771],[75.94463,11.75759],[75.94473,11.75781],[75.94469,11.75807],[75.94399,11.7589],[75.94379,11.75948],[75.9432,11.76044],[75.94308,11.76114],[75.94265,11.7619],[75.94225,11.76307],[75.94223,11.76406],[75.94246,11.76524],[75.94239,11.76586],[75.94223,11.7663],[75.94227,11.76677],[75.94242,11.76702],[75.94283,11.76736],[75.94301,11.76746],[75.94317,11.76743],[75.94337,11.76729],[75.94402,11.76621],[75.94426,11.7648],[75.94439,11.76459],[75.94536,11.76401],[75.94673,11.76267],[75.94704,11.7625],[75.94787,11.76241],[75.94826,11.7619],[75.94833,11.75935],[75.94864,11.75862],[75.94862,11.75835],[75.94846,11.75781],[75.94773,11.757],[75.94773,11.75661],[75.94809,11.75578],[75.94811,11.7544],[75.94881,11.75336],[75.94888,11.75296],[75.94886,11.75263],[75.94862,11.75202],[75.9482,11.75166],[75.94725,11.75171],[75.94643,11.75122],[75.94532,11.75087],[75.94494,11.75107],[75.94439,11.75169],[75.94382,11.75197],[75.94358,11.7525],[75.9433,11.75242],[75.94309,11.75224],[75.94233,11.75092],[75.94231,11.75031],[75.94241,11.75021],[75.94401,11.75025],[75.94454,11.74982],[75.94474,11.74978],[75.94534,11.75041],[75.94566,11.75059],[75.94698,11.75074],[75.9473,11.75063],[75.94759,11.75046],[75.94801,11.75001],[75.94872,11.74897],[75.94914,11.74854],[75.95015,11.74784],[75.95064,11.74714],[75.95083,11.74656],[75.95117,11.74596],[75.95141,11.74585],[75.95164,11.74588],[75.95174,11.74603],[75.9523,11.74626],[75.95307,11.7459],[75.95312,11.74548],[75.95295,11.74494],[75.95304,11.74456],[75.9533,11.74445],[75.95363,11.74445],[75.95387,11.74457],[75.95461,11.74456],[75.95518,11.74433],[75.95566,11.74427],[75.9561,11.74405],[75.95641,11.74377],[75.95669,11.74334],[75.95672,11.74297],[75.956,11.74217],[75.95558,11.74143],[75.95495,11.74069],[75.95461,11.73973],[75.95364,11.7388],[75.95358,11.73837],[75.95367,11.7382],[75.95483,11.73801],[75.95556,11.73749],[75.95586,11.73743],[75.95596,11.73758],[75.95598,11.73812],[75.95578,11.74033],[75.95638,11.7413],[75.95687,11.74173],[75.95721,11.74181],[75.95818,11.74183],[75.95844,11.74167],[75.9597,11.74044],[75.95965,11.73955],[75.95978,11.73942],[75.95998,11.73938],[75.96066,11.73998],[75.96196,11.74004],[75.96216,11.73995],[75.9629,11.73888],[75.96299,11.73789],[75.96285,11.73736],[75.96239,11.73667],[75.96081,11.7349],[75.96067,11.73461],[75.96067,11.73419],[75.96093,11.73392],[75.96157,11.7338],[75.96199,11.73408],[75.96329,11.73653],[75.96359,11.73695],[75.96394,11.7372],[75.96412,11.73729],[75.96451,11.73722],[75.96577,11.73647],[75.96642,11.73642],[75.96713,11.73656],[75.9679,11.73685],[75.96861,11.73732],[75.96928,11.73757],[75.96962,11.73782],[75.97091,11.73941],[75.97093,11.73971],[75.97085,11.73979],[75.97048,11.73991],[75.96995,11.73984],[75.96886,11.73821],[75.96801,11.73764],[75.96764,11.73745],[75.96672,11.7372],[75.9658,11.73729],[75.96471,11.73773],[75.96444,11.73794],[75.96359,11.73902],[75.96366,11.7393],[75.96387,11.73941],[75.96487,11.73931],[75.96525,11.73971],[75.96519,11.74007],[75.96467,11.74002],[75.96371,11.73956],[75.96319,11.73951],[75.96288,11.73959],[75.96198,11.74065],[75.96039,11.74114],[75.95984,11.74148],[75.95942,11.74222],[75.95947,11.7424],[75.95986,11.74277],[75.96111,11.7436],[75.96131,11.74383],[75.96161,11.74457],[75.96175,11.74457],[75.96219,11.74425],[75.96366,11.74383],[75.96407,11.74383],[75.96527,11.74413],[75.96555,11.74399],[75.96614,11.743],[75.96711,11.74187],[75.96743,11.74161],[75.96819,11.7417],[75.96826,11.74197],[75.96762,11.74222],[75.96695,11.74282],[75.96626,11.74381],[75.96619,11.74406],[75.96624,11.74424],[75.96674,11.74452],[75.9669,11.74473],[75.96688,11.74555],[75.96706,11.74579],[75.96822,11.74654],[75.96861,11.74763],[75.96855,11.74774],[75.96808,11.7478],[75.96665,11.74618],[75.96638,11.74597],[75.96577,11.74572],[75.96525,11.74571],[75.96476,11.74647],[75.96422,11.74647],[75.96405,11.74618],[75.96402,11.74521],[75.96395,11.74498],[75.96379,11.74489],[75.96338,11.74487],[75.9623,11.74528],[75.96143,11.74535],[75.96104,11.745],[75.96073,11.74436],[75.96018,11.74362],[75.95959,11.74319],[75.95908,11.74314],[75.95853,11.74337],[75.95699,11.74463],[75.95648,11.74564],[75.95648,11.74632],[75.95667,11.74661],[75.95721,11.74705],[75.95818,11.74759],[75.95937,11.74753],[75.96011,11.74719],[75.96053,11.74678],[75.96106,11.74702],[75.96116,11.74724],[75.96111,11.74744],[75.96062,11.74783],[75.96049,11.74828],[75.96075,11.74894],[75.96163,11.74982],[75.96163,11.75002],[75.96141,11.75024],[75.96111,11.75027],[75.95958,11.74956],[75.95901,11.74905],[75.95879,11.74852],[75.95861,11.74834],[75.95698,11.74775],[75.95575,11.74662],[75.9554,11.74665],[75.9546,11.74696],[75.95392,11.7474],[75.9537,11.74767],[75.9536,11.748],[75.95364,11.74876],[75.95337,11.74902],[75.95287,11.74902],[75.95177,11.74872],[75.9509,11.74905],[75.95045,11.74942],[75.94997,11.75013],[75.94937,11.75129],[75.94937,11.75173],[75.94972,11.75213],[75.94979,11.7525],[75.94963,11.75314],[75.94903,11.7542],[75.9491,11.75547],[75.94942,11.75627],[75.94997,11.75673],[75.95051,11.7569],[75.95117,11.75699],[75.95267,11.75684],[75.95306,11.75651],[75.95366,11.75546],[75.95382,11.75499],[75.95396,11.75483],[75.95418,11.75479],[75.95439,11.75487],[75.95446,11.75503],[75.9541,11.75651],[75.95426,11.75739],[75.95442,11.75777],[75.95467,11.75796],[75.95489,11.75796],[75.95602,11.75787],[75.95709,11.75728],[75.95745,11.75693],[75.9582,11.75703],[75.95869,11.75697],[75.95931,11.75666],[75.96034,11.75585],[75.96066,11.75578],[75.96079,11.75618],[75.96078,11.7564],[75.96065,11.75658],[75.96001,11.75725],[75.95912,11.75788],[75.95859,11.7577],[75.95751,11.75755],[75.95675,11.75799],[75.95663,11.75815],[75.95661,11.75839],[75.95681,11.75896],[75.95714,11.75919],[75.95759,11.75916],[75.95808,11.75896],[75.95918,11.75918],[75.9603,11.75851],[75.96087,11.75849],[75.96102,11.75878],[75.96093,11.75894],[75.96033,11.75924],[75.9599,11.75964],[75.95988,11.75978],[75.95998,11.76012],[75.96059,11.76034],[75.96074,11.76067],[75.96076,11.76139],[75.96052,11.76147],[75.9599,11.76101],[75.95924,11.76018],[75.95876,11.75987],[75.95778,11.75972],[75.95714,11.75981],[75.95687,11.76008],[75.95667,11.76098],[75.95635,11.76106],[75.95613,11.76066],[75.95612,11.75912],[75.95586,11.75876],[75.95536,11.75855],[75.95436,11.75846],[75.95403,11.75851],[75.95394,11.75861],[75.95383,11.75909],[75.95437,11.75975],[75.95423,11.75999],[75.95404,11.76005],[75.95372,11.75999],[75.95366,11.75985],[75.95317,11.75979],[75.95303,11.75969],[75.95297,11.75952],[75.95303,11.75861],[75.95285,11.75831],[75.95244,11.75802],[75.95177,11.75787],[75.9511,11.75788],[75.95016,11.75819],[75.94943,11.75872],[75.94895,11.75948],[75.94901,11.76234],[75.94858,11.7633],[75.94848,11.76438],[75.94832,11.76456],[75.94814,11.7646],[75.94737,11.76442],[75.94661,11.76443],[75.94631,11.76452],[75.94578,11.76501],[75.94565,11.76531],[75.9456,11.76624],[75.94546,11.76681],[75.94521,11.76715],[75.94442,11.76762],[75.9444,11.76773],[75.94449,11.76805],[75.94521,11.76886],[75.94512,11.76919],[75.94493,11.76939],[75.94454,11.76955],[75.94407,11.76942],[75.94391,11.76951],[75.9435,11.77009],[75.94323,11.77098],[75.94342,11.77122],[75.94471,11.77182],[75.94515,11.77222],[75.94501,11.77301],[75.94446,11.77394],[75.94444,11.77428],[75.94478,11.77484],[75.94509,11.77509],[75.9462,11.77562],[75.94725,11.7757],[75.94809,11.77565],[75.94829,11.77554],[75.94838,11.77506],[75.9483,11.77491],[75.94796,11.77476],[75.94757,11.77476],[75.9466,11.77511],[75.94627,11.77504],[75.94623,11.77468],[75.94695,11.77416],[75.94697,11.77387],[75.94556,11.77219],[75.94543,11.77175],[75.94553,11.77159],[75.94606,11.77128],[75.94625,11.77142],[75.94689,11.77263],[75.94715,11.7729],[75.94785,11.77288],[75.94864,11.77255],[75.94908,11.77223],[75.94934,11.77182],[75.94959,11.77165],[75.94977,11.77119],[75.94968,11.77075],[75.94949,11.7704],[75.94957,11.77015],[75.95025,11.76989],[75.95094,11.76939],[75.95128,11.76885],[75.95196,11.76828],[75.95261,11.76698],[75.95328,11.76662],[75.95353,11.76632],[75.95369,11.76593],[75.95372,11.76496],[75.95341,11.76416],[75.95294,11.76335],[75.95299,11.76297],[75.95315,11.76276],[75.95385,11.763],[75.95405,11.76316],[75.95415,11.76334],[75.95423,11.76424],[75.95431,11.7644],[75.95483,11.76481],[75.95551,11.765],[75.95602,11.765],[75.95664,11.76484],[75.95701,11.76494],[75.95708,11.76522],[75.95692,11.76545],[75.95557,11.76583],[75.95498,11.76627],[75.9546,11.76679],[75.95436,11.76759],[75.9538,11.76824],[75.95187,11.76938],[75.95103,11.77019],[75.95105,11.77099],[75.95143,11.7713],[75.95184,11.77148],[75.95224,11.77148],[75.95294,11.77132],[75.95336,11.77111],[75.95349,11.77115],[75.95353,11.7713],[75.95343,11.77155],[75.9523,11.77217],[75.95226,11.77238],[75.95247,11.77259],[75.95349,11.77274],[75.95374,11.77265],[75.95444,11.77203],[75.95602,11.77214],[75.95657,11.77198],[75.95677,11.77253],[75.95676,11.77279],[75.95626,11.77306],[75.95568,11.77314],[75.95409,11.77307],[75.95353,11.77332],[75.95226,11.77412],[75.95176,11.77495],[75.95103,11.77548],[75.95102,11.77589],[75.95075,11.77644],[75.95068,11.77867],[75.95054,11.77987],[75.95065,11.78024],[75.95107,11.78072],[75.95174,11.78058],[75.95201,11.78018],[75.95217,11.77955],[75.9524,11.77938],[75.95279,11.77933],[75.95324,11.77952],[75.95408,11.77958],[75.95467,11.7792],[75.95485,11.77862],[75.95503,11.77838],[75.95605,11.77834],[75.95655,11.77807],[75.9569,11.7776],[75.95721,11.77678],[75.95767,11.77634],[75.9597,11.7735],[75.96063,11.77293],[75.96116,11.77287],[75.96165,11.77261],[75.9624,11.77187],[75.96256,11.77159],[75.96382,11.77159],[75.96447,11.77128],[75.96482,11.77097],[75.96541,11.77103],[75.96596,11.77141],[75.96604,11.77166],[75.96599,11.77187],[75.96537,11.77213],[75.96514,11.77233],[75.96481,11.77226],[75.96461,11.77209],[75.9638,11.77222],[75.96303,11.77268],[75.96272,11.77331],[75.96113,11.77361],[75.96076,11.77384],[75.9599,11.77482],[75.95968,11.77536],[75.95951,11.77616],[75.95869,11.7763],[75.95776,11.77731],[75.95749,11.77807],[75.95704,11.77891],[75.95691,11.78022],[75.95703,11.7806],[75.95753,11.78131],[75.95774,11.78145],[75.9582,11.78161],[75.95869,11.78157],[75.95925,11.7813],[75.95993,11.78048],[75.96064,11.77988],[75.96105,11.77897],[75.96104,11.77822],[75.96116,11.77793],[75.96138,11.77786],[75.96187,11.77812],[75.96233,11.77822],[75.96349,11.77786],[75.9638,11.77767],[75.96481,11.77628],[75.965,11.77625],[75.96529,11.77637],[75.96533,11.77659],[75.96525,11.77672],[75.96353,11.77881],[75.96327,11.77899],[75.96272,11.77896],[75.96223,11.77936],[75.96189,11.77993],[75.96176,11.78057],[75.96158,11.78074],[75.95993,11.78124],[75.95954,11.78142],[75.95927,11.78177],[75.95922,11.78226],[75.95971,11.78269],[75.96002,11.7828],[75.96121,11.78276],[75.96174,11.78286],[75.96195,11.78304],[75.96194,11.78341],[75.96148,11.78354],[75.96062,11.78325],[75.95949,11.78315],[75.95913,11.78337],[75.959,11.78373],[75.95899,11.78438],[75.95881,11.78461],[75.9583,11.78461],[75.95765,11.78432],[75.95651,11.78448],[75.95601,11.78466],[75.95553,11.78498],[75.955,11.78535],[75.95489,11.7856],[75.95482,11.7864],[75.95507,11.78715],[75.9553,11.78752],[75.95621,11.78837],[75.95778,11.78832],[75.95845,11.78861],[75.95877,11.78905],[75.95916,11.79013],[75.95935,11.79012],[75.95944,11.79],[75.95977,11.78856],[75.95979,11.78764],[75.95954,11.78696],[75.95959,11.78636],[75.95977,11.78614],[75.9599,11.78611],[75.96019,11.78629],[75.96077,11.78745],[75.96102,11.78775],[75.96233,11.78809],[75.96233,11.78826],[75.96209,11.78846],[75.96108,11.78821],[75.96068,11.78834],[75.96033,11.78871],[75.96018,11.78911],[75.96012,11.78991],[75.95994,11.79043],[75.96051,11.79142],[75.96063,11.7922],[75.96047,11.7926],[75.95891,11.79392],[75.95845,11.79465],[75.9581,11.79553],[75.95802,11.79623],[75.95807,11.79648],[75.95851,11.79677],[75.9591,11.7969],[75.95969,11.79677],[75.96245,11.79667],[75.96297,11.79651],[75.96478,11.79629],[75.96564,11.79592],[75.9659,11.79563],[75.9661,11.79561],[75.9696,11.79598],[75.97022,11.7959],[75.97017,11.79559],[75.96937,11.79538],[75.96917,11.7953],[75.96909,11.79516],[75.9691,11.79478],[75.9696,11.79423],[75.96949,11.7937],[75.96833,11.79158],[75.96784,11.79016],[75.96688,11.78876],[75.96674,11.78704],[75.96648,11.78673],[75.96517,11.78569],[75.96529,11.78529],[75.96627,11.78539],[75.96646,11.7853],[75.96663,11.78501],[75.96655,11.78439],[75.96621,11.78382],[75.96623,11.78359],[75.96665,11.78305],[75.96665,11.78237],[75.96614,11.78104],[75.96634,11.78063],[75.96665,11.78047],[75.96689,11.78058],[75.96731,11.78135],[75.96763,11.78166],[75.96797,11.78174],[75.96837,11.78165],[75.96932,11.78104],[75.96971,11.7811],[75.96991,11.78129],[75.96988,11.7817],[75.96962,11.78221],[75.96843,11.78311],[75.96806,11.78347],[75.96762,11.78411],[75.96751,11.78491],[75.96797,11.7855],[75.96851,11.78561],[75.96876,11.78585],[75.96868,11.78612],[75.96808,11.78678],[75.96797,11.78758],[75.96808,11.78821],[75.96834,11.78897],[75.96882,11.7898],[75.96919,11.79102],[75.96997,11.7921],[75.97018,11.79222],[75.97076,11.79227],[75.97143,11.79123],[75.97147,11.79054],[75.97187,11.78994],[75.97254,11.78936],[75.9732,11.78895],[75.97342,11.78866],[75.97362,11.78863],[75.97377,11.78876],[75.9742,11.78972],[75.97454,11.78994],[75.97559,11.79017],[75.97597,11.79045],[75.97597,11.79093],[75.9754,11.79125],[75.97487,11.79132],[75.97399,11.79052],[75.97285,11.79051],[75.97247,11.79066],[75.97173,11.79205],[75.9718,11.79232],[75.97298,11.79278],[75.97351,11.79309],[75.97398,11.7942],[75.97427,11.7945],[75.97469,11.79473],[75.9753,11.79496],[75.97572,11.79499],[75.97675,11.79473],[75.97704,11.79493],[75.97734,11.7954],[75.97755,11.7955],[75.97883,11.79548],[75.97918,11.79572],[75.98009,11.79735],[75.98038,11.79764],[75.98065,11.79772],[75.9814,11.79764],[75.98262,11.7983],[75.98292,11.79828],[75.98323,11.79805],[75.9834,11.79764],[75.9834,11.7965],[75.98274,11.79419],[75.98238,11.79332],[75.98238,11.79308],[75.98268,11.79264],[75.98257,11.79205],[75.98245,11.79176],[75.98209,11.7916],[75.98109,11.79164],[75.98086,11.79155],[75.9805,11.79119],[75.98042,11.79077],[75.9805,11.79046],[75.98072,11.79037],[75.98138,11.79087],[75.9818,11.79097],[75.9821,11.79088],[75.98259,11.7905],[75.98275,11.79019],[75.98277,11.7896],[75.98268,11.78918],[75.98229,11.7886],[75.98097,11.78821],[75.98065,11.78802],[75.97985,11.78794],[75.97942,11.78778],[75.97876,11.78689],[75.97871,11.78662],[75.9788,11.78618],[75.97904,11.78602],[75.98011,11.78673],[75.98094,11.78694],[75.98145,11.78694],[75.98164,11.78673],[75.98163,11.78622],[75.98132,11.78515],[75.98087,11.78443],[75.98091,11.7842],[75.98113,11.78409],[75.98182,11.7843],[75.98221,11.78418],[75.98302,11.78348],[75.98323,11.78344],[75.98347,11.78359],[75.98345,11.78388],[75.9831,11.78603],[75.98293,11.78659],[75.98291,11.78782],[75.98386,11.78935],[75.98449,11.79109],[75.98445,11.79239],[75.98428,11.793],[75.98429,11.79346],[75.98493,11.7951],[75.98497,11.79558],[75.98482,11.79757],[75.98492,11.79794],[75.98517,11.79817],[75.98561,11.79828],[75.98682,11.79802],[75.98725,11.7979],[75.98775,11.79747],[75.98813,11.79695],[75.98815,11.79664],[75.98809,11.79644],[75.98754,11.79574],[75.98757,11.79531],[75.9879,11.7952],[75.98849,11.79557],[75.9888,11.79562],[75.98953,11.79504],[75.9903,11.79374],[75.99031,11.79334],[75.98994,11.7923],[75.99001,11.79204],[75.99034,11.79186],[75.99054,11.79192],[75.99097,11.79232],[75.9914,11.79237],[75.99198,11.79226],[75.99222,11.79244],[75.99222,11.7934],[75.99238,11.79432],[75.99235,11.7947],[75.99214,11.79516],[75.99222,11.79548],[75.99366,11.79602],[75.99459,11.79674],[75.99575,11.79676],[75.99638,11.79708],[75.99666,11.79698],[75.99724,11.79639],[75.99748,11.79639],[75.99798,11.79693],[75.99849,11.79779],[75.99902,11.79804],[75.99937,11.79792],[75.99957,11.79763],[75.99963,11.79662],[75.99981,11.79572],[75.99973,11.79488],[75.99934,11.79471],[75.99886,11.79479],[75.99875,11.79464],[75.99873,11.79365],[75.99854,11.79354],[75.99767,11.7934],[75.99752,11.79315],[75.99733,11.79229],[75.99664,11.79099],[75.99472,11.78919],[75.99465,11.789],[75.99472,11.7888],[75.99491,11.78875],[75.99533,11.78898],[75.99677,11.78999],[75.99744,11.79],[75.99805,11.78941],[75.99821,11.78912],[75.99825,11.78876],[75.9981,11.78801],[75.99822,11.7878],[75.99913,11.78828],[76.00011,11.78917],[76.00087,11.78924],[76.0008,11.78959],[76.00054,11.78987],[75.99969,11.78999],[75.99934,11.79014],[75.99892,11.79072],[75.999,11.79122],[75.99949,11.79075],[76.00043,11.79044],[76.00146,11.79042],[76.00156,11.79083],[76.00166,11.79091],[76.0021,11.79091],[76.00232,11.7906],[76.00234,11.79025],[76.00136,11.78783],[76.00102,11.78658],[76.00111,11.78603],[76.00133,11.78573],[76.00164,11.78552],[76.00248,11.78562],[76.00323,11.78598],[76.00371,11.78637],[76.00481,11.78673],[76.00637,11.78657],[76.00723,11.78633],[76.00774,11.78614],[76.00802,11.78593],[76.00868,11.78505],[76.00925,11.78408],[76.01007,11.78322],[76.01024,11.78288],[76.01024,11.78259],[76.01002,11.78239],[76.00983,11.78239],[76.00898,11.78352],[76.00832,11.78396],[76.0077,11.78421],[76.00655,11.78393],[76.00411,11.78266],[76.0002,11.78172],[75.99846,11.7817],[75.99788,11.78183],[75.99692,11.78249],[75.99657,11.78303],[75.99648,11.7834],[75.99649,11.78425],[75.99631,11.78439],[75.99568,11.78444],[75.99515,11.78423],[75.99502,11.78405],[75.99497,11.78303],[75.99486,11.78267],[75.99494,11.78205],[75.99524,11.78165],[75.99619,11.78127],[75.99667,11.78083],[75.99706,11.78035],[75.99754,11.77904],[75.9976,11.77761],[75.99723,11.77607],[75.99692,11.77559],[75.99661,11.77532],[75.99612,11.77516],[75.99612,11.77451],[75.99623,11.77404],[75.99659,11.77354],[75.99694,11.7733],[75.99716,11.77335],[75.9978,11.77474],[75.99838,11.77537],[75.99865,11.77539],[75.99909,11.77518],[75.99948,11.77512],[75.99973,11.7752],[75.99988,11.77572],[75.99929,11.77626],[75.99911,11.77656],[75.99924,11.77714],[75.99909,11.7782],[75.99929,11.77891],[75.99989,11.77955],[76.00201,11.78051],[76.00284,11.78077],[76.00394,11.7806],[76.00434,11.78012],[76.00451,11.78013],[76.00468,11.78033],[76.00483,11.78082],[76.00512,11.78113],[76.00565,11.78161],[76.00632,11.78208],[76.00654,11.78214],[76.00784,11.78219],[76.00816,11.78159],[76.00829,11.78042],[76.00804,11.77988],[76.00756,11.7793],[76.00762,11.77891],[76.00792,11.77882],[76.00909,11.77937],[76.00938,11.77935],[76.00979,11.77903],[76.01085,11.77909],[76.01147,11.77897],[76.01213,11.77866],[76.01302,11.77859],[76.01373,11.77831],[76.01396,11.77801],[76.01409,11.77651],[76.01402,11.77586],[76.01369,11.77506],[76.01237,11.77335],[76.01103,11.77234],[76.0106,11.77225],[76.01042,11.77248],[76.01059,11.77314],[76.01056,11.77338],[76.0102,11.7734],[76.00993,11.77285],[76.00958,11.77259],[76.00898,11.77238],[76.00819,11.77237],[76.00782,11.77206],[76.00775,11.77165],[76.00789,11.77132],[76.00921,11.77153],[76.01008,11.77151],[76.01054,11.7712],[76.01079,11.77065],[76.01079,11.76999],[76.01061,11.76959],[76.01035,11.76829],[76.00993,11.76753],[76.00967,11.76732],[76.00909,11.767],[76.00879,11.76704],[76.00718,11.76818],[76.00681,11.76799],[76.00686,11.76765],[76.00922,11.76569],[76.00928,11.76552],[76.00921,11.76514],[76.00903,11.76487],[76.00877,11.7646],[76.00845,11.76453],[76.00735,11.76474],[76.00553,11.76437],[76.00497,11.76443],[76.00452,11.76463],[76.00439,11.76459],[76.00442,11.76413],[76.00506,11.76356],[76.00512,11.7624],[76.00542,11.76234],[76.00573,11.7631],[76.0062,11.76362],[76.0071,11.76377],[76.0078,11.76375],[76.00805,11.76362],[76.00841,11.76318],[76.00908,11.7615],[76.00946,11.76136],[76.00998,11.7614],[76.01005,11.76172],[76.00984,11.76347],[76.00984,11.76434],[76.00993,11.76466],[76.01065,11.76557],[76.01113,11.76595],[76.01189,11.76614],[76.01299,11.76573],[76.01347,11.76516],[76.01398,11.76428],[76.01442,11.76278],[76.01447,11.76217],[76.01431,11.76147],[76.01377,11.76048],[76.01375,11.76006],[76.01392,11.75947],[76.01379,11.75869],[76.01328,11.75774],[76.01282,11.75725],[76.01242,11.75707],[76.01144,11.75707],[76.01112,11.75691],[76.01118,11.75654],[76.01173,11.75582],[76.0118,11.75484],[76.01163,11.75441],[76.01,11.75242],[76.00993,11.75199],[76.01014,11.75173],[76.01041,11.75175],[76.01084,11.752],[76.01157,11.75262],[76.01237,11.7538],[76.01295,11.75567],[76.01308,11.75584],[76.01347,11.75601],[76.01379,11.75605],[76.01438,11.75588],[76.01485,11.75521],[76.01488,11.75453],[76.01474,11.75409],[76.01385,11.75261],[76.01384,11.75232],[76.01409,11.75183],[76.01426,11.75171],[76.0152,11.75167],[76.01548,11.752],[76.01623,11.75223],[76.01628,11.75237],[76.01585,11.75323],[76.01579,11.75392],[76.01585,11.75424],[76.01624,11.75447],[76.0166,11.75447],[76.01847,11.7539],[76.01881,11.75371],[76.01923,11.75317],[76.01948,11.75302],[76.01963,11.75314],[76.02011,11.75415],[76.02006,11.75489],[76.01973,11.75512],[76.01898,11.75523],[76.01861,11.75541],[76.01832,11.75578],[76.0183,11.7563],[76.01813,11.75642],[76.01781,11.75646],[76.01752,11.75641],[76.01723,11.7562],[76.01662,11.75597],[76.01567,11.7558],[76.01533,11.75586],[76.01443,11.75673],[76.01424,11.75709],[76.01438,11.75751],[76.01476,11.75808],[76.01491,11.75856],[76.01502,11.76073],[76.0155,11.76126],[76.0167,11.76211],[76.01753,11.76225],[76.01807,11.76207],[76.01892,11.76063],[76.01914,11.7604],[76.01942,11.76042],[76.01995,11.76097],[76.0215,11.76151],[76.02195,11.76187],[76.02312,11.7636],[76.02353,11.76403],[76.02395,11.76427],[76.02491,11.76446],[76.02538,11.76441],[76.02569,11.76381],[76.02586,11.76281],[76.02586,11.76167],[76.02573,11.76124],[76.02523,11.7606],[76.02468,11.76022],[76.0244,11.76021],[76.02366,11.7609],[76.02328,11.76069],[76.0231,11.75952],[76.02236,11.75865],[76.02225,11.75808],[76.02231,11.75773],[76.02242,11.75755],[76.02284,11.75734],[76.02289,11.75658],[76.02308,11.75632],[76.02332,11.75628],[76.02344,11.7564],[76.02341,11.75694],[76.02365,11.75723],[76.02398,11.75722],[76.02512,11.75691],[76.0255,11.75704],[76.02579,11.75732],[76.02643,11.75846],[76.02655,11.75896],[76.02643,11.76008],[76.02647,11.76072],[76.0268,11.76164],[76.027,11.76392],[76.0268,11.76447],[76.02597,11.76563],[76.02575,11.7662],[76.02563,11.76715],[76.0258,11.76817],[76.02628,11.76872],[76.02569,11.76915],[76.02547,11.76977],[76.02537,11.77092],[76.02549,11.77112],[76.02669,11.7721],[76.02676,11.77241],[76.0265,11.77262],[76.02496,11.77249],[76.02435,11.77271],[76.02379,11.77323],[76.02322,11.77417],[76.02296,11.77516],[76.02296,11.77599],[76.02335,11.77668],[76.02313,11.77685],[76.02261,11.77681],[76.02231,11.777],[76.02195,11.77749],[76.02191,11.77791],[76.02195,11.77829],[76.02217,11.77863],[76.02238,11.77883],[76.0228,11.7789],[76.0233,11.77884],[76.02451,11.77814],[76.02478,11.77818],[76.02539,11.77875],[76.026,11.77889],[76.02624,11.77945],[76.02618,11.77992],[76.02561,11.78003],[76.02474,11.77955],[76.02423,11.77945],[76.02349,11.77953],[76.02305,11.77974],[76.0228,11.77995],[76.02271,11.78019],[76.0226,11.78201],[76.02252,11.78214],[76.02215,11.78232],[76.02165,11.78216],[76.02084,11.7815],[76.01967,11.78105],[76.01894,11.78109],[76.01828,11.7813],[76.01798,11.78169],[76.01738,11.78378],[76.0168,11.78468],[76.0166,11.7848],[76.01621,11.78529],[76.016,11.78564],[76.01598,11.78586],[76.01619,11.78629],[76.01641,11.78641],[76.0175,11.78668],[76.01795,11.78666],[76.01897,11.78628],[76.01981,11.78573],[76.02026,11.78556],[76.02106,11.78546],[76.02149,11.78557],[76.02244,11.78617],[76.0239,11.78647],[76.02409,11.78633],[76.02406,11.78596],[76.02394,11.78572],[76.0229,11.78471],[76.02283,11.7842],[76.02286,11.78401],[76.02313,11.78366],[76.02396,11.78362],[76.02427,11.78366],[76.02448,11.78379],[76.02455,11.78397],[76.02455,11.78571],[76.02473,11.78638],[76.02634,11.78788],[76.0266,11.78794],[76.02747,11.78631],[76.02787,11.78629],[76.02816,11.78647],[76.02823,11.7875],[76.02847,11.78784],[76.02911,11.78839],[76.02919,11.78867],[76.02901,11.78896],[76.0281,11.78961],[76.0278,11.79001],[76.02752,11.79078],[76.02748,11.79141],[76.02757,11.7916],[76.0278,11.79171],[76.02794,11.79167],[76.0282,11.79085],[76.02879,11.79064],[76.02911,11.79068],[76.02974,11.79096],[76.03038,11.79155],[76.03047,11.79178],[76.03042,11.79204],[76.03019,11.79223],[76.02904,11.79244],[76.02867,11.79279],[76.0284,11.79327],[76.02839,11.79425],[76.02854,11.79473],[76.02911,11.79533],[76.02928,11.79564],[76.02954,11.79658],[76.02987,11.79709],[76.03075,11.79766],[76.03098,11.7979],[76.03134,11.79857],[76.03215,11.79943],[76.03294,11.79989],[76.03357,11.79994],[76.03422,11.79969],[76.03471,11.79915],[76.03512,11.79835],[76.03516,11.79802],[76.03513,11.79782],[76.03496,11.79764],[76.03437,11.79721],[76.03444,11.79691],[76.03484,11.79676],[76.03608,11.79679],[76.0365,11.79645],[76.03711,11.79555],[76.03709,11.79497],[76.03646,11.79412],[76.03642,11.79372],[76.03652,11.7934],[76.03689,11.79317],[76.03735,11.79317],[76.03763,11.79328],[76.03793,11.79379],[76.03831,11.79384],[76.03914,11.79344],[76.03959,11.79287],[76.03981,11.79176],[76.03975,11.79013],[76.03922,11.78881],[76.03841,11.78782],[76.03751,11.78692],[76.03702,11.78659],[76.03692,11.78621],[76.03702,11.78595],[76.03737,11.78575],[76.03886,11.78552],[76.03912,11.78568],[76.03965,11.78669],[76.04008,11.78709],[76.04079,11.78755],[76.04135,11.78765],[76.04211,11.78748],[76.04249,11.78718],[76.04332,11.78605],[76.0434,11.78581],[76.04346,11.7847],[76.04334,11.78385],[76.04318,11.78336],[76.04269,11.78268],[76.04179,11.78245],[76.04102,11.78247],[76.04031,11.7827],[76.03969,11.78258],[76.03954,11.78217],[76.03961,11.78193],[76.04013,11.78145],[76.04005,11.7811],[76.03975,11.781],[76.03866,11.78151],[76.03825,11.78151],[76.03781,11.78138],[76.03765,11.78122],[76.03749,11.78074],[76.03733,11.77959],[76.03712,11.77937],[76.03632,11.77899],[76.03524,11.77877],[76.03326,11.77879],[76.0328,11.77848],[76.03272,11.77822],[76.03274,11.77794],[76.03303,11.77758],[76.03455,11.77777],[76.03571,11.77803],[76.03633,11.77793],[76.03671,11.77773],[76.03711,11.77675],[76.03709,11.77586],[76.03667,11.77509],[76.0354,11.77386],[76.03526,11.77307],[76.03566,11.77274],[76.03587,11.77274],[76.03636,11.77301],[76.03717,11.77368],[76.03748,11.77381],[76.03804,11.77382],[76.03861,11.77283],[76.03891,11.77178],[76.03996,11.77014],[76.04046,11.76894],[76.0409,11.76816],[76.04114,11.76628],[76.04155,11.76471],[76.04165,11.76392],[76.0416,11.7631],[76.04115,11.76242],[76.04068,11.76196],[76.03957,11.76117],[76.03861,11.76068],[76.0375,11.76047],[76.03709,11.76016],[76.03709,11.75994],[76.0375,11.75965],[76.03903,11.75978],[76.03967,11.7597],[76.03997,11.75937],[76.04015,11.75888],[76.04024,11.75808],[76.04045,11.75783],[76.04081,11.75785],[76.04097,11.75802],[76.04093,11.759],[76.04105,11.75961],[76.04152,11.76041],[76.04202,11.76097],[76.0423,11.76112],[76.04277,11.7612],[76.04326,11.76104],[76.04358,11.76081],[76.04395,11.76086],[76.04395,11.76132],[76.04313,11.76243],[76.04292,11.7633],[76.04282,11.76473],[76.0429,11.7662],[76.04279,11.76686],[76.04279,11.76844],[76.04292,11.76992],[76.04336,11.77057],[76.04526,11.77164],[76.04532,11.77215],[76.04528,11.77237],[76.04495,11.77251],[76.0435,11.77203],[76.04286,11.77202],[76.04233,11.77223],[76.04089,11.77345],[76.04035,11.77409],[76.03999,11.77477],[76.03962,11.77704],[76.03967,11.77785],[76.04027,11.77866],[76.04099,11.77917],[76.04185,11.77938],[76.04386,11.77931],[76.04567,11.77895],[76.04611,11.77851],[76.04643,11.7773],[76.04653,11.77633],[76.04673,11.77576],[76.04707,11.77556],[76.04732,11.77569],[76.04759,11.77785],[76.04786,11.77822],[76.04832,11.77852],[76.04875,11.77856],[76.04932,11.77808],[76.04946,11.77781],[76.04964,11.77738],[76.04992,11.77567],[76.05057,11.77467],[76.05121,11.77395],[76.05135,11.77351],[76.05151,11.77248],[76.05137,11.77076],[76.05071,11.76916],[76.05062,11.76862],[76.05068,11.76784],[76.05097,11.76768],[76.05128,11.76766],[76.05199,11.76771],[76.05221,11.76787],[76.05209,11.76959],[76.05258,11.77106],[76.05283,11.77148],[76.05355,11.77204],[76.05447,11.7721],[76.05513,11.77178],[76.05562,11.77073],[76.05609,11.77006],[76.05671,11.76723],[76.0573,11.76667],[76.05764,11.76667],[76.05805,11.76691],[76.05842,11.77204],[76.05871,11.7733],[76.05877,11.77409],[76.05917,11.77458],[76.05943,11.77472],[76.05981,11.77477],[76.06024,11.77508],[76.06068,11.77689],[76.06067,11.77753],[76.06104,11.77939],[76.0613,11.78007],[76.0614,11.78076],[76.06157,11.78097],[76.06145,11.78206],[76.06226,11.78183],[76.06245,11.78166],[76.06267,11.78135],[76.06276,11.78073],[76.06305,11.78059],[76.06322,11.78063],[76.06344,11.78086],[76.06341,11.78146],[76.06372,11.78183],[76.06366,11.78208],[76.06353,11.78218],[76.06262,11.78225],[76.06173,11.7831],[76.06198,11.78432],[76.06261,11.78598],[76.06324,11.78681],[76.06335,11.78747],[76.0638,11.78892],[76.0638,11.78911],[76.06358,11.78939],[76.06314,11.78943],[76.06297,11.78958],[76.06302,11.78997],[76.06363,11.79058],[76.06414,11.79135],[76.06541,11.79156],[76.06566,11.79186],[76.06595,11.79261],[76.06616,11.79291],[76.06671,11.79306],[76.06721,11.79289],[76.06789,11.79193],[76.06837,11.79161],[76.07025,11.79134],[76.07144,11.79012],[76.07157,11.78924],[76.07147,11.78893],[76.07131,11.78877],[76.07074,11.78849],[76.06924,11.78832],[76.06892,11.78817],[76.06863,11.78801],[76.06826,11.78728],[76.06825,11.78672],[76.06857,11.78649],[76.0689,11.78666],[76.0691,11.78731],[76.06938,11.78748],[76.06981,11.78741],[76.07068,11.78666],[76.0709,11.78633],[76.0712,11.78538],[76.07136,11.78388],[76.07128,11.78301],[76.07109,11.78249],[76.07035,11.7808],[76.06997,11.78015],[76.06894,11.77937],[76.06779,11.77903],[76.06773,11.77893],[76.06776,11.77848],[76.06815,11.77777],[76.06825,11.77739],[76.06822,11.77647],[76.06809,11.77606],[76.06744,11.77551],[76.06675,11.77554],[76.06629,11.77584],[76.06564,11.77693],[76.06503,11.77718],[76.06484,11.77712],[76.06503,11.77543],[76.06501,11.77453],[76.06484,11.7741],[76.0646,11.77374],[76.06367,11.7729],[76.06297,11.77254],[76.06174,11.77213],[76.06158,11.77205],[76.06152,11.77186],[76.06159,11.77162],[76.06178,11.77151],[76.06227,11.77156],[76.06392,11.77249],[76.06419,11.77254],[76.06498,11.77254],[76.06539,11.77241],[76.0657,11.77218],[76.06596,11.77215],[76.0661,11.77219],[76.0667,11.77301],[76.06738,11.77344],[76.06807,11.77362],[76.06842,11.77362],[76.06869,11.77345],[76.06878,11.77333],[76.06889,11.77254],[76.06885,11.772],[76.06841,11.77143],[76.06757,11.76972],[76.06693,11.76886],[76.0661,11.76815],[76.06484,11.76728],[76.06463,11.76693],[76.06467,11.76679],[76.06496,11.76662],[76.06642,11.76734],[76.06698,11.76718],[76.06721,11.76697],[76.06775,11.76618],[76.06791,11.76575],[76.06793,11.76325],[76.06823,11.76287],[76.06844,11.76281],[76.0691,11.76321],[76.0698,11.76412],[76.07035,11.76518],[76.07112,11.76784],[76.0713,11.76803],[76.07154,11.76808],[76.07205,11.7679],[76.07272,11.76728],[76.07278,11.76704],[76.07259,11.76623],[76.0726,11.76576],[76.07277,11.76541],[76.07304,11.76526],[76.07323,11.76527],[76.07351,11.76554],[76.07373,11.76612],[76.07424,11.76701],[76.07446,11.76791],[76.07459,11.76805],[76.07543,11.76811],[76.07639,11.76777],[76.07668,11.76755],[76.07693,11.76689],[76.07692,11.76538],[76.07681,11.76479],[76.07652,11.76407],[76.07565,11.76322],[76.07544,11.76295],[76.07534,11.76263],[76.0753,11.76194],[76.0755,11.76029],[76.07523,11.75872],[76.07496,11.75839],[76.07405,11.75787],[76.07312,11.75764],[76.07185,11.75762],[76.07152,11.75801],[76.07149,11.75827],[76.07153,11.7585],[76.07182,11.75896],[76.07188,11.7594],[76.07179,11.75958],[76.07099,11.7596],[76.07018,11.75933],[76.06977,11.75902],[76.06848,11.75735],[76.0682,11.7569],[76.06813,11.7566],[76.06817,11.75628],[76.06853,11.75598],[76.06998,11.75647],[76.07078,11.75654],[76.07162,11.7564],[76.0726,11.75601],[76.07325,11.75599],[76.07363,11.7558],[76.07359,11.75511],[76.07265,11.75382],[76.07247,11.75301],[76.07166,11.75144],[76.07168,11.7512],[76.07207,11.75101],[76.07277,11.75101],[76.07359,11.7515],[76.07469,11.75144],[76.07497,11.75105],[76.07493,11.74984],[76.07441,11.74916],[76.07393,11.74892],[76.07369,11.74927],[76.07343,11.75003],[76.07324,11.75023],[76.07303,11.75025],[76.07273,11.75012],[76.07276,11.74917],[76.07288,11.74878],[76.07332,11.74805],[76.07332,11.74776],[76.07303,11.74729],[76.0718,11.74653],[76.0712,11.74598],[76.07007,11.74561],[76.06958,11.74577],[76.06911,11.74621],[76.06841,11.74726],[76.06815,11.74784],[76.06807,11.74828],[76.06798,11.75006],[76.06788,11.75032],[76.0674,11.75044],[76.06687,11.74886],[76.06593,11.74788],[76.06561,11.7474],[76.06577,11.74714],[76.06598,11.74713],[76.06647,11.74736],[76.06678,11.7474],[76.067,11.74733],[76.06718,11.74714],[76.06748,11.74554],[76.06841,11.74418],[76.06843,11.74305],[76.06805,11.7423],[76.06744,11.74186],[76.06693,11.74168],[76.06469,11.74142],[76.0645,11.74163],[76.06538,11.74394],[76.06535,11.74478],[76.06512,11.745],[76.06494,11.745],[76.06462,11.74474],[76.0642,11.74362],[76.06363,11.74291],[76.0629,11.74238],[76.06232,11.74235],[76.06172,11.74251],[76.06126,11.74297],[76.06043,11.74442],[76.06,11.74479],[76.0599,11.74518],[76.06042,11.75014],[76.06072,11.75106],[76.06113,11.75155],[76.06159,11.75178],[76.06467,11.75288],[76.065,11.75334],[76.0649,11.75373],[76.06464,11.75413],[76.0639,11.7538],[76.06277,11.75351],[76.06203,11.75348],[76.06136,11.75362],[76.06107,11.75385],[76.06077,11.75431],[76.06047,11.7553],[76.06044,11.75603],[76.06002,11.75652],[76.05984,11.75655],[76.05923,11.75635],[76.05888,11.7554],[76.05883,11.75379],[76.05923,11.75267],[76.05956,11.75136],[76.05959,11.74922],[76.05914,11.74706],[76.0588,11.74591],[76.05827,11.74535],[76.05793,11.74519],[76.05743,11.74519],[76.05667,11.74552],[76.0564,11.746],[76.05643,11.7462],[76.05613,11.74653],[76.05575,11.74656],[76.0554,11.74638],[76.05424,11.74642],[76.05354,11.74691],[76.05328,11.74718],[76.05318,11.74744],[76.05285,11.74923],[76.05285,11.75178],[76.05309,11.75247],[76.05338,11.75297],[76.05377,11.75336],[76.05459,11.75467],[76.05472,11.75517],[76.0547,11.75578],[76.05421,11.75681],[76.05395,11.75682],[76.05362,11.75667],[76.05336,11.75623],[76.0531,11.75545],[76.05317,11.75488],[76.05228,11.75305],[76.05196,11.75165],[76.05185,11.74902],[76.05151,11.7486],[76.05038,11.74811],[76.04967,11.74808],[76.04828,11.74884],[76.04784,11.74943],[76.04765,11.74989],[76.04755,11.75062],[76.04776,11.75255],[76.04833,11.75409],[76.04831,11.75426],[76.04813,11.75435],[76.04772,11.75428],[76.04734,11.75374],[76.0472,11.75301],[76.04689,11.75236],[76.04646,11.75187],[76.04575,11.75154],[76.04525,11.75148],[76.04489,11.75178],[76.04462,11.75214],[76.04446,11.75316],[76.0441,11.75372],[76.04389,11.75346],[76.04369,11.75231],[76.04315,11.75093],[76.04311,11.75057],[76.04328,11.75047],[76.04369,11.7504],[76.04485,11.7505],[76.04552,11.75043],[76.04591,11.75033],[76.04665,11.74993],[76.04708,11.74943],[76.04737,11.74799],[76.0474,11.74749],[76.04724,11.74712],[76.04681,11.74693],[76.04587,11.74677],[76.0453,11.74687],[76.04477,11.74715],[76.04433,11.74748],[76.04414,11.74789],[76.0437,11.74783],[76.0433,11.74743],[76.04312,11.74705],[76.04306,11.74659],[76.04336,11.74602],[76.04365,11.7458],[76.0441,11.7457],[76.046,11.74599],[76.04636,11.74586],[76.04673,11.7455],[76.04689,11.74504],[76.04725,11.74445],[76.04752,11.74436],[76.04775,11.74447],[76.04824,11.74524],[76.04844,11.74578],[76.0488,11.74611],[76.0499,11.7467],[76.05024,11.74679],[76.05161,11.74672],[76.0529,11.74603],[76.05327,11.7457],[76.0535,11.74498],[76.05322,11.74438],[76.05338,11.74407],[76.05385,11.74399],[76.05424,11.74417],[76.05488,11.74421],[76.05521,11.74414],[76.05571,11.74382],[76.0568,11.74284],[76.05745,11.74178],[76.05975,11.74001],[76.05999,11.73971],[76.06008,11.73929],[76.05999,11.73871],[76.05807,11.73652],[76.05774,11.73646],[76.0566,11.73662],[76.0554,11.73705],[76.05527,11.73732],[76.05524,11.73808],[76.05555,11.73871],[76.05547,11.73958],[76.05467,11.7402],[76.0542,11.74084],[76.05338,11.74129],[76.05322,11.74115],[76.05322,11.74089],[76.05361,11.73985],[76.05361,11.73903],[76.05341,11.73851],[76.05293,11.73767],[76.05244,11.73717],[76.0517,11.73671],[76.05143,11.7366],[76.05106,11.7366],[76.05067,11.73696],[76.05052,11.73724],[76.05029,11.73778],[76.05022,11.73879],[76.05003,11.73888],[76.04965,11.73882],[76.04944,11.73868],[76.04927,11.73847],[76.04919,11.73817],[76.04884,11.73783],[76.04809,11.73757],[76.04695,11.73765],[76.0458,11.7382],[76.04553,11.73852],[76.04531,11.73923],[76.04537,11.73949],[76.0463,11.74095],[76.04621,11.74158],[76.04609,11.74169],[76.04575,11.74171],[76.0448,11.74142],[76.04456,11.74146],[76.04392,11.74251],[76.04356,11.74289],[76.04322,11.74298],[76.04297,11.74294],[76.04288,11.7428],[76.0429,11.7418],[76.04349,11.74054],[76.04379,11.73942],[76.0439,11.73858],[76.04375,11.7382],[76.04361,11.73808],[76.04261,11.73799],[76.04227,11.73771],[76.04218,11.73716],[76.04234,11.73637],[76.04263,11.7359],[76.04296,11.73586],[76.04466,11.73659],[76.04603,11.7363],[76.04823,11.73623],[76.0486,11.73616],[76.04976,11.73543],[76.05019,11.73484],[76.05032,11.73434],[76.05002,11.73366],[76.04852,11.73209],[76.04715,11.73096],[76.04697,11.73071],[76.04704,11.73045],[76.04741,11.73025],[76.0479,11.73035],[76.04871,11.73087],[76.05048,11.73231],[76.05122,11.73332],[76.05162,11.73368],[76.05225,11.73365],[76.05305,11.73345],[76.05338,11.73312],[76.05375,11.732],[76.05381,11.73101],[76.05365,11.73008],[76.0537,11.72931],[76.05358,11.72858],[76.05343,11.72829],[76.05336,11.72748],[76.0538,11.72672],[76.05447,11.72601],[76.05566,11.72512],[76.05595,11.72476],[76.05608,11.72435],[76.05602,11.7236],[76.05477,11.72284],[76.05326,11.72266],[76.05264,11.72272],[76.05157,11.72293],[76.05054,11.7233],[76.05035,11.72353],[76.05036,11.72382],[76.05078,11.72523],[76.05083,11.72652],[76.05062,11.72711],[76.05022,11.72778],[76.04986,11.72807],[76.04925,11.7277],[76.04905,11.72752],[76.049,11.72734],[76.04944,11.72673],[76.04965,11.7259],[76.04948,11.7243],[76.04921,11.72385],[76.04859,11.72355],[76.04803,11.72369],[76.04781,11.72396],[76.04756,11.72503],[76.04667,11.72491],[76.04649,11.7247],[76.04649,11.72424],[76.04666,11.72374],[76.04755,11.72261],[76.04759,11.72231],[76.04751,11.72215],[76.04678,11.72186],[76.04602,11.72173],[76.04547,11.72174],[76.04337,11.72231],[76.04188,11.72438],[76.04179,11.72509],[76.04209,11.7263],[76.04223,11.72744],[76.04244,11.72787],[76.04328,11.72863],[76.04405,11.72905],[76.04524,11.72921],[76.04552,11.72938],[76.04553,11.72973],[76.04545,11.73],[76.04521,11.73028],[76.04445,11.72993],[76.04394,11.72986],[76.04354,11.72993],[76.04321,11.73028],[76.04259,11.73153],[76.04232,11.73144],[76.04214,11.73106],[76.04227,11.72951],[76.04207,11.72821],[76.04025,11.7249],[76.04008,11.72439],[76.04006,11.72389],[76.03984,11.72293],[76.0396,11.72319],[76.03935,11.72474],[76.0388,11.72572],[76.03808,11.72654],[76.03807,11.72739],[76.03836,11.72851],[76.03827,11.72894],[76.03811,11.72894],[76.03757,11.72753],[76.03724,11.72698],[76.03674,11.72657],[76.03635,11.72648],[76.03617,11.72657],[76.03589,11.72716],[76.03585,11.72789],[76.0359,11.72824],[76.03621,11.7289],[76.03784,11.73099],[76.03861,11.7313],[76.04005,11.73268],[76.04147,11.73382],[76.04184,11.7344],[76.04224,11.73535],[76.04245,11.7356],[76.04224,11.73598],[76.04193,11.73609],[76.04091,11.73549],[76.04045,11.73409],[76.03888,11.73262],[76.03791,11.73206],[76.03761,11.73206],[76.03741,11.73219],[76.03691,11.73275],[76.03629,11.73378],[76.0363,11.7344],[76.03556,11.73438],[76.03536,11.73373],[76.03548,11.73325],[76.03581,11.73269],[76.03672,11.73156],[76.03669,11.73128],[76.03554,11.72992],[76.03362,11.72796],[76.03307,11.72713],[76.0329,11.72659],[76.03244,11.72583],[76.0315,11.72559],[76.03112,11.72539],[76.03091,11.72516],[76.03055,11.72524],[76.03043,11.72537],[76.02971,11.72699],[76.02965,11.72771],[76.03013,11.72947],[76.03037,11.73141],[76.03078,11.73197],[76.03094,11.73244],[76.03102,11.73333],[76.03078,11.73466],[76.03071,11.73587],[76.03103,11.73645],[76.03218,11.73757],[76.03291,11.73855],[76.03428,11.73987],[76.03448,11.74002],[76.03645,11.74079],[76.03701,11.74068],[76.03719,11.7404],[76.03758,11.74058],[76.03771,11.74078],[76.03758,11.74127],[76.03785,11.74177],[76.03861,11.7419],[76.03915,11.74242],[76.03954,11.74327],[76.03953,11.74365],[76.03896,11.74467],[76.03889,11.74576],[76.03913,11.74711],[76.03962,11.74808],[76.03967,11.7486],[76.03951,11.74938],[76.03922,11.74999],[76.03888,11.75035],[76.03853,11.75035],[76.03824,11.75007],[76.03816,11.74967],[76.03826,11.74919],[76.03819,11.74821],[76.0378,11.74745],[76.03752,11.74724],[76.03701,11.74716],[76.03627,11.74734],[76.03567,11.74791],[76.03539,11.74861],[76.03542,11.7496],[76.03561,11.75066],[76.03524,11.751],[76.0349,11.751],[76.0347,11.75092],[76.03445,11.75063],[76.03371,11.74932],[76.03314,11.74919],[76.03215,11.74872],[76.03145,11.74806],[76.03113,11.74788],[76.03002,11.74759],[76.02894,11.74786],[76.02856,11.74811],[76.02845,11.74836],[76.02835,11.74878],[76.02834,11.74959],[76.02789,11.75073],[76.02792,11.75155],[76.02814,11.752],[76.02854,11.75239],[76.02856,11.75279],[76.02802,11.75344],[76.02748,11.75347],[76.02694,11.75332],[76.0262,11.75264],[76.02585,11.75107],[76.02544,11.75066],[76.02502,11.75045],[76.02516,11.75001],[76.02597,11.74939],[76.0263,11.74836],[76.0263,11.74811],[76.02612,11.74776],[76.0256,11.74731],[76.02547,11.74678],[76.02587,11.74637],[76.0268,11.74619],[76.0269,11.74604],[76.02688,11.74471],[76.02655,11.74383],[76.02583,11.74309],[76.02525,11.74286],[76.02481,11.74282],[76.02433,11.74302],[76.02358,11.74392],[76.02307,11.74415],[76.02268,11.74466],[76.02274,11.74542],[76.02301,11.746],[76.02278,11.74626],[76.02264,11.74629],[76.02193,11.74618],[76.02134,11.74581],[76.02097,11.7453],[76.02091,11.74502],[76.02104,11.74487],[76.02206,11.74433],[76.02248,11.74377],[76.02279,11.74301],[76.02303,11.7417],[76.02341,11.74122],[76.02477,11.74113],[76.02574,11.74126],[76.02608,11.74118],[76.0265,11.74093],[76.02687,11.74047],[76.02714,11.73991],[76.02715,11.73943],[76.02692,11.7385],[76.0265,11.73788],[76.02627,11.73778],[76.02621,11.73717],[76.02635,11.7368],[76.02658,11.73663],[76.027,11.73663],[76.02793,11.73691],[76.02872,11.73733],[76.02888,11.73725],[76.02927,11.73664],[76.0295,11.73581],[76.02971,11.73473],[76.02963,11.73354],[76.02952,11.73318],[76.02855,11.73225],[76.02791,11.732],[76.02746,11.73194],[76.02682,11.73232],[76.0265,11.73232],[76.02605,11.73151],[76.02554,11.73006],[76.02516,11.72951],[76.02518,11.72913],[76.02545,11.72909],[76.02573,11.72919],[76.02665,11.72906],[76.02695,11.72885],[76.02726,11.72825],[76.02718,11.72751],[76.02702,11.72707],[76.02654,11.7263],[76.02589,11.72567],[76.02527,11.72547],[76.02493,11.7255],[76.02466,11.72564],[76.02431,11.72598],[76.02415,11.72651],[76.02419,11.72749],[76.02406,11.72793],[76.02385,11.72813],[76.02364,11.72816],[76.02341,11.72796],[76.02296,11.72655],[76.02265,11.72608],[76.02241,11.72598],[76.02149,11.72592],[76.02118,11.72572],[76.02084,11.72582],[76.02044,11.72666],[76.02051,11.7276],[76.02081,11.72827],[76.02157,11.72867],[76.02171,11.72901],[76.0215,11.72916],[76.01996,11.72926],[76.01953,11.72861],[76.01944,11.72815],[76.01911,11.72755],[76.01855,11.72714],[76.01798,11.72719],[76.01756,11.72751],[76.01747,11.72793],[76.01757,11.72936],[76.01711,11.73051],[76.01751,11.73121],[76.01797,11.73161],[76.01961,11.73185],[76.02045,11.73217],[76.02147,11.73283],[76.02277,11.73322],[76.02337,11.73367],[76.02432,11.73503],[76.02444,11.73553],[76.02436,11.73572],[76.02415,11.73576],[76.02305,11.73452],[76.02242,11.7342],[76.02196,11.73418],[76.02152,11.73439],[76.02134,11.7346],[76.02115,11.7351],[76.02111,11.73655],[76.02187,11.7388],[76.0219,11.74115],[76.02183,11.7414],[76.02165,11.74159],[76.02104,11.74188],[76.02048,11.74232],[76.02021,11.74274],[76.02009,11.7432],[76.01991,11.74337],[76.01937,11.74355],[76.01846,11.74343],[76.01766,11.74362],[76.01754,11.74352],[76.01751,11.74292],[76.0176,11.74224],[76.01802,11.74156],[76.01867,11.74128],[76.01884,11.7413],[76.01955,11.74176],[76.01981,11.74176],[76.02011,11.74162],[76.02077,11.74061],[76.021,11.73999],[76.02092,11.73822],[76.02047,11.73691],[76.01997,11.73601],[76.01916,11.73401],[76.01846,11.73343],[76.01677,11.73253],[76.01654,11.73219],[76.01641,11.73172],[76.01605,11.73138],[76.01585,11.73132],[76.01481,11.7317],[76.01378,11.73188],[76.01365,11.73211],[76.01371,11.73388],[76.0142,11.73503],[76.01545,11.73703],[76.01666,11.73802],[76.01689,11.73825],[76.01695,11.7385],[76.01695,11.73862],[76.01649,11.7387],[76.01601,11.73853],[76.01508,11.73845],[76.01466,11.7386],[76.0145,11.73889],[76.01422,11.73991],[76.01427,11.74037],[76.01495,11.74211],[76.01498,11.74242],[76.01472,11.7426],[76.01438,11.7424],[76.0142,11.74217],[76.01363,11.74115],[76.01347,11.73986],[76.01362,11.73854],[76.01331,11.73622],[76.01315,11.73594],[76.01245,11.73536],[76.01155,11.73484],[76.0112,11.73422],[76.0112,11.73263],[76.01162,11.73163],[76.01179,11.73046],[76.01179,11.73018],[76.0115,11.72932],[76.01137,11.72907],[76.01101,11.72889],[76.01026,11.7291],[76.00988,11.72904],[76.00969,11.72915],[76.00928,11.72976],[76.00869,11.73082],[76.0086,11.73179],[76.0089,11.73244],[76.0094,11.73289],[76.00973,11.73304],[76.01026,11.73391],[76.01037,11.73442],[76.01024,11.7347],[76.00963,11.73481],[76.0091,11.73509],[76.00863,11.73567],[76.00841,11.7362],[76.00837,11.73638],[76.00848,11.7368],[76.00919,11.73851],[76.00929,11.73907],[76.00899,11.73922],[76.00861,11.73892],[76.00833,11.73856],[76.00793,11.73749],[76.00747,11.73693],[76.0072,11.73685],[76.00664,11.73699],[76.00626,11.73732],[76.00597,11.73815],[76.00591,11.73911],[76.00623,11.73969],[76.00696,11.74009],[76.00779,11.74035],[76.00806,11.74052],[76.00957,11.74176],[76.0101,11.74242],[76.01049,11.74324],[76.011,11.7439],[76.01132,11.7448],[76.01139,11.74546],[76.01126,11.74587],[76.01126,11.74657],[76.01141,11.74693],[76.01211,11.74787],[76.0122,11.74824],[76.01215,11.74852],[76.011,11.74939],[76.01068,11.74956],[76.01036,11.7495],[76.01019,11.74881],[76.01028,11.74708],[76.00989,11.74418],[76.00955,11.74306],[76.00899,11.74249],[76.0067,11.74108],[76.00598,11.74084],[76.00574,11.74086],[76.00523,11.74127],[76.00488,11.74189],[76.00471,11.74247],[76.00465,11.74336],[76.00489,11.74432],[76.00591,11.74576],[76.00658,11.74755],[76.00715,11.74862],[76.00786,11.74933],[76.0094,11.74992],[76.00961,11.75018],[76.00964,11.75046],[76.00893,11.75165],[76.00869,11.75176],[76.0085,11.75165],[76.00777,11.75056],[76.00692,11.74995],[76.00574,11.74858],[76.00534,11.74781],[76.00497,11.74663],[76.00446,11.74546],[76.0042,11.74497],[76.0038,11.7445],[76.00343,11.74347],[76.00278,11.74244],[76.00286,11.74187],[76.00299,11.74174],[76.00375,11.74148],[76.00414,11.74108],[76.00453,11.74041],[76.00474,11.73971],[76.00474,11.73873],[76.00457,11.73779],[76.00467,11.73717],[76.0051,11.73672],[76.00583,11.73623],[76.00782,11.73417],[76.00779,11.73385],[76.00706,11.73244],[76.00692,11.73228],[76.00632,11.73221],[76.00594,11.73223],[76.00513,11.73252],[76.00391,11.73398],[76.00363,11.73464],[76.0034,11.73652],[76.00327,11.73675],[76.00298,11.73652],[76.00278,11.73553],[76.00234,11.7354],[76.00203,11.73553],[76.00169,11.7358],[76.00125,11.73664],[76.00119,11.73681],[76.0014,11.73706],[76.0014,11.73723],[76.00119,11.73763],[76.00092,11.73763],[76.00011,11.73725],[75.99986,11.73734],[75.99978,11.73755],[75.99979,11.73812],[76.0002,11.73868],[76.00014,11.739],[75.99961,11.73908],[75.99868,11.73896],[75.99832,11.73906],[75.9979,11.73938],[75.99773,11.73967],[75.99757,11.7403],[75.99767,11.74077],[75.9982,11.74148],[75.99898,11.74207],[76.00066,11.74425],[76.0004,11.74462],[76.00013,11.74464],[75.99923,11.74378],[75.99843,11.7434],[75.99761,11.74253],[75.99692,11.74144],[75.99641,11.74098],[75.99615,11.74096],[75.9958,11.74119],[75.99521,11.7419],[75.99523,11.7427],[75.99547,11.74325],[75.9959,11.74382],[75.99662,11.74442],[75.99691,11.74487],[75.99678,11.74505],[75.99658,11.74509],[75.99565,11.74462],[75.99445,11.74453],[75.99409,11.74466],[75.99393,11.74519],[75.99421,11.74657],[75.99416,11.74673],[75.994,11.74687],[75.99305,11.74691],[75.99282,11.74701],[75.9924,11.74738],[75.99146,11.74902],[75.99058,11.75007],[75.98985,11.75037],[75.98952,11.75062],[75.98923,11.75073],[75.98894,11.75069],[75.9889,11.75033],[75.98908,11.74976],[75.98988,11.74877],[75.99184,11.74517],[75.99239,11.74464],[75.99272,11.74409],[75.99281,11.74329],[75.99241,11.74287],[75.99142,11.74308],[75.99001,11.74357],[75.98833,11.74439],[75.98814,11.74475],[75.98801,11.74563],[75.98823,11.74679],[75.98823,11.74704],[75.98804,11.74717],[75.98782,11.74708],[75.98737,11.74649],[75.98713,11.74584],[75.98677,11.74529],[75.98631,11.74506],[75.98591,11.74504],[75.98469,11.74534],[75.98398,11.74572],[75.9838,11.74606],[75.98386,11.74643],[75.98402,11.74672],[75.98399,11.74698],[75.98387,11.747],[75.98362,11.7468],[75.98314,11.74621],[75.98265,11.74595],[75.98189,11.74595],[75.98116,11.74616],[75.98022,11.74656],[75.97985,11.74683],[75.97932,11.74761],[75.97913,11.74854],[75.9788,11.7494],[75.97838,11.74965],[75.97771,11.74964],[75.97741,11.74982],[75.97669,11.75066],[75.97648,11.75115],[75.97631,11.75191],[75.97627,11.75311],[75.97663,11.75409],[75.97709,11.75496],[75.97691,11.75515],[75.97672,11.75511],[75.97583,11.75363],[75.97509,11.75319],[75.97446,11.75255],[75.97366,11.75228],[75.97337,11.75239],[75.97293,11.75283],[75.97272,11.75285],[75.97245,11.75272],[75.97228,11.75245],[75.9724,11.75228],[75.97355,11.75146],[75.97385,11.75153],[75.97465,11.75213],[75.97541,11.75197],[75.97589,11.75142],[75.97595,11.75049],[75.97606,11.75029],[75.97639,11.75016],[75.97678,11.74965],[75.97739,11.74858],[75.97753,11.74822],[75.97752,11.74791],[75.97716,11.74751],[75.97694,11.74744],[75.97614,11.74742],[75.97556,11.7476],[75.97533,11.74751],[75.97516,11.74723],[75.97517,11.74666],[75.97484,11.74616],[75.97423,11.74576],[75.9736,11.74559],[75.97343,11.74531],[75.97341,11.74486],[75.97319,11.74459],[75.97162,11.74358],[75.97146,11.74328],[75.97153,11.74222],[75.97183,11.7412],[75.97203,11.74093],[75.97243,11.74091],[75.97254,11.74215],[75.97301,11.74307],[75.97437,11.74385],[75.97495,11.74515],[75.97621,11.74637],[75.97675,11.7465],[75.97836,11.74652],[75.97919,11.74626],[75.97987,11.74591],[75.9801,11.7457],[75.98025,11.74523],[75.98022,11.74504],[75.97996,11.74477],[75.97985,11.74433],[75.98001,11.74403],[75.98034,11.74392],[75.98073,11.74418],[75.98071,11.74445],[75.98083,11.74481],[75.98116,11.74502],[75.98149,11.74504],[75.98257,11.74485],[75.9837,11.74435],[75.98433,11.74424],[75.98477,11.74401],[75.98484,11.74382],[75.98482,11.74334],[75.98465,11.743],[75.98415,11.74256],[75.98376,11.74237],[75.98319,11.74218],[75.98193,11.74197],[75.98029,11.7413],[75.97924,11.74075],[75.97823,11.74052],[75.97669,11.73999],[75.97564,11.73989],[75.97518,11.73966],[75.9751,11.73944],[75.97516,11.73928],[75.97554,11.73893],[75.97551,11.73841],[75.97514,11.73782],[75.9742,11.73698],[75.97405,11.73659],[75.97417,11.73639],[75.97465,11.73632],[75.97549,11.73715],[75.97585,11.73783],[75.97642,11.7386],[75.97743,11.7393],[75.97869,11.73947],[75.98083,11.74052],[75.98122,11.7405],[75.98143,11.74029],[75.98173,11.74023],[75.98195,11.74035],[75.98216,11.74071],[75.98238,11.74086],[75.98284,11.74086],[75.98302,11.74073],[75.98332,11.74039],[75.98345,11.73993],[75.98338,11.73936],[75.98232,11.73814],[75.9824,11.73778],[75.9825,11.73768],[75.9828,11.73766],[75.98326,11.73835],[75.98429,11.73957],[75.98423,11.7405],[75.98441,11.74102],[75.98488,11.7418],[75.98521,11.74212],[75.98602,11.74258],[75.98648,11.74273],[75.98676,11.74271],[75.98861,11.74201],[75.98911,11.74157],[75.98926,11.74117],[75.98899,11.74018],[75.98913,11.73993],[75.98949,11.73991],[75.98967,11.74001],[75.98997,11.74092],[75.99018,11.74121],[75.99048,11.74132],[75.99122,11.74102],[75.99258,11.74083],[75.99308,11.7405],[75.99432,11.74005],[75.99441,11.7399],[75.99437,11.73974],[75.99409,11.7395],[75.9934,11.73909],[75.99181,11.73847],[75.99132,11.73818],[75.98957,11.73696],[75.98776,11.73542],[75.98695,11.7351],[75.98672,11.73487],[75.98664,11.73462],[75.98664,11.73421],[75.98678,11.73399],[75.98703,11.73388],[75.98757,11.73401],[75.98867,11.73461],[75.98962,11.73545],[75.99061,11.73681],[75.99098,11.73706],[75.99159,11.73728],[75.99233,11.7377],[75.99365,11.73814],[75.99479,11.73803],[75.99525,11.7386],[75.99605,11.73873],[75.9966,11.73845],[75.99757,11.73761],[75.99816,11.7365],[75.99814,11.73617],[75.99703,11.73479],[75.99691,11.73457],[75.99691,11.73433],[75.99721,11.73425],[75.99892,11.73494],[75.9994,11.73496],[76.00001,11.73475],[76.00137,11.73355],[76.00272,11.73268],[76.00323,11.73202],[76.00404,11.7297],[76.00407,11.7294],[76.00423,11.72922],[76.00459,11.72932],[76.00533,11.72924],[76.00559,11.72909],[76.00593,11.7286],[76.00594,11.72834],[76.0058,11.72802],[76.00474,11.72667],[76.0043,11.72629],[76.00329,11.72584],[76.00287,11.7258],[76.00175,11.72594],[76.00056,11.72711],[76.00026,11.72755],[75.99996,11.72845],[75.9999,11.73007],[75.99969,11.73036],[75.99943,11.73063],[75.99842,11.73094],[75.99782,11.7313],[75.99768,11.73143],[75.99708,11.73275],[75.99679,11.73318],[75.99633,11.73351],[75.996,11.73356],[75.99538,11.73352],[75.99492,11.7333],[75.99436,11.73326],[75.99379,11.73307],[75.9933,11.73265],[75.993,11.73184],[75.99242,11.73162],[75.99235,11.73131],[75.99239,11.7312],[75.99313,11.73105],[75.99387,11.73139],[75.99474,11.73143],[75.99501,11.73133],[75.99559,11.73088],[75.99604,11.73039],[75.997,11.72998],[75.99762,11.72955],[75.99815,11.72909],[75.99841,11.7284],[75.99837,11.7275],[75.99796,11.72699],[75.99722,11.72671],[75.99619,11.72682],[75.99563,11.72709],[75.99501,11.72759],[75.99486,11.72787],[75.99483,11.72854],[75.99449,11.72886],[75.99413,11.72876],[75.99383,11.72829],[75.99347,11.72812],[75.99265,11.72819],[75.99223,11.72834],[75.9917,11.72912],[75.99134,11.73027],[75.99106,11.73026],[75.99059,11.73002],[75.99034,11.72963],[75.9903,11.72866],[75.99008,11.72789],[75.98984,11.72742],[75.98981,11.72686],[75.98995,11.72673],[75.99014,11.72671],[75.9923,11.72718],[75.99388,11.72705],[75.99418,11.72686],[75.9945,11.72628],[75.99458,11.72588],[75.99454,11.72539],[75.99422,11.72443],[75.9943,11.72413],[75.99451,11.72411],[75.99489,11.72438],[75.99551,11.72554],[75.99623,11.72579],[75.99712,11.72586],[75.9979,11.72586],[75.99856,11.72564],[75.99895,11.72536],[75.99976,11.72447],[75.99976,11.72324],[75.99925,11.72285],[75.99888,11.72272],[75.99798,11.72271],[75.99712,11.72252],[75.99583,11.7226],[75.99523,11.72233],[75.99474,11.72184],[75.99483,11.72159],[75.99499,11.72156],[75.99609,11.722],[75.99723,11.72199],[75.99818,11.72186],[75.99879,11.72139],[75.99918,11.72068],[75.99951,11.71933],[76.00082,11.71836],[76.00059,11.71751],[76.00007,11.71663],[76.0001,11.71641],[76.00081,11.71587],[76.00127,11.71526],[76.0014,11.71502],[76.00142,11.71448],[76.00122,11.71404],[76.00103,11.71387],[75.99995,11.71333],[75.99946,11.71328],[75.99862,11.71409],[75.99809,11.71506],[75.99786,11.71591],[75.99757,11.71645],[75.99721,11.7167],[75.99689,11.71677],[75.99638,11.7172],[75.99601,11.71809],[75.99609,11.71883],[75.99591,11.71925],[75.99542,11.71941],[75.99506,11.71906],[75.99464,11.71888],[75.99374,11.71922],[75.99275,11.71909],[75.99246,11.71917],[75.99212,11.71941],[75.99188,11.71969],[75.99149,11.72051],[75.99165,11.72177],[75.99196,11.72269],[75.99178,11.72299],[75.99149,11.72306],[75.99123,11.72298],[75.99107,11.72277],[75.99078,11.72133],[75.99057,11.72101],[75.99023,11.7208],[75.98975,11.7209],[75.98909,11.72185],[75.98899,11.7222],[75.9891,11.72306],[75.98895,11.72332],[75.98776,11.72332],[75.9874,11.72343],[75.9868,11.72435],[75.98665,11.72509],[75.98683,11.72575],[75.9871,11.72597],[75.98704,11.72638],[75.98689,11.72653],[75.98648,11.72664],[75.98567,11.72639],[75.98535,11.72642],[75.98464,11.72738],[75.98457,11.72777],[75.98491,11.72849],[75.98485,11.72874],[75.98466,11.72898],[75.98448,11.72894],[75.98407,11.72847],[75.9836,11.72854],[75.98328,11.72887],[75.9828,11.72971],[75.98275,11.73078],[75.98283,11.73118],[75.98357,11.73198],[75.98449,11.73263],[75.98457,11.73323],[75.98443,11.73331],[75.98406,11.7333],[75.9828,11.73242],[75.98235,11.7323],[75.98211,11.73235],[75.98169,11.73288],[75.98151,11.73294],[75.98052,11.73274],[75.98021,11.73292],[75.97951,11.733],[75.97888,11.73294],[75.97816,11.73254],[75.97807,11.73211],[75.9782,11.73197],[75.97952,11.73188],[75.98054,11.73135],[75.98087,11.73091],[75.98119,11.73033],[75.98121,11.72984],[75.98109,11.72944],[75.98054,11.72864],[75.98211,11.72867],[75.98241,11.72859],[75.98275,11.72822],[75.98338,11.7273],[75.98407,11.72588],[75.9844,11.72438],[75.98487,11.72387],[75.98531,11.72367],[75.98576,11.72309],[75.98704,11.72185],[75.98752,11.72101],[75.98774,11.71968],[75.98821,11.71885],[75.98862,11.7187],[75.98914,11.71899],[75.98952,11.71906],[75.98978,11.71899],[75.99078,11.71867],[75.99112,11.71841],[75.9915,11.7179],[75.99165,11.71726],[75.99177,11.71711],[75.99241,11.71743],[75.99277,11.71746],[75.99317,11.71738],[75.99409,11.71698],[75.99551,11.71551],[75.99557,11.71504],[75.99522,11.71467],[75.99517,11.71438],[75.99567,11.71393],[75.99596,11.71383],[75.99648,11.71441],[75.99693,11.71461],[75.99734,11.71444],[75.99751,11.71419],[75.99754,11.71367],[75.99715,11.7131],[75.99659,11.71268],[75.99724,11.71203],[75.99786,11.71249],[75.99822,11.71264],[75.99859,11.71254],[75.99934,11.71213],[76.00073,11.71201],[76.00088,11.71186],[76.00073,11.71127],[76.00027,11.71056],[75.99972,11.71019],[75.99939,11.71024],[75.99841,11.71075],[75.99809,11.71075],[75.99789,11.7107],[75.99691,11.70972],[75.99664,11.70968],[75.9964,11.70992],[75.99554,11.71001],[75.99455,11.71055],[75.99413,11.71068],[75.99307,11.71068],[75.9921,11.7105],[75.99186,11.71059],[75.99172,11.71086],[75.99183,11.71122],[75.99254,11.71183],[75.99343,11.71235],[75.99328,11.71275],[75.99306,11.71314],[75.99283,11.7133],[75.99175,11.71207],[75.99123,11.71204],[75.99038,11.71241],[75.99012,11.71259],[75.98978,11.71312],[75.98975,11.71346],[75.99019,11.71432],[75.99019,11.71452],[75.98997,11.71476],[75.98921,11.71492],[75.98891,11.71475],[75.98881,11.71443],[75.98891,11.71344],[75.98885,11.71307],[75.98849,11.71301],[75.98817,11.71309],[75.9878,11.71375],[75.98778,11.71404],[75.98785,11.71433],[75.98807,11.71464],[75.98807,11.71498],[75.98797,11.71509],[75.98704,11.71501],[75.98662,11.7153],[75.98643,11.71572],[75.98657,11.71624],[75.98765,11.71684],[75.98765,11.71703],[75.98709,11.71736],[75.98645,11.7175],[75.98514,11.71732],[75.98474,11.717],[75.98436,11.7173],[75.98364,11.71832],[75.98355,11.71858],[75.98361,11.71883],[75.98462,11.71984],[75.98453,11.72037],[75.98438,11.72047],[75.98421,11.72045],[75.98299,11.71998],[75.98242,11.71998],[75.98205,11.72003],[75.98154,11.72026],[75.9812,11.72052],[75.98106,11.72077],[75.98091,11.72147],[75.98101,11.72186],[75.98154,11.72259],[75.98263,11.72347],[75.98265,11.72395],[75.98226,11.72404],[75.9817,11.72398],[75.98013,11.7222],[75.97944,11.72228],[75.97902,11.72246],[75.97868,11.72278],[75.97831,11.72328],[75.97788,11.72424],[75.97788,11.72505],[75.97819,11.72589],[75.97847,11.72633],[75.97842,11.7266],[75.97827,11.7267],[75.97796,11.72669],[75.97707,11.72575],[75.97649,11.72546],[75.97594,11.72542],[75.97548,11.72559],[75.9752,11.72589],[75.97511,11.72618],[75.97511,11.72719],[75.97523,11.7276],[75.97597,11.72831],[75.97655,11.7287],[75.97655,11.72916],[75.97638,11.72931],[75.97616,11.72929],[75.97518,11.72838],[75.97489,11.72826],[75.97415,11.72824],[75.97366,11.72846],[75.97342,11.72868],[75.9732,11.729],[75.97315,11.72931],[75.97337,11.72983],[75.9733,11.73015],[75.97313,11.73039],[75.97193,11.73073],[75.97073,11.73139],[75.97007,11.73205],[75.96914,11.73274],[75.9688,11.73335],[75.96875,11.73392],[75.96887,11.73418],[75.96918,11.73455],[75.96987,11.73489],[75.96987,11.73533],[75.96953,11.73543],[75.96876,11.73472],[75.96813,11.73443],[75.96729,11.73457],[75.96682,11.73455],[75.96584,11.7339],[75.96536,11.73338],[75.96536,11.73316],[75.96561,11.73309],[75.96659,11.73326],[75.96786,11.73304],[75.96831,11.73274],[75.96943,11.73132],[75.97105,11.73059],[75.97176,11.7298],[75.97202,11.72924],[75.972,11.7287],[75.97147,11.72795],[75.97147,11.72773],[75.97163,11.72746],[75.97237,11.72775],[75.97303,11.7278],[75.97332,11.72767],[75.97359,11.72738],[75.97364,11.72657],[75.97285,11.7256],[75.97296,11.72527],[75.97408,11.7255],[75.97533,11.72488],[75.9756,11.72479],[75.97609,11.72481],[75.97634,11.72469],[75.97701,11.72307],[75.97757,11.72221],[75.9792,11.72112],[75.9802,11.71951],[75.98046,11.71928],[75.98136,11.71893],[75.98333,11.71667],[75.98404,11.71617],[75.98425,11.71588],[75.98449,11.71507],[75.9848,11.71462],[75.98567,11.71396],[75.98654,11.71278],[75.98696,11.71128],[75.98759,11.711],[75.98818,11.71039],[75.98877,11.71],[75.9889,11.70934],[75.98886,11.70902],[75.98818,11.70839],[75.98792,11.70832],[75.98759,11.70789],[75.98701,11.70754],[75.98553,11.70725],[75.98497,11.7073],[75.98481,11.70756],[75.98488,11.70853],[75.98475,11.70875],[75.98443,11.70894],[75.98384,11.70891],[75.9836,11.70904],[75.98315,11.70939],[75.98237,11.71045],[75.98218,11.7109],[75.98218,11.7114],[75.98244,11.71214],[75.98245,11.71271],[75.98231,11.71295],[75.98189,11.713],[75.98143,11.71263],[75.98094,11.71244],[75.98061,11.71238],[75.98046,11.71245],[75.98031,11.71274],[75.98033,11.71317],[75.97988,11.71401],[75.97996,11.71481],[75.9799,11.71504],[75.97957,11.71508],[75.97883,11.71432],[75.9785,11.71425],[75.97819,11.71425],[75.97781,11.71441],[75.9775,11.71472],[75.97738,11.7151],[75.97743,11.71543],[75.97824,11.71717],[75.97799,11.71728],[75.97765,11.71728],[75.97643,11.71596],[75.97591,11.7156],[75.97543,11.71553],[75.97479,11.71588],[75.97456,11.71619],[75.97417,11.71733],[75.97423,11.71793],[75.9746,11.71961],[75.97532,11.72066],[75.97517,11.72088],[75.97492,11.72101],[75.97381,11.721],[75.97337,11.72091],[75.97283,11.71997],[75.97234,11.71972],[75.97184,11.71978],[75.97153,11.71994],[75.97071,11.72071],[75.97041,11.72061],[75.9702,11.72017],[75.97041,11.71973],[75.97097,11.71919],[75.97244,11.71871],[75.97304,11.71781],[75.97316,11.7171],[75.97313,11.71648],[75.97287,11.7161],[75.97223,11.71584],[75.9714,11.71572],[75.97114,11.71555],[75.97088,11.71484],[75.97102,11.71427],[75.97133,11.71418],[75.97216,11.71422],[75.9734,11.71465],[75.97385,11.7147],[75.9747,11.7146],[75.97551,11.71418],[75.97674,11.71313],[75.97878,11.71183],[75.97895,11.71152],[75.97902,11.71092],[75.97893,11.71035],[75.97861,11.7099],[75.97743,11.70936],[75.97641,11.70924],[75.97615,11.70938],[75.97586,11.70988],[75.97547,11.71159],[75.97523,11.71173],[75.97484,11.71165],[75.97473,11.71156],[75.97471,11.71138],[75.97508,11.7104],[75.97513,11.70962],[75.97489,11.70938],[75.97456,11.70926],[75.97363,11.70937],[75.97351,11.70927],[75.97343,11.70898],[75.9736,11.70849],[75.97401,11.70786],[75.97438,11.70764],[75.97474,11.70759],[75.97513,11.70767],[75.97593,11.70813],[75.97789,11.70847],[75.97835,11.70874],[75.97906,11.70893],[75.98046,11.70885],[75.9813,11.7086],[75.98182,11.70824],[75.98235,11.70751],[75.98285,11.70653],[75.98358,11.70622],[75.98379,11.70604],[75.98382,11.7055],[75.98371,11.70527],[75.98334,11.70505],[75.97983,11.70495],[75.97806,11.70442],[75.97775,11.70399],[75.97768,11.70353],[75.97774,11.70289],[75.97794,11.70249],[75.97833,11.7021],[75.97846,11.7016],[75.97821,11.70127],[75.97791,11.70123],[75.97756,11.70145],[75.97729,11.70193],[75.977,11.70289],[75.97645,11.70367],[75.97628,11.7042],[75.97581,11.70491],[75.9757,11.70557],[75.97542,11.7061],[75.9752,11.70631],[75.9747,11.70657],[75.97202,11.70665],[75.97152,11.70671],[75.97101,11.70692],[75.97069,11.70732],[75.97012,11.70751],[75.96986,11.7077],[75.96931,11.70891],[75.96822,11.70936],[75.96779,11.70971],[75.96758,11.71038],[75.96761,11.71109],[75.96848,11.71197],[75.96851,11.71233],[75.96812,11.71233],[75.96748,11.71211],[75.96722,11.71221],[75.96708,11.71242],[75.96696,11.71335],[75.96703,11.71358],[75.96793,11.71441],[75.96891,11.71494],[75.96898,11.71525],[75.96874,11.71553],[75.96841,11.71553],[75.96734,11.71449],[75.96691,11.71427],[75.96613,11.71413],[75.96582,11.71444],[75.96565,11.71489],[75.96558,11.71596],[75.96592,11.71653],[75.9667,11.71726],[75.96798,11.71821],[75.96919,11.71947],[75.96931,11.71973],[75.9691,11.72004],[75.96886,11.71997],[75.96803,11.71897],[75.96689,11.71786],[75.96616,11.71738],[75.96568,11.71736],[75.96532,11.71752],[75.96499,11.71781],[75.96475,11.71826],[75.96454,11.71911],[75.96458,11.71957],[75.96509,11.72063],[75.96535,11.72097],[75.96672,11.72237],[75.96837,11.72372],[75.96844,11.72413],[75.96818,11.72428],[75.96767,11.72434],[75.96663,11.72384],[75.96629,11.72343],[75.96592,11.72249],[75.96544,11.72189],[75.96371,11.72018],[75.96342,11.72014],[75.96317,11.72025],[75.96266,11.72089],[75.96243,11.72132],[75.96236,11.72168],[75.96257,11.72215],[75.96381,11.72334],[75.96439,11.72414],[75.96442,11.7243],[75.9643,11.72445],[75.96403,11.72447],[75.96351,11.72439],[75.9633,11.72424],[75.96302,11.72431],[75.96269,11.72467],[75.96183,11.72616],[75.96166,11.72626],[75.96147,11.72624],[75.96132,11.72612],[75.96125,11.72583],[75.96191,11.72427],[75.96198,11.72279],[75.96188,11.72249],[75.96169,11.72234],[75.9612,11.72223],[75.96088,11.72227],[75.96053,11.72246],[75.96022,11.72341],[75.96018,11.72458],[75.95994,11.72553],[75.95908,11.72695],[75.95899,11.72753],[75.9588,11.72771],[75.95856,11.72764],[75.95839,11.72741],[75.95844,11.72688],[75.95872,11.72593],[75.95892,11.7256],[75.95922,11.72344],[75.95887,11.72211],[75.95794,11.72009],[75.95802,11.71867],[75.95798,11.71772],[75.95785,11.71717],[75.95732,11.71632],[75.95683,11.71437],[75.95644,11.71378],[75.95606,11.71344],[75.95564,11.71264],[75.95476,11.71152],[75.95441,11.71121],[75.95396,11.71086],[75.9531,11.71062],[75.95262,11.711],[75.95248,11.71133],[75.95238,11.71264],[75.95267,11.71344],[75.95348,11.71444],[75.9539,11.71473],[75.95428,11.71482],[75.95448,11.71501],[75.95448,11.71518],[75.95428,11.71548],[75.95414,11.7156],[75.95383,11.71563],[75.95353,11.71546],[75.95323,11.7151],[75.95229,11.71452],[75.95128,11.71329],[75.95095,11.71311],[75.95033,11.7134],[75.9499,11.71374],[75.94926,11.71458],[75.94916,11.71496],[75.9494,11.71545],[75.95055,11.71643],[75.95162,11.71699],[75.95227,11.71698],[75.95264,11.71684],[75.95289,11.71685],[75.95344,11.71727],[75.95473,11.71751],[75.95502,11.71769],[75.95531,11.71803],[75.95567,11.71876],[75.95634,11.71937],[75.95646,11.71966],[75.95634,11.72002],[75.95592,11.71941],[75.95555,11.71917],[75.95499,11.71905],[75.95473,11.71934],[75.95463,11.71983],[75.95465,11.72041],[75.95477,11.72105],[75.95534,11.72226],[75.95676,11.72387],[75.95676,11.72425],[75.95647,11.72426],[75.95619,11.72413],[75.95539,11.7233],[75.95469,11.72311],[75.95409,11.72319],[75.95366,11.72404],[75.95373,11.72441],[75.95436,11.72516],[75.9548,11.72548],[75.95606,11.72604],[75.95624,11.72628],[75.95597,11.72699],[75.95563,11.72703],[75.95536,11.72694],[75.95394,11.7258],[75.95312,11.72536],[75.9526,11.72537],[75.95237,11.72561],[75.95232,11.72611],[75.95295,11.72791],[75.95325,11.72828],[75.9541,11.7288],[75.95398,11.72909],[75.95381,11.72914],[75.95325,11.72899],[75.95283,11.72848],[75.95245,11.72824],[75.95197,11.72802],[75.95161,11.72801],[75.95143,11.72808],[75.95132,11.72831],[75.95138,11.72925],[75.95113,11.72957],[75.95087,11.72958],[75.95076,11.72949],[75.95073,11.72828],[75.95057,11.72788],[75.94991,11.7278],[75.94972,11.72759],[75.94986,11.72725],[75.951,11.72698],[75.95146,11.72657],[75.95169,11.72612],[75.95204,11.72418],[75.95231,11.7237],[75.95352,11.72244],[75.95366,11.72173],[75.95366,11.72083],[75.95358,11.71997],[75.95344,11.71956],[75.95326,11.7191],[75.95268,11.71827],[75.95212,11.71776],[75.95173,11.71755],[75.95007,11.71699],[75.94923,11.71645],[75.9487,11.71644],[75.94802,11.71698],[75.94728,11.71711],[75.94695,11.71707],[75.94588,11.71664],[75.94501,11.71663],[75.94428,11.71696],[75.94396,11.71722],[75.94372,11.71763],[75.94371,11.71805],[75.94382,11.71832],[75.94433,11.71878],[75.94618,11.71942],[75.94755,11.71976],[75.94798,11.72012],[75.94787,11.72041],[75.94725,11.72086],[75.94717,11.72119],[75.9472,11.72149],[75.94776,11.72232],[75.94803,11.72309],[75.94802,11.72355],[75.94736,11.72374],[75.94693,11.72341],[75.9465,11.72207],[75.9465,11.72161],[75.94622,11.72094],[75.94554,11.72081],[75.94518,11.72108],[75.94492,11.72167],[75.94468,11.72299],[75.94473,11.72381],[75.94505,11.72451],[75.94593,11.72537],[75.94601,11.72572],[75.94599,11.72584],[75.94542,11.72631],[75.94525,11.72657],[75.94501,11.72709],[75.94495,11.72754],[75.94471,11.72797],[75.94463,11.72851],[75.94489,11.72944],[75.94485,11.72989],[75.9446,11.72993],[75.94411,11.72927],[75.94379,11.72931],[75.94344,11.72969],[75.9431,11.72953],[75.94339,11.72873],[75.94419,11.72752],[75.94425,11.72717],[75.9436,11.72532],[75.94342,11.72425],[75.94323,11.72406],[75.94267,11.72414],[75.94261,11.72434],[75.9423,11.72466],[75.94193,11.72548],[75.94144,11.72611],[75.94095,11.72643],[75.94009,11.72674],[75.93918,11.72742],[75.93899,11.72766],[75.9387,11.72862],[75.93836,11.72848],[75.93798,11.7279],[75.93775,11.72773],[75.93667,11.72773],[75.93568,11.72805],[75.93472,11.72803],[75.93436,11.72787],[75.93397,11.72752],[75.93393,11.72704],[75.93407,11.72687],[75.93541,11.72698],[75.93582,11.72682],[75.93657,11.72672],[75.93737,11.72693],[75.9379,11.72696],[75.9386,11.72683],[75.93948,11.72626],[75.93977,11.72559],[75.93959,11.72489],[75.93876,11.72436],[75.93776,11.72428],[75.93745,11.72417],[75.93699,11.72385],[75.93688,11.72359],[75.93697,11.72324],[75.93812,11.72327],[75.93887,11.72369],[75.93929,11.7238],[75.93964,11.72378],[75.94021,11.72356],[75.94186,11.72374],[75.94321,11.72311],[75.94339,11.72289],[75.94352,11.72185],[75.94371,11.72168],[75.9443,11.72149],[75.945,11.72075],[75.94514,11.72045],[75.94511,11.72001],[75.94441,11.71948],[75.94382,11.71922],[75.94248,11.7193],[75.94203,11.7194],[75.94155,11.71964],[75.9412,11.71968],[75.94048,11.71943],[75.94026,11.71914],[75.94029,11.71868],[75.94042,11.7185],[75.94069,11.71841],[75.9412,11.71845],[75.94178,11.71868],[75.94211,11.71865],[75.94234,11.71847],[75.94216,11.71807],[75.94184,11.7179],[75.94143,11.7175],[75.94141,11.71719],[75.9416,11.71709],[75.94256,11.71709],[75.94264,11.71698],[75.94272,11.71668],[75.94249,11.71602],[75.94248,11.7157],[75.94251,11.71543],[75.94277,11.71516],[75.94324,11.71506],[75.94545,11.7154],[75.94626,11.71575],[75.94684,11.71629],[75.94719,11.71644],[75.94754,11.71639],[75.94834,11.71565],[75.94837,11.71497],[75.94752,11.71446],[75.94677,11.71428],[75.94518,11.71435],[75.94302,11.71376],[75.94256,11.71347],[75.94237,11.7132],[75.94235,11.71281],[75.94238,11.71262],[75.9428,11.71245],[75.94355,11.71272],[75.94415,11.71323],[75.94438,11.71331],[75.94468,11.71323],[75.9452,11.7128],[75.94633,11.7128],[75.94672,11.71254],[75.94675,11.71226],[75.94655,11.71178],[75.94604,11.71113],[75.9453,11.71052],[75.9453,11.71032],[75.9454,11.71022],[75.94601,11.71003],[75.94643,11.71004],[75.94658,11.7102],[75.94666,11.71076],[75.94683,11.71105],[75.94765,11.71146],[75.94852,11.71168],[75.94913,11.71169],[75.94998,11.71143],[75.95048,11.71094],[75.95055,11.71076],[75.95049,11.71017],[75.95078,11.70922],[75.95068,11.7085],[75.95058,11.70831],[75.95025,11.70817],[75.9501,11.70796],[75.94955,11.70666],[75.94908,11.70614],[75.94832,11.70554],[75.9484,11.70529],[75.94856,11.70518],[75.94892,11.70511],[75.94944,11.70545],[75.9497,11.70582],[75.95006,11.70588],[75.95029,11.70623],[75.95026,11.70672],[75.95038,11.70689],[75.95112,11.70689],[75.95128,11.70707],[75.9515,11.70763],[75.95135,11.70778],[75.95127,11.70871],[75.95157,11.70888],[75.95152,11.70914],[75.95113,11.70939],[75.95101,11.70972],[75.95099,11.71015],[75.95105,11.71054],[75.95123,11.71088],[75.95125,11.7114],[75.95065,11.71132],[75.95037,11.7114],[75.95073,11.71192],[75.94974,11.71252],[75.9496,11.7129],[75.94998,11.71313],[75.94997,11.71333],[75.9491,11.71368],[75.94868,11.71459],[75.94916,11.71374],[75.9501,11.71329],[75.95001,11.71307],[75.94976,11.71298],[75.94965,11.71281],[75.95012,11.71234],[75.95078,11.71196],[75.95084,11.71178],[75.95049,11.7114],[75.95113,11.71153],[75.95135,11.71149],[75.95136,11.71111],[75.95111,11.71033],[75.95107,11.70981],[75.95119,11.70942],[75.95166,11.70916],[75.9517,11.70901],[75.95141,11.7087],[75.95139,11.70804],[75.95161,11.70762],[75.95144,11.70728],[75.95221,11.70695],[75.95255,11.70733],[75.95274,11.70802],[75.95294,11.70834],[75.95317,11.70854],[75.9535,11.70846],[75.95358,11.70784],[75.95342,11.70755],[75.9533,11.70694],[75.95352,11.70589],[75.953,11.70553],[75.95256,11.7049],[75.95292,11.70434],[75.95275,11.7034],[75.95332,11.70253],[75.95409,11.70199],[75.95453,11.70197],[75.95511,11.70248],[75.95584,11.70288],[75.9565,11.70382],[75.95667,11.70395],[75.95708,11.704],[75.95811,11.70368],[75.95844,11.70347],[75.9593,11.70268],[75.95978,11.70197],[75.96004,11.70202],[75.96053,11.70253],[75.96104,11.70275],[75.96139,11.70267],[75.96186,11.70231],[75.96329,11.70222],[75.96347,11.702],[75.96329,11.70122],[75.96341,11.70109],[75.96361,11.70109],[75.96412,11.70134],[75.96487,11.70145],[75.96495,11.70254],[75.96518,11.7027],[75.96569,11.70265],[75.96609,11.70199],[75.96668,11.70206],[75.96716,11.70189],[75.96799,11.70191],[75.96817,11.70201],[75.96829,11.70225],[75.96834,11.70356],[75.96862,11.70399],[75.9688,11.7041],[75.96937,11.7041],[75.97061,11.70374],[75.97113,11.70372],[75.97126,11.70388],[75.97153,11.70501],[75.97167,11.7063],[75.97199,11.70646],[75.97318,11.70642],[75.97382,11.70654],[75.97415,11.70648],[75.97454,11.70619],[75.9747,11.70502],[75.97485,11.7047],[75.9756,11.70432],[75.97577,11.70397],[75.97674,11.70274],[75.97691,11.70202],[75.97662,11.70171],[75.97661,11.70137],[75.97795,11.70063],[75.97842,11.70062],[75.97927,11.7009],[75.97944,11.70101],[75.97958,11.70129],[75.97952,11.70144],[75.97927,11.70153],[75.97891,11.70187],[75.97857,11.70237],[75.9781,11.70382],[75.97813,11.70403],[75.97842,11.70439],[75.97893,11.70452],[75.98062,11.70443],[75.98287,11.70486],[75.98377,11.70463],[75.98482,11.70479],[75.98544,11.70445],[75.98578,11.70444],[75.98583,11.70464],[75.98561,11.70561],[75.98605,11.70639],[75.98667,11.70686],[75.98727,11.70713],[75.98803,11.70728],[75.98891,11.70728],[75.989,11.70738],[75.98891,11.70839],[75.9891,11.70887],[75.9893,11.71003],[75.98955,11.71042],[75.98978,11.71051],[75.99013,11.71044],[75.99047,11.70988],[75.99109,11.70953],[75.99339,11.70982],[75.99403,11.71032],[75.99448,11.71034],[75.99505,11.70992],[75.99554,11.7093],[75.99668,11.70876],[75.99725,11.70809],[75.99758,11.708],[75.99799,11.70854],[75.99806,11.70894],[75.99796,11.71042],[75.99814,11.71068],[75.99852,11.71069],[75.99889,11.7105],[76.00031,11.708],[76.00079,11.70763],[76.00112,11.70761],[76.00122,11.70787],[76.00117,11.70863],[76.00169,11.70956],[76.00195,11.71044],[76.00229,11.71096],[76.0029,11.71148],[76.00315,11.71183],[76.0038,11.71178],[76.00438,11.71127],[76.00468,11.71129],[76.00486,11.71311],[76.00491,11.7133],[76.0052,11.71363],[76.00558,11.71456],[76.0057,11.71532],[76.00565,11.71557],[76.00533,11.71604],[76.0048,11.71649],[76.00397,11.717],[76.00378,11.71735],[76.00375,11.71753],[76.00396,11.71816],[76.0045,11.71898],[76.00472,11.71911],[76.00675,11.71907],[76.0078,11.71839],[76.00833,11.71819],[76.00935,11.71816],[76.00964,11.71824],[76.01041,11.71863],[76.0106,11.71927],[76.01146,11.7204],[76.01189,11.72157],[76.01205,11.72177],[76.01337,11.72233],[76.01395,11.72231],[76.01426,11.72216],[76.01456,11.72194],[76.0152,11.72101],[76.01595,11.72044],[76.01641,11.72044],[76.017,11.72063],[76.01758,11.72114],[76.0182,11.72135],[76.0196,11.72155],[76.01962,11.72163],[76.01924,11.72209],[76.01794,11.72313],[76.01775,11.72367],[76.01778,11.72393],[76.01803,11.72416],[76.0187,11.72396],[76.01975,11.7241],[76.02019,11.72395],[76.02039,11.72362],[76.02061,11.72253],[76.02076,11.72242],[76.02345,11.72254],[76.02457,11.72265],[76.02559,11.72288],[76.02702,11.72416],[76.02721,11.72472],[76.02754,11.72508],[76.02793,11.72527],[76.02859,11.72518],[76.0291,11.72501],[76.03054,11.724],[76.03131,11.72367],[76.03188,11.7228],[76.03239,11.72167],[76.03255,11.72158],[76.03316,11.72217],[76.03413,11.72338],[76.03587,11.72476],[76.03749,11.72557],[76.03835,11.7256],[76.03861,11.72547],[76.039,11.72493],[76.03916,11.72396],[76.03892,11.72271],[76.03894,11.72242],[76.03957,11.72176],[76.03997,11.72154],[76.04022,11.72153],[76.0405,11.72156],[76.04125,11.72197],[76.04211,11.722],[76.0427,11.7219],[76.04412,11.72107],[76.04659,11.7194],[76.04762,11.71838],[76.04845,11.71786],[76.0507,11.71695],[76.05126,11.71704],[76.05157,11.71734],[76.05164,11.71777],[76.05137,11.71853],[76.05059,11.71948],[76.0504,11.71992],[76.05035,11.72053],[76.05052,11.72093],[76.05144,11.72163],[76.05174,11.72168],[76.05238,11.72166],[76.0535,11.72145],[76.05489,11.7215],[76.05624,11.72228],[76.05766,11.72336],[76.05794,11.72379],[76.05827,11.72407],[76.05914,11.72538],[76.05915,11.72585],[76.05888,11.72619],[76.05782,11.72625],[76.05566,11.72591],[76.05531,11.72596],[76.05463,11.72633],[76.05415,11.72677],[76.05386,11.72718],[76.05387,11.72769],[76.05415,11.72825],[76.05502,11.72867],[76.05587,11.72949],[76.05648,11.73071],[76.05727,11.73283],[76.05744,11.73301],[76.05782,11.7332],[76.05811,11.73354],[76.05948,11.73423],[76.05988,11.73425],[76.06283,11.73571],[76.06369,11.73636],[76.06487,11.73773],[76.06561,11.7378],[76.06683,11.73819],[76.06881,11.73791],[76.0691,11.738],[76.06985,11.73851],[76.07134,11.7397],[76.07205,11.73997],[76.07321,11.74008],[76.07447,11.74053],[76.07547,11.74144],[76.07591,11.74265],[76.07623,11.74324],[76.07645,11.7434],[76.07745,11.74329],[76.0784,11.74247],[76.07934,11.74214],[76.07962,11.74241],[76.0797,11.74275],[76.07989,11.74289],[76.08023,11.74293],[76.08064,11.74346],[76.08073,11.7439],[76.08068,11.74433],[76.08056,11.74452],[76.08017,11.74456],[76.07944,11.7444],[76.07887,11.74449],[76.07784,11.74518],[76.07748,11.74559],[76.07716,11.74651],[76.07711,11.74797],[76.07727,11.74848],[76.07769,11.7489],[76.07904,11.74941],[76.08097,11.75078],[76.08154,11.75145],[76.08147,11.75189],[76.08125,11.75218],[76.08098,11.75235],[76.08038,11.75234],[76.079,11.75194],[76.07834,11.75198],[76.07809,11.75208],[76.0779,11.75227],[76.07777,11.75264],[76.07755,11.75284],[76.07739,11.75325],[76.07732,11.75428],[76.07741,11.75495],[76.07772,11.75538],[76.07829,11.75585],[76.07938,11.75739],[76.07981,11.7582],[76.08067,11.75945],[76.08124,11.76068],[76.08154,11.76106],[76.08191,11.76201],[76.08198,11.76227],[76.08191,11.7632],[76.0816,11.76383],[76.0807,11.76518],[76.08067,11.76546],[76.0807,11.76659],[76.08128,11.76763],[76.08124,11.7686],[76.08097,11.76891],[76.08023,11.76918],[76.07903,11.7698],[76.07864,11.76984],[76.07807,11.76938],[76.07729,11.76835],[76.07687,11.76809],[76.07603,11.76804],[76.07518,11.76853],[76.07385,11.76987],[76.07283,11.77033],[76.07153,11.77141],[76.07049,11.77157],[76.06927,11.77206],[76.06913,11.77242],[76.06902,11.77337],[76.06912,11.77431],[76.06979,11.77767],[76.06995,11.77803],[76.07005,11.77865],[76.0706,11.78008],[76.07112,11.78095],[76.07262,11.78234],[76.07312,11.78327],[76.07323,11.78365],[76.07327,11.78441],[76.07316,11.7853],[76.07275,11.78613],[76.07254,11.78727],[76.07247,11.78804],[76.07265,11.78909],[76.0731,11.79017],[76.07349,11.79042],[76.07397,11.79111],[76.07456,11.79162],[76.07533,11.79255],[76.07601,11.79364],[76.07644,11.79405],[76.07689,11.79476],[76.07695,11.79508],[76.07687,11.79572],[76.07639,11.79698],[76.07574,11.79774],[76.0756,11.79776],[76.07536,11.79712],[76.07464,11.79607],[76.07278,11.79527],[76.07225,11.79475],[76.07214,11.79438],[76.0709,11.79252],[76.07053,11.79215],[76.07004,11.7919],[76.06937,11.79186],[76.06888,11.79197],[76.06802,11.7925],[76.06706,11.79339],[76.06631,11.79382],[76.06599,11.79387],[76.06511,11.79372],[76.06374,11.793],[76.06324,11.79283],[76.06208,11.79199],[76.06186,11.79165],[76.06182,11.79123],[76.062,11.79029],[76.06236,11.78936],[76.06244,11.78851],[76.06239,11.78789],[76.06221,11.78736],[76.06203,11.78527],[76.06184,11.78482],[76.06182,11.78429],[76.06155,11.78361],[76.06149,11.78302],[76.06124,11.78225],[76.06123,11.78195],[76.06139,11.78154],[76.06136,11.78107],[76.06119,11.7804],[76.06094,11.78005],[76.0607,11.77936],[76.06047,11.77672],[76.06015,11.77553],[76.05969,11.77502],[76.05902,11.77492],[76.05698,11.7754],[76.05555,11.77599],[76.05502,11.77645],[76.05461,11.77638],[76.0545,11.77633],[76.05444,11.77602],[76.05476,11.77402],[76.05447,11.77341],[76.05412,11.77296],[76.05367,11.77265],[76.05341,11.77263],[76.05312,11.77276],[76.05294,11.77301],[76.05278,11.77357],[76.05227,11.77436],[76.05148,11.77506],[76.05045,11.77632],[76.05033,11.77694],[76.04996,11.7778],[76.04903,11.77915],[76.04808,11.77922],[76.0464,11.77908],[76.04534,11.77917],[76.04255,11.7796],[76.04232,11.77965],[76.04205,11.77987],[76.04203,11.78037],[76.0424,11.78113],[76.04349,11.78261],[76.0444,11.78473],[76.04504,11.78563],[76.04561,11.78608],[76.04563,11.78635],[76.04523,11.78704],[76.04502,11.7872],[76.04475,11.78725],[76.04305,11.78711],[76.04273,11.78727],[76.04237,11.78765],[76.04234,11.78793],[76.04248,11.78866],[76.04244,11.7893],[76.04228,11.78988],[76.04102,11.79132],[76.03983,11.79334],[76.03913,11.79386],[76.03877,11.79454],[76.03816,11.79521],[76.03748,11.79733],[76.03722,11.79865],[76.03693,11.79953],[76.03689,11.80005],[76.03682,11.80041]],[[76.01711,11.77782],[76.01812,11.77882],[76.01877,11.77904],[76.01962,11.77908],[76.02041,11.7786],[76.02058,11.77828],[76.02087,11.77679],[76.02087,11.77468],[76.02071,11.77396],[76.01991,11.77308],[76.01957,11.77238],[76.0194,11.77137],[76.01937,11.77024],[76.01948,11.76957],[76.01955,11.76949],[76.0198,11.76953],[76.01994,11.77061],[76.02041,11.77238],[76.02064,11.7727],[76.0211,11.77303],[76.02128,11.77312],[76.02184,11.77314],[76.02319,11.77238],[76.02368,11.77171],[76.02417,11.77082],[76.0247,11.76913],[76.02477,11.76751],[76.02493,11.76674],[76.02488,11.76647],[76.02429,11.7663],[76.02379,11.76595],[76.02142,11.76281],[76.02027,11.76238],[76.01967,11.76243],[76.01942,11.76259],[76.01865,11.76346],[76.01827,11.7635],[76.01776,11.76318],[76.01731,11.76306],[76.0162,11.7631],[76.01573,11.76331],[76.01529,11.76362],[76.01465,11.76487],[76.01465,11.76512],[76.01501,11.7662],[76.01508,11.7669],[76.01478,11.76749],[76.01459,11.76765],[76.01364,11.76706],[76.01324,11.76702],[76.01212,11.76744],[76.01134,11.76753],[76.0112,11.76789],[76.01131,11.76856],[76.01183,11.76961],[76.01251,11.77143],[76.01417,11.7736],[76.01461,11.774],[76.0151,11.77402],[76.01524,11.77392],[76.01544,11.77375],[76.01571,11.7732],[76.01608,11.77215],[76.01615,11.77061],[76.01625,11.77037],[76.01658,11.77033],[76.01686,11.77061],[76.01693,11.77367],[76.0166,11.77535],[76.01659,11.7763],[76.01704,11.77773],[76.01711,11.77782]],[[75.95476,11.78892],[75.95473,11.78846],[75.95454,11.78804],[75.95347,11.78676],[75.95354,11.78629],[75.95439,11.78532],[75.9555,11.78368],[75.95742,11.78332],[75.95753,11.78286],[75.95742,11.78197],[75.95721,11.78161],[75.95674,11.78121],[75.95561,11.78066],[75.95502,11.78062],[75.95491,11.78074],[75.95489,11.78109],[75.95461,11.7811],[75.95417,11.78081],[75.95265,11.78057],[75.95199,11.78102],[75.95117,11.78135],[75.95077,11.78176],[75.95053,11.78226],[75.95043,11.78277],[75.95036,11.78362],[75.95046,11.78428],[75.95063,11.78457],[75.95136,11.78512],[75.9515,11.78537],[75.95161,11.78595],[75.95254,11.78721],[75.95322,11.78841],[75.95364,11.78882],[75.95465,11.78898],[75.95476,11.78892]],[[75.91714,11.78041],[75.91761,11.7803],[75.91779,11.78011],[75.91779,11.7799],[75.91722,11.77969],[75.91689,11.77944],[75.91622,11.77806],[75.91591,11.77784],[75.91531,11.77776],[75.91458,11.77745],[75.91331,11.77725],[75.91191,11.7773],[75.91149,11.77756],[75.91133,11.77785],[75.91156,11.77834],[75.91167,11.77944],[75.91242,11.78048],[75.91254,11.78093],[75.91253,11.78135],[75.91237,11.78156],[75.91207,11.7817],[75.91187,11.78167],[75.91134,11.78065],[75.91107,11.77987],[75.91079,11.77957],[75.91044,11.77951],[75.90907,11.78159],[75.90887,11.78228],[75.90903,11.78271],[75.90946,11.78308],[75.91023,11.7833],[75.91111,11.78391],[75.91164,11.7841],[75.91229,11.78417],[75.91271,11.78404],[75.9132,11.78355],[75.91373,11.78277],[75.91389,11.78228],[75.91471,11.78151],[75.91501,11.78132],[75.91561,11.78114],[75.91636,11.78055],[75.91704,11.78044],[75.91714,11.78041]],[[75.91502,11.77729],[75.91561,11.77728],[75.91574,11.77703],[75.91564,11.77627],[75.9153,11.77608],[75.9147,11.77621],[75.91435,11.77647],[75.9143,11.77678],[75.91437,11.77693],[75.91486,11.77724],[75.91502,11.77729]],[[76.05523,11.73512],[76.05592,11.73482],[76.05677,11.73417],[76.05663,11.73364],[76.0563,11.73329],[76.05499,11.73313],[76.05449,11.73334],[76.05395,11.73376],[76.05366,11.73431],[76.05373,11.73466],[76.05436,11.73505],[76.05482,11.73508],[76.05523,11.73512]],[[76.04803,11.72179],[76.04822,11.72217],[76.04852,11.72236],[76.0491,11.7224],[76.04982,11.72213],[76.04982,11.72142],[76.0494,11.72072],[76.04873,11.72063],[76.04846,11.72074],[76.04805,11.72117],[76.04798,11.72162],[76.04803,11.72179]],[[76.01891,11.72545],[76.01907,11.7252],[76.01907,11.725],[76.019,11.7245],[76.01887,11.72426],[76.018,11.72436],[76.0175,11.72425],[76.01722,11.72489],[76.01734,11.72609],[76.01747,11.72622],[76.01794,11.72607],[76.01873,11.72563],[76.01891,11.72545]],[[76.02292,11.7244],[76.0235,11.72467],[76.02408,11.72457],[76.02435,11.72426],[76.02438,11.72386],[76.02424,11.72336],[76.02346,11.723],[76.02302,11.7231],[76.02277,11.72373],[76.02281,11.7242],[76.02292,11.7244]],[[76.01648,11.72389],[76.01642,11.72359],[76.01605,11.72356],[76.01575,11.72372],[76.01537,11.72419],[76.01551,11.72557],[76.01574,11.72582],[76.01613,11.72582],[76.01643,11.72554],[76.01654,11.72506],[76.01651,11.72434],[76.01648,11.72389]],[[76.00825,11.72551],[76.00847,11.72536],[76.00872,11.72491],[76.00859,11.72389],[76.00811,11.72345],[76.00731,11.72319],[76.00684,11.72262],[76.00628,11.72253],[76.00566,11.72217],[76.00471,11.72181],[76.00411,11.72126],[76.00428,11.72073],[76.00452,11.72068],[76.0049,11.72079],[76.00575,11.72136],[76.00636,11.72145],[76.00653,11.72121],[76.00666,11.72069],[76.00664,11.72037],[76.00651,11.72015],[76.0063,11.71988],[76.00568,11.71941],[76.00439,11.71927],[76.00418,11.71917],[76.00384,11.71876],[76.00356,11.71809],[76.00358,11.71697],[76.00343,11.71669],[76.00271,11.71633],[76.0019,11.71654],[76.00163,11.71673],[76.00142,11.71714],[76.00148,11.71773],[76.00172,11.71861],[76.00195,11.71888],[76.00237,11.71913],[76.0025,11.71939],[76.00246,11.7196],[76.00199,11.71975],[76.00132,11.71926],[76.00101,11.71923],[76.00067,11.71935],[76.00034,11.71989],[76.00027,11.72097],[76.00033,11.72111],[76.00136,11.72214],[76.00182,11.72244],[76.00309,11.72277],[76.00404,11.7232],[76.00509,11.72389],[76.00541,11.724],[76.00687,11.72411],[76.00724,11.72449],[76.00736,11.72542],[76.00777,11.72559],[76.00806,11.72559],[76.00825,11.72551]],[[76.01029,11.72315],[76.0111,11.72324],[76.01157,11.72311],[76.01178,11.72292],[76.01178,11.72215],[76.0114,11.72126],[76.01059,11.72037],[76.00961,11.7196],[76.00932,11.71943],[76.00906,11.71943],[76.00889,11.71962],[76.00867,11.72062],[76.00866,11.72177],[76.00876,11.72239],[76.0092,11.72295],[76.01,11.72296],[76.01029,11.72315]],[[76.01508,11.72613],[76.01489,11.72598],[76.01461,11.72593],[76.01397,11.72591],[76.01319,11.72605],[76.0128,11.72654],[76.0125,11.72746],[76.01289,11.72799],[76.01384,11.72873],[76.01534,11.72915],[76.01583,11.72907],[76.01622,11.72887],[76.01637,11.72867],[76.01653,11.72816],[76.01655,11.72767],[76.01629,11.72724],[76.01577,11.72689],[76.01528,11.72633],[76.01508,11.72613]],[[76.03349,11.74076],[76.03255,11.73983],[76.03108,11.73796],[76.03075,11.7378],[76.03037,11.73782],[76.02946,11.73821],[76.02871,11.73885],[76.02733,11.74137],[76.02718,11.74184],[76.02722,11.74267],[76.02741,11.7432],[76.02775,11.74374],[76.02802,11.74399],[76.02942,11.74463],[76.02966,11.7449],[76.02964,11.74535],[76.02924,11.74599],[76.02925,11.7464],[76.02985,11.74679],[76.03093,11.74689],[76.03202,11.74785],[76.03323,11.74845],[76.03349,11.74847],[76.0341,11.74829],[76.03471,11.74775],[76.03553,11.7464],[76.03589,11.74605],[76.03675,11.74476],[76.03696,11.74406],[76.03686,11.74356],[76.03629,11.74264],[76.03555,11.74204],[76.0349,11.74185],[76.03447,11.74191],[76.03416,11.74215],[76.03396,11.74263],[76.03387,11.74342],[76.03368,11.74378],[76.03349,11.74373],[76.03283,11.74242],[76.03285,11.74219],[76.03354,11.74158],[76.03362,11.74107],[76.03349,11.74076]],[[75.97019,11.70652],[75.9704,11.70637],[75.97045,11.70577],[75.97034,11.70562],[75.96978,11.7056],[75.96919,11.70579],[75.96808,11.70589],[75.96753,11.70608],[75.9665,11.70698],[75.96641,11.70696],[75.96631,11.70662],[75.96672,11.70589],[75.96672,11.70529],[75.96658,11.70447],[75.96611,11.70357],[75.96608,11.70317],[75.96622,11.70288],[75.96602,11.7028],[75.96549,11.70285],[75.96501,11.70277],[75.96453,11.70208],[75.96434,11.702],[75.96386,11.70202],[75.96351,11.70256],[75.96337,11.70299],[75.96343,11.70352],[75.96372,11.70416],[75.96369,11.705],[75.96381,11.70558],[75.96428,11.70666],[75.96429,11.70692],[75.96407,11.70714],[75.96343,11.70716],[75.9631,11.70748],[75.96298,11.70781],[75.96249,11.70802],[75.96206,11.70807],[75.96169,11.70786],[75.96187,11.7068],[75.96246,11.70536],[75.96251,11.70503],[75.96266,11.70314],[75.96244,11.70288],[75.96185,11.70283],[75.96132,11.70294],[75.96013,11.70286],[75.95879,11.70355],[75.95787,11.70421],[75.95777,11.70478],[75.95837,11.70578],[75.95894,11.70824],[75.95901,11.71083],[75.95922,11.71154],[75.95946,11.71192],[75.95953,11.71233],[75.95943,11.71328],[75.95948,11.71392],[75.95994,11.71463],[75.96005,11.71506],[75.95991,11.71532],[75.95948,11.71492],[75.95882,11.71458],[75.95841,11.71468],[75.95811,11.71489],[75.95794,11.71539],[75.95794,11.71563],[75.95894,11.71781],[75.95894,11.71878],[75.95877,11.71945],[75.95877,11.72026],[75.95896,11.72064],[75.95946,11.72109],[75.95977,11.7213],[75.96029,11.7214],[75.96095,11.72125],[75.96122,11.72099],[75.96152,11.72018],[75.96155,11.7195],[75.96138,11.71864],[75.96141,11.7184],[75.96155,11.71829],[75.96198,11.71864],[75.96238,11.71881],[75.96302,11.71873],[75.9639,11.71798],[75.96452,11.71686],[75.96454,11.71579],[75.96402,11.71437],[75.96378,11.71418],[75.96349,11.7142],[75.96285,11.71463],[75.96255,11.71511],[75.96246,11.71546],[75.96215,11.71549],[75.96197,11.71531],[75.96195,11.71507],[75.96204,11.71492],[75.96275,11.71427],[75.96306,11.71376],[75.96297,11.71335],[75.96255,11.71279],[75.96253,11.71253],[75.96282,11.71204],[75.96295,11.71199],[75.96318,11.71209],[75.96346,11.71272],[75.96385,11.71308],[75.96497,11.71285],[75.96608,11.71233],[75.96639,11.71178],[75.96677,11.71021],[75.96672,11.70993],[75.96656,11.70971],[75.96582,11.70952],[75.96558,11.70933],[75.96556,11.70905],[75.96568,11.70874],[75.96587,11.7085],[75.96677,11.70871],[75.96772,11.70841],[75.96864,11.70783],[75.96968,11.70671],[75.97006,11.70659],[75.97019,11.70652]],[[75.9564,11.70662],[75.95641,11.7048],[75.95611,11.70415],[75.95472,11.70255],[75.95454,11.70242],[75.95397,11.70251],[75.95328,11.70337],[75.95309,11.70391],[75.95311,11.70471],[75.95331,11.70519],[75.95368,11.70566],[75.95381,11.70659],[75.95386,11.70729],[75.95371,11.70845],[75.95374,11.70894],[75.95386,11.70914],[75.95437,11.70939],[75.9547,11.70974],[75.95599,11.71214],[75.95659,11.71299],[75.95704,11.71335],[75.95734,11.71335],[75.95763,11.71309],[75.95782,11.71276],[75.95811,11.71186],[75.95825,11.71109],[75.95818,11.70993],[75.95794,11.70912],[75.95792,11.70832],[75.95742,11.70675],[75.95685,11.70689],[75.95657,11.70708],[75.95642,11.70758],[75.95649,11.70851],[75.95623,11.70891],[75.95599,11.70897],[75.95565,11.70891],[75.9555,11.70875],[75.9556,11.70831],[75.95609,11.70758],[75.95635,11.707],[75.9564,11.70662]],[[76.03199,11.72376],[76.03154,11.72424],[76.03156,11.72448],[76.03194,11.72493],[76.03227,11.72504],[76.03271,11.72479],[76.03288,11.72458],[76.03293,11.72426],[76.03284,11.72393],[76.03266,11.72378],[76.03217,11.7237],[76.03199,11.72376]]]]}},{"type":"Feature","properties":{"class":"Flood plain","fid":"21","landform":"Flood plain"},"geometry":{"type":"Polygon","coordinates":[[[76.08311,11.59772],[76.083,11.598],[76.08321,11.59842],[76.08316,11.59862],[76.08264,11.59844],[76.08242,11.59851],[76.0824,11.59876],[76.08251,11.59898],[76.08298,11.59933],[76.08297,11.59951],[76.08274,11.59975],[76.08277,11.59995],[76.08289,11.60003],[76.08336,11.60004],[76.08349,11.60028],[76.08301,11.60052],[76.08237,11.60041],[76.08196,11.60079],[76.0812,11.6009],[76.08084,11.60079],[76.08047,11.6004],[76.08013,11.60046],[76.07994,11.60088],[76.08014,11.60127],[76.08014,11.60173],[76.08045,11.60237],[76.08083,11.60274],[76.08085,11.60308],[76.08062,11.60313],[76.0804,11.60303],[76.08017,11.60264],[76.0799,11.60263],[76.07952,11.6028],[76.07947,11.60292],[76.07967,11.60325],[76.07953,11.60358],[76.07916,11.60362],[76.07882,11.60352],[76.07856,11.60359],[76.07832,11.60448],[76.07832,11.60472],[76.07847,11.60495],[76.07843,11.60509],[76.07825,11.60507],[76.07791,11.60453],[76.07771,11.60441],[76.07691,11.60469],[76.07661,11.60493],[76.07654,11.6059],[76.07636,11.60619],[76.07669,11.60681],[76.07665,11.60698],[76.07611,11.607],[76.07561,11.60682],[76.0754,11.607],[76.07525,11.60778],[76.07543,11.60849],[76.07536,11.6087],[76.07497,11.60859],[76.07442,11.60799],[76.07436,11.60767],[76.07443,11.60703],[76.07407,11.60624],[76.07357,11.60613],[76.07317,11.60591],[76.07261,11.60584],[76.07245,11.60553],[76.07251,11.60522],[76.07352,11.60458],[76.07408,11.60402],[76.07416,11.60336],[76.07407,11.60316],[76.07332,11.60289],[76.073,11.60291],[76.07256,11.60361],[76.07195,11.60363],[76.07156,11.6034],[76.07128,11.6029],[76.07102,11.60194],[76.07073,11.60198],[76.07029,11.60245],[76.07009,11.60243],[76.06905,11.60169],[76.06875,11.60168],[76.06836,11.60182],[76.0683,11.60221],[76.0686,11.60254],[76.06889,11.60261],[76.06895,11.60277],[76.06854,11.60297],[76.06841,11.60324],[76.06853,11.60351],[76.06886,11.6038],[76.06872,11.60432],[76.06886,11.60487],[76.0691,11.60517],[76.06956,11.6055],[76.06962,11.60618],[76.06988,11.60635],[76.07014,11.60738],[76.06911,11.60733],[76.06863,11.60692],[76.06829,11.60695],[76.0676,11.60753],[76.06769,11.60837],[76.06743,11.60904],[76.06714,11.60924],[76.06565,11.60926],[76.06483,11.60868],[76.06434,11.60871],[76.06399,11.60912],[76.0638,11.60898],[76.06386,11.60858],[76.06379,11.6085],[76.06314,11.6086],[76.06228,11.60927],[76.06216,11.61],[76.06188,11.61053],[76.06185,11.61102],[76.06216,11.61221],[76.06214,11.61246],[76.06195,11.61256],[76.06156,11.61246],[76.06072,11.61197],[76.06033,11.612],[76.05991,11.61219],[76.05979,11.61253],[76.05986,11.61332],[76.05976,11.61359],[76.05975,11.61411],[76.05955,11.61441],[76.05898,11.6149],[76.05903,11.61522],[76.05921,11.61535],[76.05979,11.61538],[76.06021,11.61561],[76.06047,11.6156],[76.06122,11.61527],[76.06158,11.61527],[76.06175,11.61545],[76.06109,11.61648],[76.06105,11.6167],[76.06119,11.61697],[76.06263,11.61748],[76.06386,11.61809],[76.06418,11.6184],[76.06472,11.61871],[76.06472,11.61892],[76.06442,11.61927],[76.06401,11.61945],[76.0633,11.6195],[76.06291,11.61963],[76.06291,11.62007],[76.06322,11.62038],[76.0631,11.62086],[76.06322,11.62106],[76.06355,11.62113],[76.06425,11.62105],[76.06446,11.6203],[76.06471,11.62031],[76.06515,11.62062],[76.06529,11.62097],[76.06532,11.62169],[76.06452,11.62168],[76.06437,11.62177],[76.06401,11.62215],[76.06406,11.62251],[76.06441,11.6231],[76.06662,11.62368],[76.06678,11.62397],[76.06694,11.62479],[76.06709,11.62511],[76.06745,11.62543],[76.06842,11.62583],[76.06842,11.627],[76.06821,11.62753],[76.06827,11.62795],[76.0688,11.6287],[76.06882,11.62903],[76.06837,11.62903],[76.06798,11.62849],[76.06772,11.62849],[76.06745,11.62828],[76.06698,11.62829],[76.06668,11.62842],[76.06654,11.6291],[76.06608,11.62949],[76.0648,11.62958],[76.0646,11.62969],[76.06456,11.63002],[76.06468,11.6302],[76.06559,11.63078],[76.06583,11.63113],[76.0659,11.63155],[76.06562,11.63214],[76.06487,11.63311],[76.06377,11.63348],[76.0637,11.63468],[76.0635,11.63471],[76.06326,11.6345],[76.06266,11.63429],[76.0618,11.63437],[76.06156,11.63469],[76.06158,11.63487],[76.0619,11.63529],[76.06188,11.63548],[76.06117,11.63571],[76.06084,11.63601],[76.06087,11.63657],[76.06121,11.63693],[76.0615,11.63695],[76.06198,11.63654],[76.06235,11.63675],[76.06247,11.63712],[76.06212,11.6377],[76.06212,11.6384],[76.06172,11.63855],[76.06081,11.63756],[76.06064,11.63744],[76.06022,11.6374],[76.05972,11.6376],[76.05964,11.63772],[76.0595,11.63804],[76.05934,11.63914],[76.05859,11.63891],[76.05829,11.63891],[76.05805,11.63893],[76.05752,11.63922],[76.05737,11.63964],[76.05761,11.64033],[76.05756,11.64055],[76.05735,11.64062],[76.05683,11.64057],[76.05657,11.6407],[76.05656,11.6409],[76.05671,11.64122],[76.05711,11.6416],[76.0571,11.64181],[76.05673,11.64235],[76.05665,11.64243],[76.05605,11.64249],[76.05487,11.64231],[76.05485,11.64263],[76.055,11.64308],[76.0546,11.64311],[76.05398,11.64296],[76.05385,11.64305],[76.05383,11.64323],[76.05394,11.64341],[76.05458,11.64399],[76.05473,11.64442],[76.05467,11.64475],[76.0539,11.64484],[76.05372,11.64502],[76.05305,11.64525],[76.05242,11.64705],[76.05221,11.64723],[76.05176,11.64737],[76.05122,11.64733],[76.05091,11.64741],[76.05071,11.64796],[76.05066,11.64874],[76.05097,11.65066],[76.05084,11.65086],[76.04991,11.65076],[76.04966,11.65085],[76.04963,11.65106],[76.04971,11.65126],[76.04998,11.65145],[76.05068,11.65151],[76.05094,11.65163],[76.05107,11.65194],[76.05119,11.655],[76.05145,11.65536],[76.05201,11.65574],[76.05223,11.65623],[76.05215,11.65666],[76.05194,11.65693],[76.05086,11.65686],[76.05068,11.65718],[76.05068,11.65741],[76.05163,11.65828],[76.05187,11.6584],[76.05188,11.65878],[76.05147,11.65882],[76.05129,11.65862],[76.05116,11.65815],[76.05095,11.6579],[76.05071,11.65786],[76.04962,11.65867],[76.04985,11.65961],[76.04983,11.65997],[76.04963,11.66024],[76.04859,11.66045],[76.04807,11.66114],[76.04807,11.66141],[76.04852,11.66238],[76.0485,11.66276],[76.04839,11.66285],[76.04802,11.66274],[76.04751,11.66198],[76.04683,11.66197],[76.04631,11.66213],[76.04571,11.66272],[76.04523,11.66341],[76.0447,11.66396],[76.04429,11.66413],[76.0437,11.66378],[76.04312,11.66362],[76.04294,11.66364],[76.04274,11.66386],[76.04274,11.66412],[76.04309,11.66439],[76.04348,11.6649],[76.04352,11.66537],[76.04312,11.66567],[76.04262,11.66641],[76.04231,11.66758],[76.04209,11.66785],[76.04126,11.6681],[76.0409,11.66847],[76.04079,11.6687],[76.04084,11.66892],[76.04119,11.6694],[76.04118,11.6697],[76.04026,11.67033],[76.0403,11.67177],[76.04063,11.67238],[76.04082,11.67303],[76.04076,11.67437],[76.04045,11.67485],[76.04023,11.67501],[76.0399,11.6749],[76.03976,11.6738],[76.03954,11.67354],[76.03921,11.67335],[76.03891,11.6733],[76.03876,11.67342],[76.03849,11.67412],[76.03817,11.67434],[76.03783,11.67435],[76.03634,11.67402],[76.03618,11.67406],[76.03603,11.67422],[76.03603,11.67438],[76.03682,11.67503],[76.03711,11.67568],[76.03763,11.67561],[76.03805,11.67571],[76.03823,11.67593],[76.03824,11.67632],[76.03796,11.67668],[76.03752,11.67803],[76.03726,11.67818],[76.03701,11.67815],[76.03633,11.67787],[76.03587,11.67791],[76.03545,11.67781],[76.03519,11.67755],[76.03486,11.67754],[76.0341,11.67812],[76.03386,11.67858],[76.03389,11.67879],[76.03426,11.67921],[76.03477,11.67951],[76.03504,11.67988],[76.03502,11.68001],[76.03489,11.6801],[76.03453,11.68003],[76.03452,11.67966],[76.0343,11.67928],[76.03393,11.6792],[76.03268,11.67947],[76.03256,11.67968],[76.0325,11.68029],[76.03164,11.68053],[76.03124,11.68121],[76.03108,11.6813],[76.0309,11.6813],[76.03046,11.68108],[76.03007,11.68063],[76.02991,11.68026],[76.02928,11.6798],[76.02898,11.67982],[76.02816,11.68017],[76.02788,11.68016],[76.02734,11.67994],[76.02717,11.68004],[76.02747,11.68063],[76.02743,11.68192],[76.02739,11.68215],[76.02709,11.68255],[76.02707,11.68286],[76.02804,11.68331],[76.028,11.68354],[76.02719,11.68436],[76.02656,11.68438],[76.02613,11.68419],[76.02585,11.68381],[76.0257,11.68376],[76.02556,11.68385],[76.02549,11.6839],[76.02549,11.68424],[76.02586,11.68496],[76.02586,11.68516],[76.02565,11.68538],[76.0252,11.68541],[76.02482,11.68512],[76.02482,11.68332],[76.02414,11.68296],[76.02371,11.68298],[76.02363,11.68329],[76.02401,11.68404],[76.02401,11.68424],[76.02385,11.68446],[76.02345,11.68444],[76.02317,11.68403],[76.02286,11.68381],[76.02266,11.68343],[76.0225,11.68286],[76.02232,11.68133],[76.02194,11.68106],[76.02075,11.68054],[76.01915,11.67951],[76.01872,11.67919],[76.01822,11.67843],[76.01827,11.67823],[76.01852,11.67798],[76.01941,11.67755],[76.0196,11.67719],[76.01901,11.67613],[76.01901,11.67562],[76.01912,11.67525],[76.02047,11.67469],[76.02115,11.67415],[76.02156,11.67422],[76.02201,11.67444],[76.02243,11.67444],[76.02336,11.67413],[76.02468,11.67435],[76.02515,11.67388],[76.02516,11.67361],[76.02497,11.67332],[76.02462,11.67305],[76.02455,11.67273],[76.02432,11.67255],[76.02353,11.67255],[76.02257,11.67213],[76.02225,11.67181],[76.02219,11.67127],[76.02255,11.67054],[76.02272,11.6704],[76.02297,11.66886],[76.02275,11.66868],[76.02257,11.66823],[76.02247,11.66761],[76.02186,11.66726],[76.02074,11.66718],[76.02038,11.66699],[76.02014,11.66655],[76.02023,11.66627],[76.02063,11.66605],[76.02165,11.66582],[76.0222,11.66558],[76.02269,11.66487],[76.02279,11.66449],[76.02275,11.66402],[76.02287,11.66403],[76.02312,11.66429],[76.02356,11.6651],[76.02449,11.6656],[76.02489,11.66603],[76.02497,11.66633],[76.02531,11.66655],[76.02592,11.66659],[76.02682,11.66641],[76.02707,11.66628],[76.02712,11.66612],[76.02712,11.66578],[76.02702,11.6656],[76.02552,11.66465],[76.02486,11.66412],[76.02482,11.66333],[76.02522,11.66314],[76.02631,11.66292],[76.02648,11.66281],[76.02653,11.6626],[76.02642,11.66211],[76.02619,11.66184],[76.02548,11.66138],[76.02516,11.66092],[76.02467,11.66054],[76.02439,11.66012],[76.02417,11.65951],[76.0243,11.65912],[76.02495,11.65842],[76.02603,11.65689],[76.02604,11.6565],[76.02509,11.6559],[76.025,11.65576],[76.02486,11.65493],[76.02493,11.65435],[76.02515,11.65439],[76.0263,11.65533],[76.02651,11.65536],[76.02669,11.65524],[76.02664,11.65477],[76.02603,11.65411],[76.02588,11.65339],[76.02517,11.65245],[76.02495,11.6519],[76.02498,11.65158],[76.02538,11.65124],[76.02595,11.65036],[76.02664,11.64971],[76.02664,11.64962],[76.02637,11.64939],[76.02452,11.64867],[76.02399,11.64834],[76.02333,11.64775],[76.02327,11.64739],[76.02354,11.6471],[76.02448,11.64682],[76.02522,11.64647],[76.0254,11.64629],[76.02542,11.6461],[76.0252,11.64584],[76.02435,11.64525],[76.02358,11.64485],[76.02304,11.64473],[76.02216,11.64485],[76.02209,11.64457],[76.02259,11.64341],[76.02313,11.64277],[76.02457,11.6421],[76.02497,11.64208],[76.02615,11.6425],[76.02738,11.6426],[76.02844,11.64239],[76.02928,11.64235],[76.02945,11.64228],[76.02946,11.64183],[76.02858,11.64119],[76.02812,11.64063],[76.02722,11.64016],[76.02434,11.64037],[76.0238,11.64026],[76.02365,11.63996],[76.02374,11.63941],[76.02346,11.63899],[76.02343,11.63824],[76.02238,11.63728],[76.02088,11.63634],[76.02089,11.63595],[76.02164,11.63494],[76.02165,11.63465],[76.02147,11.63438],[76.02088,11.63403],[76.01989,11.63394],[76.01918,11.63372],[76.01868,11.63328],[76.01857,11.63305],[76.01869,11.63283],[76.02036,11.63215],[76.0205,11.63192],[76.0205,11.63159],[76.02018,11.6313],[76.01883,11.63127],[76.01726,11.63138],[76.01699,11.63121],[76.01696,11.63091],[76.01748,11.63003],[76.01748,11.62979],[76.01734,11.62949],[76.01714,11.62936],[76.01624,11.62927],[76.01456,11.62849],[76.01352,11.6282],[76.01202,11.62817],[76.01083,11.62872],[76.01051,11.62861],[76.01014,11.62819],[76.01,11.62781],[76.01009,11.62613],[76.01028,11.62596],[76.01156,11.62605],[76.01183,11.62582],[76.01212,11.62688],[76.01261,11.6274],[76.01285,11.62747],[76.01329,11.62725],[76.01344,11.62703],[76.01353,11.62634],[76.01329,11.62561],[76.01342,11.62541],[76.01365,11.62551],[76.01393,11.6259],[76.01433,11.6262],[76.01479,11.62611],[76.01503,11.62579],[76.01511,11.62553],[76.01501,11.62519],[76.01421,11.62468],[76.01431,11.62437],[76.01465,11.62397],[76.01438,11.62361],[76.01436,11.62324],[76.01471,11.62315],[76.01538,11.62337],[76.01566,11.62337],[76.01596,11.62314],[76.01691,11.62203],[76.01709,11.62134],[76.017,11.62067],[76.01685,11.62042],[76.01615,11.61995],[76.01611,11.61948],[76.01631,11.61934],[76.01683,11.61965],[76.01711,11.61969],[76.0177,11.61942],[76.01857,11.61777],[76.01857,11.61745],[76.01828,11.61689],[76.01828,11.61656],[76.0187,11.61618],[76.01939,11.61601],[76.01962,11.6158],[76.01974,11.61545],[76.0196,11.61472],[76.01926,11.61389],[76.01931,11.61375],[76.01997,11.61318],[76.02029,11.61237],[76.02034,11.61197],[76.02032,11.6117],[76.01972,11.61062],[76.01958,11.61011],[76.0198,11.60994],[76.02008,11.61011],[76.02051,11.61081],[76.0212,11.61264],[76.02148,11.613],[76.02193,11.61314],[76.02238,11.61303],[76.02305,11.61225],[76.02335,11.61142],[76.02308,11.61037],[76.02229,11.60901],[76.02238,11.60893],[76.02301,11.60888],[76.02343,11.60863],[76.02367,11.60861],[76.02385,11.60976],[76.02417,11.61024],[76.02477,11.61054],[76.02567,11.61038],[76.02634,11.60976],[76.02645,11.60939],[76.02647,11.60851],[76.02576,11.60656],[76.02587,11.60629],[76.02626,11.60617],[76.02663,11.60631],[76.02751,11.60749],[76.02756,11.60775],[76.02728,11.60812],[76.02724,11.60867],[76.02738,11.6091],[76.02768,11.60939],[76.02824,11.60951],[76.02895,11.60916],[76.02917,11.60916],[76.02947,11.60935],[76.02959,11.60991],[76.02983,11.61016],[76.03058,11.61012],[76.03101,11.60968],[76.03111,11.60896],[76.03105,11.60865],[76.03017,11.60682],[76.02892,11.60547],[76.02866,11.60505],[76.02857,11.6048],[76.02866,11.60417],[76.02879,11.60413],[76.0292,11.60431],[76.02952,11.60432],[76.02982,11.60421],[76.03009,11.6039],[76.03037,11.60387],[76.03039,11.605],[76.03065,11.60589],[76.03148,11.60662],[76.03208,11.60672],[76.03262,11.60642],[76.03311,11.60538],[76.03315,11.60477],[76.03304,11.60439],[76.03239,11.60376],[76.0324,11.60344],[76.03265,11.60279],[76.03278,11.60204],[76.03309,11.6016],[76.03336,11.60173],[76.03352,11.60196],[76.03368,11.60276],[76.03387,11.60302],[76.03439,11.60332],[76.03516,11.60334],[76.03553,11.60315],[76.03597,11.60243],[76.03675,11.60196],[76.0375,11.60186],[76.0379,11.60197],[76.03836,11.60234],[76.03831,11.60267],[76.03809,11.60292],[76.03741,11.60327],[76.0374,11.60369],[76.03717,11.60383],[76.03625,11.60389],[76.03579,11.60402],[76.03553,11.60429],[76.03509,11.60551],[76.03471,11.60606],[76.03431,11.60642],[76.03371,11.60675],[76.03304,11.60739],[76.03282,11.60798],[76.03277,11.60831],[76.03284,11.60854],[76.03343,11.60922],[76.0341,11.60909],[76.03567,11.60825],[76.03579,11.60774],[76.03606,11.60728],[76.03638,11.60705],[76.03753,11.60696],[76.03844,11.60656],[76.03864,11.60616],[76.03858,11.60482],[76.03877,11.60457],[76.03928,11.60441],[76.03951,11.60419],[76.04048,11.60225],[76.04086,11.60111],[76.04137,11.60051],[76.04182,11.60063],[76.04195,11.60111],[76.04128,11.60229],[76.04066,11.60406],[76.04074,11.60421],[76.04132,11.60435],[76.04162,11.60418],[76.04211,11.60364],[76.04307,11.60319],[76.04393,11.60258],[76.0446,11.6014],[76.04522,11.59898],[76.0455,11.59853],[76.04584,11.59823],[76.04716,11.59805],[76.04766,11.59783],[76.04873,11.59756],[76.04965,11.59756],[76.05154,11.59702],[76.05183,11.59702],[76.05217,11.59718],[76.0524,11.59743],[76.05243,11.59766],[76.0522,11.59808],[76.05127,11.5987],[76.051,11.59929],[76.051,11.59949],[76.05125,11.59988],[76.05219,11.60056],[76.05213,11.60076],[76.05176,11.60093],[76.05103,11.60107],[76.0505,11.60098],[76.05007,11.60051],[76.04997,11.60019],[76.04998,11.59967],[76.04974,11.59896],[76.04935,11.59857],[76.04865,11.59829],[76.04758,11.59842],[76.04695,11.59863],[76.04639,11.59904],[76.04594,11.59972],[76.04585,11.60039],[76.04601,11.60143],[76.04585,11.60216],[76.04552,11.6028],[76.04556,11.60327],[76.04654,11.60423],[76.04684,11.60438],[76.04801,11.60414],[76.04858,11.6038],[76.04902,11.6041],[76.04917,11.60438],[76.04919,11.60474],[76.04901,11.60499],[76.04845,11.60471],[76.04828,11.60472],[76.04803,11.60501],[76.04809,11.60577],[76.04847,11.60648],[76.04846,11.60682],[76.04835,11.6069],[76.04814,11.60692],[76.04771,11.60655],[76.04719,11.60583],[76.04689,11.60515],[76.04607,11.60434],[76.04525,11.60396],[76.04339,11.60412],[76.04263,11.60446],[76.04131,11.60572],[76.04076,11.60593],[76.03996,11.60598],[76.0397,11.60614],[76.03962,11.60625],[76.0396,11.60673],[76.03971,11.60753],[76.03955,11.60777],[76.03841,11.60794],[76.03739,11.60825],[76.03604,11.60911],[76.0357,11.60949],[76.03506,11.60978],[76.0346,11.61017],[76.0341,11.61044],[76.03364,11.61062],[76.03263,11.61076],[76.03181,11.61118],[76.03154,11.61176],[76.03149,11.61227],[76.0315,11.61242],[76.03183,11.61292],[76.03235,11.61327],[76.03359,11.61341],[76.03365,11.61417],[76.0357,11.61579],[76.03619,11.61628],[76.03638,11.61653],[76.03635,11.61674],[76.03616,11.61685],[76.03406,11.61588],[76.03383,11.61562],[76.03365,11.61512],[76.03311,11.61429],[76.03271,11.61398],[76.03212,11.6137],[76.03121,11.61354],[76.0306,11.61382],[76.03014,11.61422],[76.02966,11.61513],[76.02892,11.61583],[76.02848,11.61598],[76.02792,11.61585],[76.02721,11.61543],[76.0266,11.6152],[76.02503,11.61404],[76.02454,11.61387],[76.02321,11.61394],[76.02207,11.61437],[76.0219,11.61454],[76.02169,11.61504],[76.02148,11.61616],[76.02154,11.61652],[76.02184,11.61694],[76.02258,11.6174],[76.02368,11.61774],[76.02565,11.6179],[76.0259,11.61815],[76.02584,11.61843],[76.0252,11.61887],[76.02501,11.6192],[76.02501,11.61971],[76.02488,11.61986],[76.02467,11.61978],[76.02438,11.61936],[76.02343,11.61843],[76.02306,11.61822],[76.0223,11.61795],[76.02181,11.61788],[76.02122,11.61797],[76.0208,11.61822],[76.02032,11.61896],[76.0202,11.61954],[76.02021,11.61981],[76.02045,11.62028],[76.0204,11.6205],[76.01939,11.6209],[76.01878,11.62131],[76.01842,11.62213],[76.01838,11.62268],[76.01852,11.62314],[76.01875,11.62336],[76.01955,11.62378],[76.01959,11.62396],[76.01939,11.62407],[76.01826,11.62371],[76.01794,11.62378],[76.01736,11.62463],[76.01734,11.62526],[76.01752,11.62554],[76.01771,11.62573],[76.01881,11.6263],[76.01892,11.62639],[76.01889,11.62657],[76.01856,11.62667],[76.01741,11.62597],[76.01637,11.62576],[76.01577,11.62611],[76.01547,11.62648],[76.01527,11.62703],[76.01529,11.62766],[76.01541,11.62803],[76.01599,11.62847],[76.01665,11.62862],[76.01771,11.62858],[76.01807,11.62877],[76.0181,11.62918],[76.01769,11.62987],[76.01754,11.63041],[76.01758,11.63093],[76.01772,11.63105],[76.01817,11.63114],[76.01901,11.63094],[76.01988,11.63087],[76.02068,11.6312],[76.02116,11.6316],[76.02136,11.63158],[76.02184,11.63109],[76.02221,11.6295],[76.02215,11.62899],[76.02184,11.62851],[76.02132,11.62827],[76.0206,11.62812],[76.02051,11.62791],[76.02071,11.62764],[76.02156,11.62713],[76.02168,11.62685],[76.02174,11.6262],[76.02209,11.62574],[76.02229,11.62582],[76.02239,11.62604],[76.02203,11.62677],[76.02199,11.62749],[76.02211,11.62811],[76.02242,11.62858],[76.02261,11.62869],[76.02294,11.6287],[76.02457,11.62807],[76.0249,11.62766],[76.02482,11.62687],[76.0252,11.62666],[76.02594,11.62654],[76.02658,11.62615],[76.02679,11.62592],[76.02684,11.62563],[76.02675,11.6253],[76.02642,11.62474],[76.02653,11.62444],[76.02737,11.62403],[76.02758,11.62414],[76.02775,11.62453],[76.02803,11.62466],[76.02934,11.62454],[76.02948,11.62472],[76.02948,11.62499],[76.02922,11.62516],[76.02841,11.6253],[76.02794,11.62554],[76.02771,11.62586],[76.02769,11.62646],[76.02792,11.62675],[76.02822,11.62692],[76.03046,11.62695],[76.03091,11.62707],[76.03094,11.62733],[76.03074,11.62741],[76.02911,11.62733],[76.02886,11.62746],[76.02872,11.62796],[76.02882,11.62908],[76.02856,11.62953],[76.02837,11.62957],[76.02774,11.62928],[76.0277,11.62912],[76.02789,11.62837],[76.02786,11.62804],[76.02762,11.62773],[76.0265,11.62749],[76.02617,11.62759],[76.0257,11.62801],[76.02551,11.62844],[76.0256,11.62889],[76.02583,11.62908],[76.0267,11.62925],[76.02689,11.62939],[76.02684,11.62969],[76.02654,11.62982],[76.02633,11.63008],[76.02625,11.63031],[76.02635,11.63084],[76.02629,11.63099],[76.02602,11.63111],[76.02568,11.63101],[76.02541,11.6303],[76.02482,11.62953],[76.02425,11.62925],[76.02363,11.6293],[76.02296,11.62987],[76.02248,11.63103],[76.02242,11.63161],[76.02203,11.63214],[76.02202,11.63247],[76.02221,11.63302],[76.02218,11.63395],[76.02183,11.63472],[76.02173,11.63518],[76.02133,11.6357],[76.02128,11.63619],[76.0216,11.63654],[76.02225,11.63684],[76.02358,11.63803],[76.0238,11.63903],[76.02392,11.63911],[76.02423,11.63906],[76.02441,11.63887],[76.02459,11.63834],[76.02471,11.63739],[76.02466,11.63705],[76.02404,11.6357],[76.02393,11.63495],[76.02322,11.63373],[76.0239,11.633],[76.02423,11.63281],[76.02449,11.63296],[76.02499,11.63385],[76.02498,11.63516],[76.02527,11.63533],[76.02573,11.63507],[76.02738,11.63334],[76.02826,11.63278],[76.02869,11.63287],[76.02882,11.63311],[76.02898,11.634],[76.02914,11.63426],[76.03007,11.63452],[76.03016,11.63463],[76.03013,11.63514],[76.03001,11.63531],[76.02961,11.63534],[76.02877,11.63493],[76.02777,11.63512],[76.02734,11.63498],[76.02694,11.6351],[76.02661,11.63531],[76.02637,11.63564],[76.02607,11.63635],[76.026,11.63684],[76.02615,11.63709],[76.02826,11.63814],[76.02852,11.63813],[76.02887,11.63792],[76.02915,11.63732],[76.02957,11.63728],[76.02971,11.63738],[76.02978,11.63765],[76.02972,11.63904],[76.02947,11.63938],[76.0292,11.63951],[76.02836,11.6395],[76.02767,11.63905],[76.02737,11.63858],[76.02695,11.63819],[76.02622,11.63791],[76.02584,11.63797],[76.02559,11.63812],[76.02515,11.63876],[76.0253,11.63924],[76.02569,11.6395],[76.02621,11.63965],[76.02692,11.63966],[76.0275,11.6398],[76.02823,11.64025],[76.02895,11.64038],[76.02912,11.64049],[76.03164,11.64049],[76.03227,11.64081],[76.03268,11.64154],[76.03303,11.64191],[76.03402,11.64233],[76.03448,11.64237],[76.03476,11.64228],[76.03513,11.64188],[76.03611,11.64038],[76.03658,11.63992],[76.0367,11.6394],[76.03654,11.63905],[76.03616,11.63874],[76.03549,11.63859],[76.03507,11.63859],[76.0331,11.63907],[76.03314,11.63893],[76.0338,11.63837],[76.03407,11.63787],[76.03439,11.63701],[76.03454,11.63537],[76.03479,11.63501],[76.035,11.63494],[76.03517,11.63645],[76.03545,11.63728],[76.03569,11.63755],[76.03667,11.63824],[76.03714,11.639],[76.03736,11.63918],[76.03793,11.63932],[76.03818,11.63923],[76.03838,11.63892],[76.03842,11.63849],[76.03857,11.63846],[76.03902,11.63882],[76.03936,11.63891],[76.04049,11.63876],[76.04145,11.63927],[76.04234,11.63952],[76.04258,11.6397],[76.04279,11.63989],[76.04279,11.64062],[76.04331,11.64089],[76.04353,11.64089],[76.04403,11.64068],[76.0451,11.63989],[76.04536,11.63985],[76.0457,11.63999],[76.04585,11.64023],[76.04588,11.64053],[76.04558,11.64135],[76.04565,11.6419],[76.04537,11.64223],[76.0437,11.64197],[76.04226,11.64161],[76.04162,11.64124],[76.04118,11.64075],[76.04073,11.6405],[76.03965,11.6405],[76.03847,11.64021],[76.03773,11.64031],[76.03717,11.64055],[76.03673,11.64085],[76.03641,11.64127],[76.03625,11.64174],[76.03623,11.64274],[76.03648,11.64311],[76.03709,11.64346],[76.03963,11.64401],[76.04027,11.644],[76.04157,11.64338],[76.04207,11.64327],[76.04268,11.64341],[76.04313,11.64383],[76.0431,11.64436],[76.04291,11.64477],[76.04256,11.64492],[76.04189,11.64483],[76.04158,11.64507],[76.04137,11.64552],[76.04151,11.64595],[76.04195,11.6467],[76.04198,11.64703],[76.04184,11.64733],[76.04157,11.64736],[76.04121,11.64724],[76.03867,11.64518],[76.03764,11.64483],[76.03699,11.64476],[76.03593,11.64508],[76.03549,11.64538],[76.03507,11.64577],[76.03478,11.64621],[76.03466,11.64661],[76.03454,11.6471],[76.03468,11.6474],[76.03517,11.64776],[76.03568,11.64796],[76.03654,11.6478],[76.0368,11.64784],[76.03706,11.64812],[76.03734,11.64896],[76.038,11.64961],[76.03921,11.65056],[76.04059,11.65081],[76.04088,11.65101],[76.04089,11.65137],[76.04052,11.65143],[76.03977,11.6513],[76.03916,11.65219],[76.03872,11.65226],[76.03838,11.65205],[76.03822,11.65096],[76.03806,11.65057],[76.03765,11.65005],[76.03715,11.64976],[76.03641,11.64982],[76.03599,11.65009],[76.03572,11.65005],[76.03541,11.64967],[76.03488,11.64855],[76.03423,11.64845],[76.0339,11.64881],[76.03366,11.6488],[76.03326,11.64826],[76.03289,11.64808],[76.03254,11.64803],[76.03185,11.6483],[76.03114,11.64907],[76.03099,11.64951],[76.03099,11.65025],[76.03127,11.65114],[76.0321,11.65205],[76.03263,11.65279],[76.03349,11.65359],[76.03461,11.65421],[76.03505,11.65485],[76.03515,11.65544],[76.03503,11.65578],[76.03436,11.65672],[76.0337,11.65736],[76.03338,11.65819],[76.03349,11.65855],[76.03387,11.65886],[76.03424,11.65898],[76.03498,11.65893],[76.03539,11.65877],[76.03558,11.65857],[76.03641,11.6568],[76.03692,11.65608],[76.03713,11.6556],[76.03697,11.65526],[76.03695,11.65487],[76.03799,11.65392],[76.03828,11.65394],[76.03802,11.65499],[76.03808,11.65577],[76.03856,11.65627],[76.03944,11.65682],[76.0394,11.65707],[76.03892,11.65722],[76.0379,11.65673],[76.03768,11.65671],[76.03743,11.65683],[76.03672,11.65764],[76.03652,11.65847],[76.03657,11.65896],[76.03681,11.65933],[76.03731,11.65958],[76.03831,11.65935],[76.03848,11.65939],[76.03865,11.6595],[76.03908,11.66013],[76.03927,11.66017],[76.0397,11.66011],[76.04001,11.65968],[76.0401,11.65969],[76.04018,11.65983],[76.04001,11.66135],[76.0401,11.66164],[76.04037,11.66194],[76.04086,11.66236],[76.04164,11.66266],[76.04284,11.66289],[76.04341,11.66283],[76.04364,11.66272],[76.04421,11.66196],[76.04425,11.66141],[76.04401,11.66078],[76.04356,11.66038],[76.04324,11.66021],[76.04233,11.66024],[76.04205,11.66002],[76.04193,11.65971],[76.04195,11.65939],[76.04242,11.65903],[76.04269,11.65868],[76.04295,11.65817],[76.04295,11.65787],[76.04269,11.65712],[76.04221,11.65655],[76.04128,11.65591],[76.04126,11.65572],[76.04137,11.65549],[76.04151,11.65546],[76.04309,11.65615],[76.04364,11.65594],[76.04384,11.65569],[76.04382,11.65551],[76.04344,11.65483],[76.04219,11.65356],[76.04208,11.65314],[76.04212,11.65293],[76.04234,11.65278],[76.04262,11.65279],[76.04341,11.6532],[76.04361,11.65346],[76.04415,11.65467],[76.0451,11.65545],[76.04533,11.65556],[76.04606,11.65549],[76.0464,11.65558],[76.04675,11.6559],[76.04682,11.65619],[76.04674,11.65641],[76.0465,11.65661],[76.04593,11.65684],[76.04559,11.65718],[76.04484,11.65836],[76.04472,11.65874],[76.04472,11.65948],[76.04491,11.66011],[76.04559,11.66084],[76.04574,11.66123],[76.046,11.66143],[76.04678,11.66116],[76.04743,11.6611],[76.04762,11.66095],[76.0481,11.65998],[76.04867,11.65965],[76.04894,11.6591],[76.04898,11.65842],[76.04954,11.65791],[76.04955,11.65757],[76.0492,11.6571],[76.04919,11.65678],[76.04927,11.65668],[76.04972,11.65663],[76.05073,11.65688],[76.05112,11.65665],[76.05124,11.65642],[76.05072,11.6552],[76.05055,11.6542],[76.05013,11.65392],[76.04918,11.65356],[76.04863,11.65354],[76.04826,11.65373],[76.04792,11.65425],[76.0476,11.65421],[76.04743,11.65408],[76.04728,11.65356],[76.04686,11.65277],[76.04616,11.65193],[76.04623,11.65156],[76.04672,11.65111],[76.04678,11.65088],[76.04686,11.65023],[76.04667,11.64978],[76.04604,11.64898],[76.04536,11.64861],[76.04498,11.64856],[76.04499,11.64831],[76.0452,11.64789],[76.04539,11.64767],[76.0456,11.6476],[76.04575,11.64762],[76.04598,11.64783],[76.04665,11.64871],[76.04709,11.64901],[76.04788,11.64922],[76.04842,11.64922],[76.04891,11.64919],[76.04953,11.64898],[76.0506,11.64772],[76.05108,11.64695],[76.05116,11.64652],[76.05109,11.64638],[76.05026,11.64579],[76.04961,11.64519],[76.04956,11.64503],[76.04975,11.64375],[76.04998,11.64357],[76.05024,11.64364],[76.0505,11.6446],[76.05198,11.64588],[76.05232,11.6459],[76.05286,11.64508],[76.0538,11.64453],[76.05384,11.64427],[76.05353,11.64321],[76.05352,11.64275],[76.05276,11.64246],[76.05206,11.64235],[76.05217,11.64176],[76.05236,11.64162],[76.05216,11.64129],[76.05195,11.64116],[76.05168,11.64117],[76.05128,11.64139],[76.05107,11.64129],[76.05073,11.64033],[76.04988,11.63933],[76.04998,11.63892],[76.05081,11.63885],[76.05149,11.63855],[76.05215,11.63869],[76.05247,11.63911],[76.05258,11.63968],[76.05318,11.64039],[76.05441,11.64075],[76.05502,11.64075],[76.05534,11.64046],[76.05556,11.63982],[76.05555,11.63909],[76.05536,11.63801],[76.05486,11.6371],[76.05438,11.63662],[76.05378,11.63607],[76.05269,11.63535],[76.05292,11.63524],[76.05371,11.63526],[76.05453,11.63542],[76.05499,11.63566],[76.05554,11.63656],[76.05618,11.6383],[76.05629,11.63842],[76.05672,11.6385],[76.05743,11.63845],[76.05774,11.6383],[76.05836,11.63733],[76.05982,11.63666],[76.06013,11.63621],[76.06016,11.63597],[76.05968,11.63485],[76.05861,11.63371],[76.05715,11.6331],[76.05606,11.63299],[76.05499,11.63269],[76.05494,11.63241],[76.0551,11.63215],[76.05592,11.63207],[76.0563,11.63189],[76.0564,11.63154],[76.05635,11.63082],[76.05583,11.62997],[76.05509,11.62918],[76.05398,11.62862],[76.05368,11.62824],[76.05365,11.62758],[76.05379,11.62731],[76.05417,11.62715],[76.05453,11.62735],[76.05469,11.62775],[76.05527,11.62862],[76.05592,11.6293],[76.05673,11.62988],[76.05767,11.63091],[76.05803,11.63147],[76.05921,11.63232],[76.05949,11.63234],[76.05993,11.6323],[76.06009,11.63216],[76.06022,11.63116],[76.05996,11.6303],[76.05959,11.6296],[76.05903,11.62915],[76.05883,11.62882],[76.05913,11.628],[76.05885,11.62719],[76.05898,11.62712],[76.05938,11.62724],[76.06013,11.628],[76.06066,11.62887],[76.06139,11.6304],[76.06146,11.63073],[76.06127,11.63176],[76.06127,11.63247],[76.06154,11.63279],[76.06219,11.63289],[76.06253,11.6327],[76.0631,11.63194],[76.06345,11.63176],[76.0638,11.63183],[76.06448,11.63221],[76.06501,11.63197],[76.06512,11.63154],[76.06419,11.63009],[76.0641,11.62964],[76.06425,11.62899],[76.06463,11.62878],[76.06566,11.62893],[76.06628,11.62879],[76.06671,11.62801],[76.06678,11.62748],[76.06692,11.62727],[76.06785,11.6267],[76.06788,11.62647],[76.06767,11.62609],[76.0667,11.62496],[76.06564,11.62423],[76.06488,11.62357],[76.06426,11.62324],[76.06381,11.62273],[76.06331,11.62259],[76.06311,11.6226],[76.06279,11.62283],[76.06273,11.62334],[76.06299,11.62396],[76.06317,11.62411],[76.0637,11.62427],[76.06393,11.62457],[76.06396,11.62499],[76.06377,11.62512],[76.06271,11.62513],[76.06239,11.62521],[76.06175,11.62561],[76.06128,11.62557],[76.06112,11.62535],[76.06115,11.62517],[76.06179,11.62461],[76.06194,11.62431],[76.06183,11.62386],[76.06157,11.62365],[76.06095,11.62343],[76.05874,11.62322],[76.05809,11.62327],[76.0573,11.62365],[76.05522,11.6241],[76.05414,11.62379],[76.05346,11.62387],[76.05183,11.62496],[76.05059,11.6256],[76.05016,11.626],[76.04958,11.62686],[76.04869,11.62753],[76.04813,11.62741],[76.04753,11.62701],[76.0475,11.62645],[76.04772,11.62606],[76.04915,11.62537],[76.05049,11.62496],[76.05121,11.62454],[76.05139,11.62433],[76.05147,11.62376],[76.05164,11.62339],[76.05185,11.62321],[76.05421,11.6228],[76.05499,11.62278],[76.05664,11.62294],[76.05736,11.62274],[76.05766,11.62248],[76.05776,11.62225],[76.05769,11.62189],[76.0574,11.62153],[76.0556,11.62077],[76.05548,11.62055],[76.05556,11.62036],[76.05585,11.62027],[76.05733,11.62098],[76.05902,11.62236],[76.0594,11.62246],[76.06014,11.62239],[76.06114,11.62212],[76.06149,11.62191],[76.06183,11.62151],[76.06203,11.62093],[76.06187,11.62031],[76.06153,11.61989],[76.06161,11.61969],[76.06179,11.61963],[76.06219,11.61979],[76.06232,11.61973],[76.0628,11.61941],[76.06318,11.61884],[76.06276,11.618],[76.06184,11.61735],[76.06122,11.61719],[76.06095,11.61702],[76.06077,11.6166],[76.06062,11.61647],[76.05967,11.61655],[76.05875,11.61687],[76.05854,11.61674],[76.05852,11.61641],[76.05879,11.61601],[76.05887,11.61565],[76.05871,11.61489],[76.05843,11.61458],[76.0579,11.61433],[76.05656,11.6144],[76.05628,11.61444],[76.05605,11.61461],[76.05598,11.61492],[76.05604,11.61515],[76.05643,11.61554],[76.05656,11.61587],[76.05644,11.61616],[76.05593,11.61663],[76.05618,11.61788],[76.05612,11.61843],[76.05555,11.61913],[76.05505,11.61944],[76.05431,11.61932],[76.05398,11.6191],[76.05372,11.61872],[76.05366,11.61827],[76.05375,11.61812],[76.05424,11.61806],[76.05469,11.61787],[76.05509,11.61708],[76.05503,11.61648],[76.05457,11.61609],[76.05332,11.61555],[76.05304,11.61455],[76.05244,11.61398],[76.05262,11.61385],[76.05333,11.61421],[76.05425,11.61447],[76.05465,11.61438],[76.05551,11.61365],[76.05594,11.61366],[76.05648,11.61382],[76.05717,11.61382],[76.05793,11.61368],[76.05875,11.61376],[76.05893,11.61365],[76.05902,11.61338],[76.05881,11.613],[76.05832,11.61271],[76.05831,11.61255],[76.05812,11.6123],[76.05732,11.61176],[76.05694,11.61132],[76.05699,11.61082],[76.05718,11.61069],[76.05756,11.61082],[76.05949,11.6122],[76.05964,11.61217],[76.05994,11.61166],[76.06018,11.61155],[76.06075,11.61156],[76.06129,11.61188],[76.06153,11.61187],[76.06166,11.61173],[76.06177,11.60995],[76.06168,11.60949],[76.06148,11.60931],[76.06025,11.60895],[76.05953,11.60863],[76.05918,11.60828],[76.05883,11.60767],[76.05885,11.60703],[76.05876,11.60677],[76.0583,11.60628],[76.05819,11.60583],[76.05863,11.60495],[76.05891,11.6041],[76.05978,11.60325],[76.06028,11.60202],[76.06166,11.60122],[76.06209,11.60072],[76.06262,11.59979],[76.06273,11.59912],[76.06292,11.59878],[76.0632,11.59901],[76.06331,11.59949],[76.06455,11.60111],[76.06468,11.60151],[76.0643,11.6017],[76.06162,11.60199],[76.06114,11.60217],[76.06025,11.60292],[76.05985,11.60412],[76.05891,11.60537],[76.05886,11.60563],[76.05932,11.60663],[76.06014,11.6072],[76.06121,11.60837],[76.06183,11.60871],[76.06255,11.60846],[76.06282,11.6082],[76.06326,11.60799],[76.06371,11.60794],[76.06422,11.60803],[76.06466,11.60823],[76.06548,11.60882],[76.06672,11.60898],[76.0671,11.60877],[76.06728,11.60844],[76.06728,11.60787],[76.06738,11.60754],[76.06779,11.60692],[76.06773,11.60628],[76.0674,11.60605],[76.06648,11.60586],[76.0653,11.60603],[76.06403,11.60648],[76.06373,11.60647],[76.06361,11.60616],[76.06386,11.60568],[76.06528,11.60468],[76.06537,11.60439],[76.06539,11.60308],[76.06568,11.60284],[76.066,11.60286],[76.06636,11.60319],[76.06663,11.60393],[76.06685,11.60424],[76.06761,11.60503],[76.06812,11.6058],[76.06866,11.60639],[76.06906,11.60653],[76.06929,11.60639],[76.06911,11.60547],[76.06861,11.60491],[76.06839,11.60452],[76.06801,11.60305],[76.06797,11.60224],[76.06781,11.60175],[76.06784,11.60136],[76.06788,11.60111],[76.06821,11.60066],[76.06851,11.60071],[76.0701,11.60197],[76.07029,11.60198],[76.07075,11.60163],[76.071,11.60162],[76.07118,11.60176],[76.07135,11.60252],[76.07154,11.60276],[76.07198,11.60299],[76.07242,11.60305],[76.07289,11.60264],[76.07325,11.60209],[76.07358,11.60198],[76.07432,11.60222],[76.07448,11.60243],[76.07448,11.6027],[76.07426,11.60403],[76.07345,11.60494],[76.07334,11.60546],[76.07337,11.6057],[76.0735,11.60584],[76.07411,11.60616],[76.07427,11.60634],[76.07443,11.60662],[76.07458,11.6074],[76.07477,11.60754],[76.07503,11.60737],[76.07536,11.60666],[76.07614,11.60606],[76.0763,11.60511],[76.07669,11.60454],[76.07699,11.60428],[76.07761,11.60422],[76.07798,11.60429],[76.07813,11.60419],[76.07844,11.6035],[76.07903,11.60293],[76.07959,11.60224],[76.07979,11.60185],[76.07976,11.60076],[76.07962,11.60008],[76.0792,11.59908],[76.07923,11.59773],[76.07867,11.59718],[76.0787,11.59695],[76.07893,11.59685],[76.07935,11.59694],[76.07978,11.59714],[76.08036,11.59769],[76.08019,11.59948],[76.08041,11.60001],[76.08084,11.60031],[76.08133,11.6004],[76.08173,11.6004],[76.08218,11.60013],[76.08234,11.59977],[76.0822,11.5986],[76.08258,11.59807],[76.08303,11.59773],[76.08311,11.59772]],[[76.03941,11.66294],[76.03844,11.66127],[76.03783,11.66057],[76.03717,11.66006],[76.03662,11.65995],[76.03561,11.66011],[76.03505,11.66033],[76.03481,11.66063],[76.03473,11.66102],[76.03476,11.66265],[76.03664,11.66432],[76.03751,11.66485],[76.03764,11.66514],[76.0378,11.66624],[76.03816,11.66699],[76.03876,11.66735],[76.0394,11.6674],[76.04025,11.6666],[76.0404,11.6663],[76.04041,11.66585],[76.03941,11.66294]],[[76.03368,11.65984],[76.03249,11.65878],[76.03181,11.65842],[76.0305,11.65743],[76.02984,11.65714],[76.02856,11.65679],[76.02799,11.65628],[76.02769,11.65634],[76.02711,11.65689],[76.02618,11.65739],[76.02547,11.65795],[76.02521,11.65833],[76.02505,11.65884],[76.02515,11.65931],[76.0257,11.66021],[76.02673,11.6613],[76.02725,11.66163],[76.028,11.66188],[76.02831,11.6618],[76.0288,11.6615],[76.02914,11.66146],[76.02995,11.66211],[76.03075,11.66245],[76.03165,11.66276],[76.03286,11.663],[76.03351,11.66302],[76.03378,11.66274],[76.03382,11.66112],[76.034,11.66058],[76.03392,11.66026],[76.03368,11.65984]],[[76.03043,11.65628],[76.03185,11.65684],[76.03264,11.65684],[76.03336,11.65662],[76.0339,11.65627],[76.03416,11.65598],[76.03434,11.65566],[76.03439,11.65485],[76.03419,11.65448],[76.03387,11.65418],[76.03345,11.65396],[76.03171,11.65352],[76.03101,11.65359],[76.02981,11.65414],[76.02952,11.65441],[76.02934,11.65475],[76.02934,11.65561],[76.0295,11.65586],[76.02998,11.65618],[76.03043,11.65628]],[[76.02815,11.65408],[76.02876,11.6535],[76.02935,11.65241],[76.02976,11.65104],[76.02984,11.64988],[76.02966,11.64909],[76.02936,11.6488],[76.02911,11.64862],[76.02814,11.64845],[76.02734,11.64867],[76.0272,11.6488],[76.02684,11.64974],[76.02648,11.65034],[76.02598,11.65092],[76.02595,11.65114],[76.02601,11.65139],[76.02614,11.65148],[76.02664,11.65101],[76.02699,11.65086],[76.02726,11.65091],[76.02753,11.65111],[76.02758,11.6514],[76.02692,11.65286],[76.02689,11.65347],[76.02742,11.65405],[76.02781,11.65414],[76.02815,11.65408]],[[76.02613,11.64902],[76.02695,11.64854],[76.02744,11.64777],[76.02765,11.64764],[76.02785,11.64763],[76.0283,11.64789],[76.02976,11.6483],[76.03008,11.64826],[76.03045,11.64801],[76.03117,11.6472],[76.03131,11.64666],[76.03121,11.64631],[76.03082,11.64592],[76.03007,11.6454],[76.02879,11.64516],[76.02856,11.64483],[76.02859,11.64469],[76.02882,11.64453],[76.02907,11.6445],[76.0297,11.6447],[76.03046,11.6447],[76.03217,11.64596],[76.03257,11.64588],[76.03322,11.64532],[76.03342,11.64462],[76.03338,11.6441],[76.03309,11.64314],[76.03146,11.64139],[76.03095,11.64115],[76.0305,11.64124],[76.03014,11.64151],[76.02995,11.64189],[76.02998,11.64208],[76.03043,11.64265],[76.03042,11.64273],[76.03017,11.64273],[76.02999,11.64288],[76.02814,11.643],[76.02512,11.64251],[76.02468,11.64253],[76.02419,11.64269],[76.0239,11.6429],[76.02384,11.64382],[76.02395,11.64409],[76.0246,11.64472],[76.02571,11.64529],[76.02674,11.64639],[76.0267,11.64664],[76.02632,11.64684],[76.0252,11.64691],[76.02438,11.64748],[76.02434,11.64792],[76.02452,11.64834],[76.02528,11.64882],[76.02602,11.64903],[76.02613,11.64902]],[[76.03072,11.66323],[76.02965,11.66313],[76.02829,11.66329],[76.02731,11.66365],[76.02668,11.66403],[76.02637,11.66434],[76.02634,11.66456],[76.02655,11.66481],[76.02791,11.66518],[76.02823,11.66571],[76.02823,11.66587],[76.0279,11.6662],[76.02753,11.66623],[76.02728,11.66662],[76.02686,11.66679],[76.02505,11.66677],[76.0238,11.66607],[76.02341,11.66596],[76.02252,11.66596],[76.02178,11.66623],[76.02169,11.66654],[76.02176,11.66682],[76.02291,11.66765],[76.02298,11.66785],[76.02288,11.66824],[76.02303,11.66863],[76.02323,11.66863],[76.02362,11.66837],[76.02395,11.66828],[76.02448,11.66834],[76.02646,11.66981],[76.02691,11.67092],[76.02738,11.67139],[76.02795,11.67169],[76.02853,11.67173],[76.02879,11.67167],[76.02914,11.67143],[76.02938,11.67096],[76.02937,11.67012],[76.02961,11.66989],[76.02985,11.66985],[76.0301,11.66991],[76.03027,11.6701],[76.03047,11.67068],[76.03064,11.67182],[76.03091,11.67211],[76.03156,11.67239],[76.0322,11.67243],[76.03269,11.67226],[76.03298,11.67184],[76.03348,11.67062],[76.03344,11.67027],[76.0332,11.66963],[76.03239,11.66879],[76.0319,11.66798],[76.03152,11.66753],[76.03067,11.66689],[76.03063,11.66648],[76.03099,11.66616],[76.03139,11.66624],[76.03213,11.66702],[76.0325,11.66761],[76.03296,11.66866],[76.03401,11.66939],[76.0347,11.6697],[76.03602,11.66977],[76.03717,11.67002],[76.03749,11.67003],[76.03764,11.66992],[76.03783,11.66965],[76.03792,11.66928],[76.03783,11.66894],[76.03749,11.66843],[76.03586,11.66748],[76.03442,11.66699],[76.03426,11.66683],[76.03422,11.66632],[76.03522,11.66662],[76.03582,11.66664],[76.03628,11.66603],[76.03632,11.66554],[76.03609,11.66497],[76.03563,11.66442],[76.03478,11.66378],[76.03275,11.66337],[76.03091,11.66327],[76.03072,11.66323]],[[76.02599,11.67149],[76.0258,11.67086],[76.0248,11.67028],[76.0244,11.67017],[76.02361,11.67025],[76.02331,11.67055],[76.02293,11.67131],[76.02343,11.67169],[76.02536,11.6726],[76.02572,11.67359],[76.02634,11.67453],[76.02689,11.67485],[76.02773,11.67489],[76.02816,11.67453],[76.02862,11.67393],[76.02863,11.67355],[76.02853,11.67336],[76.02814,11.67293],[76.02753,11.6726],[76.02692,11.67254],[76.02629,11.67281],[76.02611,11.6728],[76.02593,11.67269],[76.02589,11.6725],[76.02601,11.67194],[76.02599,11.67149]],[[76.03217,11.67416],[76.03182,11.67428],[76.03117,11.67481],[76.03075,11.67566],[76.03077,11.67631],[76.03152,11.67686],[76.03233,11.67726],[76.03332,11.67757],[76.03426,11.6776],[76.03495,11.67731],[76.03547,11.67672],[76.03546,11.67557],[76.03452,11.67483],[76.03275,11.67393],[76.03217,11.67416]],[[76.02524,11.67621],[76.02475,11.67581],[76.02444,11.67576],[76.02372,11.67585],[76.02326,11.67604],[76.02301,11.67625],[76.02235,11.67702],[76.02168,11.67736],[76.02145,11.67777],[76.02105,11.6798],[76.02222,11.68038],[76.02273,11.68054],[76.02288,11.6805],[76.02298,11.68036],[76.02297,11.67929],[76.02319,11.67871],[76.02334,11.67856],[76.02379,11.6785],[76.02386,11.67855],[76.02378,11.67925],[76.0241,11.68038],[76.02444,11.68088],[76.02551,11.68149],[76.02605,11.68162],[76.02657,11.68158],[76.02695,11.68137],[76.02718,11.68108],[76.02725,11.68066],[76.02687,11.67953],[76.0263,11.67885],[76.02552,11.67856],[76.02536,11.67834],[76.02548,11.67698],[76.02538,11.67648],[76.02524,11.67621]],[[76.02853,11.67778],[76.02851,11.67848],[76.02868,11.67892],[76.02972,11.67991],[76.03068,11.68061],[76.03092,11.68065],[76.0314,11.68048],[76.0321,11.67975],[76.03211,11.67939],[76.03176,11.67884],[76.03075,11.6777],[76.03013,11.6773],[76.02956,11.67704],[76.02911,11.67707],[76.02888,11.67723],[76.02856,11.67767],[76.02853,11.67778]],[[76.02782,11.67766],[76.02802,11.67755],[76.02814,11.67732],[76.02809,11.67683],[76.0278,11.6765],[76.02727,11.67647],[76.02681,11.67685],[76.02668,11.6771],[76.02672,11.67742],[76.02689,11.67765],[76.02765,11.67776],[76.02782,11.67766]],[[76.03507,11.67259],[76.03624,11.67323],[76.0369,11.67343],[76.03792,11.67347],[76.03817,11.6734],[76.03861,11.67307],[76.03886,11.67267],[76.03886,11.67243],[76.03864,11.67219],[76.03835,11.67205],[76.03776,11.67207],[76.03709,11.67184],[76.03624,11.67081],[76.03582,11.67054],[76.03563,11.67053],[76.03536,11.67058],[76.03481,11.67091],[76.0345,11.67141],[76.03443,11.67165],[76.03452,11.6721],[76.0349,11.67249],[76.03507,11.67259]],[[76.02613,11.61315],[76.02679,11.61335],[76.028,11.61446],[76.02834,11.61454],[76.02895,11.61432],[76.02928,11.61383],[76.02995,11.61196],[76.02991,11.61152],[76.02969,11.61094],[76.02929,11.61046],[76.02903,11.61035],[76.02786,11.61067],[76.02663,11.61172],[76.02571,11.61232],[76.0257,11.61283],[76.02592,11.61305],[76.02613,11.61315]]]}},{"type":"Feature","properties":{"class":"Flood plain","fid":"22","landform":"Flood plain"},"geometry":{"type":"Polygon","coordinates":[[[76.07793,11.74246],[76.07745,11.74293],[76.07698,11.7431],[76.07672,11.74306],[76.07676,11.74288],[76.07703,11.74265],[76.07791,11.74242],[76.07793,11.74246]]]}},{"type":"Feature","properties":{"class":"Flood plain","fid":"23","landform":"Flood plain"},"geometry":{"type":"Polygon","coordinates":[[[76.10365,11.83904],[76.1032,11.83917],[76.10273,11.83891],[76.10326,11.83865],[76.10375,11.83887],[76.10365,11.83904]]]}},{"type":"Feature","properties":{"class":"Flood plain","fid":"24","landform":"Flood plain"},"geometry":{"type":"Polygon","coordinates":[[[76.11884,11.84385],[76.11933,11.84426],[76.11932,11.84437],[76.119,11.84455],[76.11862,11.84427],[76.11848,11.84402],[76.11852,11.84387],[76.11869,11.8438],[76.11884,11.84385]]]}},{"type":"Feature","properties":{"class":"Flood plain","fid":"25","landform":"Flood plain"},"geometry":{"type":"Polygon","coordinates":[[[76.11868,11.84314],[76.11894,11.84346],[76.11985,11.84402],[76.1198,11.84412],[76.11898,11.84387],[76.11868,11.84357],[76.11855,11.84312],[76.11868,11.84314]]]}},{"type":"Feature","properties":{"class":"Flood plain","fid":"26","landform":"Flood plain"},"geometry":{"type":"Polygon","coordinates":[[[76.10007,11.83659],[76.10066,11.83691],[76.10088,11.83713],[76.10085,11.83735],[76.10046,11.83724],[76.10017,11.83693],[76.09968,11.83662],[76.09972,11.83654],[76.09995,11.83652],[76.10007,11.83659]]]}},{"type":"Feature","properties":{"class":"Flood plain","fid":"27","landform":"Flood plain"},"geometry":{"type":"Polygon","coordinates":[[[76.09296,11.82891],[76.09319,11.82897],[76.09332,11.82912],[76.09315,11.82977],[76.09296,11.83012],[76.09278,11.8299],[76.09274,11.82962],[76.09285,11.82891],[76.09296,11.82891]]]}},{"type":"Feature","properties":{"class":"Flood plain","fid":"28","landform":"Flood plain"},"geometry":{"type":"Polygon","coordinates":[[[76.09901,11.83657],[76.09879,11.83664],[76.09812,11.83658],[76.09776,11.83649],[76.09761,11.83627],[76.09777,11.83615],[76.0981,11.83614],[76.09919,11.83645],[76.09901,11.83657]]]}},{"type":"Feature","properties":{"class":"Flood plain","fid":"29","landform":"Flood plain"},"geometry":{"type":"Polygon","coordinates":[[[76.09543,11.80841],[76.0952,11.80854],[76.09497,11.80847],[76.09531,11.80828],[76.09508,11.80705],[76.09516,11.80688],[76.09541,11.80686],[76.0957,11.80701],[76.09569,11.80722],[76.09538,11.80738],[76.0956,11.80796],[76.0955,11.80829],[76.09543,11.80841]]]}},{"type":"Feature","properties":{"class":"Flood plain","fid":"30","landform":"Flood plain"},"geometry":{"type":"Polygon","coordinates":[[[76.09503,11.82639],[76.09492,11.82669],[76.09493,11.82647],[76.09483,11.82638],[76.09499,11.82635],[76.09502,11.82626],[76.09483,11.82587],[76.09505,11.82559],[76.09508,11.82539],[76.09492,11.82523],[76.09499,11.82497],[76.09486,11.8247],[76.09495,11.82443],[76.09483,11.82417],[76.09502,11.8238],[76.09525,11.82523],[76.09505,11.82633],[76.09503,11.82639]]]}},{"type":"Feature","properties":{"class":"Flood plain","fid":"31","landform":"Flood plain"},"geometry":{"type":"Polygon","coordinates":[[[76.12132,11.84752],[76.12193,11.84791],[76.12305,11.84909],[76.12376,11.84942],[76.12363,11.84953],[76.12329,11.84952],[76.12314,11.84942],[76.1215,11.84783],[76.12115,11.84761],[76.1211,11.84751],[76.12119,11.84745],[76.12132,11.84752]]]}},{"type":"Feature","properties":{"class":"Flood plain","fid":"32","landform":"Flood plain"},"geometry":{"type":"Polygon","coordinates":[[[76.13062,11.85191],[76.12892,11.85198],[76.12766,11.85191],[76.129,11.85155],[76.1301,11.85158],[76.13061,11.85187],[76.13062,11.85191]]]}},{"type":"Feature","properties":{"class":"Flood plain","fid":"33","landform":"Flood plain"},"geometry":{"type":"Polygon","coordinates":[[[76.10519,11.83851],[76.10556,11.83867],[76.10647,11.83876],[76.10686,11.83894],[76.10759,11.83906],[76.10778,11.83927],[76.1077,11.83933],[76.1054,11.83889],[76.10471,11.83885],[76.10461,11.83877],[76.10461,11.83865],[76.10506,11.83845],[76.10519,11.83851]]]}},{"type":"Feature","properties":{"class":"Flood plain","fid":"34","landform":"Flood plain"},"geometry":{"type":"Polygon","coordinates":[[[76.11001,11.83911],[76.10813,11.83912],[76.10778,11.83897],[76.10687,11.83887],[76.10678,11.83875],[76.10889,11.83873],[76.10908,11.83876],[76.10928,11.83893],[76.10956,11.83896],[76.11002,11.83886],[76.11071,11.83891],[76.11024,11.83903],[76.11001,11.83911]]]}},{"type":"Feature","properties":{"class":"Flood plain","fid":"35","landform":"Flood plain"},"geometry":{"type":"Polygon","coordinates":[[[76.11604,11.84425],[76.11649,11.84447],[76.11681,11.84514],[76.11708,11.8453],[76.11757,11.84541],[76.11791,11.84594],[76.11863,11.84624],[76.11858,11.84634],[76.11816,11.84658],[76.11794,11.84656],[76.11741,11.84562],[76.11655,11.84519],[76.11547,11.84425],[76.11564,11.84409],[76.11604,11.84425]]]}},{"type":"Feature","properties":{"class":"Flood plain","fid":"36","landform":"Flood plain"},"geometry":{"type":"Polygon","coordinates":[[[76.1143,11.84271],[76.1145,11.84316],[76.1148,11.84335],[76.11545,11.8441],[76.11501,11.84419],[76.11459,11.84406],[76.11423,11.8435],[76.11396,11.84269],[76.11368,11.8425],[76.11323,11.84243],[76.11316,11.84214],[76.11398,11.84221],[76.1142,11.84248],[76.1143,11.84271]]]}},{"type":"Feature","properties":{"class":"Flood plain","fid":"37","landform":"Flood plain"},"geometry":{"type":"Polygon","coordinates":[[[76.09445,11.82897],[76.09465,11.83023],[76.09486,11.83081],[76.09517,11.83144],[76.09589,11.83233],[76.09543,11.8322],[76.09469,11.83133],[76.09426,11.8301],[76.09417,11.82936],[76.09439,11.82895],[76.09445,11.82897]]]}},{"type":"Feature","properties":{"class":"Flood plain","fid":"38","landform":"Flood plain"},"geometry":{"type":"Polygon","coordinates":[[[76.11841,11.84385],[76.11769,11.84371],[76.11736,11.84346],[76.11612,11.84175],[76.11637,11.84178],[76.11723,11.84237],[76.11739,11.84239],[76.1181,11.8435],[76.11832,11.84368],[76.11841,11.84385]]]}},{"type":"Feature","properties":{"class":"Flood plain","fid":"39","landform":"Flood plain"},"geometry":{"type":"Polygon","coordinates":[[[76.10289,11.83858],[76.10261,11.83857],[76.10251,11.83834],[76.10223,11.83826],[76.10188,11.83756],[76.10141,11.83735],[76.10146,11.83712],[76.10178,11.83711],[76.10226,11.83733],[76.1028,11.83779],[76.10404,11.83847],[76.1039,11.83856],[76.10313,11.83854],[76.10289,11.83858]]]}},{"type":"Feature","properties":{"class":"Flood plain","fid":"40","landform":"Flood plain"},"geometry":{"type":"Polygon","coordinates":[[[76.09391,11.82869],[76.09386,11.82958],[76.09396,11.8304],[76.09413,11.83086],[76.09486,11.83194],[76.09541,11.83242],[76.09595,11.8327],[76.09525,11.83257],[76.09465,11.83222],[76.09428,11.83177],[76.09341,11.82986],[76.09348,11.82923],[76.09385,11.82865],[76.09391,11.82869]]]}},{"type":"Feature","properties":{"class":"Flood plain","fid":"41","landform":"Flood plain"},"geometry":{"type":"Polygon","coordinates":[[[76.12254,11.84898],[76.12303,11.84953],[76.12277,11.84948],[76.12221,11.84894],[76.1216,11.84906],[76.12094,11.84871],[76.12079,11.84859],[76.12052,11.84803],[76.12027,11.84779],[76.11929,11.84745],[76.11904,11.84717],[76.11884,11.84662],[76.11887,11.84637],[76.11893,11.8463],[76.11925,11.8467],[76.11945,11.84681],[76.11982,11.84677],[76.12006,11.84698],[76.12051,11.84779],[76.12127,11.84841],[76.12152,11.84857],[76.12203,11.84859],[76.12225,11.84882],[76.12254,11.84898]]]}},{"type":"Feature","properties":{"class":"Flood plain","fid":"42","landform":"Flood plain"},"geometry":{"type":"Polygon","coordinates":[[[76.11698,11.84321],[76.11752,11.84377],[76.11691,11.84353],[76.11658,11.84318],[76.11596,11.8431],[76.11577,11.84284],[76.11533,11.84269],[76.11528,11.84207],[76.11446,11.84166],[76.11445,11.8415],[76.11473,11.84121],[76.11484,11.84087],[76.11516,11.84112],[76.11578,11.8413],[76.116,11.84157],[76.11598,11.84184],[76.1161,11.84218],[76.11682,11.84305],[76.11698,11.84321]]]}},{"type":"Feature","properties":{"class":"Flood plain","fid":"43","landform":"Flood plain"},"geometry":{"type":"Polygon","coordinates":[[[76.09975,11.83633],[76.09971,11.83642],[76.09882,11.83621],[76.09848,11.83604],[76.09721,11.8358],[76.09711,11.83548],[76.0969,11.8353],[76.09686,11.83494],[76.09669,11.83481],[76.0965,11.83371],[76.09627,11.83332],[76.09628,11.83315],[76.09711,11.83433],[76.09793,11.83493],[76.09876,11.83525],[76.09914,11.83587],[76.09966,11.83625],[76.09975,11.83633]]]}},{"type":"Feature","properties":{"class":"Flood plain","fid":"44","landform":"Flood plain"},"geometry":{"type":"Polygon","coordinates":[[[76.11666,11.84339],[76.11709,11.84382],[76.11677,11.84402],[76.1162,11.84421],[76.11589,11.84398],[76.11546,11.84389],[76.11417,11.84209],[76.11341,11.84198],[76.11261,11.84169],[76.11248,11.84161],[76.11248,11.8415],[76.11279,11.84127],[76.1143,11.84141],[76.11421,11.84171],[76.1145,11.84202],[76.11501,11.84225],[76.11509,11.8426],[76.11566,11.84318],[76.11585,11.84334],[76.11645,11.84334],[76.11666,11.84339]]]}},{"type":"Feature","properties":{"class":"Flood plain","fid":"45","landform":"Flood plain"},"geometry":{"type":"Polygon","coordinates":[[[76.09715,11.83287],[76.09731,11.83337],[76.09823,11.83379],[76.09929,11.83497],[76.09934,11.83531],[76.09966,11.83554],[76.10009,11.83622],[76.10002,11.83631],[76.09963,11.83617],[76.09885,11.83511],[76.09808,11.83486],[76.09717,11.83421],[76.09627,11.83274],[76.09642,11.83263],[76.09699,11.83273],[76.09715,11.83287]]]}},{"type":"Feature","properties":{"class":"Flood plain","fid":"46","landform":"Flood plain"},"geometry":{"type":"Polygon","coordinates":[[[76.12275,11.84968],[76.12422,11.84962],[76.12565,11.84978],[76.12621,11.85032],[76.12678,11.85155],[76.12724,11.85181],[76.12442,11.85063],[76.1238,11.85024],[76.12275,11.84968]]]}},{"type":"Feature","properties":{"class":"Flood plain","fid":"47","landform":"Flood plain"},"geometry":{"type":"Polygon","coordinates":[[[76.12277,11.84422],[76.12279,11.84487],[76.12269,11.84528],[76.12245,11.84557],[76.1223,11.84561],[76.12217,11.8453],[76.12074,11.84413],[76.11976,11.84391],[76.11942,11.8437],[76.11899,11.84325],[76.11913,11.84303],[76.11993,11.84312],[76.12032,11.84332],[76.12077,11.84335],[76.12107,11.84371],[76.12133,11.84374],[76.12206,11.84354],[76.1225,11.84354],[76.12266,11.84373],[76.12269,11.84397],[76.12277,11.84422]]]}},{"type":"Feature","properties":{"class":"Flood plain","fid":"48","landform":"Flood plain"},"geometry":{"type":"Polygon","coordinates":[[[76.09528,11.80914],[76.09541,11.80945],[76.09558,11.81089],[76.09571,11.81132],[76.09567,11.81196],[76.09583,11.81237],[76.09583,11.81287],[76.09602,11.81385],[76.09583,11.81383],[76.09556,11.81357],[76.09504,11.81283],[76.09463,11.81196],[76.09469,11.81104],[76.09441,11.80984],[76.09471,11.80925],[76.09521,11.80901],[76.09528,11.80914]]]}},{"type":"Feature","properties":{"class":"Flood plain","fid":"49","landform":"Flood plain"},"geometry":{"type":"Polygon","coordinates":[[[76.11349,11.84122],[76.11304,11.84125],[76.11263,11.84105],[76.11217,11.84053],[76.11154,11.84007],[76.11093,11.84004],[76.11062,11.8399],[76.11036,11.8397],[76.11047,11.83947],[76.11076,11.83924],[76.11217,11.83903],[76.11301,11.83926],[76.11347,11.83949],[76.11382,11.83993],[76.11448,11.84047],[76.11468,11.84088],[76.11465,11.84114],[76.11404,11.84122],[76.11349,11.84122]]]}},{"type":"Feature","properties":{"class":"Flood plain","fid":"50","landform":"Flood plain"},"geometry":{"type":"Polygon","coordinates":[[[76.119,11.84302],[76.11877,11.84312],[76.11809,11.84285],[76.1179,11.84262],[76.1178,11.84225],[76.11762,11.84209],[76.11728,11.842],[76.11696,11.84177],[76.11652,11.84168],[76.11626,11.8415],[76.11604,11.84102],[76.11517,11.8407],[76.115,11.84043],[76.11412,11.83991],[76.11388,11.83948],[76.11343,11.83923],[76.11261,11.83898],[76.11185,11.83895],[76.1118,11.83879],[76.11223,11.83859],[76.11237,11.83868],[76.11304,11.83873],[76.11323,11.83898],[76.11469,11.83957],[76.11541,11.84014],[76.11609,11.84039],[76.11658,11.84048],[76.1168,11.84043],[76.11701,11.84012],[76.11741,11.83986],[76.1181,11.83996],[76.1189,11.84025],[76.11917,11.84045],[76.11926,11.84068],[76.11921,11.84078],[76.11882,11.84112],[76.11835,11.84107],[76.11819,11.84134],[76.11816,11.84166],[76.11846,11.84255],[76.11903,11.84293],[76.119,11.84302]]]}},{"type":"Feature","properties":{"class":"Flood plain","fid":"51","landform":"Flood plain"},"geometry":{"type":"Polygon","coordinates":[[[76.12212,11.84752],[76.12254,11.84793],[76.12331,11.84841],[76.1235,11.84897],[76.12362,11.84904],[76.12331,11.84907],[76.12284,11.84875],[76.12167,11.84747],[76.12093,11.84726],[76.12015,11.84674],[76.11943,11.84659],[76.11886,11.84595],[76.11812,11.84533],[76.11745,11.8451],[76.11704,11.84514],[76.117,11.84479],[76.11672,11.84451],[76.11672,11.84436],[76.11685,11.84422],[76.11749,11.84402],[76.11839,11.84428],[76.11854,11.84456],[76.1189,11.84478],[76.11942,11.84456],[76.11982,11.84461],[76.12087,11.84513],[76.12116,11.84546],[76.12126,11.84585],[76.12169,11.84671],[76.12212,11.84752]]]}},{"type":"Feature","properties":{"class":"Flood plain","fid":"52","landform":"Flood plain"},"geometry":{"type":"Polygon","coordinates":[[[75.9645,11.83423],[75.96306,11.83488],[75.96255,11.83488],[75.96132,11.83463],[75.96035,11.83415],[75.95977,11.83415],[75.95935,11.83446],[75.95879,11.83523],[75.95864,11.83555],[75.9586,11.83607],[75.95829,11.83672],[75.95795,11.83707],[75.95674,11.8371],[75.95625,11.83726],[75.95494,11.83734],[75.95465,11.83722],[75.954,11.83647],[75.9526,11.83571],[75.95233,11.83538],[75.95196,11.83455],[75.95163,11.83422],[75.95058,11.83422],[75.95023,11.83438],[75.9493,11.83511],[75.94905,11.83511],[75.94851,11.83489],[75.94859,11.83454],[75.94903,11.83427],[75.94926,11.83375],[75.9492,11.83302],[75.94893,11.83279],[75.94859,11.83277],[75.94784,11.83312],[75.94744,11.83346],[75.94726,11.83371],[75.94726,11.83431],[75.94709,11.83442],[75.9466,11.83444],[75.94625,11.83471],[75.94577,11.83543],[75.94561,11.83602],[75.94568,11.83657],[75.94619,11.8372],[75.94675,11.83715],[75.94715,11.83738],[75.94713,11.83782],[75.94688,11.8383],[75.94642,11.83862],[75.94627,11.83862],[75.94588,11.83845],[75.94552,11.83799],[75.94521,11.83776],[75.94458,11.83768],[75.94343,11.83791],[75.94325,11.83774],[75.94308,11.83718],[75.9431,11.83679],[75.94346,11.83624],[75.94368,11.83622],[75.94401,11.836],[75.9444,11.83558],[75.94478,11.83565],[75.945,11.83558],[75.94544,11.83481],[75.94546,11.83442],[75.94486,11.83398],[75.94405,11.83393],[75.94344,11.83369],[75.94299,11.83303],[75.94231,11.83297],[75.94197,11.83282],[75.94178,11.83252],[75.94178,11.83226],[75.94186,11.83204],[75.94208,11.83183],[75.94264,11.83151],[75.94293,11.83103],[75.94343,11.83095],[75.94396,11.83133],[75.94423,11.83189],[75.94427,11.83225],[75.94457,11.83258],[75.94596,11.83296],[75.94638,11.83281],[75.94688,11.83227],[75.94701,11.83197],[75.94698,11.83095],[75.94733,11.83081],[75.94796,11.83086],[75.94895,11.83046],[75.94916,11.83054],[75.94932,11.83083],[75.94932,11.83167],[75.94964,11.83253],[75.95001,11.8329],[75.95085,11.83331],[75.95122,11.83332],[75.95158,11.83309],[75.952,11.83261],[75.95221,11.83263],[75.95233,11.83272],[75.95233,11.83353],[75.95252,11.83424],[75.95302,11.83497],[75.95434,11.83581],[75.9547,11.83618],[75.95555,11.83614],[75.95581,11.83632],[75.95639,11.8363],[75.9568,11.83613],[75.95735,11.83553],[75.95865,11.83228],[75.95858,11.83122],[75.95821,11.83025],[75.95769,11.82974],[75.95718,11.82947],[75.95677,11.82931],[75.95616,11.82928],[75.95601,11.82917],[75.95599,11.82886],[75.95662,11.82844],[75.95718,11.82834],[75.95783,11.82855],[75.95837,11.8289],[75.95873,11.82988],[75.95931,11.83084],[75.95969,11.83232],[75.96013,11.83329],[75.96123,11.83413],[75.96194,11.83421],[75.96292,11.83381],[75.96414,11.8336],[75.96497,11.83328],[75.96555,11.83321],[75.96606,11.83302],[75.96619,11.83282],[75.9662,11.83254],[75.9656,11.83181],[75.96558,11.83166],[75.96574,11.83147],[75.96674,11.83147],[75.96778,11.83099],[75.96877,11.8307],[75.96944,11.83072],[75.96999,11.83099],[75.97075,11.83099],[75.97095,11.8309],[75.97163,11.8301],[75.97258,11.82965],[75.97307,11.82926],[75.97377,11.82913],[75.97475,11.82874],[75.97568,11.82778],[75.97636,11.82771],[75.97684,11.82747],[75.97741,11.82642],[75.97726,11.82566],[75.97693,11.8249],[75.97644,11.8244],[75.97605,11.82435],[75.97546,11.82403],[75.97497,11.82319],[75.97372,11.8215],[75.97349,11.82099],[75.97298,11.82066],[75.97273,11.82068],[75.97144,11.82115],[75.97022,11.82203],[75.96996,11.82211],[75.96965,11.82207],[75.96899,11.82175],[75.96876,11.82181],[75.96833,11.82205],[75.96706,11.8231],[75.96667,11.82385],[75.96649,11.82449],[75.9666,11.82672],[75.96626,11.8267],[75.96581,11.82639],[75.96503,11.82557],[75.96478,11.82545],[75.96413,11.82551],[75.96356,11.82572],[75.96315,11.82602],[75.96291,11.82627],[75.96256,11.82696],[75.96254,11.82739],[75.96264,11.8276],[75.96298,11.82785],[75.96325,11.82855],[75.96282,11.82927],[75.96246,11.82922],[75.96241,11.82872],[75.96201,11.8281],[75.96167,11.82782],[75.96075,11.82756],[75.96035,11.82711],[75.96062,11.82616],[75.96064,11.82539],[75.96071,11.82528],[75.96214,11.82527],[75.96301,11.82496],[75.96346,11.82467],[75.96348,11.8242],[75.96333,11.82387],[75.96333,11.82354],[75.96348,11.82331],[75.96379,11.82334],[75.9641,11.82377],[75.96509,11.82433],[75.96548,11.82422],[75.96563,11.82408],[75.96603,11.82345],[75.96597,11.82299],[75.96567,11.82257],[75.96448,11.82179],[75.96376,11.82153],[75.96384,11.82117],[75.96397,11.82107],[75.96458,11.82112],[75.96583,11.82213],[75.9668,11.82256],[75.967,11.8225],[75.96848,11.82132],[75.96829,11.82087],[75.96598,11.81943],[75.9645,11.8179],[75.96393,11.81747],[75.96304,11.81719],[75.96284,11.81719],[75.96237,11.81749],[75.9618,11.81747],[75.96169,11.81726],[75.96175,11.81683],[75.96252,11.81576],[75.96295,11.81538],[75.96318,11.81534],[75.96362,11.81599],[75.96555,11.81781],[75.96665,11.81857],[75.96764,11.8187],[75.96779,11.81889],[75.96784,11.81938],[75.96819,11.81984],[75.96891,11.82011],[75.96948,11.82048],[75.96978,11.82052],[75.97011,11.82052],[75.97117,11.82015],[75.97198,11.82003],[75.97211,11.81988],[75.97226,11.81945],[75.97224,11.81898],[75.97161,11.8181],[75.97095,11.81687],[75.97102,11.81664],[75.97117,11.81655],[75.97174,11.8167],[75.9723,11.81749],[75.97382,11.81837],[75.97465,11.81861],[75.97533,11.81857],[75.97675,11.81875],[75.97704,11.81869],[75.97709,11.81815],[75.97702,11.81792],[75.97597,11.81717],[75.97562,11.8168],[75.97538,11.81619],[75.97526,11.81529],[75.97502,11.81486],[75.97439,11.8144],[75.97311,11.81399],[75.97279,11.81354],[75.97279,11.81319],[75.97296,11.81294],[75.97311,11.81284],[75.97358,11.81282],[75.97578,11.81386],[75.97601,11.81386],[75.9765,11.81331],[75.97665,11.81335],[75.97662,11.81446],[75.97688,11.81573],[75.97716,11.81634],[75.97844,11.81748],[75.98069,11.81909],[75.98106,11.81917],[75.98129,11.81901],[75.98167,11.81817],[75.98225,11.8182],[75.98267,11.81845],[75.98296,11.81842],[75.98321,11.81825],[75.98335,11.81798],[75.98338,11.81756],[75.98302,11.81661],[75.98258,11.81591],[75.98111,11.81451],[75.98103,11.81432],[75.98108,11.81402],[75.98129,11.81389],[75.98147,11.8139],[75.98293,11.8147],[75.98331,11.81461],[75.98374,11.81416],[75.9842,11.81399],[75.98455,11.81399],[75.98536,11.81425],[75.98571,11.8142],[75.98578,11.8141],[75.98573,11.81392],[75.98522,11.8135],[75.98437,11.81211],[75.98375,11.81176],[75.98377,11.81154],[75.98404,11.81147],[75.9846,11.81171],[75.98626,11.81157],[75.98645,11.81173],[75.98647,11.81235],[75.98659,11.81256],[75.98689,11.8126],[75.98765,11.81232],[75.98853,11.81253],[75.98871,11.81123],[75.98864,11.81089],[75.98787,11.81027],[75.9873,11.80999],[75.98707,11.80974],[75.98691,11.80946],[75.98709,11.80878],[75.98698,11.80863],[75.9866,11.8084],[75.98599,11.80833],[75.98552,11.80796],[75.9848,11.8076],[75.98383,11.80739],[75.98289,11.80697],[75.98252,11.80697],[75.98158,11.80734],[75.98064,11.80817],[75.98034,11.80897],[75.98032,11.80991],[75.98007,11.81058],[75.98002,11.81149],[75.97984,11.81172],[75.97897,11.81115],[75.97891,11.81082],[75.97905,11.81021],[75.97903,11.80978],[75.97883,11.80951],[75.97846,11.8093],[75.97815,11.80934],[75.9778,11.80966],[75.977,11.81076],[75.97641,11.81079],[75.97614,11.81066],[75.97611,11.81032],[75.97619,11.81013],[75.97665,11.80978],[75.97687,11.80941],[75.97697,11.80917],[75.97693,11.8086],[75.97653,11.80801],[75.97555,11.80802],[75.9754,11.80777],[75.9754,11.80708],[75.97562,11.80681],[75.97579,11.80676],[75.97599,11.80684],[75.97633,11.80738],[75.97742,11.80836],[75.9778,11.80855],[75.97874,11.80855],[75.97933,11.80841],[75.97969,11.80806],[75.97984,11.80755],[75.97974,11.80671],[75.97943,11.80624],[75.97949,11.80592],[75.97975,11.80593],[75.98011,11.8061],[75.98073,11.80654],[75.98141,11.80652],[75.98186,11.80612],[75.98255,11.8058],[75.98306,11.80527],[75.98321,11.80495],[75.98335,11.80419],[75.98385,11.8034],[75.98492,11.80274],[75.98615,11.80232],[75.98688,11.80174],[75.98691,11.80118],[75.98661,11.80096],[75.98652,11.80076],[75.98669,11.79957],[75.98653,11.79932],[75.98619,11.79926],[75.98548,11.79973],[75.98494,11.79986],[75.98425,11.79962],[75.98346,11.79995],[75.98269,11.79994],[75.98194,11.79977],[75.98141,11.79981],[75.98106,11.80011],[75.98097,11.80046],[75.98068,11.80057],[75.98022,11.80055],[75.97959,11.80022],[75.97935,11.79988],[75.97927,11.79935],[75.97948,11.79841],[75.97948,11.79799],[75.97917,11.7972],[75.97886,11.79675],[75.9786,11.79659],[75.97783,11.79731],[75.97754,11.79736],[75.97725,11.79725],[75.97708,11.797],[75.97712,11.79668],[75.97728,11.79648],[75.97724,11.79634],[75.97589,11.79607],[75.97516,11.79615],[75.97448,11.79664],[75.97346,11.79767],[75.97348,11.79822],[75.97412,11.79912],[75.97408,11.801],[75.9731,11.80279],[75.97263,11.80314],[75.97226,11.80377],[75.9723,11.80408],[75.97269,11.80506],[75.97269,11.80547],[75.97251,11.80602],[75.97192,11.80682],[75.97101,11.80752],[75.97086,11.80742],[75.97085,11.8071],[75.97177,11.80633],[75.97215,11.80562],[75.97215,11.8049],[75.97179,11.8042],[75.97173,11.80361],[75.9725,11.8024],[75.97324,11.79984],[75.97307,11.79948],[75.9729,11.79942],[75.97183,11.79984],[75.97036,11.80003],[75.96983,11.80025],[75.96948,11.80056],[75.96925,11.80133],[75.96942,11.80312],[75.96966,11.80349],[75.97054,11.80383],[75.97042,11.8042],[75.97003,11.80482],[75.96966,11.80506],[75.96937,11.80502],[75.96913,11.80478],[75.96907,11.8041],[75.96921,11.80355],[75.96902,11.80285],[75.96844,11.80185],[75.96835,11.80111],[75.96854,11.80068],[75.96899,11.80027],[75.97025,11.7997],[75.97169,11.79951],[75.97223,11.79907],[75.97236,11.7987],[75.97206,11.79789],[75.97206,11.79764],[75.97247,11.79724],[75.97249,11.79691],[75.97138,11.79699],[75.97089,11.79724],[75.97051,11.79772],[75.97002,11.79793],[75.96827,11.79722],[75.96796,11.7972],[75.96764,11.79741],[75.96741,11.79743],[75.96622,11.79722],[75.96449,11.79747],[75.96389,11.798],[75.96382,11.79834],[75.96357,11.79843],[75.9634,11.7984],[75.96281,11.79788],[75.96233,11.79772],[75.96152,11.79774],[75.96044,11.79803],[75.95957,11.79779],[75.95844,11.7978],[75.95816,11.79799],[75.95801,11.79829],[75.95803,11.79847],[75.95834,11.7989],[75.95946,11.80113],[75.95969,11.80182],[75.95981,11.80318],[75.96032,11.80369],[75.96104,11.80407],[75.96099,11.80436],[75.96087,11.8045],[75.96046,11.80455],[75.95993,11.8045],[75.95947,11.80433],[75.959,11.80394],[75.95854,11.8026],[75.95834,11.80248],[75.95818,11.80257],[75.95797,11.80254],[75.95786,11.80241],[75.9579,11.80183],[75.95828,11.80135],[75.95827,11.80092],[75.95765,11.79935],[75.95633,11.79939],[75.95549,11.79986],[75.9547,11.80056],[75.95441,11.80142],[75.95441,11.80174],[75.95466,11.8024],[75.95486,11.80264],[75.95486,11.8028],[75.95465,11.80297],[75.95377,11.80309],[75.95341,11.80352],[75.95352,11.80471],[75.95323,11.80488],[75.95261,11.80467],[75.95174,11.80469],[75.95121,11.80504],[75.95109,11.80532],[75.95107,11.80608],[75.95141,11.80684],[75.95137,11.80714],[75.95114,11.80718],[75.9506,11.80676],[75.9501,11.80655],[75.94972,11.80655],[75.94916,11.80686],[75.949,11.80714],[75.94906,11.80774],[75.94925,11.80821],[75.9497,11.80874],[75.94975,11.80895],[75.94923,11.80993],[75.94898,11.81062],[75.94898,11.81091],[75.94933,11.81134],[75.94939,11.81173],[75.94916,11.81214],[75.94836,11.81263],[75.94813,11.81267],[75.94791,11.81258],[75.94775,11.81237],[75.94773,11.81217],[75.94814,11.81146],[75.9482,11.81093],[75.94808,11.81042],[75.94761,11.80981],[75.94757,11.80829],[75.94732,11.80755],[75.94704,11.80737],[75.94603,11.80746],[75.946,11.80728],[75.94636,11.80672],[75.94636,11.80657],[75.94614,11.80624],[75.94579,11.80618],[75.94452,11.80646],[75.9443,11.80632],[75.9443,11.80614],[75.94444,11.80599],[75.94497,11.8058],[75.94533,11.80549],[75.94545,11.80524],[75.94545,11.8045],[75.94538,11.80423],[75.9452,11.80401],[75.94513,11.80363],[75.94529,11.8035],[75.94551,11.80354],[75.94582,11.80405],[75.94598,11.80459],[75.9465,11.8051],[75.94708,11.80526],[75.94778,11.80497],[75.9483,11.80452],[75.9492,11.80483],[75.94955,11.80485],[75.95031,11.80454],[75.95132,11.80367],[75.95144,11.80342],[75.95144,11.80313],[75.95121,11.80269],[75.95134,11.80255],[75.95152,11.80249],[75.95247,11.80265],[75.9528,11.80264],[75.95298,11.80253],[75.95387,11.80066],[75.954,11.7997],[75.95424,11.79947],[75.95494,11.79912],[75.95603,11.79887],[75.95648,11.79846],[75.95709,11.79759],[75.95704,11.79712],[75.95677,11.79667],[75.95671,11.79623],[75.95675,11.79546],[75.95706,11.79453],[75.95781,11.79347],[75.95853,11.79293],[75.95894,11.79275],[75.95901,11.79252],[75.95886,11.79204],[75.9582,11.79142],[75.95799,11.79134],[75.95768,11.79096],[75.95744,11.79016],[75.95694,11.78989],[75.95663,11.78991],[75.95538,11.79053],[75.95496,11.79059],[75.95435,11.79047],[75.95341,11.79005],[75.95291,11.79003],[75.95259,11.79032],[75.95245,11.79124],[75.95197,11.79177],[75.95177,11.79171],[75.95147,11.79136],[75.95116,11.79056],[75.95116,11.78958],[75.95142,11.78885],[75.95144,11.78802],[75.95134,11.78773],[75.95094,11.78717],[75.95071,11.78698],[75.95029,11.78692],[75.95,11.78738],[75.95013,11.78842],[75.94965,11.78907],[75.94893,11.78971],[75.94867,11.79013],[75.94864,11.79054],[75.9489,11.79119],[75.94865,11.79133],[75.94776,11.79104],[75.94737,11.79104],[75.94699,11.79134],[75.9467,11.79179],[75.94604,11.79357],[75.94618,11.7945],[75.94617,11.79482],[75.94603,11.79516],[75.94574,11.79518],[75.94546,11.79507],[75.94534,11.79398],[75.94498,11.79381],[75.94445,11.79383],[75.94395,11.79399],[75.94379,11.79413],[75.94373,11.7943],[75.94388,11.79537],[75.94378,11.79558],[75.94326,11.79549],[75.94284,11.79528],[75.94226,11.79526],[75.9415,11.79568],[75.94098,11.79613],[75.94082,11.79644],[75.94079,11.79675],[75.94091,11.79795],[75.94122,11.79893],[75.94164,11.79978],[75.94188,11.8008],[75.94184,11.80194],[75.94169,11.8022],[75.94132,11.80229],[75.94117,11.80211],[75.94108,11.80056],[75.94096,11.79983],[75.9408,11.79947],[75.94015,11.79869],[75.93956,11.79838],[75.93926,11.79838],[75.93797,11.79997],[75.93622,11.80137],[75.93615,11.80158],[75.93624,11.80203],[75.93686,11.80282],[75.93678,11.80348],[75.93691,11.80412],[75.93748,11.80493],[75.93814,11.80546],[75.93814,11.80561],[75.93782,11.80596],[75.93755,11.80609],[75.93738,11.80642],[75.9371,11.80783],[75.93695,11.80796],[75.93605,11.80801],[75.93567,11.80768],[75.93515,11.80751],[75.93489,11.8073],[75.93485,11.80711],[75.93497,11.80694],[75.93563,11.80652],[75.93648,11.80642],[75.93667,11.80631],[75.93676,11.80595],[75.93674,11.80545],[75.93629,11.80486],[75.93631,11.80377],[75.93619,11.80341],[75.93556,11.80262],[75.93503,11.80257],[75.93481,11.80229],[75.93478,11.80194],[75.93451,11.80159],[75.9343,11.80144],[75.93282,11.80113],[75.93208,11.8013],[75.93147,11.80189],[75.93136,11.80255],[75.93113,11.80296],[75.93052,11.80294],[75.93038,11.80272],[75.92988,11.80249],[75.92957,11.80246],[75.92896,11.80265],[75.92854,11.80258],[75.92805,11.80209],[75.92773,11.80129],[75.92704,11.80052],[75.92614,11.79964],[75.92549,11.7992],[75.92442,11.79902],[75.92388,11.79936],[75.92313,11.80012],[75.92297,11.8001],[75.92273,11.79986],[75.92281,11.79955],[75.92279,11.79878],[75.92245,11.79819],[75.92258,11.79776],[75.92303,11.79765],[75.92413,11.79821],[75.92523,11.79846],[75.92559,11.79836],[75.92612,11.79791],[75.92638,11.79748],[75.92648,11.7969],[75.92667,11.79672],[75.92684,11.79668],[75.92751,11.79686],[75.92757,11.79704],[75.9273,11.79766],[75.92719,11.7985],[75.9274,11.7994],[75.92768,11.79985],[75.92814,11.80048],[75.92835,11.80062],[75.93038,11.80146],[75.93079,11.80143],[75.93264,11.80025],[75.93323,11.80004],[75.93363,11.8001],[75.93433,11.80057],[75.93466,11.80064],[75.93539,11.80064],[75.93574,11.8005],[75.93818,11.79857],[75.93877,11.79751],[75.93884,11.79648],[75.93821,11.7957],[75.93758,11.79515],[75.93723,11.79508],[75.93672,11.7953],[75.93636,11.7953],[75.93563,11.79515],[75.93496,11.79513],[75.93463,11.79487],[75.93463,11.79463],[75.93488,11.79439],[75.93664,11.79449],[75.9371,11.79399],[75.93758,11.79387],[75.93788,11.79406],[75.93829,11.79468],[75.93903,11.7954],[75.9398,11.79544],[75.94003,11.79539],[75.94125,11.79461],[75.94218,11.79431],[75.94287,11.79348],[75.94369,11.79319],[75.94388,11.79299],[75.9445,11.79281],[75.94502,11.79246],[75.9454,11.7921],[75.94592,11.79111],[75.94618,11.79089],[75.94663,11.79079],[75.94682,11.79032],[75.9463,11.78986],[75.94616,11.78954],[75.94645,11.78934],[75.9476,11.78932],[75.9482,11.78907],[75.94849,11.78862],[75.94856,11.78807],[75.94854,11.78777],[75.94803,11.78667],[75.94804,11.78623],[75.94836,11.78616],[75.94896,11.78643],[75.94939,11.78647],[75.94973,11.78629],[75.94989,11.78598],[75.94982,11.78558],[75.94932,11.78508],[75.94902,11.78451],[75.94896,11.78408],[75.94903,11.78254],[75.94885,11.78225],[75.94864,11.78211],[75.94802,11.78192],[75.94762,11.78132],[75.9473,11.78116],[75.94691,11.78128],[75.94682,11.78206],[75.947,11.78331],[75.94684,11.78344],[75.94662,11.78344],[75.94643,11.78333],[75.94625,11.78301],[75.94633,11.78181],[75.94622,11.78144],[75.9459,11.781],[75.94527,11.78063],[75.9444,11.78068],[75.94408,11.78091],[75.94388,11.7817],[75.94358,11.7818],[75.94307,11.7817],[75.94287,11.78155],[75.94267,11.7813],[75.94253,11.78071],[75.94257,11.78012],[75.94305,11.77889],[75.94332,11.77854],[75.9435,11.77854],[75.94408,11.77887],[75.94518,11.77902],[75.94561,11.7798],[75.94586,11.78002],[75.94625,11.78021],[75.94739,11.78051],[75.94782,11.78088],[75.94871,11.78089],[75.94914,11.7815],[75.94928,11.7815],[75.94927,11.77984],[75.94977,11.77859],[75.94984,11.77747],[75.94966,11.77671],[75.9495,11.77646],[75.94913,11.7762],[75.94834,11.77632],[75.94735,11.7768],[75.94613,11.77703],[75.94534,11.77684],[75.9447,11.7765],[75.94341,11.77539],[75.94293,11.7747],[75.94212,11.7743],[75.9414,11.77433],[75.94028,11.77454],[75.9396,11.77484],[75.93907,11.77534],[75.93903,11.77619],[75.93935,11.77648],[75.93992,11.77671],[75.94031,11.77675],[75.94087,11.77664],[75.94094,11.77696],[75.9407,11.77772],[75.93964,11.77814],[75.93937,11.778],[75.93895,11.77712],[75.93875,11.77689],[75.93822,11.7767],[75.9373,11.77719],[75.93706,11.77772],[75.93699,11.77892],[75.93679,11.77897],[75.93653,11.77885],[75.93625,11.77776],[75.93623,11.77728],[75.93722,11.77601],[75.93748,11.77514],[75.93748,11.77437],[75.93725,11.77368],[75.93714,11.77356],[75.93673,11.77345],[75.93667,11.77325],[75.93676,11.77292],[75.93702,11.77259],[75.93702,11.7724],[75.93724,11.77218],[75.93753,11.77219],[75.93785,11.77264],[75.93784,11.77322],[75.93812,11.77375],[75.93877,11.77407],[75.93935,11.7741],[75.93981,11.774],[75.94039,11.77376],[75.94067,11.77345],[75.94093,11.77345],[75.94173,11.77373],[75.94237,11.77372],[75.94317,11.7736],[75.9435,11.77366],[75.9438,11.77332],[75.94364,11.77311],[75.94227,11.77212],[75.94209,11.77211],[75.94095,11.7715],[75.94019,11.771],[75.93803,11.77017],[75.93727,11.77002],[75.93473,11.77007],[75.93434,11.77023],[75.93349,11.77116],[75.93224,11.77326],[75.93228,11.77453],[75.93214,11.77469],[75.93187,11.77454],[75.9317,11.77411],[75.93101,11.77347],[75.93001,11.7731],[75.92925,11.77293],[75.92864,11.77318],[75.92832,11.77365],[75.92796,11.77483],[75.92794,11.77551],[75.92769,11.77629],[75.92775,11.77665],[75.92807,11.77692],[75.92869,11.77704],[75.92976,11.77763],[75.93081,11.7779],[75.93177,11.77787],[75.93212,11.77797],[75.93275,11.77839],[75.93289,11.77859],[75.93295,11.77923],[75.93268,11.77928],[75.93225,11.77878],[75.93175,11.77855],[75.93042,11.77841],[75.92963,11.77813],[75.92883,11.7777],[75.92773,11.77744],[75.92699,11.77754],[75.92641,11.77807],[75.92604,11.77856],[75.92589,11.77893],[75.92574,11.78007],[75.92602,11.78056],[75.92689,11.78083],[75.92768,11.78085],[75.92816,11.78113],[75.92934,11.78107],[75.93049,11.78141],[75.93142,11.78131],[75.93273,11.7815],[75.93381,11.7822],[75.93439,11.78235],[75.9353,11.78279],[75.93582,11.78273],[75.93672,11.78226],[75.93697,11.78141],[75.93707,11.78063],[75.93757,11.78026],[75.9381,11.78028],[75.93867,11.7809],[75.93893,11.781],[75.93945,11.78091],[75.93987,11.78026],[75.9401,11.7802],[75.94047,11.7805],[75.94075,11.7812],[75.94077,11.7816],[75.93983,11.78229],[75.93972,11.7825],[75.9398,11.78317],[75.93949,11.78334],[75.93905,11.78324],[75.93864,11.78333],[75.93829,11.78363],[75.93803,11.78412],[75.93767,11.78411],[75.93748,11.78392],[75.93729,11.78325],[75.93687,11.78298],[75.93665,11.78296],[75.93581,11.78318],[75.93536,11.78344],[75.93485,11.78422],[75.93473,11.78471],[75.93501,11.78572],[75.93501,11.78618],[75.93491,11.78639],[75.93478,11.78641],[75.93468,11.7863],[75.93443,11.78577],[75.93404,11.7854],[75.93347,11.78533],[75.933,11.7855],[75.93238,11.78649],[75.93245,11.7872],[75.93267,11.78758],[75.93263,11.7879],[75.93228,11.78798],[75.93154,11.78739],[75.93108,11.78717],[75.93033,11.7872],[75.92996,11.78747],[75.92986,11.78764],[75.9298,11.78838],[75.93018,11.78974],[75.93018,11.79006],[75.92953,11.79117],[75.92948,11.79195],[75.92917,11.79249],[75.92876,11.79254],[75.92834,11.79219],[75.92722,11.79208],[75.92699,11.79177],[75.9271,11.7914],[75.92816,11.79134],[75.92842,11.79125],[75.92869,11.79101],[75.92917,11.79027],[75.92938,11.78934],[75.92924,11.78852],[75.92901,11.78826],[75.92848,11.78796],[75.92834,11.78768],[75.92811,11.7875],[75.92768,11.78743],[75.92691,11.78757],[75.92667,11.78755],[75.92651,11.78739],[75.92655,11.78716],[75.92668,11.78708],[75.92799,11.78676],[75.92827,11.78655],[75.92848,11.78596],[75.92848,11.78545],[75.92828,11.78482],[75.92822,11.7839],[75.92789,11.78252],[75.9271,11.78157],[75.92664,11.78132],[75.92578,11.78118],[75.92514,11.78141],[75.92488,11.78173],[75.9248,11.78203],[75.92483,11.78256],[75.92507,11.78364],[75.92525,11.78544],[75.92509,11.78676],[75.92493,11.78695],[75.92477,11.78697],[75.92447,11.78694],[75.92429,11.78678],[75.92398,11.78491],[75.92355,11.78457],[75.92248,11.78427],[75.92216,11.78395],[75.92179,11.78388],[75.92174,11.78372],[75.92184,11.78337],[75.92205,11.78314],[75.92279,11.78327],[75.92327,11.78327],[75.92368,11.78314],[75.92417,11.78231],[75.92406,11.78182],[75.92378,11.78162],[75.92157,11.78164],[75.92041,11.78128],[75.91946,11.78114],[75.91857,11.78114],[75.91757,11.78133],[75.91587,11.78194],[75.91491,11.78262],[75.91448,11.78337],[75.91441,11.78433],[75.91486,11.78539],[75.91478,11.78611],[75.91447,11.78607],[75.91427,11.78584],[75.9142,11.78513],[75.91396,11.78464],[75.91364,11.7845],[75.91317,11.78465],[75.9122,11.78556],[75.9118,11.78617],[75.91176,11.78653],[75.91224,11.78703],[75.91266,11.78776],[75.91266,11.78815],[75.91232,11.78821],[75.91206,11.78808],[75.91184,11.78779],[75.91153,11.78707],[75.91123,11.7867],[75.91069,11.78658],[75.90985,11.78679],[75.90872,11.78691],[75.90781,11.7873],[75.90751,11.78755],[75.90729,11.7879],[75.90719,11.78824],[75.90724,11.78848],[75.90846,11.78956],[75.90848,11.79059],[75.90971,11.79242],[75.90966,11.79289],[75.90947,11.7931],[75.90879,11.79266],[75.90851,11.79228],[75.90845,11.79208],[75.90854,11.79193],[75.90856,11.7915],[75.90834,11.79097],[75.90783,11.79022],[75.90748,11.78948],[75.90709,11.78918],[75.90685,11.78912],[75.90624,11.78951],[75.90596,11.78982],[75.90531,11.79145],[75.9053,11.79238],[75.90516,11.79259],[75.90465,11.79289],[75.90446,11.79314],[75.90437,11.79348],[75.9044,11.79386],[75.90473,11.79502],[75.9053,11.7954],[75.90597,11.79557],[75.90652,11.79608],[75.90692,11.7962],[75.90697,11.79632],[75.90685,11.79666],[75.90649,11.79671],[75.90617,11.79689],[75.90595,11.79724],[75.90577,11.79783],[75.9057,11.79821],[75.90577,11.79891],[75.90625,11.80015],[75.90648,11.80042],[75.90723,11.80088],[75.90825,11.80114],[75.90885,11.80112],[75.90965,11.80128],[75.90973,11.80146],[75.90959,11.8017],[75.90926,11.80182],[75.90731,11.80196],[75.90675,11.80209],[75.90683,11.8027],[75.90703,11.80304],[75.90694,11.8033],[75.90679,11.8034],[75.90628,11.80328],[75.90595,11.80251],[75.90514,11.8015],[75.90494,11.79988],[75.9047,11.79894],[75.9041,11.79779],[75.90382,11.79744],[75.9035,11.79738],[75.90279,11.79771],[75.90253,11.79804],[75.90223,11.79915],[75.90187,11.79939],[75.90178,11.79935],[75.90177,11.7986],[75.90205,11.79759],[75.90347,11.79626],[75.90379,11.79565],[75.90408,11.79474],[75.90406,11.79199],[75.90408,11.79158],[75.90424,11.79132],[75.90524,11.79063],[75.90553,11.79033],[75.90658,11.78838],[75.90763,11.78695],[75.90803,11.78672],[75.90897,11.7866],[75.91074,11.78619],[75.91212,11.78543],[75.91364,11.78398],[75.91537,11.78206],[75.91634,11.78142],[75.91713,11.78105],[75.9179,11.78084],[75.92052,11.78076],[75.92207,11.78107],[75.92302,11.78115],[75.92363,11.78112],[75.92439,11.78075],[75.92515,11.78016],[75.92557,11.7793],[75.92603,11.77785],[75.92668,11.77666],[75.92741,11.77613],[75.9278,11.77553],[75.92785,11.774],[75.92812,11.77343],[75.9286,11.7729],[75.92941,11.77272],[75.9304,11.77299],[75.93098,11.77334],[75.93158,11.77341],[75.93203,11.77326],[75.93275,11.77237],[75.93337,11.77124],[75.93438,11.76983],[75.9349,11.76947],[75.93663,11.76952],[75.93897,11.77009],[75.94183,11.77108],[75.9434,11.77188],[75.94395,11.77228],[75.94411,11.7726],[75.94411,11.77301],[75.94361,11.7738],[75.94368,11.77472],[75.94392,11.77518],[75.94502,11.77617],[75.94621,11.77645],[75.94904,11.77612],[75.94958,11.77626],[75.95,11.77674],[75.95007,11.7776],[75.94993,11.77841],[75.94939,11.78009],[75.94953,11.7814],[75.94953,11.78248],[75.94939,11.78329],[75.94945,11.78402],[75.94972,11.78466],[75.95021,11.78545],[75.95122,11.78644],[75.95166,11.78705],[75.95197,11.78728],[75.95277,11.78882],[75.9531,11.78932],[75.95357,11.78974],[75.954,11.78984],[75.95537,11.78977],[75.95582,11.78963],[75.95708,11.78878],[75.95754,11.78869],[75.95785,11.78896],[75.95834,11.78972],[75.95864,11.79056],[75.95911,11.79092],[75.95985,11.79114],[75.96012,11.7915],[75.96019,11.79177],[75.96014,11.79224],[75.95904,11.79305],[75.95827,11.79377],[75.9576,11.79496],[75.95734,11.79587],[75.95737,11.79636],[75.95782,11.7971],[75.95864,11.79771],[75.95893,11.79766],[75.95924,11.79735],[75.96069,11.79713],[75.9621,11.79712],[75.96372,11.79677],[75.96505,11.79694],[75.96624,11.79694],[75.96671,11.79683],[75.96714,11.79659],[75.96799,11.79647],[75.97049,11.79676],[75.97231,11.79665],[75.97294,11.79636],[75.9735,11.79524],[75.97385,11.7949],[75.97418,11.79492],[75.9751,11.79544],[75.97695,11.79611],[75.97747,11.79614],[75.97846,11.79598],[75.97868,11.79604],[75.97919,11.79661],[75.98057,11.79888],[75.98091,11.79917],[75.98228,11.7992],[75.9845,11.79883],[75.98622,11.79865],[75.98682,11.7987],[75.98845,11.79849],[75.98865,11.79911],[75.98866,11.79946],[75.98753,11.79999],[75.98705,11.80038],[75.987,11.80147],[75.98724,11.802],[75.98721,11.80234],[75.98708,11.80244],[75.98661,11.80247],[75.98627,11.8026],[75.98589,11.80258],[75.98484,11.80297],[75.98471,11.80323],[75.98384,11.80391],[75.9835,11.80457],[75.9839,11.80523],[75.98459,11.8059],[75.98463,11.80617],[75.98448,11.80629],[75.98447,11.80645],[75.9851,11.80748],[75.98523,11.8076],[75.98557,11.8076],[75.986,11.8081],[75.98645,11.80814],[75.98727,11.808],[75.98743,11.80793],[75.98775,11.80741],[75.98851,11.80717],[75.98874,11.80674],[75.98899,11.80667],[75.9892,11.80682],[75.98928,11.80694],[75.9892,11.80719],[75.98784,11.80778],[75.98776,11.80821],[75.98711,11.80931],[75.98712,11.80953],[75.98727,11.8097],[75.98784,11.80986],[75.98831,11.8105],[75.98888,11.81069],[75.98915,11.8109],[75.98882,11.81167],[75.98879,11.81212],[75.98869,11.81227],[75.98871,11.81241],[75.98895,11.81248],[75.989,11.81268],[75.9887,11.81275],[75.98818,11.81249],[75.98763,11.81248],[75.98718,11.81267],[75.98689,11.81305],[75.98662,11.81321],[75.98621,11.81414],[75.98595,11.81448],[75.98479,11.81432],[75.98454,11.81411],[75.98427,11.81408],[75.98402,11.81418],[75.98335,11.8148],[75.98299,11.81493],[75.98306,11.81533],[75.98335,11.81591],[75.98418,11.81683],[75.98465,11.81749],[75.98466,11.81766],[75.98434,11.81796],[75.98325,11.81846],[75.98289,11.81897],[75.98227,11.81943],[75.98221,11.8197],[75.9819,11.81988],[75.98142,11.81997],[75.98108,11.81989],[75.98045,11.81913],[75.97878,11.81805],[75.97768,11.81831],[75.97736,11.81853],[75.97703,11.81902],[75.97674,11.81912],[75.97601,11.81889],[75.97521,11.81891],[75.97521,11.8194],[75.97497,11.81979],[75.97514,11.82043],[75.97506,11.82092],[75.97514,11.82157],[75.97538,11.82177],[75.97609,11.82178],[75.97626,11.82188],[75.97632,11.82207],[75.97595,11.82222],[75.97613,11.8227],[75.97585,11.82285],[75.97589,11.8232],[75.97626,11.82374],[75.9771,11.82434],[75.97736,11.82539],[75.97781,11.82576],[75.97765,11.82617],[75.97768,11.82644],[75.97708,11.82725],[75.97703,11.82786],[75.9767,11.82794],[75.97644,11.82783],[75.97565,11.82797],[75.97553,11.82806],[75.97525,11.82883],[75.97453,11.82891],[75.97373,11.82942],[75.97301,11.82963],[75.97261,11.82998],[75.9721,11.8301],[75.97141,11.83115],[75.97063,11.83147],[75.97034,11.83148],[75.96979,11.83104],[75.96935,11.83094],[75.96839,11.83112],[75.96775,11.83111],[75.96738,11.83149],[75.96674,11.83273],[75.96601,11.83342],[75.96529,11.83351],[75.96491,11.83385],[75.96381,11.83389],[75.96352,11.83407],[75.96278,11.83415],[75.96246,11.83432],[75.96207,11.83427],[75.96246,11.83445],[75.96275,11.83425],[75.96439,11.83395],[75.9645,11.83423]],[[75.93081,11.78279],[75.93005,11.78208],[75.92964,11.78197],[75.92894,11.78197],[75.92853,11.7823],[75.92839,11.78272],[75.92843,11.78357],[75.92862,11.78418],[75.92901,11.78482],[75.92912,11.78519],[75.92901,11.78664],[75.9294,11.78669],[75.93014,11.78632],[75.9312,11.78533],[75.93127,11.78494],[75.93074,11.78395],[75.9309,11.78356],[75.9309,11.78298],[75.93081,11.78279]]]}},{"type":"Feature","properties":{"class":"Flood plain","fid":"53","landform":"Flood plain"},"geometry":{"type":"Polygon","coordinates":[[[76.11802,11.85506],[76.11785,11.85551],[76.11639,11.85615],[76.1155,11.85623],[76.11499,11.85658],[76.11282,11.85702],[76.11234,11.85718],[76.11214,11.85737],[76.11173,11.85735],[76.11132,11.85697],[76.11083,11.85694],[76.11028,11.85669],[76.10955,11.85675],[76.10941,11.85705],[76.10941,11.85774],[76.10991,11.85914],[76.10996,11.86007],[76.10971,11.8603],[76.10813,11.86114],[76.1069,11.86113],[76.10657,11.86096],[76.10628,11.86059],[76.10627,11.86031],[76.1064,11.86003],[76.10664,11.8598],[76.10732,11.85956],[76.10744,11.85942],[76.10721,11.85864],[76.10661,11.85816],[76.10599,11.85818],[76.10464,11.85894],[76.10397,11.85891],[76.10339,11.85847],[76.10123,11.85837],[76.09945,11.85895],[76.09931,11.85908],[76.09931,11.85966],[76.09995,11.86165],[76.09992,11.86206],[76.09969,11.86237],[76.09927,11.86265],[76.09868,11.86271],[76.09695,11.86195],[76.09633,11.86193],[76.09599,11.86201],[76.09531,11.86261],[76.09526,11.86344],[76.09548,11.86378],[76.09686,11.86504],[76.09695,11.86562],[76.09692,11.86622],[76.09682,11.86641],[76.09599,11.86667],[76.09492,11.86659],[76.09421,11.86668],[76.09398,11.86683],[76.0938,11.86744],[76.09383,11.86825],[76.0937,11.86917],[76.09289,11.87053],[76.09279,11.87111],[76.09235,11.87205],[76.09219,11.87219],[76.09179,11.87224],[76.09103,11.87202],[76.08916,11.87199],[76.08875,11.8717],[76.08839,11.87112],[76.0881,11.87084],[76.08728,11.87032],[76.08691,11.87021],[76.08645,11.87027],[76.08572,11.87097],[76.08515,11.87121],[76.08493,11.87145],[76.08485,11.87172],[76.08503,11.87353],[76.08498,11.87428],[76.0848,11.87501],[76.0846,11.87531],[76.08447,11.87618],[76.08407,11.87687],[76.08398,11.87759],[76.0831,11.8781],[76.08172,11.87822],[76.08116,11.87858],[76.07986,11.88002],[76.07986,11.88038],[76.08003,11.88069],[76.08001,11.88097],[76.07935,11.88117],[76.07843,11.88221],[76.07694,11.88313],[76.07655,11.8836],[76.07635,11.88459],[76.0761,11.88489],[76.07504,11.88559],[76.07438,11.88569],[76.07352,11.88655],[76.07227,11.88744],[76.07158,11.88777],[76.07056,11.88798],[76.07034,11.88796],[76.07005,11.88775],[76.06738,11.88789],[76.06677,11.88772],[76.06532,11.88764],[76.06441,11.8873],[76.0639,11.88694],[76.06359,11.88691],[76.06319,11.88727],[76.06302,11.88831],[76.06281,11.88873],[76.06221,11.88939],[76.06161,11.88975],[76.06161,11.88995],[76.06187,11.89003],[76.06191,11.89015],[76.0619,11.89037],[76.06168,11.89063],[76.06103,11.89098],[76.06065,11.89095],[76.05967,11.89181],[76.0592,11.89206],[76.05807,11.89234],[76.05594,11.89318],[76.05552,11.89285],[76.05488,11.89203],[76.05473,11.89164],[76.0546,11.89022],[76.05396,11.89039],[76.05337,11.89008],[76.05304,11.89005],[76.05262,11.88975],[76.05222,11.88961],[76.05155,11.88954],[76.05005,11.88961],[76.04978,11.88954],[76.04964,11.88947],[76.04948,11.88892],[76.04871,11.88862],[76.0486,11.88824],[76.04828,11.88776],[76.04798,11.88745],[76.04746,11.88721],[76.04718,11.88718],[76.04692,11.88739],[76.04637,11.88816],[76.04626,11.88842],[76.0463,11.88869],[76.04613,11.889],[76.04578,11.8895],[76.04493,11.89039],[76.04465,11.8905],[76.04378,11.89052],[76.04317,11.8909],[76.04076,11.89092],[76.03962,11.89006],[76.03881,11.88971],[76.03793,11.88954],[76.03743,11.88957],[76.03704,11.88979],[76.03669,11.88967],[76.03637,11.88913],[76.03651,11.88794],[76.03613,11.88689],[76.03592,11.8868],[76.03506,11.8869],[76.0346,11.88678],[76.03432,11.88641],[76.03441,11.88589],[76.03433,11.88526],[76.03423,11.88515],[76.03371,11.88511],[76.03344,11.88496],[76.03323,11.88431],[76.03216,11.88426],[76.03166,11.88456],[76.03147,11.88473],[76.03035,11.88656],[76.02937,11.88778],[76.02905,11.88788],[76.02863,11.88771],[76.02835,11.88724],[76.02811,11.88703],[76.02691,11.88637],[76.02643,11.88634],[76.02544,11.88592],[76.02461,11.88571],[76.02378,11.88597],[76.02234,11.88585],[76.02181,11.88591],[76.02084,11.88528],[76.0203,11.88518],[76.01995,11.88534],[76.01921,11.88616],[76.01881,11.88692],[76.01789,11.8882],[76.01773,11.88854],[76.01769,11.88903],[76.01741,11.88906],[76.01677,11.88893],[76.01638,11.88873],[76.01611,11.88874],[76.01598,11.88884],[76.01584,11.8905],[76.01532,11.89206],[76.01533,11.8929],[76.01514,11.8933],[76.01483,11.89324],[76.01289,11.89213],[76.0117,11.8916],[76.0106,11.8916],[76.01019,11.89138],[76.00948,11.89169],[76.0091,11.892],[76.00895,11.89225],[76.00904,11.8928],[76.0088,11.893],[76.00774,11.89215],[76.00724,11.89204],[76.0067,11.89224],[76.00587,11.89283],[76.00521,11.89346],[76.00505,11.89391],[76.00491,11.89509],[76.00499,11.89586],[76.00479,11.89623],[76.00458,11.89703],[76.00481,11.89819],[76.00477,11.89874],[76.00466,11.89891],[76.00421,11.89928],[76.00349,11.89937],[75.99977,11.90115],[75.99874,11.90112],[75.99848,11.90188],[75.9978,11.90214],[75.99725,11.90221],[75.99546,11.90381],[75.99424,11.90421],[75.9942,11.90413],[75.99432,11.90358],[75.99526,11.90301],[75.99589,11.90224],[75.99667,11.90174],[75.99703,11.90137],[75.99765,11.90042],[75.99786,11.90026],[75.99989,11.90013],[76.00217,11.8989],[76.00256,11.89827],[76.00266,11.89782],[76.00214,11.89656],[76.00203,11.89581],[76.00256,11.89516],[76.00284,11.895],[76.00337,11.89443],[76.0036,11.89375],[76.00404,11.89333],[76.00534,11.8926],[76.00654,11.89164],[76.00765,11.89145],[76.00979,11.89077],[76.01084,11.89072],[76.01123,11.89078],[76.01201,11.89109],[76.01318,11.89101],[76.01367,11.89052],[76.01389,11.88999],[76.01386,11.88913],[76.01366,11.88787],[76.01376,11.88746],[76.01424,11.8874],[76.01477,11.88759],[76.0153,11.88846],[76.01558,11.88851],[76.01615,11.8884],[76.01639,11.88818],[76.01639,11.88765],[76.0156,11.88698],[76.0157,11.88666],[76.01613,11.88672],[76.0167,11.88697],[76.01756,11.88684],[76.01843,11.88637],[76.01885,11.88578],[76.01922,11.88489],[76.01977,11.88457],[76.02048,11.88448],[76.02152,11.88411],[76.02229,11.88416],[76.02396,11.88495],[76.02531,11.88504],[76.02598,11.88488],[76.02665,11.88442],[76.02759,11.88407],[76.02896,11.8841],[76.02947,11.88375],[76.02988,11.88364],[76.03077,11.88364],[76.03139,11.88375],[76.03279,11.88354],[76.0331,11.88361],[76.03365,11.8839],[76.03464,11.88504],[76.0355,11.88554],[76.03621,11.88609],[76.03699,11.8875],[76.0378,11.8881],[76.03823,11.88863],[76.03868,11.88872],[76.03915,11.88853],[76.03942,11.88862],[76.03958,11.88902],[76.04028,11.88907],[76.04071,11.88926],[76.04102,11.88926],[76.04152,11.88904],[76.04208,11.88894],[76.04246,11.88899],[76.04315,11.88922],[76.04376,11.88985],[76.04407,11.88999],[76.04433,11.88991],[76.04436,11.88978],[76.04424,11.889],[76.04434,11.88872],[76.04491,11.88797],[76.04512,11.88751],[76.04553,11.88707],[76.04563,11.88647],[76.04581,11.88626],[76.046,11.88626],[76.04625,11.88665],[76.0463,11.88706],[76.04644,11.88726],[76.04667,11.88727],[76.04718,11.88698],[76.04798,11.88704],[76.04819,11.88715],[76.04886,11.88788],[76.04909,11.88797],[76.04995,11.88887],[76.05047,11.88925],[76.05075,11.88935],[76.05248,11.88943],[76.05403,11.89006],[76.05466,11.89001],[76.05482,11.89012],[76.05495,11.89043],[76.05509,11.89168],[76.05542,11.89222],[76.05592,11.89271],[76.0563,11.89275],[76.05678,11.89266],[76.0573,11.89233],[76.05774,11.89143],[76.0598,11.89054],[76.06103,11.88966],[76.06183,11.88884],[76.06238,11.88809],[76.06285,11.88707],[76.06371,11.8862],[76.06406,11.88618],[76.0645,11.88634],[76.06488,11.88704],[76.06549,11.88727],[76.06713,11.88737],[76.0685,11.88761],[76.06991,11.88748],[76.07032,11.88733],[76.07051,11.88676],[76.07063,11.88667],[76.07129,11.88685],[76.07184,11.88677],[76.07254,11.88638],[76.07338,11.88625],[76.0736,11.8861],[76.07369,11.88594],[76.07351,11.88552],[76.07349,11.88517],[76.07371,11.88479],[76.07396,11.88478],[76.07438,11.88517],[76.07465,11.88519],[76.07582,11.88465],[76.07609,11.88427],[76.07641,11.88333],[76.07764,11.88211],[76.07801,11.88128],[76.07844,11.88093],[76.07939,11.8796],[76.07942,11.87914],[76.07898,11.87821],[76.0777,11.87712],[76.07781,11.87657],[76.07764,11.8757],[76.0777,11.87556],[76.07813,11.87526],[76.07898,11.87534],[76.07988,11.87717],[76.07994,11.87788],[76.08024,11.87824],[76.08045,11.87833],[76.08075,11.87832],[76.082,11.87781],[76.08283,11.87775],[76.08356,11.87729],[76.084,11.87662],[76.08455,11.87397],[76.08478,11.87333],[76.08478,11.87277],[76.08452,11.87154],[76.08452,11.87106],[76.08468,11.87083],[76.08551,11.87061],[76.08639,11.86988],[76.08717,11.86984],[76.08759,11.87001],[76.08782,11.87021],[76.08893,11.87145],[76.0894,11.8715],[76.08986,11.87138],[76.09082,11.87171],[76.09152,11.87182],[76.09214,11.87172],[76.09242,11.8714],[76.09273,11.87018],[76.09335,11.86886],[76.09337,11.86835],[76.09323,11.8675],[76.09323,11.86712],[76.09335,11.86678],[76.09369,11.8664],[76.09431,11.86613],[76.09591,11.86596],[76.09624,11.86578],[76.09642,11.86553],[76.09644,11.86514],[76.09633,11.86495],[76.09522,11.86419],[76.09507,11.86386],[76.09464,11.86343],[76.09404,11.86354],[76.09361,11.86349],[76.09175,11.86266],[76.09159,11.86272],[76.09138,11.86321],[76.09116,11.86336],[76.09094,11.86336],[76.09052,11.86272],[76.08971,11.8624],[76.08924,11.8624],[76.08886,11.86268],[76.08856,11.86277],[76.08685,11.8627],[76.08613,11.86316],[76.08587,11.86319],[76.08559,11.8631],[76.08482,11.86244],[76.0839,11.86221],[76.08204,11.86243],[76.08101,11.86272],[76.08059,11.86317],[76.07993,11.86348],[76.07862,11.8637],[76.07737,11.86433],[76.07671,11.86431],[76.07604,11.86405],[76.07538,11.86364],[76.07425,11.86346],[76.07238,11.86228],[76.07174,11.86202],[76.07129,11.86152],[76.07033,11.85966],[76.06941,11.8588],[76.06889,11.85817],[76.06812,11.85761],[76.06708,11.85747],[76.06657,11.85761],[76.0661,11.8579],[76.0657,11.85833],[76.06507,11.86082],[76.06449,11.86167],[76.06401,11.86213],[76.06331,11.86342],[76.06331,11.86407],[76.06341,11.86423],[76.06365,11.86426],[76.06372,11.8644],[76.0636,11.86476],[76.06231,11.86482],[76.06175,11.8652],[76.06119,11.86531],[76.06052,11.86526],[76.06028,11.86478],[76.06028,11.8643],[76.06042,11.86399],[76.06083,11.86349],[76.06174,11.86297],[76.062,11.8627],[76.06205,11.86251],[76.062,11.86204],[76.06176,11.86184],[76.06131,11.86175],[76.06088,11.86206],[76.06042,11.86211],[76.06042,11.8618],[76.06052,11.86163],[76.06365,11.85976],[76.06448,11.85887],[76.06484,11.85835],[76.06501,11.8577],[76.06498,11.85725],[76.06396,11.85606],[76.06334,11.85505],[76.06272,11.85474],[76.06229,11.85438],[76.06212,11.85407],[76.06133,11.85336],[76.06066,11.85305],[76.06007,11.85312],[76.05959,11.85348],[76.05921,11.85393],[76.05871,11.85491],[76.05835,11.85536],[76.05708,11.85656],[76.05646,11.85751],[76.0561,11.8598],[76.05582,11.86064],[76.05563,11.86207],[76.05566,11.86293],[76.0556,11.86311],[76.05536,11.86328],[76.05489,11.86322],[76.05474,11.86293],[76.05479,11.86045],[76.05472,11.86026],[76.05456,11.86021],[76.05446,11.85999],[76.05429,11.8599],[76.05364,11.85988],[76.05283,11.86009],[76.05224,11.86033],[76.05126,11.8611],[76.05064,11.86107],[76.05049,11.86095],[76.05056,11.85999],[76.05042,11.85983],[76.04959,11.85983],[76.04928,11.85999],[76.04865,11.86057],[76.04837,11.86069],[76.04782,11.86064],[76.04765,11.8605],[76.04758,11.85989],[76.04777,11.85968],[76.04852,11.85968],[76.04868,11.85957],[76.04877,11.85882],[76.04889,11.85867],[76.04954,11.85866],[76.0505,11.85893],[76.05128,11.85893],[76.05248,11.85873],[76.05338,11.85823],[76.05355,11.858],[76.05347,11.85747],[76.05295,11.85719],[76.05165,11.85676],[76.05143,11.85608],[76.05155,11.85576],[76.05193,11.85565],[76.053,11.85583],[76.05405,11.85635],[76.05555,11.85673],[76.05578,11.85653],[76.05598,11.85591],[76.05623,11.85553],[76.05668,11.85508],[76.0568,11.85478],[76.05741,11.854],[76.05814,11.85366],[76.05836,11.85338],[76.05861,11.85274],[76.05856,11.85212],[76.05744,11.85064],[76.05694,11.84975],[76.05644,11.84968],[76.05534,11.85025],[76.05415,11.85042],[76.05369,11.85064],[76.05317,11.85107],[76.05247,11.85264],[76.05202,11.85321],[76.05184,11.85338],[76.05147,11.85345],[76.05059,11.85388],[76.04999,11.85474],[76.04978,11.85498],[76.04963,11.85501],[76.04899,11.85448],[76.04825,11.85412],[76.04815,11.85374],[76.04825,11.85341],[76.05023,11.85252],[76.05114,11.85236],[76.05162,11.85207],[76.05202,11.85178],[76.05283,11.85023],[76.05269,11.84997],[76.05212,11.84956],[76.04959,11.8484],[76.0489,11.84794],[76.04843,11.84784],[76.04768,11.84788],[76.04732,11.84813],[76.04646,11.84959],[76.04577,11.85019],[76.04491,11.85045],[76.04429,11.85023],[76.04389,11.85027],[76.04256,11.85109],[76.04192,11.85177],[76.04173,11.85213],[76.04168,11.85262],[76.04125,11.85285],[76.04071,11.85272],[76.04028,11.85243],[76.03968,11.8511],[76.03932,11.85074],[76.0391,11.85035],[76.03846,11.84989],[76.03795,11.8498],[76.03756,11.8498],[76.03616,11.85044],[76.03511,11.85178],[76.03364,11.85272],[76.03304,11.85275],[76.03242,11.85251],[76.03242,11.85201],[76.03297,11.85133],[76.03506,11.84964],[76.03516,11.84885],[76.03554,11.84837],[76.03654,11.84803],[76.03684,11.84755],[76.03763,11.84725],[76.03807,11.8472],[76.04179,11.84708],[76.04269,11.84665],[76.04312,11.84615],[76.04324,11.84564],[76.04301,11.84526],[76.0424,11.84466],[76.04066,11.84392],[76.04001,11.84375],[76.03928,11.84368],[76.03713,11.84413],[76.03523,11.84415],[76.03364,11.84476],[76.03169,11.84464],[76.03018,11.84468],[76.02924,11.84509],[76.02858,11.84579],[76.02803,11.8461],[76.02713,11.84625],[76.02648,11.84661],[76.02594,11.84671],[76.02536,11.84665],[76.02496,11.8464],[76.02428,11.84619],[76.02384,11.84626],[76.02323,11.84651],[76.02298,11.84687],[76.02284,11.84729],[76.02262,11.84858],[76.0224,11.84882],[76.02195,11.84886],[76.02151,11.84878],[76.02127,11.84849],[76.02072,11.84827],[76.01928,11.84844],[76.01892,11.84837],[76.01877,11.84817],[76.01887,11.84774],[76.01947,11.84721],[76.01973,11.84711],[76.02079,11.84702],[76.02113,11.84661],[76.0213,11.84618],[76.02113,11.84405],[76.02119,11.84387],[76.02144,11.8437],[76.0219,11.84365],[76.02288,11.84513],[76.02319,11.84521],[76.02396,11.84518],[76.02456,11.84494],[76.02483,11.84471],[76.02506,11.8443],[76.02505,11.84396],[76.02426,11.84317],[76.0237,11.84278],[76.02361,11.84247],[76.02366,11.84225],[76.02402,11.84197],[76.02471,11.84198],[76.02614,11.84252],[76.02654,11.84241],[76.02679,11.84202],[76.02686,11.84031],[76.02715,11.83989],[76.02747,11.83999],[76.02885,11.84141],[76.02967,11.84126],[76.02996,11.84101],[76.03011,11.84052],[76.02999,11.84009],[76.02963,11.83952],[76.0296,11.83917],[76.0296,11.83856],[76.02979,11.83828],[76.02999,11.83824],[76.03042,11.83843],[76.03246,11.83997],[76.03321,11.8403],[76.03333,11.84057],[76.03328,11.84076],[76.03198,11.84136],[76.03175,11.84163],[76.03169,11.84196],[76.03176,11.84231],[76.03205,11.84271],[76.03261,11.84307],[76.03285,11.8431],[76.03343,11.84283],[76.03376,11.84236],[76.03408,11.84219],[76.03444,11.84222],[76.03502,11.84255],[76.03554,11.84253],[76.0361,11.84229],[76.03689,11.84154],[76.03704,11.84126],[76.03704,11.84082],[76.03689,11.84046],[76.03651,11.8402],[76.03611,11.83965],[76.0361,11.83926],[76.03623,11.83908],[76.03643,11.83893],[76.03663,11.83896],[76.03708,11.83943],[76.03764,11.83953],[76.03801,11.83938],[76.03858,11.83862],[76.03877,11.83852],[76.03901,11.83855],[76.03923,11.83869],[76.03933,11.83893],[76.03978,11.84101],[76.04025,11.84189],[76.04315,11.84325],[76.0438,11.84396],[76.04445,11.84584],[76.04495,11.84603],[76.04561,11.84597],[76.04579,11.84555],[76.04574,11.84507],[76.04554,11.84462],[76.04486,11.84381],[76.04442,11.84252],[76.04441,11.84199],[76.04467,11.84156],[76.04524,11.84149],[76.04541,11.84166],[76.04575,11.8421],[76.04636,11.84376],[76.04654,11.84408],[76.04687,11.84436],[76.04763,11.84457],[76.04845,11.84453],[76.04882,11.84428],[76.04896,11.84393],[76.04896,11.84336],[76.04856,11.84211],[76.04842,11.84017],[76.0483,11.83982],[76.04839,11.83943],[76.04863,11.83932],[76.04894,11.83939],[76.0499,11.83997],[76.05092,11.84013],[76.05169,11.84037],[76.05196,11.8409],[76.05121,11.84257],[76.05107,11.84333],[76.05107,11.8446],[76.05123,11.84527],[76.05147,11.84555],[76.05188,11.84584],[76.05262,11.8461],[76.053,11.84634],[76.05312,11.8466],[76.05312,11.84683],[76.05278,11.84725],[76.05257,11.84794],[76.05259,11.8487],[76.05274,11.84906],[76.05293,11.84925],[76.05343,11.84935],[76.05388,11.84925],[76.05436,11.84899],[76.05489,11.84853],[76.05543,11.84743],[76.05577,11.84727],[76.05617,11.84734],[76.05637,11.84749],[76.05656,11.84818],[76.05703,11.8488],[76.05847,11.84935],[76.05904,11.84935],[76.05956,11.84908],[76.0598,11.84913],[76.06004,11.84966],[76.06011,11.8503],[76.06047,11.85092],[76.06085,11.85224],[76.06155,11.85298],[76.06288,11.85387],[76.06424,11.85455],[76.06477,11.85529],[76.06541,11.85555],[76.06606,11.85602],[76.06818,11.8567],[76.06923,11.85732],[76.0696,11.85771],[76.06981,11.85811],[76.07043,11.85871],[76.07193,11.8609],[76.07327,11.86224],[76.07441,11.86285],[76.07555,11.86302],[76.07715,11.86368],[76.07785,11.8636],[76.07825,11.86315],[76.07901,11.86303],[76.07998,11.86236],[76.08002,11.86179],[76.0797,11.86121],[76.07979,11.86108],[76.08016,11.8611],[76.08071,11.86184],[76.08107,11.86211],[76.0816,11.86217],[76.08218,11.86197],[76.08287,11.86157],[76.08449,11.86159],[76.08554,11.86154],[76.08598,11.86143],[76.08635,11.86088],[76.08635,11.86045],[76.08601,11.8598],[76.08599,11.85933],[76.08614,11.85866],[76.08623,11.85849],[76.08637,11.85847],[76.08654,11.85851],[76.0869,11.85904],[76.08736,11.86025],[76.08786,11.86091],[76.08838,11.86136],[76.08954,11.86135],[76.08972,11.86146],[76.08996,11.86194],[76.09026,11.86211],[76.09081,11.86211],[76.09127,11.86196],[76.09171,11.86194],[76.09241,11.86238],[76.09347,11.86265],[76.09397,11.86268],[76.09473,11.86242],[76.09565,11.86169],[76.09609,11.86158],[76.09695,11.86162],[76.09793,11.86212],[76.09824,11.86219],[76.09862,11.86221],[76.09901,11.8621],[76.09919,11.86186],[76.09926,11.86115],[76.09922,11.86078],[76.09895,11.86015],[76.09876,11.85899],[76.09829,11.85862],[76.09769,11.85843],[76.09665,11.85731],[76.09582,11.85708],[76.09486,11.85569],[76.09492,11.85544],[76.09554,11.85575],[76.09646,11.85654],[76.0968,11.85661],[76.09759,11.85708],[76.09822,11.85759],[76.09868,11.85822],[76.09907,11.85838],[76.09951,11.85831],[76.10052,11.85789],[76.10099,11.85785],[76.10242,11.85792],[76.10362,11.85818],[76.10453,11.85824],[76.10524,11.8579],[76.10609,11.8577],[76.1065,11.85769],[76.10699,11.85782],[76.10739,11.85819],[76.10774,11.8587],[76.10773,11.85995],[76.108,11.86016],[76.10869,11.8602],[76.1091,11.86002],[76.10919,11.85983],[76.1091,11.85853],[76.10878,11.8564],[76.10853,11.85587],[76.10796,11.85518],[76.10796,11.85493],[76.10855,11.85486],[76.10915,11.85508],[76.11026,11.85619],[76.11114,11.85664],[76.11149,11.85663],[76.11246,11.85637],[76.11424,11.85632],[76.11486,11.8561],[76.11542,11.85602],[76.11619,11.85569],[76.11688,11.85521],[76.11692,11.85466],[76.11683,11.85416],[76.11652,11.85372],[76.11554,11.85332],[76.11447,11.85318],[76.11364,11.85256],[76.11313,11.852],[76.11279,11.85144],[76.11277,11.85108],[76.11355,11.85055],[76.114,11.84976],[76.11409,11.84932],[76.11402,11.84828],[76.11372,11.8474],[76.11378,11.84683],[76.11403,11.84641],[76.11403,11.84555],[76.11372,11.84508],[76.11351,11.84495],[76.11317,11.8449],[76.11257,11.84498],[76.11221,11.84513],[76.11172,11.84565],[76.11135,11.84578],[76.11047,11.84589],[76.10909,11.84563],[76.1086,11.84563],[76.10818,11.84578],[76.1065,11.84703],[76.10642,11.84809],[76.10627,11.84843],[76.10606,11.84855],[76.10577,11.84825],[76.10559,11.84742],[76.10546,11.84719],[76.10526,11.84708],[76.10427,11.84716],[76.10281,11.84775],[76.10281,11.84735],[76.10442,11.84644],[76.10536,11.84606],[76.10612,11.84549],[76.107,11.84499],[76.10919,11.84402],[76.1098,11.84388],[76.11027,11.84355],[76.11069,11.84298],[76.11092,11.84206],[76.11092,11.84175],[76.11076,11.84147],[76.11034,11.84121],[76.10788,11.8412],[76.10684,11.84098],[76.10604,11.84098],[76.10509,11.84082],[76.10266,11.83965],[76.10218,11.83963],[76.10097,11.83913],[76.09964,11.83886],[76.09871,11.83844],[76.09775,11.83814],[76.09705,11.83807],[76.09611,11.83868],[76.09584,11.83907],[76.09545,11.83981],[76.09496,11.8415],[76.09486,11.84159],[76.09437,11.84163],[76.09381,11.8412],[76.09363,11.84084],[76.09358,11.84031],[76.09374,11.83981],[76.0945,11.83931],[76.09496,11.83864],[76.09504,11.83839],[76.09498,11.83763],[76.09473,11.83722],[76.09338,11.83623],[76.09155,11.83575],[76.09081,11.83531],[76.08998,11.83512],[76.08932,11.83512],[76.08908,11.83513],[76.08868,11.83533],[76.08809,11.83682],[76.08804,11.83744],[76.08807,11.83819],[76.08825,11.83853],[76.08863,11.83882],[76.08876,11.83906],[76.08883,11.83983],[76.08905,11.8405],[76.08915,11.84274],[76.08903,11.84307],[76.08892,11.84314],[76.0884,11.84308],[76.08824,11.84271],[76.08824,11.84127],[76.08806,11.84071],[76.08782,11.84033],[76.08741,11.84003],[76.08692,11.83987],[76.08563,11.83981],[76.08475,11.84006],[76.08289,11.84147],[76.08266,11.84161],[76.08217,11.84164],[76.08207,11.84147],[76.08206,11.84078],[76.08306,11.83961],[76.08371,11.83907],[76.08485,11.83835],[76.08687,11.83783],[76.08715,11.83762],[76.08744,11.83704],[76.08746,11.83648],[76.08723,11.83566],[76.08522,11.8339],[76.08374,11.83325],[76.08234,11.83292],[76.08227,11.83276],[76.08244,11.83217],[76.08284,11.83188],[76.08447,11.83193],[76.08483,11.83188],[76.08498,11.83177],[76.0853,11.83112],[76.08537,11.83032],[76.08524,11.82954],[76.08506,11.82918],[76.08402,11.82819],[76.08306,11.82775],[76.08026,11.82755],[76.07966,11.82734],[76.07957,11.82721],[76.07966,11.82696],[76.08027,11.82687],[76.08057,11.82653],[76.08055,11.82588],[76.08018,11.82547],[76.07881,11.82465],[76.07881,11.82435],[76.07919,11.82401],[76.07977,11.82401],[76.08008,11.82391],[76.0807,11.82316],[76.08093,11.82308],[76.08124,11.82315],[76.08135,11.82326],[76.08119,11.82479],[76.0813,11.82542],[76.08145,11.82578],[76.08195,11.82632],[76.08223,11.8265],[76.08317,11.82671],[76.08402,11.82702],[76.08501,11.82741],[76.08558,11.82775],[76.08641,11.82887],[76.08696,11.83003],[76.08813,11.83042],[76.08891,11.83129],[76.08908,11.83131],[76.08926,11.8312],[76.08933,11.83083],[76.08923,11.83006],[76.08901,11.82963],[76.08897,11.8293],[76.08927,11.82832],[76.08925,11.82806],[76.08894,11.82765],[76.0887,11.82755],[76.08801,11.82753],[76.08784,11.82737],[76.08774,11.82574],[76.08781,11.82472],[76.08819,11.82345],[76.08839,11.82317],[76.08929,11.82239],[76.08986,11.82156],[76.09006,11.82097],[76.09002,11.82066],[76.08966,11.8204],[76.08872,11.82029],[76.08804,11.81999],[76.08791,11.81985],[76.08833,11.81938],[76.0889,11.81927],[76.08952,11.8194],[76.08986,11.81917],[76.09017,11.81874],[76.09041,11.81813],[76.09057,11.81705],[76.09051,11.81557],[76.09037,11.81495],[76.08984,11.81359],[76.08939,11.813],[76.08842,11.81243],[76.08701,11.81256],[76.08601,11.81219],[76.08572,11.81196],[76.08533,11.81104],[76.08481,11.81069],[76.08396,11.81063],[76.08361,11.81071],[76.0834,11.81093],[76.08301,11.81179],[76.0827,11.8131],[76.08255,11.81325],[76.08236,11.81325],[76.08209,11.81295],[76.08231,11.81187],[76.08222,11.8111],[76.08092,11.8109],[76.08026,11.811],[76.07971,11.81141],[76.07922,11.81222],[76.07925,11.81306],[76.07942,11.81333],[76.07937,11.81376],[76.07883,11.81413],[76.07857,11.81406],[76.07808,11.81427],[76.07761,11.8143],[76.07749,11.81418],[76.07767,11.81281],[76.07761,11.81238],[76.07714,11.81185],[76.07606,11.81128],[76.07581,11.81089],[76.07584,11.81073],[76.07612,11.81057],[76.07723,11.81036],[76.07804,11.80998],[76.0781,11.8098],[76.07796,11.80928],[76.07761,11.8086],[76.07726,11.80813],[76.07647,11.80741],[76.07576,11.80716],[76.07386,11.8069],[76.07294,11.80712],[76.07235,11.80793],[76.07204,11.80883],[76.07192,11.81029],[76.07209,11.81104],[76.07206,11.81335],[76.07238,11.81433],[76.07214,11.81507],[76.07214,11.81549],[76.07251,11.81644],[76.07246,11.81688],[76.07212,11.81707],[76.07193,11.81707],[76.07175,11.81699],[76.07167,11.81653],[76.07151,11.81637],[76.07068,11.81625],[76.07044,11.81607],[76.07039,11.81558],[76.07072,11.81492],[76.07111,11.81324],[76.0708,11.81188],[76.07036,11.81119],[76.06979,11.81085],[76.06905,11.81081],[76.06871,11.81099],[76.06806,11.81189],[76.06689,11.81258],[76.06663,11.81288],[76.06637,11.81374],[76.0664,11.81535],[76.0663,11.81564],[76.06597,11.81568],[76.06555,11.8155],[76.06541,11.81534],[76.06502,11.81428],[76.06435,11.81392],[76.06284,11.81375],[76.06168,11.81383],[76.06113,11.81435],[76.06087,11.81496],[76.05951,11.81608],[76.05914,11.81674],[76.05911,11.81763],[76.05948,11.81809],[76.05993,11.81978],[76.06008,11.82002],[76.06126,11.82057],[76.06187,11.82188],[76.06187,11.82211],[76.06174,11.82225],[76.06153,11.82227],[76.06111,11.82217],[76.06077,11.82175],[76.0599,11.82107],[76.05917,11.82104],[76.05875,11.82122],[76.05856,11.82199],[76.05836,11.82234],[76.05717,11.82363],[76.05653,11.82488],[76.05623,11.82506],[76.05584,11.82492],[76.05575,11.82455],[76.0558,11.82382],[76.05591,11.82356],[76.05651,11.82306],[76.05764,11.8209],[76.05831,11.81924],[76.05826,11.81828],[76.05813,11.81813],[76.05798,11.81813],[76.05786,11.81828],[76.05739,11.81841],[76.05699,11.81803],[76.05752,11.8168],[76.05761,11.81635],[76.05727,11.81566],[76.05659,11.8152],[76.05635,11.81487],[76.05563,11.81436],[76.05509,11.81428],[76.05477,11.81444],[76.05432,11.81504],[76.05416,11.81544],[76.05388,11.81573],[76.05373,11.81574],[76.05341,11.81569],[76.05331,11.81559],[76.05286,11.81482],[76.05235,11.81433],[76.05215,11.81427],[76.05155,11.81444],[76.05094,11.81499],[76.05067,11.81542],[76.05058,11.81565],[76.05062,11.81669],[76.05049,11.81701],[76.05019,11.81705],[76.04902,11.81679],[76.04857,11.8168],[76.04827,11.81689],[76.04776,11.81728],[76.04729,11.81785],[76.04717,11.81818],[76.04723,11.8185],[76.04825,11.81946],[76.04871,11.82006],[76.04917,11.82029],[76.04942,11.82094],[76.04924,11.82122],[76.04908,11.82126],[76.04811,11.82057],[76.04788,11.82025],[76.04746,11.82006],[76.04705,11.82016],[76.04668,11.82071],[76.04641,11.82163],[76.04595,11.82269],[76.04563,11.82307],[76.04529,11.82304],[76.04525,11.82278],[76.04543,11.82193],[76.04564,11.81989],[76.04559,11.81777],[76.04554,11.81758],[76.04531,11.81745],[76.04501,11.81748],[76.04456,11.81781],[76.04375,11.81881],[76.04308,11.8205],[76.0429,11.82076],[76.04272,11.82085],[76.04254,11.82085],[76.04235,11.82066],[76.04234,11.81952],[76.04211,11.81891],[76.04176,11.81861],[76.04129,11.8185],[76.04071,11.81864],[76.04037,11.8189],[76.0396,11.81922],[76.03867,11.8202],[76.03793,11.82029],[76.03766,11.82002],[76.03759,11.81934],[76.03746,11.81914],[76.03674,11.8189],[76.03645,11.8189],[76.03645,11.8184],[76.03722,11.81838],[76.03835,11.81816],[76.03939,11.81818],[76.03992,11.81798],[76.04084,11.81816],[76.04188,11.81816],[76.04266,11.81836],[76.04349,11.81833],[76.04385,11.81806],[76.04427,11.81749],[76.04459,11.8173],[76.0453,11.81722],[76.04578,11.817],[76.04623,11.81709],[76.04701,11.81656],[76.04773,11.81648],[76.04806,11.81615],[76.0485,11.81623],[76.04874,11.81615],[76.04903,11.81544],[76.04917,11.81531],[76.04984,11.81473],[76.05035,11.81449],[76.0516,11.81351],[76.05287,11.81351],[76.05312,11.81363],[76.0533,11.81387],[76.05347,11.81391],[76.05367,11.8138],[76.05376,11.81351],[76.05396,11.81347],[76.05412,11.81367],[76.0544,11.81375],[76.05472,11.81401],[76.05569,11.81417],[76.05676,11.81513],[76.05785,11.8158],[76.05818,11.81589],[76.05844,11.81585],[76.05872,11.81567],[76.05902,11.81515],[76.05927,11.81494],[76.05994,11.81459],[76.06081,11.81443],[76.06111,11.81425],[76.06143,11.81383],[76.06159,11.81281],[76.06219,11.81244],[76.06327,11.81222],[76.06429,11.81219],[76.06456,11.81204],[76.06474,11.81179],[76.06505,11.81164],[76.06518,11.81164],[76.06545,11.8119],[76.06561,11.8119],[76.06586,11.81147],[76.06617,11.81144],[76.06652,11.81103],[76.06736,11.81107],[76.06796,11.8104],[76.06875,11.81014],[76.06929,11.80956],[76.06993,11.80943],[76.07025,11.80904],[76.07109,11.80885],[76.07132,11.80862],[76.07191,11.80727],[76.07211,11.80721],[76.07232,11.80739],[76.07259,11.80728],[76.07279,11.80683],[76.07278,11.80635],[76.0733,11.80591],[76.07352,11.80597],[76.07381,11.80634],[76.07407,11.80635],[76.07442,11.80626],[76.07496,11.80568],[76.07524,11.80563],[76.07602,11.80576],[76.07643,11.80599],[76.07686,11.80606],[76.0775,11.80645],[76.07835,11.80636],[76.07927,11.80754],[76.08066,11.80859],[76.08104,11.80873],[76.08179,11.80862],[76.08278,11.80823],[76.08355,11.80776],[76.08434,11.80745],[76.08461,11.80723],[76.08545,11.80703],[76.08597,11.80703],[76.0861,11.80742],[76.08572,11.80793],[76.08566,11.80971],[76.08624,11.81167],[76.0867,11.81221],[76.08685,11.81227],[76.08802,11.81223],[76.08889,11.81192],[76.08969,11.8122],[76.08998,11.81257],[76.09029,11.81367],[76.09149,11.81562],[76.09172,11.81631],[76.09172,11.81658],[76.09095,11.81801],[76.09095,11.81867],[76.09073,11.81918],[76.09055,11.82156],[76.08962,11.82369],[76.08919,11.82401],[76.08862,11.82473],[76.08842,11.82504],[76.08817,11.82592],[76.08814,11.82628],[76.08827,11.82662],[76.08934,11.82767],[76.08949,11.82792],[76.08962,11.82867],[76.08945,11.82907],[76.08935,11.82974],[76.08965,11.83041],[76.08953,11.83181],[76.08896,11.83245],[76.08822,11.83217],[76.08825,11.83184],[76.08801,11.83181],[76.08757,11.83228],[76.08721,11.83222],[76.08689,11.83234],[76.08662,11.83283],[76.08624,11.83289],[76.08584,11.83281],[76.08559,11.83316],[76.08443,11.83267],[76.08395,11.83271],[76.08363,11.83234],[76.08305,11.83224],[76.0828,11.83209],[76.08283,11.83215],[76.0836,11.83238],[76.084,11.83279],[76.08449,11.83276],[76.08558,11.83321],[76.0859,11.83283],[76.08618,11.83296],[76.08641,11.83283],[76.08666,11.83288],[76.08678,11.83257],[76.08706,11.8323],[76.08763,11.83232],[76.08807,11.83184],[76.08824,11.8319],[76.0881,11.83208],[76.08813,11.83217],[76.08893,11.83252],[76.08916,11.83245],[76.08951,11.83194],[76.08958,11.83235],[76.08984,11.83281],[76.09023,11.83315],[76.09116,11.83368],[76.092,11.83391],[76.09322,11.83441],[76.09361,11.8347],[76.09489,11.83621],[76.09535,11.8365],[76.09605,11.83668],[76.09715,11.83642],[76.09886,11.83684],[76.10132,11.83813],[76.10217,11.83884],[76.1032,11.83932],[76.10432,11.83939],[76.10415,11.83917],[76.10418,11.83905],[76.10446,11.83896],[76.10468,11.8394],[76.10534,11.8396],[76.10568,11.83964],[76.10628,11.83951],[76.10682,11.83971],[76.10658,11.83953],[76.10663,11.83942],[76.10693,11.83954],[76.10735,11.83942],[76.10832,11.83953],[76.10847,11.83963],[76.10995,11.83983],[76.11135,11.84052],[76.11219,11.8412],[76.11256,11.842],[76.11369,11.84289],[76.11449,11.84433],[76.11474,11.8445],[76.11511,11.84439],[76.11546,11.84441],[76.11655,11.84572],[76.11688,11.84571],[76.11765,11.84659],[76.118,11.84676],[76.11848,11.84654],[76.11864,11.84658],[76.11882,11.84706],[76.11914,11.84747],[76.12034,11.84802],[76.12059,11.84828],[76.12074,11.84867],[76.12123,11.84908],[76.12176,11.84918],[76.12229,11.84909],[76.12264,11.84948],[76.12247,11.84953],[76.12193,11.84925],[76.12046,11.84896],[76.12023,11.84935],[76.11978,11.85065],[76.11902,11.85212],[76.11802,11.85273],[76.11764,11.85328],[76.11734,11.85443],[76.11736,11.85464],[76.11743,11.8548],[76.11784,11.85498],[76.11802,11.85506]]]}},{"type":"Feature","properties":{"class":"Flood plain","fid":"54","landform":"Flood plain"},"geometry":{"type":"Polygon","coordinates":[[[76.11818,11.85513],[76.11842,11.85523],[76.11826,11.85578],[76.11785,11.85606],[76.11651,11.85659],[76.11527,11.85678],[76.11389,11.85726],[76.11319,11.85737],[76.11227,11.85778],[76.11188,11.85778],[76.1107,11.85748],[76.11022,11.85754],[76.1101,11.85774],[76.1104,11.85943],[76.11042,11.86008],[76.11018,11.86061],[76.10922,11.86141],[76.10731,11.86157],[76.10688,11.86166],[76.10635,11.86198],[76.10441,11.86412],[76.10401,11.86452],[76.10375,11.8646],[76.10353,11.86456],[76.10337,11.8644],[76.10344,11.86391],[76.10392,11.86345],[76.105,11.86198],[76.10518,11.86148],[76.10521,11.86102],[76.10546,11.86047],[76.10611,11.85953],[76.10618,11.85914],[76.10609,11.85903],[76.10585,11.85899],[76.10521,11.85934],[76.10458,11.85953],[76.102,11.8589],[76.10115,11.85892],[76.10056,11.85908],[76.10008,11.85953],[76.10001,11.85993],[76.10029,11.86085],[76.10047,11.86209],[76.09951,11.86342],[76.09909,11.8636],[76.09842,11.86351],[76.09754,11.86277],[76.09672,11.86257],[76.0962,11.86263],[76.09594,11.86291],[76.09592,11.86322],[76.09624,11.86378],[76.09658,11.86415],[76.09762,11.86487],[76.09784,11.86521],[76.09795,11.86604],[76.09791,11.86663],[76.09771,11.86696],[76.09571,11.86729],[76.0947,11.86789],[76.09424,11.86865],[76.0941,11.86937],[76.09378,11.86997],[76.09361,11.87068],[76.09371,11.87116],[76.09394,11.87135],[76.09473,11.8715],[76.0959,11.87219],[76.09609,11.87277],[76.09575,11.87337],[76.09543,11.87359],[76.09467,11.87359],[76.09427,11.8727],[76.09325,11.87255],[76.09262,11.87258],[76.09214,11.87277],[76.09149,11.87319],[76.09107,11.87317],[76.08981,11.87246],[76.08862,11.87239],[76.0882,11.87206],[76.08767,11.87136],[76.08744,11.87123],[76.08643,11.87117],[76.0858,11.87176],[76.08573,11.87387],[76.08563,11.87433],[76.08544,11.87496],[76.08498,11.87581],[76.08493,11.87657],[76.08447,11.87771],[76.08371,11.87853],[76.08348,11.87863],[76.08243,11.87863],[76.08091,11.8796],[76.08046,11.88009],[76.08045,11.88048],[76.08091,11.88172],[76.08114,11.88333],[76.08107,11.88406],[76.08068,11.88469],[76.08004,11.88503],[76.0789,11.88501],[76.07827,11.88482],[76.0777,11.88448],[76.07728,11.88457],[76.07673,11.88501],[76.07643,11.88552],[76.07618,11.88574],[76.07539,11.88604],[76.07412,11.88701],[76.07278,11.88757],[76.0719,11.88842],[76.07111,11.88886],[76.0704,11.88881],[76.06962,11.8883],[76.06909,11.88829],[76.06785,11.88848],[76.06704,11.8883],[76.06578,11.88836],[76.06469,11.88802],[76.06403,11.88806],[76.06367,11.88838],[76.06188,11.89131],[76.06136,11.89167],[76.06047,11.89178],[76.06021,11.89198],[76.06017,11.89244],[76.06072,11.89304],[76.06085,11.89343],[76.06097,11.89449],[76.06096,11.89489],[76.06087,11.89498],[76.06073,11.89501],[76.06054,11.8949],[76.05977,11.89416],[76.05852,11.89392],[76.05777,11.89357],[76.05566,11.89356],[76.05487,11.89285],[76.05444,11.89225],[76.05414,11.89174],[76.05405,11.89113],[76.05394,11.89094],[76.05344,11.89077],[76.05298,11.89087],[76.05251,11.89139],[76.05227,11.89149],[76.05156,11.89154],[76.05093,11.89174],[76.05054,11.89176],[76.05019,11.89159],[76.04966,11.89114],[76.04942,11.89064],[76.04914,11.89031],[76.04881,11.89016],[76.048,11.89017],[76.04731,11.89046],[76.0461,11.89176],[76.04519,11.89258],[76.0442,11.89318],[76.04243,11.89318],[76.04219,11.8931],[76.04191,11.89263],[76.04142,11.8921],[76.04128,11.89142],[76.04097,11.89128],[76.03922,11.89121],[76.03899,11.89142],[76.03882,11.89178],[76.0385,11.89193],[76.03802,11.89164],[76.038,11.89087],[76.0381,11.89017],[76.0379,11.89008],[76.03695,11.89012],[76.03651,11.89004],[76.03613,11.8898],[76.03522,11.88891],[76.03475,11.88872],[76.03448,11.88841],[76.03445,11.88794],[76.03432,11.88775],[76.03375,11.88732],[76.0335,11.88732],[76.03328,11.88713],[76.03277,11.88632],[76.03242,11.88606],[76.03212,11.88534],[76.03186,11.88505],[76.03092,11.88625],[76.03016,11.88741],[76.02956,11.8881],[76.02873,11.88859],[76.02722,11.88903],[76.02682,11.88905],[76.02602,11.88867],[76.02521,11.88859],[76.02453,11.88841],[76.02436,11.88814],[76.02433,11.88718],[76.02422,11.887],[76.02376,11.88679],[76.02333,11.88669],[76.02183,11.88664],[76.02115,11.88684],[76.02065,11.88737],[76.02069,11.88778],[76.02096,11.88834],[76.02099,11.88873],[76.02078,11.89072],[76.02065,11.89091],[76.02043,11.89096],[76.02032,11.89075],[76.02038,11.88978],[76.0203,11.88902],[76.01979,11.88832],[76.01944,11.88822],[76.01846,11.88828],[76.01824,11.88869],[76.01836,11.88964],[76.01817,11.89007],[76.01826,11.89125],[76.01808,11.89166],[76.01766,11.89172],[76.01747,11.89159],[76.01717,11.89096],[76.01695,11.89077],[76.01644,11.89073],[76.01587,11.89145],[76.01565,11.89299],[76.0155,11.8933],[76.01531,11.89346],[76.0151,11.89355],[76.01474,11.89349],[76.01407,11.89318],[76.01389,11.89343],[76.01372,11.89413],[76.01292,11.89476],[76.01227,11.89494],[76.01154,11.89495],[76.01107,11.89518],[76.01075,11.89552],[76.00976,11.89604],[76.0094,11.89617],[76.00787,11.89638],[76.0069,11.89685],[76.00633,11.8976],[76.00643,11.89856],[76.0064,11.8996],[76.00627,11.89991],[76.00597,11.90018],[76.0055,11.90039],[76.00453,11.90039],[76.00364,11.90067],[76.00299,11.90103],[76.00148,11.90112],[76.00092,11.90135],[76.00049,11.90226],[76.00006,11.90278],[75.99935,11.9034],[75.9989,11.904],[75.99803,11.90462],[75.99743,11.9046],[75.99669,11.90419],[75.99623,11.90419],[75.99487,11.90447],[75.99431,11.90432],[75.99558,11.90392],[75.99624,11.90395],[75.99726,11.90375],[75.99767,11.90347],[75.99809,11.90293],[75.99838,11.90218],[75.99893,11.90128],[75.99968,11.9013],[76.00014,11.90119],[76.00133,11.90047],[76.00262,11.9],[76.00365,11.89947],[76.0042,11.89943],[76.0046,11.89915],[76.00494,11.89866],[76.00496,11.89831],[76.00471,11.89711],[76.00509,11.89596],[76.00515,11.89436],[76.00528,11.89353],[76.00607,11.89279],[76.00694,11.89224],[76.00735,11.89214],[76.00775,11.89225],[76.00871,11.89307],[76.00896,11.89301],[76.00912,11.89285],[76.00903,11.89234],[76.00908,11.89216],[76.00941,11.89182],[76.01001,11.89148],[76.0106,11.89167],[76.01166,11.89169],[76.01269,11.89214],[76.01471,11.89329],[76.01499,11.89341],[76.01524,11.89336],[76.01538,11.893],[76.01543,11.89219],[76.01569,11.89116],[76.01598,11.8905],[76.01607,11.88887],[76.01634,11.8888],[76.01677,11.88901],[76.01773,11.8891],[76.01783,11.88899],[76.01791,11.88828],[76.01947,11.88616],[76.02058,11.88599],[76.02182,11.88604],[76.02243,11.88597],[76.02342,11.88609],[76.02403,11.88599],[76.02432,11.88585],[76.02464,11.88587],[76.02535,11.88601],[76.02615,11.88644],[76.0271,11.88657],[76.02815,11.88724],[76.02834,11.88746],[76.02847,11.88785],[76.0291,11.88804],[76.02933,11.88794],[76.02982,11.88744],[76.03172,11.8847],[76.03211,11.88445],[76.03242,11.88441],[76.03266,11.88455],[76.03277,11.88507],[76.03278,11.88525],[76.0326,11.88557],[76.03262,11.88584],[76.03291,11.88612],[76.03334,11.88623],[76.03383,11.88602],[76.03407,11.88604],[76.03425,11.88666],[76.03457,11.88691],[76.03494,11.88704],[76.03573,11.88692],[76.036,11.88702],[76.03625,11.88746],[76.03638,11.88794],[76.03638,11.88843],[76.0362,11.88912],[76.03643,11.88953],[76.0368,11.88987],[76.03705,11.88992],[76.03755,11.88972],[76.0385,11.8898],[76.03953,11.89025],[76.04071,11.891],[76.04301,11.89107],[76.04384,11.89071],[76.04469,11.89064],[76.04515,11.89041],[76.04604,11.88947],[76.04646,11.8888],[76.04655,11.8882],[76.0468,11.8881],[76.04746,11.88844],[76.04766,11.88874],[76.04823,11.8891],[76.04891,11.88983],[76.04975,11.89019],[76.0506,11.89033],[76.05173,11.89033],[76.05275,11.89063],[76.05344,11.89063],[76.05369,11.89049],[76.05451,11.89049],[76.05446,11.89143],[76.05476,11.89217],[76.05544,11.89291],[76.05542,11.89319],[76.0555,11.8933],[76.05585,11.8934],[76.05743,11.89273],[76.05872,11.89241],[76.05946,11.89208],[76.06048,11.89131],[76.06132,11.89109],[76.06181,11.89071],[76.06197,11.89057],[76.06209,11.89014],[76.06201,11.88973],[76.0625,11.88933],[76.06298,11.88873],[76.06332,11.88758],[76.06358,11.88713],[76.06384,11.88715],[76.06467,11.88766],[76.06549,11.88786],[76.06674,11.88786],[76.06725,11.88803],[76.06999,11.88791],[76.07024,11.88815],[76.07037,11.88816],[76.07136,11.88798],[76.07262,11.88739],[76.07359,11.88663],[76.07428,11.8859],[76.07501,11.8857],[76.07596,11.8852],[76.07638,11.88472],[76.07671,11.88367],[76.0771,11.88324],[76.0782,11.8826],[76.07947,11.88131],[76.08011,11.88107],[76.08022,11.88084],[76.07999,11.8803],[76.08,11.88009],[76.08106,11.87886],[76.0817,11.87841],[76.08299,11.87828],[76.08354,11.87805],[76.08407,11.87768],[76.08426,11.87729],[76.08433,11.87666],[76.08468,11.87619],[76.08477,11.8754],[76.08503,11.87488],[76.08527,11.87378],[76.08507,11.87194],[76.08508,11.87166],[76.08524,11.87144],[76.08565,11.87123],[76.08657,11.87045],[76.0871,11.87037],[76.08749,11.87072],[76.08794,11.87092],[76.08878,11.87198],[76.08907,11.87215],[76.0907,11.8722],[76.09182,11.8724],[76.09229,11.87231],[76.09275,11.87161],[76.09296,11.87075],[76.09353,11.86988],[76.09381,11.86925],[76.09395,11.86859],[76.09395,11.86734],[76.09412,11.86695],[76.09476,11.86679],[76.09627,11.86688],[76.09692,11.86656],[76.09711,11.86631],[76.09715,11.86544],[76.09703,11.86497],[76.09569,11.86365],[76.09549,11.86321],[76.09551,11.86276],[76.09584,11.86241],[76.09642,11.86214],[76.09707,11.86219],[76.09828,11.86271],[76.09883,11.86281],[76.09946,11.86272],[76.09995,11.86233],[76.10011,11.86209],[76.1001,11.86161],[76.09992,11.86088],[76.09948,11.85984],[76.09949,11.85937],[76.09972,11.85902],[76.10107,11.85858],[76.10153,11.85853],[76.10206,11.85865],[76.103,11.8586],[76.10349,11.85878],[76.10387,11.85905],[76.10448,11.85912],[76.10607,11.85831],[76.10658,11.85834],[76.10683,11.85851],[76.10715,11.85894],[76.10729,11.8593],[76.10724,11.85943],[76.10683,11.85951],[76.10638,11.85982],[76.10613,11.86033],[76.10619,11.86078],[76.10648,11.86112],[76.10688,11.86131],[76.10809,11.86126],[76.10973,11.86047],[76.11015,11.86],[76.11019,11.85965],[76.10957,11.85769],[76.10954,11.85715],[76.10966,11.85698],[76.11018,11.85688],[76.11083,11.85712],[76.11132,11.85716],[76.11177,11.8575],[76.11211,11.85752],[76.11293,11.8571],[76.11487,11.85673],[76.1155,11.85639],[76.11619,11.85632],[76.11729,11.85592],[76.11776,11.85568],[76.11818,11.85525],[76.11818,11.85513]]]}},{"type":"Feature","properties":{"class":"Flood plain","fid":"55","landform":"Flood plain"},"geometry":{"type":"Polygon","coordinates":[[[76.04694,11.88786],[76.04725,11.88792],[76.04789,11.88835],[76.04789,11.88863],[76.04672,11.88795],[76.04681,11.88778],[76.04694,11.88786]]]}},{"type":"Feature","properties":{"class":"Flood plain","fid":"56","landform":"Flood plain"},"geometry":{"type":"Polygon","coordinates":[[[76.04874,11.88888],[76.04928,11.88902],[76.04942,11.88935],[76.04908,11.88953],[76.04876,11.88922],[76.04861,11.88885],[76.04874,11.88888]]]}},{"type":"Feature","properties":{"class":"Flood plain","fid":"57","landform":"Flood plain"},"geometry":{"type":"Polygon","coordinates":[[[75.998,11.90221],[75.99817,11.90234],[75.99814,11.90263],[75.99786,11.90316],[75.99747,11.90355],[75.99685,11.9038],[75.99617,11.90387],[75.99592,11.90378],[75.99593,11.90358],[75.99673,11.90272],[75.99738,11.9023],[75.9979,11.90221],[75.998,11.90221]]]}},{"type":"Feature","properties":{"class":"Flood plain","fid":"58","landform":"Flood plain"},"geometry":{"type":"Polygon","coordinates":[[[76.05325,11.89018],[76.05353,11.89039],[76.05292,11.89046],[76.05201,11.8902],[76.05095,11.89012],[76.05045,11.89018],[76.04916,11.88981],[76.04893,11.88964],[76.04952,11.88952],[76.04964,11.88966],[76.04987,11.8897],[76.05219,11.88974],[76.05253,11.88981],[76.05269,11.8901],[76.05318,11.89018],[76.05325,11.89018]]]}},{"type":"Feature","properties":{"class":"Flood plain","fid":"59","landform":"Flood plain"},"geometry":{"type":"Polygon","coordinates":[[[76.03378,11.88585],[76.03326,11.88608],[76.03275,11.88583],[76.03268,11.8856],[76.03288,11.88518],[76.03284,11.88461],[76.03293,11.88443],[76.03321,11.88455],[76.03326,11.88492],[76.03345,11.88512],[76.03426,11.88532],[76.03435,11.88573],[76.03428,11.886],[76.03384,11.88584],[76.03378,11.88585]]]}},{"type":"Feature","properties":{"class":"Flood plain","fid":"60","landform":"Flood plain"},"geometry":{"type":"Polygon","coordinates":[[[76.0196,11.88606],[76.01943,11.88601],[76.01949,11.8859],[76.02026,11.88533],[76.02077,11.88541],[76.02148,11.88591],[76.02022,11.88591],[76.01993,11.88606],[76.01977,11.88604],[76.0196,11.88606]]]}},{"type":"Feature","properties":{"class":"Flood plain","fid":"61","landform":"Flood plain"},"geometry":{"type":"Polygon","coordinates":[[[75.95971,11.67505],[75.96045,11.67557],[75.96204,11.67575],[75.9625,11.67589],[75.96267,11.67613],[75.96274,11.67645],[75.96337,11.67714],[75.96383,11.67789],[75.96398,11.67891],[75.96395,11.67913],[75.96354,11.67964],[75.96311,11.67974],[75.96298,11.67989],[75.96286,11.68043],[75.96206,11.68117],[75.96167,11.68125],[75.96139,11.68178],[75.96082,11.68219],[75.9607,11.68255],[75.95967,11.68311],[75.95918,11.68354],[75.95914,11.68402],[75.95933,11.6843],[75.95965,11.68449],[75.96011,11.6844],[75.96021,11.68454],[75.95992,11.68527],[75.95929,11.68572],[75.95926,11.68619],[75.95958,11.68666],[75.95972,11.68751],[75.96101,11.68916],[75.96213,11.6899],[75.96259,11.69003],[75.96321,11.69004],[75.96344,11.69018],[75.96357,11.69119],[75.96455,11.69319],[75.96518,11.6939],[75.96529,11.69415],[75.96533,11.69485],[75.9649,11.69606],[75.9651,11.69667],[75.9665,11.69748],[75.96752,11.69759],[75.96779,11.69787],[75.96792,11.69852],[75.96792,11.69912],[75.96817,11.69989],[75.96813,11.70126],[75.96832,11.7021],[75.96822,11.70191],[75.96803,11.70184],[75.96706,11.7018],[75.96672,11.70194],[75.96609,11.7019],[75.96588,11.70202],[75.96559,11.70253],[75.96534,11.7026],[75.96508,11.70239],[75.965,11.70142],[75.96413,11.70123],[75.9636,11.70096],[75.96336,11.70094],[75.96318,11.70104],[75.96313,11.70119],[75.96332,11.70189],[75.9632,11.70212],[75.96181,11.70219],[75.96127,11.70262],[75.96107,11.70267],[75.9607,11.70255],[75.96008,11.7019],[75.95975,11.70186],[75.95958,11.702],[75.95936,11.70247],[75.95838,11.70334],[75.95797,11.7036],[75.95695,11.70389],[75.95663,11.70374],[75.95621,11.70309],[75.9557,11.70262],[75.95454,11.70187],[75.95412,11.7019],[75.95334,11.70234],[75.95304,11.70294],[75.9527,11.70336],[75.95279,11.70444],[75.95241,11.70485],[75.95245,11.70509],[75.95278,11.70549],[75.95338,11.70593],[75.95318,11.70702],[75.95345,11.70816],[75.95337,11.70842],[75.9532,11.70846],[75.95297,11.70819],[75.95269,11.7074],[75.95245,11.70702],[75.95194,11.70686],[75.95149,11.70713],[75.95109,11.70679],[75.95047,11.70683],[75.95021,11.70588],[75.94975,11.70571],[75.94917,11.70503],[75.94882,11.70496],[75.94846,11.7051],[75.94825,11.70532],[75.94827,11.70555],[75.94815,11.70565],[75.94788,11.70569],[75.94767,11.70541],[75.94758,11.70519],[75.94761,11.70479],[75.94823,11.70433],[75.9485,11.70388],[75.94822,11.70223],[75.94845,11.70141],[75.94881,11.70077],[75.94898,11.70052],[75.94914,11.70049],[75.9495,11.70065],[75.95009,11.70161],[75.95068,11.70192],[75.95253,11.70168],[75.95452,11.7016],[75.95562,11.70213],[75.95662,11.70317],[75.95694,11.70311],[75.95704,11.70288],[75.95714,11.70251],[75.95713,11.70193],[75.95662,11.70137],[75.95599,11.70091],[75.95431,11.70028],[75.95362,11.69963],[75.95126,11.69918],[75.95031,11.69918],[75.94962,11.69932],[75.94883,11.69916],[75.94878,11.69885],[75.94912,11.69819],[75.94909,11.69764],[75.94883,11.69728],[75.94826,11.69683],[75.94827,11.69649],[75.9485,11.69626],[75.94903,11.69627],[75.94995,11.69689],[75.95147,11.69718],[75.95192,11.69736],[75.95213,11.69835],[75.95245,11.6987],[75.95273,11.69885],[75.95389,11.69882],[75.95466,11.69894],[75.95462,11.69888],[75.95478,11.6989],[75.95545,11.69798],[75.95635,11.6964],[75.95666,11.69606],[75.95708,11.69592],[75.95773,11.69665],[75.95826,11.69652],[75.95854,11.69633],[75.95858,11.69593],[75.95808,11.69514],[75.95769,11.6951],[75.95703,11.69527],[75.95683,11.69509],[75.95716,11.69427],[75.95721,11.69386],[75.95705,11.69173],[75.95716,11.69007],[75.95728,11.68972],[75.95756,11.68946],[75.95814,11.68924],[75.95839,11.68957],[75.95834,11.6902],[75.95796,11.69085],[75.95794,11.69138],[75.95826,11.69298],[75.95838,11.69345],[75.95849,11.69355],[75.95884,11.69355],[75.95918,11.69342],[75.95958,11.69287],[75.95999,11.69173],[75.96055,11.69113],[75.96095,11.69086],[75.96129,11.69084],[75.96154,11.69101],[75.96176,11.69136],[75.96183,11.6919],[75.96169,11.69229],[75.96059,11.69354],[75.9603,11.69411],[75.95948,11.69644],[75.95961,11.69744],[75.96001,11.69823],[75.96056,11.69902],[75.9607,11.69962],[75.96085,11.69987],[75.96212,11.70051],[75.9627,11.7007],[75.96385,11.70098],[75.96487,11.70109],[75.96506,11.70132],[75.96515,11.70209],[75.96526,11.70228],[75.96538,11.70228],[75.9656,11.70194],[75.96602,11.70171],[75.96598,11.70149],[75.96556,11.70098],[75.9656,11.70047],[75.96634,11.70007],[75.96707,11.69991],[75.96732,11.69951],[75.96715,11.69838],[75.96656,11.69776],[75.96561,11.69781],[75.9652,11.6982],[75.9649,11.69878],[75.96469,11.69889],[75.96425,11.69886],[75.96398,11.69874],[75.96217,11.69621],[75.96204,11.69593],[75.9622,11.69561],[75.96353,11.69515],[75.96416,11.69519],[75.96437,11.695],[75.9644,11.69481],[75.96333,11.69401],[75.96318,11.6937],[75.96312,11.69343],[75.96355,11.69275],[75.96365,11.69234],[75.96292,11.69147],[75.96253,11.69051],[75.96118,11.68967],[75.96059,11.68911],[75.95979,11.68884],[75.9594,11.68841],[75.95928,11.68758],[75.95902,11.68703],[75.95888,11.68628],[75.95906,11.68562],[75.95953,11.68504],[75.95945,11.6847],[75.95916,11.68465],[75.95778,11.68528],[75.95751,11.68528],[75.95727,11.68512],[75.9573,11.68457],[75.95824,11.68427],[75.95851,11.68412],[75.95863,11.68388],[75.95892,11.68293],[75.95892,11.6824],[75.95876,11.68213],[75.95772,11.68148],[75.9573,11.68157],[75.95643,11.68214],[75.95499,11.68214],[75.95425,11.68188],[75.95334,11.68117],[75.95283,11.68051],[75.95266,11.67929],[75.95246,11.67897],[75.95183,11.67888],[75.95114,11.67822],[75.95044,11.67809],[75.95043,11.67794],[75.95058,11.6777],[75.95097,11.67755],[75.95145,11.67761],[75.95167,11.67794],[75.95215,11.67798],[75.95287,11.67882],[75.95337,11.67925],[75.9542,11.67956],[75.9544,11.67972],[75.95459,11.68109],[75.95483,11.6814],[75.95597,11.68179],[75.95641,11.68178],[75.95675,11.68166],[75.95702,11.68145],[75.95715,11.68119],[75.9571,11.68099],[75.95657,11.68055],[75.95638,11.6796],[75.95645,11.67949],[75.95655,11.67942],[75.95681,11.67968],[75.95713,11.67978],[75.95798,11.67943],[75.95884,11.67879],[75.95943,11.67872],[75.95964,11.67899],[75.95963,11.67914],[75.95944,11.67964],[75.95942,11.68019],[75.95924,11.68044],[75.95889,11.6804],[75.95866,11.68021],[75.95821,11.68007],[75.95741,11.68],[75.9571,11.68029],[75.95712,11.68061],[75.95741,11.68095],[75.95802,11.68096],[75.95836,11.68153],[75.95937,11.6822],[75.95964,11.68221],[75.96008,11.68175],[75.96067,11.68192],[75.96129,11.68153],[75.96301,11.67922],[75.96323,11.6786],[75.96313,11.67798],[75.96295,11.67756],[75.96255,11.67715],[75.9624,11.67705],[75.96188,11.67704],[75.96067,11.67736],[75.96008,11.67722],[75.95974,11.67703],[75.95878,11.67701],[75.95839,11.67706],[75.95807,11.67723],[75.95787,11.67768],[75.95754,11.67804],[75.95615,11.67834],[75.95584,11.67826],[75.95565,11.67795],[75.95575,11.67741],[75.95635,11.6769],[75.95672,11.67678],[75.95841,11.67666],[75.95894,11.6765],[75.9593,11.67586],[75.95936,11.6752],[75.95971,11.67505]],[[75.96506,11.69749],[75.96527,11.6974],[75.96525,11.69716],[75.96462,11.69638],[75.9643,11.69626],[75.96368,11.69672],[75.96361,11.69717],[75.96389,11.69746],[75.96487,11.69751],[75.96506,11.69749]],[[75.96304,11.70186],[75.9631,11.70175],[75.96285,11.70111],[75.96261,11.701],[75.96176,11.70094],[75.96129,11.70056],[75.96048,11.70019],[75.9598,11.69902],[75.95969,11.6983],[75.95941,11.6978],[75.95826,11.69728],[75.95783,11.69725],[75.95713,11.69753],[75.9556,11.69926],[75.95552,11.69973],[75.95561,11.69999],[75.95588,11.70027],[75.95737,11.7009],[75.95824,11.70165],[75.95909,11.70184],[75.95953,11.70156],[75.95989,11.70158],[75.96059,11.70224],[75.96102,11.70245],[75.96166,11.70203],[75.9623,11.702],[75.96266,11.70186],[75.96289,11.7019],[75.96304,11.70186]],[[75.95301,11.70715],[75.9531,11.70708],[75.95304,11.70597],[75.95245,11.70544],[75.95228,11.705],[75.95246,11.70351],[75.95279,11.70267],[75.95256,11.7026],[75.95216,11.70277],[75.95089,11.70287],[75.95048,11.70364],[75.95012,11.70395],[75.94989,11.70493],[75.9499,11.70547],[75.95032,11.70571],[75.95063,11.70656],[75.95114,11.70656],[75.95146,11.70679],[75.95245,11.70669],[75.95271,11.70705],[75.95295,11.70719],[75.95301,11.70715]]]}},{"type":"Feature","properties":{"class":"Flood plain","fid":"62","landform":"Flood plain"},"geometry":{"type":"Polygon","coordinates":[[[76.04731,11.88736],[76.04764,11.88751],[76.04816,11.88796],[76.04852,11.88906],[76.04805,11.88877],[76.04801,11.88823],[76.04693,11.88767],[76.04708,11.88741],[76.04725,11.88735],[76.04731,11.88736]]]}}]}