{"type":"FeatureCollection","features":[{"type":"Feature","properties":{"class":"High Hazard Zone","fid":"0","zone":"High Hazard Zone","shapeArea":"0","area":"0.000013"},"geometry":{"type":"Polygon","coordinates":[[[75.80086,11.79761],[75.80092,11.79756],[75.80101,11.79752],[75.80086,11.79761]]]}},{"type":"Feature","properties":{"class":"High Hazard Zone","fid":"1","zone":"High Hazard Zone","shapeArea":"0","area":"0.000264"},"geometry":{"type":"Polygon","coordinates":[[[75.98321,11.57521],[75.98321,11.5752],[75.9832,11.57507],[75.98349,11.57482],[75.98321,11.57521]]]}},{"type":"Feature","properties":{"class":"Medium Hazard Zone","fid":"2","zone":"Medium Hazard Zone","shapeArea":"0.000017","area":"0.203876"},"geometry":{"type":"Polygon","coordinates":[[[75.77888,11.80316],[75.77924,11.80352],[75.77852,11.8031],[75.77821,11.80288],[75.77777,11.80265],[75.77888,11.80316]]]}},{"type":"Feature","properties":{"class":"High Hazard Zone","fid":"3","zone":"High Hazard Zone","shapeArea":"0.000097","area":"1.188476"},"geometry":{"type":"Polygon","coordinates":[[[75.94748,11.88927],[75.94902,11.89052],[75.94993,11.89166],[75.95045,11.89355],[75.94982,11.89583],[75.94822,11.89669],[75.94731,11.89766],[75.94559,11.89783],[75.94434,11.89857],[75.94409,11.8985],[75.94302,11.89927],[75.94178,11.89927],[75.93993,11.89958],[75.93874,11.89835],[75.93864,11.89783],[75.93787,11.89577],[75.93776,11.89469],[75.93807,11.89268],[75.93874,11.89211],[75.93895,11.89108],[75.93905,11.8898],[75.93946,11.88882],[75.93962,11.88805],[75.93895,11.88691],[75.9372,11.88655],[75.93781,11.88547],[75.93807,11.88465],[75.93905,11.88393],[75.93987,11.88393],[75.94023,11.88527],[75.94029,11.88604],[75.94193,11.88609],[75.94276,11.8864],[75.94322,11.88727],[75.94245,11.88794],[75.94183,11.88882],[75.94199,11.89026],[75.94178,11.89124],[75.9406,11.89289],[75.94013,11.89381],[75.94039,11.89464],[75.94168,11.89428],[75.94224,11.89438],[75.94348,11.89492],[75.94411,11.89401],[75.94456,11.89292],[75.94496,11.89155],[75.94605,11.88972],[75.94748,11.88927]]]}},{"type":"Feature","properties":{"class":"High Hazard Zone","fid":"4","zone":"High Hazard Zone","shapeArea":"0","area":"0.000013"},"geometry":{"type":"Polygon","coordinates":[[[75.80086,11.79761],[75.80092,11.79756],[75.80101,11.79752],[75.80086,11.79761]]]}},{"type":"Feature","properties":{"class":"High Hazard Zone","fid":"5","zone":"High Hazard Zone","shapeArea":"0.000037","area":"0.456248"},"geometry":{"type":"Polygon","coordinates":[[[75.9664,11.86551],[75.9665,11.86591],[75.96635,11.8669],[75.9655,11.86743],[75.96503,11.86813],[75.96385,11.86743],[75.96298,11.86644],[75.96187,11.86598],[75.96159,11.86465],[75.96163,11.86436],[75.96193,11.86373],[75.96227,11.86343],[75.96228,11.86313],[75.96173,11.86254],[75.96176,11.86212],[75.9621,11.86121],[75.96214,11.86062],[75.96195,11.86033],[75.96102,11.86075],[75.96075,11.861],[75.96075,11.86159],[75.96096,11.86216],[75.96107,11.86294],[75.96084,11.86326],[75.96008,11.86313],[75.95972,11.86319],[75.95961,11.86357],[75.95978,11.86381],[75.95993,11.86467],[75.96029,11.86555],[75.96001,11.86557],[75.95961,11.86494],[75.95917,11.86469],[75.95881,11.86412],[75.95888,11.86383],[75.9587,11.86316],[75.95877,11.86242],[75.95853,11.86047],[75.95957,11.86052],[75.95992,11.86007],[75.95947,11.85903],[75.95892,11.85808],[75.95952,11.85748],[75.96032,11.85723],[75.96107,11.85748],[75.96226,11.85858],[75.96321,11.85833],[75.96356,11.85868],[75.96346,11.85957],[75.96366,11.86002],[75.96441,11.86012],[75.96461,11.86052],[75.96446,11.86092],[75.96341,11.86187],[75.96341,11.86237],[75.96391,11.86257],[75.96436,11.86311],[75.96426,11.86356],[75.96361,11.86431],[75.96366,11.86486],[75.9648,11.86501],[75.9658,11.86526],[75.9664,11.86551]]]}},{"type":"Feature","properties":{"class":"High Hazard Zone","fid":"6","zone":"High Hazard Zone","shapeArea":"0.000074","area":"0.909401"},"geometry":{"type":"Polygon","coordinates":[[[75.9575,11.89507],[75.95683,11.89539],[75.95665,11.89586],[75.95671,11.89621],[75.95715,11.89661],[75.95723,11.89705],[75.95697,11.89729],[75.95604,11.89729],[75.95513,11.89714],[75.9549,11.89688],[75.9549,11.89498],[75.9547,11.8939],[75.95476,11.89367],[75.95444,11.8932],[75.95237,11.89216],[75.95216,11.89169],[75.95203,11.89164],[75.95147,11.89044],[75.95189,11.88995],[75.95267,11.88952],[75.95323,11.88903],[75.95472,11.88832],[75.95613,11.8867],[75.95684,11.88606],[75.95747,11.88571],[75.95853,11.8862],[75.95889,11.88761],[75.95952,11.88797],[75.96228,11.88776],[75.96376,11.88733],[75.96496,11.88726],[75.96609,11.88903],[75.96595,11.88938],[75.96595,11.88966],[75.96468,11.89065],[75.96164,11.89164],[75.96067,11.89137],[75.95997,11.89178],[75.95965,11.89178],[75.95924,11.8916],[75.9586,11.8916],[75.9584,11.89181],[75.9584,11.89221],[75.95878,11.89285],[75.95919,11.8932],[75.95983,11.89414],[75.95983,11.89446],[75.95971,11.89475],[75.9593,11.89492],[75.95787,11.89492],[75.9575,11.89507]]]}},{"type":"Feature","properties":{"class":"High Hazard Zone","fid":"7","zone":"High Hazard Zone","shapeArea":"0","area":"0.000364"},"geometry":{"type":"Polygon","coordinates":[[[75.94859,11.6735],[75.94825,11.67346],[75.94838,11.6733],[75.94859,11.6735]]]}},{"type":"Feature","properties":{"class":"High Hazard Zone","fid":"8","zone":"High Hazard Zone","shapeArea":"0.000039","area":"0.475564"},"geometry":{"type":"Polygon","coordinates":[[[76.01203,11.54107],[76.01217,11.54179],[76.01065,11.54298],[76.00859,11.54424],[76.00865,11.54447],[76.00808,11.54449],[76.0075,11.54519],[76.0075,11.54577],[76.00715,11.54647],[76.00657,11.54699],[76.00489,11.54797],[76.00399,11.54879],[76.00288,11.54915],[76.00185,11.54983],[76.00122,11.55035],[76.00123,11.55056],[76.00088,11.5507],[76.00026,11.55047],[76.00008,11.54972],[76.00065,11.54858],[76.00128,11.54761],[76.00248,11.54635],[76.00282,11.54441],[76.00322,11.54384],[76.00511,11.54304],[76.00728,11.54264],[76.01011,11.54089],[76.01162,11.54078],[76.01186,11.54095],[76.01203,11.54107]]]}},{"type":"Feature","properties":{"class":"High Hazard Zone","fid":"9","zone":"High Hazard Zone","shapeArea":"0.000028","area":"0.33915"},"geometry":{"type":"Polygon","coordinates":[[[76.02621,11.51463],[76.02672,11.5161],[76.02754,11.51765],[76.0285,11.52009],[76.02865,11.52113],[76.02784,11.52197],[76.02633,11.52277],[76.02601,11.52233],[76.02584,11.52151],[76.02532,11.52105],[76.02456,11.51844],[76.02405,11.51782],[76.02352,11.51589],[76.02305,11.51507],[76.023,11.51438],[76.0231,11.5138],[76.02424,11.51334],[76.0255,11.51334],[76.02578,11.51414],[76.02561,11.5141],[76.02621,11.51463]]]}},{"type":"Feature","properties":{"class":"High Hazard Zone","fid":"10","zone":"High Hazard Zone","shapeArea":"0.000098","area":"1.200691"},"geometry":{"type":"Polygon","coordinates":[[[76.00893,11.52729],[76.00933,11.52786],[76.01105,11.52701],[76.01373,11.52472],[76.0151,11.52484],[76.01736,11.5254],[76.01998,11.52534],[76.02265,11.52482],[76.02352,11.52482],[76.02375,11.5254],[76.02352,11.5258],[76.02265,11.52598],[76.02172,11.52598],[76.02091,11.52644],[76.0198,11.52813],[76.0194,11.52894],[76.01951,11.53021],[76.02056,11.53109],[76.02033,11.53161],[76.01963,11.53178],[76.01719,11.53172],[76.0169,11.53126],[76.0169,11.53033],[76.01801,11.52911],[76.01812,11.52876],[76.01818,11.52824],[76.01801,11.52772],[76.01754,11.52746],[76.01704,11.52758],[76.01584,11.52826],[76.01493,11.52912],[76.0143,11.52912],[76.01236,11.53049],[76.01162,11.53049],[76.01042,11.53032],[76.00831,11.52946],[76.00671,11.52912],[76.00488,11.52941],[76.00368,11.52945],[76.00374,11.5287],[76.003,11.5287],[76.00157,11.52916],[76.00122,11.52905],[76.00105,11.52733],[76.00145,11.52636],[76.00242,11.52499],[76.00437,11.52391],[76.00585,11.52271],[76.00711,11.52122],[76.00846,11.52074],[76.00924,11.52069],[76.01055,11.52034],[76.01023,11.52052],[76.01052,11.52151],[76.01011,11.5225],[76.00825,11.52435],[76.00814,11.52511],[76.00825,11.5265],[76.00843,11.52731],[76.00879,11.52718],[76.00893,11.52729]]]}},{"type":"Feature","properties":{"class":"High Hazard Zone","fid":"11","zone":"High Hazard Zone","shapeArea":"0.00004","area":"0.490461"},"geometry":{"type":"Polygon","coordinates":[[[75.98179,11.56939],[75.98101,11.56959],[75.98048,11.57024],[75.97952,11.57058],[75.97765,11.57089],[75.97696,11.57085],[75.97635,11.57051],[75.97577,11.56997],[75.9752,11.56892],[75.97524,11.56865],[75.97573,11.56816],[75.97646,11.56762],[75.97734,11.5672],[75.97845,11.56632],[75.97883,11.5659],[75.97891,11.56538],[75.97929,11.56526],[75.98174,11.5653],[75.98252,11.56546],[75.98323,11.56577],[75.98351,11.56568],[75.9838,11.56581],[75.98533,11.56533],[75.98675,11.56471],[75.98693,11.56454],[75.98766,11.56476],[75.9878,11.56561],[75.98737,11.56656],[75.98523,11.56765],[75.98247,11.56846],[75.98195,11.56894],[75.98179,11.56939]]]}},{"type":"Feature","properties":{"class":"High Hazard Zone","fid":"12","zone":"High Hazard Zone","shapeArea":"0.000058","area":"0.708674"},"geometry":{"type":"Polygon","coordinates":[[[76.04228,11.94462],[76.04238,11.94394],[76.04276,11.94283],[76.04332,11.94183],[76.04369,11.9415],[76.04452,11.94135],[76.04611,11.94178],[76.04671,11.94183],[76.04711,11.94173],[76.04754,11.94198],[76.04804,11.94296],[76.04814,11.94452],[76.04845,11.94563],[76.04832,11.94701],[76.04837,11.94769],[76.04872,11.94809],[76.04978,11.94822],[76.05119,11.94807],[76.05177,11.94771],[76.0528,11.94749],[76.05438,11.94769],[76.05481,11.94797],[76.05536,11.94875],[76.05572,11.94953],[76.05574,11.95048],[76.05607,11.95129],[76.05624,11.95212],[76.0562,11.95337],[76.05556,11.95322],[76.05297,11.95046],[76.05258,11.95023],[76.05143,11.95016],[76.04911,11.95063],[76.04864,11.95056],[76.04623,11.9495],[76.04569,11.94912],[76.04538,11.94874],[76.04475,11.94698],[76.04349,11.94515],[76.04317,11.94484],[76.04279,11.94469],[76.04228,11.94462]]]}},{"type":"Feature","properties":{"class":"High Hazard Zone","fid":"13","zone":"High Hazard Zone","shapeArea":"0.000068","area":"0.831285"},"geometry":{"type":"Polygon","coordinates":[[[76.0125,11.93353],[76.01074,11.93483],[76.00986,11.93583],[76.00968,11.93644],[76.00976,11.93835],[76.00869,11.938],[76.00784,11.93739],[76.00682,11.93603],[76.00715,11.93623],[76.00692,11.93548],[76.00776,11.93351],[76.00766,11.93256],[76.00743,11.93192],[76.00742,11.93159],[76.00777,11.93081],[76.00826,11.93048],[76.00843,11.92971],[76.00816,11.92928],[76.00665,11.92844],[76.00638,11.92807],[76.00613,11.92736],[76.00614,11.92715],[76.00692,11.92619],[76.00716,11.92567],[76.00756,11.92526],[76.0089,11.92438],[76.00967,11.92357],[76.01044,11.92256],[76.01189,11.92179],[76.01253,11.92176],[76.0137,11.92216],[76.01451,11.92227],[76.01561,11.92209],[76.0164,11.92146],[76.01702,11.92152],[76.01717,11.92177],[76.01709,11.92196],[76.01622,11.92293],[76.01585,11.92364],[76.01497,11.92448],[76.01457,11.92468],[76.01373,11.92555],[76.01357,11.92595],[76.0132,11.92629],[76.01261,11.92666],[76.01185,11.92673],[76.01065,11.92627],[76.01014,11.92637],[76.00961,11.92674],[76.00928,11.92738],[76.00943,11.92787],[76.0108,11.92924],[76.01085,11.93038],[76.01159,11.93139],[76.01199,11.93166],[76.01306,11.93193],[76.0132,11.93233],[76.0131,11.9327],[76.0126,11.93342],[76.0125,11.93353]]]}},{"type":"Feature","properties":{"class":"High Hazard Zone","fid":"14","zone":"High Hazard Zone","shapeArea":"0.000022","area":"0.264832"},"geometry":{"type":"Polygon","coordinates":[[[75.93261,11.91809],[75.93218,11.91845],[75.93174,11.91856],[75.93041,11.91925],[75.92994,11.91939],[75.92958,11.91986],[75.92789,11.92033],[75.92909,11.91925],[75.92989,11.91793],[75.93034,11.91799],[75.93257,11.91388],[75.93377,11.91239],[75.93817,11.91148],[75.93844,11.91099],[75.93888,11.91132],[75.93888,11.91186],[75.93852,11.9124],[75.93802,11.91272],[75.93672,11.91319],[75.93564,11.91341],[75.93529,11.91359],[75.93481,11.91442],[75.93373,11.91589],[75.9329,11.91759],[75.93261,11.91809]]]}},{"type":"Feature","properties":{"class":"High Hazard Zone","fid":"15","zone":"High Hazard Zone","shapeArea":"0.000108","area":"1.322634"},"geometry":{"type":"Polygon","coordinates":[[[75.9193,11.72193],[75.92071,11.72204],[75.92138,11.72235],[75.92159,11.72339],[75.92159,11.72521],[75.92128,11.72614],[75.92081,11.72646],[75.91977,11.72745],[75.91873,11.72797],[75.91488,11.72843],[75.91426,11.72901],[75.91275,11.72921],[75.91113,11.72921],[75.90976,11.72898],[75.90893,11.72898],[75.90782,11.72849],[75.90608,11.72808],[75.90574,11.72787],[75.90518,11.72676],[75.90511,11.72627],[75.90463,11.72627],[75.90393,11.72711],[75.90352,11.72725],[75.90303,11.72718],[75.90241,11.72607],[75.90241,11.72371],[75.9022,11.72267],[75.90171,11.7226],[75.90033,11.72267],[75.8997,11.72301],[75.89894,11.72385],[75.89797,11.72385],[75.89748,11.72364],[75.89748,11.7228],[75.89769,11.72176],[75.89769,11.72095],[75.89903,11.72132],[75.89951,11.7206],[75.90228,11.71981],[75.90664,11.71815],[75.90846,11.71878],[75.90806,11.72005],[75.90632,11.7214],[75.90577,11.72306],[75.90759,11.72385],[75.90862,11.72472],[75.90981,11.72504],[75.91099,11.72496],[75.91305,11.72591],[75.91567,11.72472],[75.91765,11.72464],[75.91947,11.72385],[75.91947,11.72274],[75.91901,11.722],[75.9193,11.72193]]]}},{"type":"Feature","properties":{"class":"High Hazard Zone","fid":"16","zone":"High Hazard Zone","shapeArea":"0.001161","area":"14.218506"},"geometry":{"type":"Polygon","coordinates":[[[76.22226,11.53913],[76.2219,11.53985],[76.2219,11.54098],[76.22217,11.54184],[76.22239,11.54347],[76.22285,11.5446],[76.22325,11.54519],[76.22331,11.54623],[76.22298,11.54645],[76.22251,11.54645],[76.22131,11.54623],[76.22079,11.5458],[76.22032,11.54516],[76.22032,11.54353],[76.2202,11.54251],[76.2199,11.54131],[76.21981,11.54054],[76.21951,11.54006],[76.21938,11.53951],[76.2196,11.53878],[76.2199,11.53822],[76.2199,11.53617],[76.21934,11.53488],[76.21865,11.53364],[76.21827,11.5333],[76.21783,11.53321],[76.21737,11.5341],[76.21572,11.53456],[76.2156,11.53604],[76.21532,11.53656],[76.21418,11.5377],[76.21206,11.53776],[76.21058,11.53713],[76.21012,11.53616],[76.21224,11.53302],[76.21229,11.53193],[76.21218,11.53113],[76.21218,11.52913],[76.21184,11.52571],[76.21212,11.52474],[76.21332,11.52405],[76.21503,11.52348],[76.21692,11.52439],[76.21892,11.52399],[76.21966,11.52319],[76.22211,11.52222],[76.22286,11.52125],[76.22314,11.52062],[76.22211,11.52039],[76.21966,11.52165],[76.21789,11.52165],[76.21578,11.52222],[76.21081,11.52222],[76.20961,11.52211],[76.20852,11.51982],[76.20852,11.51822],[76.20829,11.51714],[76.20738,11.51685],[76.20635,11.51851],[76.20681,11.52108],[76.20721,11.52268],[76.2079,11.52445],[76.20841,11.52622],[76.20887,11.52719],[76.20944,11.52965],[76.20898,11.53045],[76.20704,11.52925],[76.2059,11.52828],[76.20418,11.52793],[76.2031,11.52908],[76.2031,11.53062],[76.2015,11.52868],[76.19973,11.52691],[76.19899,11.52582],[76.1983,11.52439],[76.19779,11.52285],[76.19676,11.52182],[76.19579,11.52142],[76.19493,11.52125],[76.19436,11.52205],[76.19339,11.52268],[76.19162,11.52314],[76.19059,11.52314],[76.19025,11.52268],[76.19053,11.52091],[76.19076,11.52017],[76.19236,11.51743],[76.19316,11.5156],[76.19345,11.51411],[76.19533,11.51303],[76.19545,11.51166],[76.19476,11.51106],[76.19236,11.51301],[76.19082,11.51472],[76.19036,11.51712],[76.18911,11.51826],[76.18751,11.51963],[76.18568,11.52094],[76.18357,11.5214],[76.18237,11.5226],[76.18111,11.52317],[76.17957,11.52277],[76.17837,11.52231],[76.17734,11.52089],[76.17643,11.51854],[76.175,11.51775],[76.17346,11.51854],[76.1718,11.5202],[76.17078,11.52151],[76.16906,11.52266],[76.16855,11.5226],[76.16644,11.52334],[76.16541,11.52403],[76.16438,11.52426],[76.16318,11.52311],[76.16101,11.52271],[76.16095,11.52174],[76.15907,11.52123],[76.15839,11.52123],[76.15789,11.52108],[76.15604,11.52094],[76.15589,11.52085],[76.15557,11.52038],[76.15566,11.51876],[76.15583,11.51846],[76.15639,11.51818],[76.15691,11.51763],[76.15824,11.51674],[76.15892,11.5166],[76.15999,11.51656],[76.16051,11.51634],[76.16132,11.51527],[76.16132,11.5139],[76.16119,11.51317],[76.16063,11.51253],[76.15994,11.51213],[76.15956,11.51168],[76.15956,11.5109],[76.16008,11.51035],[76.16119,11.51026],[76.16307,11.51113],[76.16472,11.51136],[76.16529,11.51102],[76.16575,11.51033],[76.16729,11.50908],[76.16832,11.50708],[76.16923,11.50656],[76.17015,11.50548],[76.17158,11.50474],[76.17266,11.50331],[76.1746,11.50251],[76.17683,11.50128],[76.1778,11.501],[76.18026,11.50054],[76.18117,11.49997],[76.18408,11.49894],[76.18557,11.49928],[76.18922,11.49928],[76.19042,11.49917],[76.19179,11.49865],[76.19278,11.498],[76.1934,11.49849],[76.19432,11.49903],[76.19537,11.5],[76.19687,11.50067],[76.19772,11.50189],[76.19759,11.50243],[76.1966,11.50273],[76.1936,11.50277],[76.19279,11.5029],[76.19039,11.50414],[76.18915,11.5044],[76.18701,11.50555],[76.18521,11.50799],[76.18453,11.50855],[76.18397,11.50932],[76.18354,11.51073],[76.18354,11.51125],[76.18474,11.51129],[76.18637,11.51099],[76.18675,11.51035],[76.18744,11.50971],[76.18838,11.50838],[76.18949,11.50782],[76.19056,11.50748],[76.19198,11.50718],[76.1956,11.50689],[76.19648,11.50689],[76.19743,11.50707],[76.19789,11.50734],[76.19856,11.50752],[76.19879,11.50774],[76.19924,11.50865],[76.19974,11.50883],[76.20096,11.50901],[76.20119,11.50969],[76.2006,11.51073],[76.19861,11.51141],[76.19802,11.51177],[76.19775,11.51231],[76.19716,11.51294],[76.19662,11.51376],[76.19612,11.51507],[76.19612,11.51647],[76.19639,11.51697],[76.19685,11.51724],[76.19775,11.51756],[76.19847,11.51756],[76.20096,11.51679],[76.20159,11.51692],[76.202,11.51724],[76.20236,11.51792],[76.20236,11.51846],[76.20272,11.51905],[76.20313,11.51905],[76.20313,11.51747],[76.20367,11.51484],[76.20412,11.51366],[76.20474,11.51305],[76.20585,11.51232],[76.20718,11.51215],[76.2094,11.51232],[76.21009,11.51292],[76.21113,11.51294],[76.21159,11.51353],[76.21267,11.51643],[76.21303,11.5171],[76.21349,11.51751],[76.21801,11.5176],[76.21859,11.5181],[76.22253,11.51796],[76.22357,11.51778],[76.22484,11.51773],[76.22542,11.51818],[76.22546,11.5199],[76.22516,11.52071],[76.22401,11.52302],[76.22384,11.52384],[76.22392,11.52452],[76.22409,11.52499],[76.22469,11.52529],[76.23026,11.52546],[76.23176,11.52619],[76.23422,11.52699],[76.23446,11.52728],[76.235,11.52759],[76.23624,11.52729],[76.23749,11.52683],[76.2388,11.52606],[76.23927,11.52545],[76.24002,11.52518],[76.2413,11.52845],[76.24313,11.53039],[76.24387,11.53204],[76.24404,11.53302],[76.24119,11.53347],[76.23925,11.53359],[76.23793,11.5341],[76.23656,11.53399],[76.23498,11.53429],[76.2337,11.53424],[76.2332,11.53402],[76.23275,11.53356],[76.23275,11.53284],[76.23189,11.53225],[76.23058,11.53099],[76.22958,11.53049],[76.229,11.53008],[76.22814,11.52999],[76.22687,11.53044],[76.22525,11.53149],[76.22482,11.53275],[76.22461,11.53275],[76.22402,11.53239],[76.22289,11.53239],[76.22246,11.53284],[76.22221,11.53379],[76.2223,11.53483],[76.22257,11.53592],[76.22343,11.53664],[76.22429,11.537],[76.22589,11.53692],[76.22606,11.53763],[76.22606,11.53813],[76.22569,11.53854],[76.22574,11.53908],[76.22601,11.53949],[76.22597,11.54039],[76.2256,11.54084],[76.22497,11.54103],[76.22455,11.54103],[76.22424,11.54088],[76.22368,11.54033],[76.22325,11.53922],[76.22289,11.53899],[76.22226,11.53913]]]}},{"type":"Feature","properties":{"class":"High Hazard Zone","fid":"17","zone":"High Hazard Zone","shapeArea":"0","area":"0.000348"},"geometry":{"type":"Polygon","coordinates":[[[76.11325,11.55047],[76.11396,11.55124],[76.11325,11.55055],[76.11325,11.55047]]]}},{"type":"Feature","properties":{"class":"High Hazard Zone","fid":"18","zone":"High Hazard Zone","shapeArea":"0.000082","area":"1.004576"},"geometry":{"type":"Polygon","coordinates":[[[76.04337,11.93655],[76.04233,11.93706],[76.0401,11.93781],[76.0393,11.93832],[76.03879,11.93849],[76.03797,11.93974],[76.03759,11.93958],[76.03622,11.93963],[76.03598,11.93989],[76.03454,11.93899],[76.03415,11.93884],[76.03268,11.93877],[76.03059,11.93901],[76.03005,11.93917],[76.02928,11.93956],[76.02875,11.94002],[76.02844,11.94094],[76.02807,11.94156],[76.0276,11.94187],[76.02706,11.94203],[76.02319,11.94259],[76.02281,11.94252],[76.02157,11.94129],[76.01839,11.9404],[76.0173,11.93986],[76.01684,11.93981],[76.01746,11.93848],[76.01773,11.93752],[76.01839,11.93634],[76.01909,11.93599],[76.02068,11.93606],[76.02161,11.93679],[76.02166,11.93709],[76.02261,11.93777],[76.02299,11.93858],[76.02364,11.93875],[76.02412,11.93873],[76.02533,11.93845],[76.02724,11.93767],[76.02847,11.93732],[76.02938,11.93659],[76.02943,11.93629],[76.02996,11.93619],[76.03069,11.93619],[76.03225,11.93684],[76.03371,11.93704],[76.03441,11.93659],[76.03454,11.93641],[76.03496,11.93641],[76.03547,11.93677],[76.03612,11.93699],[76.03688,11.93697],[76.0374,11.93659],[76.03798,11.93591],[76.04022,11.93563],[76.04309,11.93548],[76.04337,11.93587],[76.04337,11.93638],[76.04337,11.93655]]]}},{"type":"Feature","properties":{"class":"High Hazard Zone","fid":"19","zone":"High Hazard Zone","shapeArea":"0.000351","area":"4.287555"},"geometry":{"type":"Polygon","coordinates":[[[75.95897,11.93965],[75.95678,11.9402],[75.95612,11.94024],[75.95528,11.9402],[75.95431,11.94001],[75.95269,11.93936],[75.95176,11.93927],[75.94765,11.93957],[75.94672,11.93893],[75.9465,11.93815],[75.9465,11.93738],[75.94657,11.93704],[75.94694,11.93636],[75.94764,11.9375],[75.9484,11.93779],[75.95058,11.93819],[75.95173,11.93823],[75.95191,11.93794],[75.95249,11.93787],[75.95285,11.93812],[75.95339,11.93743],[75.95393,11.93552],[75.95469,11.93541],[75.9553,11.93556],[75.95566,11.93581],[75.95653,11.9361],[75.95739,11.9361],[75.95819,11.93567],[75.95916,11.93534],[75.95923,11.93498],[75.95988,11.93444],[75.96122,11.93401],[75.96525,11.93365],[75.96626,11.93365],[75.96673,11.93357],[75.96738,11.93329],[75.96767,11.93314],[75.96825,11.9322],[75.96908,11.93177],[75.96947,11.9317],[75.96951,11.92827],[75.96976,11.92755],[75.9712,11.92741],[75.97174,11.92687],[75.97304,11.92622],[75.97319,11.92672],[75.97423,11.92654],[75.97603,11.92662],[75.97683,11.9273],[75.97849,11.92802],[75.9787,11.92791],[75.97838,11.92647],[75.97791,11.92561],[75.97751,11.92517],[75.97744,11.92391],[75.97755,11.92344],[75.97816,11.92334],[75.97946,11.92348],[75.97996,11.9233],[75.98087,11.9233],[75.9813,11.92402],[75.98152,11.92525],[75.9826,11.92564],[75.98339,11.92572],[75.98555,11.92561],[75.98609,11.9255],[75.9862,11.92514],[75.98609,11.92438],[75.9857,11.92409],[75.98544,11.92352],[75.98508,11.92334],[75.98433,11.9224],[75.98332,11.92153],[75.98245,11.92027],[75.98227,11.91933],[75.9831,11.91897],[75.98599,11.91901],[75.98992,11.91804],[75.99035,11.91775],[75.99027,11.91786],[75.99041,11.91793],[75.9915,11.91796],[75.99183,11.91832],[75.99186,11.91919],[75.99157,11.9207],[75.99154,11.92175],[75.99143,11.92215],[75.99144,11.92385],[75.99193,11.92388],[75.99291,11.92416],[75.99388,11.92416],[75.99561,11.92445],[75.99623,11.92485],[75.99651,11.92543],[75.99666,11.9259],[75.99662,11.92676],[75.99691,11.92698],[75.99878,11.92716],[75.99907,11.92672],[75.99965,11.92626],[75.99969,11.92539],[76.00012,11.92474],[76.00044,11.92442],[76.00106,11.92416],[76.00138,11.92384],[76.00152,11.92352],[76.00155,11.92302],[76.00091,11.92254],[76.00103,11.92209],[76.00172,11.92173],[76.00269,11.92173],[76.00471,11.92072],[76.00581,11.91891],[76.00608,11.91878],[76.00635,11.91847],[76.00649,11.91811],[76.00769,11.91696],[76.00816,11.91612],[76.00892,11.91582],[76.00971,11.91498],[76.01095,11.91445],[76.01132,11.91441],[76.01138,11.91512],[76.01125,11.91545],[76.01058,11.91586],[76.01047,11.91649],[76.01032,11.91671],[76.00984,11.91706],[76.00971,11.91747],[76.00944,11.91787],[76.0093,11.91837],[76.00893,11.91887],[76.00857,11.91907],[76.00823,11.91948],[76.00816,11.91971],[76.00847,11.91998],[76.00947,11.91968],[76.01021,11.91985],[76.01071,11.91971],[76.01088,11.91928],[76.01081,11.91897],[76.01107,11.91809],[76.01161,11.9174],[76.01293,11.91707],[76.01377,11.91669],[76.01568,11.91654],[76.01763,11.91687],[76.01858,11.91663],[76.02125,11.91656],[76.02121,11.91713],[76.022,11.91757],[76.02215,11.91804],[76.02193,11.91858],[76.02139,11.91886],[76.01977,11.91883],[76.01937,11.91858],[76.01843,11.91822],[76.01685,11.91798],[76.01541,11.91992],[76.01508,11.92016],[76.0139,11.92055],[76.01232,11.92065],[76.01095,11.92126],[76.01058,11.92132],[76.00997,11.92168],[76.00969,11.92204],[76.00729,11.92354],[76.00672,11.92428],[76.00608,11.92468],[76.00528,11.92497],[76.0044,11.92555],[76.00249,11.92787],[76.00213,11.92808],[76.00138,11.9283],[76.00065,11.92907],[75.99894,11.93017],[75.99781,11.93048],[75.99669,11.93063],[75.9953,11.93072],[75.99465,11.93007],[75.9926,11.92905],[75.9905,11.92744],[75.98994,11.92623],[75.98967,11.92539],[75.98964,11.92486],[75.9899,11.92434],[75.98992,11.9233],[75.98984,11.92276],[75.98927,11.92186],[75.98897,11.92176],[75.9879,11.9218],[75.98689,11.92196],[75.98681,11.92208],[75.98583,11.92206],[75.98642,11.92297],[75.98753,11.92394],[75.98806,11.92461],[75.98824,11.92523],[75.98887,11.92609],[75.989,11.92659],[75.98847,11.92737],[75.98773,11.9278],[75.987,11.92803],[75.98616,11.92803],[75.98409,11.92859],[75.98171,11.92964],[75.98031,11.93072],[75.98007,11.93188],[75.97978,11.93225],[75.97961,11.93231],[75.97938,11.93226],[75.97861,11.93178],[75.97731,11.93175],[75.97623,11.93209],[75.97548,11.9319],[75.9748,11.93134],[75.97412,11.93144],[75.97375,11.93199],[75.97372,11.93233],[75.9739,11.93339],[75.97387,11.93376],[75.97357,11.93429],[75.96824,11.93603],[75.96282,11.93796],[75.96228,11.93797],[75.96108,11.93857],[75.95942,11.9392],[75.95897,11.93965]]]}},{"type":"Feature","properties":{"class":"High Hazard Zone","fid":"20","zone":"High Hazard Zone","shapeArea":"0.00003","area":"0.364538"},"geometry":{"type":"Polygon","coordinates":[[[75.9545,11.9],[75.9565,11.90046],[75.9585,11.90012],[75.95958,11.89943],[75.96147,11.89954],[75.96232,11.9004],[75.96267,11.90171],[75.96318,11.9024],[75.96489,11.90349],[75.96616,11.9048],[75.96504,11.90456],[75.96301,11.90456],[75.96252,11.90446],[75.96246,11.90416],[75.96163,11.90373],[75.95968,11.90369],[75.95849,11.90268],[75.95637,11.90283],[75.95554,11.90268],[75.95511,11.90225],[75.95456,11.90077],[75.9545,11.9]]]}},{"type":"Feature","properties":{"class":"High Hazard Zone","fid":"21","zone":"High Hazard Zone","shapeArea":"0.000029","area":"0.356927"},"geometry":{"type":"Polygon","coordinates":[[[76.01092,11.8576],[76.00995,11.85717],[76.0075,11.85751],[76.00618,11.8582],[76.0055,11.85905],[76.00333,11.86077],[76.00127,11.8614],[76.00095,11.86179],[76.00046,11.86162],[76.00014,11.86126],[75.99988,11.86072],[75.99986,11.85992],[76.0027,11.85871],[76.00317,11.85831],[76.00399,11.85705],[76.0045,11.85665],[76.00544,11.85557],[76.00706,11.85463],[76.00782,11.85438],[76.00868,11.85427],[76.00947,11.85453],[76.0102,11.85518],[76.01077,11.85593],[76.01088,11.8568],[76.01092,11.8576]]]}},{"type":"Feature","properties":{"class":"High Hazard Zone","fid":"22","zone":"High Hazard Zone","shapeArea":"0.000045","area":"0.555753"},"geometry":{"type":"Polygon","coordinates":[[[75.99941,11.86189],[75.99939,11.86221],[75.9999,11.8629],[75.99944,11.86427],[75.99882,11.86541],[75.99825,11.86598],[75.99796,11.8665],[75.99807,11.86758],[75.99887,11.86975],[75.99864,11.87221],[75.99727,11.87364],[75.99665,11.87466],[75.9955,11.87426],[75.99516,11.87346],[75.99442,11.873],[75.99509,11.87282],[75.99545,11.87254],[75.99585,11.87196],[75.99613,11.87131],[75.99632,11.87001],[75.99628,11.86882],[75.99613,11.86828],[75.99592,11.86799],[75.99498,11.86734],[75.99325,11.86734],[75.99253,11.86702],[75.99221,11.86655],[75.99206,11.86464],[75.9921,11.86385],[75.99253,11.86327],[75.99339,11.86313],[75.99495,11.86313],[75.99556,11.86323],[75.99585,11.86359],[75.99732,11.86367],[75.99787,11.86334],[75.9988,11.86226],[75.99927,11.86208],[75.99941,11.86189]]]}},{"type":"Feature","properties":{"class":"High Hazard Zone","fid":"23","zone":"High Hazard Zone","shapeArea":"0.000044","area":"0.534519"},"geometry":{"type":"Polygon","coordinates":[[[76.00523,11.87351],[76.0047,11.8743],[76.00384,11.87464],[76.00298,11.87464],[76.00213,11.87441],[76.00064,11.87344],[76.0011,11.87298],[76.00156,11.87218],[76.00173,11.8715],[76.00059,11.87024],[75.9999,11.86899],[76.00019,11.86756],[76.0011,11.86539],[76.00201,11.86453],[76.00264,11.8631],[76.00355,11.86282],[76.00441,11.86179],[76.00595,11.86031],[76.0067,11.85987],[76.00648,11.8608],[76.00648,11.86148],[76.00663,11.86221],[76.00663,11.86304],[76.00724,11.8652],[76.00699,11.86599],[76.00645,11.86646],[76.00569,11.86657],[76.00342,11.86646],[76.00248,11.8665],[76.00194,11.86769],[76.00194,11.86852],[76.00234,11.86913],[76.00295,11.86967],[76.00338,11.87028],[76.00342,11.87097],[76.0036,11.87151],[76.0036,11.87205],[76.00392,11.87255],[76.00497,11.87349],[76.00523,11.87351]]]}},{"type":"Feature","properties":{"class":"High Hazard Zone","fid":"24","zone":"High Hazard Zone","shapeArea":"0.000528","area":"6.458155"},"geometry":{"type":"Polygon","coordinates":[[[76.08393,11.55109],[76.08382,11.55135],[76.08196,11.5517],[76.07987,11.55164],[76.07877,11.55071],[76.07786,11.55036],[76.07763,11.54978],[76.07723,11.54961],[76.07667,11.54964],[76.07624,11.55017],[76.07582,11.55039],[76.07465,11.55067],[76.07334,11.55067],[76.0722,11.55042],[76.07176,11.55017],[76.07227,11.54926],[76.0732,11.5488],[76.07372,11.5488],[76.07454,11.54828],[76.07541,11.54787],[76.07691,11.54746],[76.07779,11.54683],[76.0786,11.5452],[76.079,11.54474],[76.08051,11.54474],[76.08127,11.54508],[76.08156,11.54561],[76.08209,11.54592],[76.08243,11.54671],[76.08272,11.54833],[76.08325,11.54869],[76.08485,11.54937],[76.08524,11.54944],[76.08662,11.54937],[76.08705,11.54914],[76.08671,11.54849],[76.0862,11.54831],[76.08591,11.54642],[76.08443,11.5438],[76.08432,11.54271],[76.08449,11.54168],[76.08466,11.53883],[76.08386,11.53632],[76.08397,11.53546],[76.08449,11.53477],[76.08511,11.53426],[76.08649,11.5334],[76.08723,11.53483],[76.08751,11.53643],[76.08786,11.53752],[76.08843,11.53849],[76.08997,11.53951],[76.09009,11.54019],[76.09079,11.54251],[76.09079,11.54362],[76.09137,11.54507],[76.0916,11.54687],[76.09259,11.54733],[76.09305,11.54721],[76.09375,11.54646],[76.09386,11.5446],[76.09299,11.54269],[76.09229,11.54187],[76.09229,11.54095],[76.09249,11.54027],[76.09288,11.54014],[76.09494,11.54009],[76.09659,11.53957],[76.09762,11.53911],[76.09774,11.53752],[76.09739,11.53717],[76.09659,11.53683],[76.09499,11.5366],[76.093,11.53694],[76.0914,11.53694],[76.0882,11.53575],[76.08934,11.53375],[76.0894,11.53272],[76.08883,11.53032],[76.0882,11.52869],[76.08763,11.52869],[76.087,11.52989],[76.08666,11.53126],[76.08609,11.53234],[76.08517,11.53308],[76.08386,11.5328],[76.08414,11.5316],[76.08454,11.5288],[76.08357,11.52663],[76.08255,11.52555],[76.08294,11.524],[76.083,11.52292],[76.083,11.52172],[76.08277,11.52006],[76.08346,11.51801],[76.08449,11.51669],[76.08472,11.51521],[76.08511,11.51447],[76.08631,11.51481],[76.08729,11.51584],[76.08814,11.51544],[76.08768,11.51447],[76.08797,11.51361],[76.08923,11.5131],[76.09031,11.51367],[76.09088,11.51738],[76.09088,11.51869],[76.09065,11.52001],[76.09225,11.52069],[76.0926,11.52155],[76.09374,11.52241],[76.09534,11.52241],[76.09614,11.52189],[76.09756,11.52246],[76.09859,11.52309],[76.09933,11.52235],[76.10048,11.52246],[76.10072,11.52219],[76.10099,11.52262],[76.1023,11.52319],[76.10288,11.52376],[76.10282,11.52451],[76.10259,11.52508],[76.10248,11.52588],[76.10687,11.52913],[76.10859,11.53022],[76.10932,11.52994],[76.11102,11.53078],[76.11195,11.5316],[76.11254,11.53328],[76.11224,11.53461],[76.10893,11.53433],[76.10482,11.53165],[76.10293,11.52993],[76.10076,11.53033],[76.09951,11.53033],[76.09819,11.53022],[76.09682,11.52965],[76.0965,11.5294],[76.09562,11.52777],[76.0942,11.5265],[76.09363,11.52564],[76.09264,11.52469],[76.0908,11.52338],[76.09034,11.52246],[76.08945,11.52207],[76.08779,11.52178],[76.08797,11.52263],[76.08825,11.52327],[76.09013,11.52437],[76.09176,11.52589],[76.092,11.52781],[76.09278,11.52933],[76.09296,11.53029],[76.09282,11.53089],[76.09246,11.53145],[76.09232,11.53227],[76.0925,11.53273],[76.09349,11.53269],[76.09477,11.53184],[76.09547,11.53174],[76.09629,11.53128],[76.09742,11.53103],[76.09871,11.53103],[76.10048,11.53125],[76.10227,11.53193],[76.10297,11.53333],[76.10344,11.53379],[76.10413,11.53542],[76.10425,11.53692],[76.10442,11.53779],[76.10495,11.53884],[76.10524,11.53965],[76.10522,11.54001],[76.10454,11.54058],[76.10429,11.54125],[76.10465,11.54274],[76.10422,11.54398],[76.10178,11.5454],[76.10153,11.54593],[76.10015,11.54625],[76.09951,11.54639],[76.09884,11.54639],[76.0982,11.54628],[76.09749,11.54568],[76.09671,11.54558],[76.09629,11.54579],[76.09625,11.54848],[76.09586,11.54891],[76.09438,11.54951],[76.0925,11.54951],[76.09087,11.54883],[76.09037,11.54823],[76.08984,11.54721],[76.0886,11.54568],[76.08736,11.54285],[76.08704,11.54349],[76.08708,11.54448],[76.08754,11.54618],[76.08814,11.54717],[76.08835,11.54816],[76.08835,11.54876],[76.08821,11.54947],[76.08793,11.55018],[76.08733,11.55046],[76.08627,11.55075],[76.08408,11.55075],[76.08393,11.55109]]]}},{"type":"Feature","properties":{"class":"High Hazard Zone","fid":"25","zone":"High Hazard Zone","shapeArea":"0.00002","area":"0.250279"},"geometry":{"type":"Polygon","coordinates":[[[76.13469,11.51832],[76.13455,11.51843],[76.13347,11.51853],[76.1329,11.51877],[76.13122,11.51917],[76.13041,11.51911],[76.12964,11.51927],[76.12917,11.51981],[76.12883,11.52048],[76.12803,11.52085],[76.12662,11.52075],[76.12557,11.52055],[76.1247,11.52025],[76.12386,11.51951],[76.12325,11.5185],[76.12295,11.51776],[76.12285,11.51709],[76.12332,11.51747],[76.12526,11.51809],[76.12755,11.51809],[76.12926,11.51769],[76.13109,11.51798],[76.13229,11.51798],[76.13394,11.51758],[76.13469,11.51832]]]}},{"type":"Feature","properties":{"class":"High Hazard Zone","fid":"26","zone":"High Hazard Zone","shapeArea":"0.000013","area":"0.156869"},"geometry":{"type":"Polygon","coordinates":[[[76.11924,11.48585],[76.11928,11.4866],[76.11953,11.48706],[76.12046,11.48752],[76.12154,11.48848],[76.12285,11.48922],[76.12332,11.48976],[76.12352,11.49022],[76.1232,11.49002],[76.12166,11.48961],[76.11945,11.48927],[76.11812,11.4888],[76.11747,11.48828],[76.11692,11.48822],[76.11645,11.48753],[76.11641,11.48678],[76.11668,11.48631],[76.11716,11.4861],[76.11781,11.486],[76.11835,11.48573],[76.11924,11.48585]]]}},{"type":"Feature","properties":{"class":"High Hazard Zone","fid":"27","zone":"High Hazard Zone","shapeArea":"0.000033","area":"0.407146"},"geometry":{"type":"Polygon","coordinates":[[[76.23633,11.62178],[76.23681,11.62183],[76.23766,11.62212],[76.23827,11.62244],[76.23894,11.62322],[76.23919,11.62375],[76.23972,11.62688],[76.23983,11.62819],[76.23986,11.6288],[76.23961,11.63064],[76.23937,11.63107],[76.23827,11.63132],[76.23763,11.63132],[76.23731,11.63167],[76.23723,11.63224],[76.23727,11.63349],[76.23706,11.63448],[76.23635,11.6354],[76.23557,11.63604],[76.2351,11.63619],[76.23443,11.63619],[76.23351,11.63636],[76.23297,11.63665],[76.23262,11.63729],[76.23233,11.63814],[76.23201,11.63864],[76.23144,11.63892],[76.22999,11.63924],[76.22903,11.6392],[76.22857,11.63864],[76.22836,11.63808],[76.23057,11.63807],[76.23108,11.63778],[76.23154,11.63681],[76.23188,11.63544],[76.23405,11.63516],[76.23536,11.63533],[76.23616,11.63276],[76.23576,11.63145],[76.23588,11.63042],[76.23691,11.63036],[76.23782,11.62968],[76.23782,11.62402],[76.23742,11.62299],[76.23633,11.62178]]]}},{"type":"Feature","properties":{"class":"High Hazard Zone","fid":"28","zone":"High Hazard Zone","shapeArea":"0.000011","area":"0.137811"},"geometry":{"type":"Polygon","coordinates":[[[76.20509,11.62255],[76.20509,11.624],[76.20466,11.62423],[76.20393,11.62443],[76.20304,11.62419],[76.20265,11.62354],[76.20164,11.62334],[76.19998,11.6233],[76.19913,11.62315],[76.19874,11.62288],[76.19851,11.62234],[76.19843,11.62106],[76.19929,11.62051],[76.19946,11.62096],[76.20055,11.62169],[76.20201,11.62187],[76.20265,11.62214],[76.20338,11.62296],[76.20393,11.62278],[76.20509,11.62255]]]}},{"type":"Feature","properties":{"class":"High Hazard Zone","fid":"29","zone":"High Hazard Zone","shapeArea":"0.000028","area":"0.337568"},"geometry":{"type":"Polygon","coordinates":[[[75.90418,11.71315],[75.90342,11.71339],[75.90261,11.71391],[75.90268,11.71419],[75.90199,11.71534],[75.90084,11.71569],[75.8994,11.71666],[75.89647,11.7177],[75.8955,11.71816],[75.89389,11.71925],[75.89291,11.71942],[75.89205,11.71942],[75.89136,11.71931],[75.89038,11.71902],[75.88981,11.71816],[75.88977,11.718],[75.88983,11.71809],[75.89029,11.71819],[75.89082,11.71819],[75.89241,11.7179],[75.89506,11.71656],[75.89545,11.71622],[75.89593,11.71612],[75.89713,11.7154],[75.8983,11.71535],[75.89973,11.71433],[75.90115,11.71393],[75.90185,11.71318],[75.90177,11.71033],[75.90195,11.71069],[75.90242,11.71084],[75.90301,11.71084],[75.90348,11.71104],[75.90392,11.71175],[75.90415,11.71234],[75.90415,11.71281],[75.90418,11.71315]]]}},{"type":"Feature","properties":{"class":"High Hazard Zone","fid":"30","zone":"High Hazard Zone","shapeArea":"0","area":"0.000264"},"geometry":{"type":"Polygon","coordinates":[[[75.98321,11.57521],[75.98321,11.5752],[75.9832,11.57507],[75.98349,11.57482],[75.98321,11.57521]]]}},{"type":"Feature","properties":{"class":"High Hazard Zone","fid":"31","zone":"High Hazard Zone","shapeArea":"0.000175","area":"2.139978"},"geometry":{"type":"Polygon","coordinates":[[[75.97678,11.59002],[75.97609,11.59002],[75.97563,11.58984],[75.97552,11.58893],[75.97632,11.58806],[75.97925,11.58789],[75.97948,11.58755],[75.97925,11.58686],[75.97854,11.5866],[75.97872,11.58638],[75.97872,11.58597],[75.97795,11.58568],[75.97768,11.58539],[75.97692,11.58504],[75.97661,11.58424],[75.97673,11.58359],[75.97726,11.58241],[75.97811,11.58141],[75.97994,11.57996],[75.98078,11.57946],[75.9809,11.57877],[75.98078,11.57816],[75.98017,11.5772],[75.97867,11.57648],[75.97833,11.57659],[75.97658,11.57789],[75.97577,11.57797],[75.97482,11.5777],[75.97329,11.57609],[75.97252,11.57583],[75.97046,11.57583],[75.96954,11.57552],[75.96896,11.57456],[75.96885,11.57388],[75.96889,11.57296],[75.96935,11.57228],[75.97023,11.57163],[75.97076,11.57087],[75.97183,11.57033],[75.97275,11.5701],[75.97466,11.5701],[75.97512,11.57085],[75.97539,11.57108],[75.97719,11.57165],[75.97768,11.57165],[75.97833,11.57139],[75.98036,11.57123],[75.98094,11.57104],[75.9817,11.57058],[75.98262,11.57031],[75.98332,11.57023],[75.98338,11.57163],[75.98384,11.57186],[75.98541,11.57192],[75.98553,11.57227],[75.98553,11.57297],[75.98349,11.57466],[75.98289,11.57563],[75.98296,11.57632],[75.98315,11.57686],[75.98358,11.57743],[75.98522,11.57858],[75.98637,11.57916],[75.98764,11.57927],[75.9885,11.5791],[75.9916,11.57795],[75.99217,11.57744],[75.99338,11.57663],[75.99447,11.57652],[75.99579,11.57703],[75.99597,11.57813],[75.99545,11.57899],[75.99487,11.57962],[75.99235,11.58083],[75.99235,11.58151],[75.99258,11.58203],[75.99263,11.5837],[75.99137,11.58554],[75.99034,11.58588],[75.9897,11.58571],[75.9897,11.58416],[75.98913,11.5837],[75.9889,11.58312],[75.98902,11.58232],[75.99039,11.5814],[75.99131,11.58048],[75.99223,11.58031],[75.9924,11.57956],[75.99217,11.5791],[75.9912,11.57939],[75.98993,11.58014],[75.98896,11.58042],[75.98746,11.5806],[75.98597,11.5806],[75.98522,11.58014],[75.9843,11.57985],[75.98378,11.57985],[75.98335,11.58106],[75.98227,11.58255],[75.98067,11.58389],[75.98026,11.58447],[75.98023,11.5849],[75.98138,11.58571],[75.98201,11.58691],[75.98206,11.58795],[75.98172,11.58904],[75.9808,11.5895],[75.97793,11.5895],[75.97678,11.59002]]]}},{"type":"Feature","properties":{"class":"High Hazard Zone","fid":"32","zone":"High Hazard Zone","shapeArea":"0.000082","area":"1.003061"},"geometry":{"type":"Polygon","coordinates":[[[75.94225,11.93581],[75.94231,11.93772],[75.94165,11.93862],[75.94118,11.93812],[75.94068,11.93673],[75.94037,11.93611],[75.94001,11.93575],[75.93975,11.93567],[75.938,11.93596],[75.93761,11.93474],[75.93827,11.93407],[75.93858,11.93352],[75.93873,11.93277],[75.93901,11.93206],[75.93892,11.93166],[75.93898,11.93129],[75.93991,11.9298],[75.9413,11.92881],[75.94183,11.92816],[75.94298,11.92704],[75.94421,11.92608],[75.94554,11.92614],[75.94571,11.92642],[75.9493,11.92613],[75.95216,11.92567],[75.9553,11.92493],[75.95953,11.92362],[75.96141,11.9227],[75.96507,11.92116],[75.96672,11.92099],[75.96725,11.92084],[75.96758,11.92057],[75.96848,11.92017],[75.9705,11.91999],[75.97169,11.92003],[75.97176,11.9206],[75.97137,11.92096],[75.97068,11.92143],[75.96982,11.92219],[75.9687,11.92277],[75.96771,11.92298],[75.96764,11.9231],[75.96671,11.92317],[75.9649,11.92382],[75.96415,11.92397],[75.96274,11.92397],[75.9618,11.92433],[75.96065,11.9253],[75.95935,11.9257],[75.95571,11.92598],[75.95322,11.92667],[75.94944,11.92739],[75.94803,11.92786],[75.9467,11.9279],[75.94612,11.92817],[75.94492,11.92809],[75.94409,11.9282],[75.94366,11.92842],[75.94348,11.92907],[75.94341,11.93011],[75.94294,11.93055],[75.94261,11.93102],[75.94214,11.93213],[75.94224,11.93542],[75.94225,11.93581]]]}},{"type":"Feature","properties":{"class":"High Hazard Zone","fid":"33","zone":"High Hazard Zone","shapeArea":"0.000047","area":"0.574937"},"geometry":{"type":"Polygon","coordinates":[[[75.93813,11.92924],[75.93754,11.93124],[75.93503,11.93307],[75.92937,11.93307],[75.92755,11.93215],[75.92675,11.93015],[75.92629,11.92776],[75.92629,11.92661],[75.92653,11.92592],[75.92684,11.92727],[75.92864,11.9281],[75.92936,11.92864],[75.93001,11.9289],[75.93153,11.92886],[75.9321,11.92868],[75.93257,11.92814],[75.93437,11.92814],[75.93524,11.92846],[75.93578,11.92882],[75.93632,11.92904],[75.93794,11.92908],[75.93813,11.92924]]]}},{"type":"Feature","properties":{"class":"High Hazard Zone","fid":"34","zone":"High Hazard Zone","shapeArea":"0.00001","area":"0.116676"},"geometry":{"type":"Polygon","coordinates":[[[75.94253,11.90395],[75.94187,11.90398],[75.94119,11.90423],[75.94054,11.9047],[75.93885,11.90499],[75.93773,11.90554],[75.93773,11.90506],[75.93794,11.90413],[75.93841,11.90351],[75.94076,11.902],[75.94191,11.90185],[75.9422,11.90243],[75.94263,11.90279],[75.94263,11.90366],[75.94253,11.90395]]]}},{"type":"Feature","properties":{"class":"High Hazard Zone","fid":"35","zone":"High Hazard Zone","shapeArea":"0.000019","area":"0.227712"},"geometry":{"type":"Polygon","coordinates":[[[75.94617,11.89881],[75.94555,11.89944],[75.94555,11.90009],[75.94584,11.90074],[75.94645,11.90121],[75.94689,11.90171],[75.94689,11.90322],[75.94652,11.90395],[75.94613,11.90445],[75.94505,11.90499],[75.94479,11.90542],[75.94467,11.90591],[75.94416,11.90577],[75.94291,11.90486],[75.94325,11.90434],[75.94359,11.90406],[75.94337,11.9032],[75.94257,11.9012],[75.94291,11.90017],[75.94434,11.89977],[75.94542,11.89909],[75.94617,11.89881]]]}},{"type":"Feature","properties":{"class":"High Hazard Zone","fid":"36","zone":"High Hazard Zone","shapeArea":"0.000075","area":"0.914323"},"geometry":{"type":"Polygon","coordinates":[[[75.98524,11.8858],[75.98507,11.88759],[75.98485,11.88809],[75.98459,11.88849],[75.98391,11.88849],[75.98341,11.88885],[75.98341,11.88961],[75.98384,11.89123],[75.98384,11.89184],[75.98355,11.89242],[75.98287,11.89253],[75.98114,11.89253],[75.98092,11.8931],[75.98038,11.89325],[75.97969,11.89318],[75.97905,11.89328],[75.97656,11.89314],[75.97587,11.89292],[75.97548,11.89264],[75.97443,11.89224],[75.974,11.89173],[75.9723,11.89173],[75.97147,11.89188],[75.97064,11.89228],[75.96873,11.89556],[75.96823,11.89606],[75.96715,11.89649],[75.96657,11.89653],[75.96607,11.89642],[75.96444,11.89747],[75.96358,11.89783],[75.96245,11.89796],[75.9625,11.89726],[75.96278,11.89618],[75.96375,11.89509],[75.96632,11.89383],[75.96746,11.89338],[75.96838,11.89252],[75.97135,11.89064],[75.97289,11.88989],[75.97472,11.88978],[75.97689,11.88989],[75.97734,11.89018],[75.97831,11.88949],[75.98048,11.88641],[75.9826,11.88584],[75.98494,11.88584],[75.98524,11.8858]]]}},{"type":"Feature","properties":{"class":"High Hazard Zone","fid":"37","zone":"High Hazard Zone","shapeArea":"0.000047","area":"0.570162"},"geometry":{"type":"Polygon","coordinates":[[[76.02703,11.87464],[76.02628,11.87479],[76.02552,11.87544],[76.02418,11.87605],[76.02231,11.8767],[76.02159,11.8767],[76.01896,11.87569],[76.01824,11.87508],[76.01816,11.87414],[76.01798,11.87355],[76.01798,11.87306],[76.0186,11.87234],[76.01968,11.87241],[76.02,11.87306],[76.02044,11.87345],[76.02119,11.87364],[76.02147,11.87393],[76.02274,11.87335],[76.02393,11.87306],[76.0253,11.87306],[76.02599,11.87288],[76.02848,11.8719],[76.02996,11.87084],[76.03057,11.87021],[76.03065,11.86984],[76.03125,11.86968],[76.03194,11.86979],[76.03331,11.87053],[76.03539,11.87053],[76.03471,11.87133],[76.03417,11.87259],[76.03349,11.87313],[76.03241,11.87353],[76.03136,11.87374],[76.02858,11.87371],[76.02793,11.87389],[76.02703,11.87464]]]}},{"type":"Feature","properties":{"class":"High Hazard Zone","fid":"38","zone":"High Hazard Zone","shapeArea":"0.000031","area":"0.373317"},"geometry":{"type":"Polygon","coordinates":[[[76.0346,11.86911],[76.03308,11.86848],[76.03257,11.86768],[76.03154,11.86688],[76.03047,11.86687],[76.02994,11.86723],[76.02971,11.86786],[76.02897,11.86883],[76.02783,11.86957],[76.02668,11.87112],[76.02628,11.87112],[76.02508,11.87083],[76.02457,11.87083],[76.02246,11.87026],[76.02126,11.87026],[76.0208,11.87049],[76.02055,11.87076],[76.02054,11.86931],[76.0213,11.8683],[76.02177,11.86808],[76.0222,11.86808],[76.0226,11.86819],[76.02357,11.86902],[76.02433,11.86927],[76.02516,11.86927],[76.02732,11.86805],[76.02848,11.86682],[76.02938,11.86552],[76.02985,11.86502],[76.03039,11.8648],[76.03125,11.86487],[76.03262,11.86523],[76.03313,11.86567],[76.03424,11.86621],[76.0346,11.86689],[76.0346,11.86787],[76.0346,11.86911]]]}},{"type":"Feature","properties":{"class":"High Hazard Zone","fid":"39","zone":"High Hazard Zone","shapeArea":"0.000023","area":"0.280595"},"geometry":{"type":"Polygon","coordinates":[[[76.0693,11.8767],[76.06877,11.8767],[76.06723,11.87636],[76.06477,11.87681],[76.06329,11.87573],[76.0634,11.87464],[76.06397,11.8743],[76.06317,11.8739],[76.06032,11.87396],[76.05941,11.8747],[76.05912,11.87562],[76.05838,11.87567],[76.05701,11.87522],[76.05592,11.87527],[76.05575,11.87419],[76.05524,11.87287],[76.05489,11.87156],[76.05489,11.87087],[76.05595,11.87129],[76.05642,11.87205],[76.05671,11.87288],[76.05725,11.87367],[76.05775,11.87396],[76.0588,11.874],[76.05919,11.87345],[76.05981,11.87306],[76.06067,11.87277],[76.06172,11.87266],[76.06327,11.8727],[76.06449,11.87349],[76.06489,11.87482],[76.06525,11.87508],[76.06579,11.87511],[76.06651,11.87562],[76.06738,11.87555],[76.06828,11.87587],[76.069,11.8763],[76.0693,11.8767]]]}},{"type":"Feature","properties":{"class":"High Hazard Zone","fid":"40","zone":"High Hazard Zone","shapeArea":"0.000028","area":"0.343824"},"geometry":{"type":"Polygon","coordinates":[[[75.97774,11.8765],[75.9759,11.87688],[75.97515,11.87738],[75.97427,11.87713],[75.97371,11.87794],[75.97402,11.87875],[75.9739,11.87925],[75.97302,11.87975],[75.97202,11.87963],[75.9704,11.87856],[75.96934,11.87813],[75.96791,11.87792],[75.96775,11.87633],[75.96648,11.87527],[75.96539,11.87469],[75.96668,11.87322],[75.96787,11.87239],[75.9687,11.87236],[75.96927,11.87254],[75.96956,11.87322],[75.96956,11.8756],[75.96971,11.87665],[75.9701,11.87729],[75.97057,11.87758],[75.97169,11.87784],[75.97245,11.87784],[75.97371,11.87629],[75.97432,11.87578],[75.97504,11.87546],[75.97652,11.8751],[75.97721,11.87553],[75.97774,11.8765]]]}},{"type":"Feature","properties":{"class":"High Hazard Zone","fid":"41","zone":"High Hazard Zone","shapeArea":"0.000027","area":"0.331919"},"geometry":{"type":"Polygon","coordinates":[[[75.96693,11.86152],[75.96696,11.86158],[75.96721,11.86071],[75.9674,11.85915],[75.96815,11.85815],[75.9689,11.8584],[75.96965,11.85915],[75.97046,11.85952],[75.97115,11.86052],[75.9714,11.86158],[75.97102,11.86227],[75.97271,11.86321],[75.97334,11.86408],[75.97365,11.86527],[75.97327,11.86583],[75.97234,11.86596],[75.97143,11.8663],[75.9689,11.86629],[75.97014,11.86566],[75.97072,11.86519],[75.97083,11.86458],[75.96891,11.86433],[75.96863,11.86231],[75.96794,11.86206],[75.96718,11.86307],[75.96686,11.86379],[75.96697,11.86267],[75.96693,11.86202],[75.96693,11.86152]]]}},{"type":"Feature","properties":{"class":"High Hazard Zone","fid":"42","zone":"High Hazard Zone","shapeArea":"0.000053","area":"0.646218"},"geometry":{"type":"Polygon","coordinates":[[[76.01323,11.87328],[76.01149,11.87403],[76.01052,11.87464],[76.0098,11.87482],[76.00893,11.87573],[76.00818,11.87605],[76.00756,11.87713],[76.00695,11.87757],[76.00598,11.87865],[76.00562,11.87883],[76.00356,11.87894],[76.00313,11.87879],[76.00219,11.87814],[75.99978,11.87742],[75.99888,11.87735],[75.99808,11.87742],[75.99779,11.87785],[75.99711,11.87807],[75.9961,11.87897],[75.9957,11.88002],[75.99549,11.88103],[75.99469,11.8816],[75.99368,11.88254],[75.99332,11.88301],[75.99249,11.88366],[75.9921,11.88395],[75.99163,11.88402],[75.98973,11.88394],[75.99128,11.88049],[75.99185,11.87957],[75.99311,11.879],[75.99493,11.87798],[75.99807,11.87603],[76.00053,11.87615],[76.00133,11.8766],[76.00197,11.87759],[76.00327,11.87734],[76.00378,11.87785],[76.00504,11.87865],[76.00533,11.87808],[76.00533,11.87757],[76.0047,11.87631],[76.00493,11.87551],[76.0059,11.87443],[76.0067,11.8738],[76.00767,11.87329],[76.00961,11.87254],[76.01098,11.87249],[76.01178,11.87271],[76.01323,11.87328]]]}},{"type":"Feature","properties":{"class":"High Hazard Zone","fid":"43","zone":"High Hazard Zone","shapeArea":"0.000022","area":"0.263632"},"geometry":{"type":"Polygon","coordinates":[[[75.99186,11.86922],[75.99095,11.8702],[75.99058,11.87195],[75.99045,11.87327],[75.99002,11.87551],[75.99039,11.87626],[75.9907,11.87801],[75.99101,11.87895],[75.9907,11.87906],[75.98903,11.87798],[75.98878,11.87737],[75.98835,11.87686],[75.98831,11.87636],[75.98842,11.8752],[75.98882,11.87412],[75.98885,11.87214],[75.98882,11.8716],[75.98856,11.87077],[75.98809,11.87037],[75.98799,11.86983],[75.98802,11.86918],[75.98849,11.86868],[75.98943,11.86817],[75.99087,11.86828],[75.99181,11.86889],[75.99186,11.86922]]]}},{"type":"Feature","properties":{"class":"High Hazard Zone","fid":"44","zone":"High Hazard Zone","shapeArea":"0.00003","area":"0.367253"},"geometry":{"type":"Polygon","coordinates":[[[75.97512,11.85473],[75.97569,11.8543],[75.97612,11.85332],[75.97649,11.85307],[75.97728,11.85296],[75.97749,11.85347],[75.97713,11.85415],[75.97717,11.85516],[75.97804,11.85711],[75.97804,11.85772],[75.97836,11.85844],[75.9785,11.85905],[75.97872,11.85938],[75.98042,11.85978],[75.98218,11.85963],[75.98287,11.85981],[75.98319,11.86035],[75.98326,11.86183],[75.98316,11.86277],[75.98269,11.86313],[75.98215,11.86298],[75.98222,11.86169],[75.98211,11.86129],[75.9815,11.86107],[75.97879,11.861],[75.97804,11.86053],[75.97717,11.85974],[75.97677,11.85891],[75.97667,11.85819],[75.97667,11.85704],[75.97649,11.85628],[75.97551,11.85628],[75.97501,11.85639],[75.97465,11.85689],[75.97457,11.85736],[75.97475,11.85794],[75.97508,11.85837],[75.97526,11.85895],[75.97519,11.85945],[75.9749,11.85967],[75.97396,11.85978],[75.97346,11.85938],[75.97346,11.8588],[75.9731,11.85855],[75.97259,11.85855],[75.97212,11.85833],[75.97209,11.85725],[75.97284,11.85689],[75.97317,11.85639],[75.97317,11.85581],[75.97342,11.85523],[75.97389,11.85502],[75.97512,11.85473]]]}},{"type":"Feature","properties":{"class":"High Hazard Zone","fid":"45","zone":"High Hazard Zone","shapeArea":"0.000017","area":"0.202106"},"geometry":{"type":"Polygon","coordinates":[[[75.93119,11.84236],[75.93103,11.84307],[75.93114,11.84392],[75.93172,11.84466],[75.93149,11.84552],[75.93223,11.84564],[75.93314,11.84564],[75.93508,11.84529],[75.93491,11.84592],[75.93286,11.84775],[75.93206,11.84821],[75.93309,11.84918],[75.93137,11.84883],[75.93034,11.84815],[75.92909,11.84843],[75.9284,11.84901],[75.92795,11.84992],[75.92755,11.84935],[75.92686,11.84792],[75.92718,11.84764],[75.92765,11.84758],[75.92867,11.84683],[75.92922,11.84662],[75.92979,11.84656],[75.9309,11.84719],[75.93141,11.84713],[75.93153,11.84683],[75.9315,11.84632],[75.93099,11.84593],[75.93057,11.84536],[75.93057,11.84473],[75.93093,11.84377],[75.93081,11.84302],[75.93096,11.84257],[75.93119,11.84236]]]}},{"type":"Feature","properties":{"class":"High Hazard Zone","fid":"46","zone":"High Hazard Zone","shapeArea":"0.000065","area":"0.791149"},"geometry":{"type":"Polygon","coordinates":[[[75.80898,11.75083],[75.80868,11.75236],[75.80883,11.75347],[75.80965,11.754],[75.81061,11.75328],[75.81133,11.75337],[75.8122,11.75332],[75.81349,11.75369],[75.8137,11.75418],[75.81385,11.75517],[75.81455,11.75567],[75.81504,11.75513],[75.81556,11.75537],[75.81646,11.7553],[75.81704,11.75496],[75.81719,11.75474],[75.81721,11.75482],[75.81784,11.75443],[75.81803,11.7539],[75.81885,11.754],[75.81904,11.75434],[75.81938,11.75405],[75.81967,11.75318],[75.81943,11.7527],[75.81986,11.75241],[75.82078,11.75241],[75.82189,11.75279],[75.82242,11.75342],[75.82285,11.75424],[75.82251,11.75492],[75.82189,11.75549],[75.82092,11.75684],[75.82034,11.75776],[75.82044,11.75795],[75.82116,11.75766],[75.82271,11.75646],[75.82304,11.75569],[75.82415,11.75554],[75.82415,11.75631],[75.82434,11.75737],[75.8254,11.75814],[75.82531,11.75901],[75.82487,11.75969],[75.82391,11.75978],[75.82271,11.76012],[75.82198,11.75959],[75.82261,11.75911],[75.82285,11.75827],[75.82107,11.75861],[75.82044,11.75892],[75.81927,11.75853],[75.8189,11.75816],[75.8189,11.75783],[75.81908,11.75746],[75.81988,11.75704],[75.8203,11.75653],[75.82039,11.75564],[75.81983,11.75546],[75.8196,11.75602],[75.81936,11.75625],[75.81862,11.75658],[75.81745,11.75686],[75.81689,11.75718],[75.81657,11.75751],[75.81652,11.75853],[75.81512,11.75872],[75.81359,11.75863],[75.81321,11.75839],[75.81233,11.7576],[75.81219,11.75662],[75.81112,11.75583],[75.81023,11.75592],[75.80972,11.75639],[75.80916,11.75639],[75.80734,11.75569],[75.80697,11.75536],[75.80673,11.75429],[75.80673,11.75331],[75.80711,11.75243],[75.80785,11.75136],[75.80851,11.75103],[75.80898,11.75083]]]}},{"type":"Feature","properties":{"class":"High Hazard Zone","fid":"47","zone":"High Hazard Zone","shapeArea":"0.000034","area":"0.409256"},"geometry":{"type":"Polygon","coordinates":[[[75.81851,11.76048],[75.81821,11.76142],[75.82001,11.76412],[75.81959,11.76445],[75.81832,11.76487],[75.81604,11.7643],[75.81463,11.76459],[75.81335,11.7643],[75.81292,11.76487],[75.81342,11.76608],[75.81413,11.76665],[75.81548,11.76714],[75.81626,11.767],[75.81761,11.76658],[75.81959,11.76658],[75.82051,11.76686],[75.82122,11.76743],[75.8208,11.76828],[75.8192,11.76875],[75.81884,11.76938],[75.81862,11.76864],[75.8182,11.76817],[75.81699,11.76803],[75.81619,11.7678],[75.81545,11.7678],[75.81368,11.76803],[75.8127,11.7677],[75.81167,11.76715],[75.81135,11.76626],[75.81126,11.76533],[75.81139,11.76454],[75.81205,11.76346],[75.81279,11.763],[75.81619,11.7629],[75.81671,11.76123],[75.81755,11.76053],[75.81829,11.76053],[75.81851,11.76048]]]}},{"type":"Feature","properties":{"class":"High Hazard Zone","fid":"48","zone":"High Hazard Zone","shapeArea":"0.000026","area":"0.315212"},"geometry":{"type":"Polygon","coordinates":[[[75.7999,11.76702],[75.80058,11.76682],[75.80133,11.76677],[75.80412,11.76682],[75.80566,11.76738],[75.8065,11.76738],[75.80697,11.76775],[75.80799,11.76817],[75.80939,11.7684],[75.812,11.76845],[75.81284,11.76864],[75.81335,11.76901],[75.81405,11.77008],[75.81414,11.7707],[75.81214,11.77034],[75.81008,11.76977],[75.80781,11.76991],[75.80604,11.76991],[75.80299,11.76892],[75.8024,11.769],[75.80203,11.76894],[75.80069,11.76801],[75.80007,11.76739],[75.7999,11.76702]]]}},{"type":"Feature","properties":{"class":"High Hazard Zone","fid":"49","zone":"High Hazard Zone","shapeArea":"0.000051","area":"0.623427"},"geometry":{"type":"Polygon","coordinates":[[[75.79726,11.74227],[75.79883,11.74289],[75.80083,11.74537],[75.80215,11.7461],[75.80304,11.74647],[75.80378,11.74821],[75.80389,11.749],[75.80441,11.74974],[75.80478,11.75],[75.8052,11.75],[75.80576,11.75023],[75.80594,11.75056],[75.80594,11.75205],[75.80552,11.75354],[75.80552,11.75554],[75.80585,11.75666],[75.8059,11.75759],[75.80566,11.75829],[75.8052,11.75862],[75.80217,11.75862],[75.80035,11.75983],[75.79844,11.76029],[75.79541,11.76029],[75.7949,11.7595],[75.79473,11.75913],[75.79579,11.75913],[75.79687,11.75877],[75.79821,11.75805],[75.80028,11.75728],[75.80296,11.75666],[75.80348,11.75609],[75.80348,11.75399],[75.80405,11.75283],[75.80439,11.75167],[75.80256,11.74932],[75.8015,11.74894],[75.80164,11.74839],[75.80111,11.74691],[75.80025,11.74595],[75.79929,11.74516],[75.79784,11.74446],[75.79663,11.74402],[75.79581,11.74359],[75.79523,11.74311],[75.79601,11.74267],[75.79654,11.74263],[75.79702,11.74243],[75.79726,11.74227]]]}},{"type":"Feature","properties":{"class":"High Hazard Zone","fid":"50","zone":"High Hazard Zone","shapeArea":"0.000067","area":"0.817642"},"geometry":{"type":"Polygon","coordinates":[[[75.8124,11.77224],[75.81214,11.77282],[75.81167,11.77515],[75.81163,11.77743],[75.81121,11.77748],[75.81046,11.7771],[75.80958,11.77641],[75.80934,11.77543],[75.80916,11.77515],[75.80906,11.77403],[75.8086,11.77361],[75.80757,11.77338],[75.80669,11.77338],[75.8059,11.77352],[75.8044,11.77347],[75.80371,11.77328],[75.80273,11.77324],[75.80152,11.77263],[75.79909,11.77268],[75.79867,11.77286],[75.79802,11.77361],[75.79741,11.77403],[75.79727,11.77449],[75.79676,11.77463],[75.79602,11.77463],[75.79499,11.77431],[75.7948,11.77403],[75.7948,11.77137],[75.79508,11.77058],[75.7955,11.76997],[75.7955,11.76941],[75.79513,11.7689],[75.79443,11.76872],[75.7935,11.76872],[75.79261,11.7689],[75.79161,11.76931],[75.79161,11.76732],[75.79185,11.76704],[75.79336,11.76693],[75.79395,11.76695],[75.79455,11.76724],[75.79651,11.76744],[75.79832,11.76868],[75.79909,11.77002],[75.79966,11.77028],[75.80023,11.77038],[75.80156,11.77038],[75.80271,11.77097],[75.80611,11.77154],[75.80746,11.7714],[75.81001,11.77147],[75.812,11.77204],[75.8124,11.77224]]]}},{"type":"Feature","properties":{"class":"High Hazard Zone","fid":"51","zone":"High Hazard Zone","shapeArea":"0.000005","area":"0.060629"},"geometry":{"type":"Polygon","coordinates":[[[75.82222,11.77214],[75.82221,11.77225],[75.82155,11.77248],[75.81997,11.77351],[75.81861,11.77384],[75.81767,11.77337],[75.81851,11.77169],[75.81854,11.77138],[75.81989,11.77219],[75.82186,11.77226],[75.82222,11.77214]]]}},{"type":"Feature","properties":{"class":"High Hazard Zone","fid":"52","zone":"High Hazard Zone","shapeArea":"0.000104","area":"1.270307"},"geometry":{"type":"Polygon","coordinates":[[[75.82802,11.7713],[75.82868,11.7713],[75.82962,11.77154],[75.82999,11.77177],[75.83004,11.77265],[75.82985,11.77331],[75.82948,11.77368],[75.8291,11.77452],[75.82817,11.77689],[75.82719,11.77717],[75.82286,11.77722],[75.82174,11.77764],[75.81994,11.77854],[75.81923,11.77962],[75.82166,11.78013],[75.82244,11.78006],[75.82365,11.77974],[75.825,11.77894],[75.82565,11.77834],[75.82659,11.77783],[75.82752,11.77797],[75.82868,11.77941],[75.82882,11.78034],[75.82859,11.78076],[75.82687,11.7816],[75.82426,11.78309],[75.82379,11.78356],[75.82267,11.78561],[75.82183,11.78631],[75.82008,11.78722],[75.81953,11.78764],[75.8157,11.7896],[75.81535,11.78941],[75.81359,11.7892],[75.81282,11.78858],[75.81202,11.78783],[75.81247,11.78786],[75.81331,11.78814],[75.81433,11.78772],[75.81489,11.78693],[75.8154,11.78642],[75.81657,11.78586],[75.82072,11.78455],[75.82155,11.78315],[75.82169,11.78241],[75.82113,11.78134],[75.8202,11.78115],[75.81922,11.78115],[75.81781,11.7813],[75.81553,11.78109],[75.81489,11.78059],[75.81442,11.77966],[75.81442,11.77868],[75.81466,11.77803],[75.81512,11.77747],[75.81619,11.77691],[75.81708,11.77658],[75.81843,11.77635],[75.81974,11.77588],[75.82081,11.77565],[75.82179,11.7756],[75.82435,11.7757],[75.82593,11.77476],[75.82663,11.77341],[75.82775,11.77178],[75.82802,11.7713]]]}},{"type":"Feature","properties":{"class":"High Hazard Zone","fid":"53","zone":"High Hazard Zone","shapeArea":"0.00002","area":"0.248546"},"geometry":{"type":"Polygon","coordinates":[[[75.82088,11.79308],[75.81964,11.79311],[75.81841,11.79332],[75.81744,11.79332],[75.81651,11.79298],[75.81508,11.79294],[75.81407,11.79235],[75.81263,11.79138],[75.81166,11.79058],[75.81057,11.78998],[75.809,11.78889],[75.80824,11.78783],[75.80824,11.78732],[75.80946,11.78817],[75.81122,11.78889],[75.81179,11.78899],[75.81246,11.78941],[75.81303,11.78935],[75.8138,11.78972],[75.81437,11.79013],[75.8153,11.79054],[75.81682,11.79083],[75.81856,11.79196],[75.82081,11.79301],[75.82088,11.79308]]]}},{"type":"Feature","properties":{"class":"High Hazard Zone","fid":"54","zone":"High Hazard Zone","shapeArea":"0.000192","area":"2.350457"},"geometry":{"type":"Polygon","coordinates":[[[75.79664,11.78838],[75.79677,11.78846],[75.79803,11.79112],[75.79909,11.79357],[75.79981,11.79437],[75.80035,11.79521],[75.80095,11.79572],[75.80381,11.79614],[75.80453,11.79698],[75.80495,11.7977],[75.80487,11.8019],[75.80521,11.80419],[75.80512,11.80474],[75.80445,11.80566],[75.80352,11.80638],[75.80305,11.8076],[75.80245,11.8081],[75.80179,11.80912],[75.80133,11.81035],[75.80073,11.81056],[75.79997,11.81039],[75.79943,11.81005],[75.79862,11.80984],[75.79791,11.81263],[75.79597,11.8133],[75.79453,11.81355],[75.79297,11.81305],[75.7904,11.8109],[75.78972,11.81064],[75.78862,11.81039],[75.78782,11.81039],[75.78711,11.81026],[75.78639,11.80971],[75.78559,11.80929],[75.78474,11.80917],[75.78436,11.80845],[75.78428,11.80756],[75.78462,11.80655],[75.78576,11.80503],[75.78647,11.80436],[75.78761,11.80237],[75.78829,11.80195],[75.78919,11.80178],[75.78946,11.80102],[75.78946,11.80025],[75.79001,11.79946],[75.79031,11.79918],[75.79031,11.79888],[75.79048,11.79876],[75.7904,11.79821],[75.78993,11.79804],[75.78955,11.79804],[75.78896,11.79833],[75.7882,11.79888],[75.78787,11.79926],[75.78715,11.8007],[75.7866,11.80251],[75.78622,11.80319],[75.78584,11.80416],[75.78542,11.80479],[75.78479,11.80517],[75.78394,11.80517],[75.78339,11.80458],[75.78276,11.80433],[75.78111,11.80433],[75.78052,11.80424],[75.77984,11.80339],[75.78006,11.80306],[75.78099,11.80251],[75.78196,11.80247],[75.78246,11.80255],[75.78339,11.80357],[75.78403,11.80357],[75.78457,11.8031],[75.7847,11.80268],[75.785,11.80222],[75.78508,11.80108],[75.78525,11.80061],[75.78554,11.80006],[75.78584,11.79985],[75.78622,11.79859],[75.78677,11.79736],[75.78753,11.79656],[75.78837,11.79618],[75.78879,11.79627],[75.79052,11.79631],[75.79124,11.79682],[75.79145,11.79736],[75.7917,11.7977],[75.79162,11.79909],[75.79149,11.79939],[75.79107,11.79964],[75.79079,11.79996],[75.79107,11.80077],[75.79103,11.80153],[75.79061,11.80217],[75.79002,11.80267],[75.78938,11.8044],[75.78938,11.80508],[75.78951,11.8055],[75.79023,11.80563],[75.79289,11.80563],[75.79335,11.80571],[75.79369,11.8066],[75.7939,11.80689],[75.79415,11.80778],[75.79457,11.8082],[75.79521,11.80841],[75.79559,11.80837],[75.79592,11.80799],[75.79609,11.8071],[75.79622,11.80499],[75.79673,11.80343],[75.79795,11.80314],[75.7985,11.80318],[75.79892,11.80377],[75.79892,11.80423],[75.79976,11.80449],[75.80192,11.80444],[75.80238,11.80423],[75.80276,11.80368],[75.8028,11.80221],[75.80259,11.80107],[75.80217,11.80044],[75.80179,11.80014],[75.80162,11.79959],[75.80162,11.79892],[75.80179,11.79786],[75.80166,11.79723],[75.80128,11.79689],[75.80057,11.79655],[75.80002,11.79643],[75.79981,11.79601],[75.79943,11.79558],[75.79867,11.79541],[75.79685,11.79385],[75.7963,11.79318],[75.79613,11.79276],[75.79607,11.79235],[75.79613,11.79168],[75.79592,11.79067],[75.7956,11.78998],[75.79571,11.78931],[75.79601,11.78863],[75.79664,11.78838]]]}},{"type":"Feature","properties":{"class":"High Hazard Zone","fid":"55","zone":"High Hazard Zone","shapeArea":"0.000052","area":"0.63276"},"geometry":{"type":"Polygon","coordinates":[[[75.80761,11.79445],[75.80959,11.79513],[75.81002,11.79559],[75.81006,11.79627],[75.80993,11.79669],[75.80841,11.79817],[75.8077,11.7996],[75.80698,11.80011],[75.80671,11.8008],[75.80597,11.79969],[75.80562,11.7986],[75.80567,11.79652],[75.80597,11.79597],[75.80588,11.79496],[75.8055,11.79445],[75.80318,11.79437],[75.80204,11.79471],[75.80128,11.79471],[75.80061,11.79445],[75.80027,11.7939],[75.80019,11.79285],[75.80003,11.79245],[75.80005,11.79267],[75.79757,11.78872],[75.79732,11.78728],[75.79757,11.78674],[75.79833,11.78678],[75.79913,11.78724],[75.7996,11.78812],[75.7996,11.78884],[75.80023,11.79125],[75.80069,11.79137],[75.80116,11.79137],[75.802,11.79108],[75.80301,11.79116],[75.80609,11.79116],[75.80689,11.79125],[75.80749,11.79154],[75.80817,11.79172],[75.80854,11.79214],[75.80846,11.79298],[75.80765,11.79416],[75.80761,11.79445]]]}},{"type":"Feature","properties":{"class":"High Hazard Zone","fid":"56","zone":"High Hazard Zone","shapeArea":"0.000045","area":"0.547188"},"geometry":{"type":"Polygon","coordinates":[[[75.81111,11.80186],[75.80991,11.80414],[75.80768,11.80528],[75.80659,11.80528],[75.80699,11.80357],[75.80722,11.80191],[75.80708,11.80161],[75.80719,11.80129],[75.80757,11.80099],[75.80803,11.80078],[75.80879,11.80074],[75.80917,11.80154],[75.80951,11.80154],[75.80968,11.80049],[75.81002,11.80015],[75.8102,11.79935],[75.81048,11.79918],[75.81124,11.7983],[75.81192,11.79779],[75.81322,11.79699],[75.81407,11.79661],[75.8155,11.79606],[75.81601,11.79606],[75.81698,11.79652],[75.8174,11.79707],[75.81778,11.79842],[75.81778,11.80098],[75.81647,11.8014],[75.8131,11.80146],[75.81288,11.80043],[75.81168,11.801],[75.81111,11.80186]]]}},{"type":"Feature","properties":{"class":"High Hazard Zone","fid":"57","zone":"High Hazard Zone","shapeArea":"0.000029","area":"0.353557"},"geometry":{"type":"Polygon","coordinates":[[[75.8213,11.82488],[75.8209,11.825],[75.82061,11.82568],[75.82061,11.82644],[75.82095,11.82791],[75.82095,11.82871],[75.82044,11.82918],[75.8201,11.82905],[75.81993,11.82812],[75.81988,11.82703],[75.81944,11.82703],[75.81918,11.82668],[75.81865,11.82646],[75.81834,11.82592],[75.8182,11.82504],[75.81871,11.82504],[75.81882,11.8255],[75.81937,11.82554],[75.81966,11.82499],[75.82002,11.82377],[75.82065,11.82327],[75.82095,11.82289],[75.82251,11.82204],[75.82331,11.822],[75.82373,11.82217],[75.82504,11.82323],[75.82516,11.8239],[75.82516,11.82471],[75.82571,11.82542],[75.82609,11.82707],[75.82609,11.82759],[75.82617,11.82785],[75.82628,11.82786],[75.82632,11.82908],[75.82586,11.82991],[75.8253,11.82998],[75.82477,11.8304],[75.82445,11.83006],[75.8244,11.8282],[75.82381,11.82753],[75.82335,11.82664],[75.82272,11.82495],[75.82221,11.82441],[75.82149,11.82453],[75.8213,11.82488]]]}},{"type":"Feature","properties":{"class":"High Hazard Zone","fid":"58","zone":"High Hazard Zone","shapeArea":"0.000025","area":"0.303208"},"geometry":{"type":"Polygon","coordinates":[[[75.80976,11.82234],[75.81027,11.82344],[75.81078,11.82395],[75.81111,11.82403],[75.81137,11.82386],[75.81145,11.82361],[75.8112,11.82264],[75.81107,11.82112],[75.81145,11.82049],[75.81221,11.82036],[75.81297,11.82036],[75.81369,11.82053],[75.81428,11.82108],[75.81453,11.82201],[75.81441,11.82281],[75.81433,11.82288],[75.81496,11.82338],[75.81527,11.82399],[75.81561,11.8252],[75.81614,11.82596],[75.81633,11.8274],[75.81607,11.82727],[75.81533,11.82647],[75.8147,11.82449],[75.81419,11.82407],[75.8139,11.82436],[75.81377,11.82495],[75.81289,11.82571],[75.81221,11.82605],[75.81149,11.82622],[75.8101,11.82618],[75.80938,11.82567],[75.80905,11.82487],[75.80896,11.82356],[75.8093,11.82297],[75.80976,11.82234]]]}},{"type":"Feature","properties":{"class":"High Hazard Zone","fid":"59","zone":"High Hazard Zone","shapeArea":"0.000004","area":"0.050134"},"geometry":{"type":"Polygon","coordinates":[[[75.82035,11.85348],[75.82031,11.85403],[75.82044,11.85453],[75.82107,11.85554],[75.82099,11.85652],[75.82065,11.85668],[75.8201,11.85656],[75.81917,11.85516],[75.81922,11.85407],[75.81981,11.85348],[75.82027,11.85327],[75.82035,11.85348]]]}},{"type":"Feature","properties":{"class":"High Hazard Zone","fid":"60","zone":"High Hazard Zone","shapeArea":"0.00006","area":"0.729491"},"geometry":{"type":"Polygon","coordinates":[[[75.81956,11.74736],[75.81905,11.74747],[75.81763,11.74742],[75.817,11.74573],[75.81668,11.74415],[75.81652,11.74384],[75.81647,11.74305],[75.81636,11.74284],[75.81589,11.74268],[75.81489,11.74268],[75.81431,11.74342],[75.81363,11.74458],[75.81289,11.74521],[75.81231,11.74595],[75.81231,11.74647],[75.8121,11.747],[75.81157,11.74726],[75.81063,11.748],[75.80889,11.74889],[75.80726,11.74963],[75.80678,11.74963],[75.80647,11.74895],[75.80552,11.746],[75.80468,11.74379],[75.80404,11.74289],[75.80335,11.74252],[75.80522,11.74226],[75.80678,11.74247],[75.80768,11.74247],[75.80841,11.74284],[75.80957,11.74489],[75.81084,11.74473],[75.81094,11.74463],[75.81147,11.74389],[75.81178,11.7431],[75.81305,11.74094],[75.814,11.74121],[75.81531,11.74136],[75.81626,11.74136],[75.81742,11.74179],[75.81805,11.74221],[75.81884,11.74294],[75.81931,11.74426],[75.81931,11.74568],[75.81952,11.74705],[75.81956,11.74736]]]}},{"type":"Feature","properties":{"class":"High Hazard Zone","fid":"61","zone":"High Hazard Zone","shapeArea":"0.00001","area":"0.126593"},"geometry":{"type":"Polygon","coordinates":[[[75.85608,11.7277],[75.85543,11.72774],[75.8547,11.72806],[75.85285,11.72995],[75.85212,11.73101],[75.85063,11.73129],[75.85132,11.73041],[75.8518,11.72933],[75.85235,11.72864],[75.85377,11.72765],[75.85424,11.72709],[75.85453,11.7265],[75.85522,11.72598],[75.85598,11.72522],[75.85634,11.72503],[75.8569,11.72506],[75.85752,11.72542],[75.85755,11.72581],[75.85745,11.72608],[75.85676,11.72631],[75.85637,11.7266],[75.85611,11.72703],[75.85607,11.72749],[75.85608,11.7277]]]}},{"type":"Feature","properties":{"class":"High Hazard Zone","fid":"62","zone":"High Hazard Zone","shapeArea":"0.000082","area":"0.996981"},"geometry":{"type":"Polygon","coordinates":[[[75.85844,11.71638],[75.85846,11.71704],[75.8585,11.71722],[75.85858,11.71719],[75.85859,11.71743],[75.85781,11.71822],[75.85678,11.71862],[75.85574,11.71834],[75.85517,11.71736],[75.85488,11.71638],[75.85436,11.71512],[75.85431,11.71449],[75.85442,11.71397],[75.85425,11.71351],[75.85373,11.71299],[75.85293,11.71087],[75.8524,11.70874],[75.85193,11.70769],[75.85179,11.70769],[75.85161,11.70725],[75.85138,11.70696],[75.8504,11.70696],[75.84942,11.70719],[75.84854,11.70788],[75.84725,11.70773],[75.84707,11.70735],[75.84743,11.70677],[75.8481,11.70641],[75.84886,11.7056],[75.85017,11.70502],[75.85133,11.70309],[75.85232,11.70228],[75.85281,11.70269],[75.85326,11.70412],[75.85344,11.70525],[75.85349,11.70691],[75.85416,11.7078],[75.85447,11.708],[75.85542,11.71069],[75.8564,11.71025],[75.85684,11.70971],[75.85654,11.7074],[75.85582,11.70604],[75.85586,11.70447],[75.85545,11.70342],[75.85627,11.70267],[75.85759,11.70325],[75.85814,11.704],[75.85966,11.70522],[75.86024,11.70583],[75.86099,11.70592],[75.86115,11.70608],[75.86131,11.70662],[75.86131,11.70732],[75.86115,11.70839],[75.86072,11.70952],[75.86088,11.71048],[75.86066,11.71124],[75.86002,11.71167],[75.85948,11.7122],[75.85868,11.71253],[75.8576,11.71258],[75.85691,11.71279],[75.85594,11.71381],[75.85589,11.71548],[75.85599,11.71639],[75.85675,11.71701],[75.85739,11.71698],[75.85776,11.71663],[75.85844,11.71638]]]}},{"type":"Feature","properties":{"class":"High Hazard Zone","fid":"63","zone":"High Hazard Zone","shapeArea":"0.000105","area":"1.285987"},"geometry":{"type":"Polygon","coordinates":[[[75.86178,11.72247],[75.86109,11.72258],[75.8585,11.72252],[75.85747,11.72212],[75.85758,11.7205],[75.85575,11.72108],[75.85573,11.72049],[75.85707,11.71938],[75.85833,11.71875],[75.85936,11.71868],[75.85999,11.71851],[75.8604,11.71793],[75.86074,11.71765],[75.86091,11.7173],[75.86086,11.7169],[75.8604,11.71628],[75.86155,11.71569],[75.86287,11.71518],[75.8639,11.71397],[75.86626,11.71322],[75.86729,11.71225],[75.87005,11.71202],[75.87229,11.71202],[75.87229,11.71149],[75.87246,11.71144],[75.87269,11.71081],[75.87275,11.71035],[75.87263,11.70892],[75.8724,11.70788],[75.87235,11.70685],[75.87189,11.70587],[75.87189,11.70543],[75.87212,11.70489],[75.87212,11.70352],[75.8716,11.7034],[75.86965,11.7034],[75.86896,11.70392],[75.8685,11.70449],[75.86832,11.70507],[75.86786,11.70564],[75.86746,11.70581],[75.86626,11.70725],[75.86425,11.70805],[75.86373,11.70851],[75.86379,11.71179],[75.86367,11.71248],[75.86212,11.71374],[75.86103,11.71374],[75.86055,11.71357],[75.86115,11.71279],[75.86147,11.7122],[75.86228,11.71134],[75.86254,11.71065],[75.86254,11.71],[75.86238,11.70925],[75.86206,11.70906],[75.86206,11.70732],[75.86222,11.70614],[75.86228,11.70608],[75.86354,11.70624],[75.86554,11.70539],[75.86588,11.70369],[75.8665,11.70298],[75.86854,11.70206],[75.86945,11.70219],[75.87037,11.70196],[75.87108,11.70162],[75.87231,11.70121],[75.87312,11.70118],[75.87397,11.70135],[75.87509,11.70203],[75.87527,11.70276],[75.87531,11.70567],[75.87475,11.70744],[75.87439,11.70822],[75.87433,11.709],[75.87517,11.71103],[75.87557,11.71241],[75.87156,11.71248],[75.8684,11.71366],[75.8648,11.71576],[75.86442,11.71619],[75.86335,11.71807],[75.86271,11.71859],[75.86257,11.71859],[75.86213,11.7193],[75.86055,11.7193],[75.85888,11.71986],[75.85868,11.72032],[75.85868,11.72081],[75.85916,11.72107],[75.86324,11.72091],[75.8641,11.72048],[75.86448,11.71962],[75.86448,11.71876],[75.86493,11.71994],[75.86516,11.72028],[75.86516,11.72161],[75.86482,11.72189],[75.86344,11.72235],[75.86235,11.72241],[75.86178,11.72247]]]}},{"type":"Feature","properties":{"class":"High Hazard Zone","fid":"64","zone":"High Hazard Zone","shapeArea":"0.000072","area":"0.880072"},"geometry":{"type":"Polygon","coordinates":[[[75.88188,11.69931],[75.88171,11.70024],[75.88171,11.70253],[75.8805,11.70569],[75.8805,11.70667],[75.88182,11.70782],[75.88343,11.70868],[75.88487,11.70931],[75.88665,11.71058],[75.88728,11.71115],[75.88803,11.71155],[75.88814,11.71236],[75.88791,11.71293],[75.88728,11.71316],[75.8863,11.71316],[75.88567,11.71345],[75.88487,11.71431],[75.88429,11.7146],[75.88418,11.71517],[75.88343,11.71552],[75.88257,11.71552],[75.88194,11.71569],[75.88165,11.71621],[75.88166,11.71706],[75.88048,11.71683],[75.88,11.71624],[75.87903,11.71554],[75.87828,11.71415],[75.87818,11.71337],[75.87895,11.71309],[75.8793,11.71278],[75.87958,11.71222],[75.87958,11.70979],[75.87923,11.70896],[75.87854,11.7082],[75.87826,11.70577],[75.87833,11.70404],[75.87882,11.70286],[75.87944,11.70175],[75.88027,11.70057],[75.88111,11.69966],[75.88188,11.69931]]]}},{"type":"Feature","properties":{"class":"High Hazard Zone","fid":"65","zone":"High Hazard Zone","shapeArea":"0.000049","area":"0.597381"},"geometry":{"type":"Polygon","coordinates":[[[75.94229,11.58834],[75.94182,11.58996],[75.94237,11.59145],[75.943,11.59271],[75.94241,11.59376],[75.9408,11.59529],[75.93954,11.59675],[75.93804,11.59797],[75.93604,11.60064],[75.93389,11.60231],[75.93364,11.6012],[75.93364,11.60045],[75.93381,11.59925],[75.93404,11.59867],[75.93433,11.59827],[75.93519,11.59752],[75.93582,11.59712],[75.93657,11.59632],[75.93829,11.59402],[75.93956,11.59258],[75.94019,11.59167],[75.94065,11.59069],[75.94065,11.58971],[75.94036,11.58833],[75.93979,11.5877],[75.93816,11.58821],[75.9385,11.58763],[75.93863,11.58766],[75.93869,11.58706],[75.94001,11.58413],[75.94174,11.58433],[75.94237,11.58583],[75.94205,11.58669],[75.94198,11.58756],[75.94229,11.58834]]]}},{"type":"Feature","properties":{"class":"High Hazard Zone","fid":"66","zone":"High Hazard Zone","shapeArea":"0.000053","area":"0.64279"},"geometry":{"type":"Polygon","coordinates":[[[76.00429,11.54239],[76.0022,11.54332],[76.00037,11.54287],[76.00008,11.54064],[75.99997,11.53853],[75.99997,11.53567],[76.00014,11.53441],[76.00071,11.53333],[76.0018,11.53224],[76.00351,11.53179],[76.00579,11.53076],[76.00779,11.53042],[76.00888,11.53133],[76.00979,11.53167],[76.00962,11.53304],[76.00915,11.53387],[76.00694,11.53313],[76.00613,11.53313],[76.00504,11.53422],[76.00499,11.53485],[76.00596,11.5364],[76.00596,11.53692],[76.00407,11.53772],[76.00343,11.53772],[76.0024,11.53801],[76.00171,11.53847],[76.0016,11.53905],[76.0016,11.54014],[76.00217,11.54123],[76.00274,11.54175],[76.00395,11.54226],[76.00429,11.54239]]]}},{"type":"Feature","properties":{"class":"High Hazard Zone","fid":"67","zone":"High Hazard Zone","shapeArea":"0.000046","area":"0.561953"},"geometry":{"type":"Polygon","coordinates":[[[75.8484,11.71482],[75.85167,11.71506],[75.85214,11.71528],[75.85196,11.71555],[75.85241,11.716],[75.85304,11.7164],[75.8534,11.71753],[75.85308,11.71815],[75.85299,11.71853],[75.85391,11.71862],[75.85454,11.71914],[75.85494,11.72],[75.85494,11.72213],[75.85459,11.72305],[75.85339,11.72425],[75.85253,11.72454],[75.85138,11.72454],[75.85069,11.72414],[75.85017,11.7234],[75.84922,11.72313],[75.84837,11.72259],[75.84815,11.72206],[75.84756,11.72129],[75.84752,11.72076],[75.84703,11.71981],[75.84649,11.71936],[75.84541,11.71878],[75.84487,11.71833],[75.84388,11.71824],[75.8429,11.71762],[75.84258,11.71694],[75.84281,11.71636],[75.84375,11.71564],[75.84496,11.71515],[75.84622,11.71542],[75.84658,11.71627],[75.84698,11.7169],[75.8477,11.71755],[75.84862,11.71954],[75.84877,11.7208],[75.84925,11.72136],[75.85012,11.72159],[75.85038,11.72157],[75.85189,11.72299],[75.85276,11.72299],[75.85414,11.72184],[75.85414,11.72109],[75.85396,11.72017],[75.85316,11.71966],[75.85144,11.71966],[75.85057,11.71931],[75.85043,11.71828],[75.85043,11.71709],[75.84917,11.71591],[75.8484,11.71482]]]}},{"type":"Feature","properties":{"class":"High Hazard Zone","fid":"68","zone":"High Hazard Zone","shapeArea":"0.000083","area":"1.014918"},"geometry":{"type":"Polygon","coordinates":[[[75.89974,11.71194],[75.89923,11.71191],[75.89877,11.71174],[75.89814,11.71122],[75.89797,11.71077],[75.89785,11.70852],[75.89797,11.70778],[75.89843,11.70646],[75.8998,11.70387],[75.90026,11.70232],[75.90026,11.7014],[75.90003,11.70066],[75.89934,11.70037],[75.8982,11.70025],[75.8967,11.70048],[75.89618,11.70129],[75.89555,11.70192],[75.89527,11.70198],[75.89504,11.70261],[75.89498,11.70358],[75.89486,11.70393],[75.89486,11.70575],[75.89435,11.70678],[75.89423,11.70736],[75.89383,11.70828],[75.89371,11.71046],[75.89371,11.71345],[75.8936,11.71385],[75.89101,11.71379],[75.89038,11.71316],[75.88998,11.71224],[75.88969,11.70983],[75.88912,11.70925],[75.88826,11.70879],[75.88745,11.70736],[75.88717,11.70598],[75.88717,11.705],[75.88763,11.7038],[75.88933,11.70153],[75.88936,11.70223],[75.89006,11.70404],[75.89165,11.70605],[75.89179,11.7067],[75.89179,11.71077],[75.89158,11.71174],[75.89158,11.71278],[75.89193,11.71319],[75.89248,11.71313],[75.89262,11.7125],[75.89267,11.70603],[75.89306,11.70559],[75.893,11.70493],[75.89429,11.70179],[75.89441,11.7008],[75.89521,11.6999],[75.89599,11.69927],[75.89934,11.69912],[75.90132,11.69975],[75.90169,11.69979],[75.90187,11.70029],[75.90223,11.7007],[75.90238,11.7012],[75.90218,11.70153],[75.90202,11.70327],[75.90139,11.70516],[75.9006,11.70666],[75.90044,11.7084],[75.90052,11.70967],[75.90045,11.70963],[75.90046,11.71078],[75.90031,11.7114],[75.89977,11.71192],[75.89974,11.71194]]]}},{"type":"Feature","properties":{"class":"High Hazard Zone","fid":"69","zone":"High Hazard Zone","shapeArea":"0.000235","area":"2.875466"},"geometry":{"type":"Polygon","coordinates":[[[75.9234,11.66034],[75.92267,11.66081],[75.92205,11.66143],[75.92153,11.66215],[75.92091,11.66234],[75.92019,11.66234],[75.91943,11.66219],[75.91876,11.66172],[75.91838,11.66119],[75.91838,11.66053],[75.91853,11.65991],[75.9191,11.659],[75.91943,11.65814],[75.91948,11.65752],[75.91891,11.65747],[75.91843,11.65786],[75.91772,11.65895],[75.91629,11.66],[75.91581,11.66067],[75.91447,11.66072],[75.91285,11.65981],[75.91223,11.65971],[75.91133,11.66005],[75.91085,11.66038],[75.91037,11.66038],[75.91009,11.66014],[75.90971,11.65952],[75.90871,11.65867],[75.90747,11.65828],[75.9069,11.65828],[75.90618,11.658],[75.90547,11.65743],[75.90489,11.65643],[75.90465,11.65509],[75.90465,11.65299],[75.90499,11.65156],[75.90566,11.65071],[75.90651,11.65061],[75.90804,11.65061],[75.90876,11.65071],[75.90958,11.6504],[75.90985,11.64939],[75.91026,11.64858],[75.91026,11.64817],[75.91066,11.64743],[75.91141,11.64756],[75.91296,11.64736],[75.91418,11.64669],[75.91526,11.64533],[75.91682,11.64425],[75.91796,11.64418],[75.91823,11.64459],[75.91828,11.64504],[75.91796,11.64577],[75.91922,11.64561],[75.92054,11.64463],[75.92324,11.64291],[75.92468,11.64171],[75.92565,11.64153],[75.92577,11.64199],[75.92491,11.64297],[75.92445,11.64406],[75.9237,11.64504],[75.92108,11.64745],[75.92015,11.64774],[75.91989,11.64824],[75.91922,11.6486],[75.91859,11.64866],[75.91784,11.64889],[75.91646,11.64958],[75.9156,11.64975],[75.91388,11.65044],[75.91326,11.65052],[75.91279,11.65136],[75.91175,11.6517],[75.90945,11.65176],[75.90813,11.65216],[75.90704,11.65296],[75.90687,11.65383],[75.90687,11.65469],[75.90745,11.65509],[75.90848,11.65509],[75.91032,11.6548],[75.91124,11.65452],[75.91399,11.65308],[75.91508,11.65308],[75.91595,11.6525],[75.91641,11.65193],[75.91761,11.6517],[75.91847,11.65228],[75.91863,11.65301],[75.91939,11.65256],[75.91984,11.65256],[75.91979,11.6517],[75.921,11.6513],[75.92186,11.65067],[75.92325,11.65012],[75.92548,11.65002],[75.92639,11.64974],[75.92715,11.64964],[75.92825,11.64869],[75.92819,11.64819],[75.93008,11.64808],[75.93059,11.64837],[75.93059,11.64894],[75.93031,11.64963],[75.92945,11.65021],[75.92881,11.65049],[75.92784,11.65072],[75.92663,11.65136],[75.92594,11.65153],[75.92571,11.65182],[75.92571,11.6521],[75.92648,11.65241],[75.92837,11.65203],[75.92932,11.65203],[75.93121,11.65278],[75.93263,11.65433],[75.93231,11.65474],[75.92972,11.65607],[75.9287,11.65607],[75.92743,11.65589],[75.92571,11.65595],[75.92473,11.65635],[75.92295,11.65756],[75.92226,11.65836],[75.92221,11.65917],[75.92232,11.6598],[75.92267,11.66003],[75.9234,11.66034]],[[75.92506,11.6525],[75.92519,11.6525],[75.92635,11.65244],[75.92506,11.6525]]]}},{"type":"Feature","properties":{"class":"High Hazard Zone","fid":"70","zone":"High Hazard Zone","shapeArea":"0.000087","area":"1.064335"},"geometry":{"type":"Polygon","coordinates":[[[75.91716,11.63328],[75.9188,11.63244],[75.92127,11.6316],[75.92166,11.6313],[75.92176,11.63081],[75.92171,11.63032],[75.91841,11.63079],[75.91591,11.63185],[75.91318,11.63391],[75.91226,11.63477],[75.91146,11.63574],[75.90919,11.63717],[75.90761,11.63751],[75.90604,11.63801],[75.90397,11.6384],[75.90244,11.6384],[75.90175,11.6381],[75.90175,11.63781],[75.90209,11.63707],[75.90209,11.63653],[75.9019,11.63613],[75.90204,11.63539],[75.90278,11.63495],[75.90318,11.63451],[75.90362,11.63344],[75.90417,11.63308],[75.90503,11.63297],[75.90572,11.63257],[75.90687,11.63101],[75.90773,11.63033],[75.90877,11.63021],[75.90894,11.63061],[75.90825,11.63245],[75.90767,11.63314],[75.90601,11.63435],[75.90492,11.63475],[75.90411,11.6355],[75.90446,11.63607],[75.90549,11.63613],[75.90624,11.63601],[75.90733,11.6355],[75.90842,11.63469],[75.9094,11.63435],[75.91072,11.63297],[75.91141,11.63245],[75.91192,11.63147],[75.91187,11.62964],[75.9121,11.62843],[75.91267,11.62763],[75.91376,11.62745],[75.91405,11.62803],[75.91405,11.62895],[75.91371,11.6301],[75.91376,11.63096],[75.91474,11.6313],[75.91595,11.63067],[75.91658,11.6301],[75.91704,11.62929],[75.9179,11.62872],[75.92158,11.62872],[75.92353,11.62791],[75.92451,11.62809],[75.92508,11.62866],[75.92508,11.62935],[75.92473,11.63067],[75.92473,11.63142],[75.92451,11.63211],[75.92376,11.63285],[75.92261,11.63348],[75.92209,11.63389],[75.91933,11.63389],[75.91784,11.63337],[75.91716,11.63328]]]}},{"type":"Feature","properties":{"class":"High Hazard Zone","fid":"71","zone":"High Hazard Zone","shapeArea":"0.000015","area":"0.18019"},"geometry":{"type":"Polygon","coordinates":[[[75.90352,11.63216],[75.90121,11.63224],[75.90076,11.63209],[75.90091,11.63056],[75.90121,11.63015],[75.90204,11.62975],[75.90302,11.62814],[75.9044,11.62751],[75.90561,11.62728],[75.90578,11.62797],[75.90578,11.629],[75.90543,11.62987],[75.90405,11.63107],[75.90371,11.6317],[75.90352,11.63216]]]}},{"type":"Feature","properties":{"class":"High Hazard Zone","fid":"72","zone":"High Hazard Zone","shapeArea":"0.000013","area":"0.161881"},"geometry":{"type":"Polygon","coordinates":[[[75.93583,11.60473],[75.93502,11.607],[75.9337,11.60878],[75.93278,11.60942],[75.93203,11.61022],[75.93036,11.61102],[75.92973,11.6112],[75.92899,11.6112],[75.92883,11.61072],[75.93014,11.61012],[75.93074,11.60878],[75.93308,11.60677],[75.93395,11.6055],[75.93583,11.60473]]]}},{"type":"Feature","properties":{"class":"High Hazard Zone","fid":"73","zone":"High Hazard Zone","shapeArea":"0.000016","area":"0.197222"},"geometry":{"type":"Polygon","coordinates":[[[75.97362,11.56685],[75.97244,11.56724],[75.9716,11.56831],[75.97095,11.56888],[75.97034,11.56965],[75.96931,11.57053],[75.96789,11.57217],[75.96709,11.57259],[75.96567,11.57294],[75.96476,11.57294],[75.96391,11.57267],[75.96357,11.57206],[75.96418,11.57156],[75.9659,11.57087],[75.96644,11.57034],[75.96699,11.56946],[75.96719,11.56998],[75.96776,11.57027],[75.96793,11.57021],[75.96845,11.56981],[75.96954,11.56826],[75.97029,11.56762],[75.97138,11.56694],[75.97264,11.56676],[75.97362,11.56685]]]}},{"type":"Feature","properties":{"class":"High Hazard Zone","fid":"74","zone":"High Hazard Zone","shapeArea":"0.000042","area":"0.508531"},"geometry":{"type":"Polygon","coordinates":[[[75.96863,11.56499],[75.96996,11.5639],[75.97031,11.56338],[75.97156,11.56273],[75.97252,11.562],[75.97386,11.56146],[75.97382,11.56093],[75.9734,11.56066],[75.97267,11.56074],[75.96877,11.56354],[75.96782,11.56463],[75.96767,11.56466],[75.96606,11.56758],[75.96483,11.56927],[75.96441,11.57018],[75.96388,11.57083],[75.96319,11.57114],[75.96254,11.57041],[75.96285,11.56849],[75.96299,11.56883],[75.96317,11.569],[75.96431,11.5686],[75.96564,11.56579],[75.9669,11.56372],[75.96776,11.56268],[75.96948,11.56102],[75.9704,11.56044],[75.97195,11.55907],[75.97356,11.55797],[75.97615,11.55803],[75.97678,11.55849],[75.97672,11.55975],[75.97632,11.56108],[75.97621,11.56182],[75.97408,11.56263],[75.97224,11.56395],[75.97075,11.56475],[75.96863,11.56499]],[[75.97489,11.55836],[75.97423,11.55841],[75.97486,11.55844],[75.975,11.55835],[75.97489,11.55836]]]}},{"type":"Feature","properties":{"class":"High Hazard Zone","fid":"75","zone":"High Hazard Zone","shapeArea":"0.000032","area":"0.387758"},"geometry":{"type":"Polygon","coordinates":[[[75.96311,11.5803],[75.96261,11.58021],[75.96242,11.58092],[75.96242,11.58207],[75.96271,11.58351],[75.96271,11.58402],[75.96248,11.58483],[75.9624,11.58551],[75.96272,11.58615],[75.96232,11.58658],[75.96225,11.58776],[75.96242,11.58822],[75.96207,11.59011],[75.96207,11.59109],[75.96196,11.59149],[75.96142,11.59175],[75.96109,11.59245],[75.95983,11.59151],[75.95972,11.59036],[75.95972,11.58927],[75.96012,11.58824],[75.95996,11.5854],[75.96012,11.585],[75.96018,11.58408],[75.96075,11.58242],[75.96081,11.58018],[75.96161,11.57908],[75.96259,11.57857],[75.96305,11.5785],[75.96453,11.57785],[75.96502,11.57774],[75.96523,11.57853],[75.96489,11.57927],[75.96431,11.57968],[75.96311,11.5803]]]}},{"type":"Feature","properties":{"class":"High Hazard Zone","fid":"76","zone":"High Hazard Zone","shapeArea":"0.000456","area":"5.578242"},"geometry":{"type":"Polygon","coordinates":[[[75.9727,11.58952],[75.9721,11.59016],[75.97031,11.59106],[75.97022,11.59142],[75.97031,11.59182],[75.97121,11.592],[75.9721,11.592],[75.97278,11.59214],[75.97336,11.59267],[75.97363,11.59308],[75.97511,11.59348],[75.97735,11.59451],[75.9782,11.595],[75.97829,11.59585],[75.97811,11.59657],[75.97842,11.59693],[75.97914,11.59653],[75.97976,11.59671],[75.98057,11.59805],[75.98066,11.59926],[75.98195,11.59924],[75.98413,11.59826],[75.98494,11.59723],[75.98626,11.59654],[75.98729,11.59625],[75.9885,11.59608],[75.98942,11.59654],[75.99011,11.59711],[75.99189,11.60073],[75.99206,11.60217],[75.99189,11.60274],[75.99131,11.60372],[75.98856,11.60423],[75.98712,11.60423],[75.98603,11.60458],[75.9839,11.60688],[75.98247,11.6078],[75.98172,11.60877],[75.98206,11.60998],[75.98298,11.61073],[75.98494,11.61124],[75.98586,11.61193],[75.98586,11.61291],[75.98534,11.61331],[75.98115,11.61337],[75.98017,11.6132],[75.97879,11.61262],[75.97793,11.61199],[75.97598,11.61136],[75.97494,11.61084],[75.97357,11.61084],[75.97077,11.613],[75.96967,11.61292],[75.96868,11.61193],[75.96839,11.61043],[75.96788,11.60877],[75.96719,11.6079],[75.9665,11.60756],[75.96575,11.60813],[75.96592,11.60963],[75.96684,11.61124],[75.96696,11.61187],[75.96696,11.61319],[75.96678,11.61383],[75.96844,11.61547],[75.96852,11.61597],[75.96836,11.61655],[75.96786,11.61671],[75.96728,11.61671],[75.96667,11.61576],[75.96462,11.61515],[75.96438,11.61476],[75.96441,11.61312],[75.96427,11.61229],[75.964,11.61207],[75.96345,11.61078],[75.96225,11.60992],[75.96127,11.60992],[75.95955,11.60923],[75.95874,11.60923],[75.95627,11.60865],[75.95547,11.60865],[75.95478,11.60877],[75.95323,11.6094],[75.95191,11.60974],[75.95162,11.60957],[75.95156,11.60865],[75.95162,11.60607],[75.9514,11.60418],[75.95179,11.60396],[75.95426,11.60411],[75.95368,11.60243],[75.95157,11.6001],[75.9512,11.59843],[75.95222,11.59741],[75.95412,11.59646],[75.95631,11.59697],[75.95874,11.59681],[75.95937,11.59611],[75.95987,11.59508],[75.96026,11.59476],[75.96061,11.59469],[75.96108,11.59482],[75.96135,11.59512],[75.9614,11.59552],[75.96096,11.59671],[75.96099,11.59754],[75.96111,11.59762],[75.96106,11.59841],[75.95915,11.60047],[75.95747,11.60105],[75.95682,11.60171],[75.95652,11.60324],[75.95776,11.60396],[75.96031,11.60382],[75.96108,11.60356],[75.96189,11.60356],[75.9635,11.60374],[75.96382,11.60419],[75.96435,11.60463],[75.96444,11.60513],[75.9644,11.60558],[75.96323,11.60575],[75.95974,11.60656],[75.95862,11.60696],[75.95893,11.60728],[75.95965,11.60728],[75.96254,11.60647],[75.96498,11.60656],[75.96574,11.60652],[75.96646,11.60629],[75.96789,11.60625],[75.96897,11.60638],[75.96995,11.60674],[75.97063,11.60674],[75.97269,11.60616],[75.9732,11.60614],[75.9734,11.60629],[75.97413,11.60632],[75.97573,11.60661],[75.97667,11.60665],[75.9773,11.60714],[75.97768,11.60756],[75.97793,11.60803],[75.97868,11.6082],[75.97931,11.60797],[75.97942,11.60722],[75.97971,11.60624],[75.98028,11.60573],[75.98115,11.60556],[75.98224,11.60556],[75.98321,11.60533],[75.9839,11.60435],[75.9839,11.60366],[75.98327,11.6036],[75.98034,11.60377],[75.97913,11.60372],[75.9781,11.60337],[75.97781,11.60257],[75.97689,11.6024],[75.97557,11.6024],[75.97532,11.60265],[75.97511,11.60257],[75.97455,11.60285],[75.97378,11.60299],[75.97309,11.60357],[75.9726,11.60384],[75.97202,11.60411],[75.97149,11.60422],[75.97019,11.60407],[75.96797,11.60407],[75.96766,11.60384],[75.96766,11.60338],[75.96782,11.60284],[75.969,11.60147],[75.97065,11.60044],[75.9721,11.59972],[75.9726,11.59937],[75.97294,11.59899],[75.97302,11.5988],[75.9729,11.59842],[75.97206,11.59803],[75.97191,11.59769],[75.97214,11.59735],[75.97302,11.59714],[75.97367,11.59666],[75.97424,11.59582],[75.97428,11.59551],[75.97413,11.59524],[75.97344,11.59536],[75.97164,11.59643],[75.97065,11.59685],[75.97023,11.59719],[75.97026,11.59937],[75.96889,11.60017],[75.96712,11.60176],[75.96659,11.60254],[75.96646,11.60374],[75.96556,11.60392],[75.96319,11.60257],[75.96202,11.60257],[75.96149,11.60225],[75.96155,11.60192],[75.96272,11.60141],[75.96461,11.6009],[75.96518,11.60002],[75.96571,11.59953],[75.96598,11.59888],[75.9664,11.5983],[75.9669,11.59819],[75.9672,11.59788],[75.9672,11.59738],[75.96854,11.59628],[75.96908,11.59628],[75.96992,11.59608],[75.9704,11.59549],[75.97089,11.59411],[75.97004,11.59411],[75.96901,11.59451],[75.96744,11.59471],[75.96713,11.59497],[75.96632,11.59505],[75.96453,11.59543],[75.96349,11.5954],[75.96334,11.59497],[75.96368,11.59398],[75.96418,11.59325],[75.96422,11.59149],[75.96468,11.59096],[75.96564,11.59077],[75.96663,11.59077],[75.96793,11.59035],[75.9703,11.58901],[75.97088,11.58893],[75.97218,11.58897],[75.9727,11.58952]]]}},{"type":"Feature","properties":{"class":"High Hazard Zone","fid":"77","zone":"High Hazard Zone","shapeArea":"0.000048","area":"0.590174"},"geometry":{"type":"Polygon","coordinates":[[[75.99607,11.53567],[75.99465,11.53571],[75.99396,11.53594],[75.99332,11.5364],[75.99309,11.53737],[75.99321,11.53835],[75.99355,11.53921],[75.99459,11.53944],[75.99539,11.53915],[75.99554,11.53898],[75.99734,11.53898],[75.99798,11.53961],[75.99821,11.54025],[75.99832,11.54398],[75.99826,11.54455],[75.9978,11.54524],[75.99723,11.54559],[75.99677,11.54611],[75.99602,11.54628],[75.99516,11.54628],[75.99494,11.5462],[75.99614,11.54438],[75.99689,11.54375],[75.99712,11.54323],[75.99677,11.54249],[75.99677,11.54197],[75.99654,11.54151],[75.9962,11.54128],[75.99522,11.54128],[75.99436,11.54157],[75.99378,11.54163],[75.99367,11.54145],[75.99281,11.54099],[75.99275,11.53956],[75.99258,11.53864],[75.9912,11.53841],[75.98792,11.53847],[75.98712,11.53829],[75.98723,11.53772],[75.9889,11.5372],[75.99108,11.53582],[75.99367,11.53462],[75.99591,11.53335],[75.99666,11.53261],[75.99757,11.53203],[75.99805,11.53096],[75.99833,11.53055],[75.99936,11.53008],[75.99976,11.53048],[75.99941,11.53209],[75.99867,11.53347],[75.99855,11.53444],[75.99763,11.5345],[75.99607,11.53567]]]}},{"type":"Feature","properties":{"class":"High Hazard Zone","fid":"78","zone":"High Hazard Zone","shapeArea":"0.000024","area":"0.288896"},"geometry":{"type":"Polygon","coordinates":[[[75.99371,11.5468],[75.9935,11.54737],[75.99304,11.54794],[75.99217,11.54835],[75.99068,11.54823],[75.99028,11.54708],[75.98993,11.54651],[75.98965,11.54576],[75.98959,11.54341],[75.98706,11.54335],[75.9862,11.54283],[75.98561,11.54219],[75.98942,11.54167],[75.9895,11.54186],[75.99145,11.54192],[75.99222,11.5423],[75.99241,11.5431],[75.99233,11.54509],[75.99245,11.54555],[75.99291,11.5457],[75.99344,11.54574],[75.9936,11.5459],[75.99371,11.54651],[75.99371,11.5468]]]}},{"type":"Feature","properties":{"class":"High Hazard Zone","fid":"79","zone":"High Hazard Zone","shapeArea":"0.000089","area":"1.092444"},"geometry":{"type":"Polygon","coordinates":[[[75.98039,11.54349],[75.97948,11.54478],[75.97925,11.54547],[75.97931,11.54817],[75.97868,11.54863],[75.97827,11.54915],[75.97827,11.5499],[75.97862,11.55059],[75.98005,11.55145],[75.98063,11.55168],[75.98178,11.55248],[75.98201,11.55283],[75.98201,11.55378],[75.98042,11.55397],[75.97964,11.55358],[75.9791,11.55289],[75.97841,11.55273],[75.97527,11.5527],[75.97462,11.55277],[75.97428,11.55304],[75.97394,11.55442],[75.97352,11.55499],[75.97179,11.55537],[75.97084,11.55579],[75.97007,11.55629],[75.96904,11.55755],[75.96904,11.55786],[75.96881,11.55832],[75.96839,11.55866],[75.96812,11.55912],[75.9682,11.55947],[75.96849,11.55964],[75.96841,11.56005],[75.96788,11.56092],[75.96689,11.56145],[75.96518,11.56145],[75.96548,11.55949],[75.96564,11.55708],[75.96625,11.5549],[75.96713,11.55436],[75.96778,11.55321],[75.96877,11.55268],[75.96908,11.55172],[75.96958,11.55111],[75.97183,11.5498],[75.9747,11.5488],[75.97524,11.54848],[75.97806,11.5441],[75.98039,11.54349]]]}},{"type":"Feature","properties":{"class":"High Hazard Zone","fid":"80","zone":"High Hazard Zone","shapeArea":"0.000027","area":"0.327971"},"geometry":{"type":"Polygon","coordinates":[[[76.00464,11.56162],[76.00458,11.56231],[76.00435,11.56317],[76.00378,11.56421],[76.00315,11.56455],[76.0024,11.56455],[76.0016,11.56432],[76.00119,11.56409],[76.00119,11.56168],[76.00171,11.56156],[76.0024,11.56156],[76.00303,11.56128],[76.00315,11.56059],[76.00269,11.55978],[76.00075,11.55877],[76.0006,11.55899],[75.99991,11.55773],[75.99991,11.5567],[76.00037,11.55368],[76.002,11.5524],[76.00183,11.55404],[76.00137,11.55582],[76.00154,11.55674],[76.00229,11.55749],[76.00297,11.55766],[76.00435,11.55823],[76.00505,11.55971],[76.0047,11.55986],[76.0047,11.5611],[76.00464,11.56162]]]}},{"type":"Feature","properties":{"class":"High Hazard Zone","fid":"81","zone":"High Hazard Zone","shapeArea":"0.000128","area":"1.563104"},"geometry":{"type":"Polygon","coordinates":[[[76.07209,11.52073],[76.06935,11.51993],[76.06889,11.52028],[76.06815,11.5198],[76.06473,11.51969],[76.06301,11.52014],[76.06187,11.51952],[76.05936,11.51906],[76.05799,11.51723],[76.05599,11.51637],[76.05479,11.5162],[76.05429,11.51754],[76.05372,11.51743],[76.05211,11.51596],[76.05197,11.51539],[76.05205,11.51443],[76.05285,11.51409],[76.0554,11.51406],[76.06004,11.51486],[76.06112,11.51517],[76.06166,11.51517],[76.06231,11.51503],[76.06268,11.51483],[76.06259,11.51361],[76.0614,11.51236],[76.06064,11.51183],[76.0588,11.51129],[76.0582,11.51115],[76.05681,11.5112],[76.05596,11.5114],[76.05463,11.5114],[76.05355,11.51081],[76.05262,11.51004],[76.05183,11.50885],[76.05134,11.50789],[76.04935,11.50662],[76.04842,11.50673],[76.04726,11.50673],[76.04667,11.50599],[76.04766,11.50469],[76.04835,11.50409],[76.04977,11.50314],[76.05176,11.50309],[76.05285,11.50468],[76.05251,11.50628],[76.05279,11.50777],[76.05456,11.50885],[76.05679,11.50863],[76.05805,11.50788],[76.05936,11.50823],[76.06187,11.5096],[76.06296,11.51085],[76.06393,11.51348],[76.06718,11.51485],[76.06844,11.51616],[76.06981,11.51782],[76.07164,11.51862],[76.07255,11.5197],[76.07209,11.52073]]]}},{"type":"Feature","properties":{"class":"High Hazard Zone","fid":"82","zone":"High Hazard Zone","shapeArea":"0.000136","area":"1.66717"},"geometry":{"type":"Polygon","coordinates":[[[76.06265,11.5229],[76.06393,11.52283],[76.06564,11.52243],[76.06684,11.52197],[76.06872,11.5216],[76.07341,11.5238],[76.07312,11.52454],[76.07187,11.52471],[76.07072,11.52545],[76.07004,11.52608],[76.06935,11.52648],[76.07015,11.52768],[76.07169,11.52797],[76.07169,11.52694],[76.07329,11.52551],[76.07546,11.52568],[76.07689,11.52608],[76.07912,11.52688],[76.08003,11.52694],[76.08146,11.52856],[76.08146,11.53039],[76.0818,11.53142],[76.08202,11.5317],[76.08272,11.53211],[76.08301,11.53321],[76.08301,11.53425],[76.08266,11.53489],[76.08208,11.53518],[76.08185,11.53576],[76.08196,11.53698],[76.08237,11.53731],[76.08249,11.53812],[76.08301,11.53905],[76.08301,11.54195],[76.08283,11.54282],[76.08249,11.54363],[76.08169,11.54409],[76.08149,11.54357],[76.08147,11.54224],[76.08127,11.54156],[76.08087,11.54085],[76.08045,11.54051],[76.08016,11.54003],[76.07877,11.53904],[76.07787,11.53881],[76.07716,11.53875],[76.07625,11.53844],[76.0756,11.53788],[76.07529,11.53745],[76.07503,11.53581],[76.07503,11.53524],[76.0756,11.53394],[76.07617,11.53346],[76.07656,11.53329],[76.07889,11.53357],[76.07954,11.5332],[76.07945,11.53227],[76.07875,11.53187],[76.07707,11.53178],[76.07602,11.53133],[76.07432,11.53039],[76.07413,11.52988],[76.07296,11.52918],[76.07234,11.52918],[76.07209,11.52966],[76.07141,11.53011],[76.07081,11.53028],[76.06925,11.53028],[76.06818,11.52954],[76.06801,11.52852],[76.06764,11.52796],[76.06747,11.52731],[76.06738,11.52668],[76.06744,11.52569],[76.06795,11.52507],[76.06798,11.52467],[76.06758,11.5243],[76.06531,11.52422],[76.06469,11.5241],[76.06347,11.52345],[76.06265,11.5229]]]}},{"type":"Feature","properties":{"class":"High Hazard Zone","fid":"83","zone":"High Hazard Zone","shapeArea":"0.000025","area":"0.309585"},"geometry":{"type":"Polygon","coordinates":[[[76.09044,11.55446],[76.09172,11.55446],[76.09271,11.55425],[76.09331,11.55383],[76.09505,11.55375],[76.09562,11.55468],[76.09572,11.5556],[76.09551,11.55595],[76.09516,11.55613],[76.09477,11.55662],[76.09445,11.55783],[76.09303,11.55913],[76.09261,11.55931],[76.092,11.55984],[76.0914,11.56009],[76.08892,11.56023],[76.08804,11.56037],[76.08708,11.56058],[76.08668,11.56077],[76.0869,11.56012],[76.0873,11.55959],[76.08765,11.55883],[76.08829,11.55838],[76.08904,11.55803],[76.09009,11.55785],[76.09224,11.55785],[76.09293,11.55721],[76.09276,11.55663],[76.09202,11.55632],[76.09191,11.55584],[76.09071,11.5547],[76.09044,11.55446]]]}},{"type":"Feature","properties":{"class":"High Hazard Zone","fid":"84","zone":"High Hazard Zone","shapeArea":"0.000017","area":"0.201989"},"geometry":{"type":"Polygon","coordinates":[[[76.11304,11.54015],[76.11395,11.54143],[76.1146,11.5419],[76.11772,11.54303],[76.1185,11.54342],[76.1191,11.54388],[76.12151,11.54494],[76.12176,11.54526],[76.12171,11.54601],[76.12108,11.54601],[76.11938,11.54565],[76.11871,11.54562],[76.11804,11.54544],[76.11765,11.54509],[76.11527,11.54487],[76.11495,11.54473],[76.11442,11.54406],[76.11322,11.54137],[76.11315,11.54062],[76.11304,11.54015]]]}},{"type":"Feature","properties":{"class":"High Hazard Zone","fid":"85","zone":"High Hazard Zone","shapeArea":"0.00044","area":"5.389113"},"geometry":{"type":"Polygon","coordinates":[[[76.12329,11.53009],[76.12252,11.53014],[76.12206,11.52997],[76.12001,11.52854],[76.11807,11.52774],[76.11784,11.52751],[76.11848,11.5266],[76.11925,11.52646],[76.11969,11.52612],[76.11962,11.52579],[76.11915,11.52539],[76.117,11.52525],[76.11527,11.52497],[76.11424,11.52352],[76.11304,11.523],[76.11182,11.52184],[76.11169,11.52128],[76.11169,11.52028],[76.11108,11.5211],[76.11075,11.52123],[76.11044,11.52169],[76.11022,11.52227],[76.11031,11.52367],[76.11055,11.52427],[76.11088,11.52458],[76.11115,11.52518],[76.11146,11.52747],[76.11129,11.52767],[76.11085,11.52773],[76.10901,11.52775],[76.10881,11.52748],[76.10659,11.52633],[76.10659,11.52542],[76.10584,11.52394],[76.10613,11.52302],[76.10722,11.52074],[76.10527,11.52205],[76.10482,11.52268],[76.10402,11.52234],[76.10328,11.52177],[76.10185,11.52125],[76.10095,11.52104],[76.10076,11.52058],[76.09916,11.52035],[76.09716,11.52029],[76.09431,11.51938],[76.09328,11.51812],[76.09248,11.51732],[76.09214,11.51618],[76.09199,11.515],[76.0925,11.51378],[76.093,11.51346],[76.09427,11.51307],[76.09608,11.51293],[76.09654,11.51272],[76.09679,11.51236],[76.09672,11.51229],[76.09752,11.51169],[76.09846,11.51145],[76.09959,11.51132],[76.10133,11.51134],[76.10291,11.51165],[76.10384,11.51213],[76.10533,11.5126],[76.10573,11.51238],[76.10591,11.51196],[76.10591,11.51141],[76.10575,11.51099],[76.10525,11.51086],[76.10344,11.51079],[76.10221,11.51046],[76.1013,11.51037],[76.10071,11.51015],[76.09998,11.51009],[76.09893,11.51013],[76.09835,11.51064],[76.09708,11.51108],[76.09618,11.51201],[76.09544,11.51215],[76.09331,11.51219],[76.09275,11.51162],[76.09259,11.5109],[76.09271,11.50913],[76.09225,11.50788],[76.09123,11.50645],[76.08991,11.50397],[76.09026,11.50267],[76.09134,11.50033],[76.09186,11.50004],[76.09269,11.49914],[76.09364,11.49861],[76.09413,11.49848],[76.09527,11.49846],[76.09595,11.49808],[76.09644,11.49734],[76.09657,11.49681],[76.09646,11.49645],[76.09551,11.49564],[76.09525,11.49476],[76.09433,11.49417],[76.09294,11.49374],[76.09279,11.49235],[76.09241,11.49196],[76.09156,11.49165],[76.09001,11.49063],[76.09257,11.4903],[76.09363,11.48991],[76.09434,11.48913],[76.09625,11.48807],[76.09675,11.48754],[76.09689,11.48726],[76.09962,11.48728],[76.10054,11.48749],[76.10114,11.4882],[76.10114,11.49008],[76.10026,11.49036],[76.09767,11.49057],[76.09632,11.49057],[76.09512,11.49086],[76.09487,11.49153],[76.0953,11.49189],[76.09771,11.49189],[76.09841,11.49199],[76.09909,11.49228],[76.09976,11.49327],[76.10075,11.49507],[76.10157,11.49507],[76.10277,11.4955],[76.10341,11.49631],[76.10369,11.49684],[76.10376,11.49738],[76.10461,11.49851],[76.10653,11.49858],[76.10713,11.49879],[76.10727,11.49872],[76.10716,11.49901],[76.10677,11.49923],[76.10591,11.49939],[76.10254,11.49934],[76.10146,11.49897],[76.10135,11.49926],[76.10161,11.5],[76.10155,11.50091],[76.10135,11.50137],[76.10056,11.50155],[76.09767,11.50258],[76.09754,11.50298],[76.09763,11.50331],[76.09895,11.50348],[76.09998,11.50432],[76.101,11.50591],[76.10148,11.50621],[76.10232,11.50624],[76.10362,11.50668],[76.10415,11.50701],[76.10462,11.50708],[76.10481,11.50691],[76.10478,11.50561],[76.10423,11.50469],[76.10415,11.50337],[76.10434,11.50312],[76.10498,11.50306],[76.10573,11.50317],[76.10628,11.50392],[76.10661,11.50566],[76.10688,11.5063],[76.10721,11.50674],[76.108,11.50831],[76.10844,11.5102],[76.1095,11.5107],[76.11025,11.51083],[76.11088,11.51108],[76.11148,11.51114],[76.11163,11.51126],[76.11195,11.51188],[76.11241,11.51241],[76.11226,11.51298],[76.11244,11.51408],[76.11205,11.51447],[76.11152,11.51457],[76.11,11.51457],[76.1084,11.51404],[76.10702,11.51405],[76.10497,11.5132],[76.10412,11.51317],[76.10355,11.51363],[76.10355,11.51419],[76.10305,11.51496],[76.10224,11.51542],[76.10058,11.51574],[76.09962,11.51645],[76.09955,11.51691],[76.10061,11.51765],[76.10196,11.51758],[76.10266,11.51716],[76.10313,11.51705],[76.10415,11.51712],[76.10465,11.5173],[76.10483,11.51776],[76.10511,11.51943],[76.10557,11.51964],[76.10663,11.51921],[76.10702,11.51882],[76.10738,11.51833],[76.10769,11.51765],[76.10845,11.5167],[76.10921,11.51652],[76.11135,11.51577],[76.11344,11.5155],[76.11418,11.51611],[76.11505,11.51779],[76.11505,11.51843],[76.11488,11.51923],[76.11451,11.51964],[76.11451,11.52021],[76.11475,11.52091],[76.11542,11.52125],[76.1162,11.52273],[76.1167,11.52307],[76.11751,11.5234],[76.11959,11.5234],[76.1206,11.52377],[76.12077,11.52418],[76.1209,11.52576],[76.12124,11.52653],[76.12154,11.52767],[76.12238,11.52821],[76.12329,11.52949],[76.12329,11.53009]]]}},{"type":"Feature","properties":{"class":"High Hazard Zone","fid":"86","zone":"High Hazard Zone","shapeArea":"0.000021","area":"0.257321"},"geometry":{"type":"Polygon","coordinates":[[[76.12151,11.50182],[76.12215,11.5019],[76.12321,11.50236],[76.12502,11.50278],[76.12562,11.50303],[76.12633,11.50377],[76.12644,11.50431],[76.12532,11.50465],[76.12427,11.50465],[76.12293,11.50425],[76.12123,11.50327],[76.11623,11.50316],[76.11566,11.50298],[76.11481,11.50245],[76.11475,11.50189],[76.11485,11.50162],[76.11646,11.5016],[76.11815,11.50092],[76.11924,11.5009],[76.12052,11.50129],[76.12151,11.50182]]]}},{"type":"Feature","properties":{"class":"High Hazard Zone","fid":"87","zone":"High Hazard Zone","shapeArea":"0.000043","area":"0.528334"},"geometry":{"type":"Polygon","coordinates":[[[76.11031,11.50772],[76.11018,11.50684],[76.11018,11.50563],[76.11041,11.50532],[76.11065,11.50522],[76.11146,11.50522],[76.1131,11.50563],[76.11448,11.50576],[76.11509,11.50539],[76.11549,11.50475],[76.11599,11.50428],[76.11653,11.50411],[76.11717,11.50411],[76.11895,11.50492],[76.11976,11.50697],[76.1205,11.50731],[76.12137,11.50731],[76.12245,11.50761],[76.12319,11.50811],[76.12312,11.51124],[76.12288,11.51178],[76.12268,11.51295],[76.12194,11.51322],[76.1207,11.51346],[76.11983,11.51339],[76.11942,11.51316],[76.11932,11.51279],[76.11854,11.51163],[76.11922,11.51213],[76.11969,11.51233],[76.12003,11.51223],[76.1208,11.51118],[76.12096,11.51075],[76.12056,11.50973],[76.11946,11.5092],[76.11702,11.50857],[76.11655,11.50804],[76.11638,11.50683],[76.11545,11.50659],[76.11504,11.50659],[76.11453,11.50747],[76.11384,11.50759],[76.11315,11.50741],[76.11104,11.50741],[76.11034,11.5077],[76.11031,11.50772]]]}},{"type":"Feature","properties":{"class":"High Hazard Zone","fid":"88","zone":"High Hazard Zone","shapeArea":"0.000096","area":"1.176484"},"geometry":{"type":"Polygon","coordinates":[[[76.12981,11.49386],[76.13089,11.49457],[76.13109,11.49514],[76.13092,11.49561],[76.13011,11.49574],[76.12883,11.49574],[76.12813,11.49568],[76.12675,11.49531],[76.12611,11.49497],[76.12554,11.4945],[76.12514,11.49393],[76.12376,11.49265],[76.12225,11.49205],[76.12063,11.49211],[76.11939,11.4926],[76.1186,11.4925],[76.11577,11.49253],[76.11506,11.49225],[76.11347,11.49101],[76.11311,11.49041],[76.11269,11.48938],[76.11141,11.48842],[76.1112,11.48789],[76.1112,11.4869],[76.11042,11.48548],[76.11042,11.48488],[76.10986,11.48428],[76.10947,11.48403],[76.10805,11.48378],[76.10773,11.4834],[76.10762,11.48304],[76.10731,11.48283],[76.10543,11.48283],[76.10486,11.48247],[76.10421,11.48171],[76.10566,11.48116],[76.10659,11.48017],[76.10744,11.4788],[76.10845,11.47781],[76.10969,11.4769],[76.11101,11.47576],[76.11124,11.47545],[76.11186,11.475],[76.11229,11.47516],[76.11338,11.47569],[76.11338,11.47615],[76.1131,11.47683],[76.11191,11.47819],[76.11159,11.47897],[76.11223,11.48123],[76.11237,11.48187],[76.11237,11.48247],[76.11276,11.48329],[76.11287,11.48495],[76.11343,11.48616],[76.11428,11.4869],[76.11478,11.48786],[76.11538,11.48857],[76.11584,11.48885],[76.11648,11.4896],[76.11771,11.49006],[76.1191,11.49016],[76.11971,11.49059],[76.12285,11.49055],[76.12324,11.49069],[76.1237,11.4909],[76.12408,11.49133],[76.12545,11.49193],[76.128,11.49374],[76.12886,11.49415],[76.12964,11.49418],[76.12973,11.49383],[76.12981,11.49386]]]}},{"type":"Feature","properties":{"class":"High Hazard Zone","fid":"89","zone":"High Hazard Zone","shapeArea":"0.00018","area":"2.206406"},"geometry":{"type":"Polygon","coordinates":[[[76.12469,11.47106],[76.12541,11.46977],[76.12636,11.46913],[76.12708,11.46897],[76.12795,11.46909],[76.13311,11.46909],[76.13687,11.4689],[76.13877,11.46913],[76.13983,11.46992],[76.14036,11.47118],[76.14025,11.47345],[76.14001,11.47386],[76.14082,11.47386],[76.14196,11.47431],[76.14283,11.47515],[76.14317,11.47564],[76.14317,11.4764],[76.14306,11.47689],[76.14279,11.47693],[76.14256,11.47716],[76.14169,11.47742],[76.13873,11.4773],[76.1379,11.47742],[76.13296,11.47742],[76.13254,11.47779],[76.13182,11.47795],[76.13103,11.47795],[76.13057,11.47783],[76.12913,11.47783],[76.12769,11.47643],[76.12742,11.4759],[76.12738,11.47537],[76.12696,11.47487],[76.12643,11.47461],[76.12567,11.47461],[76.12507,11.47472],[76.12446,11.47495],[76.12423,11.47556],[76.12419,11.47609],[76.12256,11.47719],[76.12123,11.47719],[76.11831,11.47795],[76.11823,11.47825],[76.11831,11.47893],[76.11918,11.47969],[76.12025,11.47988],[76.12146,11.4803],[76.12294,11.48057],[76.12393,11.48057],[76.12594,11.48113],[76.12723,11.48129],[76.12807,11.48129],[76.12882,11.48155],[76.12882,11.48208],[76.12825,11.48224],[76.12765,11.48269],[76.12655,11.4828],[76.12541,11.4828],[76.124,11.48246],[76.12195,11.48243],[76.12082,11.48212],[76.11998,11.48208],[76.11979,11.4814],[76.11899,11.48083],[76.11774,11.47924],[76.1171,11.47928],[76.11691,11.48041],[76.11717,11.4814],[76.11774,11.4822],[76.11827,11.48284],[76.1188,11.48318],[76.11941,11.48322],[76.12078,11.48432],[76.12131,11.48436],[76.12184,11.48512],[76.12185,11.48526],[76.12095,11.48501],[76.11887,11.48484],[76.11795,11.48453],[76.11747,11.48447],[76.11546,11.4844],[76.11477,11.48457],[76.11409,11.48457],[76.11365,11.48433],[76.11358,11.48034],[76.11539,11.47567],[76.11586,11.4751],[76.11819,11.47435],[76.11881,11.47428],[76.12122,11.47352],[76.12141,11.47374],[76.12291,11.47348],[76.12535,11.4725],[76.12579,11.47245],[76.12632,11.47248],[76.1284,11.47298],[76.12913,11.47487],[76.12981,11.47563],[76.13061,11.47563],[76.13137,11.47532],[76.13308,11.47521],[76.13509,11.47453],[76.13611,11.47396],[76.13679,11.47346],[76.13691,11.47286],[76.1373,11.47264],[76.13566,11.47264],[76.1352,11.4723],[76.13376,11.47196],[76.13277,11.47196],[76.1327,11.47185],[76.13167,11.47157],[76.12579,11.47152],[76.12494,11.4712],[76.12469,11.47106]]]}},{"type":"Feature","properties":{"class":"High Hazard Zone","fid":"90","zone":"High Hazard Zone","shapeArea":"0.00026","area":"3.178945"},"geometry":{"type":"Polygon","coordinates":[[[76.15767,11.47452],[76.15756,11.47729],[76.15744,11.47812],[76.15691,11.47831],[76.15486,11.47831],[76.15425,11.4782],[76.15384,11.47782],[76.15368,11.47706],[76.15414,11.47508],[76.15399,11.47436],[76.15357,11.47368],[76.15285,11.47376],[76.15228,11.47463],[76.15145,11.47474],[76.15046,11.47463],[76.14985,11.47417],[76.14883,11.47406],[76.14822,11.47364],[76.14803,11.47262],[76.14811,11.47091],[76.14803,11.46958],[76.14773,11.46962],[76.14723,11.4703],[76.14716,11.47137],[76.14685,11.47182],[76.1464,11.47182],[76.14594,11.47167],[76.14439,11.47057],[76.1442,11.47015],[76.1434,11.46955],[76.1415,11.46834],[76.14063,11.4675],[76.13998,11.46557],[76.13968,11.46412],[76.13938,11.46352],[76.13865,11.46287],[76.13782,11.46248],[76.13623,11.46218],[76.13539,11.46267],[76.13531,11.46396],[76.1355,11.46476],[76.13596,11.46556],[76.13657,11.46617],[76.13744,11.46624],[76.13797,11.46662],[76.13793,11.46715],[76.13774,11.46753],[76.13509,11.46806],[76.13232,11.4681],[76.13,11.46799],[76.12962,11.46791],[76.12848,11.4673],[76.12597,11.46536],[76.12642,11.46483],[76.12774,11.46384],[76.12897,11.46347],[76.13013,11.46348],[76.13075,11.46325],[76.13122,11.46279],[76.13177,11.46126],[76.13223,11.46035],[76.13246,11.46012],[76.13332,11.45966],[76.13587,11.45899],[76.13626,11.45861],[76.13734,11.45701],[76.13781,11.45648],[76.13983,11.45457],[76.14014,11.45396],[76.14114,11.4529],[76.14246,11.45107],[76.14308,11.45069],[76.14532,11.45093],[76.14594,11.45086],[76.14656,11.45102],[76.14756,11.45203],[76.14817,11.45242],[76.15134,11.45167],[76.15228,11.45153],[76.15343,11.45184],[76.15459,11.45262],[76.15535,11.45332],[76.15623,11.45383],[76.15467,11.45392],[76.1541,11.45452],[76.15376,11.45574],[76.15399,11.45737],[76.15395,11.45813],[76.15376,11.45874],[76.15323,11.45915],[76.15201,11.45961],[76.15141,11.45969],[76.15034,11.45965],[76.14936,11.45931],[76.14795,11.45771],[76.14738,11.45676],[76.14678,11.45517],[76.14598,11.45342],[76.14568,11.45304],[76.14549,11.45304],[76.14492,11.45316],[76.14439,11.45358],[76.14351,11.45475],[76.14283,11.45502],[76.14275,11.45566],[76.14215,11.45722],[76.14025,11.45881],[76.13972,11.45965],[76.13919,11.46026],[76.13779,11.46082],[76.1393,11.46094],[76.14127,11.4639],[76.14143,11.46443],[76.14143,11.46515],[76.14169,11.46671],[76.14268,11.46732],[76.1434,11.46743],[76.14427,11.46781],[76.14446,11.46819],[76.14503,11.46845],[76.14583,11.46845],[76.14678,11.4683],[76.14757,11.46675],[76.14799,11.46621],[76.14898,11.46553],[76.14932,11.46553],[76.14993,11.46587],[76.15016,11.46629],[76.15016,11.46671],[76.15046,11.46769],[76.1505,11.46815],[76.15093,11.46881],[76.15087,11.46916],[76.15115,11.4697],[76.15319,11.47035],[76.15391,11.47073],[76.1546,11.47092],[76.15661,11.47145],[76.1582,11.47164],[76.15976,11.47233],[76.16097,11.47255],[76.16122,11.47275],[76.16336,11.47275],[76.16432,11.4739],[76.16405,11.47444],[76.16348,11.47489],[76.16298,11.47501],[76.16211,11.47501],[76.16101,11.47524],[76.15987,11.47508],[76.15926,11.47463],[76.1587,11.47444],[76.15813,11.47444],[76.15767,11.47452]]]}},{"type":"Feature","properties":{"class":"High Hazard Zone","fid":"91","zone":"High Hazard Zone","shapeArea":"0.000056","area":"0.689229"},"geometry":{"type":"Polygon","coordinates":[[[76.16416,11.46864],[76.16329,11.4688],[76.16173,11.46883],[76.15957,11.46872],[76.15888,11.46849],[76.15672,11.46652],[76.15687,11.46595],[76.15801,11.46621],[76.16014,11.46751],[76.16355,11.46754],[76.16488,11.4672],[76.16617,11.46701],[76.16796,11.46694],[76.16788,11.46614],[76.16765,11.46572],[76.1672,11.46515],[76.16667,11.46481],[76.16621,11.46466],[76.16572,11.46428],[76.16538,11.46363],[76.16526,11.46306],[76.16481,11.46227],[76.16317,11.46208],[76.16253,11.46189],[76.16211,11.46139],[76.162,11.46048],[76.16158,11.45999],[76.16062,11.45802],[76.16081,11.45789],[76.16174,11.45644],[76.16237,11.45629],[76.16299,11.4566],[76.1636,11.45668],[76.16499,11.45769],[76.16606,11.45923],[76.16621,11.45969],[76.16698,11.461],[76.16783,11.46185],[76.16798,11.46301],[76.16898,11.46439],[76.16984,11.46484],[76.17012,11.46543],[76.17019,11.46679],[76.16925,11.46797],[76.1684,11.46828],[76.16856,11.46829],[76.16739,11.46861],[76.16575,11.46861],[76.16416,11.46864]]]}},{"type":"Feature","properties":{"class":"High Hazard Zone","fid":"92","zone":"High Hazard Zone","shapeArea":"0.000026","area":"0.315466"},"geometry":{"type":"Polygon","coordinates":[[[76.25902,11.61659],[76.26103,11.61693],[76.2636,11.62067],[76.26414,11.62112],[76.26509,11.6222],[76.26617,11.62383],[76.26707,11.62468],[76.26806,11.62518],[76.26927,11.62603],[76.27099,11.62874],[76.27162,11.62946],[76.27229,11.63045],[76.27261,11.63189],[76.27261,11.63272],[76.27238,11.6327],[76.2709,11.6309],[76.27036,11.63045],[76.26965,11.62932],[76.26891,11.62901],[76.26693,11.62639],[76.2654,11.62473],[76.2649,11.62383],[76.26414,11.62283],[76.26315,11.62184],[76.26175,11.61932],[76.25918,11.61671],[76.25902,11.61659]]]}},{"type":"Feature","properties":{"class":"High Hazard Zone","fid":"93","zone":"High Hazard Zone","shapeArea":"0.000025","area":"0.309025"},"geometry":{"type":"Polygon","coordinates":[[[76.25656,11.61487],[76.25693,11.61546],[76.2577,11.61613],[76.25891,11.61766],[76.26135,11.62001],[76.26216,11.62145],[76.26243,11.62239],[76.26333,11.62311],[76.26423,11.6246],[76.26472,11.62582],[76.26635,11.62748],[76.26686,11.62832],[76.26857,11.62976],[76.27022,11.63136],[76.27199,11.63239],[76.27233,11.63345],[76.27076,11.63266],[76.26972,11.63199],[76.26752,11.63023],[76.26558,11.62838],[76.26509,11.62766],[76.26274,11.62546],[76.26216,11.62424],[76.26211,11.62338],[76.26225,11.62284],[76.26189,11.6223],[76.26135,11.62176],[76.25991,11.62064],[76.25842,11.61911],[76.25833,11.61834],[76.25792,11.6178],[76.2568,11.61685],[76.25653,11.61613],[76.25653,11.61541],[76.25656,11.61487]]]}},{"type":"Feature","properties":{"class":"High Hazard Zone","fid":"94","zone":"High Hazard Zone","shapeArea":"0.000057","area":"0.69849"},"geometry":{"type":"Polygon","coordinates":[[[76.10569,11.61068],[76.10542,11.61079],[76.10562,11.61114],[76.10573,11.61211],[76.10727,11.61222],[76.1099,11.61279],[76.11258,11.61319],[76.11338,11.61416],[76.11333,11.61582],[76.1123,11.61679],[76.10801,11.61856],[76.10659,11.61959],[76.10556,11.61959],[76.10459,11.61896],[76.10244,11.61926],[76.10225,11.61979],[76.10168,11.6204],[76.10133,11.62094],[76.10048,11.62057],[76.10006,11.61954],[76.10029,11.61852],[76.10223,11.61711],[76.10618,11.61704],[76.10819,11.61636],[76.10842,11.61601],[76.10819,11.61541],[76.10739,11.61503],[76.10508,11.61461],[76.10363,11.61404],[76.1031,11.61313],[76.10291,11.61233],[76.10356,11.61112],[76.10447,11.61074],[76.10542,11.61062],[76.10569,11.61068]]]}},{"type":"Feature","properties":{"class":"High Hazard Zone","fid":"95","zone":"High Hazard Zone","shapeArea":"0.000056","area":"0.680389"},"geometry":{"type":"Polygon","coordinates":[[[76.11778,11.60698],[76.11772,11.60778],[76.11722,11.60823],[76.11582,11.60861],[76.1151,11.60895],[76.11457,11.6096],[76.11487,11.61005],[76.1154,11.61028],[76.11555,11.61112],[76.1154,11.61229],[76.1154,11.61327],[76.11563,11.61396],[76.11665,11.61456],[76.11886,11.61464],[76.11908,11.61544],[76.11908,11.61616],[76.11867,11.61768],[76.11821,11.61847],[76.11738,11.61912],[76.11665,11.61992],[76.11635,11.62109],[76.1154,11.62181],[76.11358,11.62235],[76.11274,11.62235],[76.11252,11.62216],[76.11031,11.62155],[76.10959,11.62144],[76.10656,11.6214],[76.10562,11.62055],[76.10823,11.62037],[76.10925,11.62003],[76.11062,11.61919],[76.11415,11.61832],[76.11571,11.61805],[76.11597,11.61714],[76.11567,11.61672],[76.11453,11.61585],[76.11415,11.61533],[76.114,11.61446],[76.11404,11.61195],[76.11381,11.61138],[76.11309,11.6104],[76.1129,11.60979],[76.1129,11.60914],[76.11316,11.60888],[76.11446,11.60811],[76.11611,11.60747],[76.11703,11.60698],[76.11778,11.60698]]]}},{"type":"Feature","properties":{"class":"High Hazard Zone","fid":"96","zone":"High Hazard Zone","shapeArea":"0.000038","area":"0.468303"},"geometry":{"type":"Polygon","coordinates":[[[76.107,11.60418],[76.10717,11.60405],[76.10741,11.60348],[76.10804,11.60295],[76.10801,11.60289],[76.10973,11.60106],[76.11401,11.59872],[76.11601,11.59838],[76.11704,11.59907],[76.11818,11.60032],[76.11812,11.60329],[76.11704,11.60563],[76.11464,11.60638],[76.11356,11.60689],[76.11358,11.60631],[76.11404,11.60524],[76.11506,11.60441],[76.1154,11.60433],[76.11574,11.60391],[76.11574,11.60319],[76.11548,11.60243],[76.1151,11.60217],[76.11134,11.60213],[76.11047,11.6024],[76.10956,11.60346],[76.10819,11.60384],[76.1077,11.60407],[76.107,11.60418]]]}},{"type":"Feature","properties":{"class":"High Hazard Zone","fid":"97","zone":"High Hazard Zone","shapeArea":"0.000033","area":"0.404911"},"geometry":{"type":"Polygon","coordinates":[[[76.11151,11.5943],[76.11144,11.59415],[76.11089,11.59376],[76.11058,11.59393],[76.1091,11.5937],[76.10861,11.5934],[76.10807,11.59355],[76.10754,11.59393],[76.1069,11.59412],[76.10641,11.59412],[76.10549,11.59471],[76.10511,11.59571],[76.10413,11.59632],[76.1019,11.59729],[76.1017,11.59685],[76.10162,11.5959],[76.10185,11.59469],[76.10261,11.59325],[76.10382,11.59222],[76.10519,11.59188],[76.10671,11.59089],[76.10743,11.59059],[76.10853,11.59036],[76.10978,11.59059],[76.11073,11.59097],[76.11142,11.59158],[76.11172,11.59218],[76.11176,11.59347],[76.11161,11.59404],[76.11151,11.5943]]]}},{"type":"Feature","properties":{"class":"High Hazard Zone","fid":"98","zone":"High Hazard Zone","shapeArea":"0.000016","area":"0.194202"},"geometry":{"type":"Polygon","coordinates":[[[76.1043,11.5972],[76.10642,11.5961],[76.10779,11.59564],[76.10973,11.59581],[76.11127,11.59655],[76.11138,11.59741],[76.11121,11.59907],[76.11064,11.59969],[76.1095,11.60044],[76.10864,11.60158],[76.10813,11.60186],[76.10684,11.60221],[76.10747,11.60161],[76.10815,11.6007],[76.10902,11.59842],[76.10891,11.59732],[76.10857,11.59694],[76.10496,11.5972],[76.1043,11.5972]]]}},{"type":"Feature","properties":{"class":"High Hazard Zone","fid":"99","zone":"High Hazard Zone","shapeArea":"0.000059","area":"0.716343"},"geometry":{"type":"Polygon","coordinates":[[[76.12569,11.58993],[76.12546,11.59333],[76.12535,11.59356],[76.12478,11.59398],[76.12303,11.59444],[76.1225,11.59482],[76.12193,11.5955],[76.12159,11.59611],[76.12132,11.59694],[76.12117,11.60239],[76.12148,11.60334],[76.12145,11.60363],[76.12186,11.60406],[76.12315,11.60478],[76.12387,11.60565],[76.12417,11.60637],[76.12588,11.60732],[76.12618,11.60804],[76.12618,11.6091],[76.12569,11.60983],[76.12501,11.61021],[76.1241,11.61066],[76.12231,11.61123],[76.12068,11.61203],[76.12003,11.61176],[76.11988,11.61085],[76.1206,11.61017],[76.1206,11.60941],[76.12102,11.6088],[76.12174,11.60857],[76.12189,11.60835],[76.12193,11.60713],[76.12121,11.60667],[76.12037,11.60637],[76.1201,11.60605],[76.1201,11.60581],[76.11961,11.60435],[76.11961,11.60392],[76.11869,11.59931],[76.11869,11.5982],[76.11906,11.59722],[76.1198,11.59636],[76.12023,11.59605],[76.12121,11.59421],[76.12201,11.59316],[76.12262,11.59267],[76.12391,11.59199],[76.12521,11.59064],[76.12558,11.59002],[76.12569,11.58993]]]}},{"type":"Feature","properties":{"class":"High Hazard Zone","fid":"100","zone":"High Hazard Zone","shapeArea":"0.000044","area":"0.532316"},"geometry":{"type":"Polygon","coordinates":[[[76.12585,11.58645],[76.12595,11.58702],[76.12498,11.58873],[76.12406,11.58953],[76.12361,11.5901],[76.12298,11.59124],[76.12246,11.59181],[76.12138,11.5925],[76.12058,11.5933],[76.11915,11.59335],[76.11813,11.59353],[76.11795,11.59264],[76.11738,11.59222],[76.1162,11.59184],[76.11536,11.59127],[76.11438,11.59051],[76.11381,11.58968],[76.11396,11.589],[76.11464,11.58865],[76.11548,11.58858],[76.11601,11.58858],[76.11719,11.58881],[76.11829,11.58884],[76.11977,11.58953],[76.12056,11.5896],[76.12125,11.58945],[76.12151,11.58915],[76.12151,11.58797],[76.12117,11.58649],[76.12167,11.58577],[76.12246,11.58562],[76.12322,11.58588],[76.1255,11.58638],[76.12585,11.58645]]]}},{"type":"Feature","properties":{"class":"High Hazard Zone","fid":"101","zone":"High Hazard Zone","shapeArea":"0.000441","area":"5.383745"},"geometry":{"type":"Polygon","coordinates":[[[75.91828,11.70335],[75.91814,11.70361],[75.91705,11.70394],[75.91586,11.70373],[75.91543,11.70351],[75.91508,11.70294],[75.91428,11.70265],[75.91238,11.70236],[75.91078,11.70242],[75.9106,11.70179],[75.91049,11.70024],[75.90991,11.69983],[75.9094,11.69966],[75.90894,11.69909],[75.90831,11.69897],[75.90716,11.69949],[75.9063,11.70047],[75.90635,11.70454],[75.90618,11.70627],[75.90601,11.7069],[75.90595,11.70805],[75.9067,11.70943],[75.90675,11.71178],[75.90641,11.71241],[75.90504,11.71289],[75.90455,11.71187],[75.90435,11.71104],[75.9023,11.70974],[75.90218,11.70953],[75.90305,11.70785],[75.9036,11.70714],[75.90392,11.70556],[75.90384,11.70311],[75.90343,11.69992],[75.90252,11.69913],[75.90243,11.69833],[75.90247,11.69766],[75.90294,11.69699],[75.90394,11.6964],[75.90566,11.69581],[75.90759,11.69464],[75.90952,11.69384],[75.91007,11.6935],[75.91057,11.69304],[75.91233,11.69208],[75.91367,11.69173],[75.91491,11.69193],[75.91674,11.69313],[75.91953,11.69506],[75.92093,11.69674],[75.92146,11.69674],[75.92175,11.69626],[75.9217,11.69563],[75.91996,11.69443],[75.91703,11.69284],[75.91544,11.69178],[75.91529,11.6912],[75.91544,11.69048],[75.91592,11.68985],[75.9164,11.68961],[75.91664,11.68884],[75.91727,11.68817],[75.91813,11.68571],[75.91834,11.68566],[75.9188,11.68503],[75.91927,11.68466],[75.91967,11.68454],[75.9201,11.68392],[75.92077,11.6832],[75.92191,11.68244],[75.92234,11.68235],[75.92316,11.68188],[75.92348,11.68181],[75.92382,11.68148],[75.92425,11.68081],[75.92439,11.68024],[75.92434,11.67871],[75.92396,11.67843],[75.92353,11.67833],[75.92291,11.67838],[75.92229,11.67876],[75.92209,11.67981],[75.92181,11.68044],[75.92077,11.68116],[75.92043,11.68216],[75.91996,11.68282],[75.91939,11.68314],[75.91871,11.68306],[75.91654,11.68414],[75.91618,11.6855],[75.91576,11.68575],[75.91452,11.68501],[75.91276,11.68326],[75.91112,11.68273],[75.91006,11.68225],[75.9081,11.68164],[75.90803,11.68063],[75.91012,11.68002],[75.91161,11.67914],[75.91345,11.67841],[75.91369,11.67817],[75.91447,11.67787],[75.91548,11.67709],[75.91633,11.67628],[75.91695,11.67595],[75.91848,11.6748],[75.91929,11.67452],[75.92062,11.67366],[75.92305,11.6717],[75.92391,11.67142],[75.92515,11.67123],[75.92649,11.67127],[75.92839,11.67194],[75.92944,11.67213],[75.93082,11.67213],[75.9313,11.67146],[75.9313,11.67023],[75.93204,11.66864],[75.93301,11.66868],[75.93376,11.66903],[75.93379,11.66951],[75.9334,11.67041],[75.93348,11.67112],[75.93348,11.67242],[75.9334,11.67281],[75.93289,11.67403],[75.93254,11.67451],[75.93183,11.6747],[75.93065,11.6747],[75.92947,11.6736],[75.9288,11.67325],[75.92714,11.67297],[75.9264,11.67262],[75.9251,11.67258],[75.92423,11.67273],[75.92277,11.6734],[75.92073,11.67498],[75.92,11.67542],[75.91991,11.67567],[75.91916,11.67647],[75.91842,11.67756],[75.91698,11.67911],[75.91612,11.67969],[75.91376,11.68084],[75.91336,11.68124],[75.91319,11.68176],[75.91319,11.6825],[75.91388,11.68273],[75.91526,11.68273],[75.91623,11.6825],[75.91658,11.68181],[75.91853,11.68015],[75.91899,11.67911],[75.91916,11.67837],[75.91974,11.67768],[75.92071,11.67693],[75.9241,11.67653],[75.92617,11.67705],[75.92715,11.67888],[75.92715,11.68003],[75.92657,11.68118],[75.92583,11.68227],[75.92295,11.68382],[75.92244,11.68463],[75.92221,11.6852],[75.92215,11.68572],[75.92152,11.68578],[75.92175,11.68664],[75.92255,11.6875],[75.92284,11.68819],[75.92324,11.68871],[75.92376,11.68899],[75.92428,11.68951],[75.92519,11.69003],[75.926,11.69003],[75.92663,11.6898],[75.92881,11.68819],[75.93025,11.68819],[75.93088,11.68807],[75.93134,11.68756],[75.93134,11.68589],[75.93151,11.68486],[75.93249,11.68405],[75.93352,11.68354],[75.93427,11.68371],[75.93462,11.684],[75.93467,11.68578],[75.93456,11.68635],[75.93416,11.68744],[75.93318,11.68825],[75.93266,11.68853],[75.93203,11.68922],[75.93197,11.69049],[75.93174,11.69095],[75.93146,11.69141],[75.93071,11.69175],[75.93025,11.69233],[75.9299,11.69307],[75.92956,11.6933],[75.92858,11.69365],[75.92784,11.6937],[75.92713,11.6939],[75.92646,11.69342],[75.92632,11.69342],[75.92606,11.69313],[75.92571,11.69227],[75.92496,11.69135],[75.9237,11.69083],[75.92106,11.69053],[75.92031,11.69128],[75.91979,11.69277],[75.9202,11.69323],[75.92255,11.69329],[75.9237,11.69346],[75.92456,11.69398],[75.92496,11.69444],[75.92492,11.6945],[75.92537,11.69542],[75.92526,11.6961],[75.92537,11.69702],[75.92613,11.69835],[75.92899,11.69855],[75.93008,11.69901],[75.93088,11.69918],[75.93203,11.69918],[75.93289,11.69941],[75.93553,11.69872],[75.93737,11.69803],[75.93915,11.69803],[75.93984,11.69878],[75.93933,11.69941],[75.93829,11.69981],[75.93766,11.70033],[75.93686,11.70073],[75.93582,11.7009],[75.93312,11.70073],[75.9326,11.7009],[75.93008,11.70033],[75.92726,11.70033],[75.92669,11.70044],[75.92606,11.70079],[75.92565,11.70153],[75.92479,11.70188],[75.92445,11.7024],[75.92468,11.7028],[75.92531,11.70346],[75.92491,11.7035],[75.92272,11.70341],[75.92196,11.70341],[75.92124,11.70358],[75.92096,11.7035],[75.91996,11.70269],[75.91934,11.7024],[75.91757,11.70183],[75.91643,11.70068],[75.91614,11.69949],[75.91462,11.69949],[75.91457,11.70045],[75.91619,11.70164],[75.91676,11.70226],[75.91733,11.70264],[75.91786,11.70326],[75.91828,11.70335]]]}},{"type":"Feature","properties":{"class":"High Hazard Zone","fid":"102","zone":"High Hazard Zone","shapeArea":"0.000216","area":"2.645341"},"geometry":{"type":"Polygon","coordinates":[[[75.93163,11.66598],[75.93135,11.66584],[75.92973,11.66603],[75.92826,11.66651],[75.92682,11.66735],[75.92587,11.66762],[75.92414,11.66888],[75.919,11.67198],[75.91714,11.67276],[75.91652,11.67352],[75.91562,11.675],[75.9149,11.67581],[75.91433,11.67628],[75.91242,11.67671],[75.90813,11.67819],[75.90704,11.67819],[75.90651,11.67767],[75.90465,11.677],[75.90404,11.67695],[75.90342,11.67671],[75.90289,11.67624],[75.90275,11.67543],[75.90275,11.67462],[75.90313,11.67376],[75.90399,11.67233],[75.90499,11.67133],[75.9054,11.67077],[75.90623,11.67009],[75.90685,11.66981],[75.90747,11.66933],[75.90852,11.66909],[75.9089,11.6688],[75.90937,11.66866],[75.91476,11.66871],[75.91519,11.66861],[75.91528,11.66814],[75.915,11.6678],[75.91319,11.66776],[75.912,11.6679],[75.91061,11.66776],[75.90732,11.66775],[75.90661,11.66723],[75.90628,11.66675],[75.90585,11.66565],[75.90637,11.66437],[75.90766,11.66352],[75.90923,11.66305],[75.91028,11.66305],[75.91152,11.66329],[75.91476,11.66334],[75.91676,11.66296],[75.91948,11.66291],[75.92043,11.66305],[75.92122,11.66373],[75.92406,11.66286],[75.92471,11.66242],[75.92537,11.6623],[75.92653,11.66167],[75.92672,11.66114],[75.92665,11.66047],[75.92778,11.66031],[75.92881,11.66036],[75.9295,11.66082],[75.92939,11.66186],[75.92887,11.66243],[75.92818,11.66295],[75.92491,11.66438],[75.92422,11.66507],[75.92318,11.66542],[75.92215,11.66594],[75.91882,11.66795],[75.91801,11.66818],[75.91652,11.66818],[75.91543,11.66921],[75.91439,11.66944],[75.91342,11.6695],[75.91204,11.67024],[75.9121,11.6707],[75.91302,11.67093],[75.91439,11.67076],[75.91715,11.67076],[75.91888,11.66996],[75.9202,11.66909],[75.92094,11.66823],[75.92244,11.6668],[75.92364,11.66634],[75.926,11.66513],[75.92692,11.66479],[75.92818,11.66461],[75.93019,11.66415],[75.93048,11.66419],[75.9312,11.66395],[75.93152,11.66411],[75.93167,11.66458],[75.93167,11.66581],[75.93163,11.66598]]]}},{"type":"Feature","properties":{"class":"High Hazard Zone","fid":"103","zone":"High Hazard Zone","shapeArea":"0.000005","area":"0.055852"},"geometry":{"type":"Polygon","coordinates":[[[75.98229,11.63188],[75.98196,11.63191],[75.98145,11.63167],[75.98028,11.6303],[75.98006,11.62928],[75.97953,11.62822],[75.97971,11.62758],[75.97998,11.62738],[75.98022,11.628],[75.98137,11.62931],[75.98161,11.62976],[75.98194,11.63117],[75.98226,11.63162],[75.98229,11.63188]]]}},{"type":"Feature","properties":{"class":"High Hazard Zone","fid":"104","zone":"High Hazard Zone","shapeArea":"0.001581","area":"19.304218"},"geometry":{"type":"MultiPolygon","coordinates":[[[[75.92678,11.84817],[75.92628,11.84738],[75.92621,11.84692],[75.9265,11.84659],[75.92678,11.84817]]],[[[75.923,11.86565],[75.92293,11.8668],[75.923,11.86565],[75.92415,11.86493],[75.923,11.86565]]],[[[75.92269,11.86734],[75.92177,11.86811],[75.92146,11.86826],[75.92177,11.86811],[75.92269,11.86734]]],[[[75.91805,11.86904],[75.91804,11.86905],[75.91805,11.86904],[75.91836,11.86904],[75.91805,11.86904]]],[[[75.91983,11.86919],[75.91934,11.86913],[75.91983,11.86919],[75.92009,11.869],[75.91983,11.86919]]],[[[75.91666,11.87004],[75.9162,11.87012],[75.91571,11.87049],[75.9162,11.87012],[75.91675,11.86998],[75.91666,11.87004]]],[[[75.91542,11.87112],[75.91509,11.87144],[75.91542,11.87112],[75.9155,11.87065],[75.91542,11.87112]]],[[[75.91318,11.87143],[75.91301,11.87155],[75.91318,11.87143],[75.91354,11.87137],[75.91318,11.87143]]],[[[75.93772,11.90359],[75.93742,11.90405],[75.93734,11.90443],[75.93734,11.90581],[75.93734,11.90443],[75.93742,11.90405],[75.93781,11.90347],[75.93772,11.90359]]],[[[75.93719,11.90727],[75.93714,11.90746],[75.93719,11.90727],[75.93722,11.90675],[75.93719,11.90727]]],[[[75.93673,11.90919],[75.93635,11.91034],[75.93587,11.91067],[75.93635,11.91034],[75.93676,11.90912],[75.93673,11.90919]]],[[[75.93472,11.91127],[75.93379,11.9115],[75.93337,11.91171],[75.93379,11.9115],[75.93494,11.91118],[75.93472,11.91127]]],[[[75.93179,11.91342],[75.93179,11.91388],[75.9314,11.91473],[75.93077,11.91555],[75.9314,11.91473],[75.93179,11.91388],[75.93179,11.91342],[75.9319,11.91308],[75.93179,11.91342]]],[[[75.92962,11.91642],[75.92864,11.91687],[75.92962,11.91642],[75.92978,11.91612],[75.92962,11.91642]]]]}},{"type":"Feature","properties":{"class":"Medium Hazard Zone","fid":"105","zone":"Medium Hazard Zone","shapeArea":"0.000052","area":"0.641525"},"geometry":{"type":"Polygon","coordinates":[[[76.00337,11.56983],[76.00299,11.57044],[76.00323,11.57162],[76.00379,11.5721],[76.00446,11.5721],[76.0054,11.57233],[76.0071,11.57347],[76.00852,11.57494],[76.00938,11.5755],[76.00971,11.57626],[76.01259,11.57635],[76.01292,11.57702],[76.01288,11.57768],[76.01032,11.57848],[76.00914,11.57848],[76.00843,11.57834],[76.00677,11.57588],[76.00602,11.57546],[76.00422,11.57512],[76.00356,11.5746],[76.00204,11.57304],[76.00166,11.57224],[76.00133,11.57058],[76.001,11.56992],[76.00086,11.56855],[76.00091,11.56793],[76.00105,11.56755],[76.00252,11.56684],[76.00299,11.56689],[76.00351,11.56713],[76.0041,11.56776],[76.00494,11.56767],[76.00539,11.56715],[76.00596,11.5679],[76.00585,11.56875],[76.00648,11.56898],[76.00705,11.5683],[76.00831,11.56733],[76.01019,11.56801],[76.01048,11.56904],[76.01036,11.56967],[76.00956,11.5699],[76.00871,11.56972],[76.00756,11.56972],[76.00585,11.57035],[76.00379,11.5699],[76.00369,11.56978],[76.00337,11.56983]]]}},{"type":"Feature","properties":{"class":"Medium Hazard Zone","fid":"106","zone":"Medium Hazard Zone","shapeArea":"0.000029","area":"0.350907"},"geometry":{"type":"Polygon","coordinates":[[[76.00499,11.57583],[76.00608,11.57766],[76.00751,11.57915],[76.00836,11.58303],[76.00933,11.58446],[76.01088,11.5848],[76.01042,11.58571],[76.00882,11.58577],[76.00711,11.58463],[76.00642,11.5836],[76.00556,11.58103],[76.00437,11.57898],[76.00231,11.57743],[76.00082,11.57669],[76.0022,11.57578],[76.00374,11.57549],[76.00499,11.57583]]]}},{"type":"Feature","properties":{"class":"Medium Hazard Zone","fid":"107","zone":"Medium Hazard Zone","shapeArea":"0.000013","area":"0.158947"},"geometry":{"type":"Polygon","coordinates":[[[76.03789,11.58954],[76.03743,11.59],[76.03686,11.59023],[76.03566,11.59045],[76.03486,11.5904],[76.03492,11.58891],[76.03532,11.5888],[76.03635,11.5888],[76.03754,11.58754],[76.03783,11.58611],[76.03686,11.58526],[76.03732,11.5844],[76.03932,11.58543],[76.03971,11.58748],[76.03943,11.58828],[76.03789,11.58954]]]}},{"type":"Feature","properties":{"class":"Medium Hazard Zone","fid":"108","zone":"Medium Hazard Zone","shapeArea":"0.000005","area":"0.063263"},"geometry":{"type":"Polygon","coordinates":[[[76.0372,11.57566],[76.03589,11.57429],[76.0372,11.57366],[76.04017,11.57332],[76.04029,11.57475],[76.03823,11.57446],[76.0372,11.57566]]]}},{"type":"Feature","properties":{"class":"Medium Hazard Zone","fid":"109","zone":"Medium Hazard Zone","shapeArea":"0.000018","area":"0.222233"},"geometry":{"type":"Polygon","coordinates":[[[76.03783,11.56875],[76.03726,11.57018],[76.03617,11.57121],[76.03549,11.57115],[76.0344,11.57081],[76.03412,11.56995],[76.03458,11.5691],[76.03595,11.56813],[76.03737,11.56653],[76.03937,11.56647],[76.03971,11.56578],[76.04063,11.56578],[76.04143,11.56733],[76.0408,11.5687],[76.0404,11.56881],[76.03971,11.56858],[76.03783,11.56875]]]}},{"type":"Feature","properties":{"class":"Medium Hazard Zone","fid":"110","zone":"Medium Hazard Zone","shapeArea":"0.000086","area":"1.048348"},"geometry":{"type":"Polygon","coordinates":[[[76.00971,11.56537],[76.00855,11.56566],[76.00762,11.56561],[76.00709,11.56508],[76.00682,11.56504],[76.00439,11.56302],[76.00458,11.56231],[76.0047,11.5611],[76.0047,11.55986],[76.00505,11.55971],[76.00435,11.55823],[76.00297,11.55766],[76.00229,11.55749],[76.00154,11.55674],[76.00137,11.55582],[76.00183,11.55404],[76.002,11.5524],[76.00248,11.55202],[76.00351,11.55202],[76.00384,11.55211],[76.00384,11.55162],[76.00413,11.55069],[76.00477,11.55028],[76.0057,11.55069],[76.00675,11.55092],[76.00814,11.55104],[76.00837,11.5522],[76.00825,11.55266],[76.00738,11.55272],[76.00686,11.55313],[76.00675,11.55383],[76.00675,11.55528],[76.00738,11.55562],[76.00796,11.55673],[76.00889,11.55678],[76.00976,11.55731],[76.00971,11.558],[76.00924,11.55841],[76.00924,11.55951],[76.00963,11.55957],[76.00985,11.55939],[76.01185,11.55939],[76.01265,11.56059],[76.01219,11.56224],[76.01088,11.56293],[76.01048,11.56418],[76.01048,11.56527],[76.00988,11.56518],[76.00971,11.56537]]]}},{"type":"Feature","properties":{"class":"Medium Hazard Zone","fid":"111","zone":"Medium Hazard Zone","shapeArea":"0.00009","area":"1.09684"},"geometry":{"type":"Polygon","coordinates":[[[76.08644,11.65189],[76.08686,11.65274],[76.08707,11.65364],[76.08744,11.65459],[76.08744,11.65597],[76.08702,11.65714],[76.08644,11.65809],[76.0858,11.65852],[76.08294,11.65905],[76.0823,11.65899],[76.08161,11.65846],[76.08135,11.65793],[76.08129,11.65709],[76.08214,11.65661],[76.08426,11.65645],[76.08416,11.65592],[76.08304,11.65587],[76.08182,11.65565],[76.07997,11.65327],[76.0796,11.65263],[76.0796,11.652],[76.07981,11.65067],[76.08092,11.65057],[76.08214,11.65094],[76.08299,11.65157],[76.084,11.65173],[76.08453,11.65115],[76.0849,11.64914],[76.08606,11.64871],[76.08792,11.64829],[76.08861,11.64802],[76.08861,11.64733],[76.08813,11.6468],[76.08734,11.64622],[76.08665,11.64612],[76.08601,11.64612],[76.08532,11.64638],[76.08455,11.64642],[76.08357,11.64672],[76.08312,11.64586],[76.083,11.64506],[76.08249,11.64375],[76.08163,11.643],[76.08106,11.6438],[76.08009,11.64449],[76.07889,11.64472],[76.07826,11.64506],[76.07763,11.64397],[76.07763,11.64346],[76.0798,11.64209],[76.0814,11.64135],[76.0816,11.6415],[76.08294,11.64161],[76.085,11.64203],[76.08649,11.64251],[76.08697,11.64331],[76.08887,11.64553],[76.08988,11.64601],[76.0903,11.64686],[76.0903,11.64776],[76.0884,11.64866],[76.08834,11.65041],[76.08744,11.65073],[76.08649,11.65131],[76.08644,11.65189]]]}},{"type":"Feature","properties":{"class":"Medium Hazard Zone","fid":"112","zone":"Medium Hazard Zone","shapeArea":"0.000008","area":"0.100443"},"geometry":{"type":"Polygon","coordinates":[[[76.11561,11.55526],[76.11652,11.55572],[76.11732,11.55709],[76.11664,11.55795],[76.11607,11.55818],[76.11515,11.55783],[76.1139,11.55618],[76.11361,11.55526],[76.11424,11.55447],[76.1155,11.55429],[76.11561,11.55526]]]}},{"type":"Feature","properties":{"class":"Medium Hazard Zone","fid":"113","zone":"Medium Hazard Zone","shapeArea":"0.000034","area":"0.419258"},"geometry":{"type":"Polygon","coordinates":[[[76.07819,11.55959],[76.0779,11.56064],[76.07697,11.56064],[76.07587,11.56017],[76.07459,11.55977],[76.0739,11.55936],[76.07378,11.55884],[76.0743,11.55838],[76.07581,11.55838],[76.07674,11.55803],[76.07674,11.55739],[76.07587,11.55629],[76.07604,11.55582],[76.07604,11.55466],[76.07668,11.55356],[76.07732,11.55327],[76.07853,11.55321],[76.07918,11.55261],[76.07992,11.55255],[76.08066,11.55267],[76.08146,11.55352],[76.08232,11.55421],[76.08229,11.55442],[76.08272,11.55507],[76.08272,11.55658],[76.08249,11.55681],[76.08156,11.55698],[76.07964,11.55687],[76.07854,11.55721],[76.07819,11.55756],[76.07819,11.55832],[76.07819,11.55959]]]}},{"type":"Feature","properties":{"class":"Medium Hazard Zone","fid":"114","zone":"Medium Hazard Zone","shapeArea":"0.000024","area":"0.294014"},"geometry":{"type":"Polygon","coordinates":[[[76.08649,11.55813],[76.0866,11.55904],[76.08586,11.56012],[76.08489,11.5611],[76.08466,11.56355],[76.08437,11.56406],[76.08369,11.56458],[76.08312,11.56452],[76.08306,11.56367],[76.0826,11.56321],[76.0814,11.56304],[76.08089,11.56258],[76.08072,11.56058],[76.08095,11.5595],[76.08135,11.5591],[76.08197,11.55875],[76.08414,11.55807],[76.08597,11.5579],[76.08649,11.55813]]]}},{"type":"Feature","properties":{"class":"Medium Hazard Zone","fid":"115","zone":"Medium Hazard Zone","shapeArea":"0.000034","area":"0.421077"},"geometry":{"type":"Polygon","coordinates":[[[76.08323,11.57863],[76.08106,11.57886],[76.0806,11.57908],[76.07998,11.57983],[76.07952,11.58],[76.07752,11.58034],[76.07655,11.58085],[76.07552,11.58171],[76.07506,11.58188],[76.07455,11.58268],[76.07381,11.58183],[76.07312,11.5804],[76.07301,11.57988],[76.07329,11.57908],[76.07375,11.57846],[76.07529,11.57811],[76.07872,11.57811],[76.08089,11.57709],[76.08563,11.57697],[76.08723,11.5764],[76.0882,11.57646],[76.089,11.57674],[76.0886,11.57823],[76.08683,11.57868],[76.08489,11.57828],[76.08323,11.57863]]]}},{"type":"Feature","properties":{"class":"Medium Hazard Zone","fid":"116","zone":"Medium Hazard Zone","shapeArea":"0.000056","area":"0.685067"},"geometry":{"type":"Polygon","coordinates":[[[76.1538,11.51918],[76.15256,11.51998],[76.15033,11.52043],[76.14856,11.52055],[76.14662,11.52141],[76.14268,11.52135],[76.14142,11.52032],[76.13868,11.51986],[76.13714,11.51901],[76.13708,11.51718],[76.13657,11.51564],[76.13468,11.51467],[76.134,11.51273],[76.13497,11.51193],[76.13731,11.51267],[76.13851,11.51404],[76.13925,11.5157],[76.13982,11.51672],[76.14108,11.51747],[76.14256,11.51764],[76.14308,11.51815],[76.14399,11.51872],[76.14982,11.51872],[76.15204,11.51804],[76.1538,11.51918]]]}},{"type":"Feature","properties":{"class":"Medium Hazard Zone","fid":"117","zone":"Medium Hazard Zone","shapeArea":"0.000034","area":"0.412645"},"geometry":{"type":"Polygon","coordinates":[[[75.81158,11.81415],[75.80938,11.81436],[75.80797,11.81503],[75.80791,11.8156],[75.80722,11.81634],[75.80637,11.81651],[75.80505,11.8164],[75.80277,11.8164],[75.8018,11.81537],[75.80094,11.812],[75.8018,11.8112],[75.80345,11.81012],[75.80574,11.81034],[75.80591,11.81109],[75.80551,11.81234],[75.80574,11.81303],[75.80654,11.81388],[75.80723,11.81396],[75.81006,11.81344],[75.81162,11.81344],[75.81179,11.81394],[75.81158,11.81415]]]}},{"type":"Feature","properties":{"class":"Medium Hazard Zone","fid":"118","zone":"Medium Hazard Zone","shapeArea":"0.000018","area":"0.223609"},"geometry":{"type":"Polygon","coordinates":[[[75.81369,11.81825],[75.81318,11.81841],[75.8127,11.81914],[75.81122,11.81942],[75.81025,11.81977],[75.80945,11.81965],[75.80785,11.81885],[75.80774,11.81845],[75.80796,11.81822],[75.81057,11.81742],[75.81061,11.8169],[75.81031,11.81601],[75.80997,11.81538],[75.80997,11.81491],[75.81035,11.8147],[75.8109,11.81474],[75.8112,11.81605],[75.81132,11.81639],[75.81146,11.81645],[75.81156,11.81634],[75.81253,11.8164],[75.81286,11.81683],[75.8139,11.81647],[75.81559,11.81643],[75.81643,11.81664],[75.81673,11.81702],[75.81647,11.81757],[75.81559,11.81765],[75.81521,11.81799],[75.81466,11.81816],[75.81415,11.81816],[75.81369,11.81825]]]}},{"type":"Feature","properties":{"class":"Medium Hazard Zone","fid":"119","zone":"Medium Hazard Zone","shapeArea":"0.000024","area":"0.291806"},"geometry":{"type":"Polygon","coordinates":[[[75.81853,11.80538],[75.81767,11.806],[75.81687,11.80612],[75.81624,11.80515],[75.81784,11.80292],[75.81859,11.80229],[75.8191,11.80292],[75.81973,11.80292],[75.82013,11.80269],[75.82144,11.80075],[75.82241,11.80012],[75.82333,11.79995],[75.82441,11.80064],[75.8251,11.80149],[75.82538,11.80218],[75.82458,11.80252],[75.82367,11.80343],[75.82241,11.80423],[75.82133,11.80469],[75.81927,11.80469],[75.81853,11.80538]]]}},{"type":"Feature","properties":{"class":"Medium Hazard Zone","fid":"120","zone":"Medium Hazard Zone","shapeArea":"0.000042","area":"0.513969"},"geometry":{"type":"Polygon","coordinates":[[[75.82932,11.82896],[75.82927,11.82959],[75.82772,11.8309],[75.8275,11.8317],[75.82692,11.83307],[75.82652,11.83347],[75.82572,11.83307],[75.82681,11.8297],[75.82875,11.8269],[75.82989,11.82645],[75.83066,11.82721],[75.83081,11.82702],[75.83115,11.82542],[75.83235,11.82399],[75.83355,11.82331],[75.83423,11.82296],[75.83463,11.82319],[75.83595,11.82205],[75.83709,11.82239],[75.83783,11.82285],[75.84052,11.82308],[75.84097,11.82234],[75.84131,11.82228],[75.84286,11.82359],[75.84206,11.82405],[75.84137,11.82496],[75.84046,11.82565],[75.83949,11.82611],[75.83812,11.82565],[75.83703,11.82513],[75.83606,11.82485],[75.83572,11.82571],[75.83515,11.82571],[75.83326,11.82525],[75.83218,11.82548],[75.83235,11.82662],[75.83263,11.82765],[75.83161,11.82828],[75.8311,11.82818],[75.83086,11.82839],[75.83029,11.82805],[75.82967,11.82805],[75.82932,11.82896]]]}},{"type":"Feature","properties":{"class":"Medium Hazard Zone","fid":"121","zone":"Medium Hazard Zone","shapeArea":"0.000023","area":"0.276867"},"geometry":{"type":"Polygon","coordinates":[[[76.05432,11.87301],[76.05358,11.87358],[76.05175,11.87404],[76.05096,11.87489],[76.04833,11.87512],[76.04616,11.87506],[76.0457,11.87443],[76.04536,11.87358],[76.04656,11.87284],[76.04781,11.87238],[76.04878,11.87232],[76.04987,11.87249],[76.05135,11.87221],[76.05187,11.87129],[76.05193,11.87049],[76.0525,11.86947],[76.05335,11.86975],[76.05341,11.87032],[76.0533,11.87067],[76.0533,11.87141],[76.05421,11.87238],[76.05432,11.87301]]]}},{"type":"Feature","properties":{"class":"Medium Hazard Zone","fid":"122","zone":"Medium Hazard Zone","shapeArea":"0.000041","area":"0.506489"},"geometry":{"type":"Polygon","coordinates":[[[75.9069,11.83146],[75.90663,11.83146],[75.90605,11.83125],[75.90505,11.8313],[75.90478,11.83103],[75.90473,11.82939],[75.90436,11.82887],[75.90394,11.82871],[75.90346,11.82966],[75.90288,11.82976],[75.9023,11.82881],[75.90002,11.82892],[75.89955,11.82871],[75.89923,11.82775],[75.8987,11.82733],[75.89748,11.82664],[75.89743,11.82606],[75.89764,11.82543],[75.89806,11.8249],[75.89838,11.824],[75.89944,11.82395],[75.89976,11.82442],[75.89981,11.82648],[75.9005,11.82749],[75.90124,11.8276],[75.90182,11.82744],[75.90314,11.82738],[75.90394,11.82707],[75.90468,11.82749],[75.90552,11.82849],[75.90557,11.8288],[75.906,11.82921],[75.90833,11.82929],[75.90875,11.82918],[75.90875,11.8286],[75.90685,11.82728],[75.90663,11.82664],[75.90663,11.82601],[75.90706,11.82537],[75.90764,11.82516],[75.90843,11.82506],[75.90907,11.82474],[75.90991,11.82463],[75.91171,11.82463],[75.91219,11.82506],[75.91288,11.82521],[75.91288,11.82611],[75.91229,11.8268],[75.91224,11.82738],[75.91155,11.82738],[75.91129,11.82701],[75.91081,11.8268],[75.91028,11.8268],[75.90981,11.82696],[75.90944,11.82733],[75.9096,11.82791],[75.91071,11.82865],[75.91102,11.82929],[75.91076,11.82998],[75.9096,11.82992],[75.90896,11.83003],[75.90663,11.83008],[75.90669,11.83077],[75.90706,11.83119],[75.9069,11.83146]]]}},{"type":"Feature","properties":{"class":"Medium Hazard Zone","fid":"123","zone":"Medium Hazard Zone","shapeArea":"0.00002","area":"0.249078"},"geometry":{"type":"Polygon","coordinates":[[[75.91182,11.8359],[75.91081,11.83643],[75.90991,11.83664],[75.9096,11.83685],[75.90833,11.83712],[75.90769,11.83675],[75.90732,11.83548],[75.90833,11.83548],[75.90875,11.83537],[75.90949,11.83479],[75.91018,11.83447],[75.91044,11.83421],[75.91129,11.8341],[75.91224,11.83458],[75.91272,11.83426],[75.91288,11.83352],[75.91261,11.8331],[75.91256,11.8322],[75.91261,11.83151],[75.91293,11.83125],[75.91351,11.83125],[75.91362,11.83188],[75.91409,11.83225],[75.91478,11.83225],[75.91536,11.83204],[75.916,11.83204],[75.91663,11.83246],[75.91669,11.83289],[75.91653,11.83368],[75.91616,11.83416],[75.91552,11.83437],[75.91489,11.83437],[75.91409,11.83468],[75.91383,11.83521],[75.9133,11.83585],[75.91229,11.83585],[75.91182,11.8359]]]}},{"type":"Feature","properties":{"class":"Medium Hazard Zone","fid":"124","zone":"Medium Hazard Zone","shapeArea":"0.000086","area":"1.04526"},"geometry":{"type":"Polygon","coordinates":[[[75.94748,11.88927],[75.94605,11.88972],[75.94496,11.89155],[75.94456,11.89292],[75.94411,11.89401],[75.94348,11.89492],[75.94224,11.89438],[75.94168,11.89428],[75.94039,11.89464],[75.94013,11.89381],[75.9406,11.89289],[75.94178,11.89124],[75.94199,11.89026],[75.94183,11.88882],[75.94245,11.88794],[75.94322,11.88727],[75.94276,11.8864],[75.94193,11.88609],[75.94029,11.88604],[75.94023,11.88527],[75.94,11.8844],[75.9411,11.88455],[75.94182,11.88451],[75.94272,11.8841],[75.94354,11.88334],[75.94413,11.88248],[75.94471,11.8821],[75.94523,11.88186],[75.94606,11.88183],[75.94619,11.88169],[75.94637,11.88131],[75.94633,11.88066],[75.94611,11.88041],[75.94564,11.88035],[75.94526,11.88007],[75.94502,11.87914],[75.94502,11.87873],[75.94516,11.87825],[75.94547,11.8779],[75.94578,11.87784],[75.9464,11.87797],[75.94678,11.87839],[75.94702,11.8788],[75.94712,11.87942],[75.94761,11.87994],[75.94819,11.87997],[75.94878,11.88021],[75.94912,11.88087],[75.94912,11.88269],[75.94895,11.88297],[75.94802,11.88335],[75.9475,11.88383],[75.94754,11.88416],[75.94778,11.88447],[75.94892,11.88444],[75.95012,11.88354],[75.95053,11.88354],[75.95074,11.88409],[75.95074,11.88554],[75.95033,11.88726],[75.95029,11.88898],[75.95019,11.8896],[75.94936,11.88964],[75.94898,11.88936],[75.94864,11.88926],[75.94792,11.88923],[75.94758,11.88935],[75.94748,11.88927]]]}},{"type":"Feature","properties":{"class":"Medium Hazard Zone","fid":"125","zone":"Medium Hazard Zone","shapeArea":"0.000252","area":"3.083464"},"geometry":{"type":"Polygon","coordinates":[[[75.99463,11.88867],[75.99684,11.8879],[75.99758,11.88794],[75.99806,11.88851],[75.99797,11.88951],[75.99797,11.89321],[75.99775,11.89356],[75.99679,11.89356],[75.99623,11.8953],[75.99566,11.89561],[75.99518,11.89574],[75.99435,11.89509],[75.99348,11.89539],[75.99265,11.89683],[75.99218,11.89722],[75.99191,11.89783],[75.99182,11.89848],[75.99305,11.89946],[75.99328,11.90054],[75.99231,11.90197],[75.9905,11.90245],[75.99042,11.90317],[75.98939,11.9042],[75.98891,11.9042],[75.98799,11.90471],[75.98756,11.90558],[75.98699,11.90632],[75.98634,11.90641],[75.98577,11.90602],[75.98455,11.90371],[75.98368,11.90275],[75.98281,11.90206],[75.9812,11.90175],[75.98059,11.90223],[75.98055,11.90319],[75.98102,11.90354],[75.98116,11.90402],[75.98107,11.90449],[75.98072,11.90476],[75.98024,11.9048],[75.97954,11.90467],[75.97828,11.90358],[75.97684,11.90301],[75.97623,11.90288],[75.97375,11.90266],[75.97231,11.9024],[75.96787,11.90236],[75.96722,11.9021],[75.96656,11.9021],[75.96622,11.90179],[75.96626,11.9011],[75.96643,11.90057],[75.96643,11.89944],[75.96674,11.89866],[75.96713,11.89818],[75.96739,11.89739],[75.96783,11.89692],[75.97027,11.89652],[75.97346,11.89698],[75.97403,11.89686],[75.97677,11.89532],[75.9774,11.8952],[75.9802,11.8952],[75.98214,11.89509],[75.98408,11.89389],[75.98488,11.89263],[75.98597,11.89286],[75.98722,11.89275],[75.98819,11.89155],[75.98877,11.89144],[75.98945,11.89178],[75.99042,11.89275],[75.99105,11.89241],[75.99173,11.89155],[75.99231,11.89121],[75.99345,11.89092],[75.99368,11.89046],[75.99482,11.88978],[75.99465,11.88869],[75.99463,11.88867]]]}},{"type":"Feature","properties":{"class":"Medium Hazard Zone","fid":"126","zone":"Medium Hazard Zone","shapeArea":"0.000011","area":"0.130924"},"geometry":{"type":"Polygon","coordinates":[[[75.84144,11.73363],[75.84166,11.73406],[75.84176,11.73454],[75.84241,11.73513],[75.84268,11.73556],[75.8438,11.73647],[75.84375,11.73733],[75.84316,11.73733],[75.84284,11.73712],[75.84219,11.73615],[75.8415,11.73551],[75.83833,11.73545],[75.83736,11.73427],[75.83715,11.73357],[75.83843,11.73357],[75.84037,11.73331],[75.84085,11.73336],[75.84144,11.73363]]]}},{"type":"Feature","properties":{"class":"Medium Hazard Zone","fid":"127","zone":"Medium Hazard Zone","shapeArea":"0.000045","area":"0.546631"},"geometry":{"type":"Polygon","coordinates":[[[75.88735,11.74036],[75.88666,11.74091],[75.88471,11.74133],[75.88319,11.74133],[75.88256,11.74078],[75.88256,11.73932],[75.88194,11.73883],[75.88117,11.73904],[75.88159,11.73807],[75.88228,11.73793],[75.88326,11.73675],[75.88388,11.73675],[75.88402,11.73731],[75.88402,11.73994],[75.88485,11.74001],[75.88555,11.73953],[75.88652,11.73856],[75.88659,11.73675],[75.88679,11.73578],[75.88742,11.73529],[75.88992,11.73613],[75.89248,11.73613],[75.89255,11.73523],[75.89137,11.73446],[75.88957,11.73446],[75.88839,11.73411],[75.8877,11.73314],[75.88777,11.73252],[75.88888,11.73127],[75.88957,11.73065],[75.88992,11.73071],[75.89144,11.73176],[75.89179,11.73342],[75.89339,11.73411],[75.89401,11.7346],[75.89477,11.73502],[75.89498,11.73634],[75.89464,11.73724],[75.8938,11.73738],[75.88964,11.73745],[75.88853,11.73758],[75.88804,11.73856],[75.88804,11.73939],[75.88735,11.74036]]]}},{"type":"Feature","properties":{"class":"Medium Hazard Zone","fid":"128","zone":"Medium Hazard Zone","shapeArea":"0.000031","area":"0.378972"},"geometry":{"type":"Polygon","coordinates":[[[76.09865,11.62856],[76.09711,11.62907],[76.09688,11.62998],[76.09688,11.63061],[76.09665,11.63181],[76.09648,11.63232],[76.09579,11.63227],[76.09545,11.63164],[76.09597,11.62867],[76.09688,11.62753],[76.09893,11.62661],[76.10031,11.62616],[76.1011,11.62524],[76.10128,11.62376],[76.10242,11.6229],[76.10573,11.62422],[76.10659,11.62416],[76.10687,11.6249],[76.10727,11.62553],[76.10699,11.62604],[76.10624,11.62627],[76.10493,11.6261],[76.10333,11.62639],[76.10322,11.62707],[76.10196,11.62816],[76.10042,11.62816],[76.09865,11.62856]]]}},{"type":"Feature","properties":{"class":"Medium Hazard Zone","fid":"129","zone":"Medium Hazard Zone","shapeArea":"0.000006","area":"0.071345"},"geometry":{"type":"Polygon","coordinates":[[[76.13017,11.57674],[76.13109,11.57742],[76.13206,11.57885],[76.132,11.57948],[76.13154,11.57999],[76.13091,11.57971],[76.13023,11.57925],[76.12943,11.57828],[76.12886,11.57668],[76.12954,11.57657],[76.13017,11.57674]]]}},{"type":"Feature","properties":{"class":"Medium Hazard Zone","fid":"130","zone":"Medium Hazard Zone","shapeArea":"0.000049","area":"0.597537"},"geometry":{"type":"Polygon","coordinates":[[[76.02801,11.69793],[76.02767,11.69873],[76.02744,11.69959],[76.02692,11.69981],[76.02589,11.70004],[76.02492,11.69987],[76.02447,11.69907],[76.02475,11.6981],[76.02532,11.69684],[76.02704,11.69525],[76.02898,11.69296],[76.03406,11.69022],[76.03532,11.69033],[76.03561,11.69067],[76.03808,11.6905],[76.03879,11.69103],[76.03899,11.69139],[76.03846,11.69277],[76.03814,11.69324],[76.03673,11.6936],[76.03508,11.6936],[76.03431,11.69377],[76.03281,11.6943],[76.03124,11.69525],[76.02921,11.69701],[76.02848,11.69743],[76.02801,11.69793]]]}},{"type":"Feature","properties":{"class":"Medium Hazard Zone","fid":"131","zone":"Medium Hazard Zone","shapeArea":"0.000034","area":"0.419812"},"geometry":{"type":"Polygon","coordinates":[[[76.03092,11.7001],[76.03006,11.7001],[76.02926,11.69981],[76.02904,11.69873],[76.02932,11.69782],[76.03069,11.6969],[76.03206,11.69582],[76.03286,11.69639],[76.03383,11.69679],[76.03458,11.69679],[76.03555,11.69707],[76.03657,11.69622],[76.03812,11.6953],[76.03869,11.69427],[76.03932,11.69348],[76.04063,11.69285],[76.04109,11.69439],[76.03914,11.69673],[76.03692,11.69896],[76.03526,11.69936],[76.03406,11.69999],[76.03246,11.69999],[76.03092,11.7001]]]}},{"type":"Feature","properties":{"class":"Medium Hazard Zone","fid":"132","zone":"Medium Hazard Zone","shapeArea":"0.00001","area":"0.125449"},"geometry":{"type":"Polygon","coordinates":[[[76.01533,11.54806],[76.01567,11.54921],[76.0139,11.54938],[76.01259,11.54972],[76.01122,11.54972],[76.01019,11.54921],[76.00985,11.54858],[76.00973,11.54812],[76.01099,11.54795],[76.01402,11.54709],[76.01533,11.54806]]]}},{"type":"Feature","properties":{"class":"Medium Hazard Zone","fid":"133","zone":"Medium Hazard Zone","shapeArea":"0.000005","area":"0.064188"},"geometry":{"type":"Polygon","coordinates":[[[76.01607,11.54435],[76.01522,11.54561],[76.01402,11.54618],[76.01367,11.54612],[76.01276,11.54538],[76.01362,11.54435],[76.01516,11.54321],[76.01607,11.54435]]]}},{"type":"Feature","properties":{"class":"Medium Hazard Zone","fid":"134","zone":"Medium Hazard Zone","shapeArea":"0.000055","area":"0.678298"},"geometry":{"type":"Polygon","coordinates":[[[76.03218,11.54664],[76.03075,11.54709],[76.02881,11.54789],[76.02744,11.54692],[76.02687,11.54618],[76.02578,11.54652],[76.02424,11.54744],[76.02384,11.54744],[76.02281,11.54641],[76.0219,11.54761],[76.02121,11.54675],[76.01944,11.54664],[76.01779,11.54464],[76.01693,11.54401],[76.01659,11.54224],[76.01584,11.54092],[76.01613,11.54024],[76.01562,11.53978],[76.01156,11.53864],[76.01099,11.53813],[76.01145,11.53716],[76.01333,11.5367],[76.01544,11.5367],[76.01744,11.53778],[76.01847,11.53967],[76.0183,11.54144],[76.01773,11.5427],[76.01773,11.54361],[76.01967,11.54378],[76.02098,11.54378],[76.02133,11.54464],[76.0219,11.54464],[76.02235,11.54378],[76.02355,11.54395],[76.02401,11.54487],[76.02527,11.54475],[76.02704,11.54418],[76.02846,11.54589],[76.03212,11.54521],[76.03218,11.54664]]]}},{"type":"Feature","properties":{"class":"Medium Hazard Zone","fid":"135","zone":"Medium Hazard Zone","shapeArea":"0.00001","area":"0.120621"},"geometry":{"type":"Polygon","coordinates":[[[76.0336,11.51625],[76.03429,11.51797],[76.03509,11.51917],[76.03537,11.52025],[76.03537,11.52128],[76.03429,11.52282],[76.03286,11.52356],[76.03218,11.52328],[76.03389,11.52059],[76.03378,11.51877],[76.03252,11.51591],[76.0336,11.51625]]]}},{"type":"Feature","properties":{"class":"Medium Hazard Zone","fid":"136","zone":"Medium Hazard Zone","shapeArea":"0.000008","area":"0.099558"},"geometry":{"type":"Polygon","coordinates":[[[76.03098,11.51511],[76.03223,11.51671],[76.03223,11.5178],[76.03286,11.5186],[76.03149,11.51928],[76.03081,11.51837],[76.03018,11.51643],[76.02892,11.51431],[76.02955,11.51431],[76.03018,11.51397],[76.03098,11.51511]]]}},{"type":"Feature","properties":{"class":"Medium Hazard Zone","fid":"137","zone":"Medium Hazard Zone","shapeArea":"0.00005","area":"0.613176"},"geometry":{"type":"Polygon","coordinates":[[[76.00893,11.52729],[76.00879,11.52718],[76.00843,11.52731],[76.00825,11.5265],[76.00814,11.52511],[76.00825,11.52435],[76.01011,11.5225],[76.01052,11.52151],[76.01023,11.52052],[76.01127,11.51994],[76.01197,11.52006],[76.01209,11.52052],[76.01197,11.52122],[76.01209,11.52221],[76.01241,11.52223],[76.01261,11.5221],[76.01336,11.52204],[76.01394,11.52186],[76.01458,11.52122],[76.01522,11.52018],[76.01551,11.51844],[76.01586,11.51774],[76.01655,11.51722],[76.01888,11.51623],[76.01922,11.51577],[76.02027,11.51513],[76.02056,11.51513],[76.02108,11.51571],[76.02108,11.51664],[76.02091,11.51705],[76.02033,11.51774],[76.01963,11.51786],[76.01853,11.51821],[76.01777,11.51914],[76.01754,11.51977],[76.01754,11.52024],[76.01766,11.52093],[76.01783,11.52128],[76.01928,11.52134],[76.02009,11.52175],[76.02056,11.52227],[76.02097,11.52256],[76.02137,11.52308],[76.02137,11.52349],[76.01951,11.52337],[76.0187,11.52395],[76.01713,11.52378],[76.01684,11.52349],[76.01301,11.52371],[76.01226,11.52389],[76.01116,11.52453],[76.01058,11.52517],[76.01034,11.52592],[76.00965,11.52633],[76.00918,11.52679],[76.00901,11.5271],[76.00893,11.52729]]]}},{"type":"Feature","properties":{"class":"Medium Hazard Zone","fid":"138","zone":"Medium Hazard Zone","shapeArea":"0.000019","area":"0.233817"},"geometry":{"type":"Polygon","coordinates":[[[76.02305,11.51507],[76.02352,11.51589],[76.02398,11.51774],[76.02456,11.51844],[76.02532,11.52105],[76.02584,11.52151],[76.02601,11.52233],[76.02648,11.52297],[76.02654,11.52378],[76.02845,11.52506],[76.02857,11.52598],[76.0281,11.52627],[76.02752,11.52627],[76.02572,11.52517],[76.0252,11.52447],[76.02427,11.52204],[76.02369,11.52076],[76.02311,11.51977],[76.02242,11.5167],[76.02224,11.51496],[76.023,11.51438],[76.02305,11.51507]]]}},{"type":"Feature","properties":{"class":"Medium Hazard Zone","fid":"139","zone":"Medium Hazard Zone","shapeArea":"0.000112","area":"1.370965"},"geometry":{"type":"Polygon","coordinates":[[[75.94861,11.6378],[75.94738,11.63873],[75.94592,11.63926],[75.94495,11.6393],[75.94407,11.63837],[75.94293,11.63776],[75.94187,11.63789],[75.94103,11.63736],[75.9409,11.63626],[75.94072,11.63577],[75.93971,11.63591],[75.93953,11.6356],[75.93936,11.63357],[75.93839,11.63295],[75.93764,11.63273],[75.9375,11.63203],[75.93825,11.63145],[75.939,11.63128],[75.93909,11.63093],[75.93861,11.63013],[75.93649,11.63],[75.93596,11.62912],[75.93592,11.62687],[75.9364,11.62524],[75.93715,11.6244],[75.93825,11.62383],[75.93914,11.62321],[75.94002,11.62193],[75.94077,11.62193],[75.94262,11.6222],[75.94297,11.62321],[75.94178,11.62449],[75.94143,11.62537],[75.94178,11.62581],[75.9446,11.62572],[75.94509,11.6262],[75.94561,11.62709],[75.94561,11.62784],[75.94531,11.62863],[75.94376,11.63061],[75.94081,11.63242],[75.94046,11.63335],[75.94103,11.63352],[75.94218,11.63326],[75.94376,11.63207],[75.94535,11.63105],[75.94636,11.63149],[75.94575,11.63255],[75.94469,11.63321],[75.94478,11.63383],[75.94535,11.63423],[75.9461,11.63515],[75.94733,11.63537],[75.94777,11.63484],[75.9487,11.63454],[75.94949,11.63458],[75.94989,11.63533],[75.94989,11.63621],[75.94963,11.63656],[75.94861,11.6378]]]}},{"type":"Feature","properties":{"class":"Medium Hazard Zone","fid":"140","zone":"Medium Hazard Zone","shapeArea":"0.000045","area":"0.54526"},"geometry":{"type":"Polygon","coordinates":[[[75.91666,11.60054],[75.91711,11.60104],[75.91725,11.60232],[75.91643,11.60297],[75.91611,11.60338],[75.91538,11.60356],[75.91501,11.60379],[75.91478,11.60416],[75.91473,11.60489],[75.91455,11.60544],[75.91409,11.60553],[75.91295,11.6064],[75.9119,11.60704],[75.91162,11.60736],[75.91162,11.60786],[75.91181,11.60859],[75.91176,11.60892],[75.90965,11.60933],[75.90878,11.60933],[75.90782,11.6091],[75.90764,11.60704],[75.90851,11.60493],[75.91103,11.60379],[75.91139,11.60338],[75.91139,11.60264],[75.91094,11.60168],[75.91094,11.60086],[75.91121,11.6004],[75.91492,11.6004],[75.91556,11.60054],[75.9162,11.60049],[75.91666,11.60054]]]}},{"type":"Feature","properties":{"class":"Medium Hazard Zone","fid":"141","zone":"Medium Hazard Zone","shapeArea":"0.000204","area":"2.492186"},"geometry":{"type":"Polygon","coordinates":[[[75.93937,11.9285],[75.93823,11.9289],[75.93813,11.92924],[75.93794,11.92908],[75.93769,11.92904],[75.93632,11.92904],[75.93578,11.92882],[75.93524,11.92846],[75.93437,11.92814],[75.93257,11.92814],[75.9321,11.92868],[75.93153,11.92886],[75.93001,11.9289],[75.92936,11.92864],[75.92864,11.9281],[75.92684,11.92727],[75.92653,11.92592],[75.92698,11.92444],[75.92692,11.92279],[75.92675,11.9213],[75.92789,11.92033],[75.92958,11.91986],[75.92994,11.91939],[75.93041,11.91925],[75.93174,11.91856],[75.93218,11.91845],[75.93261,11.91809],[75.93373,11.91589],[75.93481,11.91442],[75.93527,11.9136],[75.93564,11.91341],[75.93672,11.91319],[75.93802,11.91272],[75.93852,11.9124],[75.93888,11.91186],[75.93888,11.91132],[75.93856,11.91108],[75.93856,11.90975],[75.93866,11.90917],[75.93892,11.9087],[75.94011,11.90816],[75.94011,11.90784],[75.94003,11.90741],[75.93953,11.90708],[75.93845,11.90672],[75.93802,11.90636],[75.93773,11.90554],[75.93885,11.90499],[75.94054,11.9047],[75.94119,11.90423],[75.94187,11.90398],[75.94253,11.90395],[75.94199,11.90468],[75.94202,11.90475],[75.94159,11.90501],[75.94119,11.90504],[75.94072,11.9054],[75.94079,11.90609],[75.94112,11.90692],[75.94151,11.90757],[75.94151,11.90811],[75.9414,11.90858],[75.94097,11.90912],[75.94072,11.90998],[75.94065,11.91128],[75.94043,11.912],[75.94007,11.91265],[75.93939,11.91308],[75.93693,11.91377],[75.93614,11.91413],[75.93574,11.91445],[75.93513,11.91532],[75.93441,11.91607],[75.93416,11.91687],[75.93326,11.91835],[75.93293,11.91964],[75.93232,11.92094],[75.93153,11.92195],[75.93023,11.92267],[75.9298,11.92309],[75.92907,11.92338],[75.92857,11.92424],[75.92882,11.92569],[75.92925,11.92626],[75.92983,11.9267],[75.9303,11.92688],[75.93119,11.92693],[75.93272,11.9267],[75.93419,11.92565],[75.93463,11.92494],[75.93617,11.92404],[75.93794,11.92342],[75.9392,11.92336],[75.93954,11.92324],[75.94131,11.92096],[75.94251,11.92026],[75.94319,11.91876],[75.94405,11.91728],[75.94462,11.91608],[75.94496,11.91448],[75.94462,11.91402],[75.94428,11.91299],[75.94428,11.91214],[75.94508,11.91122],[75.94673,11.91002],[75.94793,11.90957],[75.9493,11.90957],[75.95039,11.909],[75.95182,11.90865],[75.95313,11.90751],[75.95553,11.90711],[75.95644,11.90803],[75.95576,11.91037],[75.95541,11.91099],[75.95045,11.91362],[75.95016,11.91374],[75.94982,11.91374],[75.94908,11.91454],[75.94908,11.91636],[75.94942,11.91996],[75.94919,11.92145],[75.94793,11.92224],[75.94702,11.92304],[75.94416,11.92396],[75.94312,11.92349],[75.94245,11.92507],[75.94028,11.92787],[75.93937,11.9285]]]}},{"type":"Feature","properties":{"class":"Medium Hazard Zone","fid":"142","zone":"Medium Hazard Zone","shapeArea":"0.000049","area":"0.597181"},"geometry":{"type":"Polygon","coordinates":[[[76.22954,11.72821],[76.22913,11.72862],[76.22971,11.72992],[76.22925,11.73061],[76.22828,11.73083],[76.22708,11.73026],[76.22571,11.72906],[76.22417,11.72878],[76.22377,11.72769],[76.22377,11.72747],[76.22269,11.72769],[76.22211,11.72804],[76.22137,11.72821],[76.22069,11.72775],[76.22017,11.72701],[76.21966,11.72581],[76.21983,11.72484],[76.2204,11.72438],[76.22154,11.7241],[76.2228,11.72427],[76.22411,11.72482],[76.2256,11.7241],[76.22586,11.72449],[76.22691,11.72427],[76.22874,11.72307],[76.22988,11.7233],[76.23045,11.72478],[76.22977,11.72729],[76.22954,11.72821]]]}},{"type":"Feature","properties":{"class":"Medium Hazard Zone","fid":"143","zone":"Medium Hazard Zone","shapeArea":"0.000011","area":"0.130505"},"geometry":{"type":"Polygon","coordinates":[[[76.21795,11.7434],[76.21857,11.74448],[76.21875,11.74523],[76.21703,11.74602],[76.21623,11.74597],[76.21538,11.745],[76.21481,11.74403],[76.21515,11.74254],[76.21578,11.74203],[76.21675,11.74197],[76.21795,11.7434]]]}},{"type":"Feature","properties":{"class":"Medium Hazard Zone","fid":"144","zone":"Medium Hazard Zone","shapeArea":"0.000052","area":"0.641356"},"geometry":{"type":"Polygon","coordinates":[[[76.14251,11.75819],[76.14108,11.75819],[76.1384,11.75756],[76.13605,11.75728],[76.1352,11.75613],[76.13428,11.75602],[76.13343,11.75613],[76.13286,11.75585],[76.13246,11.75488],[76.13257,11.75436],[76.13326,11.75328],[76.13714,11.75425],[76.13914,11.75391],[76.13965,11.75356],[76.14074,11.75305],[76.14319,11.75168],[76.14433,11.75185],[76.14605,11.75425],[76.14628,11.75493],[76.14622,11.75596],[76.14565,11.75682],[76.14285,11.75688],[76.14251,11.75819]]]}},{"type":"Feature","properties":{"class":"Medium Hazard Zone","fid":"145","zone":"Medium Hazard Zone","shapeArea":"0.000014","area":"0.169057"},"geometry":{"type":"Polygon","coordinates":[[[76.21389,11.75145],[76.21498,11.75219],[76.21549,11.75288],[76.2164,11.75362],[76.21481,11.75402],[76.21292,11.75265],[76.21241,11.75202],[76.21161,11.75042],[76.21349,11.74974],[76.21481,11.74888],[76.21629,11.74899],[76.21698,11.74997],[76.21646,11.75111],[76.2152,11.75111],[76.21452,11.75048],[76.21389,11.75145]]]}},{"type":"Feature","properties":{"class":"Medium Hazard Zone","fid":"146","zone":"Medium Hazard Zone","shapeArea":"0.000019","area":"0.228259"},"geometry":{"type":"Polygon","coordinates":[[[76.19887,11.82555],[76.19756,11.82595],[76.19659,11.82526],[76.1959,11.82503],[76.19442,11.82475],[76.19356,11.82543],[76.1923,11.82578],[76.19139,11.82595],[76.19111,11.82538],[76.19122,11.82475],[76.19179,11.824],[76.19219,11.824],[76.19333,11.82326],[76.19425,11.82206],[76.19647,11.82246],[76.19733,11.82303],[76.19864,11.8236],[76.19933,11.82452],[76.19887,11.82555]]]}},{"type":"Feature","properties":{"class":"Medium Hazard Zone","fid":"147","zone":"Medium Hazard Zone","shapeArea":"0.000056","area":"0.686319"},"geometry":{"type":"Polygon","coordinates":[[[76.03651,11.89767],[76.03656,11.89921],[76.0377,11.9011],[76.03673,11.9015],[76.03622,11.90161],[76.03382,11.9027],[76.03239,11.90115],[76.03171,11.89984],[76.03097,11.89916],[76.02977,11.89864],[76.02805,11.89818],[76.02685,11.89744],[76.02668,11.89636],[76.02771,11.89533],[76.02828,11.89504],[76.0284,11.89367],[76.02954,11.8927],[76.03119,11.89196],[76.03234,11.89105],[76.03479,11.89127],[76.03531,11.89179],[76.03593,11.89287],[76.03491,11.89333],[76.03376,11.89402],[76.03262,11.89413],[76.03154,11.89396],[76.03062,11.89447],[76.03165,11.89533],[76.03011,11.89664],[76.03011,11.8975],[76.03154,11.89767],[76.03268,11.89767],[76.03422,11.89727],[76.03645,11.8963],[76.03742,11.8963],[76.03776,11.89687],[76.03651,11.89767]]]}},{"type":"Feature","properties":{"class":"Medium Hazard Zone","fid":"148","zone":"Medium Hazard Zone","shapeArea":"0.000033","area":"0.403751"},"geometry":{"type":"Polygon","coordinates":[[[76.03262,11.89002],[76.03074,11.89059],[76.02788,11.89333],[76.0252,11.89493],[76.02377,11.89367],[76.0236,11.89253],[76.02371,11.88979],[76.02486,11.88933],[76.02743,11.88933],[76.03085,11.88779],[76.03159,11.88825],[76.03211,11.88928],[76.03262,11.89002]]]}},{"type":"Feature","properties":{"class":"Medium Hazard Zone","fid":"149","zone":"Medium Hazard Zone","shapeArea":"0.000023","area":"0.283277"},"geometry":{"type":"Polygon","coordinates":[[[76.04319,11.8786],[76.0445,11.87922],[76.04576,11.87968],[76.04661,11.88031],[76.0473,11.881],[76.04718,11.88214],[76.04656,11.88311],[76.04616,11.88425],[76.04513,11.88454],[76.04422,11.88431],[76.04336,11.88385],[76.04279,11.88311],[76.04273,11.88225],[76.04125,11.88025],[76.04204,11.87843],[76.04319,11.8786]]]}},{"type":"Feature","properties":{"class":"Medium Hazard Zone","fid":"150","zone":"Medium Hazard Zone","shapeArea":"0.000461","area":"5.630349"},"geometry":{"type":"Polygon","coordinates":[[[75.96957,11.89665],[75.96783,11.89692],[75.96739,11.89739],[75.96713,11.89818],[75.96674,11.89866],[75.96643,11.89944],[75.96643,11.90057],[75.96626,11.9011],[75.96622,11.90179],[75.96547,11.90171],[75.96472,11.90137],[75.96387,11.90063],[75.96341,11.89994],[75.96295,11.89875],[75.96244,11.89806],[75.96245,11.89796],[75.96358,11.89783],[75.96444,11.89747],[75.96607,11.89642],[75.96657,11.89653],[75.96715,11.89649],[75.96823,11.89606],[75.96873,11.89556],[75.97064,11.89228],[75.97147,11.89188],[75.9723,11.89173],[75.974,11.89173],[75.97443,11.89224],[75.97548,11.89264],[75.97587,11.89292],[75.97656,11.89314],[75.97905,11.89328],[75.97969,11.89318],[75.98038,11.89325],[75.98092,11.8931],[75.98114,11.89253],[75.98287,11.89253],[75.98355,11.89242],[75.98384,11.89184],[75.98384,11.89123],[75.98341,11.88961],[75.98341,11.88885],[75.98391,11.88849],[75.98459,11.88849],[75.98485,11.88809],[75.98507,11.88759],[75.98524,11.8858],[75.98614,11.88567],[75.98888,11.8847],[75.98945,11.8848],[75.98945,11.88454],[75.98973,11.88394],[75.99102,11.88402],[75.9921,11.88395],[75.99332,11.88301],[75.99368,11.88254],[75.99469,11.8816],[75.99549,11.88103],[75.9957,11.88002],[75.9961,11.87897],[75.99711,11.87807],[75.99779,11.87785],[75.99808,11.87742],[75.99888,11.87735],[75.99978,11.87742],[76.00219,11.87814],[76.00313,11.87879],[76.00356,11.87894],[76.00562,11.87883],[76.00598,11.87865],[76.00695,11.87757],[76.00756,11.87713],[76.00818,11.87605],[76.00893,11.87573],[76.0098,11.87482],[76.01052,11.87464],[76.01149,11.87403],[76.01323,11.87328],[76.01498,11.87329],[76.0164,11.87351],[76.01697,11.87283],[76.01791,11.87322],[76.01816,11.87414],[76.01824,11.87508],[76.01896,11.87569],[76.02159,11.8767],[76.02231,11.8767],[76.02516,11.87565],[76.02628,11.87479],[76.02703,11.87464],[76.02793,11.87389],[76.02858,11.87371],[76.03136,11.87374],[76.03241,11.87353],[76.03349,11.87313],[76.03417,11.87259],[76.03471,11.87133],[76.03539,11.87053],[76.03571,11.87053],[76.03696,11.86996],[76.04027,11.86888],[76.0413,11.86962],[76.04199,11.87036],[76.04125,11.87139],[76.04062,11.87173],[76.03822,11.87219],[76.03616,11.8735],[76.03462,11.87356],[76.03416,11.87396],[76.03405,11.8743],[76.03474,11.87579],[76.03542,11.87659],[76.03713,11.87727],[76.03721,11.87759],[76.038,11.87757],[76.03828,11.87793],[76.03846,11.87847],[76.03846,11.87897],[76.03803,11.87951],[76.03706,11.87962],[76.03615,11.87933],[76.03522,11.87861],[76.03446,11.87839],[76.03406,11.87854],[76.03363,11.87958],[76.03313,11.88002],[76.03248,11.88038],[76.03201,11.88038],[76.031,11.88023],[76.02992,11.8793],[76.02916,11.87904],[76.02862,11.87901],[76.02811,11.87933],[76.02797,11.88009],[76.02747,11.88164],[76.02693,11.88256],[76.02628,11.88268],[76.02494,11.88153],[76.024,11.88142],[76.02267,11.88171],[76.02112,11.88265],[76.01813,11.88561],[76.01755,11.88586],[76.0173,11.88579],[76.01687,11.8851],[76.01676,11.88395],[76.0169,11.88272],[76.01802,11.88103],[76.01827,11.88041],[76.01838,11.87948],[76.01791,11.87872],[76.01701,11.87814],[76.01582,11.87767],[76.01532,11.87713],[76.01427,11.87692],[76.01258,11.87699],[76.01135,11.87728],[76.01099,11.87749],[76.01074,11.87811],[76.01074,11.87883],[76.01088,11.87937],[76.01146,11.88034],[76.01167,11.88088],[76.01171,11.88189],[76.01139,11.88243],[76.01092,11.88258],[76.00843,11.88254],[76.00789,11.88283],[76.00684,11.88319],[76.00511,11.88315],[76.00457,11.88337],[76.00399,11.88398],[76.00399,11.88499],[76.00472,11.88618],[76.00681,11.88762],[76.0072,11.88827],[76.0072,11.88975],[76.00655,11.89076],[76.00619,11.89109],[76.00432,11.89217],[76.00349,11.89285],[76.0032,11.89332],[76.00288,11.89419],[76.0028,11.89473],[76.00237,11.89571],[76.00161,11.89555],[76.00059,11.89509],[76.00013,11.89458],[76.00001,11.89286],[75.9999,11.89201],[75.99967,11.89138],[75.99974,11.89116],[75.99956,11.89006],[76.0,11.88943],[76.00105,11.88843],[76.00204,11.88843],[76.00329,11.88858],[76.00458,11.88853],[76.00483,11.88838],[76.00483,11.88798],[76.00388,11.88754],[76.00339,11.8875],[76.00239,11.88689],[75.99991,11.8858],[75.99734,11.88577],[75.99593,11.885],[75.99464,11.8848],[75.99379,11.8848],[75.99349,11.88465],[75.99368,11.88557],[75.99425,11.88683],[75.9942,11.88822],[75.99465,11.88869],[75.99482,11.88978],[75.99368,11.89046],[75.99345,11.89092],[75.99231,11.89121],[75.99173,11.89155],[75.99105,11.89241],[75.99042,11.89275],[75.98945,11.89178],[75.98877,11.89144],[75.98819,11.89155],[75.98722,11.89275],[75.98597,11.89286],[75.98488,11.89263],[75.98408,11.89389],[75.98214,11.89509],[75.9802,11.8952],[75.9774,11.8952],[75.97677,11.89532],[75.97403,11.89686],[75.97346,11.89698],[75.97027,11.89652],[75.96957,11.89665]]]}},{"type":"Feature","properties":{"class":"Medium Hazard Zone","fid":"151","zone":"Medium Hazard Zone","shapeArea":"0.000023","area":"0.281048"},"geometry":{"type":"Polygon","coordinates":[[[76.02097,11.83107],[76.02006,11.83164],[76.018,11.83199],[76.01669,11.83284],[76.01498,11.83347],[76.01383,11.8333],[76.01315,11.83204],[76.01309,11.8309],[76.01281,11.8301],[76.01389,11.82959],[76.01463,11.83027],[76.01709,11.83039],[76.01789,11.83004],[76.01829,11.83004],[76.0184,11.82884],[76.01903,11.82839],[76.01994,11.82856],[76.02132,11.82953],[76.02177,11.8297],[76.02171,11.83033],[76.02097,11.83107]]]}},{"type":"Feature","properties":{"class":"Medium Hazard Zone","fid":"152","zone":"Medium Hazard Zone","shapeArea":"0.000032","area":"0.395874"},"geometry":{"type":"Polygon","coordinates":[[[76.01926,11.84181],[76.01932,11.84335],[76.0196,11.84438],[76.02012,11.84506],[76.01977,11.84586],[76.01937,11.84643],[76.01772,11.84792],[76.01669,11.84832],[76.01566,11.84792],[76.01515,11.84746],[76.01589,11.84723],[76.0176,11.84569],[76.01732,11.84409],[76.01743,11.84329],[76.018,11.84101],[76.0188,11.83998],[76.01994,11.83975],[76.02061,11.83942],[76.02166,11.83861],[76.02428,11.83724],[76.02566,11.83684],[76.02651,11.83678],[76.02708,11.83741],[76.0268,11.83793],[76.02617,11.83827],[76.02463,11.83964],[76.02394,11.83998],[76.02269,11.84032],[76.02199,11.84069],[76.02166,11.84129],[76.02086,11.84152],[76.02006,11.84147],[76.01926,11.84181]]]}},{"type":"Feature","properties":{"class":"Medium Hazard Zone","fid":"153","zone":"Medium Hazard Zone","shapeArea":"0.000014","area":"0.166623"},"geometry":{"type":"Polygon","coordinates":[[[76.03679,11.83496],[76.03691,11.83627],[76.03673,11.83718],[76.03571,11.83741],[76.03474,11.83787],[76.03348,11.83798],[76.03234,11.83775],[76.03171,11.83741],[76.03108,11.83593],[76.03211,11.83558],[76.03605,11.83467],[76.03679,11.83496]]]}},{"type":"Feature","properties":{"class":"Medium Hazard Zone","fid":"154","zone":"Medium Hazard Zone","shapeArea":"0.000013","area":"0.157662"},"geometry":{"type":"Polygon","coordinates":[[[76.04461,11.82879],[76.04467,11.82953],[76.04187,11.82982],[76.04113,11.83039],[76.04033,11.83067],[76.03999,11.83102],[76.0397,11.83153],[76.0389,11.83176],[76.03788,11.83113],[76.03805,11.82959],[76.03896,11.8289],[76.03987,11.82856],[76.04142,11.82845],[76.04239,11.8281],[76.04387,11.82805],[76.04461,11.82879]]]}},{"type":"Feature","properties":{"class":"Medium Hazard Zone","fid":"155","zone":"Medium Hazard Zone","shapeArea":"0.000016","area":"0.189688"},"geometry":{"type":"Polygon","coordinates":[[[76.04353,11.8076],[76.0441,11.80869],[76.0441,11.80949],[76.04364,11.81],[76.04244,11.81097],[76.04062,11.81137],[76.03999,11.8116],[76.03976,11.81223],[76.03822,11.81228],[76.03828,11.81177],[76.03799,11.81131],[76.03799,11.81068],[76.03845,11.81057],[76.03913,11.80989],[76.04142,11.80812],[76.04244,11.80754],[76.04353,11.8076]]]}},{"type":"Feature","properties":{"class":"Medium Hazard Zone","fid":"156","zone":"Medium Hazard Zone","shapeArea":"0.000018","area":"0.220777"},"geometry":{"type":"Polygon","coordinates":[[[76.05232,11.87727],[76.0525,11.87847],[76.0525,11.87916],[76.05204,11.87938],[76.05175,11.88024],[76.05141,11.88081],[76.05107,11.8811],[76.05101,11.88201],[76.05021,11.8831],[76.04907,11.88293],[76.04838,11.8827],[76.04901,11.88241],[76.04895,11.88098],[76.04816,11.88064],[76.04861,11.87921],[76.04873,11.87847],[76.0493,11.8771],[76.05095,11.87676],[76.05187,11.8767],[76.05232,11.87727]]]}},{"type":"Feature","properties":{"class":"Medium Hazard Zone","fid":"157","zone":"Medium Hazard Zone","shapeArea":"0.000017","area":"0.21007"},"geometry":{"type":"Polygon","coordinates":[[[76.05609,11.87767],[76.05764,11.87887],[76.05826,11.87996],[76.05901,11.88098],[76.05689,11.88184],[76.05586,11.88184],[76.05547,11.88173],[76.05449,11.88167],[76.05449,11.88081],[76.05352,11.87916],[76.05387,11.8775],[76.05529,11.87647],[76.05609,11.87767]]]}},{"type":"Feature","properties":{"class":"Medium Hazard Zone","fid":"158","zone":"Medium Hazard Zone","shapeArea":"0.000031","area":"0.373355"},"geometry":{"type":"Polygon","coordinates":[[[76.06203,11.88144],[76.06203,11.8819],[76.0618,11.88247],[76.06112,11.88258],[76.0606,11.88133],[76.0606,11.88024],[76.06112,11.87784],[76.06232,11.87836],[76.06449,11.87876],[76.06603,11.8787],[76.06894,11.87813],[76.0706,11.87801],[76.07208,11.87961],[76.07146,11.88001],[76.07054,11.88036],[76.06986,11.88047],[76.06843,11.88041],[76.06694,11.88093],[76.06569,11.88184],[76.06375,11.88184],[76.06238,11.88121],[76.06203,11.88144]]]}},{"type":"Feature","properties":{"class":"Medium Hazard Zone","fid":"159","zone":"Medium Hazard Zone","shapeArea":"0.000052","area":"0.6344"},"geometry":{"type":"Polygon","coordinates":[[[76.28467,11.79571],[76.28376,11.79702],[76.28256,11.79737],[76.27896,11.79737],[76.27645,11.79605],[76.27473,11.79571],[76.27279,11.79571],[76.27056,11.79605],[76.26817,11.79451],[76.26691,11.79286],[76.26714,11.79086],[76.26748,11.78932],[76.26839,11.78869],[76.26937,11.78983],[76.27085,11.79109],[76.27045,11.79274],[76.27114,11.7932],[76.27245,11.79308],[76.27428,11.79343],[76.27645,11.7936],[76.28102,11.79508],[76.28307,11.79508],[76.28467,11.79571]]]}},{"type":"Feature","properties":{"class":"Medium Hazard Zone","fid":"160","zone":"Medium Hazard Zone","shapeArea":"0.000035","area":"0.432682"},"geometry":{"type":"Polygon","coordinates":[[[76.27633,11.78617],[76.2773,11.78703],[76.27765,11.78857],[76.27719,11.78954],[76.27696,11.79074],[76.27525,11.79017],[76.27154,11.78994],[76.26937,11.78892],[76.26919,11.78869],[76.26954,11.78817],[76.26954,11.78703],[76.26999,11.78606],[76.27119,11.78532],[76.27296,11.78538],[76.27353,11.78475],[76.27473,11.78458],[76.27536,11.78515],[76.27633,11.78617]]]}},{"type":"Feature","properties":{"class":"Medium Hazard Zone","fid":"161","zone":"Medium Hazard Zone","shapeArea":"0.000039","area":"0.472669"},"geometry":{"type":"Polygon","coordinates":[[[76.29472,11.76162],[76.29335,11.76253],[76.29272,11.7619],[76.29067,11.76042],[76.28992,11.76013],[76.28918,11.76048],[76.28867,11.76133],[76.28872,11.76162],[76.28838,11.76185],[76.28513,11.76168],[76.2845,11.7607],[76.28507,11.75985],[76.2861,11.75728],[76.28781,11.75688],[76.29038,11.75734],[76.29164,11.75814],[76.29466,11.75882],[76.29523,11.75882],[76.29649,11.75945],[76.29472,11.76162]]]}},{"type":"Feature","properties":{"class":"Medium Hazard Zone","fid":"162","zone":"Medium Hazard Zone","shapeArea":"0.000012","area":"0.150665"},"geometry":{"type":"Polygon","coordinates":[[[76.28598,11.7635],[76.28604,11.76396],[76.28416,11.76487],[76.28296,11.76533],[76.28141,11.76556],[76.2801,11.76556],[76.27902,11.76527],[76.27896,11.76482],[76.28033,11.76345],[76.2825,11.76345],[76.28336,11.76327],[76.28433,11.76282],[76.28507,11.76265],[76.28598,11.7635]]]}},{"type":"Feature","properties":{"class":"Medium Hazard Zone","fid":"163","zone":"Medium Hazard Zone","shapeArea":"0.000041","area":"0.501403"},"geometry":{"type":"Polygon","coordinates":[[[76.28113,11.75842],[76.28153,11.75911],[76.28181,11.76002],[76.28113,11.76116],[76.2801,11.76162],[76.27719,11.76242],[76.27673,11.76173],[76.27696,11.76076],[76.27707,11.75962],[76.27485,11.75951],[76.27119,11.75882],[76.27022,11.75831],[76.26948,11.75722],[76.26954,11.75614],[76.26977,11.75574],[76.27051,11.75585],[76.27108,11.75631],[76.27222,11.75602],[76.27645,11.75751],[76.27805,11.75671],[76.27987,11.75654],[76.28096,11.75688],[76.28113,11.75842]]]}},{"type":"Feature","properties":{"class":"Medium Hazard Zone","fid":"164","zone":"Medium Hazard Zone","shapeArea":"0.000017","area":"0.203855"},"geometry":{"type":"Polygon","coordinates":[[[76.27462,11.75014],[76.27605,11.75111],[76.2769,11.75231],[76.27816,11.75362],[76.2785,11.75419],[76.27719,11.75448],[76.27553,11.75448],[76.27308,11.75265],[76.27233,11.75174],[76.27188,11.75105],[76.27188,11.74997],[76.27462,11.75014]]]}},{"type":"Feature","properties":{"class":"Medium Hazard Zone","fid":"165","zone":"Medium Hazard Zone","shapeArea":"0.000017","area":"0.205421"},"geometry":{"type":"Polygon","coordinates":[[[76.29501,11.75282],[76.29632,11.75282],[76.29718,11.75362],[76.29706,11.75448],[76.29678,11.75539],[76.29546,11.75614],[76.29375,11.75614],[76.29061,11.75568],[76.29078,11.75511],[76.29147,11.75374],[76.29227,11.75357],[76.29392,11.75282],[76.29501,11.75282]]]}},{"type":"Feature","properties":{"class":"Medium Hazard Zone","fid":"166","zone":"Medium Hazard Zone","shapeArea":"0.000038","area":"0.46706"},"geometry":{"type":"Polygon","coordinates":[[[76.25749,11.66973],[76.25583,11.67059],[76.25486,11.6715],[76.25343,11.67202],[76.25246,11.67345],[76.25195,11.67453],[76.25098,11.67459],[76.25029,11.67373],[76.25041,11.67133],[76.25098,11.6703],[76.25195,11.66928],[76.25846,11.66619],[76.25994,11.66619],[76.26114,11.66676],[76.26166,11.66796],[76.26063,11.6695],[76.25874,11.66939],[76.25749,11.66973]]]}},{"type":"Feature","properties":{"class":"Medium Hazard Zone","fid":"167","zone":"Medium Hazard Zone","shapeArea":"0.000033","area":"0.404837"},"geometry":{"type":"Polygon","coordinates":[[[75.81179,11.85317],[75.81168,11.85409],[75.80951,11.85437],[75.80911,11.85454],[75.80831,11.85392],[75.80711,11.85226],[75.80671,11.85146],[75.80836,11.85078],[75.80973,11.85043],[75.81093,11.85083],[75.81202,11.8518],[75.81282,11.85095],[75.81328,11.85072],[75.81556,11.85072],[75.81899,11.84889],[75.82076,11.84878],[75.82093,11.84969],[75.82064,11.85072],[75.81699,11.8522],[75.81602,11.85306],[75.81373,11.85249],[75.81225,11.85249],[75.81179,11.85317]]]}},{"type":"Feature","properties":{"class":"Medium Hazard Zone","fid":"168","zone":"Medium Hazard Zone","shapeArea":"0.000014","area":"0.173066"},"geometry":{"type":"Polygon","coordinates":[[[75.87943,11.80536],[75.87898,11.8057],[75.87828,11.80694],[75.87712,11.80755],[75.87535,11.80914],[75.87449,11.80909],[75.87518,11.80806],[75.87644,11.80686],[75.87724,11.80629],[75.87752,11.8056],[75.87781,11.804],[75.87849,11.80321],[75.87935,11.80321],[75.88112,11.80343],[75.88192,11.80423],[75.88232,11.8052],[75.88198,11.80543],[75.88091,11.80571],[75.88037,11.80562],[75.88006,11.80531],[75.87967,11.80531],[75.87943,11.80536]]]}},{"type":"Feature","properties":{"class":"Medium Hazard Zone","fid":"169","zone":"Medium Hazard Zone","shapeArea":"0.00001","area":"0.116737"},"geometry":{"type":"Polygon","coordinates":[[[75.88517,11.80195],[75.8854,11.80321],[75.88546,11.80475],[75.88512,11.8052],[75.88426,11.806],[75.88363,11.80578],[75.88363,11.80189],[75.8838,11.80109],[75.88483,11.80075],[75.88557,11.80086],[75.88729,11.80212],[75.88632,11.80258],[75.88563,11.80155],[75.88517,11.80195]]]}},{"type":"Feature","properties":{"class":"Medium Hazard Zone","fid":"170","zone":"Medium Hazard Zone","shapeArea":"0.000009","area":"0.109396"},"geometry":{"type":"Polygon","coordinates":[[[75.94308,11.82553],[75.94599,11.82553],[75.94668,11.82565],[75.94668,11.82713],[75.94651,11.82753],[75.94599,11.82765],[75.94514,11.8273],[75.94171,11.82708],[75.94137,11.82571],[75.94188,11.82553],[75.94308,11.82553]]]}},{"type":"Feature","properties":{"class":"Medium Hazard Zone","fid":"171","zone":"Medium Hazard Zone","shapeArea":"0.000044","area":"0.539537"},"geometry":{"type":"Polygon","coordinates":[[[75.92909,11.87904],[75.92817,11.87956],[75.92567,11.87842],[75.92321,11.87836],[75.9224,11.87803],[75.92228,11.87755],[75.92285,11.87674],[75.92516,11.87518],[75.92607,11.87515],[75.92606,11.87493],[75.92783,11.87499],[75.92892,11.87613],[75.9296,11.87642],[75.92995,11.87585],[75.93017,11.87459],[75.93034,11.87419],[75.9308,11.87419],[75.93223,11.8751],[75.93269,11.8739],[75.93349,11.87276],[75.93486,11.87276],[75.93543,11.87379],[75.93583,11.87527],[75.93514,11.87653],[75.934,11.87727],[75.93257,11.87802],[75.93063,11.8783],[75.9296,11.87796],[75.92909,11.87904]]]}},{"type":"Feature","properties":{"class":"Medium Hazard Zone","fid":"172","zone":"Medium Hazard Zone","shapeArea":"0.000069","area":"0.837989"},"geometry":{"type":"Polygon","coordinates":[[[75.93754,11.87973],[75.93703,11.87984],[75.93657,11.8807],[75.93634,11.88373],[75.93463,11.88378],[75.93394,11.88293],[75.93314,11.88161],[75.93326,11.88041],[75.93349,11.87967],[75.93531,11.8783],[75.93543,11.87704],[75.93714,11.8763],[75.9376,11.87596],[75.93828,11.87482],[75.93937,11.87373],[75.94045,11.87322],[75.94125,11.87328],[75.94291,11.87362],[75.94302,11.87413],[75.94291,11.87482],[75.94165,11.87596],[75.94394,11.87733],[75.94439,11.88041],[75.94422,11.88047],[75.94371,11.88144],[75.94319,11.88196],[75.94222,11.88258],[75.94097,11.88304],[75.9396,11.8831],[75.9388,11.88167],[75.93908,11.8807],[75.93874,11.88013],[75.93783,11.87967],[75.93754,11.87973]]]}},{"type":"Feature","properties":{"class":"Medium Hazard Zone","fid":"173","zone":"Medium Hazard Zone","shapeArea":"0.000194","area":"2.370772"},"geometry":{"type":"Polygon","coordinates":[[[75.95741,11.91859],[75.95901,11.92053],[75.95918,11.92099],[75.9581,11.92156],[75.95684,11.92207],[75.95599,11.92282],[75.95336,11.92379],[75.9513,11.92419],[75.94993,11.9231],[75.95028,11.9219],[75.95096,11.92047],[75.95079,11.91853],[75.95028,11.91739],[75.94959,11.91522],[75.95416,11.91271],[75.95513,11.91134],[75.9557,11.91088],[75.95673,11.91042],[75.95987,11.90934],[75.96107,11.90911],[75.96164,11.90934],[75.96135,11.91008],[75.96164,11.91037],[75.96352,11.9098],[75.96461,11.90985],[75.96569,11.91042],[75.96672,11.91065],[75.96844,11.91128],[75.96912,11.91208],[75.96998,11.91254],[75.97078,11.91351],[75.97169,11.91516],[75.97215,11.91551],[75.97238,11.91602],[75.97323,11.91653],[75.97306,11.91711],[75.97232,11.91813],[75.97089,11.9191],[75.96986,11.91888],[75.96946,11.9183],[75.96906,11.91796],[75.96786,11.91808],[75.96507,11.91853],[75.96398,11.91859],[75.96312,11.9199],[75.96147,11.91968],[75.96084,11.91853],[75.96073,11.91779],[75.95798,11.91773],[75.95741,11.91859]]]}},{"type":"Feature","properties":{"class":"Medium Hazard Zone","fid":"174","zone":"Medium Hazard Zone","shapeArea":"0.00003","area":"0.36976"},"geometry":{"type":"Polygon","coordinates":[[[75.9758,11.91014],[75.97397,11.91065],[75.97272,11.9106],[75.97226,11.90928],[75.97318,11.90843],[75.9738,11.90831],[75.97506,11.90865],[75.97592,11.9086],[75.97597,11.90728],[75.97609,11.907],[75.97729,11.90677],[75.9822,11.90648],[75.98357,11.90757],[75.9842,11.90837],[75.98237,11.90928],[75.98009,11.91008],[75.97792,11.91008],[75.9758,11.91014]]]}},{"type":"Feature","properties":{"class":"Medium Hazard Zone","fid":"175","zone":"Medium Hazard Zone","shapeArea":"0.00001","area":"0.122718"},"geometry":{"type":"Polygon","coordinates":[[[76.24633,11.6142],[76.24564,11.61431],[76.24564,11.613],[76.24604,11.61226],[76.24667,11.61186],[76.24804,11.61146],[76.24935,11.6114],[76.25061,11.61203],[76.25027,11.61311],[76.24947,11.61397],[76.2473,11.61363],[76.24633,11.6142]]]}},{"type":"Feature","properties":{"class":"Medium Hazard Zone","fid":"176","zone":"Medium Hazard Zone","shapeArea":"0.000015","area":"0.188808"},"geometry":{"type":"Polygon","coordinates":[[[76.24878,11.60735],[76.24947,11.60746],[76.24998,11.60826],[76.24918,11.60952],[76.24856,11.6102],[76.24639,11.61077],[76.2449,11.61049],[76.24439,11.60992],[76.24427,11.60917],[76.24541,11.60763],[76.24787,11.60672],[76.24878,11.60735]]]}},{"type":"Feature","properties":{"class":"Medium Hazard Zone","fid":"177","zone":"Medium Hazard Zone","shapeArea":"0.000024","area":"0.291307"},"geometry":{"type":"Polygon","coordinates":[[[75.94488,11.82101],[75.94472,11.82138],[75.94419,11.82164],[75.94393,11.82201],[75.94388,11.82244],[75.94361,11.82302],[75.9425,11.82297],[75.94213,11.8227],[75.94234,11.82043],[75.94271,11.81905],[75.94345,11.81852],[75.94388,11.81847],[75.94589,11.81852],[75.94599,11.81873],[75.94636,11.81884],[75.94668,11.81879],[75.94705,11.8172],[75.94795,11.81683],[75.94853,11.81715],[75.94848,11.81842],[75.94827,11.819],[75.9479,11.81953],[75.9479,11.82016],[75.94811,11.82059],[75.94853,11.82106],[75.94853,11.8226],[75.94811,11.82291],[75.94726,11.82291],[75.94679,11.82233],[75.94626,11.82201],[75.94583,11.82149],[75.94578,11.82096],[75.94536,11.8208],[75.94488,11.82101]]]}},{"type":"Feature","properties":{"class":"Medium Hazard Zone","fid":"178","zone":"Medium Hazard Zone","shapeArea":"0.000065","area":"0.788376"},"geometry":{"type":"Polygon","coordinates":[[[75.95961,11.86494],[75.95984,11.86531],[75.95987,11.86562],[75.9596,11.86618],[75.95934,11.86628],[75.95853,11.86615],[75.95816,11.86552],[75.95747,11.86552],[75.95652,11.86594],[75.9563,11.86647],[75.95705,11.86732],[75.95832,11.86822],[75.95917,11.86923],[75.9598,11.8705],[75.9606,11.87145],[75.96118,11.87235],[75.96102,11.87304],[75.96054,11.87389],[75.96033,11.87474],[75.96054,11.87553],[75.96107,11.87612],[75.96224,11.87691],[75.96205,11.87779],[75.95997,11.87813],[75.95953,11.87906],[75.95931,11.87924],[75.95942,11.87952],[75.96023,11.87986],[75.96153,11.87994],[75.96255,11.88032],[75.96255,11.88078],[75.96204,11.88116],[75.96107,11.88133],[75.95896,11.88121],[75.95786,11.88024],[75.95778,11.87973],[75.95783,11.87809],[75.95831,11.87701],[75.95883,11.87649],[75.95909,11.87599],[75.95917,11.87544],[75.95879,11.87123],[75.95795,11.87039],[75.95761,11.86984],[75.9563,11.86883],[75.95442,11.86832],[75.95325,11.86755],[75.95305,11.86676],[75.9531,11.86478],[75.95356,11.8641],[75.95394,11.86389],[75.95415,11.86355],[75.95508,11.86153],[75.95613,11.86052],[75.95725,11.86052],[75.95731,11.86066],[75.95789,11.86077],[75.95853,11.86047],[75.95877,11.86242],[75.9587,11.86316],[75.95888,11.86383],[75.95881,11.86412],[75.95917,11.86469],[75.95961,11.86494]]]}},{"type":"Feature","properties":{"class":"Medium Hazard Zone","fid":"179","zone":"Medium Hazard Zone","shapeArea":"0.000094","area":"1.149969"},"geometry":{"type":"Polygon","coordinates":[[[75.96504,11.90456],[75.96624,11.90482],[75.96746,11.906],[75.96838,11.90674],[75.96889,11.90748],[75.96889,11.90827],[75.9683,11.90827],[75.96715,11.90802],[75.9656,11.90795],[75.96188,11.90615],[75.96131,11.90503],[75.96097,11.90488],[75.96044,11.90445],[75.95922,11.90459],[75.9577,11.90517],[75.9573,11.90553],[75.95673,11.90553],[75.95536,11.90575],[75.9524,11.90589],[75.95063,11.90545],[75.94858,11.9038],[75.94811,11.90423],[75.94829,11.90492],[75.94887,11.906],[75.94894,11.90723],[75.94869,11.90754],[75.94825,11.90741],[75.94783,11.90708],[75.94758,11.90665],[75.94467,11.90591],[75.94479,11.90542],[75.94505,11.90499],[75.94613,11.90445],[75.94652,11.90395],[75.94689,11.90322],[75.94689,11.90171],[75.94645,11.90121],[75.94584,11.90074],[75.94555,11.90009],[75.94555,11.89944],[75.94617,11.89881],[75.94765,11.89817],[75.95073,11.89789],[75.95199,11.89869],[75.95307,11.89954],[75.9545,11.9],[75.95456,11.90077],[75.95478,11.90149],[75.95511,11.90225],[75.95554,11.90268],[75.95637,11.90283],[75.95849,11.90268],[75.95968,11.90369],[75.96163,11.90373],[75.96246,11.90416],[75.96252,11.90446],[75.96301,11.90456],[75.96437,11.90456],[75.96504,11.90456]]]}},{"type":"Feature","properties":{"class":"Medium Hazard Zone","fid":"180","zone":"Medium Hazard Zone","shapeArea":"0.000028","area":"0.340468"},"geometry":{"type":"Polygon","coordinates":[[[76.22423,11.74357],[76.22474,11.74488],[76.2248,11.74682],[76.22457,11.74762],[76.22331,11.74997],[76.22132,11.75025],[76.22063,11.75008],[76.21989,11.7474],[76.21994,11.74505],[76.22103,11.74448],[76.22166,11.74403],[76.22211,11.74334],[76.22286,11.74271],[76.22383,11.7426],[76.22423,11.74357]]]}},{"type":"Feature","properties":{"class":"Medium Hazard Zone","fid":"181","zone":"Medium Hazard Zone","shapeArea":"0.000012","area":"0.149243"},"geometry":{"type":"Polygon","coordinates":[[[76.23933,11.76234],[76.24012,11.76244],[76.24065,11.76271],[76.24123,11.76339],[76.24139,11.76387],[76.24223,11.76413],[76.24228,11.76497],[76.24207,11.76529],[76.24017,11.76529],[76.2378,11.76497],[76.23733,11.76476],[76.23701,11.76429],[76.23691,11.76345],[76.23701,11.76292],[76.23775,11.76239],[76.23854,11.76234],[76.23933,11.76234]]]}},{"type":"Feature","properties":{"class":"Medium Hazard Zone","fid":"182","zone":"Medium Hazard Zone","shapeArea":"0.000012","area":"0.14442"},"geometry":{"type":"Polygon","coordinates":[[[76.24908,11.77011],[76.24871,11.77054],[76.24818,11.77075],[76.24765,11.77112],[76.24708,11.77185],[76.24639,11.77222],[76.24555,11.77196],[76.2437,11.77191],[76.24307,11.77164],[76.24312,11.77085],[76.24386,11.77011],[76.24476,11.76969],[76.24739,11.76948],[76.24802,11.76906],[76.24908,11.76917],[76.24908,11.77011]]]}},{"type":"Feature","properties":{"class":"Medium Hazard Zone","fid":"183","zone":"Medium Hazard Zone","shapeArea":"0.000045","area":"0.552948"},"geometry":{"type":"Polygon","coordinates":[[[76.2291,11.54002],[76.22927,11.54229],[76.22876,11.54263],[76.22743,11.54259],[76.22679,11.54212],[76.22683,11.54045],[76.2276,11.53899],[76.2285,11.53805],[76.22914,11.53792],[76.23056,11.53792],[76.2312,11.53771],[76.233,11.53681],[76.23394,11.53664],[76.23535,11.53664],[76.23604,11.53643],[76.23707,11.5357],[76.23797,11.53561],[76.23959,11.53476],[76.24041,11.53497],[76.24066,11.53561],[76.24006,11.53715],[76.23998,11.53797],[76.23959,11.53831],[76.23831,11.53904],[76.23767,11.53985],[76.23548,11.54036],[76.23445,11.54036],[76.2318,11.54002],[76.22996,11.53964],[76.2291,11.54002]]]}},{"type":"Feature","properties":{"class":"Medium Hazard Zone","fid":"184","zone":"Medium Hazard Zone","shapeArea":"0.000348","area":"4.261248"},"geometry":{"type":"Polygon","coordinates":[[[76.19772,11.50189],[76.19841,11.5029],[76.19879,11.50366],[76.20002,11.50505],[76.20133,11.50582],[76.20164,11.50574],[76.20258,11.5059],[76.20552,11.5056],[76.20783,11.5064],[76.20853,11.50675],[76.21156,11.5076],[76.21217,11.50768],[76.21495,11.50876],[76.21619,11.50884],[76.2172,11.50853],[76.21812,11.50853],[76.22076,11.51],[76.22246,11.51046],[76.22339,11.51015],[76.22502,11.50855],[76.22533,11.50862],[76.22541,11.50924],[76.22587,11.51062],[76.22617,11.511],[76.22694,11.51162],[76.22733,11.51254],[76.22733,11.51438],[76.22755,11.51553],[76.22831,11.5183],[76.229,11.52029],[76.23007,11.52237],[76.23077,11.52298],[76.23107,11.52352],[76.23238,11.52528],[76.23385,11.52652],[76.23422,11.52699],[76.23176,11.52619],[76.23026,11.52546],[76.22649,11.52529],[76.22533,11.52534],[76.22469,11.52529],[76.22409,11.52499],[76.22392,11.52452],[76.22384,11.52384],[76.22401,11.52302],[76.22516,11.52071],[76.22546,11.5199],[76.22542,11.51818],[76.22484,11.51773],[76.22357,11.51778],[76.22253,11.51796],[76.21859,11.5181],[76.21801,11.5176],[76.21349,11.51751],[76.21303,11.5171],[76.21267,11.51643],[76.21159,11.51353],[76.21113,11.51294],[76.21009,11.51292],[76.2094,11.51232],[76.20786,11.51215],[76.20585,11.51232],[76.20474,11.51305],[76.20412,11.51366],[76.20367,11.51484],[76.20313,11.51747],[76.20313,11.51905],[76.20272,11.51905],[76.20236,11.51846],[76.20236,11.51792],[76.202,11.51724],[76.20159,11.51692],[76.20096,11.51679],[76.19847,11.51756],[76.19775,11.51756],[76.19685,11.51724],[76.19639,11.51697],[76.19612,11.51647],[76.19612,11.51507],[76.19662,11.51376],[76.19716,11.51294],[76.19775,11.51231],[76.19802,11.51177],[76.19861,11.51141],[76.2006,11.51073],[76.20119,11.50969],[76.20096,11.50901],[76.19974,11.50883],[76.19924,11.50865],[76.19879,11.50774],[76.19856,11.50752],[76.19789,11.50734],[76.19743,11.50707],[76.19648,11.50689],[76.1956,11.50689],[76.19198,11.50718],[76.19056,11.50748],[76.18949,11.50782],[76.18838,11.50838],[76.18744,11.50971],[76.18675,11.51035],[76.18637,11.51099],[76.18474,11.51129],[76.18354,11.51125],[76.18354,11.51073],[76.18397,11.50932],[76.18453,11.50855],[76.18521,11.50799],[76.18701,11.50555],[76.18915,11.5044],[76.19039,11.50414],[76.19279,11.5029],[76.1936,11.50277],[76.1966,11.50273],[76.19759,11.50243],[76.19772,11.50189]]]}},{"type":"Feature","properties":{"class":"Medium Hazard Zone","fid":"185","zone":"Medium Hazard Zone","shapeArea":"0.000025","area":"0.311642"},"geometry":{"type":"Polygon","coordinates":[[[76.02173,11.53681],[76.02081,11.53836],[76.0191,11.53784],[76.01773,11.5367],[76.01499,11.53561],[76.01362,11.53556],[76.01219,11.53567],[76.01025,11.53436],[76.01036,11.53293],[76.01133,11.53219],[76.01276,11.53236],[76.01373,11.5331],[76.0171,11.53304],[76.01693,11.53407],[76.01299,11.53379],[76.01293,11.53424],[76.01573,11.53464],[76.01807,11.53521],[76.02013,11.53647],[76.02224,11.53533],[76.02293,11.53573],[76.02173,11.53681]]]}},{"type":"Feature","properties":{"class":"Medium Hazard Zone","fid":"186","zone":"Medium Hazard Zone","shapeArea":"0.00001","area":"0.120206"},"geometry":{"type":"Polygon","coordinates":[[[76.02498,11.53934],[76.02435,11.54043],[76.02361,11.54226],[76.0231,11.54271],[76.02258,11.54288],[76.02167,11.54111],[76.02315,11.53877],[76.02464,11.53757],[76.02578,11.53723],[76.02498,11.53934]]]}},{"type":"Feature","properties":{"class":"Medium Hazard Zone","fid":"187","zone":"Medium Hazard Zone","shapeArea":"0.000358","area":"4.381333"},"geometry":{"type":"MultiPolygon","coordinates":[[[[76.17496,11.47163],[76.17392,11.47153],[76.1736,11.47129],[76.17357,11.47014],[76.1734,11.46923],[76.17257,11.46902],[76.17101,11.46949],[76.1702,11.46961],[76.16967,11.4694],[76.16925,11.46895],[76.1693,11.46791],[76.17019,11.46679],[76.17012,11.46543],[76.16984,11.46484],[76.16968,11.46471],[76.16991,11.46471],[76.17052,11.46494],[76.17145,11.46503],[76.17206,11.46526],[76.17236,11.46595],[76.17275,11.46642],[76.17336,11.46688],[76.17491,11.46667],[76.17661,11.46768],[76.17908,11.46846],[76.18,11.46931],[76.18046,11.46993],[76.18081,11.47014],[76.17918,11.47098],[76.17683,11.47149],[76.17541,11.47148],[76.17496,11.47163]]],[[[76.16784,11.47231],[76.16863,11.47296],[76.16873,11.47341],[76.1697,11.47501],[76.16977,11.47644],[76.16935,11.47665],[76.16875,11.4772],[76.16807,11.47761],[76.16735,11.47769],[76.16686,11.47712],[76.16727,11.47666],[76.16742,11.47632],[76.16742,11.47499],[76.16727,11.47449],[76.16661,11.47324],[76.16601,11.47257],[76.16532,11.47209],[76.16487,11.47188],[76.16465,11.47267],[76.16412,11.47263],[76.16367,11.47221],[76.16333,11.47103],[76.16123,11.47037],[76.15908,11.47007],[76.15839,11.46968],[76.15724,11.4694],[76.15658,11.4694],[76.15612,11.46924],[76.15548,11.46966],[76.15359,11.46961],[76.15165,11.46822],[76.15093,11.46881],[76.1505,11.46815],[76.15046,11.46769],[76.15016,11.46671],[76.15016,11.46629],[76.14993,11.46587],[76.14932,11.46553],[76.14898,11.46553],[76.14799,11.46621],[76.14757,11.46675],[76.14678,11.4683],[76.14583,11.46845],[76.14503,11.46845],[76.14446,11.46819],[76.14427,11.46781],[76.1434,11.46743],[76.14268,11.46732],[76.14169,11.46671],[76.14143,11.46515],[76.14143,11.46443],[76.14127,11.4639],[76.14029,11.46234],[76.1393,11.46094],[76.13779,11.46082],[76.13919,11.46026],[76.13972,11.45965],[76.14025,11.45881],[76.14215,11.45722],[76.14275,11.45566],[76.14283,11.45502],[76.14351,11.45475],[76.14439,11.45358],[76.14492,11.45316],[76.14568,11.45304],[76.14598,11.45342],[76.14678,11.45517],[76.14738,11.45676],[76.14795,11.45771],[76.14936,11.45931],[76.15034,11.45965],[76.15141,11.45969],[76.15201,11.45961],[76.15323,11.45915],[76.15376,11.45874],[76.15395,11.45813],[76.15399,11.45737],[76.15376,11.45574],[76.1541,11.45452],[76.15467,11.45392],[76.15623,11.45383],[76.15659,11.45402],[76.15712,11.45456],[76.15858,11.45557],[76.15889,11.45626],[76.15904,11.45772],[76.15942,11.45834],[76.16004,11.45842],[76.16062,11.45802],[76.16158,11.45999],[76.162,11.46048],[76.16211,11.46139],[76.16253,11.46189],[76.16317,11.46208],[76.16481,11.46227],[76.16526,11.46306],[76.16538,11.46363],[76.16572,11.46428],[76.16621,11.46466],[76.16667,11.46481],[76.1672,11.46515],[76.16788,11.46614],[76.16799,11.46675],[76.16796,11.46694],[76.16617,11.46701],[76.16488,11.4672],[76.16355,11.46754],[76.16014,11.46751],[76.15801,11.46621],[76.15687,11.46595],[76.15672,11.46652],[76.15744,11.46713],[76.15775,11.46754],[76.15888,11.46849],[76.15957,11.46872],[76.16173,11.46883],[76.16329,11.4688],[76.16416,11.46864],[76.16739,11.46861],[76.16856,11.46829],[76.16876,11.46859],[76.16876,11.46972],[76.16912,11.47084],[76.16995,11.47156],[76.17193,11.47282],[76.17301,11.47324],[76.17531,11.47327],[76.17639,11.47341],[76.17799,11.47431],[76.17799,11.47501],[76.17688,11.4755],[76.17179,11.47557],[76.17113,11.47536],[76.17037,11.47484],[76.16922,11.47303],[76.16888,11.47275],[76.16872,11.47238],[76.16856,11.47151],[76.16815,11.47071],[76.16708,11.47048],[76.16583,11.47056],[76.16519,11.47083],[76.16545,11.47121],[76.16602,11.47162],[76.16674,11.47162],[76.16731,11.47181],[76.16784,11.47231]]]]}},{"type":"Feature","properties":{"class":"Medium Hazard Zone","fid":"188","zone":"Medium Hazard Zone","shapeArea":"0.000031","area":"0.384218"},"geometry":{"type":"Polygon","coordinates":[[[76.18961,11.57268],[76.18902,11.57308],[76.18807,11.57304],[76.1873,11.57236],[76.1855,11.57236],[76.18473,11.57263],[76.184,11.57263],[76.18338,11.57211],[76.18341,11.57189],[76.18405,11.57134],[76.18432,11.57075],[76.18469,11.57034],[76.18464,11.56974],[76.18432,11.56943],[76.18391,11.56943],[76.18263,11.57006],[76.18185,11.57114],[76.18147,11.57114],[76.1812,11.57069],[76.18102,11.56992],[76.18066,11.56947],[76.1807,11.56892],[76.18097,11.56861],[76.18179,11.56843],[76.1831,11.56843],[76.1836,11.56856],[76.18446,11.56856],[76.18658,11.56807],[76.18726,11.56761],[76.18848,11.56739],[76.19038,11.56684],[76.19115,11.56639],[76.19178,11.56626],[76.19187,11.56657],[76.19155,11.56712],[76.19065,11.56761],[76.18984,11.56856],[76.18907,11.56974],[76.18848,11.56987],[76.18748,11.56974],[76.18613,11.56983],[76.1855,11.57055],[76.18586,11.57159],[76.18739,11.57164],[76.19065,11.57082],[76.19151,11.57091],[76.19201,11.57137],[76.19201,11.57209],[76.19133,11.57263],[76.19029,11.57263],[76.18961,11.57268]]]}},{"type":"Feature","properties":{"class":"Medium Hazard Zone","fid":"189","zone":"Medium Hazard Zone","shapeArea":"0.00005","area":"0.609677"},"geometry":{"type":"Polygon","coordinates":[[[76.1751,11.56454],[76.17487,11.56567],[76.17406,11.5664],[76.17389,11.56642],[76.17274,11.56576],[76.17243,11.56527],[76.17213,11.56521],[76.17152,11.56463],[76.17071,11.56441],[76.16898,11.56441],[76.16876,11.56404],[76.16876,11.56275],[76.1689,11.56232],[76.16917,11.56206],[76.16913,11.56142],[76.16845,11.56084],[76.16714,11.5607],[76.16605,11.56002],[76.16592,11.5598],[76.16456,11.55925],[76.16298,11.55898],[76.16293,11.55826],[76.16302,11.55726],[76.16356,11.55681],[76.16356,11.55378],[76.16388,11.55297],[76.16424,11.55274],[76.16506,11.55265],[76.16542,11.55301],[76.16555,11.5545],[76.1661,11.55536],[76.16632,11.55613],[76.16632,11.5574],[76.16659,11.55817],[76.16718,11.5583],[76.16809,11.55826],[76.16886,11.55753],[76.16944,11.55681],[76.17008,11.55668],[76.17035,11.55717],[76.17066,11.55853],[76.17107,11.55857],[76.17148,11.55898],[76.17148,11.56038],[76.1708,11.56224],[76.17229,11.56237],[76.17265,11.56278],[76.17261,11.56341],[76.17283,11.56423],[76.17351,11.56418],[76.17401,11.56359],[76.17446,11.56341],[76.1751,11.56346],[76.1751,11.56454]]]}},{"type":"Feature","properties":{"class":"Medium Hazard Zone","fid":"190","zone":"Medium Hazard Zone","shapeArea":"0.000021","area":"0.261141"},"geometry":{"type":"Polygon","coordinates":[[[75.96497,11.58833],[75.96375,11.58804],[75.9634,11.58775],[75.9634,11.58705],[75.96369,11.58623],[75.96381,11.5853],[75.9662,11.58332],[75.96684,11.58303],[75.968,11.58285],[75.96917,11.58332],[75.96934,11.58419],[75.9687,11.58443],[75.96701,11.58547],[75.96684,11.58629],[75.96736,11.58658],[75.96957,11.58658],[75.96951,11.5871],[75.96899,11.58792],[75.96765,11.58815],[75.96625,11.58815],[75.96497,11.58833]]]}},{"type":"Feature","properties":{"class":"Medium Hazard Zone","fid":"191","zone":"Medium Hazard Zone","shapeArea":"0.000306","area":"3.736964"},"geometry":{"type":"Polygon","coordinates":[[[75.94657,11.93509],[75.94623,11.93537],[75.94607,11.93568],[75.94595,11.93611],[75.94524,11.9376],[75.94496,11.93895],[75.9444,11.93973],[75.9435,11.93983],[75.94222,11.93956],[75.94206,11.93937],[75.94192,11.9389],[75.94165,11.93862],[75.94231,11.93772],[75.94214,11.93213],[75.94261,11.93102],[75.94294,11.93055],[75.94341,11.93011],[75.94348,11.92907],[75.94366,11.92842],[75.94409,11.9282],[75.94492,11.92809],[75.94612,11.92817],[75.94589,11.92823],[75.9467,11.9279],[75.94803,11.92786],[75.94944,11.92739],[75.95322,11.92667],[75.95571,11.92598],[75.95935,11.9257],[75.96065,11.9253],[75.9618,11.92433],[75.96274,11.92397],[75.96415,11.92397],[75.9649,11.92382],[75.96671,11.92317],[75.96764,11.9231],[75.96708,11.92364],[75.96609,11.9242],[75.96469,11.92537],[75.96447,11.92595],[75.96397,11.92638],[75.96353,11.92696],[75.96216,11.92743],[75.95964,11.9275],[75.95587,11.92676],[75.95404,11.92676],[75.95176,11.92756],[75.95071,11.9278],[75.95037,11.92801],[75.94862,11.92802],[75.94775,11.92827],[75.94699,11.92878],[75.94624,11.92914],[75.94595,11.9295],[75.94595,11.93011],[75.94642,11.93033],[75.94771,11.92979],[75.94876,11.9295],[75.95027,11.9295],[75.95125,11.92972],[75.95157,11.93094],[75.95215,11.9313],[75.95305,11.9313],[75.95345,11.93138],[75.95402,11.9317],[75.95543,11.93181],[75.95655,11.93253],[75.95727,11.93285],[75.95795,11.93267],[75.95853,11.93228],[75.95936,11.93199],[75.96091,11.93228],[75.96152,11.93195],[75.96156,11.93123],[75.96178,11.93037],[75.96246,11.92946],[75.96387,11.92921],[75.96434,11.92925],[75.96513,11.929],[75.96549,11.92842],[75.96561,11.92629],[75.96598,11.92556],[75.96712,11.92436],[75.97128,11.92324],[75.97236,11.92323],[75.97329,11.92294],[75.97445,11.92211],[75.97459,11.92139],[75.97506,11.92092],[75.97603,11.92045],[75.97726,11.92002],[75.9782,11.91987],[75.97885,11.91987],[75.98061,11.92049],[75.98101,11.92088],[75.98133,11.92081],[75.9813,11.91933],[75.98115,11.91807],[75.98087,11.91771],[75.98242,11.91739],[75.98335,11.91681],[75.98368,11.91569],[75.98407,11.9149],[75.98465,11.91457],[75.98595,11.91425],[75.98703,11.91382],[75.98728,11.91353],[75.98793,11.91317],[75.98977,11.9131],[75.99031,11.91292],[75.99045,11.91265],[75.99105,11.91653],[75.99094,11.91699],[75.99035,11.91775],[75.98992,11.91804],[75.98599,11.91901],[75.9831,11.91897],[75.98227,11.91933],[75.98245,11.92027],[75.9831,11.92128],[75.98433,11.9224],[75.98508,11.92334],[75.98544,11.92352],[75.9857,11.92409],[75.98609,11.92438],[75.9862,11.92478],[75.98609,11.9255],[75.98555,11.92561],[75.98339,11.92572],[75.9826,11.92564],[75.98152,11.92525],[75.9813,11.92402],[75.98087,11.9233],[75.97996,11.9233],[75.97946,11.92348],[75.97816,11.92334],[75.97755,11.92344],[75.97744,11.92391],[75.97751,11.92517],[75.97791,11.92561],[75.97838,11.92647],[75.9787,11.92791],[75.97849,11.92802],[75.97683,11.9273],[75.97603,11.92662],[75.97423,11.92654],[75.97319,11.92672],[75.97304,11.92622],[75.97174,11.92687],[75.9712,11.92741],[75.96976,11.92755],[75.96951,11.92827],[75.96947,11.9317],[75.96908,11.93177],[75.96825,11.9322],[75.96767,11.93314],[75.96673,11.93357],[75.96626,11.93365],[75.96525,11.93365],[75.96122,11.93401],[75.95988,11.93444],[75.95923,11.93498],[75.95916,11.93534],[75.95819,11.93567],[75.95739,11.9361],[75.95653,11.9361],[75.95566,11.93581],[75.9553,11.93556],[75.95469,11.93541],[75.95393,11.93552],[75.95339,11.93743],[75.95285,11.93812],[75.95249,11.93787],[75.95191,11.93794],[75.95173,11.93823],[75.95011,11.93815],[75.9484,11.93779],[75.94764,11.9375],[75.94694,11.93636],[75.94712,11.93531],[75.94685,11.93506],[75.94657,11.93509]]]}},{"type":"Feature","properties":{"class":"Medium Hazard Zone","fid":"192","zone":"Medium Hazard Zone","shapeArea":"0.000182","area":"2.228106"},"geometry":{"type":"Polygon","coordinates":[[[76.02055,11.87076],[76.02034,11.871],[76.02023,11.87146],[76.01966,11.87174],[76.01703,11.87186],[76.01372,11.87174],[76.01357,11.87138],[76.01263,11.87138],[76.01069,11.8707],[76.00949,11.87133],[76.00887,11.87144],[76.00572,11.8727],[76.00523,11.87351],[76.00497,11.87349],[76.00392,11.87255],[76.0036,11.87205],[76.0036,11.87151],[76.00342,11.87097],[76.00338,11.87028],[76.00295,11.86967],[76.00234,11.86913],[76.00194,11.86852],[76.00194,11.86769],[76.00248,11.8665],[76.00342,11.86646],[76.00569,11.86657],[76.00645,11.86646],[76.00699,11.86599],[76.00724,11.8652],[76.00663,11.86304],[76.00663,11.86221],[76.00648,11.86148],[76.00648,11.8608],[76.0067,11.85987],[76.00881,11.85859],[76.01115,11.85899],[76.01343,11.85962],[76.01578,11.85937],[76.01588,11.85951],[76.01604,11.85934],[76.01618,11.85933],[76.01903,11.85968],[76.0204,11.86048],[76.02077,11.86079],[76.02088,11.86077],[76.02123,11.86037],[76.02182,11.86002],[76.02088,11.85933],[76.01967,11.85874],[76.01886,11.85877],[76.01846,11.8586],[76.01777,11.85711],[76.01812,11.85563],[76.01869,11.85483],[76.01954,11.85437],[76.02137,11.85466],[76.02183,11.8554],[76.02183,11.85797],[76.02237,11.85808],[76.02302,11.85853],[76.02326,11.85918],[76.02326,11.85982],[76.02307,11.86012],[76.02138,11.86102],[76.02029,11.86116],[76.01901,11.86167],[76.01842,11.86145],[76.01733,11.86145],[76.01481,11.86116],[76.0142,11.86116],[76.01304,11.86163],[76.01273,11.86188],[76.01263,11.86251],[76.01203,11.8633],[76.01198,11.86395],[76.01173,11.8643],[76.01114,11.8646],[76.01064,11.86499],[76.00985,11.86589],[76.00781,11.86658],[76.00647,11.86758],[76.00632,11.86852],[76.00676,11.86942],[76.00741,11.87001],[76.0085,11.87011],[76.01144,11.87011],[76.01397,11.87031],[76.01487,11.87021],[76.01501,11.86952],[76.01506,11.86798],[76.01521,11.86748],[76.01569,11.86663],[76.01655,11.86637],[76.01777,11.86637],[76.01822,11.86619],[76.01871,11.86557],[76.01959,11.86504],[76.02161,11.86497],[76.022,11.86515],[76.02319,11.86672],[76.0235,11.86672],[76.02385,11.8663],[76.02431,11.86613],[76.0248,11.86613],[76.02507,11.86644],[76.02577,11.86672],[76.02633,11.86658],[76.02654,11.86599],[76.02654,11.86539],[76.02682,11.8649],[76.02735,11.86438],[76.02784,11.86333],[76.02818,11.86295],[76.02848,11.86291],[76.03117,11.86296],[76.03271,11.86385],[76.0334,11.86455],[76.0347,11.86529],[76.03663,11.86658],[76.03743,11.86663],[76.03776,11.86682],[76.03765,11.86802],[76.03576,11.86916],[76.0346,11.86911],[76.0346,11.86689],[76.03424,11.86621],[76.03313,11.86567],[76.03262,11.86523],[76.03125,11.86487],[76.03039,11.8648],[76.02985,11.86502],[76.02938,11.86552],[76.02848,11.86682],[76.02732,11.86805],[76.02516,11.86927],[76.02433,11.86927],[76.02357,11.86902],[76.0226,11.86819],[76.0222,11.86808],[76.02177,11.86808],[76.0213,11.8683],[76.02054,11.86931],[76.02054,11.87053],[76.02055,11.87076]],[[76.01386,11.86076],[76.01416,11.86059],[76.01407,11.86057],[76.01386,11.86076]]]}},{"type":"Feature","properties":{"class":"Medium Hazard Zone","fid":"193","zone":"Medium Hazard Zone","shapeArea":"0.000093","area":"1.138109"},"geometry":{"type":"Polygon","coordinates":[[[76.00025,11.85979],[75.99979,11.85994],[75.99979,11.8598],[75.99916,11.85975],[75.99779,11.85889],[75.99722,11.85835],[75.99711,11.8577],[75.99711,11.85709],[75.99722,11.85665],[75.99754,11.8564],[75.99895,11.85651],[75.9996,11.85633],[75.99992,11.85604],[75.99992,11.85532],[75.99979,11.85477],[75.99979,11.85357],[76.00104,11.85386],[76.00327,11.85306],[76.00346,11.85307],[76.00316,11.85157],[76.00293,11.85089],[76.00333,11.8506],[76.00413,11.85037],[76.0053,11.85154],[76.00595,11.85117],[76.00732,11.85117],[76.00789,11.85209],[76.00806,11.85347],[76.01162,11.8537],[76.01229,11.85272],[76.01343,11.85152],[76.01486,11.8498],[76.01703,11.84935],[76.01806,11.85015],[76.01783,11.85186],[76.0172,11.85357],[76.01671,11.85416],[76.01703,11.85426],[76.01703,11.85477],[76.01509,11.85768],[76.01395,11.85786],[76.01184,11.85786],[76.01098,11.85763],[76.01077,11.85593],[76.0102,11.85518],[76.00947,11.85453],[76.00868,11.85427],[76.00782,11.85438],[76.00706,11.85463],[76.00544,11.85557],[76.0045,11.85665],[76.00399,11.85705],[76.00317,11.85831],[76.0027,11.85871],[76.00079,11.85957],[76.00025,11.85979]]]}},{"type":"Feature","properties":{"class":"Medium Hazard Zone","fid":"194","zone":"Medium Hazard Zone","shapeArea":"0.000037","area":"0.457561"},"geometry":{"type":"Polygon","coordinates":[[[75.88952,11.84197],[75.88871,11.84236],[75.88576,11.8429],[75.88459,11.84245],[75.88414,11.84182],[75.88465,11.8411],[75.88549,11.84097],[75.88654,11.84104],[75.88985,11.83983],[75.89102,11.83959],[75.89315,11.83938],[75.89543,11.83938],[75.89846,11.83995],[75.9012,11.84031],[75.90237,11.84034],[75.90408,11.8407],[75.90585,11.84076],[75.90756,11.84076],[75.90843,11.84055],[75.90913,11.8398],[75.90952,11.83971],[75.91096,11.83974],[75.91111,11.84049],[75.90979,11.84085],[75.90964,11.84128],[75.90964,11.84176],[75.90943,11.8423],[75.90913,11.84263],[75.90801,11.84263],[75.90684,11.84239],[75.90531,11.84242],[75.9024,11.84149],[75.90165,11.84116],[75.90054,11.84116],[75.89895,11.84085],[75.89822,11.84052],[75.89306,11.84058],[75.89144,11.84082],[75.88952,11.84197]]]}},{"type":"Feature","properties":{"class":"Medium Hazard Zone","fid":"195","zone":"Medium Hazard Zone","shapeArea":"0.000804","area":"9.841039"},"geometry":{"type":"Polygon","coordinates":[[[76.07703,11.55179],[76.07661,11.55259],[76.07603,11.55305],[76.07512,11.55402],[76.07392,11.55459],[76.07307,11.55602],[76.07152,11.55659],[76.0701,11.55625],[76.06861,11.55499],[76.0682,11.55453],[76.0682,11.55333],[76.06806,11.55255],[76.06763,11.55198],[76.06749,11.55124],[76.06749,11.54989],[76.06707,11.5495],[76.06611,11.54982],[76.06576,11.55028],[76.06551,11.55106],[76.06413,11.55134],[76.06338,11.55134],[76.06236,11.55177],[76.06175,11.55177],[76.06112,11.55152],[76.05917,11.55194],[76.05842,11.5518],[76.05803,11.55138],[76.05803,11.5506],[76.0586,11.54985],[76.05938,11.5495],[76.06005,11.54925],[76.06105,11.54918],[76.06246,11.54893],[76.06416,11.54939],[76.06476,11.54876],[76.0648,11.54787],[76.06469,11.54692],[76.06438,11.54603],[76.06441,11.54511],[76.06476,11.54426],[76.0648,11.54348],[76.06324,11.54341],[76.06306,11.54196],[76.06317,11.54011],[76.06232,11.5398],[76.06147,11.53987],[76.06087,11.54026],[76.06048,11.54185],[76.06048,11.54316],[76.06069,11.54557],[76.06062,11.5466],[76.05977,11.54723],[76.0591,11.54759],[76.05726,11.549],[76.05712,11.54895],[76.05701,11.54872],[76.05649,11.5482],[76.05602,11.54738],[76.05567,11.54634],[76.05567,11.54558],[76.05573,11.54483],[76.05672,11.54416],[76.05678,11.54363],[76.05666,11.54311],[76.05625,11.5427],[76.05565,11.54155],[76.05524,11.54009],[76.05534,11.53959],[76.05623,11.53885],[76.0568,11.53864],[76.05736,11.53853],[76.05864,11.5385],[76.05917,11.53821],[76.05942,11.53789],[76.05956,11.53708],[76.06002,11.53641],[76.0603,11.5358],[76.0603,11.53481],[76.06016,11.53435],[76.05977,11.53421],[76.05846,11.53421],[76.05825,11.53357],[76.05729,11.53272],[76.05644,11.53283],[76.05548,11.53336],[76.05481,11.53354],[76.05421,11.53329],[76.05378,11.53272],[76.05371,11.53166],[76.05393,11.53053],[76.05446,11.52957],[76.05456,11.52861],[76.05513,11.52748],[76.05524,11.52624],[76.05509,11.52528],[76.0541,11.52511],[76.05315,11.52539],[76.05223,11.52663],[76.05169,11.52762],[76.05099,11.52982],[76.04968,11.52985],[76.04906,11.52955],[76.04906,11.52932],[76.04842,11.52879],[76.04505,11.52885],[76.0447,11.52868],[76.04459,11.52641],[76.04494,11.52566],[76.0454,11.52496],[76.04563,11.52334],[76.04523,11.52231],[76.0443,11.52173],[76.04273,11.5219],[76.04238,11.52207],[76.04215,11.52172],[76.04215,11.52132],[76.04227,11.5208],[76.04314,11.51981],[76.04395,11.51917],[76.04575,11.5183],[76.04575,11.51743],[76.04459,11.51725],[76.04377,11.51731],[76.04348,11.51795],[76.04203,11.51923],[76.04076,11.51969],[76.04012,11.51969],[76.03989,11.51894],[76.03989,11.51818],[76.04,11.51755],[76.04047,11.51627],[76.0411,11.51575],[76.04221,11.51517],[76.04372,11.51511],[76.04424,11.51482],[76.04435,11.51429],[76.04412,11.51406],[76.04366,11.51406],[76.04227,11.51447],[76.04099,11.5147],[76.04006,11.5147],[76.03948,11.51447],[76.03936,11.51412],[76.03936,11.51366],[76.03977,11.51302],[76.04116,11.51209],[76.04186,11.51186],[76.04395,11.51186],[76.0443,11.51174],[76.04441,11.51151],[76.04441,11.5111],[76.04418,11.51041],[76.04372,11.51029],[76.04215,11.51052],[76.03983,11.51139],[76.03739,11.51192],[76.03675,11.51186],[76.03675,11.50913],[76.03693,11.50808],[76.03762,11.50629],[76.03809,11.50565],[76.03867,11.50507],[76.03925,11.50495],[76.04023,11.50495],[76.04081,11.5053],[76.04116,11.50629],[76.04256,11.50762],[76.04465,11.50756],[76.04517,11.50739],[76.04575,11.5071],[76.04678,11.50612],[76.04726,11.50673],[76.04842,11.50673],[76.04935,11.50662],[76.05134,11.50789],[76.05183,11.50885],[76.05262,11.51004],[76.05355,11.51081],[76.05463,11.5114],[76.05596,11.5114],[76.05681,11.5112],[76.0582,11.51115],[76.06064,11.51183],[76.0614,11.51236],[76.06259,11.51361],[76.06268,11.51483],[76.06231,11.51503],[76.06166,11.51517],[76.06112,11.51517],[76.06004,11.51486],[76.05783,11.51452],[76.05633,11.51418],[76.0554,11.51406],[76.05285,11.51409],[76.05205,11.51443],[76.05197,11.51539],[76.05211,11.51596],[76.05372,11.51743],[76.05429,11.51754],[76.05548,11.51837],[76.0577,11.51917],[76.0597,11.52037],[76.0601,11.52151],[76.06084,11.52249],[76.06187,11.52294],[76.06265,11.5229],[76.06469,11.5241],[76.06531,11.52422],[76.06758,11.5243],[76.06798,11.52467],[76.06795,11.52507],[76.06744,11.52569],[76.06738,11.52668],[76.06764,11.52796],[76.06801,11.52852],[76.06818,11.52954],[76.06925,11.53028],[76.07081,11.53028],[76.07141,11.53011],[76.07209,11.52966],[76.07234,11.52918],[76.07296,11.52918],[76.07413,11.52988],[76.07432,11.53039],[76.07602,11.53133],[76.07707,11.53178],[76.07875,11.53187],[76.07945,11.53227],[76.07954,11.5332],[76.07889,11.53357],[76.07656,11.53329],[76.07617,11.53346],[76.0756,11.53394],[76.07503,11.53524],[76.07515,11.53674],[76.07529,11.53745],[76.0756,11.53788],[76.07625,11.53844],[76.07716,11.53875],[76.07787,11.53881],[76.07877,11.53904],[76.08016,11.54003],[76.08045,11.54051],[76.08087,11.54085],[76.08127,11.54156],[76.08147,11.54224],[76.08149,11.54357],[76.08169,11.54409],[76.08127,11.54398],[76.079,11.54398],[76.07844,11.54421],[76.07767,11.54427],[76.07703,11.54468],[76.07622,11.54543],[76.075,11.54607],[76.07436,11.54654],[76.07351,11.5474],[76.07134,11.54839],[76.07065,11.54886],[76.06972,11.54932],[76.06885,11.55013],[76.06885,11.55077],[76.06908,11.55112],[76.06949,11.55124],[76.07024,11.55112],[76.07094,11.55077],[76.07176,11.55017],[76.0722,11.55042],[76.07334,11.55067],[76.07465,11.55067],[76.07582,11.55039],[76.07624,11.55017],[76.07667,11.54964],[76.07723,11.54961],[76.07763,11.54978],[76.07735,11.54996],[76.07703,11.55179]],[[76.06692,11.53347],[76.06713,11.53311],[76.06685,11.53279],[76.06692,11.53347]]]}},{"type":"Feature","properties":{"class":"Medium Hazard Zone","fid":"196","zone":"Medium Hazard Zone","shapeArea":"0.001552","area":"18.993996"},"geometry":{"type":"Polygon","coordinates":[[[76.12857,11.53093],[76.12857,11.53181],[76.12822,11.53198],[76.12776,11.53181],[76.12723,11.53134],[76.12555,11.5303],[76.12456,11.53012],[76.12329,11.53009],[76.12329,11.52949],[76.12238,11.52821],[76.12154,11.52767],[76.12124,11.52653],[76.1209,11.52576],[76.12077,11.52418],[76.1206,11.52377],[76.11959,11.5234],[76.11751,11.5234],[76.1167,11.52307],[76.1162,11.52273],[76.11542,11.52125],[76.11475,11.52091],[76.11451,11.52021],[76.11451,11.51964],[76.11488,11.51923],[76.11505,11.51843],[76.11505,11.51779],[76.11418,11.51611],[76.11344,11.5155],[76.11135,11.51577],[76.10921,11.51652],[76.10845,11.5167],[76.10769,11.51765],[76.10738,11.51833],[76.10702,11.51882],[76.10663,11.51921],[76.10557,11.51964],[76.10511,11.51943],[76.10483,11.51776],[76.10465,11.5173],[76.10415,11.51712],[76.10313,11.51705],[76.10266,11.51716],[76.10196,11.51758],[76.10061,11.51765],[76.09955,11.51691],[76.09962,11.51645],[76.10058,11.51574],[76.10224,11.51542],[76.10305,11.51496],[76.10355,11.51419],[76.10355,11.51363],[76.10412,11.51317],[76.10497,11.5132],[76.10702,11.51405],[76.1084,11.51404],[76.11,11.51457],[76.11152,11.51457],[76.11205,11.51447],[76.11244,11.51408],[76.11226,11.51298],[76.11241,11.51241],[76.11195,11.51188],[76.11163,11.51126],[76.11148,11.51114],[76.11088,11.51108],[76.11025,11.51083],[76.1095,11.5107],[76.10844,11.5102],[76.108,11.50831],[76.10721,11.50674],[76.10688,11.5063],[76.10661,11.50566],[76.10628,11.50392],[76.10573,11.50317],[76.10498,11.50306],[76.10434,11.50312],[76.10415,11.50337],[76.10423,11.50469],[76.10478,11.50561],[76.10481,11.50691],[76.10462,11.50708],[76.10415,11.50701],[76.10362,11.50668],[76.10232,11.50624],[76.10148,11.50621],[76.101,11.50591],[76.09998,11.50432],[76.09895,11.50348],[76.09763,11.50331],[76.09754,11.50298],[76.09767,11.50258],[76.10056,11.50155],[76.10135,11.50137],[76.10155,11.50091],[76.10161,11.5],[76.10135,11.49926],[76.10146,11.49897],[76.10254,11.49934],[76.10591,11.49939],[76.10677,11.49923],[76.10716,11.49901],[76.10727,11.49872],[76.10713,11.49879],[76.10653,11.49858],[76.10461,11.49851],[76.10376,11.49738],[76.10369,11.49684],[76.10341,11.49631],[76.10277,11.4955],[76.10157,11.49507],[76.10075,11.49507],[76.09976,11.49327],[76.09909,11.49228],[76.09841,11.49199],[76.09771,11.49189],[76.0953,11.49189],[76.09487,11.49153],[76.09512,11.49086],[76.09632,11.49057],[76.09767,11.49057],[76.10026,11.49036],[76.10114,11.49008],[76.10114,11.4882],[76.10054,11.48749],[76.09962,11.48728],[76.09689,11.48726],[76.09675,11.48754],[76.09625,11.48807],[76.09434,11.48913],[76.09363,11.48991],[76.09257,11.4903],[76.09001,11.49063],[76.08871,11.48994],[76.08817,11.48947],[76.08771,11.48839],[76.08749,11.48716],[76.08756,11.48624],[76.08804,11.48571],[76.08834,11.48563],[76.08896,11.48571],[76.08926,11.48557],[76.09028,11.48435],[76.09199,11.4816],[76.09323,11.48114],[76.09624,11.48147],[76.09824,11.4818],[76.09855,11.48172],[76.0994,11.48196],[76.10002,11.48189],[76.10172,11.48205],[76.10257,11.48201],[76.10421,11.48171],[76.10486,11.48247],[76.10543,11.48283],[76.10731,11.48283],[76.10762,11.48304],[76.10773,11.4834],[76.10805,11.48378],[76.10947,11.48403],[76.10986,11.48428],[76.11042,11.48488],[76.11042,11.48548],[76.1112,11.4869],[76.1112,11.48789],[76.11141,11.48842],[76.11269,11.48938],[76.11311,11.49041],[76.11347,11.49101],[76.11506,11.49225],[76.11577,11.49253],[76.1186,11.4925],[76.11939,11.4926],[76.12063,11.49211],[76.12225,11.49205],[76.12376,11.49265],[76.12514,11.49393],[76.12554,11.4945],[76.12611,11.49497],[76.12675,11.49531],[76.12813,11.49568],[76.12883,11.49574],[76.13011,11.49574],[76.13092,11.49561],[76.13109,11.49514],[76.13089,11.49457],[76.12974,11.49382],[76.12964,11.49302],[76.12886,11.49238],[76.12749,11.4921],[76.1263,11.49159],[76.12514,11.49149],[76.12415,11.4906],[76.12352,11.49022],[76.12332,11.48976],[76.12285,11.48922],[76.12154,11.48848],[76.12046,11.48752],[76.11953,11.48706],[76.11928,11.4866],[76.11924,11.48585],[76.12016,11.48607],[76.12156,11.48593],[76.12285,11.48624],[76.12401,11.48668],[76.12582,11.48709],[76.12753,11.48719],[76.12899,11.48716],[76.1293,11.48699],[76.12923,11.4862],[76.12558,11.48603],[76.12463,11.4858],[76.12398,11.48542],[76.12185,11.48526],[76.12184,11.48512],[76.12131,11.48436],[76.12078,11.48432],[76.11941,11.48322],[76.1188,11.48318],[76.11827,11.48284],[76.11717,11.4814],[76.11691,11.48041],[76.11698,11.47977],[76.1171,11.47928],[76.11774,11.47924],[76.11899,11.48083],[76.11979,11.4814],[76.11998,11.48208],[76.12082,11.48212],[76.12195,11.48243],[76.124,11.48246],[76.12541,11.4828],[76.12765,11.48269],[76.12825,11.48224],[76.12882,11.48208],[76.12882,11.48155],[76.12807,11.48129],[76.12723,11.48129],[76.12594,11.48113],[76.12393,11.48057],[76.12294,11.48057],[76.12146,11.4803],[76.12025,11.47988],[76.11918,11.47969],[76.11831,11.47893],[76.11823,11.47825],[76.11831,11.47795],[76.12123,11.47719],[76.12256,11.47719],[76.12419,11.47609],[76.12423,11.47556],[76.12446,11.47495],[76.12567,11.47461],[76.12643,11.47461],[76.12696,11.47487],[76.12738,11.47537],[76.12742,11.4759],[76.12769,11.47643],[76.12913,11.47783],[76.13057,11.47783],[76.13103,11.47795],[76.13182,11.47795],[76.13254,11.47779],[76.13296,11.47742],[76.1379,11.47742],[76.13873,11.4773],[76.14169,11.47742],[76.14256,11.47716],[76.14279,11.47693],[76.14306,11.47689],[76.14317,11.4764],[76.14317,11.47564],[76.14283,11.47515],[76.14196,11.47431],[76.14082,11.47386],[76.14001,11.47386],[76.14025,11.47345],[76.14036,11.47118],[76.13983,11.46992],[76.13877,11.46913],[76.13687,11.4689],[76.13311,11.46909],[76.12795,11.46909],[76.12708,11.46897],[76.12636,11.46913],[76.12541,11.46977],[76.12469,11.47106],[76.12396,11.47054],[76.12409,11.46834],[76.12441,11.46711],[76.12479,11.4665],[76.12597,11.46536],[76.12848,11.4673],[76.12962,11.46791],[76.13,11.46799],[76.13232,11.4681],[76.13509,11.46806],[76.13774,11.46753],[76.13793,11.46715],[76.13797,11.46662],[76.13744,11.46624],[76.13657,11.46617],[76.13596,11.46556],[76.1355,11.46476],[76.13531,11.46396],[76.13539,11.46267],[76.13623,11.46218],[76.13782,11.46248],[76.13865,11.46287],[76.13938,11.46352],[76.13968,11.46412],[76.13998,11.46557],[76.14063,11.4675],[76.1415,11.46834],[76.1434,11.46955],[76.1442,11.47015],[76.14439,11.47057],[76.14594,11.47167],[76.1464,11.47182],[76.14685,11.47182],[76.14716,11.47137],[76.14723,11.4703],[76.14773,11.46962],[76.14803,11.46958],[76.14811,11.47026],[76.14803,11.47262],[76.14811,11.47319],[76.14822,11.47364],[76.14883,11.47406],[76.14985,11.47417],[76.15046,11.47463],[76.15198,11.47471],[76.15228,11.47463],[76.15285,11.47376],[76.15357,11.47368],[76.15399,11.47436],[76.15414,11.47508],[76.15368,11.47706],[76.15384,11.47782],[76.15425,11.4782],[76.15486,11.47831],[76.15691,11.47831],[76.15744,11.47812],[76.15756,11.47729],[76.15767,11.47452],[76.1587,11.47444],[76.15926,11.47463],[76.15987,11.47508],[76.16101,11.47524],[76.16211,11.47501],[76.16298,11.47501],[76.16348,11.47489],[76.16405,11.47444],[76.16432,11.4739],[76.16484,11.47452],[76.16536,11.47549],[76.16547,11.4768],[76.16533,11.47687],[76.16591,11.47729],[76.16598,11.47805],[76.16594,11.4783],[76.16566,11.47836],[76.16305,11.47823],[76.16222,11.47878],[76.16124,11.47983],[76.16069,11.47983],[76.15954,11.48021],[76.15863,11.48025],[76.15773,11.48045],[76.15658,11.48049],[76.15557,11.48031],[76.15403,11.48031],[76.15309,11.48021],[76.15219,11.47979],[76.15174,11.47979],[76.15139,11.4799],[76.15121,11.48031],[76.15131,11.48157],[76.15216,11.48262],[76.15376,11.48321],[76.1556,11.4842],[76.15633,11.48521],[76.15665,11.48608],[76.15661,11.48852],[76.15536,11.49026],[76.15159,11.4906],[76.14839,11.49105],[76.14417,11.49088],[76.14228,11.49048],[76.14103,11.49003],[76.13674,11.48814],[76.13625,11.48785],[76.13613,11.48727],[76.13552,11.48663],[76.13505,11.48657],[76.13452,11.48657],[76.13421,11.48677],[76.13388,11.48721],[76.1327,11.48808],[76.13075,11.48811],[76.12994,11.48831],[76.12863,11.48828],[76.12769,11.48855],[76.12773,11.48939],[76.1284,11.49006],[76.12964,11.49074],[76.13112,11.49107],[76.13236,11.491],[76.13368,11.49063],[76.13462,11.4906],[76.13576,11.49037],[76.13734,11.49047],[76.13801,11.49067],[76.13828,11.49104],[76.13825,11.49147],[76.13734,11.49225],[76.13734,11.49275],[76.13922,11.49383],[76.13962,11.49416],[76.13969,11.49457],[76.14003,11.4949],[76.14073,11.49531],[76.14255,11.49601],[76.14282,11.49638],[76.14278,11.4981],[76.14262,11.49853],[76.14174,11.499],[76.13912,11.49887],[76.13653,11.4983],[76.13573,11.4983],[76.13495,11.49788],[76.13371,11.49748],[76.13297,11.49755],[76.13196,11.49785],[76.13169,11.49836],[76.13169,11.4992],[76.1322,11.49994],[76.1329,11.50031],[76.13364,11.50044],[76.13576,11.50051],[76.1371,11.50104],[76.13768,11.50106],[76.13865,11.50126],[76.13936,11.50156],[76.14053,11.50226],[76.1408,11.50271],[76.14082,11.50454],[76.14035,11.50489],[76.13925,11.50483],[76.13867,11.50449],[76.13786,11.50315],[76.13623,11.50205],[76.13606,11.50205],[76.13606,11.50239],[76.13636,11.50283],[76.13663,11.50359],[76.13603,11.50403],[76.13371,11.50456],[76.1329,11.50483],[76.13257,11.50524],[76.13304,11.50618],[76.13384,11.50672],[76.13499,11.50655],[76.13586,11.50668],[76.13663,11.50702],[76.1367,11.50749],[76.1364,11.50789],[76.13579,11.50823],[76.13512,11.50853],[76.13428,11.50873],[76.13263,11.5087],[76.13186,11.5083],[76.13028,11.50719],[76.129,11.50682],[76.1284,11.50617],[76.12688,11.50564],[76.12543,11.50563],[76.12512,11.50588],[76.12554,11.50803],[76.12578,11.5088],[76.12712,11.51075],[76.12725,11.51145],[76.12725,11.51209],[76.12672,11.5128],[76.12658,11.51384],[76.12678,11.51478],[76.12759,11.51538],[76.12934,11.51532],[76.13166,11.51493],[76.13327,11.51507],[76.13411,11.51527],[76.13536,11.51591],[76.13566,11.51658],[76.13566,11.51712],[76.13509,11.51725],[76.13411,11.51725],[76.1321,11.51695],[76.13156,11.51671],[76.13085,11.51661],[76.12635,11.51668],[76.1253,11.51641],[76.12399,11.515],[76.12311,11.51375],[76.12267,11.51377],[76.12251,11.51424],[76.1222,11.51451],[76.12183,11.51527],[76.12213,11.51619],[76.12259,11.51688],[76.12285,11.51709],[76.12295,11.51776],[76.12325,11.5185],[76.12386,11.51951],[76.1247,11.52025],[76.12557,11.52055],[76.12662,11.52075],[76.12803,11.52085],[76.12883,11.52048],[76.12917,11.51981],[76.12964,11.51927],[76.13041,11.51911],[76.13122,11.51917],[76.1329,11.51877],[76.13347,11.51853],[76.13455,11.51843],[76.13469,11.51832],[76.13499,11.51862],[76.13513,11.51857],[76.13582,11.51869],[76.136,11.51933],[76.13611,11.52049],[76.13675,11.52113],[76.13838,11.52223],[76.14006,11.52316],[76.14122,11.52345],[76.14145,11.52438],[76.14128,11.52485],[76.14114,11.52488],[76.14104,11.52528],[76.14104,11.52608],[76.14117,11.52713],[76.14147,11.5284],[76.1412,11.52854],[76.13973,11.53008],[76.13902,11.53035],[76.13794,11.53042],[76.13667,11.52992],[76.13562,11.52992],[76.13445,11.53049],[76.13388,11.53049],[76.13364,11.52995],[76.13425,11.52924],[76.13529,11.52881],[76.13562,11.52877],[76.13566,11.52834],[76.13603,11.5277],[76.13677,11.52756],[76.13744,11.52803],[76.13778,11.52857],[76.13825,11.52891],[76.13889,11.52891],[76.13902,11.52861],[76.13952,11.52807],[76.13969,11.52807],[76.1401,11.52709],[76.13999,11.52619],[76.13962,11.52521],[76.13825,11.52377],[76.13768,11.52333],[76.1369,11.52309],[76.13612,11.52306],[76.13577,11.52282],[76.13518,11.5227],[76.13455,11.52223],[76.13391,11.52209],[76.13337,11.52209],[76.1329,11.52239],[76.13277,11.52384],[76.1326,11.52424],[76.13149,11.52428],[76.13095,11.52401],[76.13035,11.52354],[76.12934,11.52347],[76.12843,11.52421],[76.12712,11.52471],[76.12621,11.52528],[76.12527,11.52525],[76.12483,11.52565],[76.12487,11.52683],[76.1253,11.52764],[76.12645,11.52807],[76.12781,11.52902],[76.12816,11.52989],[76.12857,11.53093]],[[76.11666,11.5103],[76.11784,11.51113],[76.11823,11.51154],[76.11854,11.51163],[76.11932,11.51279],[76.11942,11.51316],[76.11983,11.51339],[76.1207,11.51346],[76.12194,11.51322],[76.12268,11.51295],[76.12288,11.51178],[76.12312,11.51124],[76.12319,11.50811],[76.12245,11.50761],[76.12137,11.50731],[76.1205,11.50731],[76.11976,11.50697],[76.11895,11.50492],[76.11717,11.50411],[76.11653,11.50411],[76.11599,11.50428],[76.11549,11.50475],[76.11509,11.50539],[76.11448,11.50576],[76.1131,11.50563],[76.11146,11.50522],[76.11065,11.50522],[76.11041,11.50532],[76.11018,11.50563],[76.11018,11.50684],[76.11031,11.50772],[76.10976,11.50818],[76.10976,11.50905],[76.10994,11.50992],[76.11046,11.51016],[76.11103,11.51017],[76.11226,11.5095],[76.11319,11.50938],[76.11423,11.50944],[76.11505,11.50967],[76.11586,11.50973],[76.11661,11.51008],[76.11666,11.5103]],[[76.12293,11.50425],[76.12427,11.50465],[76.12532,11.50465],[76.12644,11.50431],[76.12633,11.50377],[76.12562,11.50303],[76.12502,11.50278],[76.12321,11.50236],[76.12215,11.5019],[76.12151,11.50182],[76.12052,11.50129],[76.11924,11.5009],[76.11815,11.50092],[76.11646,11.5016],[76.11485,11.50162],[76.11475,11.50189],[76.11481,11.50245],[76.11566,11.50298],[76.11623,11.50316],[76.12123,11.50327],[76.12275,11.50408],[76.12293,11.50425]],[[76.13729,11.4837],[76.13726,11.48434],[76.13765,11.48469],[76.1395,11.48522],[76.14057,11.48569],[76.14115,11.48571],[76.1425,11.48602],[76.14281,11.4864],[76.14292,11.48709],[76.14347,11.48743],[76.14398,11.48746],[76.14589,11.48706],[76.14658,11.48703],[76.1478,11.48703],[76.14947,11.4873],[76.15177,11.48741],[76.15313,11.48716],[76.15365,11.48692],[76.15369,11.48647],[76.15355,11.48598],[76.1533,11.48556],[76.15257,11.48539],[76.14944,11.48532],[76.14847,11.4854],[76.14725,11.48569],[76.14548,11.48571],[76.14474,11.48591],[76.14328,11.48591],[76.14231,11.48574],[76.14052,11.48505],[76.13892,11.48414],[76.13806,11.4834],[76.13781,11.48334],[76.13729,11.4837]]]}},{"type":"Feature","properties":{"class":"Medium Hazard Zone","fid":"197","zone":"Medium Hazard Zone","shapeArea":"0.000056","area":"0.683897"},"geometry":{"type":"Polygon","coordinates":[[[76.27233,11.63345],[76.27273,11.63467],[76.27188,11.63524],[76.27108,11.63535],[76.26897,11.63438],[76.2664,11.63204],[76.26554,11.63039],[76.264,11.6293],[76.26325,11.62896],[76.26154,11.6265],[76.26034,11.62319],[76.25874,11.62182],[76.25817,11.62102],[76.25749,11.62039],[76.25674,11.61999],[76.25617,11.61948],[76.2556,11.61851],[76.25583,11.61759],[76.25583,11.61668],[76.2556,11.61611],[76.25427,11.61492],[76.25247,11.61375],[76.25207,11.61307],[76.2522,11.61257],[76.25405,11.61248],[76.25509,11.61293],[76.25581,11.6137],[76.25656,11.61487],[76.25653,11.61613],[76.2568,11.61685],[76.25792,11.6178],[76.25833,11.61834],[76.25842,11.61911],[76.25991,11.62064],[76.26135,11.62176],[76.26189,11.6223],[76.26225,11.62284],[76.26211,11.62338],[76.26216,11.62424],[76.26274,11.62546],[76.26509,11.62766],[76.26558,11.62838],[76.26752,11.63023],[76.26972,11.63199],[76.27157,11.63307],[76.27233,11.63345]]]}},{"type":"Feature","properties":{"class":"Medium Hazard Zone","fid":"198","zone":"Medium Hazard Zone","shapeArea":"0.000125","area":"1.535327"},"geometry":{"type":"Polygon","coordinates":[[[76.23633,11.62178],[76.23576,11.62134],[76.23502,11.62054],[76.23302,11.61688],[76.23307,11.61677],[76.23255,11.61662],[76.23205,11.61662],[76.23199,11.61685],[76.23268,11.61785],[76.23325,11.61957],[76.23416,11.62031],[76.23445,11.62225],[76.23542,11.62436],[76.23542,11.62591],[76.23565,11.62705],[76.23559,11.6283],[76.23479,11.62979],[76.23382,11.6311],[76.23331,11.63219],[76.23348,11.63247],[76.23239,11.63407],[76.23188,11.63441],[76.23137,11.63499],[76.23,11.63539],[76.22908,11.63499],[76.2288,11.63362],[76.22937,11.63253],[76.23017,11.63316],[76.23068,11.63224],[76.23154,11.63133],[76.23228,11.63036],[76.23291,11.62922],[76.23348,11.62739],[76.23342,11.62602],[76.23325,11.62499],[76.23268,11.62316],[76.23257,11.62117],[76.23137,11.62054],[76.23108,11.61934],[76.23095,11.61915],[76.23084,11.61843],[76.23038,11.61811],[76.23025,11.61748],[76.23027,11.61676],[76.23066,11.6162],[76.23105,11.61588],[76.23173,11.61573],[76.23384,11.61596],[76.23405,11.61586],[76.23451,11.61625],[76.23605,11.61705],[76.23828,11.6194],[76.24033,11.62139],[76.24085,11.62214],[76.24085,11.62328],[76.24119,11.62454],[76.24113,11.62591],[76.24085,11.62739],[76.24085,11.62945],[76.24062,11.63087],[76.24039,11.63202],[76.23988,11.63339],[76.23833,11.63579],[76.23376,11.63807],[76.23268,11.63938],[76.23165,11.64007],[76.23034,11.64053],[76.2256,11.64144],[76.22389,11.64127],[76.22309,11.6407],[76.22206,11.64081],[76.21903,11.6407],[76.2204,11.63904],[76.22451,11.63904],[76.226,11.63841],[76.22836,11.63808],[76.22857,11.63864],[76.22903,11.6392],[76.22999,11.63924],[76.23144,11.63892],[76.23201,11.63864],[76.23233,11.63814],[76.23262,11.63729],[76.23297,11.63665],[76.23351,11.63636],[76.23443,11.63619],[76.2351,11.63619],[76.23557,11.63604],[76.23635,11.6354],[76.23706,11.63448],[76.23727,11.63349],[76.23723,11.63224],[76.23731,11.63167],[76.23763,11.63132],[76.23827,11.63132],[76.23937,11.63107],[76.23961,11.63064],[76.23986,11.6288],[76.23972,11.62688],[76.23919,11.62375],[76.23894,11.62322],[76.23827,11.62244],[76.23766,11.62212],[76.23681,11.62183],[76.23633,11.62178]]]}},{"type":"Feature","properties":{"class":"Medium Hazard Zone","fid":"199","zone":"Medium Hazard Zone","shapeArea":"0.000006","area":"0.077126"},"geometry":{"type":"Polygon","coordinates":[[[75.97575,11.63293],[75.97547,11.63326],[75.97473,11.63373],[75.9733,11.63412],[75.97236,11.63412],[75.97202,11.63389],[75.97165,11.63385],[75.97116,11.63356],[75.971,11.63312],[75.97102,11.63258],[75.97159,11.63222],[75.97208,11.63224],[75.97269,11.63291],[75.97308,11.63293],[75.97447,11.63226],[75.97539,11.63224],[75.97573,11.63248],[75.97575,11.63293]]]}},{"type":"Feature","properties":{"class":"Medium Hazard Zone","fid":"200","zone":"Medium Hazard Zone","shapeArea":"0.000013","area":"0.165019"},"geometry":{"type":"Polygon","coordinates":[[[75.96471,11.64079],[75.9642,11.64138],[75.96365,11.64161],[75.96249,11.6415],[75.96234,11.64083],[75.96289,11.64038],[75.96451,11.63983],[75.96634,11.63959],[75.96694,11.63942],[75.96704,11.63914],[75.96849,11.63865],[75.97004,11.63861],[75.97094,11.63834],[75.97175,11.63793],[75.97255,11.63781],[75.97279,11.63787],[75.97281,11.63834],[75.97251,11.63885],[75.97206,11.63918],[75.96949,11.6402],[75.96838,11.64046],[75.96524,11.64065],[75.96471,11.64079]]]}},{"type":"Feature","properties":{"class":"Medium Hazard Zone","fid":"201","zone":"Medium Hazard Zone","shapeArea":"0.000023","area":"0.286486"},"geometry":{"type":"Polygon","coordinates":[[[76.16506,11.56915],[76.16519,11.56973],[76.16592,11.57064],[76.16564,11.57186],[76.16555,11.57281],[76.16415,11.57304],[76.16329,11.57299],[76.16302,11.57222],[76.16302,11.57118],[76.16361,11.57077],[76.16411,11.57023],[76.16352,11.56969],[76.16334,11.5691],[76.16356,11.56824],[76.1646,11.56693],[76.16587,11.56657],[76.16659,11.56693],[76.16705,11.56806],[76.16782,11.5682],[76.16904,11.56693],[76.16999,11.5668],[76.17048,11.56738],[76.17112,11.56756],[76.17094,11.56806],[76.17021,11.5691],[76.16904,11.56924],[76.16836,11.56973],[76.16768,11.56987],[76.16632,11.56982],[76.16601,11.56937],[76.16583,11.5686],[76.16533,11.5686],[76.16506,11.56915]]]}},{"type":"Feature","properties":{"class":"Medium Hazard Zone","fid":"202","zone":"Medium Hazard Zone","shapeArea":"0.000043","area":"0.526152"},"geometry":{"type":"Polygon","coordinates":[[[76.15992,11.52863],[76.15992,11.52943],[76.15902,11.53028],[76.15751,11.53047],[76.15614,11.53047],[76.15401,11.53023],[76.1516,11.53023],[76.15141,11.52995],[76.15117,11.52938],[76.15103,11.52858],[76.15136,11.52806],[76.15136,11.5274],[76.15202,11.52475],[76.15216,11.5238],[76.15254,11.52257],[76.15254,11.52054],[76.15278,11.52039],[76.15401,11.51893],[76.15448,11.51978],[76.155,11.5203],[76.15647,11.52101],[76.15652,11.52229],[76.156,11.52276],[76.15529,11.52309],[76.15543,11.52465],[76.15533,11.5255],[76.15349,11.52645],[76.15273,11.52725],[76.1532,11.52811],[76.15434,11.52863],[76.15609,11.52815],[76.15727,11.52796],[76.15917,11.52796],[76.15992,11.52863]]]}},{"type":"Feature","properties":{"class":"Medium Hazard Zone","fid":"203","zone":"Medium Hazard Zone","shapeArea":"0.000014","area":"0.17685"},"geometry":{"type":"Polygon","coordinates":[[[76.03431,11.58409],[76.03573,11.58409],[76.03611,11.58442],[76.03611,11.58532],[76.03573,11.58702],[76.03573,11.58787],[76.0353,11.58801],[76.03459,11.58806],[76.03407,11.58863],[76.03332,11.58863],[76.03275,11.58839],[76.03227,11.58797],[76.03227,11.58655],[76.03256,11.58598],[76.03256,11.5848],[76.03294,11.58418],[76.03374,11.58409],[76.03431,11.58409]]]}},{"type":"Feature","properties":{"class":"Medium Hazard Zone","fid":"204","zone":"Medium Hazard Zone","shapeArea":"0.000017","area":"0.210118"},"geometry":{"type":"Polygon","coordinates":[[[76.05896,11.58744],[76.05825,11.58797],[76.05797,11.58839],[76.0574,11.58853],[76.05603,11.58853],[76.05498,11.58801],[76.05446,11.58792],[76.05243,11.58792],[76.05167,11.58759],[76.0511,11.58688],[76.05077,11.58621],[76.05077,11.58522],[76.05144,11.58541],[76.05196,11.58569],[76.05295,11.58579],[76.05404,11.58569],[76.05475,11.58588],[76.0555,11.5865],[76.05579,11.58692],[76.05636,11.58707],[76.05721,11.58707],[76.0574,11.58678],[76.05768,11.58503],[76.05839,11.58498],[76.05915,11.58527],[76.05915,11.58669],[76.05896,11.58744]]]}},{"type":"Feature","properties":{"class":"Medium Hazard Zone","fid":"205","zone":"Medium Hazard Zone","shapeArea":"0.000063","area":"0.774201"},"geometry":{"type":"Polygon","coordinates":[[[76.16145,11.56833],[76.16145,11.5689],[76.16077,11.56989],[76.16013,11.57114],[76.16009,11.57292],[76.15976,11.57349],[76.15919,11.57364],[76.1587,11.57333],[76.15816,11.57075],[76.1577,11.57],[76.15721,11.5698],[76.15677,11.5698],[76.15636,11.56908],[76.15528,11.56796],[76.15467,11.56746],[76.15359,11.56739],[76.15215,11.56765],[76.15177,11.56818],[76.15011,11.56884],[76.14987,11.56921],[76.14859,11.56921],[76.14774,11.56888],[76.14682,11.56822],[76.14625,11.56732],[76.14658,11.56658],[76.14717,11.56616],[76.14796,11.56621],[76.14886,11.56673],[76.14992,11.56699],[76.15011,11.56719],[76.15087,11.56713],[76.15145,11.56625],[76.15134,11.56581],[76.151,11.56557],[76.14923,11.56511],[76.14886,11.56432],[76.14901,11.56386],[76.14969,11.56329],[76.15039,11.5634],[76.1512,11.56397],[76.15195,11.56474],[76.15278,11.56493],[76.15289,11.56463],[76.15276,11.56404],[76.15223,11.56355],[76.15083,11.56254],[76.15065,11.56237],[76.15052,11.5618],[76.15004,11.56148],[76.15081,11.56042],[76.15149,11.55972],[76.15342,11.56222],[76.15443,11.56468],[76.15517,11.56735],[76.15588,11.56797],[76.1568,11.56781],[76.15785,11.5652],[76.15912,11.56428],[76.16031,11.56457],[76.16092,11.56566],[76.1611,11.56674],[76.1611,11.56742],[76.16145,11.56833]]]}},{"type":"Feature","properties":{"class":"Medium Hazard Zone","fid":"206","zone":"Medium Hazard Zone","shapeArea":"0.000057","area":"0.698272"},"geometry":{"type":"MultiPolygon","coordinates":[[[[76.07271,11.64591],[76.07197,11.6458],[76.07297,11.64585],[76.07271,11.64591]]],[[[76.07271,11.64591],[76.07462,11.64633],[76.07573,11.64707],[76.07615,11.64808],[76.07541,11.64924],[76.07361,11.64951],[76.07297,11.65041],[76.07313,11.65163],[76.07388,11.65232],[76.07536,11.65343],[76.0761,11.65385],[76.07732,11.65481],[76.07753,11.65565],[76.07759,11.65671],[76.07684,11.65724],[76.07605,11.65751],[76.07451,11.65751],[76.07255,11.65592],[76.07144,11.6556],[76.07048,11.6555],[76.06974,11.65475],[76.06958,11.65391],[76.06969,11.65285],[76.06969,11.65099],[76.06884,11.64998],[76.06847,11.64866],[76.06932,11.64845],[76.07128,11.64834],[76.07128,11.6476],[76.0708,11.64691],[76.07085,11.64612],[76.07197,11.64606],[76.07271,11.64591]]]]}},{"type":"Feature","properties":{"class":"Medium Hazard Zone","fid":"207","zone":"Medium Hazard Zone","shapeArea":"0.000034","area":"0.411151"},"geometry":{"type":"Polygon","coordinates":[[[76.2022,11.60887],[76.2016,11.60924],[76.20083,11.61006],[76.20001,11.61074],[76.19909,11.61202],[76.19846,11.61197],[76.19795,11.61115],[76.19764,11.60992],[76.19677,11.60969],[76.19609,11.60892],[76.19622,11.60842],[76.19691,11.60842],[76.19723,11.60865],[76.19754,11.60851],[76.19759,11.60696],[76.19786,11.60691],[76.19759,11.60518],[76.19777,11.60454],[76.19809,11.60395],[76.19809,11.60313],[76.19882,11.60258],[76.19992,11.60281],[76.20083,11.60368],[76.20115,11.60418],[76.2022,11.60436],[76.20329,11.60427],[76.20334,11.60459],[76.20315,11.60509],[76.20279,11.60564],[76.2022,11.60591],[76.20119,11.60591],[76.20019,11.60573],[76.19964,11.60573],[76.19896,11.606],[76.19882,11.60618],[76.19882,11.60673],[76.20005,11.60728],[76.20087,11.60728],[76.20201,11.60691],[76.20274,11.60684],[76.20324,11.60696],[76.20361,11.60732],[76.20347,11.60796],[76.20279,11.60851],[76.2022,11.60887]]]}},{"type":"Feature","properties":{"class":"Medium Hazard Zone","fid":"208","zone":"Medium Hazard Zone","shapeArea":"0.000022","area":"0.270973"},"geometry":{"type":"Polygon","coordinates":[[[76.20279,11.56574],[76.2021,11.56638],[76.20101,11.56647],[76.19987,11.56601],[76.19864,11.56524],[76.19846,11.56419],[76.19914,11.56396],[76.19955,11.56465],[76.20005,11.5651],[76.20083,11.56501],[76.20101,11.56369],[76.2016,11.56319],[76.20255,11.56273],[76.20297,11.56209],[76.20344,11.56165],[76.20375,11.56104],[76.20388,11.56027],[76.20375,11.55876],[76.20224,11.55776],[76.20233,11.55676],[76.20297,11.55585],[76.20365,11.55594],[76.20388,11.55676],[76.20443,11.55781],[76.20484,11.5589],[76.2052,11.56045],[76.2052,11.56209],[76.20507,11.563],[76.20443,11.56323],[76.20311,11.56474],[76.20279,11.56574]]]}},{"type":"Feature","properties":{"class":"Medium Hazard Zone","fid":"209","zone":"Medium Hazard Zone","shapeArea":"0.000083","area":"1.012959"},"geometry":{"type":"Polygon","coordinates":[[[76.19809,11.58392],[76.19727,11.5841],[76.19636,11.5841],[76.19458,11.58392],[76.19437,11.58397],[76.19412,11.58379],[76.19399,11.58301],[76.19435,11.5826],[76.19472,11.5826],[76.19485,11.58201],[76.19449,11.58078],[76.1944,11.57991],[76.19476,11.57922],[76.19736,11.57868],[76.19773,11.57777],[76.19779,11.57694],[76.19829,11.57617],[76.19869,11.57581],[76.20055,11.57513],[76.20147,11.5738],[76.20283,11.57321],[76.20306,11.57298],[76.20306,11.57225],[76.2027,11.57139],[76.20251,11.57057],[76.20288,11.56993],[76.20292,11.56774],[76.2032,11.56683],[76.20361,11.56632],[76.2039,11.56623],[76.20418,11.56597],[76.20516,11.56597],[76.2068,11.56661],[76.20689,11.56747],[76.20598,11.56766],[76.20516,11.56766],[76.20443,11.56784],[76.20479,11.56939],[76.20475,11.57003],[76.20416,11.57026],[76.20406,11.57108],[76.20448,11.57149],[76.20653,11.57231],[76.20685,11.57263],[76.20739,11.57249],[76.20826,11.57181],[76.2094,11.57144],[76.21013,11.57076],[76.211,11.57035],[76.21186,11.57067],[76.21191,11.57149],[76.21132,11.57217],[76.21018,11.57418],[76.21018,11.57523],[76.21049,11.57705],[76.21013,11.57824],[76.20926,11.57869],[76.20835,11.57855],[76.20831,11.57728],[76.20771,11.57641],[76.20671,11.57655],[76.20593,11.57623],[76.20525,11.57495],[76.20443,11.5744],[76.20306,11.57431],[76.20215,11.57436],[76.20169,11.57504],[76.20169,11.576],[76.20242,11.57723],[76.20265,11.57796],[76.20265,11.57874],[76.20169,11.57919],[76.20069,11.57901],[76.20033,11.57833],[76.19982,11.57824],[76.19973,11.57979],[76.19963,11.58006],[76.19898,11.58038],[76.1964,11.58038],[76.19581,11.58047],[76.19558,11.58105],[76.19572,11.58187],[76.19663,11.58237],[76.19823,11.58237],[76.19873,11.58251],[76.19873,11.58337],[76.19809,11.58392]]]}},{"type":"Feature","properties":{"class":"Medium Hazard Zone","fid":"210","zone":"Medium Hazard Zone","shapeArea":"0.000037","area":"0.451198"},"geometry":{"type":"Polygon","coordinates":[[[76.19326,11.57937],[76.19289,11.58023],[76.19203,11.58051],[76.19148,11.58137],[76.19121,11.58342],[76.19089,11.58452],[76.19039,11.58452],[76.18975,11.58425],[76.18902,11.58274],[76.18897,11.58169],[76.18979,11.58124],[76.19029,11.58055],[76.19039,11.5795],[76.19075,11.57932],[76.19184,11.57932],[76.19184,11.57718],[76.19212,11.57672],[76.19207,11.57467],[76.1923,11.57403],[76.19317,11.57389],[76.19399,11.57412],[76.19408,11.57467],[76.1944,11.57531],[76.19444,11.5759],[76.19536,11.57631],[76.19567,11.57585],[76.19545,11.57435],[76.1964,11.57435],[76.19681,11.57403],[76.19695,11.57376],[76.19764,11.57326],[76.19782,11.57298],[76.19791,11.57239],[76.19786,11.57202],[76.19759,11.57148],[76.19736,11.57139],[76.19736,11.57084],[76.19846,11.5707],[76.19978,11.57079],[76.19992,11.57189],[76.19992,11.5728],[76.19978,11.57335],[76.19941,11.57394],[76.19878,11.57449],[76.19837,11.57499],[76.19791,11.57517],[76.19736,11.57595],[76.19732,11.57668],[76.19686,11.57736],[76.19618,11.57809],[76.19563,11.57813],[76.19499,11.57777],[76.19449,11.57686],[76.19417,11.57658],[76.19349,11.57649],[76.19321,11.57677],[76.19312,11.57754],[76.19326,11.57864],[76.19326,11.57937]]]}},{"type":"Feature","properties":{"class":"Medium Hazard Zone","fid":"211","zone":"Medium Hazard Zone","shapeArea":"0.000028","area":"0.340163"},"geometry":{"type":"Polygon","coordinates":[[[76.185,11.55652],[76.18377,11.5578],[76.18259,11.5583],[76.18177,11.55898],[76.1814,11.55948],[76.18108,11.56058],[76.18108,11.56113],[76.18085,11.56186],[76.18003,11.56231],[76.1783,11.56231],[76.17798,11.56145],[76.17807,11.56076],[76.17912,11.5599],[76.17967,11.55903],[76.17971,11.55707],[76.17981,11.55611],[76.18003,11.55529],[76.18099,11.55465],[76.18158,11.5547],[76.18209,11.55511],[76.18236,11.55597],[76.18277,11.55625],[76.18309,11.55584],[76.18318,11.55429],[76.18382,11.55424],[76.18446,11.55456],[76.1856,11.55438],[76.18569,11.55465],[76.18642,11.55556],[76.18628,11.55579],[76.18546,11.55616],[76.185,11.55652]]]}},{"type":"Feature","properties":{"class":"Medium Hazard Zone","fid":"212","zone":"Medium Hazard Zone","shapeArea":"0.000016","area":"0.192059"},"geometry":{"type":"Polygon","coordinates":[[[76.17766,11.5635],[76.17862,11.56354],[76.17926,11.56373],[76.17967,11.56373],[76.17999,11.56382],[76.18022,11.56404],[76.18013,11.56445],[76.17976,11.56459],[76.17885,11.56619],[76.17885,11.56783],[76.17835,11.56833],[76.17826,11.56888],[76.17775,11.56906],[76.17666,11.56897],[76.17611,11.5687],[76.17515,11.56851],[76.17515,11.56792],[76.17534,11.56737],[76.17607,11.56696],[76.17671,11.56683],[76.17707,11.5666],[76.17693,11.56605],[76.17648,11.5655],[76.17639,11.56477],[76.17648,11.56455],[76.17648,11.56382],[76.17712,11.5635],[76.17766,11.5635]]]}},{"type":"Feature","properties":{"class":"Medium Hazard Zone","fid":"213","zone":"Medium Hazard Zone","shapeArea":"0.000044","area":"0.534982"},"geometry":{"type":"Polygon","coordinates":[[[76.20548,11.59163],[76.20338,11.59227],[76.20283,11.59227],[76.20251,11.59181],[76.20261,11.59118],[76.20306,11.59042],[76.20358,11.59012],[76.20453,11.58998],[76.2049,11.5896],[76.20495,11.58828],[76.20486,11.58685],[76.20509,11.58519],[76.20571,11.58472],[76.20666,11.58354],[76.20656,11.58301],[76.2059,11.58249],[76.20543,11.58264],[76.20509,11.58287],[76.20448,11.58388],[76.20393,11.58447],[76.20302,11.58466],[76.20242,11.58466],[76.20192,11.58406],[76.20179,11.58324],[76.20306,11.58224],[76.20489,11.58201],[76.20612,11.58064],[76.20671,11.58087],[76.20721,11.58174],[76.20744,11.58251],[76.20981,11.58238],[76.21031,11.58342],[76.21022,11.58415],[76.21001,11.58455],[76.20882,11.58511],[76.20803,11.58511],[76.20785,11.58526],[76.2069,11.58538],[76.20671,11.58624],[76.20765,11.58671],[76.20794,11.58704],[76.20803,11.58775],[76.20794,11.58828],[76.20761,11.58899],[76.20761,11.58965],[76.20813,11.58989],[76.20933,11.58982],[76.2095,11.59003],[76.2095,11.5914],[76.2091,11.59165],[76.20849,11.59145],[76.20621,11.59131],[76.20548,11.59163]]]}},{"type":"Feature","properties":{"class":"Medium Hazard Zone","fid":"214","zone":"Medium Hazard Zone","shapeArea":"0.000046","area":"0.568633"},"geometry":{"type":"Polygon","coordinates":[[[76.21615,11.57838],[76.21619,11.57906],[76.21647,11.57984],[76.21633,11.58111],[76.21592,11.58189],[76.21592,11.58243],[76.21542,11.58335],[76.21478,11.58344],[76.21428,11.58285],[76.21396,11.58189],[76.21378,11.57993],[76.21328,11.57851],[76.21337,11.57692],[76.21273,11.57705],[76.21214,11.57737],[76.21195,11.57696],[76.21241,11.57664],[76.21259,11.57601],[76.21246,11.57373],[76.21282,11.57295],[76.2135,11.573],[76.21396,11.57327],[76.21446,11.57341],[76.21492,11.57336],[76.21537,11.57304],[76.21537,11.5724],[76.21569,11.57158],[76.21647,11.57154],[76.21756,11.57163],[76.21829,11.57227],[76.21829,11.5729],[76.21802,11.57336],[76.21743,11.57345],[76.21679,11.574],[76.21656,11.57455],[76.21674,11.57541],[76.21715,11.57564],[76.21916,11.57564],[76.21952,11.57596],[76.21966,11.57733],[76.21961,11.57965],[76.21907,11.5797],[76.21779,11.57842],[76.21688,11.57819],[76.21615,11.57838]]]}},{"type":"Feature","properties":{"class":"Medium Hazard Zone","fid":"215","zone":"Medium Hazard Zone","shapeArea":"0.000034","area":"0.419752"},"geometry":{"type":"Polygon","coordinates":[[[76.05489,11.87087],[76.05489,11.87036],[76.05523,11.86979],[76.05523,11.86942],[76.05606,11.86797],[76.05667,11.86769],[76.05746,11.86823],[76.05768,11.86931],[76.05772,11.871],[76.05797,11.87191],[76.05843,11.87221],[76.05872,11.87225],[76.05958,11.8719],[76.06375,11.87225],[76.06603,11.87293],[76.0666,11.87362],[76.06763,11.8739],[76.06923,11.87464],[76.06978,11.87481],[76.07041,11.87482],[76.07289,11.87583],[76.0734,11.87645],[76.07376,11.8771],[76.07376,11.8776],[76.07347,11.87821],[76.07268,11.87785],[76.07214,11.87717],[76.07138,11.87681],[76.07097,11.8767],[76.0693,11.8767],[76.069,11.8763],[76.06828,11.87587],[76.06738,11.87555],[76.06651,11.87562],[76.06579,11.87511],[76.06525,11.87508],[76.06489,11.87482],[76.06449,11.87349],[76.06327,11.8727],[76.06172,11.87266],[76.06067,11.87277],[76.05981,11.87306],[76.05919,11.87345],[76.0588,11.874],[76.05775,11.87396],[76.05725,11.87367],[76.05671,11.87288],[76.05642,11.87205],[76.05595,11.87129],[76.05489,11.87087]]]}},{"type":"Feature","properties":{"class":"Medium Hazard Zone","fid":"216","zone":"Medium Hazard Zone","shapeArea":"0.000074","area":"0.900769"},"geometry":{"type":"Polygon","coordinates":[[[75.96686,11.86379],[75.96675,11.86404],[75.96675,11.8648],[75.96642,11.86557],[75.9658,11.86526],[75.9648,11.86501],[75.96366,11.86486],[75.96361,11.86431],[75.96426,11.86356],[75.96436,11.86311],[75.96391,11.86257],[75.96341,11.86237],[75.96341,11.86187],[75.96446,11.86092],[75.96461,11.86052],[75.96441,11.86012],[75.96366,11.86002],[75.96346,11.85957],[75.96356,11.85868],[75.96321,11.85833],[75.96226,11.85858],[75.96107,11.85748],[75.96032,11.85723],[75.95952,11.85748],[75.95892,11.85808],[75.95947,11.85903],[75.95992,11.86007],[75.95957,11.86052],[75.95892,11.86052],[75.95858,11.86045],[75.95869,11.85976],[75.958,11.85891],[75.95736,11.85875],[75.95683,11.85817],[75.95535,11.85759],[75.9544,11.85737],[75.95334,11.85796],[75.95286,11.85849],[75.95164,11.85817],[75.95159,11.85722],[75.94936,11.85631],[75.94899,11.85563],[75.94825,11.85584],[75.94793,11.85663],[75.94825,11.85732],[75.94835,11.85785],[75.94793,11.85817],[75.94846,11.85955],[75.94867,11.85965],[75.94883,11.8604],[75.9482,11.86098],[75.94809,11.86135],[75.94862,11.86204],[75.94952,11.86236],[75.94994,11.86209],[75.95063,11.86209],[75.95029,11.86317],[75.94891,11.86307],[75.9481,11.86251],[75.94716,11.86221],[75.9456,11.86127],[75.9451,11.86033],[75.9451,11.8594],[75.94597,11.85771],[75.9461,11.85634],[75.94647,11.85496],[75.94703,11.85396],[75.94835,11.85365],[75.94897,11.85402],[75.94966,11.85465],[75.94991,11.8554],[75.95153,11.85471],[75.95241,11.85471],[75.95509,11.85427],[75.95584,11.85484],[75.95641,11.85584],[75.95659,11.85659],[75.9584,11.8564],[75.96178,11.85634],[75.96334,11.85727],[75.96371,11.85802],[75.96496,11.85958],[75.96615,11.86021],[75.96665,11.8609],[75.96693,11.86152],[75.96697,11.86267],[75.96686,11.86379]]]}},{"type":"Feature","properties":{"class":"Medium Hazard Zone","fid":"217","zone":"Medium Hazard Zone","shapeArea":"0.000265","area":"3.240293"},"geometry":{"type":"Polygon","coordinates":[[[75.9907,11.87906],[75.98939,11.88099],[75.98864,11.88174],[75.98809,11.88246],[75.98716,11.88319],[75.98622,11.88347],[75.98503,11.88326],[75.98438,11.88283],[75.98406,11.88178],[75.98326,11.88081],[75.98276,11.87951],[75.98216,11.87933],[75.98204,11.87882],[75.98225,11.87814],[75.98279,11.87738],[75.98344,11.87673],[75.98366,11.87608],[75.98398,11.87561],[75.98481,11.87504],[75.98546,11.87291],[75.9851,11.87241],[75.98449,11.87241],[75.98373,11.87266],[75.98287,11.87244],[75.98132,11.87186],[75.9807,11.87125],[75.97998,11.87107],[75.97966,11.87104],[75.97962,11.87161],[75.98153,11.87374],[75.98189,11.8745],[75.982,11.87518],[75.98197,11.87576],[75.98142,11.87799],[75.98081,11.87886],[75.98042,11.87922],[75.98012,11.87929],[75.97962,11.87915],[75.97876,11.87839],[75.97807,11.8776],[75.97786,11.8765],[75.97774,11.8765],[75.97721,11.87553],[75.97652,11.8751],[75.97587,11.8752],[75.97432,11.87578],[75.97331,11.87672],[75.97245,11.87784],[75.97169,11.87784],[75.97057,11.87758],[75.9701,11.87729],[75.96971,11.87665],[75.96956,11.8756],[75.96956,11.87322],[75.96927,11.87254],[75.9687,11.87236],[75.96787,11.87239],[75.96668,11.87322],[75.96539,11.87469],[75.9651,11.87453],[75.96468,11.87362],[75.96415,11.87315],[75.96394,11.87283],[75.96383,11.87209],[75.96383,11.87103],[75.96341,11.8696],[75.96436,11.86912],[75.96542,11.86912],[75.96621,11.8687],[75.96612,11.86815],[75.96625,11.86801],[75.96718,11.86732],[75.9689,11.86629],[75.97143,11.8663],[75.97134,11.86633],[75.97096,11.86721],[75.97015,11.86789],[75.96952,11.86771],[75.96865,11.86858],[75.96852,11.86945],[75.96827,11.87014],[75.96709,11.87052],[75.96656,11.8712],[75.96675,11.87169],[75.96711,11.87188],[75.96762,11.87188],[75.96847,11.87158],[75.96891,11.87155],[75.97057,11.87162],[75.97165,11.87191],[75.97173,11.87249],[75.97169,11.87346],[75.97147,11.87418],[75.97108,11.8749],[75.97104,11.87577],[75.97133,11.87609],[75.97212,11.87609],[75.97263,11.87581],[75.97364,11.87472],[75.97353,11.87185],[75.97382,11.87037],[75.97421,11.8698],[75.97501,11.86922],[75.97558,11.86788],[75.97605,11.86752],[75.97674,11.86752],[75.9771,11.86778],[75.97739,11.86835],[75.97796,11.86843],[75.97848,11.86816],[75.97894,11.8663],[75.97883,11.86597],[75.97854,11.86561],[75.97731,11.8646],[75.97533,11.86367],[75.97468,11.86276],[75.97468,11.86262],[75.97407,11.86255],[75.97357,11.86219],[75.97328,11.86161],[75.97313,11.85996],[75.97259,11.85952],[75.97183,11.85909],[75.9714,11.85859],[75.97137,11.85797],[75.97165,11.85689],[75.97205,11.8565],[75.97221,11.85618],[75.97234,11.85557],[75.97259,11.85498],[75.97301,11.85456],[75.97342,11.85439],[75.97557,11.85439],[75.97512,11.85473],[75.97389,11.85502],[75.97342,11.85523],[75.97317,11.85581],[75.97317,11.85639],[75.97284,11.85689],[75.97209,11.85725],[75.97212,11.85833],[75.97259,11.85855],[75.9731,11.85855],[75.97346,11.8588],[75.97346,11.85938],[75.97378,11.85974],[75.9745,11.86003],[75.97468,11.86064],[75.97497,11.86111],[75.97551,11.86122],[75.97561,11.86134],[75.97594,11.86132],[75.97667,11.8615],[75.97876,11.86327],[75.97973,11.8645],[75.97998,11.86525],[75.97998,11.8685],[75.97987,11.86918],[75.9802,11.86954],[75.98189,11.86907],[75.9829,11.86922],[75.98337,11.86947],[75.98568,11.86958],[75.98695,11.87033],[75.98727,11.86871],[75.98752,11.86827],[75.98858,11.86746],[75.98964,11.86733],[75.99131,11.86683],[75.99122,11.86655],[75.99122,11.86438],[75.99134,11.86353],[75.99202,11.86256],[75.99202,11.86147],[75.99225,11.86004],[75.99271,11.85907],[75.99293,11.85827],[75.99373,11.85736],[75.9951,11.85742],[75.99585,11.85759],[75.99625,11.85805],[75.99682,11.86033],[75.9979,11.86101],[75.99882,11.86119],[75.99944,11.86153],[75.99941,11.86189],[75.99927,11.86208],[75.9988,11.86226],[75.99787,11.86334],[75.99732,11.86367],[75.99585,11.86359],[75.99556,11.86323],[75.99495,11.86313],[75.99339,11.86313],[75.99253,11.86327],[75.9921,11.86385],[75.99206,11.86464],[75.99221,11.86655],[75.99253,11.86702],[75.99325,11.86734],[75.99498,11.86734],[75.99592,11.86799],[75.99613,11.86828],[75.99628,11.86882],[75.99632,11.86951],[75.99613,11.87131],[75.99585,11.87196],[75.99545,11.87254],[75.99509,11.87282],[75.99442,11.873],[75.99396,11.87272],[75.99328,11.87124],[75.99276,11.87038],[75.99186,11.86922],[75.99181,11.86889],[75.99087,11.86828],[75.98943,11.86817],[75.98849,11.86868],[75.98802,11.86918],[75.98799,11.86983],[75.98809,11.87037],[75.98856,11.87077],[75.98882,11.8716],[75.98885,11.87214],[75.98882,11.87412],[75.98842,11.8752],[75.98831,11.87636],[75.98835,11.87686],[75.98878,11.87737],[75.98903,11.87798],[75.99051,11.87899],[75.9907,11.87906]]]}},{"type":"Feature","properties":{"class":"Medium Hazard Zone","fid":"218","zone":"Medium Hazard Zone","shapeArea":"0.000027","area":"0.325928"},"geometry":{"type":"Polygon","coordinates":[[[75.93119,11.84236],[75.93096,11.84257],[75.93081,11.84302],[75.93093,11.84377],[75.93057,11.84473],[75.93057,11.84536],[75.93099,11.84593],[75.9315,11.84632],[75.93153,11.84683],[75.93141,11.84713],[75.9309,11.84719],[75.92979,11.84656],[75.92922,11.84662],[75.92867,11.84683],[75.92765,11.84758],[75.92718,11.84764],[75.92738,11.84746],[75.92772,11.84666],[75.92829,11.84609],[75.9284,11.84541],[75.92835,11.84392],[75.92886,11.84329],[75.92909,11.84255],[75.92897,11.84192],[75.92823,11.84152],[75.92755,11.83907],[75.92749,11.83833],[75.92835,11.83827],[75.92932,11.83901],[75.92995,11.83901],[75.93029,11.83776],[75.93086,11.83764],[75.93097,11.83815],[75.93069,11.83844],[75.93103,11.83935],[75.93291,11.84055],[75.93314,11.84118],[75.9324,11.8417],[75.93126,11.84204],[75.93119,11.84236]]]}},{"type":"Feature","properties":{"class":"Medium Hazard Zone","fid":"219","zone":"Medium Hazard Zone","shapeArea":"0.00001","area":"0.127083"},"geometry":{"type":"Polygon","coordinates":[[[75.88844,11.82998],[75.88856,11.83067],[75.88838,11.83149],[75.88838,11.83206],[75.88807,11.83269],[75.88762,11.83317],[75.88717,11.83344],[75.88714,11.83254],[75.88729,11.83191],[75.88723,11.8314],[75.88639,11.83046],[75.88486,11.83031],[75.88441,11.82998],[75.88375,11.82971],[75.883,11.82974],[75.88201,11.83043],[75.88174,11.83043],[75.88147,11.8301],[75.88147,11.8298],[75.88201,11.82947],[75.88303,11.8292],[75.8839,11.82914],[75.88483,11.82878],[75.88495,11.82902],[75.886,11.8292],[75.88768,11.82923],[75.88828,11.82944],[75.88844,11.82998]]]}},{"type":"Feature","properties":{"class":"Medium Hazard Zone","fid":"220","zone":"Medium Hazard Zone","shapeArea":"0.000004","area":"0.05049"},"geometry":{"type":"Polygon","coordinates":[[[75.87255,11.82576],[75.8724,11.82573],[75.87225,11.82534],[75.87228,11.82498],[75.87246,11.82486],[75.87282,11.82501],[75.87444,11.8251],[75.8763,11.82501],[75.8766,11.82471],[75.87702,11.82401],[75.8775,11.82416],[75.8775,11.82504],[75.87729,11.8254],[75.87702,11.82555],[75.87657,11.8257],[75.87288,11.8257],[75.87255,11.82576]]]}},{"type":"Feature","properties":{"class":"Medium Hazard Zone","fid":"221","zone":"Medium Hazard Zone","shapeArea":"0.000005","area":"0.064058"},"geometry":{"type":"Polygon","coordinates":[[[75.88375,11.82036],[75.88369,11.82072],[75.8824,11.82177],[75.88147,11.82282],[75.88087,11.82333],[75.8806,11.82384],[75.88048,11.82504],[75.88024,11.82586],[75.87997,11.82634],[75.87934,11.82634],[75.87886,11.82595],[75.87883,11.82552],[75.87907,11.82522],[75.87979,11.82495],[75.88,11.82468],[75.8803,11.82366],[75.8806,11.82318],[75.88093,11.82228],[75.88144,11.82168],[75.88219,11.82117],[75.88297,11.82042],[75.88342,11.82015],[75.88375,11.82036]]]}},{"type":"Feature","properties":{"class":"Medium Hazard Zone","fid":"222","zone":"Medium Hazard Zone","shapeArea":"0.000017","area":"0.206635"},"geometry":{"type":"Polygon","coordinates":[[[75.83973,11.81386],[75.83917,11.81433],[75.83866,11.81461],[75.83698,11.81456],[75.83563,11.81428],[75.83507,11.81358],[75.83479,11.81279],[75.83479,11.81121],[75.83488,11.81051],[75.83633,11.81004],[75.83679,11.81023],[75.83698,11.81093],[75.83693,11.8113],[75.83628,11.81195],[75.83605,11.81233],[75.83605,11.81316],[75.83642,11.8133],[75.83698,11.81316],[75.83763,11.81275],[75.83796,11.81237],[75.83866,11.81214],[75.84019,11.81233],[75.84085,11.81261],[75.84201,11.81261],[75.84238,11.81228],[75.84262,11.81219],[75.84294,11.81237],[75.84322,11.8127],[75.84308,11.81316],[75.84262,11.81363],[75.84187,11.81382],[75.84033,11.81377],[75.83973,11.81386]]]}},{"type":"Feature","properties":{"class":"Medium Hazard Zone","fid":"223","zone":"Medium Hazard Zone","shapeArea":"0.000006","area":"0.075162"},"geometry":{"type":"Polygon","coordinates":[[[75.83591,11.81893],[75.83675,11.81963],[75.838,11.81963],[75.83852,11.81972],[75.83903,11.82028],[75.83987,11.82042],[75.8408,11.82042],[75.84089,11.82117],[75.84019,11.82163],[75.83931,11.8214],[75.83786,11.82061],[75.83642,11.82047],[75.836,11.82033],[75.83507,11.81981],[75.83507,11.81944],[75.83544,11.81888],[75.83591,11.81893]]]}},{"type":"Feature","properties":{"class":"Medium Hazard Zone","fid":"224","zone":"Medium Hazard Zone","shapeArea":"0.00039","area":"4.766048"},"geometry":{"type":"Polygon","coordinates":[[[75.82218,11.79677],[75.82201,11.79786],[75.82178,11.79849],[75.82064,11.79917],[75.82019,11.79934],[75.81967,11.80077],[75.81778,11.80098],[75.81778,11.79842],[75.8174,11.79707],[75.81698,11.79652],[75.81601,11.79606],[75.8155,11.79606],[75.81322,11.79699],[75.81185,11.79785],[75.81187,11.7966],[75.81132,11.79652],[75.80996,11.79658],[75.81006,11.79627],[75.81002,11.79559],[75.80959,11.79513],[75.80761,11.79445],[75.80765,11.79416],[75.80846,11.79298],[75.80854,11.79214],[75.80833,11.79184],[75.80689,11.79125],[75.80609,11.79116],[75.80301,11.79116],[75.802,11.79108],[75.80116,11.79137],[75.80069,11.79137],[75.80023,11.79125],[75.7996,11.78884],[75.7996,11.78812],[75.79913,11.78724],[75.79833,11.78678],[75.79757,11.78674],[75.79732,11.78728],[75.7975,11.78834],[75.79664,11.78838],[75.79601,11.78863],[75.79571,11.78931],[75.7956,11.78998],[75.7954,11.78954],[75.79537,11.78844],[75.79552,11.78776],[75.79546,11.78626],[75.79595,11.78556],[75.7969,11.78546],[75.79718,11.78571],[75.79776,11.78556],[75.79806,11.78526],[75.79832,11.78521],[75.79837,11.78465],[75.79693,11.7843],[75.7966,11.78359],[75.79604,11.78336],[75.7949,11.78131],[75.7949,11.78038],[75.79568,11.77982],[75.79738,11.77996],[75.79895,11.78053],[75.80312,11.78058],[75.80642,11.78084],[75.80859,11.78037],[75.80926,11.78012],[75.80926,11.7796],[75.809,11.77919],[75.80812,11.77888],[75.80792,11.77841],[75.80817,11.77723],[75.80817,11.77676],[75.80792,11.77609],[75.80585,11.77619],[75.80482,11.7764],[75.80436,11.77671],[75.80343,11.77702],[75.8027,11.77738],[75.80147,11.77748],[75.79997,11.77707],[75.79966,11.77656],[75.79894,11.7764],[75.79692,11.77635],[75.79558,11.77532],[75.79471,11.77532],[75.79388,11.77501],[75.79269,11.77367],[75.79197,11.77263],[75.79192,11.7715],[75.79161,11.76931],[75.79261,11.7689],[75.7935,11.76872],[75.79443,11.76872],[75.79513,11.7689],[75.7955,11.76941],[75.7955,11.76997],[75.79508,11.77058],[75.7948,11.77137],[75.79476,11.77347],[75.7948,11.77403],[75.79499,11.77431],[75.79602,11.77463],[75.79676,11.77463],[75.79727,11.77449],[75.79741,11.77403],[75.79802,11.77361],[75.79867,11.77286],[75.79909,11.77268],[75.80152,11.77263],[75.80273,11.77324],[75.80371,11.77328],[75.8044,11.77347],[75.8059,11.77352],[75.80669,11.77338],[75.80757,11.77338],[75.8086,11.77361],[75.80906,11.77403],[75.80916,11.77515],[75.80934,11.77543],[75.80958,11.77641],[75.81046,11.7771],[75.81121,11.77748],[75.81163,11.77743],[75.81167,11.77515],[75.81214,11.77282],[75.8124,11.77224],[75.81299,11.77254],[75.81633,11.77246],[75.8177,11.77331],[75.81767,11.77337],[75.81861,11.77384],[75.81997,11.77351],[75.82155,11.77248],[75.82221,11.77225],[75.82222,11.77214],[75.82412,11.77153],[75.82521,11.7716],[75.8257,11.77144],[75.82802,11.7713],[75.82663,11.77341],[75.82593,11.77476],[75.82435,11.7757],[75.82179,11.7756],[75.82081,11.77565],[75.81974,11.77588],[75.81843,11.77635],[75.81708,11.77658],[75.81619,11.77691],[75.81512,11.77747],[75.81466,11.77803],[75.81442,11.77868],[75.81442,11.77966],[75.81489,11.78059],[75.81553,11.78109],[75.81781,11.7813],[75.81922,11.78115],[75.8202,11.78115],[75.82113,11.78134],[75.82169,11.78241],[75.82155,11.78315],[75.82072,11.78455],[75.81657,11.78586],[75.8154,11.78642],[75.81489,11.78693],[75.81433,11.78772],[75.81331,11.78814],[75.81247,11.78786],[75.81202,11.78783],[75.81163,11.78755],[75.8113,11.78714],[75.81172,11.78699],[75.80854,11.78615],[75.80565,11.78471],[75.80441,11.78383],[75.80322,11.78363],[75.80241,11.78262],[75.80177,11.78225],[75.79832,11.78151],[75.79708,11.78151],[75.79672,11.78173],[75.79672,11.78199],[75.79713,11.78244],[75.79827,11.78285],[75.7995,11.78301],[75.80116,11.7843],[75.80265,11.78497],[75.80358,11.78497],[75.80528,11.78559],[75.80627,11.78543],[75.80699,11.78636],[75.80737,11.78706],[75.80795,11.78713],[75.80824,11.78732],[75.80824,11.78783],[75.809,11.78889],[75.81057,11.78998],[75.81166,11.79058],[75.81263,11.79138],[75.81407,11.79235],[75.81508,11.79294],[75.81651,11.79298],[75.81744,11.79332],[75.81841,11.79332],[75.81964,11.79311],[75.82088,11.79308],[75.82156,11.79375],[75.82224,11.79512],[75.82218,11.79677]]]}},{"type":"Feature","properties":{"class":"Medium Hazard Zone","fid":"225","zone":"Medium Hazard Zone","shapeArea":"0.00014","area":"1.709796"},"geometry":{"type":"Polygon","coordinates":[[[75.79656,11.8039],[75.79643,11.80453],[75.79622,11.80499],[75.79609,11.8071],[75.79592,11.80799],[75.79559,11.80837],[75.79521,11.80841],[75.79457,11.8082],[75.79415,11.80778],[75.7939,11.80689],[75.79369,11.8066],[75.79335,11.80571],[75.79289,11.80563],[75.79023,11.80563],[75.78951,11.8055],[75.78938,11.80508],[75.78938,11.8044],[75.78955,11.80381],[75.79002,11.80267],[75.79061,11.80217],[75.79103,11.80153],[75.79107,11.80077],[75.79079,11.79996],[75.79107,11.79964],[75.79149,11.79939],[75.7917,11.7985],[75.7917,11.7977],[75.79145,11.79736],[75.79124,11.79682],[75.79052,11.79631],[75.78879,11.79627],[75.78837,11.79618],[75.78753,11.79656],[75.78677,11.79736],[75.78622,11.79859],[75.78584,11.79985],[75.78554,11.80006],[75.78525,11.80061],[75.78508,11.80108],[75.785,11.80222],[75.7847,11.80268],[75.78457,11.8031],[75.78403,11.80357],[75.78339,11.80357],[75.78246,11.80255],[75.78196,11.80247],[75.78099,11.80251],[75.78006,11.80306],[75.77984,11.80339],[75.77917,11.80255],[75.77888,11.80158],[75.779,11.80082],[75.78006,11.80015],[75.78023,11.79977],[75.78065,11.79926],[75.78356,11.79914],[75.78521,11.79893],[75.78559,11.79838],[75.78559,11.7977],[75.78582,11.79669],[75.78665,11.79568],[75.78705,11.79538],[75.78815,11.79513],[75.78922,11.79379],[75.79237,11.79255],[75.79289,11.79255],[75.79377,11.79281],[75.79436,11.7931],[75.79487,11.79374],[75.79533,11.79572],[75.79542,11.79677],[75.79538,11.79779],[75.79462,11.79943],[75.79415,11.80011],[75.79373,11.80112],[75.79369,11.80196],[75.79331,11.80239],[75.79242,11.80302],[75.79242,11.80348],[75.79335,11.80386],[75.79441,11.80386],[75.79538,11.80314],[75.79588,11.80239],[75.79651,11.80217],[75.79727,11.80209],[75.79765,11.80175],[75.79744,11.80061],[75.79744,11.79964],[75.79723,11.79884],[75.79609,11.79698],[75.79592,11.79601],[75.79567,11.7926],[75.79545,11.79166],[75.79584,11.79151],[75.7961,11.79152],[75.79613,11.79276],[75.7963,11.79318],[75.79685,11.79385],[75.79867,11.79541],[75.79943,11.79558],[75.79981,11.79601],[75.80002,11.79643],[75.80057,11.79655],[75.80128,11.79689],[75.80166,11.79723],[75.80179,11.79786],[75.80162,11.79892],[75.80162,11.79959],[75.80179,11.80014],[75.80217,11.80044],[75.80259,11.80107],[75.8028,11.80221],[75.80276,11.80368],[75.80238,11.80423],[75.80192,11.80444],[75.79976,11.80449],[75.7993,11.8044],[75.79892,11.80423],[75.79892,11.80377],[75.7985,11.80318],[75.79795,11.80314],[75.79673,11.80343],[75.79656,11.8039]]]}},{"type":"Feature","properties":{"class":"Medium Hazard Zone","fid":"226","zone":"Medium Hazard Zone","shapeArea":"0.000016","area":"0.198132"},"geometry":{"type":"Polygon","coordinates":[[[75.8347,11.77585],[75.83449,11.77648],[75.83381,11.7766],[75.83069,11.77652],[75.8301,11.77618],[75.83006,11.77593],[75.8301,11.77534],[75.83035,11.77487],[75.83132,11.77487],[75.83175,11.77521],[75.83238,11.77542],[75.83301,11.77555],[75.83343,11.77547],[75.8336,11.775],[75.8328,11.77445],[75.83255,11.77374],[75.83251,11.77281],[75.83331,11.77137],[75.83478,11.76994],[75.83613,11.7699],[75.83673,11.76905],[75.83723,11.76893],[75.8377,11.76905],[75.83786,11.76969],[75.8377,11.77023],[75.83719,11.77061],[75.83711,11.77082],[75.83601,11.77108],[75.83466,11.77116],[75.83419,11.77179],[75.83407,11.7723],[75.83377,11.77293],[75.83377,11.77348],[75.83403,11.7742],[75.8347,11.775],[75.8347,11.77585]]]}},{"type":"Feature","properties":{"class":"Medium Hazard Zone","fid":"227","zone":"Medium Hazard Zone","shapeArea":"0.000015","area":"0.184662"},"geometry":{"type":"Polygon","coordinates":[[[75.82477,11.8304],[75.82445,11.83065],[75.82415,11.8312],[75.82394,11.83188],[75.82411,11.83276],[75.82495,11.83319],[75.82538,11.83361],[75.82533,11.8342],[75.82415,11.83424],[75.82335,11.83416],[75.82289,11.83357],[75.82213,11.83336],[75.82179,11.83255],[75.82221,11.83137],[75.82225,11.83065],[75.82263,11.82968],[75.82314,11.82892],[75.82318,11.82825],[75.82259,11.82627],[75.82196,11.82509],[75.82145,11.82483],[75.8213,11.82488],[75.82149,11.82453],[75.82221,11.82441],[75.82272,11.82495],[75.82335,11.82664],[75.82381,11.82753],[75.8244,11.8282],[75.82445,11.83006],[75.8247,11.83036],[75.82477,11.8304]]]}},{"type":"Feature","properties":{"class":"Medium Hazard Zone","fid":"228","zone":"Medium Hazard Zone","shapeArea":"0.000078","area":"0.952709"},"geometry":{"type":"Polygon","coordinates":[[[75.81607,11.82727],[75.81701,11.82778],[75.81739,11.8271],[75.81682,11.82505],[75.81684,11.82457],[75.81727,11.82464],[75.81751,11.82573],[75.81755,11.82638],[75.81789,11.82721],[75.81789,11.82782],[75.81758,11.82835],[75.81705,11.82896],[75.81614,11.82858],[75.81462,11.82623],[75.8142,11.82623],[75.81329,11.82718],[75.81249,11.82775],[75.81098,11.82775],[75.81006,11.8274],[75.80957,11.82695],[75.80874,11.82691],[75.80817,11.8279],[75.806,11.82813],[75.80467,11.82767],[75.8038,11.82797],[75.80372,11.82866],[75.80232,11.82927],[75.80034,11.83044],[75.79962,11.83097],[75.79814,11.83105],[75.79647,11.8309],[75.79662,11.8301],[75.79829,11.82923],[75.79974,11.82727],[75.8002,11.82601],[75.80031,11.82481],[75.80071,11.82402],[75.80088,11.82327],[75.80123,11.82276],[75.80208,11.82253],[75.80294,11.82304],[75.80488,11.82481],[75.80549,11.8261],[75.80623,11.82642],[75.80691,11.82634],[75.80702,11.82622],[75.80702,11.82521],[75.80668,11.82475],[75.80668,11.82365],[75.80651,11.8231],[75.80601,11.8226],[75.80563,11.82196],[75.80533,11.82103],[75.80365,11.81943],[75.8023,11.81842],[75.8023,11.818],[75.80339,11.81804],[75.80483,11.81892],[75.80626,11.81947],[75.80862,11.82065],[75.80947,11.82167],[75.80976,11.82234],[75.80896,11.82356],[75.80905,11.82487],[75.80938,11.82567],[75.8101,11.82618],[75.81149,11.82622],[75.81221,11.82605],[75.81289,11.82571],[75.81377,11.82495],[75.8139,11.82436],[75.81419,11.82407],[75.8147,11.82449],[75.81533,11.82647],[75.81607,11.82727]]]}},{"type":"Feature","properties":{"class":"Medium Hazard Zone","fid":"229","zone":"Medium Hazard Zone","shapeArea":"0.000016","area":"0.191412"},"geometry":{"type":"Polygon","coordinates":[[[75.80512,11.83365],[75.80453,11.8339],[75.80398,11.83441],[75.8031,11.83554],[75.80183,11.83668],[75.80175,11.8374],[75.80137,11.83829],[75.79997,11.83833],[75.79917,11.83825],[75.79841,11.83774],[75.79854,11.83719],[75.79884,11.83664],[75.79972,11.83614],[75.80057,11.83592],[75.8012,11.83559],[75.8028,11.83436],[75.80301,11.83356],[75.80348,11.83289],[75.8047,11.83213],[75.80626,11.83213],[75.80732,11.83263],[75.80723,11.83335],[75.80673,11.83348],[75.8066,11.8336],[75.80643,11.83352],[75.80584,11.83352],[75.80512,11.83365]]]}},{"type":"Feature","properties":{"class":"Medium Hazard Zone","fid":"230","zone":"Medium Hazard Zone","shapeArea":"0.000009","area":"0.104182"},"geometry":{"type":"Polygon","coordinates":[[[75.80875,11.84133],[75.80909,11.84192],[75.80892,11.84259],[75.80774,11.84339],[75.80736,11.84428],[75.80698,11.84483],[75.80554,11.84495],[75.80491,11.84491],[75.80441,11.84453],[75.80436,11.84407],[75.80462,11.84348],[75.80516,11.84293],[75.80614,11.84272],[75.80727,11.84234],[75.80808,11.84133],[75.80875,11.84133]]]}},{"type":"Feature","properties":{"class":"Medium Hazard Zone","fid":"231","zone":"Medium Hazard Zone","shapeArea":"0.000003","area":"0.042549"},"geometry":{"type":"Polygon","coordinates":[[[75.822,11.85111],[75.82208,11.85158],[75.8217,11.85204],[75.82128,11.85297],[75.82111,11.85432],[75.8212,11.8547],[75.82149,11.85504],[75.8212,11.85525],[75.8209,11.85521],[75.82044,11.85453],[75.82031,11.85403],[75.82035,11.85348],[75.82027,11.85327],[75.82048,11.85293],[75.82065,11.8523],[75.82086,11.852],[75.82095,11.85128],[75.82154,11.85107],[75.822,11.85111]]]}},{"type":"Feature","properties":{"class":"Medium Hazard Zone","fid":"232","zone":"Medium Hazard Zone","shapeArea":"0.000013","area":"0.160895"},"geometry":{"type":"Polygon","coordinates":[[[75.82103,11.81698],[75.82187,11.8174],[75.8223,11.81786],[75.82305,11.81799],[75.82398,11.81887],[75.82508,11.82077],[75.82487,11.82115],[75.82318,11.82111],[75.82238,11.82073],[75.82196,11.8201],[75.82145,11.8198],[75.82069,11.81968],[75.81964,11.81883],[75.81964,11.81845],[75.81917,11.81782],[75.81959,11.81706],[75.82023,11.81689],[75.82103,11.81698]]]}},{"type":"Feature","properties":{"class":"Medium Hazard Zone","fid":"233","zone":"Medium Hazard Zone","shapeArea":"0.000012","area":"0.14745"},"geometry":{"type":"Polygon","coordinates":[[[75.84786,11.84921],[75.84782,11.85237],[75.84736,11.85254],[75.84681,11.85237],[75.84643,11.85199],[75.84639,11.84874],[75.84651,11.8479],[75.84685,11.84706],[75.84753,11.84651],[75.84824,11.84638],[75.84926,11.84676],[75.84976,11.84727],[75.84976,11.84845],[75.84926,11.84895],[75.84786,11.84895],[75.84786,11.84921]]]}},{"type":"Feature","properties":{"class":"Medium Hazard Zone","fid":"234","zone":"Medium Hazard Zone","shapeArea":"0.000047","area":"0.571606"},"geometry":{"type":"Polygon","coordinates":[[[75.82547,11.74194],[75.82511,11.74347],[75.82553,11.74452],[75.82542,11.74547],[75.82453,11.74531],[75.82342,11.74473],[75.82305,11.74358],[75.82126,11.74268],[75.82052,11.74173],[75.82284,11.74168],[75.82358,11.74157],[75.82405,11.74073],[75.82484,11.73989],[75.82584,11.73952],[75.82674,11.73947],[75.82742,11.73921],[75.82805,11.73868],[75.82895,11.73836],[75.82942,11.73836],[75.83,11.73778],[75.83005,11.73689],[75.82948,11.73668],[75.82747,11.73684],[75.826,11.73726],[75.82505,11.73773],[75.824,11.73847],[75.82284,11.73889],[75.82221,11.73952],[75.81926,11.73957],[75.818,11.73905],[75.81789,11.73831],[75.81863,11.73647],[75.81942,11.73589],[75.82084,11.73594],[75.82068,11.7362],[75.82068,11.73678],[75.821,11.73715],[75.82184,11.73715],[75.82321,11.73689],[75.82747,11.73547],[75.82953,11.73526],[75.83048,11.73552],[75.8309,11.7361],[75.8309,11.73747],[75.83069,11.73852],[75.83,11.7391],[75.82816,11.73994],[75.82711,11.74084],[75.82679,11.74089],[75.82611,11.74121],[75.82547,11.74194]]]}},{"type":"Feature","properties":{"class":"Medium Hazard Zone","fid":"235","zone":"Medium Hazard Zone","shapeArea":"0.000017","area":"0.204417"},"geometry":{"type":"Polygon","coordinates":[[[75.84316,11.74912],[75.84167,11.74912],[75.84167,11.74826],[75.84219,11.7474],[75.84334,11.7474],[75.84454,11.74786],[75.84713,11.74774],[75.84799,11.74734],[75.84856,11.74677],[75.8496,11.74631],[75.85052,11.74567],[75.85115,11.74453],[75.85224,11.74412],[75.85523,11.74412],[75.85528,11.74476],[75.85459,11.74521],[75.85356,11.74521],[75.85253,11.74539],[75.85167,11.74619],[75.84971,11.74751],[75.84713,11.74855],[75.84615,11.74883],[75.84374,11.74883],[75.84316,11.74912]]]}},{"type":"Feature","properties":{"class":"Medium Hazard Zone","fid":"236","zone":"Medium Hazard Zone","shapeArea":"0.00001","area":"0.128001"},"geometry":{"type":"Polygon","coordinates":[[[76.20935,11.63696],[76.20842,11.63688],[76.20772,11.63657],[76.20722,11.63653],[76.20621,11.63665],[76.20551,11.63692],[76.20377,11.63684],[76.20331,11.63634],[76.20327,11.63579],[76.20358,11.63518],[76.20408,11.63518],[76.20439,11.63549],[76.20791,11.63537],[76.20834,11.63564],[76.20908,11.63587],[76.21097,11.63599],[76.21155,11.63556],[76.21229,11.63479],[76.21287,11.63479],[76.21283,11.63521],[76.21097,11.63669],[76.21059,11.63669],[76.20935,11.63696]]]}},{"type":"Feature","properties":{"class":"Medium Hazard Zone","fid":"237","zone":"Medium Hazard Zone","shapeArea":"0.000008","area":"0.103355"},"geometry":{"type":"Polygon","coordinates":[[[76.20168,11.63258],[76.20102,11.63285],[76.20021,11.63351],[76.20029,11.63386],[76.20091,11.63483],[76.20157,11.63494],[76.20188,11.63533],[76.20102,11.63537],[76.19994,11.63498],[76.19952,11.6344],[76.19921,11.63351],[76.19921,11.63285],[76.19963,11.63208],[76.20122,11.63134],[76.20195,11.63134],[76.20281,11.63161],[76.20397,11.63169],[76.20459,11.63189],[76.20447,11.6325],[76.20354,11.6327],[76.20296,11.6327],[76.20192,11.6325],[76.20168,11.63258]]]}},{"type":"Feature","properties":{"class":"Medium Hazard Zone","fid":"238","zone":"Medium Hazard Zone","shapeArea":"0.000012","area":"0.147235"},"geometry":{"type":"Polygon","coordinates":[[[76.06172,11.5603],[76.06182,11.56062],[76.06204,11.56091],[76.06409,11.56172],[76.06448,11.562],[76.06498,11.56261],[76.06498,11.56296],[76.06459,11.5631],[76.06399,11.56307],[76.06349,11.56289],[76.06289,11.56222],[76.06236,11.5619],[76.06094,11.56144],[76.06012,11.56087],[76.06009,11.55942],[76.06101,11.55896],[76.06282,11.55889],[76.06459,11.55772],[76.06508,11.55772],[76.06523,11.55836],[76.06515,11.55896],[76.06455,11.55952],[76.06363,11.55984],[76.06193,11.55999],[76.06172,11.5603]]]}},{"type":"Feature","properties":{"class":"Medium Hazard Zone","fid":"239","zone":"Medium Hazard Zone","shapeArea":"0.000513","area":"6.279763"},"geometry":{"type":"Polygon","coordinates":[[[76.09622,11.56165],[76.09622,11.56204],[76.0959,11.56272],[76.09455,11.56318],[76.09307,11.56314],[76.09225,11.56268],[76.09094,11.5624],[76.09041,11.56215],[76.08991,11.56169],[76.08952,11.56162],[76.08853,11.56162],[76.08772,11.56183],[76.08711,11.56231],[76.08678,11.56226],[76.08661,11.56157],[76.08668,11.56077],[76.08708,11.56058],[76.08892,11.56023],[76.0914,11.56009],[76.092,11.55984],[76.09261,11.55931],[76.09303,11.55913],[76.09445,11.55783],[76.09477,11.55662],[76.09516,11.55613],[76.09551,11.55595],[76.09572,11.5556],[76.09562,11.55468],[76.09505,11.55375],[76.09331,11.55383],[76.09271,11.55425],[76.09172,11.55446],[76.09044,11.55446],[76.08946,11.55361],[76.08803,11.55299],[76.08739,11.55142],[76.08538,11.55146],[76.08492,11.55124],[76.08384,11.55129],[76.08409,11.55075],[76.08627,11.55075],[76.08733,11.55046],[76.08793,11.55018],[76.08821,11.54947],[76.08835,11.54876],[76.08835,11.54816],[76.08814,11.54717],[76.08754,11.54618],[76.08708,11.54448],[76.08704,11.54349],[76.08736,11.54285],[76.0886,11.54568],[76.08984,11.54721],[76.09037,11.54823],[76.09087,11.54883],[76.0925,11.54951],[76.09438,11.54951],[76.09586,11.54891],[76.09625,11.54848],[76.09629,11.54579],[76.09671,11.54558],[76.09749,11.54568],[76.0982,11.54628],[76.09884,11.54639],[76.09951,11.54639],[76.10015,11.54625],[76.10153,11.54593],[76.10178,11.5454],[76.10422,11.54398],[76.10465,11.54274],[76.10429,11.54125],[76.10454,11.54058],[76.10522,11.54001],[76.10524,11.53965],[76.10495,11.53884],[76.10442,11.53779],[76.10425,11.53692],[76.10413,11.53542],[76.10379,11.53449],[76.10344,11.53379],[76.10297,11.53333],[76.10227,11.53193],[76.10048,11.53125],[76.09871,11.53103],[76.09742,11.53103],[76.09629,11.53128],[76.09547,11.53174],[76.09477,11.53184],[76.09349,11.53269],[76.0925,11.53273],[76.09232,11.53227],[76.09246,11.53145],[76.09282,11.53089],[76.09296,11.53029],[76.09278,11.52933],[76.092,11.52781],[76.09176,11.52589],[76.09013,11.52437],[76.08825,11.52327],[76.08797,11.52263],[76.08779,11.52178],[76.08945,11.52207],[76.09034,11.52246],[76.0908,11.52338],[76.09264,11.52469],[76.09363,11.52564],[76.0942,11.5265],[76.09562,11.52777],[76.0965,11.5294],[76.09682,11.52965],[76.09819,11.53022],[76.09951,11.53033],[76.10076,11.53033],[76.10293,11.52993],[76.10482,11.53165],[76.10893,11.53433],[76.11224,11.53461],[76.11254,11.53328],[76.11195,11.5316],[76.11102,11.53078],[76.10932,11.52994],[76.1095,11.52987],[76.10961,11.52856],[76.10901,11.52775],[76.11085,11.52773],[76.11129,11.52767],[76.11146,11.52747],[76.11115,11.52518],[76.11088,11.52458],[76.11055,11.52427],[76.11031,11.52367],[76.11021,11.52303],[76.11026,11.52242],[76.11031,11.52263],[76.11082,11.5233],[76.11124,11.52365],[76.11196,11.52557],[76.11244,11.52714],[76.1124,11.52724],[76.1131,11.52752],[76.11378,11.52752],[76.11443,11.52721],[76.11458,11.52723],[76.11641,11.52809],[76.11801,11.52912],[76.11875,11.52991],[76.11864,11.52991],[76.11921,11.53066],[76.12161,11.53248],[76.12241,11.53374],[76.12309,11.53454],[76.124,11.53528],[76.12378,11.53585],[76.12229,11.5374],[76.12086,11.53762],[76.11984,11.53762],[76.11886,11.53737],[76.11783,11.53732],[76.11685,11.53691],[76.11476,11.53662],[76.11301,11.53668],[76.1122,11.53714],[76.1118,11.53761],[76.11151,11.53842],[76.11162,11.53894],[76.11226,11.53971],[76.11281,11.53985],[76.11304,11.54015],[76.11322,11.54137],[76.11442,11.54406],[76.11495,11.54473],[76.11527,11.54487],[76.11765,11.54509],[76.11804,11.54544],[76.11871,11.54562],[76.11938,11.54565],[76.12108,11.54601],[76.12171,11.54601],[76.12147,11.54664],[76.12147,11.54707],[76.12374,11.54887],[76.12427,11.54909],[76.12647,11.54909],[76.12732,11.5493],[76.12788,11.54962],[76.12834,11.55086],[76.12919,11.55103],[76.12994,11.55103],[76.13051,11.55118],[76.13051,11.55174],[76.13012,11.55196],[76.12859,11.55196],[76.12746,11.55174],[76.12587,11.55164],[76.12434,11.55121],[76.12137,11.54983],[76.11924,11.54817],[76.11822,11.54777],[76.11795,11.54777],[76.11696,11.5473],[76.1158,11.54719],[76.114,11.54724],[76.11336,11.54782],[76.11325,11.55055],[76.11441,11.55173],[76.11458,11.5531],[76.11361,11.55367],[76.11258,11.55356],[76.11127,11.55264],[76.10967,11.55264],[76.10933,11.55379],[76.10813,11.55413],[76.10756,11.55493],[76.10687,11.55618],[76.10419,11.5563],[76.10219,11.55476],[76.10199,11.55426],[76.10171,11.55157],[76.101,11.5504],[76.10054,11.55012],[76.10008,11.55037],[76.09951,11.55086],[76.09944,11.55168],[76.09958,11.5538],[76.09917,11.55474],[76.09845,11.55563],[76.09834,11.55641],[76.09813,11.55691],[76.09689,11.55744],[76.09632,11.55779],[76.09601,11.55886],[76.09601,11.55992],[76.09622,11.56084],[76.09622,11.56165]]]}},{"type":"Feature","properties":{"class":"Medium Hazard Zone","fid":"240","zone":"Medium Hazard Zone","shapeArea":"0.000051","area":"0.626252"},"geometry":{"type":"Polygon","coordinates":[[[76.25902,11.61659],[76.25764,11.61495],[76.25709,11.61468],[76.25686,11.61371],[76.25732,11.61274],[76.25806,11.61194],[76.25914,11.61103],[76.25983,11.61103],[76.26046,11.6112],[76.26069,11.61257],[76.26148,11.61337],[76.26171,11.61502],[76.26263,11.61657],[76.26337,11.61731],[76.26577,11.62096],[76.27034,11.62553],[76.27061,11.62599],[76.2718,11.62707],[76.27225,11.62792],[76.27238,11.62905],[76.27315,11.62968],[76.27373,11.63],[76.27427,11.63063],[76.27436,11.6322],[76.27418,11.63265],[76.27355,11.63279],[76.27261,11.63272],[76.27261,11.63189],[76.27229,11.63045],[76.27162,11.62946],[76.27099,11.62874],[76.26927,11.62603],[76.26806,11.62518],[76.26707,11.62468],[76.26617,11.62383],[76.26509,11.6222],[76.26414,11.62112],[76.2636,11.62067],[76.26103,11.61693],[76.25902,11.61659]]]}},{"type":"Feature","properties":{"class":"Medium Hazard Zone","fid":"241","zone":"Medium Hazard Zone","shapeArea":"0.000043","area":"0.520991"},"geometry":{"type":"Polygon","coordinates":[[[76.20509,11.62255],[76.20662,11.62109],[76.20808,11.62064],[76.20931,11.62059],[76.21049,11.62091],[76.21072,11.62178],[76.21027,11.62351],[76.2094,11.62474],[76.20853,11.62561],[76.20762,11.62629],[76.20671,11.62734],[76.20543,11.62793],[76.20334,11.6283],[76.20233,11.6283],[76.20188,11.62752],[76.20256,11.62661],[76.20402,11.62634],[76.20498,11.62593],[76.2058,11.6257],[76.20603,11.62502],[76.20525,11.62515],[76.20338,11.62515],[76.20242,11.62474],[76.20128,11.62447],[76.20005,11.62442],[76.19891,11.62388],[76.19727,11.62154],[76.19727,11.62114],[76.19759,11.61995],[76.19837,11.61945],[76.19909,11.62],[76.19929,11.62051],[76.19843,11.62106],[76.19851,11.62234],[76.19874,11.62288],[76.19913,11.62315],[76.19998,11.6233],[76.20164,11.62334],[76.20265,11.62354],[76.20304,11.62419],[76.20393,11.62443],[76.20466,11.62423],[76.20509,11.624],[76.20509,11.62323],[76.20509,11.62255]]]}},{"type":"Feature","properties":{"class":"Medium Hazard Zone","fid":"242","zone":"Medium Hazard Zone","shapeArea":"0.000245","area":"3.002116"},"geometry":{"type":"Polygon","coordinates":[[[76.10133,11.62094],[76.10111,11.6213],[76.10055,11.62168],[76.09965,11.62182],[76.09913,11.62206],[76.09865,11.62367],[76.09832,11.62442],[76.09742,11.62528],[76.09681,11.62542],[76.09586,11.62537],[76.09482,11.62447],[76.09454,11.6239],[76.09444,11.62149],[76.09511,11.6213],[76.09643,11.6213],[76.09695,11.62097],[76.09738,11.6196],[76.09709,11.61832],[76.09648,11.61785],[76.09567,11.61771],[76.09444,11.61766],[76.09378,11.61714],[76.09354,11.61662],[76.09354,11.61591],[76.09369,11.61572],[76.09723,11.61572],[76.0979,11.61577],[76.09884,11.616],[76.09984,11.616],[76.10026,11.61572],[76.10026,11.61506],[76.09827,11.61406],[76.09766,11.61387],[76.09738,11.61297],[76.09733,11.61212],[76.09704,11.61075],[76.09695,11.60829],[76.09652,11.60768],[76.09619,11.60659],[76.09619,11.60536],[76.09719,11.6023],[76.09898,11.60055],[76.09939,11.60044],[76.10013,11.59987],[76.10236,11.59907],[76.1039,11.59758],[76.10402,11.59735],[76.1043,11.5972],[76.1061,11.59717],[76.10857,11.59694],[76.10891,11.59732],[76.10902,11.59842],[76.10815,11.6007],[76.10747,11.60161],[76.10684,11.60221],[76.10642,11.60232],[76.10544,11.60236],[76.10504,11.60249],[76.10258,11.60367],[76.10149,11.60429],[76.10065,11.60529],[76.10073,11.60575],[76.10126,11.60618],[76.10159,11.60618],[76.10348,11.60552],[76.1048,11.60538],[76.10594,11.6049],[76.107,11.60418],[76.1077,11.60407],[76.10819,11.60384],[76.10956,11.60346],[76.11047,11.6024],[76.11134,11.60213],[76.1151,11.60217],[76.11548,11.60243],[76.11574,11.60319],[76.11574,11.60391],[76.1154,11.60433],[76.11506,11.60441],[76.11404,11.60524],[76.11358,11.60631],[76.11356,11.60689],[76.11333,11.607],[76.11275,11.60809],[76.11173,11.60906],[76.11007,11.61037],[76.10704,11.61077],[76.10647,11.61054],[76.10569,11.61068],[76.10542,11.61062],[76.10447,11.61074],[76.10356,11.61112],[76.10291,11.61233],[76.1031,11.61313],[76.10363,11.61404],[76.10508,11.61461],[76.10739,11.61503],[76.10819,11.61541],[76.10842,11.61601],[76.10819,11.61636],[76.10618,11.61704],[76.10223,11.61711],[76.10029,11.61852],[76.10006,11.61954],[76.10048,11.62057],[76.10133,11.62094]]]}},{"type":"Feature","properties":{"class":"Medium Hazard Zone","fid":"243","zone":"Medium Hazard Zone","shapeArea":"0.000182","area":"2.229133"},"geometry":{"type":"Polygon","coordinates":[[[76.1019,11.59729],[76.10036,11.59821],[76.09962,11.59855],[76.09756,11.59878],[76.09642,11.59827],[76.09631,11.59604],[76.09779,11.59335],[76.09876,11.59227],[76.10059,11.59118],[76.10331,11.5902],[76.10409,11.58963],[76.10618,11.58892],[76.10731,11.5875],[76.10802,11.58693],[76.112,11.58603],[76.11313,11.58541],[76.11398,11.58466],[76.1154,11.58305],[76.11696,11.58229],[76.11758,11.58215],[76.12179,11.58357],[76.12285,11.5837],[76.1252,11.58308],[76.12623,11.58296],[76.126,11.58193],[76.12589,11.58051],[76.12532,11.57908],[76.12617,11.57822],[76.1276,11.57834],[76.12852,11.57891],[76.12892,11.58096],[76.12903,11.58233],[76.12869,11.58399],[76.12812,11.58536],[76.12715,11.5857],[76.12585,11.58645],[76.12322,11.58588],[76.12246,11.58562],[76.12167,11.58577],[76.12117,11.58649],[76.12151,11.58797],[76.12151,11.58915],[76.12125,11.58945],[76.12056,11.5896],[76.11977,11.58953],[76.11829,11.58884],[76.11719,11.58881],[76.11601,11.58858],[76.11464,11.58865],[76.11396,11.589],[76.11381,11.58968],[76.11438,11.59051],[76.1162,11.59184],[76.11738,11.59222],[76.11795,11.59264],[76.11813,11.59353],[76.11721,11.5937],[76.11681,11.59421],[76.11635,11.59524],[76.11532,11.59598],[76.11424,11.59707],[76.11293,11.59667],[76.11201,11.59547],[76.11151,11.5943],[76.11176,11.59347],[76.11176,11.59291],[76.11172,11.59218],[76.11142,11.59158],[76.11073,11.59097],[76.10978,11.59059],[76.10853,11.59036],[76.10743,11.59059],[76.10671,11.59089],[76.10519,11.59188],[76.10382,11.59222],[76.10261,11.59325],[76.10185,11.59469],[76.10162,11.5959],[76.1017,11.59685],[76.1019,11.59729]]]}},{"type":"Feature","properties":{"class":"Medium Hazard Zone","fid":"244","zone":"Medium Hazard Zone","shapeArea":"0.000262","area":"3.199864"},"geometry":{"type":"Polygon","coordinates":[[[76.12569,11.58993],[76.12644,11.58935],[76.1276,11.58867],[76.12963,11.58781],[76.13068,11.58788],[76.13258,11.58875],[76.13295,11.58942],[76.13363,11.58985],[76.13431,11.58991],[76.13431,11.58887],[76.13418,11.58807],[76.13386,11.58771],[76.134,11.58747],[76.13428,11.5861],[76.13474,11.58467],[76.13474,11.58359],[76.13406,11.58222],[76.13297,11.58159],[76.132,11.58148],[76.13137,11.58165],[76.13257,11.57976],[76.134,11.57954],[76.13514,11.57965],[76.13605,11.58073],[76.13748,11.58536],[76.13748,11.58702],[76.1368,11.58827],[76.13626,11.58881],[76.13603,11.58948],[76.13591,11.59151],[76.13554,11.59151],[76.13468,11.59182],[76.13092,11.59182],[76.12957,11.59237],[76.12871,11.59293],[76.12785,11.59354],[76.12724,11.59477],[76.12564,11.59698],[76.12533,11.59803],[76.12471,11.59932],[76.12435,11.60212],[76.1249,11.60421],[76.1249,11.60468],[76.12535,11.60513],[76.12599,11.60547],[76.12683,11.6057],[76.12763,11.60653],[76.12797,11.60718],[76.12869,11.60816],[76.12869,11.60923],[76.12816,11.61067],[76.12763,11.61131],[76.12596,11.61276],[76.1252,11.61306],[76.12375,11.61321],[76.12258,11.61386],[76.12208,11.61491],[76.12208,11.61567],[76.12284,11.61666],[76.1241,11.61673],[76.1255,11.61666],[76.12596,11.61696],[76.12607,11.6176],[76.12565,11.6184],[76.1247,11.61901],[76.12277,11.61901],[76.12205,11.61886],[76.12148,11.61855],[76.12066,11.61774],[76.12022,11.61746],[76.11977,11.61765],[76.11946,11.61829],[76.11946,11.61879],[76.11916,11.61924],[76.11848,11.61992],[76.11829,11.62042],[76.11825,11.62087],[76.11787,11.62144],[76.11768,11.62204],[76.11768,11.62402],[76.11848,11.62428],[76.1192,11.62394],[76.11981,11.62337],[76.12034,11.62337],[76.12064,11.6236],[76.12068,11.62409],[76.12011,11.625],[76.11935,11.6255],[76.11798,11.62664],[76.11552,11.62789],[76.11411,11.62895],[76.1135,11.6291],[76.1129,11.62903],[76.1124,11.62853],[76.11191,11.62823],[76.11191,11.62759],[76.11339,11.62702],[76.11495,11.6266],[76.11563,11.62622],[76.11582,11.62573],[76.1159,11.62508],[76.1159,11.6236],[76.11552,11.62333],[76.11487,11.6233],[76.11334,11.6245],[76.11246,11.62492],[76.11111,11.62644],[76.11043,11.62656],[76.10948,11.62644],[76.10868,11.62572],[76.10762,11.62375],[76.10697,11.6231],[76.10583,11.6228],[76.10489,11.6228],[76.10359,11.62261],[76.10287,11.62174],[76.10284,11.62082],[76.10562,11.62055],[76.10656,11.6214],[76.10902,11.6214],[76.11031,11.62155],[76.11252,11.62216],[76.11274,11.62235],[76.11358,11.62235],[76.1154,11.62181],[76.11635,11.62109],[76.11665,11.61992],[76.11738,11.61912],[76.11821,11.61847],[76.11867,11.61768],[76.11908,11.61616],[76.11908,11.61544],[76.11886,11.61464],[76.11665,11.61456],[76.11563,11.61396],[76.1154,11.61327],[76.1154,11.61229],[76.11555,11.61153],[76.1154,11.61028],[76.11487,11.61005],[76.11457,11.6096],[76.1151,11.60895],[76.11582,11.60861],[76.11722,11.60823],[76.11772,11.60778],[76.11778,11.60698],[76.11967,11.60698],[76.1201,11.60648],[76.1201,11.60605],[76.12037,11.60637],[76.12121,11.60667],[76.12193,11.60713],[76.12193,11.60778],[76.12189,11.60835],[76.12174,11.60857],[76.12102,11.6088],[76.1206,11.60941],[76.1206,11.61017],[76.11988,11.61085],[76.12003,11.61176],[76.12068,11.61203],[76.12231,11.61123],[76.1241,11.61066],[76.12569,11.60983],[76.12618,11.6091],[76.12618,11.60804],[76.12588,11.60732],[76.12417,11.60637],[76.12387,11.60565],[76.12315,11.60478],[76.12186,11.60406],[76.12145,11.60363],[76.12148,11.60334],[76.12117,11.60239],[76.12132,11.59694],[76.12159,11.59611],[76.12193,11.5955],[76.1225,11.59482],[76.12303,11.59444],[76.12478,11.59398],[76.12535,11.59356],[76.12546,11.59333],[76.12558,11.59068],[76.12569,11.58993]]]}},{"type":"Feature","properties":{"class":"Medium Hazard Zone","fid":"245","zone":"Medium Hazard Zone","shapeArea":"0.000007","area":"0.083983"},"geometry":{"type":"Polygon","coordinates":[[[76.13173,11.57487],[76.13241,11.57529],[76.13309,11.57552],[76.13431,11.57639],[76.13548,11.57673],[76.13545,11.57753],[76.1351,11.57772],[76.13412,11.57768],[76.13321,11.57685],[76.13146,11.57654],[76.13089,11.57616],[76.13059,11.57578],[76.13047,11.57529],[76.13051,11.57487],[76.13104,11.57457],[76.13173,11.57487]]]}},{"type":"Feature","properties":{"class":"Medium Hazard Zone","fid":"246","zone":"Medium Hazard Zone","shapeArea":"0.002716","area":"33.196749"},"geometry":{"type":"Polygon","coordinates":[[[75.86437,11.73378],[75.86297,11.73433],[75.86211,11.73439],[75.8612,11.73415],[75.86065,11.73354],[75.8601,11.73158],[75.85973,11.73067],[75.8593,11.72999],[75.85875,11.72999],[75.85814,11.73004],[75.85764,11.73049],[75.85602,11.7306],[75.85514,11.73077],[75.85402,11.73115],[75.85297,11.73099],[75.8518,11.73177],[75.85091,11.73293],[75.84959,11.7343],[75.84892,11.7341],[75.84806,11.73359],[75.84806,11.73217],[75.84785,11.73164],[75.84727,11.73164],[75.84675,11.73148],[75.84638,11.73122],[75.84627,11.73095],[75.84627,11.73017],[75.84702,11.72934],[75.84697,11.73],[75.84762,11.73006],[75.84805,11.72914],[75.84976,11.72786],[75.85062,11.72775],[75.85073,11.72796],[75.85073,11.72839],[75.84917,11.73127],[75.84907,11.73234],[75.84929,11.73272],[75.84958,11.73277],[75.85035,11.73212],[75.85063,11.73129],[75.85212,11.73101],[75.85285,11.72995],[75.8547,11.72806],[75.85543,11.72774],[75.85608,11.7277],[75.85609,11.72779],[75.85637,11.72788],[75.85716,11.72778],[75.85768,11.72709],[75.85798,11.72686],[75.8591,11.72683],[75.85998,11.72663],[75.86136,11.7266],[75.86182,11.7269],[75.86182,11.72729],[75.86146,11.72808],[75.86133,11.73028],[75.86146,11.73084],[75.86172,11.7313],[75.8622,11.73156],[75.86244,11.73156],[75.86267,11.73149],[75.86284,11.73126],[75.86304,11.72936],[75.86307,11.72608],[75.86313,11.72562],[75.86343,11.72526],[75.86392,11.72519],[75.86458,11.72535],[75.86501,11.72558],[75.86586,11.72641],[75.86652,11.72686],[75.86799,11.72709],[75.87088,11.72716],[75.87095,11.72683],[75.87085,11.7265],[75.87065,11.72624],[75.87052,11.72581],[75.87032,11.72565],[75.87019,11.72512],[75.87036,11.72371],[75.87032,11.72335],[75.87013,11.72309],[75.86967,11.72292],[75.86881,11.72292],[75.86814,11.72393],[75.8668,11.72449],[75.86553,11.72472],[75.86268,11.72377],[75.86094,11.72409],[75.85959,11.72449],[75.85737,11.72449],[75.85563,11.72472],[75.85389,11.7252],[75.85191,11.72554],[75.84969,11.72485],[75.8488,11.72485],[75.84759,11.72453],[75.84732,11.7239],[75.84685,11.72353],[75.84669,11.72295],[75.84569,11.72221],[75.84522,11.72137],[75.84443,11.72027],[75.84359,11.71979],[75.84311,11.71958],[75.84238,11.71942],[75.83995,11.71953],[75.83895,11.72027],[75.83922,11.72111],[75.84006,11.72211],[75.84137,11.72227],[75.84253,11.72227],[75.84343,11.72264],[75.84427,11.72759],[75.84322,11.72843],[75.84238,11.72859],[75.84195,11.72885],[75.84111,11.72895],[75.84053,11.72922],[75.8409,11.73006],[75.84227,11.73027],[75.84427,11.7298],[75.84496,11.7299],[75.84564,11.73038],[75.84585,11.73095],[75.84574,11.73275],[75.84511,11.73296],[75.84391,11.73301],[75.84456,11.73202],[75.84456,11.73153],[75.84439,11.73127],[75.8438,11.73127],[75.84144,11.73202],[75.84042,11.73218],[75.83962,11.73218],[75.83908,11.73196],[75.838,11.73105],[75.83752,11.72998],[75.8372,11.72982],[75.83607,11.72987],[75.83561,11.73007],[75.83495,11.73077],[75.83328,11.73177],[75.83189,11.73219],[75.83095,11.73224],[75.83023,11.73211],[75.82956,11.73155],[75.82839,11.73166],[75.82772,11.73188],[75.82706,11.73191],[75.82487,11.7311],[75.82367,11.73039],[75.82372,11.72928],[75.82411,11.7285],[75.82437,11.72769],[75.82461,11.7275],[75.82589,11.7275],[75.82961,11.72795],[75.83106,11.72761],[75.83623,11.72733],[75.83745,11.72706],[75.83918,11.72722],[75.84123,11.72699],[75.84235,11.72659],[75.84246,11.7259],[75.84246,11.72504],[75.84176,11.7245],[75.84126,11.72427],[75.83895,11.72405],[75.8379,11.72433],[75.83473,11.72428],[75.83359,11.72508],[75.83162,11.72533],[75.83039,11.72528],[75.82978,11.72497],[75.82972,11.72472],[75.82995,11.72405],[75.83046,11.72404],[75.83111,11.72439],[75.83339,11.72383],[75.83417,11.72339],[75.83467,11.72255],[75.83456,11.72172],[75.83395,11.72077],[75.8339,11.71983],[75.83512,11.71894],[75.83718,11.71872],[75.83909,11.71839],[75.83954,11.71803],[75.84255,11.71703],[75.8429,11.71762],[75.84388,11.71824],[75.84487,11.71833],[75.84541,11.71878],[75.84649,11.71936],[75.84703,11.71981],[75.84752,11.72076],[75.84756,11.72129],[75.84815,11.72206],[75.84837,11.72259],[75.84922,11.72313],[75.85017,11.7234],[75.85069,11.72414],[75.85138,11.72454],[75.85253,11.72454],[75.85339,11.72425],[75.85459,11.72305],[75.85494,11.72213],[75.85494,11.72],[75.85454,11.71914],[75.85391,11.71862],[75.85299,11.71853],[75.85308,11.71815],[75.8534,11.71753],[75.85304,11.7164],[75.85241,11.716],[75.85196,11.71555],[75.85214,11.71528],[75.85167,11.71506],[75.8484,11.71482],[75.84822,11.71456],[75.84791,11.71362],[75.8483,11.71219],[75.84777,11.71129],[75.84783,11.7091],[75.84725,11.70773],[75.84854,11.70788],[75.84942,11.70719],[75.8504,11.70696],[75.85138,11.70696],[75.85179,11.70769],[75.85193,11.70769],[75.8524,11.70874],[75.85293,11.71087],[75.85373,11.71299],[75.85425,11.71351],[75.85442,11.71397],[75.85431,11.71449],[75.85436,11.71512],[75.85488,11.71638],[75.85517,11.71736],[75.85574,11.71834],[75.85678,11.71862],[75.85781,11.71822],[75.85859,11.71743],[75.85858,11.71719],[75.8585,11.71722],[75.85846,11.71704],[75.85844,11.71638],[75.85857,11.71633],[75.85857,11.71575],[75.85911,11.71526],[75.8595,11.71523],[75.86018,11.71435],[75.86055,11.71357],[75.86103,11.71374],[75.86212,11.71374],[75.86367,11.71248],[75.86379,11.71179],[75.86373,11.70851],[75.86425,11.70805],[75.86626,11.70725],[75.86746,11.70581],[75.86786,11.70564],[75.86832,11.70507],[75.8685,11.70449],[75.86896,11.70392],[75.86965,11.7034],[75.8716,11.7034],[75.87212,11.70352],[75.87212,11.70489],[75.87189,11.70543],[75.87189,11.70587],[75.87235,11.70685],[75.8724,11.70788],[75.87275,11.70978],[75.87269,11.71081],[75.87246,11.71144],[75.87229,11.71149],[75.87229,11.71202],[75.87005,11.71202],[75.86729,11.71225],[75.86626,11.71322],[75.8639,11.71397],[75.86287,11.71518],[75.86155,11.71569],[75.8604,11.71628],[75.86086,11.7169],[75.86091,11.7173],[75.86074,11.71765],[75.8604,11.71793],[75.85999,11.71851],[75.85936,11.71868],[75.85833,11.71875],[75.85707,11.71938],[75.85573,11.72049],[75.85575,11.72108],[75.85758,11.7205],[75.85747,11.72212],[75.8585,11.72252],[75.86109,11.72258],[75.86298,11.72241],[75.86344,11.72235],[75.86482,11.72189],[75.86516,11.72161],[75.86516,11.72028],[75.86493,11.71994],[75.86448,11.71876],[75.86453,11.71807],[75.86501,11.71726],[75.86587,11.71672],[75.86652,11.71667],[75.86716,11.71694],[75.86738,11.71742],[75.86781,11.71785],[75.86834,11.71785],[75.86888,11.71737],[75.86909,11.71694],[75.86915,11.71544],[75.87028,11.71425],[75.87194,11.71334],[75.87371,11.71313],[75.87567,11.71313],[75.87592,11.7134],[75.87691,11.71341],[75.87742,11.71431],[75.87769,11.71522],[75.87828,11.71608],[75.87903,11.71694],[75.87989,11.71769],[75.88026,11.71834],[75.88134,11.71898],[75.88268,11.71898],[75.88327,11.71866],[75.88327,11.71817],[75.88311,11.71758],[75.88166,11.71706],[75.88165,11.71621],[75.88194,11.71569],[75.88257,11.71552],[75.88343,11.71552],[75.88418,11.71517],[75.88429,11.7146],[75.88487,11.71431],[75.88567,11.71345],[75.8863,11.71316],[75.88728,11.71316],[75.88791,11.71293],[75.88814,11.71236],[75.88803,11.71155],[75.88728,11.71115],[75.88665,11.71058],[75.88487,11.70931],[75.88343,11.70868],[75.88182,11.70782],[75.8805,11.70667],[75.8805,11.70569],[75.88171,11.70253],[75.88171,11.70024],[75.88188,11.69931],[75.88215,11.69918],[75.88818,11.69918],[75.88908,11.69939],[75.88929,11.7005],[75.88933,11.70153],[75.88763,11.7038],[75.88717,11.705],[75.88717,11.70598],[75.88745,11.70736],[75.88826,11.70879],[75.88912,11.70925],[75.88969,11.70983],[75.88998,11.71224],[75.89038,11.71316],[75.89101,11.71379],[75.8936,11.71385],[75.89371,11.71345],[75.89371,11.71046],[75.89383,11.70828],[75.89423,11.70736],[75.89435,11.70678],[75.89486,11.70575],[75.89486,11.70393],[75.89498,11.70358],[75.89504,11.70261],[75.89527,11.70198],[75.89555,11.70192],[75.89618,11.70129],[75.8967,11.70048],[75.8982,11.70025],[75.89934,11.70037],[75.90003,11.70066],[75.90026,11.7014],[75.90026,11.70232],[75.8998,11.70387],[75.89843,11.70646],[75.89797,11.70778],[75.89785,11.70852],[75.89797,11.71077],[75.89814,11.71122],[75.89877,11.71174],[75.89923,11.71191],[75.89974,11.71194],[75.8976,11.71354],[75.89723,11.71353],[75.89689,11.71367],[75.89612,11.71429],[75.89564,11.71449],[75.89285,11.71453],[75.89155,11.7149],[75.89142,11.71506],[75.89096,11.71521],[75.89033,11.71535],[75.8895,11.71597],[75.88922,11.71687],[75.8893,11.71733],[75.89038,11.71902],[75.89205,11.71942],[75.89291,11.71942],[75.89389,11.71925],[75.8955,11.71816],[75.89647,11.7177],[75.8994,11.71666],[75.90084,11.71569],[75.90199,11.71534],[75.90268,11.71419],[75.90261,11.71391],[75.90342,11.71339],[75.90418,11.71315],[75.90478,11.71407],[75.90486,11.71458],[75.90483,11.71552],[75.90177,11.717],[75.90013,11.71757],[75.89823,11.71843],[75.89738,11.71903],[75.89643,11.71945],[75.89674,11.72013],[75.89729,11.72084],[75.89769,11.72095],[75.89769,11.72176],[75.89748,11.7228],[75.89748,11.72364],[75.89797,11.72385],[75.89894,11.72385],[75.8997,11.72301],[75.90033,11.72267],[75.90102,11.7226],[75.9022,11.72267],[75.90241,11.72371],[75.90241,11.72607],[75.90303,11.72718],[75.90352,11.72725],[75.90393,11.72711],[75.90463,11.72627],[75.90511,11.72627],[75.90518,11.72676],[75.90574,11.72787],[75.90608,11.72808],[75.90782,11.72849],[75.90893,11.72898],[75.90976,11.72898],[75.91113,11.72921],[75.91275,11.72921],[75.91426,11.72901],[75.91488,11.72843],[75.91873,11.72797],[75.91977,11.72745],[75.92081,11.72646],[75.92128,11.72614],[75.92159,11.72521],[75.92159,11.72339],[75.92149,11.72271],[75.92138,11.72235],[75.92071,11.72204],[75.9193,11.72193],[75.91838,11.72198],[75.91791,11.72188],[75.91705,11.72188],[75.91605,11.72236],[75.91514,11.7225],[75.91414,11.72283],[75.91266,11.72279],[75.91209,11.72255],[75.91099,11.72102],[75.91095,11.72036],[75.91142,11.7188],[75.91142,11.71756],[75.91123,11.71713],[75.9109,11.71684],[75.90971,11.71637],[75.90966,11.71589],[75.90985,11.71546],[75.91061,11.71484],[75.91252,11.71455],[75.91295,11.71427],[75.91306,11.71398],[75.91301,11.71377],[75.91142,11.7137],[75.90914,11.71389],[75.90824,11.71408],[75.90715,11.71399],[75.90631,11.71468],[75.906,11.71443],[75.90565,11.71356],[75.90504,11.71289],[75.90641,11.71241],[75.90675,11.71178],[75.9067,11.70943],[75.90595,11.70805],[75.90601,11.7069],[75.90618,11.70627],[75.90635,11.70454],[75.9063,11.70047],[75.90716,11.69949],[75.90831,11.69897],[75.90894,11.69909],[75.9094,11.69966],[75.90991,11.69983],[75.91049,11.70024],[75.9106,11.70179],[75.91078,11.70242],[75.91238,11.70236],[75.91428,11.70265],[75.91508,11.70294],[75.91543,11.70351],[75.91586,11.70373],[75.91705,11.70394],[75.91814,11.70361],[75.91828,11.70335],[75.91853,11.7034],[75.919,11.70392],[75.9201,11.70464],[75.92048,11.70502],[75.92172,11.70536],[75.92334,11.70526],[75.92448,11.70445],[75.92696,11.70445],[75.92773,11.7046],[75.92825,11.70484],[75.92868,11.70531],[75.9302,11.70603],[75.93087,11.70603],[75.93192,11.70598],[75.93283,11.70565],[75.93426,11.70488],[75.93526,11.70488],[75.93626,11.70503],[75.93688,11.70503],[75.9375,11.70488],[75.93754,11.70441],[75.9374,11.7035],[75.93597,11.70355],[75.93406,11.70393],[75.93335,11.70398],[75.92916,11.70398],[75.92901,11.70369],[75.92834,11.70341],[75.92815,11.70307],[75.92672,11.70307],[75.92625,11.70336],[75.92531,11.70346],[75.92468,11.7028],[75.92445,11.7024],[75.92479,11.70188],[75.92565,11.70153],[75.92606,11.70079],[75.92669,11.70044],[75.92726,11.70033],[75.93008,11.70033],[75.93272,11.70091],[75.93312,11.70073],[75.93513,11.7009],[75.93582,11.7009],[75.93686,11.70073],[75.93766,11.70033],[75.93829,11.69981],[75.93933,11.69941],[75.93984,11.69878],[75.93915,11.69803],[75.93737,11.69803],[75.93553,11.69872],[75.93289,11.69941],[75.93203,11.69918],[75.93088,11.69918],[75.93008,11.69901],[75.92899,11.69855],[75.92613,11.69835],[75.92537,11.69702],[75.92526,11.6961],[75.92537,11.69542],[75.92492,11.6945],[75.92496,11.69444],[75.92456,11.69398],[75.9237,11.69346],[75.92255,11.69329],[75.9202,11.69323],[75.91979,11.69277],[75.92031,11.69128],[75.92106,11.69053],[75.9237,11.69083],[75.92496,11.69135],[75.92571,11.69227],[75.92606,11.69313],[75.92632,11.69342],[75.92646,11.69342],[75.92713,11.6939],[75.92784,11.6937],[75.92858,11.69365],[75.92956,11.6933],[75.9299,11.69307],[75.93025,11.69233],[75.93071,11.69175],[75.93146,11.69141],[75.93174,11.69095],[75.93197,11.69049],[75.93203,11.68922],[75.93266,11.68853],[75.93318,11.68825],[75.93416,11.68744],[75.93456,11.68635],[75.93467,11.68578],[75.93462,11.684],[75.93427,11.68371],[75.93352,11.68354],[75.93249,11.68405],[75.93151,11.68486],[75.93134,11.68589],[75.93134,11.68756],[75.93088,11.68807],[75.93025,11.68819],[75.92881,11.68819],[75.92663,11.6898],[75.926,11.69003],[75.92519,11.69003],[75.92428,11.68951],[75.92376,11.68899],[75.92324,11.68871],[75.92284,11.68819],[75.92255,11.6875],[75.92175,11.68664],[75.92152,11.68578],[75.92215,11.68572],[75.92221,11.6852],[75.92244,11.68463],[75.92295,11.68382],[75.92583,11.68227],[75.92657,11.68118],[75.92715,11.68003],[75.92715,11.67888],[75.92617,11.67705],[75.9241,11.67653],[75.92071,11.67693],[75.91974,11.67768],[75.91916,11.67837],[75.91899,11.67911],[75.91853,11.68015],[75.91658,11.68181],[75.91623,11.6825],[75.91526,11.68273],[75.91388,11.68273],[75.91319,11.6825],[75.91319,11.68176],[75.91336,11.68124],[75.91376,11.68084],[75.91612,11.67969],[75.91698,11.67911],[75.91842,11.67756],[75.91916,11.67647],[75.91991,11.67567],[75.92,11.67542],[75.92073,11.67498],[75.92277,11.6734],[75.92423,11.67273],[75.9251,11.67258],[75.9264,11.67262],[75.92714,11.67297],[75.9288,11.67325],[75.92947,11.6736],[75.93065,11.6747],[75.93183,11.6747],[75.93254,11.67451],[75.93289,11.67403],[75.93348,11.67242],[75.9334,11.67041],[75.9338,11.66951],[75.93376,11.66903],[75.93301,11.66868],[75.93204,11.66864],[75.9323,11.66779],[75.9323,11.66689],[75.93211,11.66622],[75.93163,11.66598],[75.93167,11.66458],[75.93152,11.66411],[75.9312,11.66395],[75.93048,11.66419],[75.93019,11.66415],[75.92818,11.66461],[75.92692,11.66479],[75.926,11.66513],[75.92364,11.66634],[75.92244,11.6668],[75.92094,11.66823],[75.9202,11.66909],[75.91888,11.66996],[75.91715,11.67076],[75.91439,11.67076],[75.91302,11.67093],[75.9121,11.6707],[75.91204,11.67024],[75.91342,11.6695],[75.91439,11.66944],[75.91543,11.66921],[75.91652,11.66818],[75.91801,11.66818],[75.91882,11.66795],[75.92215,11.66594],[75.92318,11.66542],[75.92422,11.66507],[75.92491,11.66438],[75.92818,11.66295],[75.92887,11.66243],[75.92939,11.66186],[75.9295,11.66082],[75.92881,11.66036],[75.92778,11.66031],[75.92665,11.66047],[75.92649,11.66014],[75.92601,11.6601],[75.92444,11.6601],[75.92363,11.66019],[75.9234,11.66034],[75.92267,11.66003],[75.92232,11.6598],[75.92221,11.65917],[75.92226,11.65836],[75.92295,11.65756],[75.92376,11.65699],[75.92473,11.65635],[75.92571,11.65595],[75.92743,11.65589],[75.9287,11.65607],[75.92972,11.65607],[75.93231,11.65474],[75.93263,11.65433],[75.93121,11.65278],[75.92932,11.65203],[75.92837,11.65203],[75.92648,11.65241],[75.92571,11.6521],[75.92571,11.65182],[75.92594,11.65153],[75.92663,11.65136],[75.92784,11.65072],[75.92881,11.65049],[75.92945,11.65021],[75.93031,11.64963],[75.93059,11.64894],[75.93059,11.64837],[75.93008,11.64808],[75.92819,11.64819],[75.92796,11.64769],[75.92706,11.64764],[75.92601,11.64774],[75.92334,11.64836],[75.92201,11.64836],[75.92162,11.64807],[75.92143,11.64745],[75.92108,11.64745],[75.9237,11.64504],[75.92445,11.64406],[75.92491,11.64297],[75.92577,11.64199],[75.92565,11.64153],[75.92468,11.64171],[75.92324,11.64291],[75.92054,11.64463],[75.91922,11.64561],[75.91796,11.64577],[75.91828,11.64504],[75.91823,11.64459],[75.91796,11.64418],[75.91682,11.64425],[75.91539,11.64524],[75.91515,11.64528],[75.91456,11.64519],[75.91426,11.64462],[75.91412,11.64381],[75.91244,11.6439],[75.9119,11.6441],[75.91111,11.64504],[75.91106,11.64573],[75.91067,11.64612],[75.91023,11.64617],[75.9083,11.64711],[75.90766,11.64731],[75.90692,11.64736],[75.90623,11.64755],[75.90594,11.64814],[75.90568,11.64834],[75.90475,11.64834],[75.90411,11.64814],[75.90278,11.64731],[75.90229,11.64662],[75.90219,11.64573],[75.90145,11.64519],[75.90091,11.64435],[75.90081,11.64331],[75.90096,11.64218],[75.90165,11.64164],[75.90505,11.64164],[75.90613,11.64139],[75.90889,11.64021],[75.91067,11.64021],[75.91111,11.64006],[75.91116,11.63957],[75.91087,11.63939],[75.91087,11.63924],[75.91008,11.6383],[75.91008,11.63791],[75.91062,11.63732],[75.91274,11.63667],[75.91348,11.63633],[75.91402,11.63584],[75.91476,11.63485],[75.91589,11.63421],[75.91716,11.63328],[75.91784,11.63337],[75.91933,11.63389],[75.92209,11.63389],[75.92261,11.63348],[75.92376,11.63285],[75.92451,11.63211],[75.92473,11.63142],[75.92473,11.63067],[75.92508,11.62935],[75.92508,11.62866],[75.92451,11.62809],[75.92353,11.62791],[75.92158,11.62872],[75.9179,11.62872],[75.91704,11.62929],[75.91658,11.6301],[75.91595,11.63067],[75.91474,11.6313],[75.91376,11.63096],[75.91371,11.6301],[75.91405,11.62895],[75.91405,11.62803],[75.91376,11.62745],[75.91267,11.62763],[75.9121,11.62843],[75.91187,11.62964],[75.91192,11.63147],[75.91141,11.63245],[75.91072,11.63297],[75.9094,11.63435],[75.90842,11.63469],[75.90733,11.6355],[75.90624,11.63601],[75.90549,11.63613],[75.90446,11.63607],[75.90411,11.6355],[75.90492,11.63475],[75.90601,11.63435],[75.90767,11.63314],[75.90825,11.63245],[75.90894,11.63061],[75.90877,11.63021],[75.90773,11.63033],[75.90687,11.63101],[75.90572,11.63257],[75.90503,11.63297],[75.90417,11.63308],[75.90362,11.63344],[75.90397,11.63258],[75.90421,11.63224],[75.90352,11.63216],[75.90371,11.6317],[75.90405,11.63107],[75.90543,11.62987],[75.90578,11.629],[75.90578,11.62797],[75.90561,11.62728],[75.9044,11.62751],[75.90302,11.62814],[75.90204,11.62975],[75.90121,11.63015],[75.90204,11.62869],[75.90226,11.62857],[75.90362,11.62702],[75.90457,11.62563],[75.90579,11.62669],[75.90662,11.62725],[75.90846,11.62641],[75.90957,11.62497],[75.91113,11.62519],[75.91307,11.62652],[75.91546,11.62613],[75.91674,11.62652],[75.91797,11.62708],[75.91897,11.62725],[75.92297,11.62574],[75.92586,11.62497],[75.92725,11.62497],[75.9277,11.62552],[75.92758,11.6268],[75.92742,11.62758],[75.92664,11.62836],[75.92853,11.63053],[75.92875,11.63108],[75.92864,11.63169],[75.92792,11.63247],[75.92608,11.63242],[75.92536,11.63297],[75.92636,11.63403],[75.92736,11.63442],[75.9272,11.63503],[75.92608,11.63609],[75.92542,11.63703],[75.92547,11.63781],[75.92604,11.63805],[75.92697,11.63701],[75.92814,11.6364],[75.92975,11.63579],[75.93092,11.63595],[75.93087,11.63729],[75.93192,11.63868],[75.93192,11.63962],[75.93003,11.64162],[75.92936,11.64257],[75.93003,11.64274],[75.93175,11.64224],[75.93293,11.64244],[75.93432,11.64195],[75.93587,11.64319],[75.93659,11.64425],[75.93645,11.6446],[75.93522,11.64552],[75.93435,11.64602],[75.93373,11.64658],[75.93287,11.64707],[75.93231,11.64775],[75.93237,11.64843],[75.93305,11.64887],[75.93305,11.64967],[75.93212,11.65041],[75.93212,11.65097],[75.93237,11.65128],[75.93336,11.6514],[75.93386,11.65165],[75.93447,11.65251],[75.93528,11.65282],[75.93577,11.65282],[75.93614,11.65338],[75.93689,11.6535],[75.93713,11.65381],[75.93726,11.65449],[75.9372,11.65536],[75.93571,11.65709],[75.93423,11.65988],[75.93398,11.66049],[75.93398,11.66136],[75.93484,11.66186],[75.938,11.66186],[75.93905,11.66171],[75.93986,11.66208],[75.9401,11.66228],[75.94037,11.66279],[75.94137,11.66379],[75.9417,11.66483],[75.94164,11.66514],[75.94139,11.66541],[75.9401,11.66553],[75.93961,11.66652],[75.93955,11.66726],[75.93936,11.668],[75.93862,11.66974],[75.93849,11.67023],[75.93843,11.67233],[75.93868,11.67332],[75.93924,11.674],[75.94016,11.67468],[75.94363,11.67407],[75.94412,11.67431],[75.94412,11.67487],[75.94326,11.67518],[75.94233,11.67524],[75.94134,11.67586],[75.94103,11.67629],[75.94103,11.67654],[75.94128,11.67685],[75.94202,11.6771],[75.9435,11.6771],[75.94493,11.67697],[75.94579,11.67679],[75.94647,11.67679],[75.94666,11.6771],[75.94641,11.67747],[75.944,11.67796],[75.94258,11.67864],[75.94072,11.67926],[75.93961,11.68013],[75.93961,11.68081],[75.94047,11.68118],[75.94381,11.68099],[75.94449,11.6813],[75.94499,11.68223],[75.9453,11.6831],[75.94629,11.6844],[75.94635,11.68916],[75.94592,11.6899],[75.94517,11.69077],[75.94431,11.69213],[75.94338,11.69281],[75.94227,11.69343],[75.94109,11.69361],[75.93947,11.69358],[75.93866,11.69383],[75.93776,11.69383],[75.93673,11.694],[75.93673,11.69467],[75.93826,11.69514],[75.93902,11.69557],[75.93921,11.6961],[75.93993,11.69634],[75.9416,11.69662],[75.94179,11.69696],[75.94179,11.69748],[75.9416,11.6982],[75.94164,11.69929],[75.94112,11.69963],[75.93964,11.7002],[75.93964,11.70067],[75.9404,11.70096],[75.94098,11.70187],[75.94107,11.70258],[75.94136,11.70311],[75.94107,11.70372],[75.94169,11.70434],[75.94202,11.70492],[75.94207,11.70558],[75.94198,11.70639],[75.9416,11.70673],[75.93912,11.70716],[75.93833,11.70744],[75.93515,11.70738],[75.93423,11.70775],[75.93373,11.70824],[75.93373,11.70905],[75.9341,11.70948],[75.9341,11.71189],[75.93324,11.7135],[75.93317,11.71474],[75.93274,11.71529],[75.93206,11.71566],[75.92983,11.7156],[75.92928,11.7148],[75.92847,11.71443],[75.92658,11.7144],[75.92606,11.71383],[75.92563,11.71307],[75.92525,11.71263],[75.92514,11.71215],[75.92418,11.71161],[75.9233,11.7103],[75.92225,11.70946],[75.9213,11.7093],[75.92019,11.71041],[75.92036,11.71124],[75.92102,11.71219],[75.92075,11.71325],[75.91986,11.71397],[75.91936,11.71458],[75.91974,11.7158],[75.92241,11.71558],[75.92697,11.71691],[75.92859,11.71769],[75.92903,11.7183],[75.92948,11.71864],[75.92975,11.71914],[75.92998,11.71987],[75.93009,11.71996],[75.93016,11.72156],[75.92954,11.72218],[75.92954,11.72253],[75.92898,11.72322],[75.92836,11.72371],[75.9278,11.7244],[75.92773,11.72586],[75.92725,11.7262],[75.92635,11.72759],[75.92537,11.7287],[75.92454,11.72898],[75.9235,11.72905],[75.92121,11.7303],[75.91989,11.73162],[75.91878,11.7321],[75.91767,11.73287],[75.91649,11.73349],[75.91413,11.73425],[75.91323,11.73418],[75.91233,11.73377],[75.91101,11.73349],[75.90858,11.73349],[75.90754,11.7337],[75.90685,11.73432],[75.90491,11.73425],[75.90421,11.73405],[75.9032,11.73357],[75.9024,11.73337],[75.89984,11.73132],[75.89806,11.73043],[75.89611,11.72981],[75.89495,11.72954],[75.89404,11.72956],[75.89372,11.72914],[75.89178,11.72859],[75.8885,11.72875],[75.88755,11.72842],[75.88574,11.72816],[75.88449,11.72777],[75.88256,11.72826],[75.88139,11.72877],[75.87876,11.73107],[75.8735,11.7318],[75.87219,11.73152],[75.87115,11.73146],[75.87024,11.73103],[75.8692,11.7303],[75.86859,11.72957],[75.8681,11.72944],[75.86761,11.72944],[75.86674,11.73099],[75.86699,11.73153],[75.86822,11.73215],[75.87014,11.7324],[75.87113,11.7324],[75.87212,11.73264],[75.87231,11.73363],[75.87187,11.73382],[75.86625,11.73382],[75.86527,11.73351],[75.86437,11.73378]],[[75.87586,11.72732],[75.87674,11.72748],[75.8801,11.72536],[75.88149,11.72427],[75.88128,11.72377],[75.88023,11.72322],[75.87907,11.72322],[75.87777,11.72205],[75.87726,11.72214],[75.87668,11.72179],[75.87634,11.72222],[75.87629,11.72345],[75.87615,11.72399],[75.87622,11.72401],[75.87567,11.72631],[75.87574,11.72708],[75.87586,11.72732]]]}},{"type":"Feature","properties":{"class":"Medium Hazard Zone","fid":"247","zone":"Medium Hazard Zone","shapeArea":"0.000029","area":"0.350407"},"geometry":{"type":"Polygon","coordinates":[[[75.98229,11.63188],[75.9823,11.6325],[75.98183,11.63303],[75.98141,11.63305],[75.98083,11.63264],[75.97977,11.63017],[75.97877,11.62892],[75.97769,11.62682],[75.97737,11.62654],[75.97679,11.62644],[75.97616,11.62579],[75.97571,11.62567],[75.97524,11.62599],[75.97494,11.62646],[75.97494,11.62679],[75.97534,11.62711],[75.97659,11.62766],[75.97716,11.62805],[75.97739,11.6283],[75.97747,11.62903],[75.97718,11.62914],[75.97679,11.62911],[75.97602,11.6284],[75.97421,11.62831],[75.97331,11.62786],[75.97309,11.62689],[75.97309,11.62614],[75.97331,11.62488],[75.97383,11.62405],[75.9745,11.62346],[75.97712,11.62346],[75.97801,11.62368],[75.97861,11.62443],[75.97906,11.62555],[75.97973,11.62674],[75.97998,11.62738],[75.97971,11.62758],[75.97953,11.62822],[75.98006,11.62928],[75.98028,11.6303],[75.98145,11.63167],[75.98196,11.63191],[75.98229,11.63188]]]}},{"type":"Feature","properties":{"class":"Medium Hazard Zone","fid":"248","zone":"Medium Hazard Zone","shapeArea":"0.000004","area":"0.047606"},"geometry":{"type":"Polygon","coordinates":[[[75.97265,11.63563],[75.97261,11.63616],[75.97126,11.63687],[75.96951,11.63683],[75.96926,11.63624],[75.96934,11.63563],[75.97016,11.6354],[75.97059,11.63556],[75.97124,11.63561],[75.97247,11.63554],[75.97265,11.63563]]]}},{"type":"Feature","properties":{"class":"Low Hazard Zone","fid":"249","zone":"Low Hazard Zone","shapeArea":"0.000072","area":"0.885051"},"geometry":{"type":"Polygon","coordinates":[[[75.96532,11.89095],[75.96476,11.89059],[75.96595,11.88966],[75.96595,11.88938],[75.96609,11.88903],[75.96496,11.88726],[75.96376,11.88733],[75.96228,11.88776],[75.95952,11.88797],[75.95889,11.88761],[75.95853,11.8862],[75.95747,11.88571],[75.95684,11.88606],[75.95613,11.8867],[75.95472,11.88832],[75.95323,11.88903],[75.95267,11.88952],[75.95189,11.88995],[75.95146,11.89046],[75.95126,11.89033],[75.95117,11.88879],[75.9513,11.88816],[75.95189,11.88747],[75.9526,11.88592],[75.95316,11.88677],[75.95288,11.88846],[75.95316,11.8886],[75.95465,11.88684],[75.95514,11.88585],[75.9562,11.88528],[75.95768,11.88486],[75.95874,11.88514],[75.95973,11.88684],[75.96065,11.8862],[75.96143,11.88585],[75.96221,11.8862],[75.96249,11.88691],[75.96277,11.88705],[75.96426,11.88677],[75.9644,11.88564],[75.96468,11.88486],[75.96645,11.88542],[75.96687,11.88578],[75.96744,11.88486],[75.96737,11.88359],[75.96779,11.88238],[75.96765,11.88175],[75.9668,11.88161],[75.96588,11.88132],[75.96503,11.88055],[75.9639,11.88041],[75.96298,11.87998],[75.96333,11.87943],[75.96412,11.87913],[75.96482,11.87906],[75.96529,11.87976],[75.96722,11.88069],[75.96926,11.88123],[75.96934,11.88175],[75.9697,11.88274],[75.97069,11.88302],[75.97231,11.88514],[75.97298,11.88681],[75.97315,11.88801],[75.97316,11.88811],[75.97252,11.88825],[75.9709,11.8891],[75.96949,11.88896],[75.96857,11.89009],[75.96744,11.89094],[75.96631,11.89087],[75.96532,11.89095]]]}},{"type":"Feature","properties":{"class":"Low Hazard Zone","fid":"250","zone":"Low Hazard Zone","shapeArea":"0.000089","area":"1.085878"},"geometry":{"type":"Polygon","coordinates":[[[75.95366,11.62622],[75.95491,11.6283],[75.95565,11.63069],[75.95595,11.63131],[75.95717,11.63273],[75.95709,11.63407],[75.95597,11.63432],[75.956,11.63457],[75.95399,11.63541],[75.95351,11.63553],[75.95302,11.63549],[75.95049,11.6339],[75.94982,11.6324],[75.95074,11.63156],[75.95216,11.63115],[75.95065,11.62989],[75.95057,11.62847],[75.95015,11.62705],[75.94856,11.6248],[75.94881,11.62321],[75.94815,11.62154],[75.94865,11.62028],[75.94982,11.61928],[75.95165,11.6192],[75.95257,11.62109],[75.95312,11.621],[75.95358,11.62045],[75.95508,11.62045],[75.95546,11.62083],[75.95517,11.62133],[75.95558,11.62229],[75.95667,11.62254],[75.95757,11.62255],[75.95817,11.62346],[75.95633,11.62396],[75.95567,11.62488],[75.955,11.62538],[75.95391,11.62521],[75.95366,11.62622]]]}},{"type":"Feature","properties":{"class":"Low Hazard Zone","fid":"251","zone":"Low Hazard Zone","shapeArea":"0.000669","area":"8.175197"},"geometry":{"type":"Polygon","coordinates":[[[76.06183,11.95325],[76.06237,11.9545],[76.06244,11.95567],[76.06222,11.95667],[76.06215,11.95777],[76.06181,11.95821],[76.06031,11.95699],[76.06026,11.95646],[76.05991,11.95571],[76.05951,11.95435],[76.05948,11.95375],[76.05919,11.95314],[76.05855,11.95296],[76.05791,11.95296],[76.05688,11.95328],[76.0562,11.95337],[76.05624,11.95212],[76.05607,11.95129],[76.05574,11.95048],[76.05572,11.94953],[76.05536,11.94875],[76.05481,11.94797],[76.05438,11.94769],[76.0528,11.94749],[76.05222,11.94756],[76.05177,11.94771],[76.05119,11.94807],[76.05076,11.94817],[76.04978,11.94822],[76.04872,11.94809],[76.04837,11.94769],[76.04832,11.94701],[76.04845,11.94563],[76.04814,11.94452],[76.04804,11.94296],[76.04754,11.94198],[76.04711,11.94173],[76.04671,11.94183],[76.04611,11.94178],[76.04452,11.94135],[76.04369,11.9415],[76.04332,11.94183],[76.04276,11.94283],[76.04224,11.94462],[76.04155,11.94454],[76.04086,11.94426],[76.04008,11.94379],[76.03953,11.94325],[76.03835,11.94149],[76.03833,11.94083],[76.03818,11.94014],[76.03868,11.9402],[76.03948,11.93923],[76.04056,11.93889],[76.04119,11.93895],[76.04204,11.93923],[76.04256,11.93912],[76.04382,11.93843],[76.04536,11.93843],[76.04576,11.93832],[76.04639,11.93798],[76.0465,11.93723],[76.04718,11.93661],[76.0477,11.93598],[76.04913,11.93546],[76.05027,11.93541],[76.05038,11.93466],[76.04867,11.93455],[76.04337,11.93655],[76.04337,11.93587],[76.04309,11.93548],[76.04022,11.93563],[76.03798,11.93591],[76.0374,11.93659],[76.03688,11.93697],[76.03612,11.93699],[76.03547,11.93677],[76.03496,11.93641],[76.03454,11.93641],[76.03441,11.93659],[76.03371,11.93704],[76.03225,11.93684],[76.03069,11.93619],[76.02996,11.93619],[76.02943,11.93629],[76.02938,11.93659],[76.02847,11.93732],[76.02724,11.93767],[76.02533,11.93845],[76.02412,11.93873],[76.02364,11.93875],[76.02299,11.93858],[76.02261,11.93777],[76.02166,11.93709],[76.02161,11.93679],[76.02068,11.93606],[76.01909,11.93599],[76.01839,11.93634],[76.01773,11.93752],[76.01746,11.93848],[76.01684,11.93981],[76.0162,11.93979],[76.01559,11.9401],[76.01459,11.94034],[76.01366,11.94035],[76.01265,11.94012],[76.01188,11.93974],[76.01141,11.93936],[76.01118,11.9389],[76.01086,11.93868],[76.00976,11.93835],[76.00968,11.93644],[76.00986,11.93583],[76.01074,11.93483],[76.0116,11.93415],[76.01223,11.9338],[76.01267,11.93336],[76.0131,11.9327],[76.0132,11.93233],[76.01306,11.93193],[76.01199,11.93166],[76.01159,11.93139],[76.01085,11.93038],[76.0108,11.92924],[76.00943,11.92787],[76.00928,11.92738],[76.00943,11.92698],[76.00961,11.92674],[76.01014,11.92637],[76.01065,11.92627],[76.01185,11.92673],[76.01261,11.92666],[76.0132,11.92629],[76.01357,11.92595],[76.01373,11.92555],[76.01457,11.92468],[76.01497,11.92448],[76.01558,11.92397],[76.01622,11.92293],[76.01717,11.92177],[76.01702,11.92152],[76.0164,11.92146],[76.01561,11.92209],[76.01451,11.92227],[76.0137,11.92216],[76.01322,11.92198],[76.01348,11.92058],[76.0145,11.92039],[76.01508,11.92016],[76.01541,11.91992],[76.01685,11.918],[76.01735,11.918],[76.01843,11.91822],[76.01937,11.91858],[76.01977,11.91883],[76.02139,11.91886],[76.02193,11.91858],[76.02215,11.91804],[76.022,11.91757],[76.02121,11.91713],[76.02125,11.91656],[76.01858,11.91663],[76.01763,11.91687],[76.01568,11.91654],[76.01377,11.91669],[76.01293,11.91707],[76.01161,11.9174],[76.01107,11.91809],[76.01081,11.91897],[76.01088,11.91928],[76.01071,11.91971],[76.01021,11.91985],[76.00947,11.91968],[76.00847,11.91998],[76.00816,11.91971],[76.00823,11.91948],[76.00857,11.91907],[76.00893,11.91887],[76.0093,11.91837],[76.00944,11.91787],[76.00971,11.91747],[76.00984,11.91706],[76.01032,11.91671],[76.01047,11.91649],[76.01058,11.91586],[76.01125,11.91545],[76.01138,11.91512],[76.01132,11.91441],[76.01095,11.91445],[76.00971,11.91498],[76.00892,11.91582],[76.00816,11.91612],[76.00769,11.91696],[76.00649,11.91811],[76.00635,11.91847],[76.00608,11.91878],[76.00581,11.91891],[76.00471,11.92072],[76.00269,11.92173],[76.00172,11.92173],[76.00103,11.92209],[76.00091,11.92254],[76.00155,11.92302],[76.00152,11.92352],[76.00138,11.92384],[76.00106,11.92416],[76.00044,11.92442],[76.00012,11.92474],[75.99969,11.92539],[75.99965,11.92626],[75.99907,11.92672],[75.99878,11.92716],[75.99691,11.92698],[75.99662,11.92676],[75.99666,11.9259],[75.99651,11.92543],[75.99623,11.92485],[75.99561,11.92445],[75.99388,11.92416],[75.99291,11.92416],[75.99193,11.92388],[75.99144,11.92385],[75.99143,11.92215],[75.99154,11.92175],[75.99157,11.9207],[75.99186,11.91919],[75.99183,11.91832],[75.99149,11.91796],[75.99153,11.9172],[75.99202,11.91703],[75.99234,11.91708],[75.993,11.91744],[75.99504,11.91744],[75.99581,11.9172],[75.99646,11.9172],[75.99716,11.91699],[75.99716,11.91614],[75.99732,11.91557],[75.99769,11.91532],[75.99814,11.91524],[75.9983,11.91491],[75.99897,11.91473],[76.00008,11.91386],[76.00256,11.91311],[76.0029,11.91283],[76.00318,11.91232],[76.00434,11.91106],[76.00603,11.91016],[76.00719,11.90991],[76.00866,11.90944],[76.00917,11.90894],[76.01021,11.90816],[76.01082,11.90625],[76.01459,11.90576],[76.01718,11.90576],[76.01833,11.90594],[76.02117,11.90591],[76.02182,11.90605],[76.02229,11.90645],[76.02236,11.90677],[76.02236,11.90742],[76.02218,11.90785],[76.01948,11.90811],[76.01811,11.90858],[76.01782,11.90897],[76.01782,11.90933],[76.01822,11.90973],[76.01998,11.9098],[76.02035,11.90991],[76.02045,11.91038],[76.02038,11.9107],[76.01948,11.91113],[76.0193,11.91139],[76.0193,11.91272],[76.01941,11.91312],[76.02016,11.91377],[76.02066,11.914],[76.02276,11.91644],[76.02415,11.91921],[76.02408,11.9211],[76.02255,11.92326],[76.02189,11.92536],[76.02189,11.92661],[76.02217,11.92775],[76.02217,11.92918],[76.0224,11.93006],[76.02236,11.93156],[76.02276,11.93279],[76.02445,11.93395],[76.02498,11.93478],[76.02551,11.93493],[76.02739,11.93445],[76.02865,11.93435],[76.02943,11.93395],[76.03026,11.93329],[76.03091,11.93339],[76.03202,11.93415],[76.03235,11.93415],[76.03275,11.93395],[76.03388,11.93221],[76.03436,11.93176],[76.03549,11.93171],[76.03589,11.93219],[76.03632,11.93226],[76.03791,11.93211],[76.03828,11.93246],[76.03844,11.93299],[76.03884,11.93372],[76.03884,11.93402],[76.03919,11.93415],[76.03997,11.93415],[76.04045,11.93402],[76.0411,11.93332],[76.04181,11.93297],[76.0442,11.93302],[76.0449,11.93327],[76.04588,11.9339],[76.04638,11.9339],[76.04696,11.9337],[76.04777,11.93277],[76.04999,11.93277],[76.05155,11.93365],[76.05203,11.93425],[76.05212,11.93487],[76.05215,11.93547],[76.05138,11.9368],[76.04971,11.93776],[76.04963,11.93816],[76.04963,11.93946],[76.05059,11.94175],[76.05065,11.94381],[76.05105,11.94594],[76.0515,11.94633],[76.05256,11.94649],[76.05404,11.94696],[76.0543,11.94724],[76.05515,11.9475],[76.05657,11.94877],[76.05666,11.94974],[76.05645,11.95053],[76.05653,11.95115],[76.05681,11.95157],[76.06065,11.95175],[76.06144,11.95236],[76.06183,11.95325]]]}},{"type":"Feature","properties":{"class":"Low Hazard Zone","fid":"252","zone":"Low Hazard Zone","shapeArea":"0.000074","area":"0.8985"},"geometry":{"type":"Polygon","coordinates":[[[76.08499,11.96659],[76.08105,11.96761],[76.07996,11.9677],[76.07788,11.96733],[76.07533,11.96711],[76.07114,11.96599],[76.07075,11.96576],[76.0702,11.96508],[76.06879,11.96263],[76.06833,11.96211],[76.06598,11.96061],[76.06646,11.9597],[76.06707,11.95916],[76.06778,11.95888],[76.07063,11.95895],[76.0716,11.95977],[76.07252,11.96116],[76.07291,11.96152],[76.07398,11.96184],[76.0742,11.96244],[76.07409,11.9649],[76.07459,11.96512],[76.07616,11.96487],[76.08204,11.9649],[76.08239,11.96458],[76.08475,11.96365],[76.08532,11.96316],[76.08621,11.96273],[76.08678,11.96262],[76.08724,11.96273],[76.08774,11.9633],[76.08788,11.96433],[76.08781,11.96558],[76.08757,11.96657],[76.08576,11.96643],[76.08499,11.96659]]]}},{"type":"Feature","properties":{"class":"Low Hazard Zone","fid":"253","zone":"Low Hazard Zone","shapeArea":"0.000242","area":"2.953285"},"geometry":{"type":"Polygon","coordinates":[[[75.81884,11.76938],[75.81872,11.76958],[75.81863,11.7705],[75.8164,11.7709],[75.81448,11.77076],[75.81414,11.7707],[75.81405,11.77008],[75.81335,11.76901],[75.81284,11.76864],[75.812,11.76845],[75.80939,11.7684],[75.80799,11.76817],[75.80697,11.76775],[75.8065,11.76738],[75.80566,11.76738],[75.80412,11.76682],[75.80133,11.76677],[75.80058,11.76682],[75.7999,11.76702],[75.79956,11.76631],[75.79858,11.76574],[75.7978,11.76558],[75.79661,11.76553],[75.79496,11.76553],[75.79397,11.76572],[75.79321,11.76564],[75.79269,11.76527],[75.79223,11.7647],[75.79177,11.76409],[75.79123,11.76278],[75.79193,11.7627],[75.79293,11.76224],[75.79417,11.76256],[75.80064,11.76262],[75.80326,11.76347],[75.80519,11.76347],[75.80714,11.76569],[75.80787,11.76595],[75.8089,11.76605],[75.80936,11.76579],[75.80962,11.7644],[75.81003,11.76373],[75.81045,11.76331],[75.81029,11.76233],[75.81029,11.76078],[75.81008,11.76047],[75.80972,11.76058],[75.80946,11.76084],[75.8089,11.76078],[75.80828,11.76047],[75.8075,11.76042],[75.80544,11.76053],[75.80487,11.76073],[75.80423,11.7608],[75.80411,11.76062],[75.80296,11.76077],[75.80087,11.76062],[75.79817,11.76085],[75.79277,11.76062],[75.79202,11.76027],[75.79187,11.75955],[75.79223,11.75903],[75.79316,11.75882],[75.79367,11.75913],[75.79473,11.75913],[75.79541,11.76029],[75.79844,11.76029],[75.80035,11.75983],[75.80217,11.75862],[75.8052,11.75862],[75.80566,11.75829],[75.8059,11.75759],[75.80585,11.75666],[75.80552,11.75554],[75.80552,11.75354],[75.80594,11.75205],[75.80594,11.75056],[75.80576,11.75023],[75.8052,11.75],[75.80478,11.75],[75.80441,11.74974],[75.80389,11.749],[75.80378,11.74821],[75.80304,11.74647],[75.80215,11.7461],[75.80083,11.74537],[75.79883,11.74289],[75.79726,11.74227],[75.7976,11.74205],[75.79866,11.74181],[75.79986,11.74214],[75.80049,11.7425],[75.80218,11.74269],[75.80335,11.74252],[75.80404,11.74289],[75.80468,11.74379],[75.80552,11.746],[75.80647,11.74895],[75.80678,11.74963],[75.80726,11.74963],[75.80889,11.74889],[75.81063,11.748],[75.81157,11.74726],[75.8121,11.747],[75.81231,11.74647],[75.81231,11.74595],[75.81289,11.74521],[75.81363,11.74458],[75.81431,11.74342],[75.81489,11.74268],[75.81589,11.74268],[75.81636,11.74284],[75.81647,11.74305],[75.81652,11.74384],[75.81668,11.74415],[75.817,11.74573],[75.81763,11.74742],[75.81905,11.74747],[75.81956,11.74736],[75.81973,11.74858],[75.82057,11.74887],[75.82165,11.74846],[75.82425,11.74923],[75.82386,11.74957],[75.82121,11.74995],[75.81953,11.74966],[75.81822,11.74904],[75.8161,11.7486],[75.8134,11.74851],[75.81263,11.74904],[75.8109,11.74928],[75.80921,11.74966],[75.80898,11.75083],[75.80785,11.75136],[75.80711,11.75243],[75.80673,11.75331],[75.80673,11.75429],[75.80697,11.75536],[75.80734,11.75569],[75.80916,11.75639],[75.80972,11.75639],[75.81023,11.75592],[75.81112,11.75583],[75.81219,11.75662],[75.81233,11.7576],[75.81359,11.75863],[75.81512,11.75872],[75.81652,11.75853],[75.81657,11.75751],[75.81689,11.75718],[75.81745,11.75686],[75.81862,11.75658],[75.81936,11.75625],[75.8196,11.75602],[75.81983,11.75546],[75.82039,11.75564],[75.8203,11.75653],[75.81988,11.75704],[75.81908,11.75746],[75.8189,11.75783],[75.8189,11.75816],[75.81927,11.75853],[75.82044,11.75892],[75.81981,11.75924],[75.81959,11.75916],[75.81851,11.76048],[75.81755,11.76053],[75.81671,11.76123],[75.81619,11.7629],[75.81279,11.763],[75.81205,11.76346],[75.81139,11.76454],[75.81126,11.76533],[75.81135,11.76626],[75.81167,11.76715],[75.8127,11.7677],[75.81368,11.76803],[75.81545,11.7678],[75.81619,11.7678],[75.81699,11.76803],[75.8182,11.76817],[75.81862,11.76864],[75.8188,11.76924],[75.81884,11.76938]]]}},{"type":"Feature","properties":{"class":"Low Hazard Zone","fid":"254","zone":"Low Hazard Zone","shapeArea":"0.00004","area":"0.489547"},"geometry":{"type":"Polygon","coordinates":[[[75.92325,11.65012],[75.92186,11.65067],[75.921,11.6513],[75.91979,11.6517],[75.91984,11.65256],[75.91939,11.65256],[75.91863,11.65301],[75.91847,11.65228],[75.91761,11.6517],[75.91641,11.65193],[75.91595,11.6525],[75.91508,11.65308],[75.91399,11.65308],[75.91124,11.65452],[75.91032,11.6548],[75.90848,11.65509],[75.90745,11.65509],[75.90687,11.65469],[75.90687,11.65383],[75.90704,11.65296],[75.90813,11.65216],[75.90945,11.65176],[75.91175,11.6517],[75.91279,11.65136],[75.91326,11.65052],[75.91388,11.65044],[75.9156,11.64975],[75.91646,11.64958],[75.91784,11.64889],[75.91859,11.64866],[75.91922,11.6486],[75.91989,11.64824],[75.91953,11.64893],[75.91895,11.6496],[75.91881,11.64998],[75.91915,11.65012],[75.92048,11.64993],[75.92305,11.65012],[75.92325,11.65012]]]}},{"type":"Feature","properties":{"class":"Low Hazard Zone","fid":"255","zone":"Low Hazard Zone","shapeArea":"0.000269","area":"3.284152"},"geometry":{"type":"Polygon","coordinates":[[[75.93583,11.60473],[75.93609,11.60463],[75.9377,11.60309],[75.93904,11.60021],[75.94018,11.59861],[75.94386,11.5942],[75.94479,11.59267],[75.94586,11.59133],[75.9468,11.59063],[75.9471,11.5899],[75.94774,11.58926],[75.94872,11.58946],[75.94953,11.58909],[75.95118,11.58794],[75.95198,11.5871],[75.95384,11.58643],[75.95448,11.58538],[75.95532,11.58457],[75.9565,11.58397],[75.95734,11.58383],[75.95801,11.5842],[75.95808,11.58495],[75.95842,11.58596],[75.95821,11.58639],[75.95768,11.58707],[75.9567,11.58761],[75.95555,11.58882],[75.9538,11.59043],[75.95289,11.59101],[75.95235,11.59171],[75.95205,11.59306],[75.95145,11.5937],[75.95087,11.59451],[75.94986,11.59511],[75.94926,11.59528],[75.94892,11.59491],[75.94892,11.5939],[75.94885,11.59357],[75.94865,11.59336],[75.94727,11.59365],[75.94553,11.59626],[75.94379,11.5996],[75.94225,11.60282],[75.93964,11.60549],[75.9387,11.60676],[75.93797,11.60837],[75.93643,11.60931],[75.93402,11.61185],[75.93181,11.61372],[75.92887,11.61586],[75.92646,11.6164],[75.92579,11.616],[75.92525,11.61546],[75.92472,11.61399],[75.92546,11.61031],[75.92559,11.60904],[75.92612,11.60757],[75.92619,11.60636],[75.92673,11.60449],[75.92753,11.60288],[75.92907,11.60148],[75.93108,11.60027],[75.93395,11.59713],[75.93389,11.59599],[75.93522,11.59465],[75.9367,11.59358],[75.93671,11.5931],[75.93644,11.59255],[75.93606,11.59258],[75.93537,11.59305],[75.93464,11.59337],[75.93141,11.59419],[75.93067,11.59455],[75.92969,11.59439],[75.92963,11.59299],[75.92911,11.59307],[75.92876,11.5937],[75.92832,11.594],[75.92799,11.59381],[75.92788,11.59272],[75.92832,11.59146],[75.92843,11.59037],[75.92919,11.5893],[75.92942,11.58923],[75.93027,11.58948],[75.93058,11.5894],[75.9322,11.58982],[75.93304,11.59014],[75.93398,11.58977],[75.93422,11.58955],[75.93484,11.58941],[75.93732,11.5896],[75.93755,11.58945],[75.93816,11.58821],[75.93927,11.58782],[75.93979,11.5877],[75.94036,11.58833],[75.94065,11.58971],[75.94065,11.59069],[75.94019,11.59167],[75.93956,11.59258],[75.93829,11.59402],[75.93657,11.59632],[75.93582,11.59712],[75.93519,11.59752],[75.93433,11.59827],[75.93404,11.59867],[75.93381,11.59925],[75.93364,11.60045],[75.93364,11.6012],[75.93389,11.60231],[75.93179,11.60391],[75.9312,11.60515],[75.92959,11.60684],[75.92892,11.60806],[75.92904,11.60897],[75.92813,11.61031],[75.92732,11.61035],[75.92867,11.61079],[75.92883,11.61072],[75.92899,11.6112],[75.92973,11.6112],[75.93036,11.61102],[75.93203,11.61022],[75.93278,11.60942],[75.9337,11.60878],[75.93427,11.60809],[75.93502,11.607],[75.93548,11.60562],[75.93583,11.60473]]]}},{"type":"Feature","properties":{"class":"Low Hazard Zone","fid":"256","zone":"Low Hazard Zone","shapeArea":"0.00008","area":"0.983319"},"geometry":{"type":"Polygon","coordinates":[[[75.96502,11.57774],[75.96583,11.57766],[75.96606,11.57724],[75.96521,11.57689],[75.96288,11.57709],[75.96154,11.57781],[75.96078,11.57839],[75.96055,11.57957],[75.96009,11.58049],[75.9594,11.58099],[75.9586,11.58099],[75.95829,11.57942],[75.95841,11.57865],[75.95952,11.57609],[75.95955,11.57525],[75.95906,11.57453],[75.95871,11.57277],[75.95871,11.5714],[75.9589,11.57036],[75.95932,11.56945],[75.95921,11.56723],[75.95955,11.56621],[75.95955,11.56494],[75.96108,11.56074],[75.96124,11.55963],[75.96189,11.55871],[75.96296,11.55814],[75.96395,11.55791],[75.96472,11.55817],[75.96492,11.55871],[75.96484,11.55944],[75.96419,11.55944],[75.9641,11.55953],[75.96296,11.56157],[75.96235,11.56356],[75.96181,11.56486],[75.96154,11.56597],[75.96147,11.56895],[75.96111,11.56998],[75.96112,11.57036],[75.96082,11.57128],[75.96059,11.57243],[75.96082,11.57358],[75.9617,11.57423],[75.96196,11.5743],[75.96334,11.57423],[75.96571,11.57377],[75.9664,11.57423],[75.96674,11.57461],[75.9669,11.57538],[75.96762,11.57599],[75.96805,11.57714],[75.9682,11.57725],[75.9682,11.57824],[75.96797,11.57997],[75.96671,11.5811],[75.96606,11.58118],[75.96544,11.5811],[75.96502,11.58087],[75.96476,11.58057],[75.96418,11.5803],[75.96311,11.5803],[75.96431,11.57968],[75.96489,11.57927],[75.96523,11.57853],[75.96506,11.57778],[75.96502,11.57774]]]}},{"type":"Feature","properties":{"class":"Low Hazard Zone","fid":"257","zone":"Low Hazard Zone","shapeArea":"0.000031","area":"0.381613"},"geometry":{"type":"Polygon","coordinates":[[[76.00915,11.53387],[76.00871,11.53464],[76.00842,11.53556],[76.00745,11.53658],[76.00682,11.53773],[76.00614,11.53847],[76.00556,11.53881],[76.00459,11.53887],[76.00397,11.5391],[76.00391,11.53973],[76.00517,11.53995],[76.00768,11.53921],[76.00933,11.53904],[76.00568,11.54178],[76.00429,11.54239],[76.00274,11.54175],[76.00217,11.54123],[76.0016,11.54014],[76.0016,11.53905],[76.00171,11.53847],[76.0024,11.53801],[76.00343,11.53772],[76.00407,11.53772],[76.00596,11.53692],[76.00596,11.5364],[76.00499,11.53485],[76.00504,11.53422],[76.00613,11.53313],[76.00694,11.53313],[76.00837,11.53359],[76.00915,11.53387]]]}},{"type":"Feature","properties":{"class":"Low Hazard Zone","fid":"258","zone":"Low Hazard Zone","shapeArea":"0.001387","area":"16.962788"},"geometry":{"type":"Polygon","coordinates":[[[75.98122,11.62221],[75.98251,11.62293],[75.98315,11.62356],[75.98319,11.62373],[75.98304,11.62388],[75.98272,11.62372],[75.98196,11.62366],[75.97827,11.62293],[75.97751,11.62269],[75.97632,11.62214],[75.97527,11.62098],[75.97471,11.62066],[75.97408,11.62063],[75.97332,11.62032],[75.9721,11.61942],[75.97176,11.61882],[75.97118,11.61824],[75.97084,11.61758],[75.97002,11.61702],[75.96926,11.61802],[75.96907,11.61863],[75.9691,11.61961],[75.96949,11.62019],[75.96973,11.62082],[75.96936,11.62174],[75.96878,11.62261],[75.96802,11.62248],[75.9672,11.62169],[75.96707,11.62053],[75.9666,11.61958],[75.96575,11.61868],[75.96422,11.6173],[75.96364,11.6173],[75.9631,11.61757],[75.96265,11.61793],[75.96126,11.6182],[75.9575,11.6182],[75.95522,11.61771],[75.95324,11.6186],[75.95208,11.61847],[75.95109,11.6178],[75.95015,11.61748],[75.94845,11.61757],[75.94715,11.6182],[75.94679,11.61853],[75.9461,11.62115],[75.94355,11.62195],[75.94224,11.62095],[75.94169,11.62066],[75.94152,11.61934],[75.94147,11.6167],[75.94156,11.61595],[75.94138,11.61537],[75.94125,11.61418],[75.94055,11.61414],[75.93852,11.61476],[75.9372,11.61498],[75.93689,11.61471],[75.93693,11.61405],[75.93839,11.61291],[75.93918,11.61194],[75.94024,11.61114],[75.94125,11.61057],[75.94301,11.60995],[75.94381,11.60978],[75.94495,11.60987],[75.94548,11.61039],[75.94586,11.61059],[75.94596,11.61051],[75.94643,11.61062],[75.94773,11.61016],[75.94867,11.60933],[75.94888,11.60809],[75.94823,11.60726],[75.948,11.60661],[75.94844,11.60435],[75.94931,11.60195],[75.94916,11.60042],[75.95099,11.59634],[75.95281,11.59459],[75.9547,11.59391],[75.95605,11.59295],[75.95674,11.59258],[75.95748,11.59076],[75.95766,11.58995],[75.95827,11.58945],[75.95865,11.58891],[75.95898,11.58808],[75.95898,11.58769],[75.95934,11.58697],[75.95962,11.58669],[75.95975,11.58633],[75.95972,11.58604],[75.95996,11.5854],[75.96012,11.58824],[75.95972,11.58927],[75.95983,11.59151],[75.96109,11.59245],[75.96046,11.59416],[75.95987,11.59508],[75.95937,11.59611],[75.95883,11.59675],[75.95864,11.59682],[75.95631,11.59697],[75.95412,11.59646],[75.95222,11.59741],[75.9512,11.59843],[75.95157,11.6001],[75.95368,11.60243],[75.95426,11.60411],[75.95179,11.60396],[75.9514,11.60418],[75.95162,11.60607],[75.95156,11.60767],[75.95162,11.60957],[75.95191,11.60974],[75.95323,11.6094],[75.95478,11.60877],[75.95547,11.60865],[75.95627,11.60865],[75.95874,11.60923],[75.95955,11.60923],[75.96127,11.60992],[75.96225,11.60992],[75.96345,11.61078],[75.964,11.61207],[75.96427,11.61229],[75.96441,11.61312],[75.96438,11.61476],[75.96462,11.61515],[75.96667,11.61576],[75.96728,11.61671],[75.96786,11.61671],[75.96836,11.61655],[75.96852,11.61597],[75.96844,11.61547],[75.96678,11.61383],[75.96696,11.61319],[75.96696,11.61187],[75.96684,11.61124],[75.96592,11.60963],[75.96575,11.60813],[75.9665,11.60756],[75.96719,11.6079],[75.96788,11.60877],[75.96839,11.61043],[75.96868,11.61193],[75.96967,11.61292],[75.97077,11.613],[75.97357,11.61084],[75.97494,11.61084],[75.97598,11.61136],[75.97793,11.61199],[75.97879,11.61262],[75.98017,11.6132],[75.98115,11.61337],[75.98534,11.61331],[75.98586,11.61291],[75.98586,11.61193],[75.98494,11.61124],[75.98298,11.61073],[75.98206,11.60998],[75.98172,11.60877],[75.98247,11.6078],[75.9839,11.60688],[75.98603,11.60458],[75.98712,11.60423],[75.98856,11.60423],[75.99131,11.60372],[75.99189,11.60274],[75.99206,11.60217],[75.99189,11.60073],[75.99011,11.59711],[75.98942,11.59654],[75.9885,11.59608],[75.98729,11.59625],[75.98626,11.59654],[75.98494,11.59723],[75.98413,11.59826],[75.98195,11.59924],[75.98066,11.59926],[75.98057,11.59805],[75.97976,11.59671],[75.97914,11.59653],[75.97842,11.59693],[75.97811,11.59657],[75.97829,11.59585],[75.9782,11.595],[75.97735,11.59451],[75.97511,11.59348],[75.97363,11.59308],[75.97336,11.59267],[75.97278,11.59214],[75.9721,11.592],[75.97121,11.592],[75.97031,11.59182],[75.97022,11.59142],[75.97031,11.59106],[75.9721,11.59016],[75.9727,11.58952],[75.97315,11.59017],[75.97386,11.59058],[75.97423,11.58947],[75.97499,11.58854],[75.97321,11.58785],[75.97231,11.58154],[75.97241,11.58134],[75.97317,11.58076],[75.97401,11.58043],[75.97413,11.58409],[75.97834,11.58679],[75.97854,11.5866],[75.97925,11.58686],[75.97948,11.58755],[75.97925,11.58789],[75.97632,11.58806],[75.97552,11.58893],[75.97563,11.58984],[75.97609,11.59002],[75.97678,11.59002],[75.97793,11.5895],[75.9808,11.5895],[75.98172,11.58904],[75.98206,11.58795],[75.98201,11.58691],[75.98138,11.58571],[75.98023,11.5849],[75.98026,11.58447],[75.98067,11.58389],[75.98227,11.58255],[75.98335,11.58106],[75.98378,11.57985],[75.9843,11.57985],[75.98522,11.58014],[75.98597,11.5806],[75.98746,11.5806],[75.98896,11.58042],[75.98993,11.58014],[75.9912,11.57939],[75.99217,11.5791],[75.9924,11.57956],[75.99223,11.58031],[75.99131,11.58048],[75.99039,11.5814],[75.98902,11.58232],[75.9889,11.58312],[75.98913,11.5837],[75.9897,11.58416],[75.9897,11.58571],[75.99034,11.58588],[75.99137,11.58554],[75.99263,11.5837],[75.99258,11.58203],[75.99235,11.58151],[75.99235,11.58083],[75.99487,11.57962],[75.99545,11.57899],[75.99597,11.57813],[75.99579,11.57703],[75.99447,11.57652],[75.99338,11.57663],[75.99217,11.57744],[75.9916,11.57795],[75.9885,11.5791],[75.98764,11.57927],[75.98637,11.57916],[75.98522,11.57858],[75.98358,11.57743],[75.98315,11.57686],[75.98296,11.57632],[75.98289,11.57563],[75.98349,11.57482],[75.9834,11.57489],[75.98349,11.57466],[75.98553,11.57297],[75.98553,11.57227],[75.98541,11.57192],[75.98384,11.57186],[75.98338,11.57163],[75.98332,11.57023],[75.9843,11.57001],[75.98514,11.5697],[75.98732,11.56963],[75.98828,11.56947],[75.98851,11.56932],[75.98851,11.5689],[75.98836,11.56859],[75.98614,11.56856],[75.9835,11.56882],[75.9827,11.56917],[75.98179,11.56939],[75.98195,11.56894],[75.98247,11.56846],[75.98523,11.56765],[75.98737,11.56656],[75.9878,11.56561],[75.98766,11.56476],[75.98693,11.56454],[75.98732,11.56438],[75.98732,11.564],[75.98686,11.56366],[75.98637,11.56362],[75.98476,11.564],[75.98159,11.56454],[75.98105,11.5645],[75.98063,11.56431],[75.9804,11.56404],[75.98063,11.56289],[75.98224,11.56029],[75.98285,11.5591],[75.98335,11.55861],[75.98338,11.55822],[75.98312,11.5578],[75.98247,11.5578],[75.98197,11.55811],[75.98147,11.55929],[75.9809,11.56029],[75.98082,11.56109],[75.97983,11.56346],[75.97986,11.56411],[75.97891,11.56434],[75.97855,11.56434],[75.97849,11.56426],[75.97768,11.56433],[75.97719,11.56483],[75.97684,11.56544],[75.97642,11.56594],[75.97592,11.56632],[75.97362,11.56685],[75.97264,11.56676],[75.97138,11.56694],[75.97029,11.56762],[75.96954,11.56826],[75.96845,11.56981],[75.96793,11.57021],[75.96776,11.57027],[75.96719,11.56998],[75.96707,11.56969],[75.96699,11.56946],[75.96743,11.56877],[75.96747,11.56674],[75.96816,11.56537],[75.96863,11.56499],[75.97075,11.56475],[75.97224,11.56395],[75.97408,11.56263],[75.97621,11.56182],[75.97632,11.56108],[75.97672,11.55975],[75.97678,11.55849],[75.97615,11.55803],[75.97356,11.55797],[75.97195,11.55907],[75.9704,11.56044],[75.96948,11.56102],[75.96776,11.56268],[75.9669,11.56372],[75.96621,11.56475],[75.96431,11.5686],[75.96317,11.569],[75.96299,11.56883],[75.96285,11.56849],[75.96292,11.56785],[75.96307,11.56709],[75.96349,11.56613],[75.96426,11.56521],[75.96434,11.56426],[75.96518,11.56145],[75.96689,11.56145],[75.96788,11.56092],[75.96841,11.56005],[75.96849,11.55964],[75.9682,11.55947],[75.96812,11.55912],[75.96839,11.55866],[75.96881,11.55832],[75.96904,11.55786],[75.96904,11.55755],[75.97007,11.55629],[75.97084,11.55579],[75.97179,11.55537],[75.97352,11.55499],[75.97394,11.55442],[75.97428,11.55304],[75.97462,11.55277],[75.97527,11.5527],[75.97841,11.55273],[75.9791,11.55289],[75.97964,11.55358],[75.98042,11.55397],[75.98086,11.55397],[75.98206,11.55372],[75.98201,11.55283],[75.98178,11.55248],[75.98063,11.55168],[75.98005,11.55145],[75.97862,11.55059],[75.97827,11.5499],[75.97827,11.54915],[75.97868,11.54863],[75.97931,11.54817],[75.97925,11.54547],[75.97948,11.54478],[75.98039,11.54349],[75.98508,11.54226],[75.98561,11.54219],[75.9862,11.54283],[75.98706,11.54335],[75.98959,11.54341],[75.98965,11.54576],[75.98993,11.54651],[75.99028,11.54708],[75.99068,11.54823],[75.99149,11.54835],[75.99217,11.54835],[75.99304,11.54794],[75.9935,11.54737],[75.99371,11.5468],[75.99476,11.54645],[75.99494,11.5462],[75.99516,11.54628],[75.99602,11.54628],[75.99677,11.54611],[75.99723,11.54559],[75.9978,11.54524],[75.99826,11.54455],[75.99832,11.54398],[75.99821,11.54025],[75.99798,11.53961],[75.99734,11.53898],[75.99554,11.53898],[75.99539,11.53915],[75.99459,11.53944],[75.99355,11.53921],[75.99321,11.53835],[75.99309,11.53737],[75.99332,11.5364],[75.99396,11.53594],[75.99465,11.53571],[75.99607,11.53567],[75.99539,11.53617],[75.99493,11.53755],[75.99539,11.53852],[75.99631,11.53852],[75.99752,11.53835],[75.99884,11.53927],[75.99901,11.54094],[75.99895,11.54392],[75.99867,11.54605],[75.9978,11.54978],[75.99637,11.55001],[75.99275,11.54886],[75.99273,11.54872],[75.99156,11.54884],[75.99147,11.54897],[75.99245,11.54943],[75.9931,11.54997],[75.99314,11.55131],[75.99283,11.55177],[75.99218,11.55204],[75.99142,11.55204],[75.99027,11.55158],[75.98732,11.54867],[75.98644,11.54848],[75.98396,11.54848],[75.98327,11.54878],[75.98292,11.5494],[75.98296,11.55012],[75.98342,11.55093],[75.98426,11.55146],[75.98468,11.552],[75.9848,11.55249],[75.98476,11.55318],[75.98415,11.55414],[75.98411,11.55452],[75.98518,11.55704],[75.98537,11.55827],[75.98504,11.55975],[75.98533,11.56061],[75.98555,11.56062],[75.98711,11.56136],[75.9887,11.56143],[75.98981,11.56174],[75.99115,11.56223],[75.99188,11.56262],[75.99276,11.56395],[75.99291,11.56705],[75.99315,11.56771],[75.99346,11.56784],[75.99442,11.5676],[75.99775,11.5684],[75.99899,11.56902],[75.99965,11.56992],[76.00013,11.5723],[76.00194,11.57378],[76.00136,11.57535],[75.99998,11.57663],[75.99847,11.57711],[75.99845,11.57724],[75.9977,11.57795],[75.9977,11.57907],[75.99793,11.57971],[75.99852,11.58029],[75.99922,11.58052],[75.99986,11.58116],[75.9998,11.58256],[75.99904,11.58285],[75.99828,11.58291],[75.99729,11.5832],[75.99665,11.5839],[75.99619,11.58472],[75.99578,11.58524],[75.99496,11.586],[75.99293,11.58658],[75.99223,11.58687],[75.99197,11.58687],[75.98834,11.58894],[75.98297,11.5894],[75.98276,11.59011],[75.98166,11.59208],[75.98407,11.59303],[75.98931,11.59295],[75.98953,11.59259],[75.99026,11.59601],[75.99223,11.59718],[75.995,11.59922],[75.99565,11.60126],[75.99886,11.60235],[75.99959,11.60418],[75.99922,11.6068],[75.99937,11.60979],[75.99857,11.6119],[75.99733,11.61372],[75.9966,11.61525],[75.98953,11.6154],[75.98436,11.61562],[75.98013,11.61409],[75.97773,11.61409],[75.97627,11.61591],[75.97809,11.61736],[75.98174,11.61788],[75.98472,11.61817],[75.98618,11.61882],[75.98859,11.61954],[75.99055,11.62086],[75.9891,11.62239],[75.98724,11.62308],[75.98712,11.62306],[75.98668,11.62253],[75.98549,11.62161],[75.98483,11.6219],[75.98409,11.62264],[75.9833,11.62264],[75.98275,11.62227],[75.98188,11.62187],[75.98133,11.62179],[75.98122,11.62221]]]}},{"type":"Feature","properties":{"class":"High Hazard Zone","fid":"259","zone":"High Hazard Zone","shapeArea":"0.000186","area":"2.274363"},"geometry":{"type":"Polygon","coordinates":[[[75.79204,11.74263],[75.7922,11.74273],[75.79209,11.74269],[75.79203,11.74263],[75.79204,11.74263]]]}},{"type":"Feature","properties":{"class":"High Hazard Zone","fid":"260","zone":"High Hazard Zone","shapeArea":"0.00044","area":"5.383578"},"geometry":{"type":"MultiPolygon","coordinates":[[[[76.1243,11.46753],[76.12441,11.46711],[76.12452,11.46694],[76.1243,11.46753]]],[[[76.12409,11.46868],[76.12409,11.46865],[76.12409,11.46834],[76.12424,11.46778],[76.12409,11.46868]]]]}},{"type":"Feature","properties":{"class":"High Hazard Zone","fid":"261","zone":"High Hazard Zone","shapeArea":"0.000037","area":"0.45393"},"geometry":{"type":"Polygon","coordinates":[[[76.09095,11.48322],[76.09064,11.48395],[76.09043,11.48405],[76.09043,11.48404],[76.09095,11.48322]]]}},{"type":"Feature","properties":{"class":"High Hazard Zone","fid":"262","zone":"High Hazard Zone","shapeArea":"0.000103","area":"1.265522"},"geometry":{"type":"MultiPolygon","coordinates":[[[[76.05722,11.5045],[76.05715,11.50441],[76.05721,11.50441],[76.05722,11.5045]]],[[[76.06568,11.51164],[76.06573,11.51173],[76.06561,11.51155],[76.06568,11.51164]]],[[[76.06799,11.51365],[76.06806,11.51366],[76.06796,11.51367],[76.06791,11.51359],[76.06799,11.51365]]]]}},{"type":"Feature","properties":{"class":"High Hazard Zone","fid":"263","zone":"High Hazard Zone","shapeArea":"0.000436","area":"5.338998"},"geometry":{"type":"Polygon","coordinates":[[[76.02243,11.51224],[76.02207,11.51224],[76.02231,11.51218],[76.02243,11.51224]]]}},{"type":"Feature","properties":{"class":"High Hazard Zone","fid":"264","zone":"High Hazard Zone","shapeArea":"0.000135","area":"1.649935"},"geometry":{"type":"MultiPolygon","coordinates":[[[[75.8135,11.73847],[75.81285,11.73881],[75.81188,11.73972],[75.81256,11.73868],[75.81288,11.73845],[75.8135,11.73847]]],[[[75.80861,11.74159],[75.80702,11.74172],[75.80601,11.74166],[75.80832,11.74152],[75.80861,11.74159]]],[[[75.79395,11.7419],[75.7938,11.74184],[75.79451,11.74174],[75.79395,11.7419]]]]}},{"type":"Feature","properties":{"class":"Medium Hazard Zone","fid":"265","zone":"Medium Hazard Zone","shapeArea":"0.000041","area":"0.496198"},"geometry":{"type":"MultiPolygon","coordinates":[[[[75.78991,11.76812],[75.78999,11.76847],[75.79015,11.7697],[75.79019,11.76982],[75.79015,11.7697],[75.78999,11.76847],[75.78989,11.76803],[75.78991,11.76812]]],[[[75.79023,11.77131],[75.79014,11.77135],[75.79023,11.77131],[75.79027,11.77129],[75.79023,11.77131]]]]}},{"type":"Feature","properties":{"class":"Medium Hazard Zone","fid":"266","zone":"Medium Hazard Zone","shapeArea":"0.000441","area":"5.390121"},"geometry":{"type":"Polygon","coordinates":[[[75.77758,11.8005],[75.77573,11.80089],[75.7748,11.8012],[75.77472,11.80143],[75.7748,11.8012],[75.77573,11.80089],[75.77758,11.8005],[75.77799,11.80024],[75.77758,11.8005]]]}},{"type":"Feature","properties":{"class":"Medium Hazard Zone","fid":"267","zone":"Medium Hazard Zone","shapeArea":"0.000007","area":"0.090141"},"geometry":{"type":"Polygon","coordinates":[[[75.93906,11.58624],[75.93906,11.58625],[75.93904,11.58628],[75.93891,11.58649],[75.93901,11.58626],[75.93906,11.58618],[75.93906,11.58624]]]}},{"type":"Feature","properties":{"class":"Medium Hazard Zone","fid":"268","zone":"Medium Hazard Zone","shapeArea":"0.000209","area":"2.548284"},"geometry":{"type":"MultiPolygon","coordinates":[[[[75.79475,11.78657],[75.79479,11.78689],[75.79475,11.78657],[75.79467,11.78605],[75.79475,11.78657]]],[[[75.7912,11.79187],[75.79089,11.79207],[75.7912,11.79187],[75.79143,11.79156],[75.7912,11.79187]]]]}}]}