{"type":"FeatureCollection","features":[{"type":"Feature","properties":{"name":"Madikeri taluku","level":"6"},"geometry":{"type":"MultiPolygon","coordinates":[[[[75.6504,12.11218],[75.65172,12.11189],[75.6527,12.11056],[75.65325,12.10956],[75.65338,12.10841],[75.65424,12.10757],[75.65498,12.10673],[75.65548,12.10519],[75.65728,12.10426],[75.6578,12.10378],[75.65821,12.10317],[75.659,12.1025],[75.65927,12.10197],[75.65953,12.10145],[75.65998,12.10086],[75.66023,12.10002],[75.66052,12.0998],[75.66092,12.09954],[75.6615,12.0993],[75.66194,12.09914],[75.66237,12.09907],[75.664,12.09893],[75.66551,12.09842],[75.66656,12.09777],[75.66755,12.09751],[75.66848,12.09753],[75.6693,12.09758],[75.67013,12.09763],[75.67117,12.09774],[75.67374,12.09781],[75.67444,12.09774],[75.67585,12.09743],[75.6748,12.10762],[75.67473,12.1083],[75.67428,12.11263],[75.66693,12.13761],[75.66312,12.14247],[75.6671,12.14527],[75.67131,12.15879],[75.67338,12.16078],[75.6869,12.16502],[75.68962,12.17652],[75.69708,12.17666],[75.70346,12.18483],[75.70944,12.20042],[75.70896,12.20542],[75.72009,12.2066],[75.71832,12.21385],[75.72739,12.21444],[75.73235,12.20912],[75.73641,12.21697],[75.74278,12.21489],[75.74039,12.22075],[75.74068,12.22492],[75.74087,12.232],[75.73574,12.23631],[75.73331,12.23943],[75.72835,12.24202],[75.72114,12.24407],[75.71799,12.25477],[75.72845,12.26731],[75.73085,12.27366],[75.73765,12.27561],[75.74688,12.28106],[75.75006,12.27437],[75.75177,12.27343],[75.75295,12.27434],[75.75132,12.27641],[75.75174,12.27854],[75.75268,12.27936],[75.75546,12.28051],[75.75999,12.28271],[75.76043,12.28212],[75.76022,12.27985],[75.7624,12.27742],[75.76772,12.27582],[75.76995,12.27613],[75.77188,12.27958],[75.77351,12.28409],[75.77681,12.28547],[75.7797,12.2921],[75.78238,12.29646],[75.78653,12.29729],[75.79116,12.3026],[75.79458,12.30181],[75.79811,12.29779],[75.80165,12.29674],[75.80301,12.29518],[75.80485,12.29146],[75.81025,12.29229],[75.80966,12.29607],[75.8072,12.30025],[75.81305,12.30132],[75.81703,12.31067],[75.82279,12.31566],[75.82784,12.31154],[75.8309,12.30748],[75.83036,12.3042],[75.82609,12.30173],[75.82701,12.299],[75.82945,12.2983],[75.83155,12.2988],[75.83232,12.30066],[75.83419,12.30144],[75.8345,12.3026],[75.83598,12.30393],[75.83854,12.30414],[75.84015,12.30487],[75.84227,12.30736],[75.84497,12.30976],[75.85012,12.31202],[75.84663,12.31772],[75.84349,12.32164],[75.84271,12.32776],[75.83724,12.33001],[75.83264,12.3324],[75.83621,12.3382],[75.83414,12.34285],[75.83377,12.34573],[75.82598,12.3498],[75.82312,12.35462],[75.82115,12.35971],[75.82026,12.36669],[75.82151,12.37098],[75.81974,12.37405],[75.81402,12.37577],[75.81197,12.38043],[75.80449,12.38269],[75.80159,12.38718],[75.80021,12.39022],[75.8009,12.39313],[75.80023,12.39549],[75.79947,12.39765],[75.79529,12.39711],[75.79103,12.40256],[75.78907,12.40967],[75.78907,12.41438],[75.79223,12.42151],[75.79561,12.42551],[75.78899,12.42968],[75.78898,12.43813],[75.7821,12.44117],[75.77958,12.44798],[75.77712,12.45874],[75.77166,12.46788],[75.77916,12.47481],[75.78604,12.48414],[75.78403,12.48826],[75.77983,12.49367],[75.7796,12.5003],[75.77123,12.51296],[75.76697,12.52248],[75.75662,12.53946],[75.74985,12.53683],[75.7409,12.54057],[75.73523,12.53826],[75.73173,12.55072],[75.73623,12.55896],[75.73725,12.55936],[75.73176,12.57545],[75.73522,12.58028],[75.73321,12.58479],[75.7331,12.5892],[75.73316,12.59027],[75.72249,12.59018],[75.72072,12.59538],[75.70921,12.59164],[75.70592,12.60079],[75.69544,12.59908],[75.68892,12.60637],[75.68227,12.60285],[75.6766,12.60678],[75.66173,12.59308],[75.66175,12.59305],[75.6625,12.59201],[75.66312,12.59111],[75.66327,12.59042],[75.66329,12.58956],[75.66327,12.58848],[75.66327,12.58848],[75.66323,12.58823],[75.66313,12.5875],[75.66331,12.58722],[75.66359,12.58679],[75.66391,12.58626],[75.6641,12.58596],[75.6642,12.58556],[75.66405,12.58489],[75.6638,12.58395],[75.66353,12.58305],[75.66332,12.58284],[75.6629,12.58247],[75.66273,12.58221],[75.66253,12.5819],[75.66199,12.58097],[75.66189,12.58059],[75.66194,12.58018],[75.66209,12.57867],[75.66211,12.57786],[75.66248,12.57715],[75.66356,12.57547],[75.66356,12.57547],[75.66361,12.57544],[75.66376,12.57535],[75.66419,12.57542],[75.66482,12.57582],[75.66518,12.57608],[75.66523,12.57606],[75.66571,12.57577],[75.66667,12.57492],[75.66764,12.57393],[75.66812,12.573],[75.66845,12.57218],[75.66838,12.57205],[75.66833,12.57196],[75.66765,12.57158],[75.66594,12.5709],[75.66511,12.57055],[75.66414,12.57013],[75.66366,12.56986],[75.66314,12.56956],[75.66371,12.56909],[75.66499,12.56817],[75.66624,12.56744],[75.66661,12.5672],[75.66751,12.56661],[75.66816,12.56594],[75.66841,12.56559],[75.66871,12.56517],[75.6688,12.56478],[75.66896,12.56413],[75.66898,12.56349],[75.66906,12.56298],[75.66929,12.56234],[75.66944,12.56197],[75.66966,12.56145],[75.66973,12.56065],[75.6698,12.5603],[75.66986,12.56005],[75.6701,12.55936],[75.67055,12.55874],[75.67058,12.55706],[75.67058,12.55706],[75.67058,12.55668],[75.67059,12.554],[75.67064,12.55135],[75.67056,12.55105],[75.67014,12.55073],[75.6696,12.55036],[75.66904,12.54959],[75.66852,12.54861],[75.66829,12.54817],[75.66802,12.54783],[75.6679,12.54772],[75.66775,12.54758],[75.66719,12.54725],[75.66673,12.54674],[75.66637,12.54638],[75.66543,12.54629],[75.66448,12.54629],[75.66365,12.54626],[75.66343,12.54621],[75.66302,12.54613],[75.6628,12.54593],[75.6627,12.54585],[75.66262,12.54575],[75.66238,12.54548],[75.6616,12.54467],[75.66113,12.54433],[75.66087,12.54428],[75.66047,12.54433],[75.65989,12.54437],[75.6596,12.54427],[75.65941,12.5442],[75.65926,12.54404],[75.65896,12.54373],[75.65879,12.54365],[75.65848,12.54351],[75.65795,12.5437],[75.65747,12.54371],[75.65687,12.54338],[75.65534,12.54209],[75.65374,12.54072],[75.65305,12.54053],[75.6526,12.54061],[75.652,12.54102],[75.65155,12.54091],[75.65125,12.54083],[75.65077,12.54072],[75.64997,12.54052],[75.64821,12.54006],[75.64779,12.53995],[75.64723,12.53983],[75.64609,12.53959],[75.64542,12.53953],[75.64484,12.53948],[75.64462,12.53945],[75.64428,12.53942],[75.64413,12.53929],[75.64371,12.53895],[75.64187,12.5376],[75.64052,12.5365],[75.64052,12.5365],[75.63972,12.53484],[75.63919,12.53363],[75.63871,12.53256],[75.6382,12.53147],[75.63788,12.53065],[75.63759,12.53036],[75.63759,12.53036],[75.63575,12.52915],[75.63385,12.52834],[75.63315,12.52809],[75.63316,12.5279],[75.63323,12.52775],[75.63336,12.52746],[75.63365,12.52691],[75.63374,12.52653],[75.63296,12.52579],[75.63245,12.52529],[75.63245,12.52529],[75.63259,12.52412],[75.63264,12.52384],[75.63268,12.52361],[75.6334,12.52279],[75.63339,12.52277],[75.63307,12.52191],[75.63232,12.52111],[75.63167,12.52076],[75.63124,12.52054],[75.63073,12.52029],[75.63046,12.52016],[75.63003,12.51969],[75.62886,12.51914],[75.6283,12.5191],[75.62795,12.51914],[75.62788,12.51938],[75.62793,12.51993],[75.62795,12.52057],[75.62784,12.52097],[75.62758,12.52104],[75.62695,12.52123],[75.62676,12.52112],[75.62662,12.52079],[75.62629,12.52027],[75.62566,12.5196],[75.62516,12.51886],[75.62493,12.51845],[75.6245,12.51759],[75.62404,12.51682],[75.62368,12.51627],[75.6234,12.51602],[75.62305,12.51583],[75.62254,12.51552],[75.62207,12.51525],[75.61938,12.51353],[75.61864,12.51311],[75.61798,12.5126],[75.61542,12.51055],[75.61476,12.51019],[75.61431,12.51024],[75.61363,12.51055],[75.61289,12.51097],[75.61218,12.51129],[75.6117,12.51142],[75.61009,12.51168],[75.60822,12.5118],[75.60641,12.51213],[75.60582,12.51232],[75.6055,12.51267],[75.60524,12.5136],[75.60527,12.51429],[75.60529,12.51475],[75.60551,12.51609],[75.60583,12.51703],[75.60588,12.51767],[75.60577,12.51851],[75.60577,12.51851],[75.60569,12.5192],[75.60575,12.51991],[75.60574,12.52111],[75.60449,12.52187],[75.60258,12.52272],[75.60238,12.5234],[75.60208,12.52387],[75.60162,12.52461],[75.60073,12.52554],[75.59968,12.52647],[75.5989,12.52685],[75.59838,12.5271],[75.59786,12.52726],[75.59764,12.52733],[75.59731,12.5274],[75.59679,12.5275],[75.59655,12.52753],[75.59608,12.52757],[75.59584,12.52764],[75.59578,12.52783],[75.5958,12.52818],[75.59564,12.52939],[75.59551,12.53017],[75.59547,12.53046],[75.59544,12.53065],[75.59527,12.53147],[75.5949,12.53258],[75.5944,12.53362],[75.59367,12.53496],[75.59346,12.53581],[75.5934,12.53621],[75.59328,12.53698],[75.59298,12.53805],[75.5925,12.53897],[75.59174,12.53966],[75.59099,12.54008],[75.59079,12.53985],[75.59056,12.53958],[75.58907,12.53784],[75.58811,12.53671],[75.58684,12.53522],[75.586,12.53422],[75.58387,12.53197],[75.58351,12.53163],[75.58269,12.53084],[75.58269,12.53084],[75.58269,12.53052],[75.58283,12.52909],[75.58262,12.52721],[75.58234,12.5257],[75.58173,12.5237],[75.58169,12.52326],[75.58162,12.52324],[75.58042,12.5227],[75.58027,12.52266],[75.58013,12.52209],[75.58052,12.52109],[75.58089,12.52029],[75.58104,12.51979],[75.58107,12.51958],[75.58093,12.51932],[75.58067,12.5192],[75.58006,12.51909],[75.5792,12.51905],[75.5786,12.51895],[75.5781,12.51886],[75.57765,12.51866],[75.57737,12.51843],[75.5772,12.51823],[75.57713,12.51786],[75.5771,12.51735],[75.57702,12.51696],[75.57674,12.51654],[75.57648,12.51621],[75.57593,12.51557],[75.57533,12.51488],[75.57499,12.51453],[75.57459,12.51423],[75.5735,12.51365],[75.5726,12.51298],[75.5722,12.51261],[75.57169,12.51223],[75.57125,12.51189],[75.57089,12.51152],[75.57037,12.51133],[75.56978,12.51113],[75.5686,12.51079],[75.56818,12.51068],[75.56748,12.51071],[75.56708,12.51079],[75.56684,12.51096],[75.56667,12.51133],[75.56659,12.51157],[75.56631,12.51172],[75.56592,12.51167],[75.56541,12.51144],[75.56511,12.5112],[75.56418,12.51065],[75.56334,12.51],[75.56248,12.50891],[75.56209,12.50843],[75.56185,12.50794],[75.56172,12.50769],[75.56144,12.50723],[75.56104,12.50682],[75.56074,12.50658],[75.56044,12.50636],[75.56013,12.50607],[75.55965,12.50547],[75.5593,12.505],[75.55902,12.50454],[75.55883,12.50422],[75.55861,12.50401],[75.55813,12.50364],[75.55753,12.50321],[75.55666,12.50188],[75.55617,12.50123],[75.55613,12.50077],[75.55568,12.49947],[75.55565,12.49939],[75.55506,12.49835],[75.55506,12.49834],[75.55549,12.49826],[75.55587,12.49812],[75.55641,12.49789],[75.55695,12.49777],[75.55789,12.49764],[75.5589,12.49729],[75.56003,12.49663],[75.56107,12.49614],[75.56272,12.49567],[75.56384,12.49535],[75.56481,12.49506],[75.56482,12.49506],[75.56491,12.49478],[75.56502,12.49421],[75.56505,12.49336],[75.56537,12.49282],[75.56537,12.49281],[75.56589,12.49232],[75.56619,12.49202],[75.5662,12.49202],[75.56622,12.48951],[75.56625,12.48829],[75.56635,12.48714],[75.56611,12.48634],[75.56591,12.48611],[75.56571,12.48597],[75.56519,12.48601],[75.56442,12.48622],[75.56154,12.48702],[75.56082,12.48738],[75.56042,12.48771],[75.56042,12.48772],[75.56006,12.48818],[75.55984,12.48882],[75.55965,12.48933],[75.55964,12.48933],[75.55935,12.48941],[75.55875,12.48941],[75.55746,12.48937],[75.55632,12.48935],[75.55605,12.48944],[75.55604,12.48945],[75.55562,12.48996],[75.55512,12.49082],[75.55443,12.4918],[75.55443,12.49181],[75.55373,12.49237],[75.55292,12.49276],[75.55184,12.49322],[75.55132,12.4933],[75.55049,12.49316],[75.54958,12.49285],[75.54842,12.49248],[75.54747,12.49203],[75.54725,12.49199],[75.54682,12.49218],[75.54452,12.49329],[75.54249,12.49403],[75.54076,12.49491],[75.54036,12.49503],[75.53989,12.49494],[75.53908,12.49461],[75.53854,12.49445],[75.53793,12.49449],[75.53729,12.49451],[75.5364,12.49467],[75.53556,12.49474],[75.53441,12.49484],[75.5337,12.49499],[75.53339,12.49513],[75.53338,12.49514],[75.53269,12.49577],[75.53203,12.49675],[75.53164,12.49753],[75.53141,12.49834],[75.53121,12.49916],[75.53105,12.49942],[75.53105,12.49942],[75.53067,12.49955],[75.53023,12.49963],[75.52972,12.49963],[75.52939,12.49954],[75.52916,12.49947],[75.52856,12.49914],[75.52779,12.49863],[75.52696,12.49808],[75.52632,12.49744],[75.52589,12.49684],[75.52548,12.49594],[75.52502,12.49488],[75.52476,12.49408],[75.52487,12.49337],[75.52493,12.49216],[75.52483,12.49126],[75.52451,12.4904],[75.52411,12.49005],[75.52367,12.48983],[75.5229,12.48985],[75.52212,12.4897],[75.52104,12.48933],[75.52003,12.48892],[75.51917,12.48823],[75.5186,12.48798],[75.51796,12.48788],[75.51758,12.48794],[75.51722,12.4881],[75.51722,12.4881],[75.51691,12.48841],[75.5164,12.48901],[75.51639,12.48901],[75.51592,12.48928],[75.51499,12.48936],[75.51411,12.48934],[75.51336,12.4892],[75.51298,12.48909],[75.51151,12.48869],[75.5096,12.48824],[75.50865,12.48789],[75.50817,12.48777],[75.50767,12.48784],[75.50736,12.48775],[75.50674,12.48728],[75.50626,12.48679],[75.50597,12.48657],[75.50559,12.48642],[75.50515,12.48648],[75.50422,12.48683],[75.50366,12.48697],[75.50322,12.48691],[75.50239,12.4864],[75.50201,12.48632],[75.50149,12.4865],[75.50064,12.48691],[75.50008,12.48704],[75.49969,12.48689],[75.49915,12.4861],[75.49913,12.4861],[75.49879,12.48606],[75.49839,12.48573],[75.49758,12.48516],[75.49677,12.48475],[75.49571,12.48429],[75.49503,12.48418],[75.49387,12.48396],[75.49332,12.48373],[75.49315,12.48343],[75.49314,12.48314],[75.49335,12.48275],[75.4939,12.48184],[75.49408,12.48133],[75.49408,12.48132],[75.49413,12.48103],[75.49423,12.48031],[75.49506,12.48008],[75.49518,12.48001],[75.49581,12.47963],[75.49607,12.47919],[75.49602,12.47857],[75.49559,12.47735],[75.49517,12.47643],[75.49504,12.47556],[75.49505,12.47466],[75.49489,12.47406],[75.49444,12.47378],[75.49376,12.47353],[75.49348,12.47332],[75.49328,12.47289],[75.4933,12.472],[75.49312,12.47133],[75.49301,12.47108],[75.49267,12.47036],[75.49165,12.46891],[75.49165,12.46865],[75.4921,12.46783],[75.4925,12.46691],[75.49318,12.46497],[75.49275,12.46328],[75.49266,12.46282],[75.49248,12.46191],[75.49208,12.4615],[75.48986,12.46009],[75.48941,12.46021],[75.48875,12.46062],[75.48756,12.46179],[75.48716,12.46226],[75.48671,12.46231],[75.48477,12.4622],[75.48396,12.46342],[75.48354,12.46404],[75.4825,12.46554],[75.48248,12.46555],[75.48195,12.46581],[75.48078,12.46594],[75.47915,12.46612],[75.47897,12.46614],[75.47796,12.46621],[75.4769,12.46522],[75.47614,12.46428],[75.47542,12.46343],[75.47516,12.46409],[75.47499,12.46515],[75.47494,12.46548],[75.47453,12.46608],[75.47416,12.46621],[75.47377,12.46636],[75.47204,12.46659],[75.47077,12.46777],[75.4687,12.4692],[75.46737,12.47057],[75.46604,12.47139],[75.46463,12.47186],[75.46401,12.47299],[75.46391,12.47319],[75.46301,12.47451],[75.46282,12.47474],[75.46181,12.47595],[75.4608,12.47694],[75.46091,12.47721],[75.46102,12.47745],[75.46147,12.47907],[75.46145,12.48126],[75.46131,12.48276],[75.46143,12.48319],[75.46318,12.48502],[75.46352,12.48544],[75.46347,12.48565],[75.46306,12.48601],[75.46261,12.48657],[75.46241,12.48681],[75.46222,12.48721],[75.46207,12.48751],[75.46198,12.48791],[75.4627,12.48887],[75.46338,12.48958],[75.46394,12.4898],[75.46532,12.48991],[75.46669,12.49027],[75.46691,12.49083],[75.46711,12.49158],[75.46799,12.49273],[75.4683,12.49331],[75.46844,12.49455],[75.4686,12.49517],[75.46995,12.49654],[75.4717,12.49833],[75.47249,12.49946],[75.47174,12.49999],[75.47129,12.50017],[75.47027,12.50055],[75.46916,12.50123],[75.46909,12.50153],[75.46907,12.5016],[75.46861,12.50189],[75.46753,12.50253],[75.4662,12.50296],[75.46444,12.50321],[75.46358,12.50334],[75.4623,12.5041],[75.46131,12.50498],[75.46137,12.50573],[75.46148,12.50722],[75.4617,12.5083],[75.46149,12.50835],[75.46072,12.5087],[75.45964,12.50919],[75.4587,12.51058],[75.45852,12.51118],[75.45839,12.51163],[75.45839,12.51226],[75.45861,12.51292],[75.45904,12.51421],[75.45895,12.51512],[75.45827,12.51572],[75.45809,12.51588],[75.45732,12.51605],[75.45681,12.51592],[75.45629,12.51524],[75.45618,12.51411],[75.45603,12.51354],[75.45579,12.51317],[75.45534,12.5129],[75.45453,12.5129],[75.4532,12.51366],[75.452,12.5148],[75.45123,12.51585],[75.45079,12.51687],[75.45067,12.51716],[75.45024,12.51813],[75.44994,12.51859],[75.44991,12.51862],[75.44964,12.51879],[75.4493,12.51902],[75.44775,12.51858],[75.44766,12.51855],[75.44702,12.51837],[75.44569,12.51833],[75.44576,12.51876],[75.44586,12.51888],[75.44636,12.51945],[75.44645,12.51972],[75.44562,12.51982],[75.44492,12.5198],[75.44494,12.5199],[75.44499,12.52023],[75.4451,12.52034],[75.44546,12.52076],[75.44477,12.52084],[75.44368,12.52125],[75.44278,12.52156],[75.44209,12.52202],[75.4416,12.52267],[75.44134,12.52347],[75.44108,12.5243],[75.44053,12.52697],[75.44055,12.52705],[75.43998,12.52737],[75.43976,12.52842],[75.43978,12.52851],[75.43869,12.52911],[75.43641,12.52964],[75.43435,12.53012],[75.43392,12.52813],[75.4336,12.5267],[75.43235,12.52533],[75.43221,12.52379],[75.43008,12.52194],[75.42946,12.52121],[75.42964,12.52074],[75.4298,12.52031],[75.43006,12.51997],[75.43027,12.5198],[75.43023,12.51974],[75.4304,12.51927],[75.43057,12.51884],[75.43082,12.5185],[75.43145,12.51801],[75.43194,12.51777],[75.43193,12.51777],[75.43169,12.51783],[75.43126,12.51784],[75.43107,12.51777],[75.4309,12.51766],[75.43054,12.51712],[75.4304,12.51699],[75.43013,12.51684],[75.42946,12.51664],[75.42929,12.5164],[75.42916,12.51593],[75.42917,12.51551],[75.42902,12.51513],[75.42889,12.515],[75.42865,12.51485],[75.42824,12.51484],[75.4279,12.51499],[75.42732,12.5154],[75.42622,12.51634],[75.42619,12.51637],[75.4256,12.51679],[75.42491,12.51714],[75.42484,12.5172],[75.42426,12.51729],[75.42357,12.51725],[75.42295,12.51707],[75.42223,12.51664],[75.42153,12.51599],[75.42043,12.51536],[75.42017,12.51527],[75.41999,12.51527],[75.41872,12.5163],[75.41842,12.51637],[75.41806,12.51638],[75.41771,12.51631],[75.41719,12.51607],[75.41686,12.51583],[75.41659,12.51555],[75.41643,12.5153],[75.41653,12.51491],[75.41666,12.51477],[75.41682,12.51439],[75.41683,12.51408],[75.4167,12.51371],[75.41624,12.51299],[75.41614,12.51267],[75.41614,12.51248],[75.41639,12.51205],[75.41668,12.51117],[75.41683,12.51111],[75.41689,12.51111],[75.41689,12.511],[75.41714,12.51058],[75.4174,12.50981],[75.41744,12.50969],[75.41758,12.50963],[75.41772,12.50963],[75.41806,12.50972],[75.41842,12.50991],[75.4187,12.50996],[75.41901,12.50994],[75.4193,12.50978],[75.41941,12.5096],[75.41942,12.50935],[75.4194,12.50921],[75.41932,12.50902],[75.41844,12.50847],[75.41792,12.50823],[75.41722,12.50819],[75.41711,12.50813],[75.41684,12.50786],[75.41676,12.50746],[75.41676,12.50705],[75.41669,12.50679],[75.41633,12.50602],[75.41599,12.50553],[75.41584,12.50521],[75.4158,12.50498],[75.4158,12.50461],[75.41588,12.50437],[75.4158,12.50379],[75.41581,12.50345],[75.41593,12.50307],[75.41624,12.5024],[75.41634,12.50188],[75.41625,12.50144],[75.41615,12.50124],[75.41601,12.50097],[75.41597,12.50071],[75.41599,12.50046],[75.41609,12.5001],[75.41613,12.50003],[75.41767,12.49711],[75.41788,12.49514],[75.41666,12.49378],[75.41893,12.48946],[75.41977,12.48889],[75.42054,12.48726],[75.42052,12.48569],[75.42056,12.48443],[75.42061,12.48282],[75.42031,12.4803],[75.42037,12.4785],[75.42161,12.47706],[75.42303,12.47626],[75.42402,12.47505],[75.42475,12.47398],[75.42473,12.47278],[75.42458,12.47075],[75.4244,12.46859],[75.42367,12.46734],[75.42294,12.46698],[75.42127,12.46654],[75.4193,12.46646],[75.41752,12.46643],[75.41606,12.46614],[75.41558,12.46549],[75.41539,12.46524],[75.41543,12.46403],[75.41548,12.46275],[75.41492,12.46055],[75.41378,12.45925],[75.41273,12.45849],[75.41108,12.45755],[75.40904,12.45671],[75.40584,12.45554],[75.40232,12.45514],[75.39996,12.45502],[75.39923,12.45474],[75.39829,12.45418],[75.39702,12.453],[75.3964,12.45268],[75.39591,12.4524],[75.39475,12.45189],[75.39333,12.45183],[75.39224,12.45252],[75.39136,12.45372],[75.39011,12.45512],[75.38851,12.45655],[75.38531,12.45789],[75.38107,12.45711],[75.38001,12.45727],[75.37904,12.45773],[75.37739,12.45845],[75.37502,12.45978],[75.37385,12.45994],[75.37331,12.45948],[75.37285,12.45868],[75.3724,12.45812],[75.37193,12.45728],[75.37123,12.45687],[75.36974,12.4571],[75.36921,12.45747],[75.36805,12.45802],[75.36684,12.45841],[75.36582,12.45838],[75.36544,12.45782],[75.36628,12.45653],[75.36695,12.45558],[75.36719,12.4547],[75.36643,12.45362],[75.36748,12.45272],[75.36837,12.45214],[75.36903,12.45142],[75.36964,12.45037],[75.36963,12.44949],[75.36983,12.44706],[75.3695,12.44479],[75.36882,12.44374],[75.36855,12.44254],[75.36871,12.4413],[75.36959,12.43999],[75.37062,12.43886],[75.37097,12.43783],[75.371,12.43664],[75.37046,12.43464],[75.36942,12.43257],[75.36854,12.4311],[75.36846,12.43045],[75.36865,12.42917],[75.36905,12.42822],[75.36941,12.42691],[75.36957,12.4261],[75.36914,12.42515],[75.36876,12.42412],[75.36817,12.42229],[75.36743,12.42071],[75.3671,12.41889],[75.36699,12.41786],[75.36648,12.41711],[75.36672,12.41621],[75.36681,12.41374],[75.36638,12.41272],[75.36604,12.41215],[75.36624,12.41173],[75.36708,12.41094],[75.36888,12.40947],[75.36987,12.40878],[75.37071,12.40806],[75.3713,12.40707],[75.37146,12.40497],[75.3714,12.4038],[75.37138,12.40309],[75.37109,12.40135],[75.37123,12.40064],[75.37156,12.40008],[75.37258,12.39963],[75.37366,12.39944],[75.37589,12.39909],[75.37612,12.39888],[75.37713,12.398],[75.378,12.39676],[75.37781,12.39571],[75.37917,12.39501],[75.37913,12.39426],[75.37897,12.39344],[75.3789,12.39266],[75.37942,12.39186],[75.37982,12.39152],[75.38008,12.39129],[75.38096,12.39125],[75.38243,12.39103],[75.38362,12.39066],[75.38477,12.39058],[75.3856,12.39088],[75.38656,12.39118],[75.38755,12.39126],[75.38853,12.39115],[75.38932,12.39084],[75.39016,12.3903],[75.39207,12.38928],[75.39276,12.38895],[75.39343,12.38849],[75.39412,12.38779],[75.39459,12.3871],[75.39522,12.38503],[75.39525,12.38491],[75.39587,12.38387],[75.39648,12.38289],[75.39688,12.38244],[75.39737,12.38191],[75.39849,12.38101],[75.39936,12.38079],[75.40027,12.38094],[75.40119,12.38141],[75.40191,12.38167],[75.40303,12.38093],[75.40378,12.38017],[75.40421,12.37997],[75.40512,12.37954],[75.40846,12.37939],[75.41342,12.37952],[75.41484,12.37913],[75.41535,12.37843],[75.41611,12.37742],[75.41725,12.37671],[75.41931,12.37532],[75.42068,12.37362],[75.42178,12.37156],[75.42196,12.37025],[75.42181,12.36904],[75.42168,12.36792],[75.42069,12.36524],[75.42043,12.36414],[75.42077,12.36218],[75.42069,12.36039],[75.42038,12.35885],[75.41894,12.35547],[75.41754,12.35327],[75.41663,12.35159],[75.41602,12.35071],[75.41474,12.34991],[75.41268,12.34954],[75.41157,12.34955],[75.41066,12.34924],[75.41012,12.34853],[75.40998,12.34749],[75.41046,12.34613],[75.41263,12.34348],[75.41342,12.34209],[75.4137,12.34161],[75.41456,12.34022],[75.41505,12.33899],[75.41508,12.33621],[75.4152,12.3343],[75.41539,12.33153],[75.41556,12.33043],[75.41578,12.3295],[75.41645,12.32904],[75.41721,12.32858],[75.41789,12.32802],[75.41836,12.32676],[75.41878,12.32578],[75.41931,12.32446],[75.41975,12.32206],[75.41979,12.32145],[75.41999,12.32071],[75.42012,12.32018],[75.42025,12.31996],[75.42057,12.3193],[75.42087,12.3184],[75.42139,12.31799],[75.42182,12.31768],[75.42214,12.31692],[75.4222,12.31685],[75.42325,12.31545],[75.42405,12.31354],[75.42599,12.31192],[75.42747,12.31105],[75.42843,12.31071],[75.42894,12.31068],[75.43001,12.31119],[75.43082,12.31095],[75.43177,12.31078],[75.43231,12.31032],[75.43232,12.30964],[75.43213,12.30895],[75.43199,12.30844],[75.43129,12.30839],[75.43042,12.30837],[75.42915,12.30805],[75.42778,12.30737],[75.42719,12.30658],[75.42738,12.30589],[75.4282,12.30517],[75.42823,12.3045],[75.42792,12.30414],[75.42568,12.3037],[75.42421,12.30295],[75.4234,12.30273],[75.42306,12.30224],[75.4233,12.30175],[75.42447,12.30096],[75.42473,12.30048],[75.42453,12.30002],[75.42339,12.29959],[75.42208,12.29953],[75.4215,12.29927],[75.42108,12.29874],[75.4207,12.29748],[75.41976,12.29626],[75.41887,12.2953],[75.41805,12.29459],[75.4168,12.2943],[75.41612,12.29339],[75.41564,12.29277],[75.41511,12.29277],[75.41408,12.29335],[75.41317,12.29307],[75.41312,12.29133],[75.41394,12.29077],[75.41403,12.29076],[75.41415,12.28963],[75.41551,12.28825],[75.41786,12.28812],[75.41824,12.28826],[75.42011,12.28898],[75.42174,12.2908],[75.42343,12.29125],[75.42545,12.29201],[75.42678,12.29296],[75.42794,12.29387],[75.42932,12.29387],[75.43066,12.29354],[75.43153,12.29362],[75.43193,12.29356],[75.4328,12.2935],[75.43418,12.29435],[75.43581,12.29457],[75.43658,12.29431],[75.43811,12.29285],[75.44121,12.29403],[75.44609,12.29395],[75.44833,12.29391],[75.45052,12.29318],[75.45588,12.29148],[75.45936,12.29269],[75.46182,12.29412],[75.46458,12.29598],[75.46699,12.29708],[75.46798,12.29696],[75.4691,12.29683],[75.47035,12.29624],[75.47258,12.29611],[75.47312,12.29601],[75.47403,12.29577],[75.47488,12.29567],[75.47599,12.2956],[75.47606,12.29486],[75.47649,12.29407],[75.47829,12.29278],[75.47909,12.2923],[75.48116,12.29108],[75.48207,12.29107],[75.48299,12.29116],[75.48486,12.29],[75.48554,12.28856],[75.48598,12.28754],[75.4864,12.28725],[75.48683,12.28718],[75.48668,12.28604],[75.48675,12.28517],[75.4869,12.28438],[75.48797,12.28339],[75.48862,12.28257],[75.48975,12.27974],[75.49049,12.2789],[75.49136,12.27824],[75.49207,12.27652],[75.49255,12.27538],[75.49324,12.27364],[75.4939,12.27287],[75.49558,12.27235],[75.49663,12.27223],[75.4971,12.27228],[75.49763,12.27045],[75.4985,12.26994],[75.49962,12.27008],[75.5045,12.2713],[75.50692,12.26816],[75.50591,12.26637],[75.50617,12.26435],[75.51131,12.26074],[75.51178,12.26041],[75.5118,12.25974],[75.51169,12.25763],[75.51154,12.2561],[75.51165,12.2549],[75.51172,12.25398],[75.513,12.25312],[75.51382,12.25276],[75.51476,12.25235],[75.51581,12.25138],[75.51721,12.24857],[75.51805,12.24761],[75.5188,12.24662],[75.51899,12.24553],[75.51867,12.24452],[75.5188,12.24341],[75.51942,12.24245],[75.52015,12.24144],[75.52027,12.23977],[75.52041,12.23802],[75.52066,12.23691],[75.52099,12.23595],[75.5221,12.23555],[75.5235,12.23498],[75.52431,12.23461],[75.52534,12.23349],[75.52641,12.23234],[75.52721,12.23169],[75.52764,12.23096],[75.5277,12.22984],[75.52753,12.22886],[75.52716,12.22783],[75.5265,12.22678],[75.52635,12.22592],[75.5268,12.22454],[75.52802,12.2233],[75.53002,12.22211],[75.53206,12.22112],[75.53332,12.22041],[75.53613,12.21883],[75.53714,12.21826],[75.53768,12.21795],[75.53931,12.21651],[75.53974,12.2155],[75.53967,12.2143],[75.53925,12.21303],[75.53787,12.2107],[75.53652,12.2077],[75.53553,12.20686],[75.53483,12.20655],[75.53405,12.20629],[75.53334,12.20619],[75.53197,12.20594],[75.53189,12.20524],[75.53197,12.20413],[75.53197,12.20294],[75.53186,12.20206],[75.53225,12.20147],[75.53266,12.20111],[75.53341,12.2016],[75.53356,12.20233],[75.53347,12.20313],[75.53371,12.20354],[75.53407,12.20345],[75.53458,12.20325],[75.53503,12.20281],[75.53534,12.20241],[75.53592,12.20225],[75.53656,12.20226],[75.53719,12.20238],[75.5376,12.20252],[75.53781,12.20257],[75.53829,12.20283],[75.53858,12.203],[75.53902,12.20319],[75.53948,12.20324],[75.53993,12.20305],[75.5405,12.20273],[75.54084,12.20233],[75.54098,12.20183],[75.54087,12.20141],[75.54074,12.20087],[75.54057,12.20035],[75.54039,12.19989],[75.54029,12.199],[75.5404,12.1988],[75.54061,12.19845],[75.54093,12.19802],[75.5411,12.19765],[75.54136,12.19736],[75.54172,12.19717],[75.54217,12.19726],[75.54258,12.1974],[75.54308,12.19752],[75.5436,12.19775],[75.54404,12.19789],[75.5443,12.19811],[75.54456,12.19837],[75.54485,12.19847],[75.54511,12.19845],[75.54565,12.19825],[75.54617,12.19805],[75.54652,12.19793],[75.54702,12.19769],[75.54723,12.19735],[75.54705,12.19692],[75.54684,12.19667],[75.54661,12.19633],[75.54653,12.19595],[75.54665,12.19556],[75.54709,12.19482],[75.54758,12.19405],[75.5479,12.19354],[75.54829,12.19323],[75.54865,12.19307],[75.54915,12.19301],[75.54961,12.19294],[75.55017,12.19303],[75.55046,12.19313],[75.5514,12.19299],[75.55205,12.1927],[75.55245,12.19213],[75.55279,12.19148],[75.55349,12.18952],[75.55424,12.1868],[75.55458,12.18483],[75.55475,12.18403],[75.55501,12.18279],[75.5552,12.18221],[75.55578,12.18193],[75.55648,12.18183],[75.5571,12.18178],[75.55767,12.18161],[75.55828,12.18109],[75.55864,12.18042],[75.55916,12.17793],[75.55946,12.1771],[75.55993,12.17624],[75.56061,12.17539],[75.56194,12.17465],[75.56347,12.17381],[75.56482,12.1735],[75.56589,12.17338],[75.56669,12.17318],[75.56781,12.17272],[75.56937,12.17233],[75.57035,12.17108],[75.5714,12.16938],[75.57187,12.16795],[75.57207,12.16723],[75.57297,12.16609],[75.5738,12.16519],[75.57449,12.16451],[75.57499,12.16377],[75.57543,12.16287],[75.5759,12.16167],[75.57629,12.15959],[75.5766,12.15875],[75.57711,12.15814],[75.57771,12.15788],[75.57838,12.15791],[75.58006,12.15837],[75.58064,12.15853],[75.58161,12.15853],[75.58213,12.1584],[75.58252,12.15755],[75.58288,12.15684],[75.58376,12.15622],[75.58476,12.1557],[75.58547,12.1553],[75.5865,12.15495],[75.58798,12.15465],[75.58849,12.1538],[75.58921,12.15283],[75.58995,12.15172],[75.59079,12.14994],[75.59097,12.14902],[75.59122,12.14839],[75.59162,12.14791],[75.59335,12.14756],[75.59347,12.14772],[75.59377,12.1486],[75.59383,12.14932],[75.59391,12.15015],[75.59399,12.15094],[75.59425,12.1518],[75.59481,12.15268],[75.59555,12.15348],[75.59614,12.15364],[75.59664,12.15355],[75.59802,12.15355],[75.5996,12.15346],[75.60036,12.15347],[75.60113,12.15364],[75.60243,12.15406],[75.60296,12.15419],[75.60369,12.15438],[75.60446,12.15472],[75.60523,12.15498],[75.60595,12.15502],[75.60687,12.15464],[75.60738,12.15425],[75.60806,12.15379],[75.60934,12.1525],[75.6101,12.15221],[75.61103,12.15214],[75.61168,12.15233],[75.61238,12.15264],[75.61315,12.15329],[75.61392,12.15408],[75.61583,12.15559],[75.61703,12.15612],[75.61827,12.15644],[75.61985,12.1561],[75.6205,12.15567],[75.6213,12.15518],[75.62165,12.15486],[75.6232,12.15354],[75.62421,12.15272],[75.62587,12.15184],[75.62711,12.15105],[75.62804,12.15046],[75.62974,12.14922],[75.63061,12.14875],[75.63173,12.14851],[75.63291,12.14849],[75.63378,12.1486],[75.63404,12.14862],[75.63437,12.14863],[75.63525,12.14877],[75.63599,12.1485],[75.63627,12.14824],[75.6381,12.14714],[75.63887,12.14597],[75.63913,12.14493],[75.63929,12.14401],[75.63906,12.14312],[75.63832,12.14157],[75.63789,12.14096],[75.63769,12.14011],[75.63774,12.13957],[75.63835,12.13869],[75.63888,12.13858],[75.63967,12.13853],[75.64027,12.13871],[75.64102,12.13893],[75.6415,12.13896],[75.64237,12.13888],[75.6427,12.13835],[75.64294,12.13728],[75.64303,12.1362],[75.64327,12.13555],[75.64368,12.13522],[75.64441,12.13464],[75.64475,12.13293],[75.64485,12.12793],[75.64514,12.12558],[75.64525,12.12518],[75.64546,12.12438],[75.64613,12.12359],[75.64653,12.12319],[75.64741,12.12229],[75.64771,12.11973],[75.64748,12.11576],[75.64851,12.11402],[75.64887,12.11261],[75.649,12.11188],[75.65003,12.11211],[75.6504,12.11218]]]]}},{"type":"Feature","properties":{"name":"Virajpet taluk","level":"6"},"geometry":{"type":"MultiPolygon","coordinates":[[[[75.80311,12.07833],[75.80471,12.07969],[75.80879,12.07933],[75.81523,12.07731],[75.82166,12.07566],[75.82776,12.07638],[75.83092,12.07412],[75.8346,12.07484],[75.83691,12.07211],[75.83888,12.07007],[75.84127,12.07049],[75.84345,12.0724],[75.84415,12.073],[75.84562,12.07082],[75.84644,12.07047],[75.84832,12.07102],[75.85304,12.07113],[75.85769,12.07142],[75.85913,12.07441],[75.85997,12.07732],[75.85995,12.08013],[75.86097,12.08543],[75.86111,12.09128],[75.86186,12.09721],[75.86226,12.10036],[75.8612,12.10229],[75.86148,12.10878],[75.861,12.11104],[75.859,12.11157],[75.86002,12.1141],[75.86055,12.11649],[75.86048,12.11922],[75.86346,12.12042],[75.86447,12.12314],[75.86607,12.1241],[75.86616,12.12562],[75.86552,12.12638],[75.86476,12.12709],[75.86445,12.1281],[75.86498,12.13291],[75.86941,12.13484],[75.87152,12.13613],[75.87285,12.13723],[75.87675,12.13661],[75.87959,12.13675],[75.8814,12.13735],[75.88353,12.13699],[75.884,12.13823],[75.88389,12.14],[75.88269,12.14226],[75.87976,12.14315],[75.87854,12.1449],[75.87593,12.14594],[75.87438,12.1471],[75.87008,12.14913],[75.86822,12.15084],[75.86966,12.15317],[75.86831,12.15601],[75.86995,12.15937],[75.87039,12.16068],[75.86951,12.16254],[75.86749,12.16434],[75.86798,12.16544],[75.86995,12.165],[75.86975,12.16784],[75.86828,12.17191],[75.86722,12.17395],[75.86551,12.17325],[75.86529,12.175],[75.86551,12.17579],[75.8653,12.17659],[75.86439,12.17663],[75.86421,12.17788],[75.86551,12.1787],[75.86722,12.17936],[75.86853,12.1798],[75.8707,12.17817],[75.87192,12.17828],[75.87276,12.1789],[75.87418,12.1791],[75.87522,12.1792],[75.87817,12.17956],[75.87917,12.18158],[75.87897,12.18388],[75.87883,12.18649],[75.88265,12.19029],[75.88326,12.18616],[75.88449,12.18324],[75.88821,12.18461],[75.8926,12.18587],[75.8941,12.188],[75.89472,12.1917],[75.89523,12.19605],[75.8994,12.19443],[75.90314,12.19388],[75.90538,12.1939],[75.90591,12.197],[75.91041,12.198],[75.91023,12.19942],[75.91103,12.20172],[75.91484,12.20396],[75.91287,12.20511],[75.9085,12.20762],[75.9072,12.20896],[75.90512,12.21061],[75.9035,12.21227],[75.91034,12.2083],[75.915,12.2093],[75.91664,12.21138],[75.92639,12.21971],[75.93937,12.23195],[75.94899,12.23596],[75.97581,12.26476],[75.99776,12.2894],[76.00957,12.28735],[76.01714,12.27338],[76.01665,12.27603],[76.01643,12.27702],[76.01599,12.27904],[76.01505,12.2824],[76.01485,12.28316],[76.01465,12.28389],[76.01465,12.28437],[76.01472,12.28461],[76.01485,12.28509],[76.01522,12.28642],[76.01542,12.28786],[76.0153,12.28932],[76.01491,12.29076],[76.01489,12.29084],[76.01452,12.29225],[76.01383,12.29353],[76.01339,12.29405],[76.01281,12.29473],[76.01219,12.29527],[76.01171,12.29569],[76.00996,12.29701],[76.00971,12.29742],[76.00926,12.29818],[76.00845,12.29966],[76.00783,12.30142],[76.00706,12.30208],[76.00675,12.30234],[76.00653,12.30252],[76.00623,12.30294],[76.00605,12.3032],[76.00568,12.304],[76.00542,12.30442],[76.00523,12.30473],[76.00466,12.30537],[76.00431,12.30565],[76.00388,12.30601],[76.00341,12.30624],[76.00307,12.30641],[76.00281,12.30637],[76.00233,12.30629],[76.00099,12.30608],[76.00074,12.30616],[76.00042,12.30625],[75.99912,12.30737],[75.99909,12.30739],[75.99852,12.30847],[75.99834,12.30876],[75.99805,12.30923],[75.99793,12.30944],[75.99775,12.30974],[75.99765,12.31015],[75.9976,12.31037],[75.99758,12.31141],[75.99778,12.31292],[75.9978,12.31322],[75.99782,12.31352],[75.99774,12.3145],[75.99743,12.31557],[75.99713,12.3163],[75.99684,12.31663],[75.99673,12.31676],[75.9964,12.31689],[75.99623,12.31695],[75.99591,12.31702],[75.9953,12.31715],[75.99505,12.31722],[75.995,12.31723],[75.99473,12.31738],[75.99473,12.31765],[75.99478,12.31791],[75.99483,12.31819],[75.99483,12.31876],[75.99479,12.31921],[75.99462,12.31964],[75.99454,12.32007],[75.99445,12.32055],[75.99479,12.32122],[75.99529,12.32171],[75.99568,12.32223],[75.9959,12.32262],[75.99604,12.32312],[75.99614,12.32343],[75.99659,12.32429],[75.99719,12.32518],[75.99762,12.32573],[75.99813,12.32636],[75.99875,12.32681],[75.99909,12.32703],[75.99929,12.32714],[75.99948,12.32725],[75.99997,12.32757],[76.00019,12.32772],[76.00033,12.32782],[76.00054,12.32798],[76.001,12.32857],[76.00128,12.32898],[76.00138,12.32942],[76.00145,12.32973],[76.00137,12.3301],[76.0012,12.33037],[76.00109,12.33055],[76.00061,12.33089],[75.99984,12.33113],[75.99964,12.33116],[75.99909,12.33123],[75.9988,12.3313],[75.99821,12.3311],[75.99757,12.33114],[75.99711,12.33116],[75.99682,12.33129],[75.99636,12.3315],[75.99596,12.33175],[75.99558,12.33201],[75.99485,12.33302],[75.99414,12.33419],[75.99372,12.3355],[75.99344,12.33581],[75.9932,12.33609],[75.99259,12.33648],[75.99222,12.33672],[75.99143,12.33717],[75.99101,12.33741],[75.99043,12.33786],[75.99001,12.33814],[75.99001,12.33814],[75.98905,12.33815],[75.98801,12.33822],[75.98725,12.33839],[75.98674,12.33888],[75.98586,12.33974],[75.98517,12.3405],[75.98459,12.34105],[75.98387,12.34151],[75.9832,12.3419],[75.98244,12.34216],[75.98172,12.34245],[75.98101,12.34255],[75.98039,12.34251],[75.97993,12.34247],[75.97929,12.34227],[75.97867,12.34211],[75.97769,12.34195],[75.97664,12.34193],[75.97577,12.34208],[75.97508,12.34223],[75.97441,12.34254],[75.97359,12.3429],[75.97268,12.3433],[75.97237,12.34347],[75.97195,12.34391],[75.97157,12.34461],[75.97131,12.34508],[75.97099,12.34529],[75.97047,12.34557],[75.9703,12.34557],[75.9694,12.34562],[75.96875,12.34555],[75.96786,12.34518],[75.96728,12.34501],[75.96683,12.3449],[75.96607,12.34491],[75.96555,12.34497],[75.96481,12.34477],[75.96393,12.34432],[75.96327,12.34393],[75.96249,12.34351],[75.96201,12.34334],[75.96166,12.34335],[75.96107,12.34354],[75.96049,12.34387],[75.96018,12.34428],[75.96,12.34471],[75.95979,12.34524],[75.95933,12.34625],[75.95903,12.34684],[75.95842,12.34775],[75.95784,12.34863],[75.95746,12.34929],[75.95685,12.35007],[75.95616,12.35066],[75.95572,12.35104],[75.95477,12.35135],[75.95407,12.35161],[75.95374,12.35187],[75.95309,12.35266],[75.95234,12.3536],[75.95154,12.35453],[75.94912,12.35731],[75.94807,12.35845],[75.94725,12.35947],[75.94677,12.36016],[75.94621,12.36097],[75.94553,12.36183],[75.94483,12.36283],[75.94323,12.36499],[75.94235,12.36607],[75.94174,12.36721],[75.94135,12.36767],[75.94085,12.36839],[75.94013,12.36929],[75.93967,12.36997],[75.93939,12.37068],[75.93893,12.37129],[75.93869,12.37161],[75.93832,12.37192],[75.93788,12.37212],[75.93761,12.37236],[75.93733,12.37286],[75.93709,12.37329],[75.93695,12.3736],[75.93665,12.37406],[75.93642,12.37449],[75.93567,12.37575],[75.93529,12.37638],[75.93485,12.37705],[75.93451,12.37754],[75.9341,12.37788],[75.9338,12.37819],[75.93363,12.37851],[75.93342,12.37988],[75.93311,12.38071],[75.93287,12.38144],[75.93264,12.3819],[75.93232,12.38229],[75.93178,12.38258],[75.93099,12.38305],[75.93022,12.38357],[75.92981,12.38382],[75.92919,12.38422],[75.92793,12.38452],[75.92633,12.38482],[75.92519,12.38518],[75.92437,12.38536],[75.92306,12.38585],[75.92129,12.38647],[75.91949,12.38713],[75.91822,12.38775],[75.91716,12.38807],[75.91618,12.3883],[75.91555,12.38834],[75.91508,12.38831],[75.91483,12.38813],[75.91446,12.38755],[75.91422,12.38704],[75.9137,12.38642],[75.91314,12.3856],[75.91313,12.38558],[75.91409,12.38017],[75.911,12.37685],[75.90961,12.37355],[75.90459,12.37199],[75.90298,12.36865],[75.90042,12.36853],[75.8984,12.36646],[75.89986,12.36208],[75.90096,12.35837],[75.9046,12.35716],[75.90602,12.35515],[75.90468,12.3515],[75.90361,12.34662],[75.90275,12.34575],[75.9015,12.34558],[75.90051,12.3458],[75.89806,12.34737],[75.89612,12.34751],[75.8939,12.34587],[75.89348,12.34386],[75.89335,12.34335],[75.89373,12.34134],[75.89362,12.34083],[75.88739,12.34073],[75.88663,12.34086],[75.88508,12.34183],[75.88425,12.34145],[75.88352,12.34054],[75.88415,12.33715],[75.87999,12.3337],[75.8794,12.33067],[75.88256,12.32754],[75.88864,12.32032],[75.88318,12.3172],[75.88083,12.31125],[75.87784,12.30924],[75.87377,12.3067],[75.86835,12.30567],[75.86456,12.30341],[75.85935,12.30493],[75.85713,12.30432],[75.85498,12.30148],[75.85507,12.29594],[75.85309,12.29549],[75.85108,12.298],[75.85012,12.30301],[75.84752,12.30524],[75.84791,12.30784],[75.84755,12.30917],[75.84659,12.30969],[75.84497,12.30976],[75.84227,12.30736],[75.84015,12.30487],[75.83854,12.30414],[75.83598,12.30393],[75.8345,12.3026],[75.83419,12.30144],[75.83232,12.30066],[75.83155,12.2988],[75.82945,12.2983],[75.82701,12.299],[75.82609,12.30173],[75.83036,12.3042],[75.8309,12.30748],[75.82784,12.31154],[75.82279,12.31566],[75.81703,12.31067],[75.81305,12.30132],[75.8072,12.30025],[75.80966,12.29607],[75.81025,12.29229],[75.80485,12.29146],[75.80301,12.29518],[75.80165,12.29674],[75.79811,12.29779],[75.79458,12.30181],[75.79116,12.3026],[75.78653,12.29729],[75.78238,12.29646],[75.7797,12.2921],[75.77681,12.28547],[75.77351,12.28409],[75.77188,12.27958],[75.76995,12.27613],[75.76772,12.27582],[75.7624,12.27742],[75.76022,12.27985],[75.76043,12.28212],[75.75999,12.28271],[75.75546,12.28051],[75.75268,12.27936],[75.75174,12.27854],[75.75132,12.27641],[75.75295,12.27434],[75.75177,12.27343],[75.75006,12.27437],[75.74688,12.28106],[75.73765,12.27561],[75.73085,12.27366],[75.72845,12.26731],[75.71799,12.25477],[75.72114,12.24407],[75.72835,12.24202],[75.73331,12.23943],[75.73574,12.23631],[75.74087,12.232],[75.74068,12.22492],[75.74039,12.22075],[75.74278,12.21489],[75.73641,12.21697],[75.73235,12.20912],[75.72739,12.21444],[75.71832,12.21385],[75.72009,12.2066],[75.70896,12.20542],[75.70944,12.20042],[75.70346,12.18483],[75.69708,12.17666],[75.68962,12.17652],[75.6869,12.16502],[75.67338,12.16078],[75.67131,12.15879],[75.6671,12.14527],[75.66312,12.14247],[75.66693,12.13761],[75.67428,12.11263],[75.67473,12.1083],[75.6748,12.10762],[75.67585,12.09743],[75.67705,12.09836],[75.67732,12.0987],[75.67874,12.10048],[75.67951,12.10155],[75.68071,12.10256],[75.68166,12.10319],[75.68363,12.10435],[75.68462,12.10517],[75.68535,12.10649],[75.68578,12.10814],[75.68625,12.1093],[75.68733,12.10995],[75.68923,12.11068],[75.6908,12.11091],[75.69211,12.11087],[75.69285,12.1107],[75.69351,12.1105],[75.69488,12.10997],[75.69638,12.10968],[75.69823,12.10984],[75.69983,12.1097],[75.70149,12.10936],[75.70254,12.10861],[75.70314,12.10777],[75.70327,12.1067],[75.70338,12.10527],[75.70329,12.10382],[75.70286,12.10265],[75.70245,12.10145],[75.70232,12.09975],[75.70252,12.09898],[75.70256,12.09823],[75.70277,12.0969],[75.70245,12.09598],[75.70204,12.09377],[75.70217,12.09256],[75.70348,12.09214],[75.70533,12.09228],[75.70685,12.0923],[75.7081,12.09214],[75.70971,12.09153],[75.71116,12.09115],[75.71237,12.09092],[75.71346,12.09058],[75.71428,12.08968],[75.71528,12.08857],[75.71597,12.08788],[75.71681,12.08731],[75.71749,12.08678],[75.71784,12.08651],[75.71805,12.08563],[75.71799,12.08475],[75.7176,12.08383],[75.71717,12.08316],[75.71539,12.08204],[75.71582,12.08099],[75.71631,12.07997],[75.71614,12.07885],[75.71537,12.07757],[75.71498,12.07699],[75.7147,12.07619],[75.7149,12.07508],[75.71474,12.0744],[75.71415,12.07191],[75.71449,12.07086],[75.71527,12.07046],[75.71556,12.07031],[75.71745,12.07044],[75.71856,12.06994],[75.71937,12.07015],[75.71978,12.07051],[75.7202,12.07086],[75.72062,12.0713],[75.72104,12.07183],[75.72163,12.07212],[75.72247,12.07254],[75.72306,12.07274],[75.72361,12.07286],[75.72475,12.07257],[75.72509,12.07216],[75.7255,12.07192],[75.72583,12.0719],[75.72641,12.072],[75.7272,12.07236],[75.7282,12.07293],[75.72861,12.07337],[75.72971,12.07417],[75.73049,12.07465],[75.73196,12.07602],[75.73373,12.07732],[75.73498,12.07828],[75.73566,12.07893],[75.73607,12.0791],[75.73703,12.07919],[75.73776,12.07919],[75.73858,12.07897],[75.73966,12.07873],[75.74049,12.07883],[75.74133,12.07928],[75.74213,12.07989],[75.7426,12.08032],[75.7431,12.08048],[75.74348,12.08026],[75.74402,12.07982],[75.74436,12.07934],[75.74472,12.07887],[75.74502,12.07829],[75.7456,12.07795],[75.74617,12.07791],[75.74666,12.078],[75.74721,12.07819],[75.74862,12.07901],[75.74956,12.07976],[75.75009,12.08025],[75.75037,12.08075],[75.75039,12.08162],[75.75123,12.08278],[75.75247,12.08326],[75.75466,12.0837],[75.75627,12.08395],[75.7576,12.08393],[75.7591,12.08368],[75.76054,12.08351],[75.76161,12.08347],[75.76281,12.08339],[75.76361,12.08322],[75.76496,12.08301],[75.76706,12.08395],[75.76889,12.08437],[75.7697,12.08437],[75.77041,12.08408],[75.77103,12.08383],[75.77148,12.08351],[75.77228,12.08349],[75.77288,12.08349],[75.77335,12.08326],[75.77438,12.08251],[75.77509,12.08221],[75.77597,12.0824],[75.77715,12.08288],[75.77824,12.0832],[75.77908,12.0833],[75.77985,12.08322],[75.78041,12.08295],[75.78135,12.08274],[75.78219,12.0829],[75.78305,12.08332],[75.78373,12.08376],[75.78509,12.0841],[75.78648,12.08376],[75.78758,12.08324],[75.78824,12.08259],[75.78976,12.082],[75.79073,12.08177],[75.79187,12.0816],[75.79283,12.08207],[75.79388,12.0824],[75.79483,12.08232],[75.79549,12.08192],[75.79605,12.08141],[75.79654,12.08068],[75.79751,12.08016],[75.79811,12.07961],[75.79867,12.07919],[75.80051,12.0789],[75.80122,12.07869],[75.80311,12.07833]]]]}},{"type":"Feature","properties":{"name":"Gundlupet taluk","level":"6"},"geometry":{"type":"MultiPolygon","coordinates":[[[[76.43128,11.66608],[76.42987,11.66646],[76.42956,11.66654],[76.42847,11.66993],[76.42791,11.67002],[76.42701,11.67008],[76.42655,11.67112],[76.42521,11.67121],[76.42447,11.6714],[76.4235,11.67147],[76.4228,11.67117],[76.42206,11.67139],[76.42162,11.67183],[76.42082,11.67238],[76.42054,11.67226],[76.4203,11.67183],[76.41971,11.67117],[76.41909,11.67083],[76.41865,11.67097],[76.41737,11.67171],[76.41573,11.67253],[76.41543,11.67358],[76.41494,11.67493],[76.41546,11.67622],[76.41437,11.67693],[76.41425,11.67773],[76.41416,11.67884],[76.41338,11.6795],[76.41316,11.6802],[76.41403,11.68175],[76.41391,11.68182],[76.41307,11.6819],[76.41264,11.6821],[76.41213,11.68277],[76.41217,11.68294],[76.41229,11.68359],[76.41261,11.68435],[76.41284,11.68536],[76.41263,11.68631],[76.41219,11.68635],[76.4115,11.68641],[76.41101,11.68684],[76.4111,11.68734],[76.41073,11.68779],[76.41035,11.68801],[76.40995,11.68772],[76.40969,11.68771],[76.40901,11.68769],[76.40858,11.68846],[76.40827,11.68912],[76.40842,11.68964],[76.40908,11.69003],[76.40967,11.69057],[76.40972,11.69246],[76.41028,11.69333],[76.41099,11.6945],[76.41162,11.69525],[76.4114,11.69566],[76.41115,11.69658],[76.4113,11.6974],[76.41106,11.69758],[76.41063,11.69792],[76.40984,11.69808],[76.40953,11.69826],[76.40942,11.69863],[76.40966,11.69882],[76.41028,11.69912],[76.41038,11.69954],[76.40949,11.70061],[76.40918,11.7016],[76.4086,11.70261],[76.4087,11.70393],[76.40904,11.70511],[76.40889,11.70575],[76.40819,11.70651],[76.40803,11.70682],[76.40755,11.70701],[76.40723,11.70669],[76.40712,11.70605],[76.40669,11.70546],[76.40524,11.70516],[76.40475,11.70579],[76.40394,11.70685],[76.40352,11.7072],[76.40315,11.70728],[76.40305,11.70764],[76.40331,11.7081],[76.40359,11.70831],[76.40399,11.70869],[76.4039,11.70902],[76.40335,11.70928],[76.4032,11.71041],[76.40325,11.71146],[76.40357,11.71163],[76.40407,11.71144],[76.4048,11.71077],[76.40533,11.71082],[76.40598,11.71127],[76.40641,11.71187],[76.40677,11.71322],[76.40796,11.71464],[76.40931,11.71469],[76.41076,11.71556],[76.41187,11.71538],[76.41268,11.71488],[76.4126,11.71288],[76.41262,11.71157],[76.41276,11.71109],[76.41331,11.7107],[76.41406,11.71115],[76.41549,11.7124],[76.41585,11.71302],[76.41578,11.71456],[76.41644,11.71599],[76.41717,11.71765],[76.41781,11.71822],[76.41906,11.71819],[76.42006,11.71841],[76.42141,11.71957],[76.42305,11.71977],[76.42399,11.72006],[76.42493,11.72103],[76.425,11.72271],[76.42592,11.72358],[76.42608,11.72469],[76.42727,11.72561],[76.4274,11.72613],[76.42621,11.72666],[76.42532,11.73062],[76.42341,11.73453],[76.42228,11.73761],[76.41896,11.74126],[76.41863,11.74176],[76.41829,11.74245],[76.418,11.7426],[76.41753,11.74237],[76.41601,11.74179],[76.41391,11.74009],[76.41337,11.73965],[76.41282,11.7395],[76.41188,11.74],[76.41045,11.74122],[76.41026,11.74153],[76.41031,11.74205],[76.41054,11.74222],[76.4114,11.74238],[76.41194,11.74254],[76.41238,11.74429],[76.41265,11.74607],[76.41204,11.74887],[76.41252,11.75135],[76.4128,11.75291],[76.41464,11.75355],[76.41574,11.755],[76.41503,11.75889],[76.41406,11.76006],[76.41383,11.76056],[76.4138,11.76083],[76.41375,11.76124],[76.41382,11.76182],[76.41402,11.76212],[76.41423,11.76242],[76.41439,11.7626],[76.41471,11.76297],[76.41502,11.76314],[76.41529,11.7633],[76.41555,11.76345],[76.41584,11.76362],[76.41637,11.76413],[76.41671,11.76467],[76.41678,11.76533],[76.41679,11.76586],[76.41686,11.76643],[76.417,11.76663],[76.41733,11.76726],[76.41777,11.76775],[76.41837,11.76813],[76.41882,11.76834],[76.41944,11.76865],[76.41995,11.76887],[76.42011,11.76894],[76.42066,11.76914],[76.42082,11.76928],[76.42114,11.76955],[76.42156,11.77002],[76.42165,11.77017],[76.42188,11.77055],[76.422,11.771],[76.42209,11.7713],[76.422,11.77191],[76.42209,11.77261],[76.4222,11.77335],[76.42233,11.77359],[76.42252,11.77394],[76.42276,11.77459],[76.42285,11.7752],[76.42292,11.77562],[76.4229,11.77625],[76.42249,11.77682],[76.42192,11.77689],[76.42121,11.77663],[76.42066,11.77645],[76.42004,11.7762],[76.41942,11.776],[76.41876,11.77609],[76.41817,11.77634],[76.41788,11.77648],[76.4175,11.77666],[76.41737,11.77678],[76.417,11.77707],[76.4165,11.77739],[76.41568,11.77773],[76.41522,11.77791],[76.41467,11.77828],[76.41434,11.77858],[76.41417,11.77873],[76.41394,11.77916],[76.41386,11.77935],[76.41383,11.78002],[76.41399,11.78072],[76.41445,11.78137],[76.41479,11.78179],[76.41526,11.78236],[76.41565,11.7828],[76.41595,11.78332],[76.4162,11.78395],[76.41624,11.78408],[76.41634,11.7844],[76.41636,11.78465],[76.41636,11.78493],[76.41629,11.78526],[76.41613,11.78556],[76.41597,11.78578],[76.41551,11.78612],[76.41496,11.78628],[76.41428,11.78642],[76.4138,11.78658],[76.4135,11.78665],[76.41323,11.78679],[76.41307,11.78697],[76.41302,11.78711],[76.41297,11.78729],[76.41294,11.78746],[76.41294,11.78775],[76.41301,11.78794],[76.41317,11.78805],[76.41353,11.78816],[76.41413,11.78831],[76.41454,11.78847],[76.41471,11.78858],[76.41516,11.7889],[76.41564,11.78935],[76.41614,11.78969],[76.4164,11.78986],[76.4167,11.78992],[76.41739,11.78968],[76.41791,11.78954],[76.41851,11.78947],[76.41917,11.78942],[76.41988,11.78937],[76.42052,11.78946],[76.42116,11.7897],[76.42171,11.78999],[76.42215,11.79039],[76.42244,11.79079],[76.42252,11.79089],[76.42262,11.7912],[76.42271,11.7915],[76.42274,11.79211],[76.42268,11.79231],[76.42263,11.79247],[76.42257,11.7926],[76.42252,11.79274],[76.42211,11.79326],[76.42172,11.79374],[76.42131,11.79439],[76.42115,11.79485],[76.42113,11.79505],[76.42117,11.7953],[76.42127,11.79546],[76.42143,11.79559],[76.42166,11.79566],[76.42185,11.79572],[76.42199,11.79572],[76.42233,11.79572],[76.4228,11.7956],[76.42328,11.79545],[76.42397,11.79515],[76.42426,11.79492],[76.42459,11.79474],[76.42497,11.79424],[76.42545,11.79384],[76.42602,11.79347],[76.42641,11.79336],[76.42664,11.79333],[76.42696,11.79335],[76.42737,11.79351],[76.42792,11.79382],[76.42831,11.79422],[76.42852,11.79456],[76.42866,11.79481],[76.42873,11.79526],[76.42873,11.79547],[76.42864,11.7959],[76.42853,11.79614],[76.42836,11.79673],[76.42818,11.79705],[76.42802,11.79734],[76.42779,11.7977],[76.4277,11.79784],[76.42713,11.79813],[76.42663,11.79834],[76.42608,11.79859],[76.42576,11.7987],[76.42553,11.79886],[76.42523,11.79916],[76.4251,11.79948],[76.4251,11.79977],[76.42506,11.80033],[76.42522,11.80103],[76.42529,11.80179],[76.42532,11.80206],[76.42537,11.80247],[76.42534,11.80263],[76.42528,11.80303],[76.42506,11.80355],[76.42497,11.80374],[76.42489,11.80387],[76.42466,11.80426],[76.42433,11.80462],[76.42404,11.80471],[76.42349,11.8048],[76.42299,11.80478],[76.42276,11.8046],[76.42225,11.80439],[76.42198,11.80408],[76.42188,11.80386],[76.42168,11.8035],[76.42161,11.80334],[76.42133,11.80299],[76.42104,11.80285],[76.42078,11.80285],[76.42028,11.80315],[76.42001,11.80342],[76.41978,11.80376],[76.41965,11.80403],[76.41944,11.8044],[76.41939,11.80448],[76.4191,11.80475],[76.41878,11.80491],[76.41835,11.80523],[76.41769,11.80548],[76.41718,11.80578],[76.41657,11.80612],[76.41606,11.80637],[76.4157,11.80653],[76.41556,11.80655],[76.41499,11.80669],[76.41438,11.80674],[76.41381,11.80688],[76.41349,11.80699],[76.41325,11.80713],[76.41281,11.80743],[76.41239,11.80774],[76.41221,11.80788],[76.41181,11.80828],[76.41133,11.80867],[76.41097,11.80908],[76.41069,11.80958],[76.41033,11.81012],[76.41009,11.81071],[76.40992,11.81123],[76.41068,11.81136],[76.41129,11.81147],[76.41189,11.81156],[76.41242,11.81169],[76.41315,11.81189],[76.41489,11.81077],[76.41635,11.80968],[76.41742,11.80889],[76.41878,11.808],[76.42017,11.80723],[76.42084,11.8068],[76.42216,11.8062],[76.42396,11.80565],[76.42527,11.8052],[76.42638,11.80481],[76.42825,11.80419],[76.42945,11.80367],[76.43085,11.80328],[76.43201,11.803],[76.43421,11.80261],[76.43579,11.80235],[76.43797,11.80184],[76.4398,11.80132],[76.44194,11.8007],[76.44347,11.80024],[76.44402,11.80001],[76.44477,11.79971],[76.44628,11.79964],[76.44713,11.79962],[76.44796,11.7996],[76.44886,11.79951],[76.44938,11.79946],[76.45137,11.79821],[76.45321,11.79709],[76.45493,11.79596],[76.45632,11.79514],[76.45755,11.79442],[76.45776,11.79392],[76.45803,11.79327],[76.45858,11.79299],[76.4592,11.79281],[76.45979,11.79271],[76.46041,11.79253],[76.46107,11.79241],[76.4622,11.79264],[76.46287,11.79514],[76.46329,11.79692],[76.46388,11.79937],[76.4643,11.8012],[76.46454,11.80257],[76.46478,11.8032],[76.46525,11.80496],[76.46599,11.80807],[76.4663,11.80928],[76.46679,11.81117],[76.46743,11.81369],[76.46794,11.8154],[76.46832,11.81732],[76.46863,11.81848],[76.46884,11.81912],[76.4701,11.81929],[76.47195,11.81944],[76.47415,11.81975],[76.47609,11.82],[76.47811,11.82022],[76.47974,11.82039],[76.48364,11.82093],[76.48744,11.82138],[76.49057,11.82178],[76.49226,11.82199],[76.49278,11.82208],[76.4918,11.82513],[76.49117,11.82766],[76.49015,11.83118],[76.48929,11.83455],[76.48897,11.83615],[76.48861,11.83739],[76.48846,11.8396],[76.48838,11.84161],[76.48825,11.84339],[76.48846,11.84621],[76.48871,11.849],[76.48922,11.85398],[76.48936,11.85672],[76.48938,11.85699],[76.4894,11.85703],[76.48978,11.85794],[76.49115,11.86102],[76.49385,11.86096],[76.49637,11.86118],[76.49906,11.86121],[76.50034,11.86126],[76.50157,11.86127],[76.50285,11.86155],[76.50399,11.86198],[76.50686,11.8631],[76.50976,11.86421],[76.51144,11.86491],[76.51566,11.86641],[76.51806,11.86735],[76.51962,11.86789],[76.52087,11.86837],[76.52318,11.86912],[76.52378,11.8693],[76.52665,11.87023],[76.52946,11.87127],[76.53192,11.87218],[76.53371,11.87285],[76.53467,11.87322],[76.53527,11.87289],[76.53589,11.87238],[76.53679,11.87168],[76.53867,11.8703],[76.54061,11.86879],[76.54211,11.86769],[76.54397,11.86621],[76.54548,11.8651],[76.54841,11.86279],[76.54981,11.86169],[76.55133,11.86047],[76.55276,11.85939],[76.55316,11.85902],[76.55367,11.85863],[76.55371,11.85923],[76.5538,11.86105],[76.55397,11.86292],[76.55402,11.86432],[76.55425,11.86664],[76.55475,11.87267],[76.55552,11.87706],[76.55554,11.87886],[76.55584,11.88186],[76.55619,11.8859],[76.55649,11.88979],[76.5567,11.8923],[76.55696,11.89408],[76.55699,11.89469],[76.55844,11.89712],[76.55955,11.89928],[76.56199,11.904],[76.5629,11.90455],[76.56505,11.90559],[76.56685,11.90658],[76.56815,11.90719],[76.57018,11.90786],[76.57067,11.90903],[76.57104,11.90992],[76.57198,11.91242],[76.57291,11.91476],[76.57359,11.91647],[76.57412,11.91836],[76.57498,11.92008],[76.57577,11.92176],[76.57615,11.92244],[76.5766,11.92352],[76.5749,11.9249],[76.57295,11.92648],[76.57231,11.92741],[76.57184,11.92778],[76.57122,11.92763],[76.57075,11.92765],[76.5703,11.92807],[76.57042,11.92931],[76.57062,11.93124],[76.57082,11.93297],[76.57105,11.93478],[76.57112,11.93547],[76.57119,11.93613],[76.57137,11.93775],[76.57142,11.93866],[76.57146,11.93961],[76.57142,11.93986],[76.57128,11.94012],[76.57099,11.94042],[76.5692,11.94135],[76.56822,11.94192],[76.56694,11.94258],[76.56272,11.9447],[76.56166,11.94529],[76.56068,11.94585],[76.56008,11.94633],[76.55932,11.94701],[76.55855,11.94769],[76.55799,11.9483],[76.55747,11.94887],[76.55797,11.94924],[76.55876,11.95006],[76.55973,11.9511],[76.56105,11.95245],[76.5631,11.95477],[76.56439,11.95617],[76.56613,11.95795],[76.56753,11.95939],[76.568,11.95988],[76.56976,11.96172],[76.57034,11.96284],[76.57051,11.96313],[76.57095,11.96387],[76.57161,11.9648],[76.57296,11.96639],[76.57361,11.96744],[76.57429,11.9684],[76.57487,11.96956],[76.57512,11.97023],[76.57555,11.97135],[76.57574,11.97191],[76.576,11.97267],[76.57639,11.97442],[76.57654,11.97504],[76.5766,11.97666],[76.57671,11.97856],[76.57675,11.97899],[76.57685,11.98038],[76.5769,11.98161],[76.57698,11.98228],[76.57703,11.98274],[76.57717,11.98459],[76.57728,11.98524],[76.57752,11.98634],[76.57787,11.98714],[76.57825,11.98825],[76.57872,11.98795],[76.57926,11.98774],[76.58085,11.98713],[76.58205,11.98677],[76.58316,11.98646],[76.58547,11.9858],[76.58654,11.98547],[76.5877,11.98594],[76.58824,11.98608],[76.58968,11.98673],[76.59147,11.98721],[76.59207,11.9873],[76.59251,11.98716],[76.59349,11.98641],[76.59501,11.98517],[76.59598,11.98431],[76.59708,11.98508],[76.59845,11.98599],[76.5991,11.98642],[76.6006,11.98745],[76.60152,11.98813],[76.60241,11.98887],[76.60358,11.98964],[76.60516,11.99036],[76.60571,11.99057],[76.60641,11.99081],[76.60684,11.99089],[76.60751,11.99104],[76.60814,11.9912],[76.60877,11.99136],[76.61005,11.99144],[76.61111,11.99156],[76.6124,11.99164],[76.61336,11.99156],[76.61463,11.9913],[76.61573,11.99083],[76.61681,11.99023],[76.61796,11.98967],[76.61858,11.98959],[76.61917,11.98946],[76.62072,11.98895],[76.62139,11.98873],[76.62308,11.98802],[76.62433,11.98744],[76.626,11.98683],[76.62664,11.98656],[76.62727,11.98636],[76.62861,11.98595],[76.62866,11.98556],[76.62885,11.98506],[76.62896,11.98457],[76.62941,11.98441],[76.63188,11.98356],[76.63309,11.98335],[76.63436,11.98319],[76.6355,11.98289],[76.63727,11.98254],[76.63795,11.98243],[76.63923,11.98241],[76.64022,11.98264],[76.64278,11.98282],[76.64299,11.98334],[76.64366,11.98497],[76.64439,11.9867],[76.64474,11.98785],[76.64426,11.98806],[76.64437,11.98876],[76.64448,11.9895],[76.64506,11.98982],[76.6453,11.99025],[76.64573,11.99142],[76.64603,11.99203],[76.64648,11.99316],[76.6469,11.99434],[76.647,11.99495],[76.64718,11.99541],[76.64728,11.99602],[76.64698,11.99651],[76.64708,11.99719],[76.64744,11.99759],[76.64778,11.99815],[76.64788,11.99858],[76.64801,11.99928],[76.64818,12.00123],[76.64905,12.00193],[76.64907,12.00207],[76.6492,12.003],[76.64929,12.00365],[76.64956,12.00499],[76.64998,12.00539],[76.65045,12.00729],[76.65112,12.00791],[76.65233,12.00786],[76.65234,12.00786],[76.65264,12.00698],[76.65266,12.00693],[76.65307,12.00685],[76.6539,12.00687],[76.65514,12.00771],[76.65619,12.00765],[76.65709,12.00765],[76.6582,12.00764],[76.65937,12.00767],[76.66048,12.00765],[76.66131,12.00764],[76.66209,12.00746],[76.66274,12.00726],[76.6632,12.00729],[76.66396,12.00714],[76.66471,12.00688],[76.66739,12.00665],[76.6699,12.00632],[76.67193,12.00602],[76.67222,12.00502],[76.67251,12.00353],[76.67268,12.00262],[76.6727,12.0026],[76.67271,12.00256],[76.6733,12.00205],[76.67332,12.00203],[76.67471,12.00183],[76.67563,12.0017],[76.67765,12.00148],[76.67821,12.00125],[76.67844,12.00118],[76.67939,12.00101],[76.68002,12.00089],[76.68049,12.00052],[76.68141,12.00042],[76.68323,12.00042],[76.68455,12.00032],[76.68708,12.00025],[76.68949,12.00037],[76.69119,12.00052],[76.69266,12.00054],[76.6938,12.00052],[76.69458,12.00042],[76.69478,12.0],[76.69507,11.99924],[76.69565,11.9991],[76.69667,11.99905],[76.69691,11.99905],[76.69809,11.99905],[76.69876,11.99892],[76.69891,11.99838],[76.69978,11.99824],[76.7015,11.99782],[76.7015,11.99713],[76.70157,11.99604],[76.70162,11.99417],[76.70167,11.99201],[76.7017,11.99155],[76.70284,11.99118],[76.70369,11.99103],[76.70439,11.99079],[76.70469,11.98919],[76.70488,11.9875],[76.70503,11.98685],[76.70501,11.98611],[76.70513,11.98557],[76.70513,11.98508],[76.7058,11.98488],[76.70772,11.98496],[76.70964,11.98498],[76.71161,11.985],[76.71223,11.985],[76.71536,11.98495],[76.71725,11.98493],[76.71765,11.98618],[76.7184,11.98827],[76.71878,11.98945],[76.7192,11.9907],[76.72111,11.99065],[76.72355,11.99067],[76.72415,11.99065],[76.72415,11.99153],[76.72524,11.9915],[76.7267,11.99142],[76.72795,11.99135],[76.72855,11.99137],[76.7289,11.99096],[76.72942,11.99054],[76.72972,11.99118],[76.73049,11.99216],[76.73191,11.9939],[76.73231,12.00124],[76.73242,12.00173],[76.73252,12.00196],[76.73276,12.00247],[76.73332,12.00288],[76.73409,12.00297],[76.73505,12.00304],[76.73605,12.00312],[76.74007,11.98676],[76.74352,11.97264],[76.7426,11.9602],[76.72603,11.9583],[76.72724,11.94764],[76.72859,11.94404],[76.73593,11.94238],[76.74299,11.94297],[76.74454,11.91743],[76.74896,11.91394],[76.74156,11.91286],[76.74365,11.90406],[76.74863,11.89942],[76.75149,11.89302],[76.75971,11.89325],[76.75966,11.87532],[76.77501,11.87481],[76.78158,11.87025],[76.78115,11.86585],[76.79278,11.86376],[76.79925,11.86834],[76.80889,11.86689],[76.81456,11.86182],[76.81035,11.86164],[76.8062,11.85754],[76.80552,11.85257],[76.81879,11.84754],[76.82501,11.84156],[76.83042,11.84119],[76.83537,11.83464],[76.82677,11.82759],[76.81838,11.8248],[76.81523,11.81362],[76.81466,11.79945],[76.8108,11.79155],[76.81672,11.78896],[76.82953,11.78948],[76.82969,11.78225],[76.83846,11.7805],[76.83783,11.7759],[76.83193,11.76872],[76.82416,11.77112],[76.82532,11.77532],[76.81742,11.78032],[76.81,11.76813],[76.81876,11.76494],[76.81958,11.75693],[76.81181,11.75613],[76.8107,11.75707],[76.80965,11.75331],[76.80547,11.75212],[76.79921,11.75301],[76.79441,11.75012],[76.79475,11.74591],[76.80895,11.73891],[76.81467,11.74352],[76.82265,11.73911],[76.82858,11.74252],[76.85005,11.73451],[76.85087,11.71789],[76.84207,11.70428],[76.84228,11.69106],[76.84462,11.67399],[76.84477,11.67308],[76.84442,11.673],[76.84417,11.67297],[76.84386,11.67265],[76.84386,11.67222],[76.844,11.67178],[76.84427,11.67127],[76.84414,11.6709],[76.84395,11.67046],[76.84381,11.6701],[76.8436,11.66958],[76.84344,11.66891],[76.84292,11.66791],[76.84271,11.66755],[76.84253,11.66715],[76.84217,11.66683],[76.84173,11.66662],[76.84139,11.66624],[76.84123,11.66567],[76.84122,11.66517],[76.84133,11.66473],[76.84157,11.66434],[76.84185,11.66366],[76.84179,11.66247],[76.84159,11.66197],[76.84119,11.66159],[76.84078,11.66123],[76.84028,11.66083],[76.84013,11.66059],[76.8393,11.65998],[76.83869,11.65978],[76.83826,11.65944],[76.83804,11.65859],[76.83804,11.65763],[76.83793,11.65696],[76.83769,11.65643],[76.83732,11.65594],[76.83689,11.65548],[76.83624,11.65538],[76.83583,11.65539],[76.83507,11.65539],[76.83543,11.65521],[76.83562,11.6548],[76.83558,11.65433],[76.83575,11.65391],[76.83574,11.65359],[76.83556,11.65338],[76.83545,11.653],[76.83559,11.65248],[76.83532,11.6519],[76.83448,11.65086],[76.83411,11.64991],[76.83375,11.64937],[76.83364,11.64866],[76.83365,11.64808],[76.83386,11.64729],[76.83414,11.64643],[76.83473,11.64525],[76.83529,11.64449],[76.83549,11.64397],[76.83569,11.64362],[76.83615,11.64346],[76.83664,11.64308],[76.83734,11.64247],[76.83771,11.64225],[76.83786,11.64183],[76.83771,11.64127],[76.83745,11.64103],[76.83705,11.64089],[76.83659,11.64068],[76.8358,11.64032],[76.8354,11.64003],[76.83526,11.63945],[76.83537,11.63837],[76.8355,11.63741],[76.83586,11.63699],[76.83629,11.63685],[76.83737,11.63598],[76.83802,11.63537],[76.8385,11.63506],[76.83899,11.63493],[76.83949,11.63533],[76.83993,11.63547],[76.84028,11.63554],[76.84069,11.63517],[76.84091,11.63451],[76.84151,11.63384],[76.84265,11.63334],[76.84358,11.63297],[76.84414,11.633],[76.84436,11.63315],[76.84449,11.63346],[76.84451,11.63381],[76.84472,11.6341],[76.84508,11.63418],[76.84524,11.63385],[76.84525,11.63352],[76.84523,11.63286],[76.84533,11.63207],[76.84509,11.63112],[76.84488,11.63023],[76.84477,11.62929],[76.84415,11.62838],[76.84394,11.62822],[76.84367,11.62811],[76.84335,11.62801],[76.84308,11.62788],[76.84279,11.62763],[76.84267,11.62724],[76.84272,11.62702],[76.8429,11.62683],[76.84314,11.62671],[76.84348,11.62664],[76.84397,11.62665],[76.84442,11.62668],[76.84504,11.62664],[76.84535,11.62639],[76.84543,11.62617],[76.84553,11.62588],[76.84577,11.62549],[76.84596,11.62514],[76.84628,11.62482],[76.84678,11.62458],[76.84725,11.6245],[76.84764,11.62444],[76.84807,11.62438],[76.84867,11.62431],[76.84902,11.62432],[76.84948,11.62428],[76.84964,11.62401],[76.8492,11.62337],[76.84897,11.62318],[76.84863,11.62289],[76.84837,11.6226],[76.84844,11.62237],[76.84874,11.62194],[76.84897,11.62154],[76.84908,11.62122],[76.84928,11.62094],[76.84958,11.62087],[76.85013,11.62098],[76.85056,11.6212],[76.85126,11.62168],[76.85155,11.62182],[76.8519,11.62186],[76.85202,11.62165],[76.85199,11.62143],[76.8517,11.6211],[76.85138,11.62083],[76.85097,11.62057],[76.85045,11.62019],[76.8503,11.61965],[76.85011,11.6192],[76.84979,11.61889],[76.84949,11.61877],[76.84911,11.61867],[76.84874,11.61855],[76.84867,11.61834],[76.84876,11.61808],[76.84894,11.61787],[76.84931,11.61773],[76.84954,11.61753],[76.84984,11.61715],[76.85016,11.61667],[76.85047,11.61637],[76.8507,11.61622],[76.85103,11.61596],[76.85131,11.61585],[76.85171,11.6158],[76.85211,11.61583],[76.85255,11.61596],[76.85291,11.61607],[76.85332,11.61597],[76.85354,11.61571],[76.85383,11.61555],[76.85405,11.6155],[76.8543,11.61553],[76.85456,11.61561],[76.85496,11.6158],[76.85544,11.61597],[76.85577,11.61577],[76.85603,11.61556],[76.8564,11.61534],[76.85678,11.61517],[76.85733,11.61487],[76.85769,11.61454],[76.85801,11.61399],[76.85816,11.61326],[76.85815,11.61296],[76.8579,11.61257],[76.85765,11.61234],[76.85748,11.61199],[76.85737,11.61127],[76.85747,11.61052],[76.85765,11.61016],[76.85766,11.60987],[76.85748,11.60958],[76.85728,11.60944],[76.85676,11.6092],[76.8564,11.60907],[76.85602,11.60883],[76.85574,11.6084],[76.85565,11.60783],[76.85571,11.60731],[76.85605,11.60679],[76.85637,11.60629],[76.85673,11.60581],[76.85699,11.60543],[76.85707,11.60509],[76.85702,11.60471],[76.85676,11.60398],[76.85639,11.60324],[76.8563,11.60276],[76.85641,11.60216],[76.85624,11.60092],[76.85618,11.59958],[76.85613,11.59881],[76.8555,11.59835],[76.85461,11.59773],[76.85383,11.5971],[76.85312,11.59671],[76.8523,11.59646],[76.85128,11.5963],[76.85032,11.59621],[76.84894,11.59594],[76.84787,11.59564],[76.84638,11.59456],[76.84349,11.59628],[76.8262,11.60485],[76.75573,11.61779],[76.74502,11.61288],[76.66545,11.61465],[76.61746,11.60798],[76.61671,11.60812],[76.56974,11.61734],[76.56305,11.62046],[76.55012,11.678],[76.5345,11.69361],[76.51399,11.70565],[76.49481,11.68959],[76.48321,11.69182],[76.46091,11.66239],[76.44071,11.6649],[76.43953,11.66505],[76.43757,11.66529],[76.43128,11.66608]]]]}},{"type":"Feature","properties":{"name":"Heggadadevanakote taluk","level":"6"},"geometry":{"type":"MultiPolygon","coordinates":[[[[76.2853,11.80011],[76.28271,11.8179],[76.28745,11.82498],[76.29896,11.82709],[76.30582,11.83416],[76.30603,11.84655],[76.31434,11.85238],[76.31916,11.85953],[76.31558,11.86995],[76.31114,11.87578],[76.29984,11.8814],[76.29962,11.89051],[76.30866,11.90246],[76.32491,11.90421],[76.3271,11.91799],[76.33497,11.92185],[76.32462,11.9236],[76.32455,11.92667],[76.31908,11.92659],[76.31799,11.92965],[76.31383,11.93432],[76.31668,11.94292],[76.31536,11.94751],[76.31442,11.95378],[76.31289,11.961],[76.32105,11.96814],[76.32134,11.97179],[76.32142,11.97879],[76.32185,11.98491],[76.32105,11.98906],[76.3279,11.98753],[76.33235,11.98498],[76.34248,11.98156],[76.35035,11.97674],[76.35546,11.97193],[76.36071,11.97478],[76.3618,11.97952],[76.35961,11.98513],[76.36027,11.9887],[76.36377,11.99089],[76.37288,11.99089],[76.3798,11.99038],[76.38899,11.99198],[76.39329,11.99584],[76.39322,11.9984],[76.38666,12.00226],[76.3801,12.00481],[76.37346,12.00496],[76.37208,12.00809],[76.37368,12.01188],[76.37769,12.01399],[76.38134,12.01924],[76.38688,12.02041],[76.39242,12.01932],[76.39515,12.01611],[76.39883,12.0223],[76.39898,12.03113],[76.40058,12.03441],[76.40248,12.03725],[76.40641,12.0441],[76.40729,12.04658],[76.40255,12.05037],[76.40182,12.05285],[76.40102,12.05766],[76.39934,12.06028],[76.39504,12.06305],[76.39234,12.06961],[76.39176,12.07326],[76.38833,12.07545],[76.3844,12.07625],[76.38134,12.07814],[76.38381,12.08332],[76.38804,12.08507],[76.3957,12.08478],[76.40029,12.08536],[76.40138,12.08791],[76.39861,12.09054],[76.39643,12.09382],[76.39599,12.09841],[76.39963,12.09877],[76.40379,12.09848],[76.40874,12.09797],[76.41436,12.09783],[76.41727,12.09826],[76.4188,12.10023],[76.41829,12.10446],[76.41574,12.10701],[76.41888,12.11065],[76.42515,12.11277],[76.42821,12.11466],[76.43098,12.11641],[76.43692,12.1189],[76.44265,12.11946],[76.45595,12.1155],[76.4541,12.10439],[76.45433,12.09778],[76.46203,12.10212],[76.46422,12.10803],[76.46795,12.10777],[76.47075,12.10248],[76.47129,12.09864],[76.4731,12.09618],[76.47605,12.09556],[76.48255,12.09577],[76.48788,12.0983],[76.49543,12.1045],[76.50226,12.10508],[76.50834,12.10385],[76.51198,12.10221],[76.51441,12.10239],[76.51755,12.10455],[76.52024,12.10481],[76.52382,12.10326],[76.52686,12.09997],[76.52835,12.10001],[76.5301,12.10194],[76.53129,12.10441],[76.53286,12.10682],[76.5356,12.10845],[76.53929,12.11951],[76.53551,12.12333],[76.53508,12.12454],[76.5357,12.14404],[76.52848,12.1452],[76.52598,12.1366],[76.51285,12.13594],[76.5058,12.14727],[76.50311,12.15762],[76.50199,12.1681],[76.48882,12.1637],[76.48748,12.15154],[76.48345,12.13775],[76.47773,12.1315],[76.46698,12.13167],[76.46362,12.13988],[76.46916,12.15122],[76.46278,12.15269],[76.45757,12.15943],[76.46748,12.16074],[76.46933,12.16501],[76.45774,12.17355],[76.46648,12.18768],[76.47521,12.18867],[76.48647,12.19622],[76.49756,12.19524],[76.49672,12.1775],[76.50361,12.17602],[76.50899,12.18686],[76.51621,12.19244],[76.51672,12.20936],[76.52025,12.23711],[76.50882,12.24795],[76.50882,12.26207],[76.50092,12.26749],[76.49034,12.26815],[76.48882,12.27209],[76.48819,12.28211],[76.47357,12.289],[76.4644,12.28738],[76.46322,12.27228],[76.45955,12.26211],[76.44676,12.26637],[76.43533,12.25849],[76.43533,12.25159],[76.42676,12.23648],[76.42122,12.23418],[76.41769,12.22811],[76.4234,12.22105],[76.42542,12.20676],[76.43852,12.20676],[76.44776,12.18853],[76.4281,12.18541],[76.40591,12.17398],[76.40221,12.16495],[76.38961,12.16002],[76.36777,12.15788],[76.35264,12.17349],[76.33735,12.18219],[76.32038,12.17874],[76.32005,12.1858],[76.31282,12.19779],[76.30761,12.18827],[76.29904,12.18778],[76.28526,12.19287],[76.27468,12.20453],[76.26712,12.2042],[76.2446,12.1927],[76.23133,12.17792],[76.24427,12.15673],[76.22125,12.14474],[76.20243,12.14063],[76.1947,12.13472],[76.19486,12.12848],[76.1905,12.12486],[76.16668,12.12388],[76.16668,12.12387],[76.1679,12.12266],[76.16818,12.12251],[76.16871,12.12188],[76.16895,12.12153],[76.16918,12.12117],[76.16959,12.12033],[76.16984,12.1198],[76.17013,12.11935],[76.17013,12.11935],[76.17057,12.119],[76.17057,12.119],[76.17094,12.11874],[76.17095,12.11809],[76.1708,12.11749],[76.17077,12.11662],[76.17099,12.11549],[76.17134,12.11433],[76.17145,12.11357],[76.17151,12.11262],[76.17146,12.11172],[76.17148,12.11084],[76.17165,12.1098],[76.17172,12.10935],[76.17181,12.10873],[76.17189,12.10761],[76.17192,12.10722],[76.17189,12.10625],[76.17189,12.10625],[76.17191,12.10619],[76.172,12.10593],[76.17254,12.10525],[76.17254,12.10525],[76.17361,12.1041],[76.17412,12.10367],[76.17412,12.10367],[76.17498,12.10255],[76.17529,12.10211],[76.17564,12.10161],[76.17621,12.10084],[76.17646,12.10013],[76.17659,12.09937],[76.17651,12.09837],[76.17626,12.09708],[76.17612,12.09614],[76.17607,12.09547],[76.17604,12.09501],[76.17594,12.09335],[76.17574,12.09155],[76.17538,12.0917],[76.17551,12.09133],[76.17553,12.09114],[76.17556,12.0908],[76.17552,12.09041],[76.17547,12.08997],[76.17529,12.08778],[76.17521,12.08676],[76.17518,12.08634],[76.17509,12.08508],[76.17518,12.08416],[76.17504,12.08287],[76.17496,12.08231],[76.17499,12.08135],[76.17506,12.0805],[76.17511,12.0799],[76.17513,12.07966],[76.17513,12.07966],[76.17538,12.0789],[76.17552,12.07777],[76.17566,12.0769],[76.17573,12.0764],[76.17578,12.07611],[76.17629,12.07534],[76.17641,12.07507],[76.17652,12.0748],[76.17678,12.07438],[76.17705,12.07371],[76.17734,12.07321],[76.17753,12.07245],[76.17768,12.072],[76.17784,12.07151],[76.17807,12.07069],[76.17834,12.06978],[76.17857,12.06914],[76.17857,12.06911],[76.17869,12.06821],[76.17887,12.06792],[76.17908,12.06757],[76.18041,12.06601],[76.18082,12.06534],[76.18159,12.06434],[76.1821,12.06368],[76.18218,12.06362],[76.18231,12.06352],[76.18263,12.0635],[76.18303,12.06337],[76.18335,12.06259],[76.18367,12.06167],[76.18377,12.06141],[76.18416,12.06034],[76.18435,12.05955],[76.18519,12.05795],[76.18558,12.05713],[76.18599,12.05588],[76.18645,12.05446],[76.18703,12.05345],[76.18792,12.05196],[76.18841,12.05136],[76.18895,12.05052],[76.18926,12.05004],[76.18893,12.04937],[76.1887,12.04836],[76.1884,12.04687],[76.18803,12.04506],[76.18765,12.04385],[76.18711,12.04246],[76.18619,12.04062],[76.1851,12.03837],[76.18443,12.03711],[76.1839,12.03589],[76.18374,12.03546],[76.18379,12.03481],[76.18385,12.0339],[76.18361,12.03335],[76.18278,12.03234],[76.18154,12.0317],[76.18028,12.03109],[76.17704,12.02956],[76.17595,12.02904],[76.17519,12.02884],[76.17427,12.02866],[76.17326,12.02841],[76.17242,12.02808],[76.17118,12.02758],[76.16901,12.02664],[76.16852,12.02631],[76.16835,12.02621],[76.16724,12.02629],[76.16627,12.02634],[76.16585,12.02634],[76.1645,12.02561],[76.16002,12.02348],[76.15691,12.022],[76.15552,12.02123],[76.15467,12.02074],[76.15435,12.02056],[76.15307,12.01998],[76.15204,12.01937],[76.15085,12.01837],[76.14964,12.01721],[76.14896,12.0161],[76.14865,12.01506],[76.14871,12.01317],[76.14836,12.01165],[76.14813,12.01096],[76.14786,12.01033],[76.14758,12.00981],[76.14717,12.00938],[76.14646,12.00874],[76.14481,12.00777],[76.14317,12.00702],[76.14263,12.0067],[76.14182,12.00598],[76.14077,12.00528],[76.14005,12.00489],[76.13956,12.00442],[76.13913,12.00389],[76.13865,12.00285],[76.13844,12.00169],[76.13848,12.00169],[76.13846,12.00156],[76.13838,12.00122],[76.13788,11.99875],[76.13664,11.99658],[76.13528,11.99484],[76.13464,11.99404],[76.13324,11.99321],[76.13277,11.9928],[76.13115,11.99047],[76.12923,11.98847],[76.12889,11.98768],[76.12829,11.98568],[76.12668,11.9846],[76.12451,11.98306],[76.12145,11.98249],[76.12057,11.9825],[76.1182,11.98277],[76.11765,11.98287],[76.11693,11.98269],[76.11581,11.98202],[76.11473,11.98077],[76.1141,11.97935],[76.11336,11.97897],[76.11255,11.97868],[76.11243,11.95825],[76.11258,11.94722],[76.11263,11.93867],[76.11266,11.93403],[76.11328,11.91857],[76.11326,11.91702],[76.11317,11.90777],[76.11339,11.8947],[76.1118,11.88763],[76.11193,11.8853],[76.11244,11.88058],[76.11361,11.87489],[76.11486,11.86653],[76.11381,11.86307],[76.11345,11.86131],[76.11279,11.85834],[76.1163,11.85774],[76.11783,11.85709],[76.11668,11.85609],[76.11743,11.85421],[76.11916,11.85275],[76.12013,11.85061],[76.1204,11.85052],[76.1229,11.8512],[76.12449,11.85205],[76.12642,11.85302],[76.12818,11.85296],[76.13014,11.85316],[76.13227,11.85383],[76.13355,11.85484],[76.13426,11.85605],[76.13506,11.85719],[76.13569,11.85802],[76.13691,11.85872],[76.13894,11.85962],[76.14068,11.86111],[76.14224,11.86313],[76.14492,11.86639],[76.1459,11.86712],[76.1469,11.86721],[76.14765,11.86699],[76.14836,11.86674],[76.14894,11.86657],[76.14946,11.86659],[76.15021,11.867],[76.15118,11.86744],[76.15309,11.86856],[76.15614,11.87054],[76.15768,11.87079],[76.15961,11.87057],[76.16176,11.86964],[76.16385,11.86837],[76.16521,11.86828],[76.16692,11.86865],[76.16867,11.86956],[76.16987,11.87054],[76.17077,11.87105],[76.17211,11.87161],[76.17269,11.87181],[76.173,11.87192],[76.1737,11.87204],[76.17681,11.87126],[76.17945,11.87089],[76.18155,11.87105],[76.18467,11.87163],[76.18633,11.87221],[76.18792,11.87224],[76.18985,11.87185],[76.19078,11.87155],[76.19187,11.87103],[76.19581,11.86901],[76.19876,11.867],[76.2004,11.86587],[76.20126,11.86377],[76.20233,11.8627],[76.20362,11.86234],[76.20482,11.86247],[76.20716,11.86186],[76.2077,11.86088],[76.20801,11.8572],[76.20813,11.85617],[76.20883,11.85506],[76.20872,11.85394],[76.20945,11.85293],[76.2093,11.85149],[76.21002,11.85042],[76.20974,11.84963],[76.21034,11.84868],[76.21029,11.84748],[76.21075,11.84644],[76.21112,11.84551],[76.21069,11.84493],[76.21067,11.84454],[76.2117,11.84433],[76.21222,11.84407],[76.21195,11.84353],[76.21208,11.8433],[76.21282,11.84331],[76.21323,11.84276],[76.21302,11.84166],[76.21193,11.84068],[76.21171,11.84017],[76.21195,11.83978],[76.21216,11.83936],[76.21196,11.83845],[76.2115,11.8361],[76.21079,11.83414],[76.21094,11.83342],[76.21112,11.83272],[76.2107,11.83085],[76.21006,11.82924],[76.21002,11.8281],[76.21042,11.82767],[76.21114,11.82777],[76.21125,11.82746],[76.21115,11.82677],[76.21146,11.82637],[76.21221,11.82612],[76.21313,11.82507],[76.21363,11.82397],[76.21409,11.82363],[76.21463,11.82336],[76.21565,11.82348],[76.21586,11.82278],[76.21575,11.82193],[76.21611,11.82163],[76.21674,11.82191],[76.21702,11.82186],[76.21727,11.8214],[76.21773,11.82055],[76.21821,11.81965],[76.21805,11.81498],[76.22188,11.81014],[76.22667,11.80608],[76.23645,11.80391],[76.23866,11.80338],[76.24139,11.80411],[76.24456,11.80303],[76.2463,11.80302],[76.24895,11.80411],[76.25378,11.80649],[76.25692,11.80811],[76.25842,11.80859],[76.26022,11.80929],[76.26816,11.80992],[76.27299,11.81075],[76.27425,11.81099],[76.27581,11.81179],[76.27664,11.81213],[76.27787,11.81216],[76.28049,11.81154],[76.28132,11.81052],[76.2832,11.80538],[76.2853,11.80011]]]]}},{"type":"Feature","properties":{"name":"Hunasuru taluk","level":"6"},"geometry":{"type":"MultiPolygon","coordinates":[[[[76.13453,12.18788],[76.1346,12.18722],[76.13471,12.18674],[76.13484,12.18613],[76.13502,12.18526],[76.13522,12.1845],[76.13536,12.18351],[76.13539,12.18228],[76.13541,12.18159],[76.13548,12.18064],[76.13558,12.17988],[76.13566,12.17946],[76.13584,12.17875],[76.13603,12.17799],[76.13617,12.17754],[76.13643,12.17699],[76.13657,12.17657],[76.13679,12.17579],[76.13698,12.17501],[76.13705,12.17439],[76.13716,12.17381],[76.13731,12.17337],[76.13749,12.17312],[76.138,12.17271],[76.13821,12.17243],[76.13849,12.172],[76.13862,12.17157],[76.13883,12.17097],[76.13891,12.1706],[76.13914,12.17001],[76.13932,12.16979],[76.14024,12.16917],[76.14079,12.1687],[76.14126,12.1681],[76.1415,12.16757],[76.14161,12.16693],[76.1417,12.16635],[76.14169,12.16561],[76.14152,12.16451],[76.1415,12.16362],[76.14161,12.16338],[76.14194,12.16256],[76.1423,12.16183],[76.14255,12.16129],[76.14282,12.16088],[76.14307,12.16032],[76.1433,12.15929],[76.14346,12.1582],[76.14363,12.15623],[76.14381,12.15552],[76.14402,12.15491],[76.1442,12.15454],[76.14489,12.15348],[76.14587,12.15202],[76.14671,12.15107],[76.14747,12.15022],[76.14793,12.14949],[76.14842,12.14867],[76.14877,12.14744],[76.149,12.14654],[76.14928,12.1457],[76.14949,12.14493],[76.15001,12.14386],[76.15057,12.1432],[76.15123,12.1423],[76.15196,12.14138],[76.1527,12.14063],[76.15325,12.14025],[76.15376,12.14005],[76.15423,12.13984],[76.15487,12.13889],[76.15556,12.13795],[76.1565,12.13706],[76.15763,12.13621],[76.15902,12.13538],[76.15969,12.13492],[76.16046,12.13459],[76.16093,12.13431],[76.16155,12.13363],[76.16212,12.1325],[76.16248,12.13162],[76.16282,12.13072],[76.16307,12.13037],[76.16323,12.12992],[76.16339,12.12898],[76.16361,12.12817],[76.1642,12.12684],[76.16472,12.12596],[76.16593,12.12519],[76.16668,12.12388],[76.1905,12.12486],[76.19486,12.12848],[76.1947,12.13472],[76.20243,12.14063],[76.22125,12.14474],[76.24427,12.15673],[76.23133,12.17792],[76.2446,12.1927],[76.26712,12.2042],[76.27468,12.20453],[76.28526,12.19287],[76.29904,12.18778],[76.30761,12.18827],[76.31282,12.19779],[76.32005,12.1858],[76.32038,12.17874],[76.33735,12.18219],[76.35264,12.17349],[76.36777,12.15788],[76.38961,12.16002],[76.40221,12.16495],[76.40591,12.17398],[76.4281,12.18541],[76.44776,12.18853],[76.43852,12.20676],[76.42542,12.20676],[76.4234,12.22105],[76.41769,12.22811],[76.42122,12.23418],[76.42676,12.23648],[76.43533,12.25159],[76.43533,12.25849],[76.44676,12.26637],[76.45955,12.26211],[76.46322,12.27228],[76.4644,12.28738],[76.47357,12.289],[76.48819,12.28211],[76.48963,12.28959],[76.49131,12.29343],[76.49705,12.31495],[76.50361,12.32862],[76.50898,12.3422],[76.5159,12.3517],[76.51436,12.35848],[76.49293,12.35877],[76.49009,12.37397],[76.48057,12.37598],[76.46968,12.37973],[76.46802,12.38701],[76.46629,12.39576],[76.4665,12.40976],[76.45693,12.41178],[76.45311,12.41024],[76.44858,12.41773],[76.44371,12.41747],[76.44054,12.41257],[76.43573,12.40364],[76.44003,12.39573],[76.39373,12.39406],[76.38291,12.40219],[76.37888,12.41309],[76.36949,12.41425],[76.35381,12.42597],[76.32921,12.42563],[76.3266,12.4189],[76.31489,12.41967],[76.30961,12.39813],[76.30165,12.4059],[76.29333,12.40648],[76.29072,12.41043],[76.27824,12.40671],[76.27432,12.41762],[76.26066,12.41913],[76.25733,12.42655],[76.24631,12.42263],[76.23913,12.42314],[76.23307,12.42079],[76.22106,12.42153],[76.21623,12.41838],[76.21719,12.41136],[76.22543,12.40611],[76.23342,12.39805],[76.2397,12.39848],[76.24409,12.39377],[76.23285,12.39117],[76.23198,12.38428],[76.23106,12.37877],[76.23668,12.37509],[76.2303,12.37],[76.21383,12.36541],[76.20526,12.36918],[76.19703,12.36705],[76.18376,12.37],[76.18241,12.35359],[76.16964,12.35424],[76.16611,12.34358],[76.18342,12.33241],[76.18388,12.31855],[76.17956,12.31714],[76.17015,12.32815],[76.15603,12.31222],[76.15872,12.3096],[76.15334,12.2697],[76.14595,12.27118],[76.13688,12.26527],[76.12612,12.25689],[76.12763,12.24638],[76.12024,12.24146],[76.10512,12.2321],[76.1141,12.226],[76.10764,12.21666],[76.11772,12.20845],[76.12478,12.20533],[76.13338,12.19751],[76.13453,12.18788]]]]}},{"type":"Feature","properties":{"name":"Mysuru taluk","level":"6"},"geometry":{"type":"MultiPolygon","coordinates":[[[[76.53508,12.12454],[76.54007,12.12233],[76.54458,12.12054],[76.54907,12.13129],[76.5418,12.13363],[76.53779,12.14839],[76.56199,12.15315],[76.57409,12.1364],[76.58316,12.13985],[76.60769,12.14034],[76.60954,12.14675],[76.62248,12.14428],[76.62358,12.14525],[76.62744,12.14863],[76.62856,12.16126],[76.63508,12.16383],[76.65282,12.1701],[76.65911,12.18091],[76.66751,12.17631],[76.68256,12.18483],[76.68717,12.17565],[76.69675,12.18222],[76.69255,12.19914],[76.70448,12.20053],[76.70632,12.18863],[76.71671,12.19034],[76.72565,12.18617],[76.73459,12.19183],[76.73647,12.1987],[76.7522,12.20013],[76.75505,12.20702],[76.76497,12.21671],[76.76665,12.22295],[76.77824,12.22788],[76.78849,12.22345],[76.79672,12.21474],[76.80025,12.20817],[76.81778,12.19462],[76.82498,12.20279],[76.8261,12.20481],[76.83103,12.20721],[76.83514,12.21289],[76.83409,12.22498],[76.83345,12.22759],[76.83569,12.23786],[76.83885,12.24327],[76.83596,12.24831],[76.83292,12.2568],[76.82613,12.26075],[76.82579,12.26743],[76.81398,12.27111],[76.80627,12.2774],[76.8,12.29013],[76.78832,12.2946],[76.79224,12.3062],[76.79876,12.30569],[76.80691,12.30943],[76.81293,12.31303],[76.81734,12.31535],[76.81307,12.32815],[76.80212,12.3308],[76.80321,12.34541],[76.81219,12.3484],[76.81149,12.35377],[76.80451,12.35435],[76.80282,12.35503],[76.8028,12.35504],[76.80248,12.35511],[76.80172,12.35549],[76.80101,12.35587],[76.80077,12.35594],[76.79973,12.35578],[76.79815,12.35565],[76.79794,12.35562],[76.79704,12.3554],[76.79619,12.35514],[76.79526,12.35464],[76.79477,12.35413],[76.79451,12.35377],[76.79334,12.3517],[76.79295,12.35086],[76.79267,12.35022],[76.79211,12.34935],[76.79179,12.34874],[76.79097,12.34874],[76.79095,12.34858],[76.79072,12.34722],[76.78976,12.34706],[76.78598,12.34691],[76.78382,12.34683],[76.78236,12.34672],[76.78218,12.34707],[76.78186,12.34759],[76.78161,12.34803],[76.78134,12.34881],[76.78128,12.3493],[76.78133,12.35012],[76.78146,12.35149],[76.78106,12.3515],[76.78055,12.35143],[76.77981,12.35125],[76.77951,12.35122],[76.77914,12.35127],[76.77895,12.35137],[76.7786,12.35169],[76.77817,12.35213],[76.77797,12.35227],[76.7778,12.35235],[76.77766,12.35234],[76.77743,12.35225],[76.77717,12.35207],[76.7766,12.35164],[76.77634,12.35153],[76.77614,12.35147],[76.77588,12.35148],[76.7753,12.3516],[76.7749,12.35167],[76.77464,12.35167],[76.77423,12.35163],[76.77376,12.35142],[76.77352,12.35134],[76.77325,12.35133],[76.77305,12.35134],[76.77282,12.35138],[76.77259,12.3513],[76.7724,12.35115],[76.77215,12.35094],[76.77195,12.35085],[76.77182,12.35084],[76.7717,12.35088],[76.7717,12.35088],[76.77154,12.35096],[76.77133,12.3511],[76.77103,12.35141],[76.77091,12.35146],[76.7708,12.3515],[76.77031,12.3516],[76.76987,12.35158],[76.76983,12.35158],[76.76983,12.35158],[76.76954,12.35147],[76.76922,12.35128],[76.76899,12.351],[76.76885,12.3507],[76.76882,12.35064],[76.76875,12.35047],[76.76852,12.35028],[76.76852,12.35027],[76.76848,12.35027],[76.7682,12.35012],[76.76795,12.35009],[76.76786,12.35012],[76.76778,12.35014],[76.76759,12.3503],[76.76719,12.35079],[76.76705,12.35082],[76.76688,12.35082],[76.76662,12.35073],[76.76635,12.35063],[76.76616,12.35057],[76.76588,12.35051],[76.76568,12.3504],[76.7656,12.35026],[76.76557,12.35011],[76.76556,12.34993],[76.76564,12.34956],[76.76589,12.34892],[76.76609,12.34817],[76.76614,12.34793],[76.76613,12.34766],[76.76612,12.34737],[76.76606,12.34703],[76.76592,12.34676],[76.76574,12.34655],[76.7655,12.34564],[76.76364,12.34351],[76.76207,12.34174],[76.76174,12.34127],[76.76173,12.34087],[76.76197,12.34005],[76.76214,12.33917],[76.76224,12.33901],[76.76265,12.33837],[76.76285,12.33811],[76.76258,12.33738],[76.76236,12.33682],[76.76211,12.33598],[76.76209,12.33582],[76.76206,12.33562],[76.76207,12.33522],[76.762,12.33505],[76.76186,12.33494],[76.76262,12.33318],[76.7637,12.33073],[76.7628,12.3305],[76.76313,12.32842],[76.76399,12.32846],[76.76418,12.32596],[76.76432,12.32417],[76.76432,12.32339],[76.7643,12.3233],[76.76421,12.32255],[76.76415,12.32234],[76.76397,12.32137],[76.76369,12.32043],[76.76327,12.31853],[76.76313,12.31655],[76.76311,12.31554],[76.76334,12.31364],[76.76349,12.31305],[76.76356,12.31276],[76.76388,12.31173],[76.76339,12.3107],[76.76287,12.30973],[76.76236,12.30906],[76.76136,12.30782],[76.76033,12.30711],[76.75933,12.30656],[76.75946,12.3057],[76.75963,12.30466],[76.75905,12.30387],[76.7584,12.30371],[76.75806,12.30375],[76.75717,12.30392],[76.75604,12.30415],[76.75556,12.30417],[76.75521,12.3039],[76.75452,12.30321],[76.75385,12.30259],[76.75399,12.30212],[76.75332,12.30203],[76.75283,12.30197],[76.75268,12.30307],[76.75261,12.30311],[76.75178,12.30324],[76.7515,12.30352],[76.751,12.30403],[76.7503,12.30466],[76.74963,12.30518],[76.74901,12.30567],[76.74805,12.30728],[76.74766,12.30781],[76.74689,12.30812],[76.74641,12.30826],[76.74642,12.30899],[76.74632,12.30989],[76.74622,12.31023],[76.74543,12.3104],[76.74488,12.31049],[76.74486,12.31113],[76.74477,12.31198],[76.7447,12.31302],[76.74472,12.31379],[76.74412,12.31379],[76.74424,12.3145],[76.74449,12.31534],[76.74428,12.31535],[76.74382,12.31533],[76.7437,12.3156],[76.74358,12.31676],[76.74342,12.31817],[76.74135,12.31915],[76.73888,12.32029],[76.73707,12.32113],[76.73561,12.3198],[76.73378,12.31817],[76.73166,12.31649],[76.73168,12.31702],[76.73178,12.31851],[76.73196,12.32056],[76.73198,12.3216],[76.73204,12.32376],[76.73202,12.32591],[76.73214,12.32819],[76.73209,12.33029],[76.73195,12.33109],[76.73177,12.33176],[76.73171,12.33234],[76.73185,12.33348],[76.73173,12.33401],[76.73165,12.3345],[76.73165,12.33568],[76.73151,12.33658],[76.73117,12.33679],[76.73067,12.33713],[76.73025,12.3377],[76.73014,12.33846],[76.7301,12.33908],[76.73012,12.33996],[76.73024,12.34106],[76.7304,12.34193],[76.73053,12.34252],[76.72997,12.34285],[76.72973,12.34311],[76.72955,12.3435],[76.72933,12.3443],[76.72909,12.34473],[76.72875,12.34503],[76.72839,12.34534],[76.72811,12.34552],[76.72786,12.34562],[76.72748,12.34565],[76.72708,12.34552],[76.72654,12.34538],[76.7262,12.34546],[76.72584,12.34562],[76.7252,12.34618],[76.72435,12.34728],[76.72405,12.34758],[76.72365,12.34775],[76.72333,12.34783],[76.72303,12.34789],[76.72267,12.34816],[76.72239,12.34873],[76.72213,12.34965],[76.72178,12.35034],[76.7207,12.35067],[76.71863,12.35124],[76.71767,12.3516],[76.71769,12.35289],[76.71835,12.35318],[76.71855,12.35352],[76.71871,12.3544],[76.71897,12.35656],[76.71827,12.35677],[76.71604,12.35722],[76.71534,12.3573],[76.715,12.35732],[76.71484,12.35669],[76.71468,12.35626],[76.71452,12.35603],[76.71421,12.35606],[76.71387,12.35605],[76.71372,12.35593],[76.71377,12.35573],[76.71378,12.35548],[76.71333,12.3552],[76.71247,12.35483],[76.70913,12.35373],[76.70596,12.35259],[76.70019,12.35059],[76.6997,12.35106],[76.69891,12.35158],[76.69815,12.35216],[76.69735,12.35296],[76.69674,12.35375],[76.69511,12.35644],[76.69408,12.35789],[76.69317,12.35792],[76.69303,12.35853],[76.69192,12.35876],[76.69137,12.36138],[76.6903,12.36215],[76.69028,12.36382],[76.69016,12.36452],[76.68881,12.36433],[76.68863,12.36433],[76.68837,12.36462],[76.6875,12.36639],[76.68611,12.36598],[76.68518,12.36568],[76.68424,12.36552],[76.68328,12.36556],[76.68264,12.36593],[76.68187,12.36686],[76.68135,12.36805],[76.68109,12.36917],[76.68129,12.37013],[76.68131,12.3708],[76.68137,12.37156],[76.68213,12.37319],[76.68386,12.37599],[76.68453,12.37768],[76.68507,12.37901],[76.68557,12.38042],[76.68601,12.38167],[76.68615,12.38238],[76.68593,12.38279],[76.68555,12.38312],[76.68474,12.38326],[76.68402,12.38316],[76.68316,12.38289],[76.68308,12.38328],[76.68284,12.38475],[76.68282,12.38558],[76.68137,12.38644],[76.68228,12.38891],[76.68278,12.39107],[76.68187,12.39104],[76.68063,12.39087],[76.67881,12.39075],[76.67624,12.39065],[76.67319,12.39085],[76.67275,12.39024],[76.6706,12.38989],[76.66872,12.38926],[76.66837,12.38711],[76.66697,12.38675],[76.66525,12.38679],[76.66346,12.3867],[76.66308,12.38668],[76.66252,12.3873],[76.66194,12.38805],[76.66143,12.38883],[76.6608,12.38959],[76.66069,12.38973],[76.65971,12.39056],[76.65881,12.3915],[76.6579,12.39234],[76.65595,12.39447],[76.65529,12.39542],[76.65508,12.39564],[76.6549,12.39569],[76.65357,12.39543],[76.65253,12.39537],[76.65165,12.39546],[76.65099,12.39576],[76.65077,12.39622],[76.65048,12.39651],[76.64904,12.39683],[76.64858,12.39692],[76.64821,12.39675],[76.64809,12.39658],[76.64803,12.39649],[76.64789,12.39616],[76.64699,12.39593],[76.64572,12.39561],[76.64391,12.39523],[76.64347,12.39516],[76.64313,12.39447],[76.6425,12.39313],[76.64227,12.39233],[76.64225,12.39205],[76.64247,12.39174],[76.64295,12.39123],[76.64243,12.39055],[76.64229,12.39002],[76.64239,12.38906],[76.64194,12.38857],[76.64166,12.38816],[76.64144,12.3872],[76.64094,12.38522],[76.64077,12.38489],[76.64055,12.38476],[76.63997,12.38464],[76.63908,12.38462],[76.63879,12.38456],[76.6387,12.38448],[76.63858,12.384],[76.63837,12.38355],[76.63819,12.3834],[76.63719,12.38323],[76.63575,12.38305],[76.63504,12.38289],[76.63444,12.38184],[76.63392,12.38111],[76.63348,12.38072],[76.63288,12.38043],[76.63189,12.38003],[76.63053,12.3795],[76.62917,12.37894],[76.62688,12.37786],[76.62619,12.37549],[76.62631,12.37465],[76.62669,12.37341],[76.62577,12.37271],[76.62497,12.37204],[76.62467,12.37188],[76.62447,12.37128],[76.62445,12.37051],[76.62459,12.3699],[76.62485,12.36928],[76.62331,12.3684],[76.62201,12.36756],[76.62101,12.36707],[76.6202,12.36679],[76.61952,12.36681],[76.61864,12.36707],[76.61673,12.36756],[76.61609,12.36761],[76.61545,12.36748],[76.61441,12.36714],[76.61302,12.36683],[76.61198,12.36661],[76.61118,12.36671],[76.61007,12.36709],[76.60885,12.36746],[76.60795,12.36781],[76.60586,12.36738],[76.60347,12.36679],[76.60145,12.36632],[76.6004,12.36616],[76.59986,12.36626],[76.59856,12.36669],[76.59727,12.36512],[76.59499,12.36567],[76.59444,12.36459],[76.59384,12.36363],[76.59326,12.36271],[76.5929,12.36209],[76.59187,12.36185],[76.59009,12.36159],[76.58985,12.35993],[76.58969,12.35895],[76.58971,12.35852],[76.58989,12.35814],[76.59039,12.35765],[76.59137,12.35681],[76.59203,12.35595],[76.59139,12.35581],[76.59063,12.35571],[76.59013,12.35564],[76.58919,12.35517],[76.58828,12.35468],[76.58714,12.3543],[76.58561,12.35389],[76.58517,12.35369],[76.58413,12.3524],[76.58329,12.3515],[76.5828,12.35142],[76.58208,12.35126],[76.5807,12.35069],[76.57899,12.35001],[76.57749,12.34952],[76.57604,12.34922],[76.57581,12.34849],[76.57563,12.34832],[76.57412,12.34791],[76.57305,12.34787],[76.57165,12.34797],[76.57141,12.34862],[76.57117,12.34928],[76.57047,12.34956],[76.56896,12.34995],[76.56722,12.3504],[76.56607,12.35065],[76.56477,12.35148],[76.56453,12.35187],[76.56497,12.35244],[76.56511,12.35293],[76.56507,12.3533],[76.56471,12.35398],[76.56413,12.35487],[76.56366,12.35589],[76.56346,12.35649],[76.56328,12.35716],[76.56318,12.35783],[76.563,12.35877],[76.56278,12.35949],[76.5625,12.36011],[76.56218,12.36074],[76.56166,12.36154],[76.56137,12.36204],[76.56106,12.36257],[76.56038,12.36362],[76.56016,12.36421],[76.56016,12.36473],[76.56026,12.3653],[76.56048,12.36619],[76.56086,12.36693],[76.5616,12.36789],[76.56262,12.36917],[76.56321,12.3702],[76.56352,12.37073],[76.56371,12.37126],[76.56393,12.37191],[76.56399,12.37241],[76.56405,12.37317],[76.56408,12.37413],[76.56408,12.37529],[76.56406,12.37592],[76.56405,12.37614],[76.56408,12.37638],[76.56416,12.37674],[76.56426,12.37702],[76.56492,12.37828],[76.5653,12.37889],[76.56576,12.3801],[76.56602,12.381],[76.56623,12.38173],[76.5635,12.38253],[76.56129,12.3833],[76.56029,12.38375],[76.55979,12.38741],[76.55927,12.3897],[76.55923,12.38996],[76.55762,12.39082],[76.55628,12.39139],[76.55505,12.39188],[76.55546,12.39317],[76.55598,12.39509],[76.55672,12.39739],[76.55712,12.39845],[76.5578,12.39953],[76.55799,12.39984],[76.55829,12.40007],[76.55869,12.40019],[76.55967,12.40013],[76.56099,12.39994],[76.56192,12.39974],[76.56406,12.39925],[76.56535,12.39909],[76.56601,12.4048],[76.56645,12.41046],[76.56671,12.41372],[76.56672,12.41429],[76.56675,12.41643],[76.56686,12.4177],[76.56702,12.4202],[76.56731,12.42278],[76.56744,12.4242],[76.56742,12.42532],[76.56733,12.42595],[76.56732,12.42595],[76.56694,12.42621],[76.56596,12.42684],[76.56496,12.42749],[76.56368,12.42832],[76.56028,12.43004],[76.55809,12.43118],[76.55584,12.43223],[76.5547,12.43285],[76.55419,12.43318],[76.55345,12.4338],[76.55269,12.43461],[76.55205,12.43541],[76.55116,12.43635],[76.55032,12.43742],[76.54932,12.43861],[76.54855,12.43937],[76.54807,12.4397],[76.54678,12.44015],[76.54666,12.44016],[76.54605,12.44028],[76.54443,12.44042],[76.54288,12.44053],[76.5411,12.44067],[76.53835,12.44092],[76.53552,12.4411],[76.53316,12.44133],[76.53177,12.44165],[76.53101,12.44216],[76.52991,12.44276],[76.52754,12.44404],[76.52496,12.44551],[76.52199,12.44717],[76.51758,12.44978],[76.51511,12.4514],[76.51297,12.4524],[76.51082,12.45327],[76.50894,12.45362],[76.50708,12.4536],[76.50531,12.45293],[76.50191,12.45148],[76.4807,12.44637],[76.46118,12.44137],[76.45639,12.43296],[76.47026,12.41127],[76.4665,12.40976],[76.46629,12.39576],[76.46802,12.38701],[76.46968,12.37973],[76.48057,12.37598],[76.49009,12.37397],[76.49293,12.35877],[76.51436,12.35848],[76.5159,12.3517],[76.50898,12.3422],[76.50361,12.32862],[76.49705,12.31495],[76.49131,12.29343],[76.48963,12.28959],[76.48819,12.28211],[76.48882,12.27209],[76.49034,12.26815],[76.50092,12.26749],[76.50882,12.26207],[76.50882,12.24795],[76.52025,12.23711],[76.51672,12.20936],[76.51621,12.19244],[76.50899,12.18686],[76.50361,12.17602],[76.49672,12.1775],[76.49756,12.19524],[76.48647,12.19622],[76.47521,12.18867],[76.46648,12.18768],[76.45774,12.17355],[76.46933,12.16501],[76.46748,12.16074],[76.45757,12.15943],[76.46278,12.15269],[76.46916,12.15122],[76.46362,12.13988],[76.46698,12.13167],[76.47773,12.1315],[76.48345,12.13775],[76.48748,12.15154],[76.48882,12.1637],[76.50199,12.1681],[76.50311,12.15762],[76.5058,12.14727],[76.51285,12.13594],[76.52598,12.1366],[76.52848,12.1452],[76.5357,12.14404],[76.53508,12.12454]]]]}},{"type":"Feature","properties":{"name":"Nanjanagudu taluk","level":"6"},"geometry":{"type":"MultiPolygon","coordinates":[[[[76.43692,12.1189],[76.43532,12.11372],[76.44317,12.09371],[76.45191,12.09191],[76.44989,12.08599],[76.4541,12.07975],[76.44989,12.07646],[76.43864,12.0758],[76.43398,12.06056],[76.44491,12.05035],[76.45031,12.05104],[76.4541,12.05625],[76.46754,12.05888],[76.47459,12.05494],[76.46461,12.04025],[76.47964,12.04162],[76.47392,12.03785],[76.46464,12.0304],[76.48115,12.02338],[76.49039,12.03209],[76.50837,12.03029],[76.50921,12.02486],[76.50282,12.0178],[76.50503,12.01152],[76.50654,12.00712],[76.50672,12.00704],[76.50322,12.00091],[76.48703,11.99873],[76.48921,11.98838],[76.50165,11.98328],[76.50064,11.96865],[76.49375,11.96257],[76.48989,11.94909],[76.47258,11.93873],[76.47426,11.92723],[76.48568,11.93627],[76.4882,11.93841],[76.49224,11.93314],[76.49224,11.90816],[76.50114,11.90174],[76.50081,11.89599],[76.48972,11.88727],[76.4793,11.88711],[76.47224,11.89155],[76.46434,11.88135],[76.4709,11.87593],[76.48955,11.87461],[76.4882,11.86343],[76.48938,11.85699],[76.4894,11.85703],[76.48978,11.85794],[76.49115,11.86102],[76.49385,11.86096],[76.49637,11.86118],[76.49906,11.86121],[76.50034,11.86126],[76.50157,11.86127],[76.50285,11.86155],[76.50399,11.86198],[76.50686,11.8631],[76.50976,11.86421],[76.51144,11.86491],[76.51566,11.86641],[76.51806,11.86735],[76.51962,11.86789],[76.52087,11.86837],[76.52318,11.86912],[76.52378,11.8693],[76.52665,11.87023],[76.52946,11.87127],[76.53192,11.87218],[76.53371,11.87285],[76.53467,11.87322],[76.53527,11.87289],[76.53589,11.87238],[76.53679,11.87168],[76.53867,11.8703],[76.54061,11.86879],[76.54211,11.86769],[76.54397,11.86621],[76.54548,11.8651],[76.54841,11.86279],[76.54981,11.86169],[76.55133,11.86047],[76.55276,11.85939],[76.55316,11.85902],[76.55367,11.85863],[76.55371,11.85923],[76.5538,11.86105],[76.55397,11.86292],[76.55402,11.86432],[76.55425,11.86664],[76.55475,11.87267],[76.55552,11.87706],[76.55554,11.87886],[76.55584,11.88186],[76.55619,11.8859],[76.55649,11.88979],[76.5567,11.8923],[76.55696,11.89408],[76.55699,11.89469],[76.55844,11.89712],[76.55955,11.89928],[76.56199,11.904],[76.5629,11.90455],[76.56505,11.90559],[76.56685,11.90658],[76.56815,11.90719],[76.57018,11.90786],[76.57067,11.90903],[76.57104,11.90992],[76.57198,11.91242],[76.57291,11.91476],[76.57359,11.91647],[76.57412,11.91836],[76.57498,11.92008],[76.57577,11.92176],[76.57615,11.92244],[76.5766,11.92352],[76.5749,11.9249],[76.57295,11.92648],[76.57231,11.92741],[76.57184,11.92778],[76.57122,11.92763],[76.57075,11.92765],[76.5703,11.92807],[76.57042,11.92931],[76.57062,11.93124],[76.57082,11.93297],[76.57105,11.93478],[76.57112,11.93547],[76.57119,11.93613],[76.57137,11.93775],[76.57142,11.93866],[76.57146,11.93961],[76.57142,11.93986],[76.57128,11.94012],[76.57099,11.94042],[76.5692,11.94135],[76.56822,11.94192],[76.56694,11.94258],[76.56272,11.9447],[76.56166,11.94529],[76.56068,11.94585],[76.56008,11.94633],[76.55932,11.94701],[76.55855,11.94769],[76.55799,11.9483],[76.55747,11.94887],[76.55797,11.94924],[76.55876,11.95006],[76.55973,11.9511],[76.56105,11.95245],[76.5631,11.95477],[76.56439,11.95617],[76.56613,11.95795],[76.56753,11.95939],[76.568,11.95988],[76.56976,11.96172],[76.57034,11.96284],[76.57051,11.96313],[76.57095,11.96387],[76.57161,11.9648],[76.57296,11.96639],[76.57361,11.96744],[76.57429,11.9684],[76.57487,11.96956],[76.57512,11.97023],[76.57555,11.97135],[76.57574,11.97191],[76.576,11.97267],[76.57639,11.97442],[76.57654,11.97504],[76.5766,11.97666],[76.57671,11.97856],[76.57675,11.97899],[76.57685,11.98038],[76.5769,11.98161],[76.57698,11.98228],[76.57703,11.98274],[76.57717,11.98459],[76.57728,11.98524],[76.57752,11.98634],[76.57787,11.98714],[76.57825,11.98825],[76.57872,11.98795],[76.57926,11.98774],[76.58085,11.98713],[76.58205,11.98677],[76.58316,11.98646],[76.58547,11.9858],[76.58654,11.98547],[76.5877,11.98594],[76.58824,11.98608],[76.58968,11.98673],[76.59147,11.98721],[76.59207,11.9873],[76.59251,11.98716],[76.59349,11.98641],[76.59501,11.98517],[76.59598,11.98431],[76.59708,11.98508],[76.59845,11.98599],[76.5991,11.98642],[76.6006,11.98745],[76.60152,11.98813],[76.60241,11.98887],[76.60358,11.98964],[76.60516,11.99036],[76.60571,11.99057],[76.60641,11.99081],[76.60684,11.99089],[76.60751,11.99104],[76.60814,11.9912],[76.60877,11.99136],[76.61005,11.99144],[76.61111,11.99156],[76.6124,11.99164],[76.61336,11.99156],[76.61463,11.9913],[76.61573,11.99083],[76.61681,11.99023],[76.61796,11.98967],[76.61858,11.98959],[76.61917,11.98946],[76.62072,11.98895],[76.62139,11.98873],[76.62308,11.98802],[76.62433,11.98744],[76.626,11.98683],[76.62664,11.98656],[76.62727,11.98636],[76.62861,11.98595],[76.62866,11.98556],[76.62885,11.98506],[76.62896,11.98457],[76.62941,11.98441],[76.63188,11.98356],[76.63309,11.98335],[76.63436,11.98319],[76.6355,11.98289],[76.63727,11.98254],[76.63795,11.98243],[76.63923,11.98241],[76.64022,11.98264],[76.64278,11.98282],[76.64299,11.98334],[76.64366,11.98497],[76.64439,11.9867],[76.64474,11.98785],[76.64426,11.98806],[76.64437,11.98876],[76.64448,11.9895],[76.64506,11.98982],[76.6453,11.99025],[76.64573,11.99142],[76.64603,11.99203],[76.64648,11.99316],[76.6469,11.99434],[76.647,11.99495],[76.64718,11.99541],[76.64728,11.99602],[76.64698,11.99651],[76.64708,11.99719],[76.64744,11.99759],[76.64778,11.99815],[76.64788,11.99858],[76.64801,11.99928],[76.64818,12.00123],[76.64905,12.00193],[76.64907,12.00207],[76.6492,12.003],[76.64929,12.00365],[76.64956,12.00499],[76.64998,12.00539],[76.65045,12.00729],[76.65112,12.00791],[76.65233,12.00786],[76.65234,12.00786],[76.65264,12.00698],[76.65266,12.00693],[76.65307,12.00685],[76.6539,12.00687],[76.65514,12.00771],[76.65619,12.00765],[76.65709,12.00765],[76.6582,12.00764],[76.65937,12.00767],[76.66048,12.00765],[76.66131,12.00764],[76.66209,12.00746],[76.66274,12.00726],[76.6632,12.00729],[76.66396,12.00714],[76.66471,12.00688],[76.66739,12.00665],[76.6699,12.00632],[76.67193,12.00602],[76.67222,12.00502],[76.67251,12.00353],[76.67268,12.00262],[76.6727,12.0026],[76.67271,12.00256],[76.6733,12.00205],[76.67332,12.00203],[76.67471,12.00183],[76.67563,12.0017],[76.67765,12.00148],[76.67821,12.00125],[76.67844,12.00118],[76.67939,12.00101],[76.68002,12.00089],[76.68049,12.00052],[76.68141,12.00042],[76.68323,12.00042],[76.68455,12.00032],[76.68708,12.00025],[76.68949,12.00037],[76.69119,12.00052],[76.69266,12.00054],[76.6938,12.00052],[76.69458,12.00042],[76.69478,12.0],[76.69507,11.99924],[76.69565,11.9991],[76.69667,11.99905],[76.69691,11.99905],[76.69809,11.99905],[76.69876,11.99892],[76.69891,11.99838],[76.69978,11.99824],[76.7015,11.99782],[76.7015,11.99713],[76.70157,11.99604],[76.70162,11.99417],[76.70167,11.99201],[76.7017,11.99155],[76.70284,11.99118],[76.70369,11.99103],[76.70439,11.99079],[76.70469,11.98919],[76.70488,11.9875],[76.70503,11.98685],[76.70501,11.98611],[76.70513,11.98557],[76.70513,11.98508],[76.7058,11.98488],[76.70772,11.98496],[76.70964,11.98498],[76.71161,11.985],[76.71223,11.985],[76.71536,11.98495],[76.71725,11.98493],[76.71765,11.98618],[76.7184,11.98827],[76.71878,11.98945],[76.7192,11.9907],[76.72111,11.99065],[76.72355,11.99067],[76.72415,11.99065],[76.72415,11.99153],[76.72524,11.9915],[76.7267,11.99142],[76.72795,11.99135],[76.72855,11.99137],[76.7289,11.99096],[76.72942,11.99054],[76.72972,11.99118],[76.73049,11.99216],[76.73191,11.9939],[76.73231,12.00124],[76.73242,12.00173],[76.73252,12.00196],[76.73276,12.00247],[76.73332,12.00288],[76.73409,12.00297],[76.73505,12.00304],[76.73605,12.00312],[76.73605,12.00312],[76.73606,12.00313],[76.73639,12.00355],[76.73645,12.00413],[76.73663,12.00521],[76.73712,12.00552],[76.73706,12.00555],[76.73709,12.00557],[76.73759,12.0056],[76.73818,12.00563],[76.73867,12.00572],[76.73923,12.00593],[76.73974,12.00632],[76.74045,12.00687],[76.74075,12.00739],[76.7409,12.00858],[76.74093,12.00928],[76.74094,12.00928],[76.74095,12.00923],[76.74151,12.00919],[76.74207,12.00905],[76.74207,12.00905],[76.74228,12.00863],[76.7423,12.00857],[76.74274,12.00858],[76.74426,12.00852],[76.74561,12.00847],[76.74623,12.00834],[76.74617,12.00775],[76.74603,12.00714],[76.74564,12.00596],[76.74554,12.00511],[76.74528,12.00466],[76.74503,12.00407],[76.74506,12.00403],[76.74506,12.00402],[76.74554,12.00321],[76.74578,12.00249],[76.74579,12.00249],[76.74579,12.00249],[76.74581,12.00244],[76.74687,12.00236],[76.74758,12.00224],[76.74861,12.00194],[76.74878,12.00189],[76.74904,12.00123],[76.75115,11.99989],[76.75266,11.9999],[76.75542,11.99966],[76.75781,11.99984],[76.76006,12.00012],[76.76168,11.9999],[76.76187,11.99958],[76.76178,11.99907],[76.76312,11.99909],[76.76666,11.99917],[76.76657,11.99851],[76.76776,11.99843],[76.76818,11.99556],[76.76844,11.99319],[76.76848,11.99187],[76.76995,11.99115],[76.77144,11.99032],[76.77373,11.98921],[76.77791,11.98819],[76.7806,11.98775],[76.77988,11.98525],[76.78688,11.98555],[76.78701,11.98555],[76.78887,11.98566],[76.79153,11.98617],[76.79368,11.98627],[76.79362,11.98885],[76.79722,11.98893],[76.797,11.98963],[76.79721,11.99601],[76.79766,11.9986],[76.79568,12.00124],[76.79564,12.00185],[76.79561,12.00185],[76.79539,12.00481],[76.79171,12.00545],[76.79171,12.00549],[76.79168,12.0055],[76.79186,12.0068],[76.79186,12.007],[76.79185,12.00706],[76.7918,12.00899],[76.79177,12.00999],[76.79206,12.01071],[76.79267,12.01161],[76.79529,12.01462],[76.79581,12.01497],[76.79581,12.01497],[76.79595,12.01507],[76.79717,12.01538],[76.79815,12.01552],[76.79862,12.01559],[76.79881,12.0163],[76.79907,12.01723],[76.79916,12.01741],[76.80284,12.01795],[76.80415,12.01808],[76.80594,12.01826],[76.80555,12.02038],[76.80558,12.02071],[76.80614,12.02089],[76.807,12.02077],[76.8082,12.02098],[76.81018,12.0214],[76.81064,12.02171],[76.81088,12.0223],[76.81119,12.02428],[76.81165,12.02656],[76.81171,12.02683],[76.81309,12.0269],[76.81328,12.02691],[76.81789,12.02704],[76.82031,12.02724],[76.82042,12.02662],[76.82084,12.02408],[76.8212,12.02137],[76.82168,12.01878],[76.82181,12.01808],[76.82183,12.01807],[76.82183,12.01803],[76.8227,12.01777],[76.82241,12.01668],[76.82153,12.0149],[76.82142,12.01244],[76.82131,12.01083],[76.82133,12.01083],[76.82258,12.01066],[76.82412,12.01045],[76.82436,12.01045],[76.82475,12.01007],[76.82637,12.00987],[76.82676,12.00981],[76.82678,12.00977],[76.82679,12.00976],[76.8269,12.00946],[76.82808,12.00926],[76.82809,12.00922],[76.8281,12.00921],[76.82851,12.00761],[76.82853,12.00756],[76.82975,12.0075],[76.8313,12.00667],[76.83223,12.00625],[76.83264,12.00607],[76.83264,12.00607],[76.83339,12.0044],[76.83342,12.00436],[76.83417,12.00411],[76.83588,12.00384],[76.83738,12.00359],[76.83742,12.00359],[76.83716,12.00176],[76.83708,12.00124],[76.83646,11.99978],[76.84062,11.99977],[76.84268,11.99974],[76.84634,11.99969],[76.84932,11.99964],[76.85216,11.9996],[76.85357,11.99951],[76.85563,11.99937],[76.85659,11.99954],[76.85665,12.00124],[76.85669,12.00171],[76.85676,12.00246],[76.85828,12.00242],[76.85842,12.00386],[76.85846,12.00453],[76.85843,12.00453],[76.85782,12.00453],[76.85783,12.00458],[76.85813,12.00704],[76.85825,12.0076],[76.86001,12.00733],[76.86098,12.0071],[76.86098,12.00714],[76.86139,12.00704],[76.86307,12.00665],[76.86458,12.00628],[76.86603,12.006],[76.86697,12.00594],[76.86915,12.00575],[76.8704,12.00565],[76.87178,12.00549],[76.87302,12.00545],[76.8733,12.00696],[76.87442,12.00704],[76.87468,12.00831],[76.87639,12.00849],[76.87677,12.00853],[76.87679,12.00887],[76.87682,12.00904],[76.87692,12.00952],[76.87777,12.01048],[76.87866,12.01127],[76.87912,12.0118],[76.87961,12.01258],[76.88061,12.01353],[76.88172,12.01475],[76.88205,12.01503],[76.88311,12.01544],[76.88311,12.01538],[76.88313,12.01539],[76.88314,12.01429],[76.88322,12.01375],[76.88355,12.01297],[76.88357,12.01293],[76.88401,12.01235],[76.88402,12.01234],[76.88408,12.01218],[76.8841,12.01185],[76.88373,12.00896],[76.88365,12.00777],[76.88392,12.00692],[76.88466,12.00497],[76.88547,12.0026],[76.88576,12.00164],[76.88588,12.00125],[76.88782,11.99984],[76.89297,11.99864],[76.89315,11.99869],[76.89382,11.99887],[76.89548,11.99864],[76.89714,11.99841],[76.90007,11.99869],[76.90059,11.99875],[76.90268,11.99901],[76.90423,11.99899],[76.9063,11.99951],[76.90745,12.00042],[76.90814,12.00124],[76.90878,12.00157],[76.91301,12.00378],[76.91706,12.00636],[76.91778,12.00681],[76.91812,12.00708],[76.91842,12.00721],[76.91863,12.00734],[76.91894,12.00768],[76.91906,12.00784],[76.91971,12.00832],[76.91984,12.00845],[76.92001,12.00866],[76.92013,12.00884],[76.92032,12.00924],[76.92034,12.0094],[76.92028,12.00971],[76.92022,12.00986],[76.92024,12.01013],[76.92038,12.01033],[76.92057,12.01052],[76.92084,12.01073],[76.9215,12.01108],[76.92199,12.01155],[76.92212,12.0117],[76.92264,12.01239],[76.92282,12.01262],[76.92298,12.01275],[76.92367,12.01306],[76.9238,12.01301],[76.92382,12.013],[76.92417,12.01286],[76.92489,12.01279],[76.92489,12.01284],[76.92793,12.01256],[76.93081,12.01227],[76.93111,12.01227],[76.93116,12.01228],[76.93119,12.0127],[76.93124,12.01283],[76.93132,12.01298],[76.93146,12.01309],[76.93166,12.01317],[76.93217,12.01319],[76.93411,12.0132],[76.93572,12.01307],[76.93591,12.01309],[76.9361,12.0131],[76.93662,12.01376],[76.93717,12.01535],[76.93772,12.0165],[76.93817,12.0173],[76.93828,12.01768],[76.93825,12.01823],[76.93816,12.01887],[76.93816,12.0195],[76.93818,12.01969],[76.9382,12.01987],[76.93827,12.02005],[76.93837,12.02022],[76.93839,12.02024],[76.93829,12.02032],[76.93827,12.02034],[76.93823,12.02052],[76.93824,12.02081],[76.9383,12.02128],[76.93836,12.02226],[76.93876,12.02234],[76.93912,12.02255],[76.9392,12.02273],[76.93922,12.02306],[76.93921,12.02348],[76.93909,12.02384],[76.93899,12.0249],[76.93894,12.0255],[76.93886,12.02599],[76.93885,12.0262],[76.93884,12.02625],[76.93816,12.02613],[76.93787,12.0261],[76.93785,12.0261],[76.93792,12.02674],[76.93792,12.02679],[76.93727,12.02676],[76.93612,12.02669],[76.93393,12.02652],[76.93265,12.02639],[76.93178,12.02603],[76.93143,12.02584],[76.93124,12.02607],[76.9311,12.02621],[76.93049,12.02609],[76.92906,12.02594],[76.92723,12.0259],[76.92582,12.02603],[76.92297,12.02617],[76.92116,12.02633],[76.92034,12.02637],[76.92027,12.0264],[76.92023,12.02641],[76.9201,12.02661],[76.92003,12.02672],[76.91987,12.02678],[76.91969,12.02675],[76.9194,12.0267],[76.91854,12.02648],[76.9172,12.02624],[76.91535,12.02594],[76.91507,12.02589],[76.91497,12.02596],[76.91481,12.02644],[76.91465,12.0272],[76.91464,12.0272],[76.9143,12.02881],[76.91404,12.02967],[76.91392,12.03008],[76.91359,12.03211],[76.91353,12.0349],[76.9135,12.035],[76.91338,12.03505],[76.91303,12.03517],[76.91283,12.03563],[76.91261,12.03581],[76.9121,12.03592],[76.91136,12.03593],[76.91057,12.03595],[76.91053,12.03597],[76.9105,12.03602],[76.91048,12.03613],[76.91046,12.03777],[76.91036,12.03866],[76.91026,12.03951],[76.91006,12.04109],[76.91002,12.04111],[76.90986,12.04113],[76.90931,12.0411],[76.90923,12.04114],[76.90918,12.04123],[76.90916,12.04147],[76.90913,12.04156],[76.90895,12.04163],[76.90637,12.04183],[76.9062,12.04184],[76.90462,12.04196],[76.90454,12.042],[76.90451,12.04209],[76.90446,12.0428],[76.90446,12.043],[76.90409,12.04304],[76.90385,12.04308],[76.90367,12.04321],[76.90288,12.04409],[76.90245,12.04479],[76.90232,12.04482],[76.90213,12.04479],[76.90194,12.04472],[76.90178,12.04462],[76.90171,12.04452],[76.90164,12.04304],[76.90135,12.04297],[76.90078,12.04299],[76.90006,12.04311],[76.89933,12.04323],[76.89916,12.04364],[76.89918,12.04484],[76.90058,12.0464],[76.90067,12.04649],[76.89876,12.04704],[76.89534,12.04794],[76.89383,12.04835],[76.89331,12.04841],[76.89321,12.04883],[76.89136,12.04897],[76.89051,12.04899],[76.89048,12.04927],[76.89034,12.05032],[76.89025,12.05071],[76.88967,12.05078],[76.88961,12.05097],[76.88973,12.05188],[76.88993,12.05293],[76.89006,12.05405],[76.88996,12.05479],[76.8902,12.05491],[76.89078,12.05501],[76.89089,12.05501],[76.89089,12.05637],[76.89069,12.05821],[76.89052,12.0583],[76.88823,12.05832],[76.88812,12.05788],[76.88796,12.05712],[76.88739,12.05708],[76.88624,12.05736],[76.88252,12.05783],[76.88182,12.05799],[76.88134,12.05799],[76.88035,12.05782],[76.87844,12.05731],[76.87348,12.05607],[76.87016,12.0553],[76.86992,12.05531],[76.86982,12.05644],[76.86969,12.05721],[76.86957,12.05732],[76.86826,12.05769],[76.86818,12.05802],[76.86822,12.05867],[76.8685,12.05967],[76.86832,12.05974],[76.86675,12.05987],[76.86403,12.05976],[76.86058,12.05959],[76.85532,12.05971],[76.85346,12.05981],[76.85359,12.06067],[76.85406,12.06219],[76.85725,12.06224],[76.85897,12.0623],[76.86099,12.06263],[76.86312,12.06288],[76.86539,12.06314],[76.8669,12.06317],[76.86853,12.06306],[76.87005,12.06309],[76.87026,12.06349],[76.8712,12.0665],[76.8728,12.07149],[76.87412,12.07566],[76.87465,12.07617],[76.87915,12.07933],[76.88002,12.0799],[76.8809,12.07966],[76.88133,12.08027],[76.88232,12.08113],[76.88368,12.08217],[76.88414,12.08254],[76.88386,12.08334],[76.8835,12.08415],[76.88303,12.08521],[76.88204,12.0876],[76.88207,12.08887],[76.88186,12.0897],[76.8818,12.09037],[76.88192,12.09199],[76.88191,12.09303],[76.88188,12.09369],[76.88162,12.09468],[76.88129,12.09539],[76.88117,12.09574],[76.88116,12.0964],[76.88105,12.09732],[76.88108,12.098],[76.88101,12.09878],[76.88094,12.0989],[76.88084,12.09899],[76.8807,12.09905],[76.8807,12.09905],[76.88017,12.09926],[76.87964,12.09948],[76.87949,12.0996],[76.8793,12.09979],[76.87915,12.1001],[76.87905,12.10055],[76.8791,12.1009],[76.87931,12.10125],[76.87955,12.10164],[76.87963,12.10215],[76.87966,12.10278],[76.87962,12.10327],[76.87967,12.10371],[76.87965,12.10377],[76.87956,12.10381],[76.87942,12.10386],[76.87872,12.10395],[76.87829,12.10406],[76.8781,12.10422],[76.87782,12.10452],[76.87768,12.10516],[76.87761,12.10537],[76.8776,12.10632],[76.87758,12.10708],[76.87766,12.1077],[76.87765,12.10826],[76.87729,12.10944],[76.87712,12.11013],[76.87709,12.11101],[76.87732,12.11287],[76.87726,12.11322],[76.87722,12.11325],[76.87713,12.11328],[76.87655,12.11334],[76.87652,12.11338],[76.87663,12.11392],[76.87682,12.11484],[76.87681,12.11494],[76.87677,12.11503],[76.87672,12.11512],[76.87667,12.11518],[76.87457,12.11549],[76.87247,12.1158],[76.87177,12.11584],[76.87165,12.11589],[76.87098,12.1162],[76.87077,12.11643],[76.87023,12.11676],[76.86963,12.11705],[76.86898,12.11723],[76.86847,12.11724],[76.86784,12.11726],[76.8675,12.11736],[76.867,12.11738],[76.86671,12.11712],[76.86643,12.11688],[76.86614,12.11679],[76.86596,12.11675],[76.86571,12.11669],[76.86544,12.11657],[76.86508,12.11641],[76.86478,12.11639],[76.86403,12.11634],[76.86298,12.11641],[76.86205,12.11647],[76.86136,12.1164],[76.86101,12.11635],[76.86043,12.11635],[76.86043,12.11635],[76.85653,12.11635],[76.85441,12.11617],[76.85304,12.11635],[76.85146,12.11675],[76.85036,12.11725],[76.85004,12.11769],[76.84964,12.11833],[76.84768,12.11872],[76.84746,12.11745],[76.84672,12.11559],[76.8464,12.11448],[76.84622,12.11387],[76.84585,12.1132],[76.84576,12.11316],[76.84568,12.11335],[76.84548,12.11499],[76.84542,12.11554],[76.8452,12.11777],[76.84513,12.11879],[76.84495,12.11926],[76.8444,12.11987],[76.84254,12.12117],[76.84202,12.12167],[76.84152,12.12208],[76.84088,12.1229],[76.8404,12.12321],[76.83882,12.12352],[76.83743,12.12438],[76.83677,12.12511],[76.83643,12.12556],[76.83597,12.12623],[76.83533,12.12675],[76.8345,12.12746],[76.83342,12.12856],[76.83283,12.12931],[76.83221,12.13025],[76.83185,12.13102],[76.83155,12.13187],[76.8313,12.13337],[76.83108,12.13485],[76.83105,12.13536],[76.83122,12.13546],[76.83286,12.13555],[76.83298,12.13559],[76.83269,12.13599],[76.83285,12.13621],[76.83449,12.13826],[76.83527,12.13926],[76.83616,12.14055],[76.83626,12.14056],[76.83646,12.14017],[76.83677,12.14039],[76.83746,12.14116],[76.83834,12.14333],[76.8388,12.14393],[76.839,12.14422],[76.83903,12.14482],[76.83906,12.145],[76.83989,12.14515],[76.84106,12.14541],[76.84112,12.14569],[76.84117,12.14643],[76.84132,12.14757],[76.84134,12.14801],[76.84134,12.14823],[76.84166,12.14869],[76.84171,12.1499],[76.84157,12.15074],[76.84152,12.15131],[76.84149,12.15168],[76.84138,12.1519],[76.84112,12.15227],[76.84108,12.15238],[76.84107,12.15257],[76.84112,12.15332],[76.84115,12.15428],[76.84092,12.1551],[76.84078,12.15594],[76.84076,12.15606],[76.84195,12.15612],[76.84273,12.15606],[76.84333,12.15619],[76.84406,12.15643],[76.84477,12.15665],[76.84571,12.15706],[76.84623,12.15744],[76.8472,12.15784],[76.84861,12.15838],[76.85006,12.15876],[76.85207,12.15912],[76.85347,12.15944],[76.85263,12.1605],[76.85248,12.16076],[76.85162,12.16122],[76.85121,12.16131],[76.85109,12.1614],[76.85089,12.16223],[76.85066,12.16312],[76.85054,12.16356],[76.84974,12.16366],[76.8471,12.16408],[76.84687,12.16414],[76.8466,12.16552],[76.84635,12.16621],[76.84598,12.16701],[76.84574,12.16727],[76.84557,12.16742],[76.84571,12.16838],[76.8459,12.1688],[76.84605,12.16885],[76.84721,12.16889],[76.84814,12.16889],[76.8485,12.16889],[76.84934,12.16886],[76.85009,12.16902],[76.85065,12.16921],[76.85136,12.16954],[76.85154,12.1696],[76.85149,12.16995],[76.85213,12.17013],[76.85315,12.17032],[76.85321,12.17035],[76.85301,12.17138],[76.85269,12.17299],[76.85259,12.17361],[76.85305,12.17399],[76.85269,12.17459],[76.85248,12.17492],[76.85247,12.17518],[76.85285,12.17608],[76.85285,12.17613],[76.85281,12.17621],[76.8522,12.17684],[76.85217,12.17688],[76.85217,12.17703],[76.85229,12.17812],[76.85216,12.17823],[76.85182,12.17853],[76.85154,12.17884],[76.8515,12.17892],[76.85201,12.17926],[76.85355,12.18014],[76.85446,12.18045],[76.85549,12.18068],[76.85611,12.1807],[76.85611,12.1807],[76.86485,12.18974],[76.8671,12.1937],[76.86777,12.207],[76.85897,12.20688],[76.85921,12.21521],[76.84664,12.21287],[76.84397,12.22021],[76.84373,12.22611],[76.83573,12.22554],[76.83345,12.22759],[76.83409,12.22498],[76.83514,12.21289],[76.83103,12.20721],[76.8261,12.20481],[76.82498,12.20279],[76.81778,12.19462],[76.80025,12.20817],[76.79672,12.21474],[76.78849,12.22345],[76.77824,12.22788],[76.76665,12.22295],[76.76497,12.21671],[76.75505,12.20702],[76.7522,12.20013],[76.73647,12.1987],[76.73459,12.19183],[76.72565,12.18617],[76.71671,12.19034],[76.70632,12.18863],[76.70448,12.20053],[76.69255,12.19914],[76.69675,12.18222],[76.68717,12.17565],[76.68256,12.18483],[76.66751,12.17631],[76.65911,12.18091],[76.65282,12.1701],[76.63508,12.16383],[76.62856,12.16126],[76.62744,12.14863],[76.62358,12.14525],[76.62248,12.14428],[76.60954,12.14675],[76.60769,12.14034],[76.58316,12.13985],[76.57409,12.1364],[76.56199,12.15315],[76.53779,12.14839],[76.5418,12.13363],[76.54907,12.13129],[76.54458,12.12054],[76.54007,12.12233],[76.53508,12.12454],[76.53551,12.12333],[76.53929,12.11951],[76.5356,12.10845],[76.53286,12.10682],[76.53129,12.10441],[76.5301,12.10194],[76.52835,12.10001],[76.52686,12.09997],[76.52382,12.10326],[76.52024,12.10481],[76.51755,12.10455],[76.51441,12.10239],[76.51198,12.10221],[76.50834,12.10385],[76.50226,12.10508],[76.49543,12.1045],[76.48788,12.0983],[76.48255,12.09577],[76.47605,12.09556],[76.4731,12.09618],[76.47129,12.09864],[76.47075,12.10248],[76.46795,12.10777],[76.46422,12.10803],[76.46203,12.10212],[76.45433,12.09778],[76.4541,12.10439],[76.45595,12.1155],[76.44265,12.11946],[76.43692,12.1189]]]]}},{"type":"Feature","properties":{"name":"Mahe Taluk","level":"6"},"geometry":{"type":"MultiPolygon","coordinates":[[[[75.55301,11.71947],[75.5512,11.71908],[75.55,11.7174],[75.54918,11.71678],[75.54822,11.71624],[75.54655,11.71616],[75.54502,11.71614],[75.54373,11.7161],[75.5427,11.7161],[75.54215,11.71609],[75.53998,11.71609],[75.53908,11.71617],[75.53833,11.71602],[75.53799,11.71566],[75.53754,11.71482],[75.53745,11.71433],[75.53735,11.71395],[75.53727,11.71281],[75.53737,11.71152],[75.53617,11.7114],[75.53441,11.71104],[75.53358,11.7109],[75.53306,11.71069],[75.53245,11.71032],[75.53222,11.71],[75.5316,11.70886],[75.53112,11.70838],[75.5304,11.70846],[75.52984,11.70898],[75.52973,11.70909],[75.52968,11.70989],[75.52998,11.71052],[75.53054,11.71114],[75.53087,11.7118],[75.53109,11.71256],[75.53116,11.71355],[75.53137,11.71448],[75.53173,11.71505],[75.53051,11.71558],[75.52996,11.71609],[75.52934,11.71666],[75.52893,11.71751],[75.5287,11.71794],[75.52851,11.71829],[75.5281,11.71962],[75.52777,11.72095],[75.52769,11.72149],[75.52762,11.72193],[75.52734,11.72339],[75.52713,11.72408],[75.527,11.72453],[75.52659,11.72631],[75.52803,11.72976],[75.52955,11.7308],[75.53164,11.73186],[75.53249,11.73386],[75.53309,11.73453],[75.53337,11.73476],[75.53377,11.73473],[75.53716,11.73442],[75.53908,11.73551],[75.53931,11.73765],[75.53986,11.74218],[75.53993,11.74279],[75.54002,11.74641],[75.53992,11.74667],[75.53899,11.74921],[75.53828,11.74983],[75.53672,11.74983],[75.53661,11.75046],[75.53616,11.75169],[75.53474,11.75183],[75.53337,11.75244],[75.53264,11.75335],[75.53244,11.75519],[75.53278,11.75755],[75.5313,11.75794],[75.53093,11.75791],[75.53146,11.75828],[75.5324,11.75921],[75.53289,11.75951],[75.5335,11.75965],[75.53391,11.75963],[75.53404,11.75971],[75.53416,11.75978],[75.53431,11.76002],[75.53447,11.76026],[75.53474,11.76043],[75.53526,11.76057],[75.53566,11.76047],[75.53593,11.76036],[75.53602,11.76033],[75.53608,11.76033],[75.53614,11.76038],[75.53618,11.76054],[75.53612,11.76085],[75.53609,11.76112],[75.53605,11.76191],[75.53608,11.76205],[75.5362,11.76211],[75.53646,11.76217],[75.53704,11.76212],[75.53744,11.76213],[75.53775,11.76224],[75.53804,11.76245],[75.53826,11.76282],[75.5386,11.76115],[75.54144,11.76081],[75.54324,11.76012],[75.5444,11.75819],[75.54469,11.75626],[75.54427,11.75478],[75.54405,11.75405],[75.54342,11.75143],[75.54342,11.74829],[75.54284,11.7472],[75.54252,11.7455],[75.54236,11.74329],[75.54168,11.74028],[75.54149,11.73856],[75.54152,11.73672],[75.54162,11.73591],[75.54281,11.73534],[75.54326,11.73473],[75.5433,11.73388],[75.5435,11.73318],[75.5453,11.73258],[75.54791,11.73182],[75.54963,11.73079],[75.55002,11.73055],[75.55218,11.72947],[75.55356,11.72824],[75.55364,11.72761],[75.55357,11.727],[75.5537,11.7255],[75.55441,11.72355],[75.55427,11.72187],[75.55409,11.72084],[75.55301,11.71947]]],[[[75.54468,11.70447],[75.54424,11.70373],[75.54366,11.70254],[75.54344,11.70211],[75.54324,11.7006],[75.54206,11.69997],[75.54225,11.69822],[75.54218,11.6976],[75.5413,11.69741],[75.54021,11.69697],[75.53896,11.69548],[75.53784,11.69425],[75.53752,11.69386],[75.53593,11.69239],[75.53503,11.69366],[75.5347,11.69418],[75.53445,11.69455],[75.53428,11.6947],[75.53409,11.69497],[75.53381,11.69538],[75.53351,11.69571],[75.53343,11.69579],[75.53342,11.69583],[75.53345,11.69586],[75.53375,11.69592],[75.53379,11.69601],[75.53385,11.69609],[75.53397,11.69618],[75.53397,11.6963],[75.53393,11.69661],[75.53376,11.69718],[75.53327,11.69814],[75.53309,11.69846],[75.53284,11.69879],[75.53234,11.6994],[75.53155,11.7001],[75.53135,11.70027],[75.53104,11.70043],[75.53086,11.7005],[75.53058,11.70062],[75.52987,11.70076],[75.52954,11.7008],[75.52898,11.70081],[75.52851,11.70091],[75.52848,11.70096],[75.52845,11.701],[75.52927,11.70161],[75.52953,11.70182],[75.52966,11.70196],[75.52971,11.70206],[75.5298,11.70226],[75.52991,11.70238],[75.53003,11.70247],[75.53015,11.70257],[75.5303,11.70264],[75.53042,11.70275],[75.53053,11.70286],[75.53061,11.70291],[75.53078,11.70304],[75.53089,11.70315],[75.53105,11.70324],[75.53089,11.70357],[75.53186,11.7041],[75.53259,11.70489],[75.53302,11.70546],[75.53325,11.70578],[75.53356,11.70649],[75.53457,11.70882],[75.53594,11.7094],[75.53837,11.70928],[75.53857,11.70915],[75.53989,11.70799],[75.54274,11.70536],[75.54401,11.70478],[75.54468,11.70447]]]]}},{"type":"Feature","properties":{"name":"Thalassery","level":"6"},"geometry":{"type":"MultiPolygon","coordinates":[[[[75.55956,11.98064],[75.56481,11.98363],[75.56516,11.98369],[75.566,11.98372],[75.56729,11.98341],[75.56847,11.98257],[75.56982,11.98129],[75.57107,11.98024],[75.57218,11.97883],[75.57319,11.97751],[75.57467,11.97675],[75.57602,11.97669],[75.57722,11.97711],[75.57793,11.97833],[75.57808,11.98003],[75.57838,11.98108],[75.57909,11.98215],[75.58027,11.98284],[75.58195,11.98284],[75.58401,11.98236],[75.58712,11.98141],[75.58963,11.981],[75.591,11.98104],[75.59214,11.9815],[75.59377,11.98209],[75.59549,11.98236],[75.59729,11.98202],[75.59819,11.98051],[75.59798,11.97917],[75.59802,11.97768],[75.59789,11.97613],[75.59873,11.97455],[75.59898,11.97417],[75.59838,11.9738],[75.59742,11.97322],[75.59623,11.97194],[75.59641,11.96938],[75.59623,11.96739],[75.59637,11.96599],[75.59391,11.96549],[75.59345,11.9648],[75.5935,11.96346],[75.59178,11.96307],[75.5897,11.96291],[75.58879,11.9624],[75.58919,11.96054],[75.58799,11.95943],[75.58761,11.95697],[75.58748,11.95477],[75.58737,11.95435],[75.5871,11.95334],[75.58638,11.95249],[75.58457,11.95157],[75.58394,11.94948],[75.58371,11.94809],[75.58336,11.94601],[75.58346,11.94539],[75.58385,11.94303],[75.5846,11.94071],[75.58584,11.93836],[75.58713,11.93816],[75.58855,11.93795],[75.58991,11.93774],[75.59421,11.93612],[75.59461,11.93597],[75.59732,11.93535],[75.60013,11.93666],[75.60124,11.93747],[75.60293,11.93656],[75.60493,11.93704],[75.60597,11.93729],[75.60665,11.93731],[75.6115,11.93746],[75.61324,11.93586],[75.61357,11.93539],[75.61469,11.9338],[75.61923,11.93137],[75.62253,11.9282],[75.62229,11.92739],[75.62207,11.92698],[75.61985,11.92139],[75.62236,11.92142],[75.62559,11.92094],[75.62877,11.92035],[75.63151,11.91993],[75.63135,11.91925],[75.63117,11.9185],[75.63077,11.91729],[75.63113,11.91631],[75.63048,11.91538],[75.62836,11.91535],[75.62769,11.9143],[75.62709,11.9109],[75.62716,11.90777],[75.62578,11.90641],[75.62915,11.90609],[75.63047,11.90599],[75.63194,11.90588],[75.63417,11.90573],[75.63641,11.90523],[75.63685,11.90531],[75.63988,11.90583],[75.64078,11.90599],[75.6437,11.90733],[75.64445,11.90737],[75.64705,11.9075],[75.64797,11.90746],[75.65134,11.90733],[75.6546,11.90725],[75.65666,11.90758],[75.65889,11.90951],[75.66084,11.90885],[75.66192,11.90849],[75.66479,11.90829],[75.66698,11.90814],[75.67016,11.90788],[75.67318,11.90762],[75.67722,11.90703],[75.68206,11.90761],[75.68374,11.90651],[75.69485,11.90597],[75.69662,11.9038],[75.69636,11.90134],[75.69589,11.89675],[75.69441,11.89156],[75.69833,11.89192],[75.70151,11.89167],[75.70207,11.89162],[75.7049,11.88843],[75.70651,11.88694],[75.70737,11.88614],[75.71084,11.88621],[75.71404,11.88562],[75.71537,11.8868],[75.71692,11.88694],[75.71947,11.88577],[75.72275,11.88726],[75.72513,11.88434],[75.72881,11.88225],[75.73102,11.881],[75.73153,11.88071],[75.73781,11.87718],[75.73951,11.87418],[75.7404,11.87491],[75.7443,11.8781],[75.74683,11.87835],[75.75206,11.87785],[75.75331,11.87449],[75.75438,11.87243],[75.75421,11.87063],[75.75361,11.86916],[75.7549,11.86722],[75.75492,11.86521],[75.7544,11.86351],[75.7535,11.86229],[75.75273,11.86072],[75.75116,11.85931],[75.75045,11.85794],[75.74972,11.85649],[75.74846,11.854],[75.7499,11.85154],[75.75189,11.85135],[75.75292,11.85022],[75.75305,11.84862],[75.75348,11.8477],[75.75438,11.84753],[75.75532,11.84942],[75.75743,11.85093],[75.75928,11.85082],[75.76022,11.85076],[75.76176,11.85001],[75.76425,11.84837],[75.7661,11.84711],[75.76846,11.84576],[75.77176,11.84488],[75.77296,11.84337],[75.77446,11.84219],[75.77605,11.84211],[75.77987,11.84261],[75.78279,11.84337],[75.78476,11.84421],[75.78524,11.84494],[75.78562,11.84551],[75.78554,11.8474],[75.78648,11.85017],[75.78833,11.85169],[75.7891,11.85259],[75.79076,11.85161],[75.79336,11.85112],[75.79674,11.85176],[75.79752,11.85141],[75.79476,11.85013],[75.794,11.849],[75.79828,11.84996],[75.80223,11.85028],[75.80588,11.8508],[75.80554,11.84791],[75.80302,11.84591],[75.80062,11.84524],[75.79463,11.84564],[75.7924,11.84503],[75.79146,11.84364],[75.79011,11.84108],[75.79,11.83606],[75.79028,11.83518],[75.79099,11.83365],[75.79219,11.83245],[75.79311,11.83144],[75.7944,11.83056],[75.79558,11.83033],[75.7968,11.82942],[75.79779,11.82814],[75.79826,11.8272],[75.7983,11.82564],[75.79854,11.82396],[75.79848,11.82184],[75.7983,11.82025],[75.79657,11.81854],[75.7924,11.81539],[75.78852,11.81321],[75.78391,11.81191],[75.78144,11.81046],[75.78075,11.80806],[75.78037,11.8075],[75.7797,11.80664],[75.77891,11.80609],[75.77805,11.80552],[75.7765,11.80487],[75.77502,11.80437],[75.77315,11.80399],[75.77087,11.8039],[75.76564,11.80415],[75.76369,11.80436],[75.76178,11.80502],[75.75991,11.8055],[75.75897,11.80581],[75.75783,11.80596],[75.75583,11.80596],[75.75412,11.8059],[75.75261,11.80577],[75.75122,11.80565],[75.74952,11.80418],[75.74804,11.80151],[75.74746,11.80082],[75.74673,11.80029],[75.74652,11.79909],[75.74751,11.79838],[75.74899,11.79766],[75.75139,11.7964],[75.75201,11.79601],[75.75298,11.79382],[75.75356,11.79271],[75.75416,11.79193],[75.75527,11.79067],[75.75588,11.78964],[75.75615,11.78853],[75.75564,11.78777],[75.75495,11.78676],[75.75399,11.78592],[75.75309,11.78538],[75.75178,11.78466],[75.75012,11.78426],[75.74903,11.78403],[75.74804,11.7842],[75.74723,11.78496],[75.74643,11.78601],[75.74551,11.78794],[75.74126,11.78781],[75.73912,11.7876],[75.73777,11.78771],[75.73652,11.78674],[75.73639,11.78496],[75.73583,11.78359],[75.73485,11.78265],[75.73332,11.78212],[75.73238,11.78216],[75.73078,11.78189],[75.72827,11.78219],[75.72809,11.78408],[75.72752,11.78601],[75.72569,11.78958],[75.724,11.79174],[75.72116,11.79517],[75.71812,11.79691],[75.7134,11.79792],[75.71039,11.79813],[75.70818,11.79786],[75.70752,11.79857],[75.70612,11.79899],[75.70494,11.79899],[75.70368,11.79937],[75.70254,11.80012],[75.70033,11.80038],[75.69847,11.8004],[75.69373,11.80039],[75.69192,11.80019],[75.69123,11.79977],[75.69084,11.79832],[75.69097,11.79689],[75.69099,11.79485],[75.69099,11.79452],[75.69022,11.79338],[75.68793,11.79204],[75.68715,11.78992],[75.68675,11.78813],[75.68638,11.78656],[75.68622,11.78524],[75.68612,11.78441],[75.68552,11.78313],[75.68462,11.78019],[75.68391,11.77801],[75.68314,11.77618],[75.68288,11.77589],[75.68213,11.77509],[75.68112,11.77494],[75.67941,11.77479],[75.67726,11.7746],[75.67374,11.77271],[75.67181,11.7721],[75.67147,11.77197],[75.67052,11.77158],[75.66891,11.7711],[75.66793,11.77023],[75.6672,11.76889],[75.6664,11.76689],[75.66589,11.76429],[75.6652,11.76079],[75.66496,11.76061],[75.66454,11.76029],[75.66359,11.76013],[75.66224,11.76001],[75.66036,11.75989],[75.65923,11.75937],[75.65903,11.7587],[75.65864,11.75802],[75.65817,11.75719],[75.65807,11.75693],[75.65792,11.75668],[75.65785,11.75658],[75.65763,11.75605],[75.65733,11.75537],[75.6572,11.75519],[75.65694,11.75522],[75.6566,11.75534],[75.65633,11.75555],[75.6561,11.75574],[75.6559,11.75586],[75.65569,11.75598],[75.6554,11.75592],[75.65533,11.75591],[75.65499,11.75553],[75.65478,11.75505],[75.65476,11.75475],[75.65473,11.75428],[75.65484,11.75391],[75.65457,11.75351],[75.65408,11.75337],[75.65395,11.75347],[75.65381,11.75358],[75.65345,11.754],[75.65345,11.75432],[75.65285,11.75444],[75.65239,11.75415],[75.65212,11.75406],[75.65169,11.75382],[75.65135,11.75341],[75.65115,11.75289],[75.65088,11.75223],[75.65046,11.75175],[75.65065,11.75111],[75.65072,11.75089],[75.65066,11.75062],[75.65051,11.75047],[75.6503,11.75026],[75.64995,11.75003],[75.64943,11.74998],[75.64936,11.75],[75.64881,11.75017],[75.64853,11.75005],[75.64797,11.74939],[75.64803,11.74878],[75.64807,11.74864],[75.64825,11.74812],[75.64828,11.74801],[75.64837,11.74747],[75.64838,11.74716],[75.64816,11.74636],[75.64816,11.74601],[75.64785,11.74563],[75.64747,11.74562],[75.6474,11.74569],[75.64704,11.746],[75.64674,11.74693],[75.64653,11.74719],[75.64649,11.74724],[75.64628,11.74718],[75.64595,11.74688],[75.64572,11.74636],[75.64591,11.74554],[75.64597,11.74524],[75.64592,11.74491],[75.64587,11.74467],[75.64577,11.7444],[75.64554,11.74419],[75.64536,11.74375],[75.64516,11.74355],[75.64455,11.74336],[75.64398,11.74331],[75.64349,11.74334],[75.64306,11.7438],[75.64284,11.74447],[75.642,11.74442],[75.64159,11.74398],[75.64101,11.7437],[75.64062,11.74287],[75.64029,11.74234],[75.63986,11.74168],[75.63958,11.74088],[75.63925,11.74039],[75.63865,11.73998],[75.63835,11.73965],[75.63799,11.73883],[75.63748,11.73764],[75.637,11.73767],[75.63665,11.73833],[75.63621,11.7385],[75.63597,11.73797],[75.6359,11.73723],[75.63546,11.73704],[75.63506,11.73748],[75.6345,11.73725],[75.63383,11.73734],[75.63332,11.73717],[75.63305,11.73698],[75.63156,11.73817],[75.63057,11.73868],[75.6297,11.73856],[75.6296,11.73736],[75.62922,11.73696],[75.62875,11.73696],[75.62775,11.73734],[75.62698,11.73787],[75.62646,11.73739],[75.62645,11.73633],[75.62541,11.73589],[75.625,11.73455],[75.62427,11.73416],[75.62305,11.7338],[75.62214,11.73341],[75.6216,11.73268],[75.62347,11.73245],[75.62406,11.73204],[75.62395,11.73131],[75.62274,11.731],[75.62208,11.73056],[75.62174,11.73014],[75.6214,11.72985],[75.62013,11.72857],[75.6194,11.72724],[75.61898,11.72701],[75.61809,11.72705],[75.61739,11.72713],[75.61684,11.72673],[75.61647,11.726],[75.61616,11.72489],[75.6156,11.72382],[75.61442,11.72378],[75.61136,11.72493],[75.61021,11.7243],[75.60907,11.72163],[75.6078,11.71991],[75.60729,11.71923],[75.6064,11.7178],[75.60613,11.71804],[75.60607,11.71852],[75.60702,11.72055],[75.60732,11.72149],[75.60687,11.72219],[75.606,11.72208],[75.60505,11.72162],[75.60416,11.72063],[75.60376,11.72008],[75.60264,11.71852],[75.60215,11.7182],[75.60147,11.71816],[75.59941,11.71865],[75.59873,11.71816],[75.59827,11.71754],[75.59755,11.71598],[75.59705,11.71513],[75.59609,11.71362],[75.5946,11.71276],[75.5936,11.71225],[75.59204,11.71257],[75.59052,11.71302],[75.58963,11.71306],[75.58877,11.71291],[75.58761,11.71248],[75.58707,11.71203],[75.58697,11.71164],[75.58686,11.7112],[75.58782,11.71056],[75.59181,11.70938],[75.59299,11.70758],[75.59365,11.70634],[75.59359,11.7052],[75.59332,11.70404],[75.59324,11.70369],[75.59321,11.70356],[75.5918,11.69963],[75.59166,11.6991],[75.59168,11.69847],[75.5925,11.6977],[75.5935,11.6969],[75.5948,11.69631],[75.59718,11.69643],[75.60018,11.6961],[75.60146,11.69523],[75.60237,11.69408],[75.60285,11.69258],[75.60332,11.6912],[75.60333,11.69024],[75.60305,11.68949],[75.60234,11.68871],[75.60087,11.68742],[75.59894,11.68694],[75.59869,11.68699],[75.59685,11.68731],[75.59327,11.68795],[75.58931,11.68845],[75.58663,11.68665],[75.58578,11.68607],[75.58309,11.68426],[75.58057,11.68213],[75.57964,11.68052],[75.57883,11.67966],[75.57859,11.67949],[75.57568,11.67747],[75.57216,11.67586],[75.56962,11.67559],[75.56822,11.67638],[75.56774,11.67684],[75.56582,11.67938],[75.56544,11.67951],[75.56373,11.68011],[75.56352,11.6802],[75.56223,11.68051],[75.5619,11.68164],[75.5614,11.68331],[75.56169,11.68494],[75.56231,11.68845],[75.56242,11.68908],[75.56275,11.68989],[75.56339,11.69148],[75.56388,11.6925],[75.56372,11.69281],[75.56292,11.69456],[75.56006,11.69614],[75.5591,11.69663],[75.55659,11.69794],[75.55642,11.69803],[75.55616,11.6985],[75.5545,11.70145],[75.55362,11.70262],[75.55209,11.70336],[75.55071,11.70373],[75.54642,11.70426],[75.54468,11.70447],[75.54401,11.70478],[75.54274,11.70536],[75.53989,11.70799],[75.53857,11.70915],[75.53837,11.70928],[75.53594,11.7094],[75.53457,11.70882],[75.53356,11.70649],[75.53325,11.70578],[75.53302,11.70546],[75.53259,11.70489],[75.53186,11.7041],[75.53089,11.70357],[75.53063,11.70387],[75.5304,11.70397],[75.53018,11.70422],[75.52993,11.70455],[75.52962,11.70486],[75.52946,11.70504],[75.5293,11.70525],[75.52899,11.70557],[75.52864,11.70593],[75.52821,11.70641],[75.52782,11.70676],[75.52746,11.70701],[75.52723,11.70713],[75.52712,11.70718],[75.52696,11.70725],[75.52681,11.70732],[75.52667,11.70738],[75.52653,11.70741],[75.52627,11.70746],[75.52586,11.70746],[75.52539,11.70736],[75.52522,11.70734],[75.52497,11.70728],[75.52489,11.70719],[75.52485,11.70699],[75.52479,11.70697],[75.52472,11.70701],[75.52464,11.70714],[75.52459,11.70726],[75.52449,11.70739],[75.52439,11.70744],[75.52419,11.7074],[75.5241,11.70741],[75.52402,11.70748],[75.52396,11.7076],[75.52399,11.7077],[75.52419,11.70788],[75.52423,11.70802],[75.52412,11.70839],[75.52405,11.70851],[75.52385,11.70868],[75.52375,11.70882],[75.52368,11.70896],[75.5236,11.70914],[75.52346,11.70946],[75.52325,11.70986],[75.5231,11.71009],[75.52288,11.71036],[75.52265,11.71088],[75.52255,11.71108],[75.5224,11.71131],[75.52232,11.71148],[75.52221,11.7116],[75.52208,11.71183],[75.5219,11.71206],[75.52177,11.71227],[75.5217,11.71237],[75.52164,11.71246],[75.52151,11.71269],[75.52126,11.71316],[75.52112,11.71339],[75.52099,11.71357],[75.52079,11.71384],[75.5207,11.71396],[75.52058,11.71411],[75.52017,11.71461],[75.51986,11.71497],[75.51974,11.71508],[75.51958,11.71521],[75.51945,11.71532],[75.51925,11.71544],[75.51902,11.71559],[75.51883,11.71567],[75.51863,11.71575],[75.51843,11.71579],[75.51814,11.71576],[75.51801,11.71565],[75.51794,11.71563],[75.51786,11.71561],[75.51772,11.71553],[75.51762,11.71544],[75.51753,11.7154],[75.5174,11.71541],[75.51717,11.71548],[75.51698,11.71558],[75.51678,11.71568],[75.51665,11.71588],[75.51664,11.71602],[75.51672,11.71631],[75.5168,11.71644],[75.51681,11.71661],[75.51679,11.71665],[75.51673,11.71688],[75.51663,11.71715],[75.51656,11.71757],[75.51656,11.71799],[75.51654,11.71829],[75.5164,11.71873],[75.51615,11.71919],[75.51586,11.71961],[75.51563,11.71997],[75.51549,11.72024],[75.51522,11.72064],[75.515,11.72097],[75.51484,11.7213],[75.51473,11.72146],[75.51457,11.72161],[75.51437,11.72182],[75.51429,11.72192],[75.51421,11.7221],[75.51415,11.72229],[75.51409,11.72241],[75.51399,11.72258],[75.51376,11.72284],[75.51368,11.72297],[75.51364,11.72304],[75.51354,11.72339],[75.51344,11.72354],[75.51335,11.72362],[75.51326,11.72373],[75.51319,11.72381],[75.51307,11.72404],[75.51287,11.72443],[75.51281,11.72451],[75.51271,11.72461],[75.51262,11.7247],[75.51249,11.72497],[75.51235,11.72523],[75.51227,11.72536],[75.51214,11.7255],[75.51205,11.72563],[75.51194,11.72578],[75.51182,11.72609],[75.51177,11.72619],[75.51163,11.72632],[75.51156,11.7264],[75.51146,11.72661],[75.51141,11.72671],[75.51142,11.72695],[75.51141,11.72706],[75.51132,11.72723],[75.51106,11.72754],[75.51076,11.72796],[75.51045,11.72837],[75.51023,11.7287],[75.50994,11.7291],[75.5096,11.72949],[75.50927,11.72983],[75.50905,11.73003],[75.50869,11.73035],[75.50817,11.73075],[75.50715,11.73131],[75.507,11.7313],[75.50689,11.73124],[75.50666,11.73098],[75.50659,11.73096],[75.50649,11.73102],[75.50633,11.73115],[75.5063,11.73119],[75.5063,11.73123],[75.50661,11.73155],[75.50672,11.73166],[75.50673,11.7317],[75.50633,11.73206],[75.50602,11.73239],[75.506,11.73241],[75.506,11.73244],[75.50624,11.73271],[75.50626,11.73282],[75.50625,11.73291],[75.50617,11.73299],[75.5061,11.73303],[75.50601,11.73302],[75.50581,11.73295],[75.50578,11.73295],[75.50572,11.73299],[75.50569,11.73317],[75.50569,11.73328],[75.50572,11.73334],[75.5057,11.73342],[75.50555,11.73351],[75.5054,11.73361],[75.50525,11.73373],[75.50512,11.73382],[75.50496,11.7339],[75.5048,11.73397],[75.50463,11.73402],[75.50446,11.73408],[75.50433,11.73413],[75.50414,11.73424],[75.50396,11.73429],[75.50373,11.73434],[75.50359,11.73441],[75.5034,11.73442],[75.5032,11.73442],[75.50305,11.73439],[75.50299,11.7344],[75.50286,11.73438],[75.50258,11.73434],[75.50235,11.73428],[75.50229,11.73429],[75.50214,11.73427],[75.50199,11.73425],[75.50185,11.73423],[75.50157,11.73413],[75.50138,11.73405],[75.50114,11.734],[75.50087,11.7339],[75.50037,11.73367],[75.50039,11.73343],[75.50022,11.7333],[75.50004,11.73328],[75.49995,11.73326],[75.49984,11.73318],[75.49967,11.73305],[75.49958,11.73295],[75.49951,11.73282],[75.49942,11.73255],[75.49932,11.73235],[75.49916,11.73215],[75.49905,11.73207],[75.4988,11.7323],[75.49835,11.73298],[75.49825,11.73318],[75.49822,11.73362],[75.49821,11.73377],[75.49819,11.73391],[75.49811,11.734],[75.49791,11.73402],[75.49787,11.73406],[75.49786,11.73433],[75.49785,11.73456],[75.49782,11.73462],[75.49775,11.73465],[75.49775,11.73469],[75.49778,11.73474],[75.49783,11.7348],[75.49782,11.73501],[75.49765,11.7352],[75.49748,11.73544],[75.49747,11.73545],[75.49735,11.73569],[75.49732,11.73573],[75.49711,11.73593],[75.49696,11.73616],[75.49695,11.73617],[75.49687,11.73626],[75.4968,11.73633],[75.49674,11.73642],[75.49668,11.73651],[75.4966,11.73658],[75.49656,11.73669],[75.49644,11.73688],[75.49621,11.73715],[75.49607,11.73728],[75.49593,11.73749],[75.49575,11.73775],[75.49564,11.73796],[75.49542,11.73818],[75.49527,11.73842],[75.49497,11.73885],[75.49487,11.73902],[75.49468,11.73927],[75.49448,11.73956],[75.49433,11.73973],[75.4942,11.73997],[75.49414,11.74006],[75.49407,11.74016],[75.49398,11.74028],[75.49393,11.74033],[75.49387,11.7405],[75.49371,11.74072],[75.49349,11.74093],[75.49332,11.74116],[75.49316,11.74143],[75.49303,11.74168],[75.49283,11.74188],[75.49267,11.74212],[75.49264,11.74217],[75.49258,11.74229],[75.49253,11.74239],[75.49245,11.74259],[75.4923,11.74282],[75.49202,11.74315],[75.49187,11.7433],[75.49172,11.7435],[75.49143,11.74376],[75.49129,11.74392],[75.49112,11.74407],[75.49097,11.74423],[75.49065,11.74451],[75.49038,11.7447],[75.48984,11.74509],[75.48932,11.74544],[75.48924,11.74549],[75.48861,11.74584],[75.48796,11.74625],[75.48777,11.74631],[75.48745,11.74642],[75.48693,11.7465],[75.48661,11.74649],[75.48607,11.74645],[75.48535,11.74629],[75.48524,11.74632],[75.48518,11.74642],[75.48518,11.74672],[75.4852,11.74709],[75.48512,11.7473],[75.48505,11.74743],[75.48487,11.74766],[75.48487,11.74777],[75.48489,11.7479],[75.48507,11.7484],[75.48513,11.74898],[75.48511,11.74927],[75.48504,11.74951],[75.4842,11.7503],[75.48418,11.75036],[75.48422,11.75042],[75.4843,11.7505],[75.48444,11.75079],[75.48446,11.751],[75.48444,11.75118],[75.48429,11.75127],[75.48427,11.75131],[75.48422,11.75161],[75.48413,11.75181],[75.48388,11.75203],[75.48365,11.75215],[75.48362,11.75219],[75.48361,11.75228],[75.48365,11.75256],[75.48354,11.75287],[75.48338,11.75315],[75.4831,11.75352],[75.48247,11.75397],[75.48213,11.75432],[75.48189,11.7547],[75.48147,11.7551],[75.48079,11.75573],[75.48058,11.75593],[75.4805,11.75598],[75.47983,11.75622],[75.47978,11.75625],[75.47958,11.75656],[75.4792,11.75687],[75.47901,11.75709],[75.47825,11.7577],[75.47794,11.75787],[75.47769,11.75789],[75.47755,11.7579],[75.47749,11.75795],[75.47741,11.75845],[75.47734,11.75856],[75.47721,11.75877],[75.47686,11.75901],[75.47637,11.7594],[75.47633,11.7595],[75.4763,11.75979],[75.47617,11.76005],[75.47595,11.76031],[75.47558,11.76068],[75.47481,11.76138],[75.47476,11.76146],[75.47468,11.76166],[75.47452,11.76198],[75.4742,11.7624],[75.47366,11.7631],[75.47304,11.76379],[75.4726,11.76409],[75.47113,11.7651],[75.46959,11.76638],[75.46956,11.76612],[75.46954,11.76579],[75.46946,11.76565],[75.4693,11.76554],[75.46896,11.76549],[75.46878,11.76542],[75.46813,11.76532],[75.46751,11.76514],[75.4674,11.76517],[75.46714,11.76534],[75.46665,11.76604],[75.4662,11.76648],[75.46596,11.76669],[75.46554,11.76684],[75.46514,11.76692],[75.46455,11.76691],[75.46397,11.7668],[75.46349,11.76661],[75.46315,11.76627],[75.46303,11.7661],[75.46297,11.76607],[75.46287,11.76608],[75.4628,11.76615],[75.46268,11.76631],[75.46247,11.76649],[75.46214,11.76656],[75.4617,11.76658],[75.46122,11.76653],[75.46094,11.76631],[75.46081,11.76603],[75.46065,11.76585],[75.46055,11.76587],[75.46045,11.766],[75.46033,11.76641],[75.45993,11.76691],[75.45969,11.76716],[75.45921,11.76747],[75.45861,11.76799],[75.45847,11.76812],[75.45829,11.76818],[75.45819,11.76823],[75.45817,11.76829],[75.45815,11.76838],[75.45801,11.76856],[75.45776,11.76872],[75.45739,11.76888],[75.45694,11.76919],[75.45642,11.76962],[75.45591,11.77012],[75.45547,11.77044],[75.45499,11.7707],[75.45455,11.77083],[75.45416,11.77095],[75.45376,11.77113],[75.45366,11.77124],[75.45356,11.77129],[75.45348,11.77144],[75.45351,11.77171],[75.45362,11.77205],[75.45373,11.77228],[75.45387,11.77274],[75.4539,11.77316],[75.45392,11.77354],[75.45401,11.7742],[75.45403,11.77478],[75.45396,11.77517],[75.45391,11.77576],[75.4538,11.7765],[75.45387,11.7776],[75.45735,11.77761],[75.4597,11.77825],[75.46044,11.77955],[75.46073,11.78007],[75.46116,11.7821],[75.46245,11.78448],[75.46243,11.7849],[75.4624,11.78539],[75.46232,11.78709],[75.4622,11.78819],[75.46221,11.78922],[75.46197,11.79055],[75.46135,11.79267],[75.46118,11.79382],[75.46131,11.79429],[75.46177,11.79723],[75.4619,11.79959],[75.46167,11.80046],[75.46131,11.8018],[75.46067,11.80308],[75.45935,11.80538],[75.45949,11.80723],[75.45944,11.80733],[75.45949,11.8077],[75.46082,11.81019],[75.46096,11.81048],[75.46182,11.81232],[75.46277,11.8151],[75.46336,11.81588],[75.46381,11.81648],[75.46487,11.81817],[75.4658,11.81963],[75.46655,11.82013],[75.46691,11.82032],[75.46785,11.82049],[75.47013,11.82029],[75.4714,11.81978],[75.47294,11.81917],[75.47406,11.81855],[75.47453,11.81829],[75.47668,11.81758],[75.47916,11.81808],[75.48098,11.82034],[75.48157,11.82107],[75.48285,11.82149],[75.48365,11.8214],[75.48451,11.82029],[75.48554,11.82018],[75.48632,11.82105],[75.48721,11.82203],[75.48835,11.82281],[75.48876,11.82308],[75.48909,11.82383],[75.49001,11.82468],[75.49123,11.82517],[75.49216,11.82539],[75.49323,11.82548],[75.49486,11.82559],[75.49688,11.8256],[75.49747,11.82549],[75.49833,11.82507],[75.4994,11.82412],[75.49992,11.82333],[75.50047,11.82262],[75.50105,11.82204],[75.50182,11.82223],[75.50246,11.82323],[75.50275,11.82403],[75.5032,11.82759],[75.50287,11.82872],[75.50272,11.82928],[75.50133,11.83173],[75.50097,11.83263],[75.50038,11.83409],[75.4999,11.83537],[75.49935,11.83608],[75.49907,11.83644],[75.49805,11.83669],[75.49726,11.83671],[75.49674,11.83681],[75.49558,11.83665],[75.49506,11.83641],[75.49474,11.8361],[75.4943,11.83404],[75.49376,11.83337],[75.4933,11.83231],[75.49229,11.83173],[75.49,11.83225],[75.48827,11.83321],[75.48788,11.83482],[75.48846,11.83593],[75.48899,11.83711],[75.48988,11.83905],[75.49026,11.83987],[75.49023,11.84083],[75.49031,11.84174],[75.49017,11.84233],[75.49004,11.84289],[75.48965,11.84436],[75.48963,11.84463],[75.48959,11.84531],[75.49013,11.84599],[75.49136,11.84639],[75.49216,11.8467],[75.49317,11.84709],[75.49476,11.84762],[75.49648,11.84811],[75.49859,11.84833],[75.50019,11.84798],[75.50199,11.84863],[75.50296,11.84975],[75.5038,11.85028],[75.50635,11.84991],[75.50716,11.85067],[75.50727,11.85117],[75.5074,11.85179],[75.50709,11.85255],[75.50675,11.85286],[75.50632,11.85311],[75.50507,11.85336],[75.50397,11.85369],[75.50331,11.85456],[75.50264,11.85574],[75.50209,11.85673],[75.50084,11.85897],[75.50232,11.86088],[75.50326,11.86301],[75.50412,11.86474],[75.50501,11.86618],[75.50562,11.86834],[75.5054,11.86973],[75.505,11.87066],[75.50457,11.8715],[75.50399,11.87312],[75.50478,11.87483],[75.5056,11.87612],[75.50578,11.87676],[75.50627,11.87852],[75.50667,11.88048],[75.50646,11.88315],[75.50645,11.88332],[75.50752,11.88472],[75.50835,11.88656],[75.50887,11.8876],[75.50927,11.88932],[75.50918,11.89078],[75.50914,11.89272],[75.50948,11.89398],[75.50953,11.89417],[75.51133,11.89564],[75.51282,11.89648],[75.51421,11.89727],[75.51438,11.89736],[75.51674,11.89883],[75.51766,11.89977],[75.51824,11.90088],[75.51832,11.90338],[75.51601,11.90627],[75.51533,11.90712],[75.51382,11.90877],[75.5125,11.90977],[75.51054,11.91084],[75.50836,11.91187],[75.50551,11.91299],[75.50463,11.91337],[75.50135,11.91356],[75.49946,11.91452],[75.49906,11.91472],[75.4967,11.91524],[75.49502,11.91521],[75.49382,11.91489],[75.4926,11.9143],[75.49114,11.91342],[75.48957,11.91067],[75.4878,11.90931],[75.48672,11.90844],[75.48564,11.90802],[75.48472,11.90783],[75.48343,11.90704],[75.48054,11.90567],[75.48006,11.90594],[75.47839,11.90685],[75.47642,11.90817],[75.47566,11.90973],[75.47534,11.91037],[75.4744,11.91201],[75.47305,11.9143],[75.47195,11.91588],[75.47106,11.91719],[75.47073,11.91767],[75.4703,11.91828],[75.4697,11.91936],[75.46896,11.92065],[75.46805,11.92228],[75.46768,11.92294],[75.46516,11.92533],[75.46494,11.92631],[75.4638,11.92763],[75.46358,11.92864],[75.46349,11.92912],[75.46317,11.9294],[75.462,11.93095],[75.46421,11.9316],[75.46794,11.93116],[75.47084,11.93267],[75.47119,11.93454],[75.47144,11.93584],[75.47281,11.93683],[75.47457,11.93805],[75.4771,11.93847],[75.47818,11.94059],[75.47901,11.94094],[75.48007,11.94138],[75.4806,11.94116],[75.48135,11.94084],[75.48283,11.94101],[75.48556,11.93996],[75.49058,11.94038],[75.49152,11.94069],[75.49448,11.94008],[75.49543,11.93973],[75.49621,11.94397],[75.4967,11.94666],[75.49697,11.94722],[75.49702,11.94734],[75.49792,11.94982],[75.4979,11.95234],[75.49968,11.95505],[75.50187,11.95625],[75.50384,11.95742],[75.50487,11.95835],[75.50448,11.96044],[75.50358,11.96313],[75.5029,11.96395],[75.50294,11.96569],[75.50221,11.96733],[75.50161,11.9701],[75.50191,11.97153],[75.50345,11.97296],[75.50502,11.97533],[75.50489,11.97703],[75.50542,11.97849],[75.50682,11.97959],[75.50697,11.98193],[75.50699,11.98232],[75.50646,11.98353],[75.50583,11.98458],[75.50569,11.98666],[75.50534,11.98963],[75.51205,11.9925],[75.51447,11.99237],[75.51747,11.9907],[75.52005,11.98997],[75.52309,11.99016],[75.52649,11.98864],[75.53005,11.98577],[75.53146,11.98549],[75.53398,11.98796],[75.53482,11.98885],[75.53575,11.98983],[75.53744,11.99168],[75.53921,11.99347],[75.53998,11.99424],[75.54153,11.99493],[75.54405,11.99532],[75.5464,11.99503],[75.5481,11.99359],[75.54815,11.99273],[75.54816,11.9926],[75.54791,11.99134],[75.54743,11.98988],[75.54741,11.98912],[75.54759,11.98838],[75.54793,11.98763],[75.54795,11.98748],[75.54791,11.98733],[75.54801,11.98687],[75.54819,11.98605],[75.54836,11.985],[75.54855,11.98384],[75.54881,11.98206],[75.54893,11.98084],[75.54858,11.97969],[75.54809,11.97904],[75.5459,11.97808],[75.54418,11.97703],[75.54388,11.97552],[75.54465,11.97401],[75.54618,11.97171],[75.54668,11.97097],[75.5483,11.96855],[75.54896,11.96855],[75.55126,11.96876],[75.55302,11.97081],[75.55401,11.97266],[75.55414,11.97556],[75.55581,11.97774],[75.55748,11.97946],[75.5581,11.97981],[75.55956,11.98064]]],[[[75.45004,11.76955],[75.45,11.76945],[75.44985,11.76928],[75.44982,11.76913],[75.44978,11.76902],[75.44967,11.76886],[75.44966,11.76879],[75.44968,11.76873],[75.4497,11.76869],[75.44979,11.76861],[75.44992,11.76845],[75.45014,11.76842],[75.4503,11.7685],[75.45053,11.76857],[75.4507,11.7687],[75.45082,11.76885],[75.4509,11.76897],[75.45092,11.7691],[75.45094,11.76917],[75.45102,11.76921],[75.4511,11.76924],[75.45118,11.76932],[75.45122,11.76942],[75.45125,11.7695],[75.45133,11.76958],[75.45141,11.76964],[75.45154,11.76969],[75.45162,11.76974],[75.45166,11.76981],[75.45169,11.76991],[75.4517,11.77005],[75.45169,11.7701],[75.45168,11.77016],[75.45166,11.77026],[75.45161,11.77036],[75.45156,11.77043],[75.45151,11.77049],[75.45147,11.77065],[75.45124,11.77073],[75.45103,11.7708],[75.45088,11.77077],[75.45076,11.7707],[75.4506,11.77058],[75.45043,11.77044],[75.4503,11.77028],[75.45022,11.77006],[75.45012,11.76966],[75.45004,11.76955]]]]}},{"type":"Feature","properties":{"name":"Taliparamba","level":"6"},"geometry":{"type":"MultiPolygon","coordinates":[[[[75.39712,11.97492],[75.39748,11.97497],[75.39796,11.97442],[75.39843,11.97409],[75.39835,11.9732],[75.3981,11.97231],[75.39769,11.97175],[75.39773,11.97134],[75.39791,11.971],[75.39839,11.9708],[75.3994,11.97068],[75.4,11.97037],[75.40028,11.96981],[75.40037,11.96922],[75.4,11.96819],[75.39839,11.96468],[75.39816,11.96422],[75.3982,11.96382],[75.39851,11.96363],[75.39884,11.96355],[75.39938,11.96353],[75.39995,11.96341],[75.40053,11.96317],[75.40177,11.96258],[75.40198,11.96248],[75.40292,11.96178],[75.40319,11.96127],[75.40325,11.96047],[75.40332,11.95948],[75.4036,11.95859],[75.4041,11.95768],[75.40433,11.95667],[75.40431,11.9547],[75.40441,11.95324],[75.40472,11.9522],[75.40517,11.95127],[75.40575,11.95082],[75.40604,11.95068],[75.4069,11.95078],[75.40748,11.951],[75.40814,11.95105],[75.40884,11.95096],[75.40963,11.95076],[75.41012,11.95086],[75.41066,11.95109],[75.41142,11.95173],[75.41196,11.95199],[75.41297,11.95203],[75.41369,11.95171],[75.41423,11.95105],[75.41466,11.95042],[75.41484,11.94975],[75.41474,11.94931],[75.41443,11.94866],[75.41439,11.9481],[75.4147,11.94743],[75.4152,11.94693],[75.41548,11.9464],[75.41577,11.94544],[75.41581,11.94489],[75.41546,11.94416],[75.41487,11.94358],[75.41447,11.94322],[75.41454,11.94211],[75.41478,11.94145],[75.41497,11.94094],[75.41513,11.94011],[75.41509,11.93934],[75.4146,11.93835],[75.41402,11.93759],[75.41367,11.93672],[75.41363,11.93587],[75.41423,11.93476],[75.41433,11.93396],[75.41427,11.93311],[75.41361,11.93176],[75.41346,11.93077],[75.41334,11.93002],[75.41359,11.92929],[75.41408,11.92871],[75.4146,11.928],[75.41462,11.92752],[75.41449,11.92685],[75.41418,11.92594],[75.4141,11.92512],[75.41421,11.92457],[75.4139,11.92405],[75.41346,11.9236],[75.41328,11.92316],[75.41326,11.92249],[75.41344,11.92199],[75.41373,11.92153],[75.41415,11.92161],[75.41582,11.92165],[75.41698,11.92358],[75.41844,11.92589],[75.41934,11.92711],[75.4214,11.92765],[75.42307,11.9274],[75.42475,11.92623],[75.42616,11.92539],[75.42792,11.92522],[75.42878,11.92627],[75.43003,11.92828],[75.43106,11.9303],[75.43123,11.93082],[75.43056,11.93215],[75.4302,11.93338],[75.42968,11.93425],[75.42934,11.93602],[75.42912,11.93714],[75.42964,11.94197],[75.42973,11.94441],[75.43328,11.95009],[75.43669,11.95036],[75.43747,11.95157],[75.43949,11.95037],[75.44041,11.94984],[75.4419,11.94909],[75.44235,11.94815],[75.44254,11.94683],[75.4426,11.94643],[75.44412,11.94488],[75.44395,11.9423],[75.44471,11.94074],[75.44522,11.93845],[75.44695,11.93734],[75.44794,11.93712],[75.44828,11.93704],[75.45041,11.93703],[75.4539,11.93556],[75.45586,11.93595],[75.45756,11.93621],[75.45839,11.93634],[75.45984,11.93561],[75.46088,11.93383],[75.46097,11.93244],[75.46134,11.93133],[75.462,11.93095],[75.46421,11.9316],[75.46794,11.93116],[75.47084,11.93267],[75.47119,11.93454],[75.47144,11.93584],[75.47281,11.93683],[75.47457,11.93805],[75.4771,11.93847],[75.47818,11.94059],[75.47901,11.94094],[75.48007,11.94138],[75.4806,11.94116],[75.48135,11.94084],[75.48283,11.94101],[75.48556,11.93996],[75.49058,11.94038],[75.49152,11.94069],[75.49448,11.94008],[75.49543,11.93973],[75.49621,11.94397],[75.4967,11.94666],[75.49697,11.94722],[75.49702,11.94734],[75.49792,11.94982],[75.4979,11.95234],[75.49968,11.95505],[75.50187,11.95625],[75.50384,11.95742],[75.50487,11.95835],[75.50448,11.96044],[75.50358,11.96313],[75.5029,11.96395],[75.50294,11.96569],[75.50221,11.96733],[75.50161,11.9701],[75.50191,11.97153],[75.50345,11.97296],[75.50502,11.97533],[75.50489,11.97703],[75.50542,11.97849],[75.50682,11.97959],[75.50697,11.98193],[75.50699,11.98232],[75.50646,11.98353],[75.50583,11.98458],[75.50569,11.98666],[75.50534,11.98963],[75.51205,11.9925],[75.51447,11.99237],[75.51747,11.9907],[75.52005,11.98997],[75.52309,11.99016],[75.52649,11.98864],[75.53005,11.98577],[75.53146,11.98549],[75.53398,11.98796],[75.53482,11.98885],[75.53575,11.98983],[75.53744,11.99168],[75.53921,11.99347],[75.53998,11.99424],[75.54153,11.99493],[75.54405,11.99532],[75.5464,11.99503],[75.5481,11.99359],[75.54815,11.99273],[75.54816,11.9926],[75.54791,11.99134],[75.54743,11.98988],[75.54741,11.98912],[75.54759,11.98838],[75.54793,11.98763],[75.54795,11.98748],[75.54791,11.98733],[75.54801,11.98687],[75.54819,11.98605],[75.54836,11.985],[75.54855,11.98384],[75.54881,11.98206],[75.54893,11.98084],[75.54858,11.97969],[75.54809,11.97904],[75.5459,11.97808],[75.54418,11.97703],[75.54388,11.97552],[75.54465,11.97401],[75.54618,11.97171],[75.54668,11.97097],[75.5483,11.96855],[75.54896,11.96855],[75.55126,11.96876],[75.55302,11.97081],[75.55401,11.97266],[75.55414,11.97556],[75.55581,11.97774],[75.55748,11.97946],[75.5581,11.97981],[75.55956,11.98064],[75.56481,11.98363],[75.56463,11.98429],[75.5646,11.98446],[75.56449,11.98498],[75.56372,11.98647],[75.56408,11.98831],[75.56331,11.98995],[75.56195,11.99151],[75.56156,11.99179],[75.56068,11.99243],[75.55994,11.99365],[75.56049,11.99552],[75.56066,11.99703],[75.55948,11.99779],[75.55869,11.99917],[75.55835,11.99984],[75.55778,12.00097],[75.55768,12.00117],[75.55693,12.00316],[75.55755,12.00547],[75.5571,12.00698],[75.55643,12.00902],[75.55582,12.01469],[75.56208,12.01598],[75.5686,12.02203],[75.57109,12.02362],[75.57177,12.02481],[75.57272,12.02648],[75.5698,12.02983],[75.57006,12.03252],[75.57499,12.03278],[75.57746,12.03567],[75.57974,12.03986],[75.58271,12.04075],[75.58344,12.04056],[75.58628,12.03982],[75.59066,12.04125],[75.5918,12.04255],[75.59325,12.04217],[75.59378,12.04195],[75.59512,12.0414],[75.59452,12.03907],[75.59692,12.03697],[75.60019,12.03529],[75.60231,12.03586],[75.60467,12.03634],[75.60602,12.0354],[75.60669,12.03355],[75.60791,12.03286],[75.61031,12.03328],[75.61109,12.03437],[75.61214,12.03672],[75.61289,12.0394],[75.61272,12.04142],[75.61145,12.04547],[75.61315,12.04587],[75.61409,12.04832],[75.61516,12.05213],[75.6151,12.05275],[75.61656,12.05651],[75.61928,12.05852],[75.62417,12.05835],[75.62679,12.05735],[75.62757,12.05548],[75.63008,12.05547],[75.63018,12.05737],[75.6292,12.05863],[75.62914,12.06017],[75.62894,12.06626],[75.63005,12.07113],[75.63069,12.07311],[75.63086,12.07365],[75.63012,12.07481],[75.63001,12.07675],[75.63012,12.07787],[75.63063,12.08064],[75.62941,12.08351],[75.62937,12.08393],[75.62894,12.08784],[75.62908,12.08829],[75.62945,12.08951],[75.62971,12.09161],[75.62948,12.09889],[75.62761,12.10565],[75.62905,12.10722],[75.63093,12.10638],[75.63505,12.10659],[75.64113,12.10663],[75.64309,12.10685],[75.64422,12.10697],[75.64778,12.10936],[75.6504,12.11218],[75.65003,12.11211],[75.649,12.11188],[75.64887,12.11261],[75.64851,12.11402],[75.64748,12.11576],[75.64771,12.11973],[75.64741,12.12229],[75.64653,12.12319],[75.64613,12.12359],[75.64546,12.12438],[75.64525,12.12518],[75.64514,12.12558],[75.64485,12.12793],[75.64475,12.13293],[75.64441,12.13464],[75.64368,12.13522],[75.64327,12.13555],[75.64303,12.1362],[75.64294,12.13728],[75.6427,12.13835],[75.64237,12.13888],[75.6415,12.13896],[75.64102,12.13893],[75.64027,12.13871],[75.63967,12.13853],[75.63888,12.13858],[75.63835,12.13869],[75.63774,12.13957],[75.63769,12.14011],[75.63789,12.14096],[75.63832,12.14157],[75.63906,12.14312],[75.63929,12.14401],[75.63913,12.14493],[75.63887,12.14597],[75.6381,12.14714],[75.63627,12.14824],[75.63599,12.1485],[75.63525,12.14877],[75.63437,12.14863],[75.63404,12.14862],[75.63378,12.1486],[75.63291,12.14849],[75.63173,12.14851],[75.63061,12.14875],[75.62974,12.14922],[75.62804,12.15046],[75.62711,12.15105],[75.62587,12.15184],[75.62421,12.15272],[75.6232,12.15354],[75.62165,12.15486],[75.6213,12.15518],[75.6205,12.15567],[75.61985,12.1561],[75.61827,12.15644],[75.61703,12.15612],[75.61583,12.15559],[75.61392,12.15408],[75.61315,12.15329],[75.61238,12.15264],[75.61168,12.15233],[75.61103,12.15214],[75.6101,12.15221],[75.60934,12.1525],[75.60806,12.15379],[75.60738,12.15425],[75.60687,12.15464],[75.60595,12.15502],[75.60523,12.15498],[75.60446,12.15472],[75.60369,12.15438],[75.60296,12.15419],[75.60243,12.15406],[75.60113,12.15364],[75.60036,12.15347],[75.5996,12.15346],[75.59802,12.15355],[75.59664,12.15355],[75.59614,12.15364],[75.59555,12.15348],[75.59481,12.15268],[75.59425,12.1518],[75.59399,12.15094],[75.59391,12.15015],[75.59383,12.14932],[75.59377,12.1486],[75.59347,12.14772],[75.59335,12.14756],[75.59162,12.14791],[75.59122,12.14839],[75.59097,12.14902],[75.59079,12.14994],[75.58995,12.15172],[75.58921,12.15283],[75.58849,12.1538],[75.58798,12.15465],[75.5865,12.15495],[75.58547,12.1553],[75.58476,12.1557],[75.58376,12.15622],[75.58288,12.15684],[75.58252,12.15755],[75.58213,12.1584],[75.58161,12.15853],[75.58064,12.15853],[75.58006,12.15837],[75.57838,12.15791],[75.57771,12.15788],[75.57711,12.15814],[75.5766,12.15875],[75.57629,12.15959],[75.5759,12.16167],[75.57543,12.16287],[75.57499,12.16377],[75.57449,12.16451],[75.5738,12.16519],[75.57297,12.16609],[75.57207,12.16723],[75.57187,12.16795],[75.5714,12.16938],[75.57035,12.17108],[75.56937,12.17233],[75.56781,12.17272],[75.56669,12.17318],[75.56589,12.17338],[75.56482,12.1735],[75.56347,12.17381],[75.56194,12.17465],[75.56061,12.17539],[75.55993,12.17624],[75.55946,12.1771],[75.55916,12.17793],[75.55864,12.18042],[75.55828,12.18109],[75.55767,12.18161],[75.5571,12.18178],[75.55648,12.18183],[75.55578,12.18193],[75.5552,12.18221],[75.55501,12.18279],[75.55475,12.18403],[75.55458,12.18483],[75.55424,12.1868],[75.55349,12.18952],[75.55279,12.19148],[75.55245,12.19213],[75.55205,12.1927],[75.5514,12.19299],[75.55046,12.19313],[75.55017,12.19303],[75.54961,12.19294],[75.54915,12.19301],[75.54865,12.19307],[75.54829,12.19323],[75.5479,12.19354],[75.54758,12.19405],[75.54709,12.19482],[75.54665,12.19556],[75.54653,12.19595],[75.54661,12.19633],[75.54684,12.19667],[75.54705,12.19692],[75.54723,12.19735],[75.54702,12.19769],[75.54652,12.19793],[75.54617,12.19805],[75.54565,12.19825],[75.54511,12.19845],[75.54485,12.19847],[75.54456,12.19837],[75.5443,12.19811],[75.54404,12.19789],[75.5436,12.19775],[75.54308,12.19752],[75.54258,12.1974],[75.54217,12.19726],[75.54172,12.19717],[75.54136,12.19736],[75.5411,12.19765],[75.54093,12.19802],[75.54061,12.19845],[75.5404,12.1988],[75.54029,12.199],[75.54039,12.19989],[75.54057,12.20035],[75.54074,12.20087],[75.54087,12.20141],[75.54098,12.20183],[75.54084,12.20233],[75.5405,12.20273],[75.53993,12.20305],[75.53948,12.20324],[75.53902,12.20319],[75.53858,12.203],[75.53829,12.20283],[75.53781,12.20257],[75.5376,12.20252],[75.53719,12.20238],[75.53656,12.20226],[75.53592,12.20225],[75.53534,12.20241],[75.53503,12.20281],[75.53458,12.20325],[75.53407,12.20345],[75.53371,12.20354],[75.53347,12.20313],[75.53356,12.20233],[75.53341,12.2016],[75.53266,12.20111],[75.53225,12.20147],[75.53186,12.20206],[75.53197,12.20294],[75.53197,12.20413],[75.53189,12.20524],[75.53197,12.20594],[75.53334,12.20619],[75.53405,12.20629],[75.53483,12.20655],[75.53553,12.20686],[75.53652,12.2077],[75.53787,12.2107],[75.53925,12.21303],[75.53967,12.2143],[75.53974,12.2155],[75.53931,12.21651],[75.53768,12.21795],[75.53714,12.21826],[75.53613,12.21883],[75.53332,12.22041],[75.53206,12.22112],[75.53002,12.22211],[75.52802,12.2233],[75.5268,12.22454],[75.52635,12.22592],[75.5265,12.22678],[75.52716,12.22783],[75.52753,12.22886],[75.5277,12.22984],[75.52764,12.23096],[75.52721,12.23169],[75.52641,12.23234],[75.52534,12.23349],[75.52431,12.23461],[75.5235,12.23498],[75.5221,12.23555],[75.52099,12.23595],[75.52066,12.23691],[75.52041,12.23802],[75.52027,12.23977],[75.52015,12.24144],[75.51942,12.24245],[75.5188,12.24341],[75.51867,12.24452],[75.51899,12.24553],[75.5188,12.24662],[75.51805,12.24761],[75.51721,12.24857],[75.51581,12.25138],[75.51476,12.25235],[75.51382,12.25276],[75.513,12.25312],[75.51172,12.25398],[75.51165,12.2549],[75.51154,12.2561],[75.51169,12.25763],[75.5118,12.25974],[75.51178,12.26041],[75.51131,12.26074],[75.50617,12.26435],[75.50591,12.26637],[75.50692,12.26816],[75.5045,12.2713],[75.49962,12.27008],[75.4985,12.26994],[75.49763,12.27045],[75.49356,12.27183],[75.4895,12.27321],[75.48861,12.27429],[75.486,12.27586],[75.48486,12.27637],[75.48357,12.27557],[75.48305,12.27583],[75.48246,12.27646],[75.48227,12.27726],[75.48182,12.27778],[75.48025,12.27799],[75.47871,12.27823],[75.47758,12.277],[75.47583,12.27805],[75.47391,12.27711],[75.47343,12.27688],[75.47076,12.27465],[75.47022,12.27379],[75.46885,12.27114],[75.46836,12.26976],[75.46716,12.26958],[75.46601,12.26785],[75.46504,12.26823],[75.4639,12.26752],[75.46317,12.26693],[75.46208,12.26622],[75.45659,12.26776],[75.45115,12.26381],[75.45137,12.26144],[75.45074,12.25899],[75.4521,12.25778],[75.45205,12.25677],[75.45085,12.25503],[75.44857,12.25335],[75.44767,12.25331],[75.44708,12.25283],[75.44664,12.25117],[75.44533,12.24997],[75.44477,12.24916],[75.44482,12.24868],[75.44498,12.24798],[75.44545,12.24668],[75.44106,12.24182],[75.43984,12.23961],[75.43855,12.23883],[75.43734,12.23812],[75.43641,12.23787],[75.43548,12.23763],[75.43515,12.23759],[75.4336,12.23742],[75.43036,12.23877],[75.42792,12.23799],[75.42689,12.23757],[75.42491,12.23676],[75.42288,12.23704],[75.42179,12.2361],[75.42105,12.23452],[75.4201,12.23366],[75.41916,12.23351],[75.41842,12.23279],[75.41839,12.22975],[75.41908,12.22854],[75.41933,12.22698],[75.41884,12.22559],[75.41729,12.22443],[75.41614,12.22311],[75.41435,12.22448],[75.4141,12.22496],[75.41476,12.22816],[75.41266,12.23],[75.41303,12.2305],[75.41305,12.23191],[75.41283,12.2324],[75.41246,12.2324],[75.41246,12.23287],[75.41341,12.23303],[75.4132,12.23547],[75.41195,12.23529],[75.41165,12.23535],[75.41117,12.23545],[75.40974,12.23593],[75.40877,12.23664],[75.40727,12.23794],[75.40688,12.23854],[75.40564,12.23832],[75.4045,12.23901],[75.40413,12.23848],[75.40333,12.23868],[75.40255,12.23949],[75.40117,12.24069],[75.39731,12.24338],[75.39629,12.24341],[75.39539,12.24343],[75.39407,12.24366],[75.39235,12.24329],[75.39126,12.24376],[75.38975,12.24396],[75.38779,12.24421],[75.38593,12.24496],[75.38493,12.2465],[75.38491,12.24891],[75.3833,12.24869],[75.38281,12.24781],[75.38192,12.24754],[75.38118,12.24817],[75.38039,12.24803],[75.37863,12.24668],[75.37644,12.24746],[75.3757,12.24937],[75.37417,12.24949],[75.37303,12.24875],[75.37375,12.24714],[75.37343,12.24607],[75.37314,12.24502],[75.37131,12.24449],[75.3704,12.244],[75.36963,12.24258],[75.36917,12.24127],[75.36889,12.23782],[75.36869,12.23605],[75.36758,12.23495],[75.36732,12.23379],[75.36809,12.23314],[75.36932,12.23315],[75.37036,12.23209],[75.37122,12.23029],[75.3719,12.22879],[75.37215,12.22773],[75.37259,12.22723],[75.37381,12.22724],[75.37457,12.22669],[75.37492,12.2258],[75.37483,12.22517],[75.37436,12.2248],[75.37318,12.22382],[75.37315,12.22284],[75.37381,12.22159],[75.37385,12.21985],[75.37378,12.21808],[75.37376,12.21562],[75.37294,12.21389],[75.37278,12.21265],[75.37289,12.2111],[75.37305,12.20957],[75.3731,12.20908],[75.37351,12.20769],[75.37376,12.20432],[75.37377,12.20421],[75.37297,12.20333],[75.37247,12.20183],[75.37252,12.19797],[75.37259,12.19498],[75.37292,12.19156],[75.37354,12.18918],[75.37486,12.18688],[75.37509,12.18426],[75.37517,12.18336],[75.37572,12.18221],[75.37585,12.18196],[75.37619,12.18203],[75.37791,12.18013],[75.378,12.17669],[75.37907,12.17621],[75.38062,12.17553],[75.38109,12.17554],[75.38285,12.17419],[75.3855,12.17355],[75.38659,12.17669],[75.38954,12.17738],[75.39233,12.17837],[75.39534,12.17834],[75.3963,12.17621],[75.39657,12.17525],[75.39638,12.17419],[75.39601,12.17398],[75.39433,12.17428],[75.39447,12.17389],[75.39395,12.17367],[75.39375,12.17322],[75.39321,12.17296],[75.39273,12.17313],[75.39226,12.17152],[75.39224,12.17003],[75.39092,12.16865],[75.38874,12.16667],[75.38802,12.16484],[75.38748,12.16266],[75.39129,12.16225],[75.39235,12.16061],[75.39164,12.15973],[75.39233,12.15872],[75.39253,12.15709],[75.39246,12.15611],[75.39191,12.15431],[75.39098,12.15276],[75.391,12.15134],[75.39314,12.14974],[75.39597,12.14896],[75.39776,12.14672],[75.39817,12.14458],[75.39829,12.14075],[75.39788,12.1388],[75.3968,12.13758],[75.39385,12.13639],[75.39155,12.13484],[75.38774,12.13422],[75.3857,12.13386],[75.38395,12.13308],[75.38366,12.13525],[75.38188,12.13499],[75.38039,12.13466],[75.38043,12.13305],[75.38007,12.13202],[75.37887,12.13161],[75.37594,12.13157],[75.37443,12.13044],[75.37337,12.12949],[75.3721,12.12733],[75.37038,12.12686],[75.36953,12.12545],[75.36507,12.12218],[75.36218,12.12279],[75.36109,12.12369],[75.35939,12.12227],[75.3588,12.12173],[75.35859,12.12121],[75.3579,12.12073],[75.35768,12.11946],[75.35735,12.11755],[75.35695,12.11674],[75.35586,12.11627],[75.35397,12.11614],[75.35204,12.11442],[75.35069,12.11494],[75.34821,12.11228],[75.3472,12.11082],[75.34261,12.10653],[75.34206,12.10621],[75.33995,12.10498],[75.33855,12.10327],[75.33671,12.10562],[75.33098,12.1049],[75.32792,12.11175],[75.32447,12.11086],[75.32289,12.11081],[75.32115,12.11076],[75.31791,12.11065],[75.31678,12.11061],[75.31303,12.10864],[75.31171,12.10794],[75.31118,12.10415],[75.31108,12.10342],[75.31206,12.10006],[75.3109,12.09711],[75.31113,12.0932],[75.31433,12.09277],[75.3131,12.08881],[75.31268,12.08744],[75.31226,12.08609],[75.30771,12.08074],[75.30633,12.07933],[75.30628,12.07928],[75.30415,12.07711],[75.30194,12.07435],[75.29975,12.07211],[75.29775,12.06882],[75.29786,12.06594],[75.29962,12.06603],[75.30146,12.06505],[75.30275,12.06404],[75.30368,12.06259],[75.30469,12.06149],[75.30491,12.0608],[75.30513,12.06012],[75.30548,12.05974],[75.30621,12.06008],[75.30741,12.06119],[75.30807,12.06175],[75.30897,12.06195],[75.31203,12.06002],[75.31338,12.05829],[75.31479,12.05673],[75.31618,12.0562],[75.31744,12.05603],[75.31864,12.05629],[75.31931,12.05699],[75.31949,12.05718],[75.32035,12.0583],[75.32157,12.05894],[75.3233,12.05922],[75.32484,12.05943],[75.32707,12.05954],[75.32892,12.06025],[75.33041,12.06048],[75.33234,12.06136],[75.33394,12.06209],[75.33525,12.06138],[75.33547,12.05919],[75.33585,12.05814],[75.33693,12.05724],[75.33708,12.05714],[75.33842,12.05623],[75.33908,12.05489],[75.33916,12.05314],[75.33922,12.05298],[75.33976,12.05157],[75.33974,12.05113],[75.33962,12.04919],[75.33946,12.04826],[75.33941,12.04794],[75.33866,12.04801],[75.33576,12.04824],[75.33507,12.04763],[75.334,12.04538],[75.33352,12.04233],[75.33225,12.03949],[75.33198,12.03916],[75.33038,12.03739],[75.32915,12.03701],[75.32835,12.03676],[75.32811,12.0369],[75.32624,12.038],[75.32515,12.03993],[75.32324,12.04406],[75.32128,12.04616],[75.3193,12.04699],[75.31673,12.04679],[75.31494,12.04557],[75.3128,12.04291],[75.31176,12.0394],[75.31145,12.03618],[75.31089,12.03541],[75.30969,12.03428],[75.30726,12.03379],[75.30553,12.03286],[75.30504,12.03259],[75.30307,12.03149],[75.30174,12.03137],[75.30039,12.02993],[75.30073,12.02797],[75.30191,12.02555],[75.30259,12.0245],[75.30254,12.02309],[75.30144,12.021],[75.2991,12.01654],[75.30124,12.01648],[75.30274,12.0159],[75.30562,12.01502],[75.30661,12.01398],[75.30736,12.01169],[75.30874,12.01089],[75.31098,12.01101],[75.31182,12.01179],[75.31183,12.01286],[75.31169,12.01344],[75.31169,12.01411],[75.31179,12.0148],[75.31233,12.01536],[75.31303,12.0156],[75.31393,12.01556],[75.31488,12.01532],[75.31567,12.01516],[75.31629,12.01439],[75.3167,12.01417],[75.31717,12.01407],[75.31767,12.01417],[75.31839,12.01459],[75.31882,12.01492],[75.31969,12.01492],[75.32037,12.01463],[75.32078,12.01431],[75.32152,12.01429],[75.32196,12.01439],[75.32274,12.01417],[75.32383,12.01387],[75.32561,12.01383],[75.3267,12.01381],[75.32732,12.01395],[75.3279,12.01439],[75.32847,12.01455],[75.32899,12.01447],[75.32936,12.01399],[75.32959,12.01342],[75.33004,12.013],[75.33006,12.01225],[75.33379,12.01042],[75.33433,12.01012],[75.33464,12.00985],[75.33474,12.00935],[75.33511,12.00901],[75.33499,12.00806],[75.33495,12.00655],[75.33514,12.00498],[75.33537,12.00125],[75.33429,11.99831],[75.3338,11.99481],[75.33376,11.99319],[75.33458,11.99225],[75.33551,11.99197],[75.33594,11.99186],[75.33623,11.99226],[75.33654,11.99239],[75.3368,11.99243],[75.33725,11.99226],[75.33748,11.99205],[75.33766,11.99173],[75.33793,11.9911],[75.33808,11.9906],[75.33827,11.99038],[75.33844,11.99012],[75.33889,11.98974],[75.33922,11.98959],[75.33992,11.98919],[75.34044,11.98896],[75.34075,11.98878],[75.34087,11.98859],[75.34081,11.98827],[75.34063,11.98799],[75.33967,11.98731],[75.33954,11.98674],[75.33921,11.98533],[75.33864,11.98284],[75.33843,11.98069],[75.33807,11.97913],[75.33832,11.97732],[75.34079,11.97768],[75.34128,11.97778],[75.34221,11.97768],[75.34343,11.9776],[75.34423,11.97756],[75.3453,11.97768],[75.34617,11.97786],[75.34718,11.97816],[75.34768,11.97835],[75.34856,11.97869],[75.34891,11.97885],[75.34984,11.97951],[75.35085,11.98054],[75.35176,11.98141],[75.35275,11.98222],[75.35357,11.98254],[75.35456,11.9828],[75.35557,11.98329],[75.35673,11.98397],[75.35772,11.98446],[75.35819,11.98482],[75.35838,11.98496],[75.359,11.98532],[75.36003,11.9855],[75.36069,11.98573],[75.36151,11.98653],[75.36238,11.98702],[75.36298,11.98716],[75.36345,11.98703],[75.36386,11.98692],[75.36432,11.98657],[75.36483,11.98623],[75.36537,11.98627],[75.36613,11.98655],[75.36669,11.98704],[75.36718,11.98742],[75.36795,11.98786],[75.36885,11.98799],[75.36931,11.98793],[75.37013,11.98839],[75.37063,11.98835],[75.37083,11.98833],[75.37168,11.98835],[75.37306,11.98839],[75.37453,11.98871],[75.37497,11.98877],[75.37583,11.98871],[75.37681,11.98867],[75.37772,11.98849],[75.37855,11.98819],[75.37894,11.9877],[75.37898,11.9872],[75.37879,11.98659],[75.37834,11.98573],[75.37807,11.9852],[75.37803,11.98472],[75.37793,11.98395],[75.3782,11.98345],[75.37857,11.98296],[75.37859,11.98252],[75.37849,11.98229],[75.37836,11.98199],[75.37799,11.98149],[75.37787,11.98088],[75.37793,11.98012],[75.37787,11.97965],[75.37754,11.97916],[75.3771,11.97867],[75.37684,11.97814],[75.37679,11.97764],[75.37694,11.97718],[75.37811,11.97647],[75.37879,11.97606],[75.38144,11.97617],[75.38183,11.97619],[75.38325,11.97543],[75.38452,11.97224],[75.3868,11.97236],[75.38754,11.97236],[75.38888,11.97237],[75.38973,11.97251],[75.39112,11.97282],[75.39191,11.97292],[75.39301,11.97321],[75.39407,11.97349],[75.39512,11.97378],[75.39588,11.97418],[75.39712,11.97492]]]]}},{"type":"Feature","properties":{"name":"Koyilandi","level":"6"},"geometry":{"type":"MultiPolygon","coordinates":[[[[75.61278,11.56535],[75.60887,11.56408],[75.60878,11.56403],[75.60869,11.564],[75.60809,11.5638],[75.60674,11.56412],[75.60632,11.56431],[75.6046,11.56508],[75.60392,11.5653],[75.60335,11.56543],[75.6023,11.56571],[75.6013,11.56619],[75.60017,11.56697],[75.59996,11.5671],[75.59907,11.56762],[75.59721,11.56888],[75.59613,11.56931],[75.59414,11.57012],[75.59216,11.57072],[75.5906,11.57124],[75.58985,11.56923],[75.58966,11.56517],[75.59068,11.56241],[75.59073,11.5619],[75.59082,11.56115],[75.59109,11.56016],[75.59155,11.55884],[75.59231,11.55675],[75.59254,11.55604],[75.59285,11.55504],[75.59373,11.55328],[75.59417,11.55171],[75.59494,11.55004],[75.59569,11.54789],[75.59588,11.54691],[75.59605,11.54596],[75.59629,11.54543],[75.59765,11.54176],[75.59884,11.53854],[75.599,11.53813],[75.59994,11.53572],[75.60054,11.53431],[75.60154,11.53148],[75.60192,11.5305],[75.60247,11.52913],[75.60314,11.52746],[75.60399,11.52518],[75.60499,11.52255],[75.60508,11.52229],[75.60696,11.5173],[75.6078,11.51508],[75.60822,11.51384],[75.6085,11.51302],[75.60872,11.51243],[75.60891,11.51191],[75.60952,11.51037],[75.60999,11.50914],[75.6102,11.5085],[75.61084,11.5066],[75.61139,11.50498],[75.61189,11.50359],[75.61217,11.50272],[75.61283,11.50105],[75.6134,11.4993],[75.61349,11.49904],[75.61363,11.49861],[75.61403,11.49741],[75.6144,11.49613],[75.6145,11.49587],[75.61473,11.49512],[75.61501,11.49425],[75.61522,11.49318],[75.61557,11.49229],[75.61611,11.49083],[75.61672,11.48911],[75.61705,11.48801],[75.61717,11.48758],[75.61754,11.48615],[75.61781,11.48486],[75.61809,11.48355],[75.6183,11.48256],[75.61834,11.48234],[75.61835,11.48025],[75.61816,11.47971],[75.61785,11.47879],[75.61768,11.47831],[75.61712,11.47756],[75.6171,11.47749],[75.61717,11.47731],[75.61783,11.47688],[75.61923,11.47605],[75.61977,11.47557],[75.62025,11.47494],[75.62061,11.47467],[75.62128,11.47446],[75.6217,11.47458],[75.62265,11.47475],[75.62333,11.47475],[75.62458,11.47448],[75.62555,11.4741],[75.62679,11.47322],[75.6284,11.4716],[75.62936,11.47029],[75.6301,11.46907],[75.63022,11.4689],[75.63037,11.46871],[75.63051,11.46854],[75.63057,11.46837],[75.63064,11.46823],[75.63063,11.46814],[75.63064,11.46791],[75.63104,11.46731],[75.63175,11.4667],[75.63206,11.46622],[75.63231,11.46582],[75.63243,11.46533],[75.6324,11.46472],[75.63239,11.46443],[75.63265,11.46398],[75.63284,11.46363],[75.63283,11.46341],[75.63273,11.46315],[75.6328,11.46307],[75.63297,11.46297],[75.63344,11.46281],[75.63373,11.46263],[75.63386,11.46239],[75.63412,11.46222],[75.63415,11.46197],[75.63417,11.46176],[75.63426,11.46175],[75.63435,11.46174],[75.63446,11.46181],[75.63469,11.46206],[75.6348,11.46221],[75.6349,11.46223],[75.63506,11.46224],[75.6353,11.4622],[75.63566,11.46206],[75.6358,11.46205],[75.6362,11.462],[75.63668,11.46194],[75.63696,11.4619],[75.63723,11.46193],[75.63743,11.46208],[75.63765,11.46253],[75.63772,11.46273],[75.63773,11.46291],[75.63764,11.46324],[75.63747,11.46354],[75.63728,11.46377],[75.63737,11.46414],[75.63754,11.46433],[75.63784,11.46461],[75.63856,11.46508],[75.63908,11.46533],[75.63936,11.46551],[75.64002,11.4657],[75.64045,11.46583],[75.64097,11.4659],[75.64153,11.46589],[75.64205,11.46596],[75.6425,11.46617],[75.64278,11.4663],[75.64329,11.46643],[75.64412,11.46681],[75.64482,11.46709],[75.64499,11.46721],[75.64562,11.46735],[75.64631,11.46744],[75.64708,11.46742],[75.64759,11.46737],[75.64808,11.46731],[75.64869,11.46724],[75.64925,11.46718],[75.64963,11.46712],[75.65019,11.46708],[75.6507,11.46697],[75.65116,11.46682],[75.65155,11.4667],[75.6518,11.46684],[75.65191,11.46683],[75.65193,11.46672],[75.65195,11.46659],[75.65209,11.46658],[75.65216,11.46668],[75.65219,11.46683],[75.65227,11.46691],[75.65249,11.46688],[75.65264,11.4668],[75.65302,11.46672],[75.6537,11.46646],[75.65421,11.46628],[75.65466,11.46609],[75.65522,11.46581],[75.6556,11.46567],[75.65605,11.46545],[75.65658,11.46515],[75.65707,11.46491],[75.65755,11.46466],[75.65786,11.4644],[75.65822,11.46417],[75.65872,11.46392],[75.65896,11.46371],[75.65914,11.46351],[75.65949,11.46324],[75.65969,11.46314],[75.65977,11.46294],[75.65984,11.46275],[75.65999,11.46261],[75.66032,11.46244],[75.66072,11.4623],[75.66082,11.46227],[75.66125,11.46211],[75.66187,11.46214],[75.66217,11.46206],[75.66247,11.46203],[75.663,11.46193],[75.66325,11.46192],[75.6636,11.46204],[75.66372,11.46219],[75.66391,11.46227],[75.66435,11.46207],[75.6646,11.46174],[75.66536,11.46103],[75.66579,11.4607],[75.66632,11.46026],[75.66674,11.45986],[75.66707,11.45955],[75.66746,11.45922],[75.66781,11.45891],[75.66816,11.45863],[75.66855,11.45819],[75.66892,11.45785],[75.66926,11.45751],[75.66961,11.45717],[75.66994,11.4568],[75.6703,11.45657],[75.67049,11.45636],[75.67057,11.45627],[75.67093,11.45586],[75.67152,11.45531],[75.67193,11.45483],[75.6723,11.45445],[75.67271,11.45401],[75.67293,11.45376],[75.67308,11.45371],[75.67315,11.45366],[75.67317,11.45349],[75.67333,11.45324],[75.67381,11.45282],[75.67394,11.45266],[75.67417,11.4524],[75.67469,11.45181],[75.67488,11.45151],[75.67502,11.45125],[75.67526,11.451],[75.67537,11.45084],[75.67555,11.45065],[75.67576,11.45047],[75.67598,11.45033],[75.67613,11.4503],[75.6763,11.4503],[75.67638,11.45031],[75.67644,11.4504],[75.67656,11.45041],[75.67659,11.45047],[75.67664,11.45045],[75.67663,11.45031],[75.67668,11.45024],[75.6767,11.45022],[75.67679,11.45012],[75.67686,11.45002],[75.67701,11.44987],[75.67702,11.44986],[75.67702,11.44972],[75.67704,11.44959],[75.67709,11.44958],[75.67717,11.44957],[75.67719,11.4496],[75.67722,11.44959],[75.67724,11.44957],[75.67734,11.44957],[75.67741,11.44961],[75.67746,11.44973],[75.67745,11.44981],[75.67773,11.44981],[75.67779,11.4497],[75.67788,11.44961],[75.67796,11.44957],[75.67805,11.4495],[75.67808,11.44951],[75.67809,11.44956],[75.67807,11.44965],[75.67804,11.44973],[75.67801,11.44982],[75.67801,11.44992],[75.67805,11.45007],[75.67813,11.4502],[75.67816,11.45031],[75.67831,11.45049],[75.67854,11.45066],[75.67885,11.45077],[75.67932,11.45079],[75.6797,11.45073],[75.68,11.45063],[75.68048,11.45041],[75.6808,11.45021],[75.68093,11.45013],[75.68107,11.45007],[75.6812,11.45001],[75.68136,11.44989],[75.68155,11.44973],[75.68174,11.44957],[75.68191,11.4494],[75.68215,11.44916],[75.68238,11.44889],[75.68384,11.44656],[75.68404,11.44615],[75.68482,11.44502],[75.68525,11.44442],[75.68558,11.44387],[75.68574,11.44366],[75.68598,11.44333],[75.68626,11.44282],[75.68665,11.44219],[75.68702,11.44167],[75.68735,11.44115],[75.68769,11.44065],[75.68776,11.44054],[75.68792,11.44024],[75.68806,11.44002],[75.68824,11.43964],[75.68861,11.43895],[75.6888,11.43837],[75.68896,11.43794],[75.689,11.43781],[75.68906,11.4375],[75.68913,11.43743],[75.68937,11.43759],[75.68948,11.4376],[75.68963,11.43754],[75.6899,11.4372],[75.69015,11.43679],[75.69041,11.43634],[75.69066,11.43598],[75.69074,11.43591],[75.6908,11.4359],[75.69089,11.43592],[75.69099,11.43576],[75.69092,11.43563],[75.69093,11.43557],[75.69097,11.43549],[75.69121,11.43512],[75.6913,11.43492],[75.69134,11.4348],[75.69149,11.43452],[75.69159,11.43435],[75.69176,11.43396],[75.69178,11.43386],[75.69158,11.43363],[75.69154,11.43352],[75.69154,11.43339],[75.69156,11.43317],[75.69169,11.43303],[75.69192,11.43292],[75.69213,11.43274],[75.69216,11.4327],[75.69219,11.43267],[75.69215,11.43259],[75.69214,11.4325],[75.69254,11.43207],[75.69297,11.43155],[75.69341,11.43107],[75.69383,11.43059],[75.69423,11.4301],[75.6946,11.42958],[75.69469,11.42945],[75.6949,11.42917],[75.69523,11.4287],[75.69561,11.42809],[75.69595,11.42755],[75.69613,11.42732],[75.69618,11.4271],[75.69646,11.42657],[75.69678,11.42601],[75.69703,11.42557],[75.69715,11.42534],[75.69734,11.42502],[75.69763,11.42446],[75.69791,11.4239],[75.69817,11.42343],[75.69849,11.42292],[75.69874,11.42243],[75.69904,11.42188],[75.69933,11.42139],[75.69959,11.42084],[75.69986,11.4204],[75.70152,11.41746],[75.70159,11.41742],[75.70175,11.41709],[75.70198,11.41671],[75.7024,11.41601],[75.70268,11.41549],[75.70309,11.41463],[75.70342,11.41398],[75.70346,11.41391],[75.70379,11.41328],[75.70421,11.41249],[75.70452,11.4119],[75.70492,11.41109],[75.70519,11.41049],[75.70572,11.40943],[75.70599,11.40882],[75.70623,11.40836],[75.70652,11.40777],[75.7074,11.40595],[75.70798,11.40486],[75.70906,11.40273],[75.70943,11.40199],[75.70983,11.4012],[75.70993,11.40098],[75.71017,11.40046],[75.71044,11.39989],[75.71055,11.39964],[75.71065,11.39937],[75.7107,11.39925],[75.71076,11.39914],[75.71085,11.39897],[75.71093,11.39881],[75.711,11.39867],[75.71109,11.39853],[75.71114,11.39847],[75.71125,11.39827],[75.7115,11.39788],[75.71151,11.39782],[75.71151,11.39778],[75.71146,11.3977],[75.71141,11.39764],[75.71131,11.39756],[75.71122,11.39753],[75.71119,11.39747],[75.71122,11.3974],[75.71133,11.39741],[75.71139,11.3974],[75.71141,11.39736],[75.7114,11.39728],[75.71141,11.39718],[75.7114,11.39709],[75.71144,11.39703],[75.71148,11.39695],[75.71148,11.39686],[75.71156,11.39671],[75.71163,11.3967],[75.71179,11.39676],[75.71187,11.39676],[75.71195,11.39667],[75.71211,11.39643],[75.71223,11.39614],[75.71244,11.39574],[75.71274,11.39519],[75.71302,11.39462],[75.71323,11.39423],[75.71329,11.39411],[75.7133,11.39407],[75.71326,11.394],[75.71319,11.39393],[75.71302,11.3938],[75.71297,11.39367],[75.71291,11.3936],[75.71293,11.39351],[75.713,11.39347],[75.7131,11.39332],[75.71326,11.39326],[75.71336,11.39327],[75.71347,11.39335],[75.71361,11.39349],[75.71367,11.39354],[75.71374,11.39354],[75.7138,11.39347],[75.71386,11.39343],[75.71395,11.39348],[75.71408,11.39365],[75.71416,11.39378],[75.71425,11.39385],[75.71433,11.39383],[75.71448,11.39369],[75.7146,11.39356],[75.71467,11.39347],[75.71476,11.39339],[75.71487,11.39325],[75.71498,11.39314],[75.71519,11.3928],[75.71528,11.39271],[75.71534,11.39257],[75.71541,11.39245],[75.71548,11.39238],[75.71552,11.3923],[75.71553,11.39222],[75.71562,11.3921],[75.71565,11.39202],[75.71571,11.39185],[75.71581,11.39172],[75.71585,11.39155],[75.71593,11.39142],[75.71595,11.39129],[75.71601,11.39113],[75.7161,11.39104],[75.71614,11.39081],[75.71622,11.39075],[75.71626,11.39064],[75.71628,11.39056],[75.71639,11.39035],[75.71644,11.39022],[75.71651,11.39],[75.71669,11.38961],[75.71678,11.3894],[75.71713,11.38863],[75.7177,11.38747],[75.71807,11.38653],[75.71824,11.38601],[75.71827,11.38591],[75.71863,11.38528],[75.71878,11.38482],[75.7189,11.38445],[75.71895,11.38435],[75.71899,11.38423],[75.71922,11.384],[75.71943,11.38379],[75.7197,11.38324],[75.71987,11.38276],[75.71987,11.38258],[75.72001,11.3824],[75.72015,11.38222],[75.72029,11.38193],[75.72039,11.38173],[75.72049,11.38154],[75.72057,11.38133],[75.72064,11.38109],[75.72065,11.38098],[75.72053,11.38087],[75.72055,11.38078],[75.72106,11.38001],[75.72145,11.37925],[75.72192,11.37839],[75.72236,11.37747],[75.72291,11.37605],[75.72321,11.37538],[75.72347,11.37481],[75.72388,11.37385],[75.72445,11.37255],[75.72502,11.37136],[75.72533,11.37076],[75.72582,11.36966],[75.72615,11.36893],[75.72631,11.36857],[75.7268,11.36741],[75.72687,11.36732],[75.72697,11.36724],[75.7271,11.36712],[75.72719,11.36689],[75.72752,11.36589],[75.72767,11.3654],[75.72806,11.36473],[75.72831,11.36408],[75.72899,11.36242],[75.72946,11.3613],[75.72968,11.36076],[75.7303,11.35929],[75.731,11.35772],[75.7316,11.3565],[75.73177,11.35609],[75.73242,11.3547],[75.73304,11.35325],[75.73318,11.35299],[75.7333,11.3527],[75.73353,11.35221],[75.73367,11.35203],[75.73417,11.35266],[75.73403,11.35336],[75.73402,11.35424],[75.73404,11.35514],[75.73408,11.35534],[75.73418,11.35591],[75.73462,11.35652],[75.73532,11.35698],[75.73652,11.35694],[75.73772,11.35663],[75.73846,11.35641],[75.73964,11.35601],[75.74035,11.35561],[75.74113,11.35553],[75.74136,11.35551],[75.74247,11.35587],[75.74258,11.35591],[75.74331,11.35656],[75.74365,11.35753],[75.74391,11.35906],[75.74483,11.3602],[75.74625,11.36146],[75.74728,11.36239],[75.74672,11.36431],[75.74658,11.36547],[75.74685,11.36609],[75.747,11.36704],[75.74676,11.36885],[75.74683,11.37027],[75.75022,11.36998],[75.75245,11.37011],[75.75359,11.36931],[75.755,11.36862],[75.7567,11.36815],[75.75822,11.36853],[75.75938,11.36929],[75.76022,11.36969],[75.76133,11.3711],[75.7616,11.37399],[75.76174,11.37556],[75.76213,11.37819],[75.76223,11.37888],[75.76326,11.37969],[75.76335,11.37976],[75.76545,11.38029],[75.76792,11.38002],[75.77112,11.38016],[75.77306,11.38031],[75.77612,11.38054],[75.77782,11.38216],[75.77949,11.38374],[75.78172,11.38513],[75.78245,11.38612],[75.78017,11.39224],[75.78017,11.39267],[75.77964,11.3938],[75.77942,11.39586],[75.77971,11.39641],[75.78037,11.39769],[75.78097,11.39882],[75.7817,11.40203],[75.78217,11.40408],[75.78264,11.40865],[75.78293,11.40955],[75.78365,11.41174],[75.78521,11.41281],[75.78474,11.41399],[75.78371,11.41456],[75.78343,11.41838],[75.78322,11.42034],[75.78234,11.42158],[75.78146,11.42249],[75.78037,11.4241],[75.78089,11.4248],[75.78416,11.42434],[75.7853,11.424],[75.78601,11.42286],[75.78631,11.42143],[75.78618,11.4199],[75.78695,11.41912],[75.78833,11.41925],[75.78964,11.41939],[75.79115,11.41912],[75.79165,11.41904],[75.79239,11.41875],[75.79339,11.41836],[75.79491,11.41813],[75.79627,11.41819],[75.79753,11.41859],[75.79848,11.42005],[75.79959,11.42047],[75.80101,11.4203],[75.80176,11.41845],[75.80172,11.41742],[75.80172,11.41655],[75.80209,11.41642],[75.80339,11.41594],[75.80418,11.41622],[75.80448,11.4174],[75.80446,11.41885],[75.80483,11.42063],[75.8051,11.42079],[75.80588,11.42124],[75.80785,11.42122],[75.80824,11.4213],[75.80925,11.4215],[75.80987,11.42204],[75.81004,11.4232],[75.81021,11.42612],[75.81288,11.42612],[75.81669,11.42612],[75.81815,11.42814],[75.81908,11.42943],[75.82184,11.43161],[75.82204,11.4324],[75.82214,11.43281],[75.82281,11.43599],[75.82429,11.43725],[75.82485,11.43881],[75.82545,11.44005],[75.82682,11.44038],[75.82925,11.44034],[75.83078,11.44056],[75.83161,11.44068],[75.83281,11.44326],[75.83344,11.44438],[75.83373,11.44491],[75.83403,11.44586],[75.83396,11.44616],[75.83601,11.44563],[75.83613,11.44515],[75.83606,11.44432],[75.83613,11.44375],[75.83616,11.44301],[75.83616,11.44237],[75.83612,11.43951],[75.83604,11.43895],[75.83645,11.43761],[75.83643,11.43719],[75.83637,11.43586],[75.83474,11.43599],[75.83287,11.43409],[75.83328,11.4314],[75.83429,11.43035],[75.8364,11.42984],[75.83849,11.42957],[75.84094,11.42865],[75.84243,11.42632],[75.8435,11.42571],[75.84409,11.42532],[75.84527,11.42521],[75.8463,11.42421],[75.84664,11.42388],[75.84882,11.4229],[75.85147,11.42242],[75.85182,11.42136],[75.85283,11.42051],[75.85229,11.4195],[75.85166,11.4186],[75.85054,11.41763],[75.84884,11.41619],[75.84848,11.41507],[75.84814,11.41401],[75.84843,11.41261],[75.84848,11.41199],[75.84974,11.41059],[75.85051,11.4102],[75.85109,11.40991],[75.85384,11.40936],[75.85506,11.40785],[75.85696,11.40687],[75.85818,11.40726],[75.86019,11.40797],[75.86268,11.4088],[75.86347,11.4095],[75.86414,11.40994],[75.86415,11.41194],[75.86422,11.41335],[75.86482,11.41415],[75.86592,11.41415],[75.86662,11.41338],[75.86685,11.4119],[75.86826,11.41096],[75.87082,11.41076],[75.8718,11.41013],[75.87268,11.40943],[75.87306,11.40912],[75.87426,11.40807],[75.87514,11.40752],[75.87579,11.40692],[75.87712,11.4067],[75.87832,11.40724],[75.87939,11.40685],[75.88034,11.40618],[75.88078,11.40594],[75.88201,11.40559],[75.88263,11.40613],[75.88261,11.40765],[75.88262,11.40936],[75.88398,11.40969],[75.88514,11.40972],[75.88658,11.40998],[75.88865,11.4107],[75.88946,11.41063],[75.89036,11.4102],[75.89149,11.41045],[75.89199,11.41162],[75.89218,11.41236],[75.8948,11.41191],[75.89647,11.41363],[75.89727,11.41645],[75.89929,11.41608],[75.90089,11.41724],[75.90184,11.41857],[75.90455,11.41856],[75.90499,11.41819],[75.9056,11.41767],[75.90659,11.41648],[75.90836,11.41746],[75.90969,11.41783],[75.91016,11.4177],[75.91212,11.41716],[75.91403,11.41794],[75.91382,11.41876],[75.9136,11.41958],[75.91282,11.42136],[75.91179,11.4234],[75.90991,11.42672],[75.90906,11.42838],[75.90846,11.42956],[75.90806,11.43036],[75.90757,11.43131],[75.90671,11.4322],[75.90536,11.43286],[75.90515,11.43302],[75.90485,11.43311],[75.90445,11.43334],[75.90439,11.43387],[75.90441,11.43513],[75.90449,11.43566],[75.90459,11.43633],[75.90459,11.43696],[75.90459,11.43727],[75.90507,11.43849],[75.90514,11.43853],[75.90645,11.43959],[75.90659,11.44045],[75.90686,11.44158],[75.90692,11.44198],[75.90706,11.44277],[75.90707,11.44328],[75.90708,11.44403],[75.90691,11.4466],[75.90748,11.44943],[75.90706,11.45096],[75.90676,11.45177],[75.90557,11.45359],[75.90516,11.45433],[75.90446,11.45527],[75.90364,11.45639],[75.90291,11.45706],[75.90233,11.45874],[75.90224,11.46015],[75.90096,11.46249],[75.901,11.46431],[75.90102,11.46526],[75.90296,11.46791],[75.9033,11.46987],[75.90342,11.47167],[75.90433,11.47619],[75.90502,11.47809],[75.90583,11.47958],[75.90545,11.48232],[75.90571,11.48281],[75.90735,11.48478],[75.90797,11.48553],[75.9087,11.48695],[75.90883,11.48722],[75.90864,11.48953],[75.90781,11.49047],[75.90705,11.49132],[75.90585,11.49298],[75.9057,11.49321],[75.90508,11.49474],[75.90505,11.49467],[75.9037,11.49613],[75.90169,11.49689],[75.90045,11.49728],[75.89991,11.49746],[75.89875,11.4982],[75.89735,11.49933],[75.89687,11.50108],[75.89666,11.50207],[75.89602,11.50271],[75.89611,11.50353],[75.8959,11.50423],[75.89652,11.50503],[75.89616,11.51087],[75.89969,11.51363],[75.90542,11.51421],[75.91355,11.51159],[75.91729,11.51218],[75.92008,11.51207],[75.92287,11.51104],[75.92647,11.50875],[75.92782,11.50793],[75.92952,11.50801],[75.93166,11.50709],[75.93321,11.50589],[75.9343,11.50532],[75.93675,11.50423],[75.93849,11.50448],[75.93999,11.50515],[75.94018,11.50524],[75.94143,11.50593],[75.94221,11.50678],[75.94754,11.51255],[75.9528,11.51569],[75.96121,11.52452],[75.96625,11.52883],[75.97271,11.53438],[75.9767,11.53839],[75.9798,11.54155],[75.97986,11.5416],[75.97917,11.54215],[75.97694,11.54393],[75.97671,11.54416],[75.97502,11.54581],[75.97449,11.54634],[75.97378,11.54718],[75.97294,11.54826],[75.97126,11.55072],[75.96879,11.55276],[75.96608,11.55544],[75.96528,11.55601],[75.96429,11.5567],[75.96161,11.55811],[75.95876,11.55951],[75.95876,11.55982],[75.95905,11.56043],[75.95942,11.56151],[75.9593,11.56335],[75.95922,11.56381],[75.95912,11.56473],[75.95886,11.56586],[75.95892,11.56679],[75.95869,11.5674],[75.95828,11.56785],[75.95766,11.5683],[75.95757,11.5686],[75.95802,11.56938],[75.95816,11.5703],[75.95806,11.57091],[75.95782,11.57152],[75.95727,11.57235],[75.95811,11.57335],[75.95817,11.57367],[75.95824,11.57421],[75.95814,11.57482],[75.95775,11.57535],[75.95712,11.57579],[75.95641,11.57609],[75.95571,11.5763],[75.95531,11.57683],[75.95507,11.57744],[75.95459,11.57804],[75.95406,11.57882],[75.95385,11.57904],[75.95365,11.57932],[75.95317,11.57985],[75.95268,11.58031],[75.9519,11.58085],[75.95089,11.58104],[75.95028,11.5808],[75.94811,11.5803],[75.94742,11.57991],[75.9472,11.57998],[75.94656,11.58081],[75.94601,11.58118],[75.94463,11.58164],[75.94047,11.58371],[75.94025,11.58437],[75.94,11.5852],[75.93922,11.58718],[75.93877,11.58837],[75.93837,11.58939],[75.93794,11.58962],[75.93732,11.5896],[75.93635,11.58953],[75.93579,11.58971],[75.93497,11.58994],[75.93488,11.58999],[75.93437,11.59035],[75.93373,11.5903],[75.93281,11.59005],[75.93168,11.58969],[75.93065,11.58953],[75.92947,11.59011],[75.92838,11.5911],[75.92768,11.5919],[75.92725,11.59286],[75.9268,11.59218],[75.92614,11.59234],[75.92461,11.59246],[75.92384,11.59209],[75.92282,11.59234],[75.92123,11.59372],[75.91905,11.59435],[75.91823,11.59508],[75.91788,11.59635],[75.91721,11.59801],[75.9166,11.59902],[75.91559,11.59983],[75.9147,11.60037],[75.9136,11.60063],[75.91271,11.60069],[75.91021,11.60105],[75.90922,11.6017],[75.90857,11.60245],[75.90811,11.60349],[75.90756,11.60614],[75.90708,11.60784],[75.90634,11.60934],[75.90629,11.61102],[75.90588,11.61248],[75.90517,11.6137],[75.90449,11.61437],[75.90289,11.6152],[75.90223,11.61567],[75.90198,11.61639],[75.90184,11.6176],[75.90139,11.61988],[75.90003,11.62095],[75.89875,11.62201],[75.89827,11.6226],[75.89817,11.62312],[75.89811,11.62361],[75.89807,11.62422],[75.89799,11.6255],[75.89826,11.62638],[75.89851,11.62701],[75.89958,11.62871],[75.89969,11.62974],[75.8997,11.63091],[75.89965,11.63212],[75.89979,11.63292],[75.90002,11.63501],[75.90006,11.63583],[75.89948,11.63774],[75.89845,11.64009],[75.898,11.64143],[75.89765,11.6424],[75.89795,11.6433],[75.89928,11.64442],[75.90006,11.64593],[75.90068,11.64728],[75.90308,11.65085],[75.90349,11.65266],[75.90349,11.65444],[75.90347,11.65585],[75.90334,11.65701],[75.90422,11.65797],[75.90549,11.66062],[75.90538,11.66319],[75.90499,11.66491],[75.9042,11.66899],[75.90396,11.66943],[75.90252,11.67216],[75.90177,11.67413],[75.90139,11.67556],[75.90188,11.6775],[75.8986,11.6784],[75.89248,11.67607],[75.89222,11.67597],[75.8821,11.67224],[75.87739,11.67048],[75.87411,11.66926],[75.86478,11.66611],[75.86131,11.66486],[75.85746,11.66348],[75.85281,11.66195],[75.85248,11.66184],[75.85027,11.6611],[75.84982,11.66108],[75.84725,11.66096],[75.845,11.6597],[75.8436,11.65741],[75.84532,11.65522],[75.84457,11.65413],[75.84337,11.65343],[75.84182,11.65287],[75.84064,11.6515],[75.83809,11.64795],[75.83738,11.64744],[75.8358,11.64667],[75.83341,11.64694],[75.83052,11.64397],[75.8271,11.64202],[75.82502,11.64107],[75.8238,11.64066],[75.82308,11.64042],[75.8215,11.63929],[75.82054,11.63926],[75.81877,11.63921],[75.81682,11.63965],[75.81254,11.63952],[75.81167,11.63847],[75.81011,11.63689],[75.80863,11.63586],[75.80738,11.63515],[75.80699,11.63381],[75.80639,11.6337],[75.80558,11.63282],[75.80396,11.63098],[75.80232,11.62903],[75.80103,11.62697],[75.80003,11.62596],[75.79924,11.62541],[75.79725,11.62407],[75.79474,11.62455],[75.79278,11.62493],[75.79023,11.62426],[75.78673,11.62406],[75.786,11.62443],[75.785,11.62494],[75.7828,11.62683],[75.78232,11.62815],[75.78227,11.62845],[75.78214,11.62937],[75.78125,11.63084],[75.78031,11.63249],[75.77919,11.63334],[75.77769,11.6345],[75.77748,11.6358],[75.7773,11.6368],[75.77678,11.63974],[75.77673,11.64003],[75.77645,11.64045],[75.77544,11.64107],[75.77477,11.64114],[75.77443,11.64112],[75.77291,11.641],[75.7714,11.64227],[75.76982,11.64324],[75.76821,11.64422],[75.76604,11.6453],[75.76384,11.64648],[75.76318,11.6468],[75.7615,11.64927],[75.76007,11.65006],[75.75956,11.65034],[75.7578,11.65133],[75.75632,11.65171],[75.75553,11.65115],[75.755,11.65005],[75.75478,11.64967],[75.75417,11.64862],[75.75326,11.64619],[75.75346,11.64416],[75.75354,11.64328],[75.75376,11.64219],[75.75347,11.64091],[75.75326,11.63929],[75.7517,11.63642],[75.75084,11.63523],[75.75024,11.6336],[75.74876,11.63191],[75.7485,11.6313],[75.74829,11.6308],[75.74852,11.62729],[75.74852,11.62408],[75.74817,11.62288],[75.74702,11.62196],[75.74586,11.62125],[75.74449,11.6204],[75.74287,11.61818],[75.74224,11.61648],[75.74211,11.61464],[75.74296,11.61342],[75.74302,11.61274],[75.74309,11.61178],[75.74307,11.61012],[75.74251,11.60884],[75.742,11.60743],[75.74181,11.60699],[75.74099,11.60516],[75.74136,11.60167],[75.74208,11.60017],[75.74243,11.59944],[75.74376,11.59707],[75.74404,11.59615],[75.74422,11.59555],[75.74391,11.5932],[75.74303,11.59274],[75.74144,11.59286],[75.74117,11.59288],[75.74007,11.59297],[75.73846,11.59389],[75.7364,11.59547],[75.73275,11.5966],[75.7305,11.59767],[75.72752,11.59843],[75.72653,11.5987],[75.72438,11.59994],[75.72036,11.60111],[75.71906,11.60148],[75.71779,11.60186],[75.71596,11.60153],[75.71496,11.6012],[75.71372,11.60081],[75.71259,11.60044],[75.71073,11.60041],[75.70814,11.60127],[75.7057,11.60252],[75.70449,11.60263],[75.70421,11.60266],[75.7036,11.60215],[75.70265,11.5988],[75.7002,11.59625],[75.69953,11.59551],[75.69684,11.59343],[75.69558,11.59221],[75.69505,11.59018],[75.69341,11.58619],[75.69324,11.58577],[75.69261,11.58372],[75.69267,11.58199],[75.69245,11.5809],[75.69175,11.57963],[75.69125,11.57871],[75.68956,11.57581],[75.68822,11.57273],[75.6867,11.57167],[75.68638,11.57145],[75.68238,11.57054],[75.68135,11.57021],[75.67913,11.5695],[75.67769,11.56791],[75.67655,11.56586],[75.67606,11.56499],[75.67449,11.56312],[75.67294,11.56029],[75.67333,11.55874],[75.67451,11.55734],[75.67597,11.55628],[75.67809,11.55409],[75.67843,11.5525],[75.67823,11.55067],[75.67786,11.54785],[75.67615,11.54476],[75.67488,11.54303],[75.67171,11.53982],[75.66918,11.53683],[75.66874,11.53622],[75.66829,11.53558],[75.66671,11.53418],[75.66548,11.53259],[75.66378,11.53111],[75.66195,11.53032],[75.6602,11.5302],[75.65842,11.53026],[75.65741,11.52986],[75.65622,11.52851],[75.65499,11.52743],[75.65388,11.52743],[75.65293,11.5275],[75.65157,11.52784],[75.64966,11.52826],[75.64636,11.52925],[75.64599,11.52943],[75.64335,11.53017],[75.64191,11.53057],[75.64145,11.53242],[75.64054,11.53477],[75.64025,11.53551],[75.6381,11.53587],[75.636,11.53572],[75.63584,11.53573],[75.634,11.53586],[75.63323,11.53591],[75.63154,11.53623],[75.63009,11.53673],[75.62775,11.53733],[75.6271,11.53791],[75.62527,11.53955],[75.62513,11.53988],[75.62371,11.54323],[75.62273,11.54564],[75.62111,11.54762],[75.62019,11.54937],[75.62007,11.54987],[75.61912,11.55219],[75.61926,11.55377],[75.6204,11.55523],[75.62117,11.55588],[75.62261,11.55706],[75.62342,11.55826],[75.62266,11.56017],[75.62242,11.56078],[75.61887,11.56457],[75.61794,11.56518],[75.61601,11.56562],[75.61506,11.56586],[75.61498,11.56588],[75.61278,11.56535]]]]}},{"type":"Feature","properties":{"name":"Vadakara","level":"6"},"geometry":{"type":"MultiPolygon","coordinates":[[[[75.61278,11.56535],[75.61498,11.56588],[75.61506,11.56586],[75.61601,11.56562],[75.61794,11.56518],[75.61887,11.56457],[75.62242,11.56078],[75.62266,11.56017],[75.62342,11.55826],[75.62261,11.55706],[75.62117,11.55588],[75.6204,11.55523],[75.61926,11.55377],[75.61912,11.55219],[75.62007,11.54987],[75.62019,11.54937],[75.62111,11.54762],[75.62273,11.54564],[75.62371,11.54323],[75.62513,11.53988],[75.62527,11.53955],[75.6271,11.53791],[75.62775,11.53733],[75.63009,11.53673],[75.63154,11.53623],[75.63323,11.53591],[75.634,11.53586],[75.63584,11.53573],[75.636,11.53572],[75.6381,11.53587],[75.64025,11.53551],[75.64054,11.53477],[75.64145,11.53242],[75.64191,11.53057],[75.64335,11.53017],[75.64599,11.52943],[75.64636,11.52925],[75.64966,11.52826],[75.65157,11.52784],[75.65293,11.5275],[75.65388,11.52743],[75.65499,11.52743],[75.65622,11.52851],[75.65741,11.52986],[75.65842,11.53026],[75.6602,11.5302],[75.66195,11.53032],[75.66378,11.53111],[75.66548,11.53259],[75.66671,11.53418],[75.66829,11.53558],[75.66874,11.53622],[75.66918,11.53683],[75.67171,11.53982],[75.67488,11.54303],[75.67615,11.54476],[75.67786,11.54785],[75.67823,11.55067],[75.67843,11.5525],[75.67809,11.55409],[75.67597,11.55628],[75.67451,11.55734],[75.67333,11.55874],[75.67294,11.56029],[75.67449,11.56312],[75.67606,11.56499],[75.67655,11.56586],[75.67769,11.56791],[75.67913,11.5695],[75.68135,11.57021],[75.68238,11.57054],[75.68638,11.57145],[75.6867,11.57167],[75.68822,11.57273],[75.68956,11.57581],[75.69125,11.57871],[75.69175,11.57963],[75.69245,11.5809],[75.69267,11.58199],[75.69261,11.58372],[75.69324,11.58577],[75.69341,11.58619],[75.69505,11.59018],[75.69558,11.59221],[75.69684,11.59343],[75.69953,11.59551],[75.7002,11.59625],[75.70265,11.5988],[75.7036,11.60215],[75.70421,11.60266],[75.70449,11.60263],[75.7057,11.60252],[75.70814,11.60127],[75.71073,11.60041],[75.71259,11.60044],[75.71372,11.60081],[75.71496,11.6012],[75.71596,11.60153],[75.71779,11.60186],[75.71906,11.60148],[75.72036,11.60111],[75.72438,11.59994],[75.72653,11.5987],[75.72752,11.59843],[75.7305,11.59767],[75.73275,11.5966],[75.7364,11.59547],[75.73846,11.59389],[75.74007,11.59297],[75.74117,11.59288],[75.74144,11.59286],[75.74303,11.59274],[75.74391,11.5932],[75.74422,11.59555],[75.74404,11.59615],[75.74376,11.59707],[75.74243,11.59944],[75.74208,11.60017],[75.74136,11.60167],[75.74099,11.60516],[75.74181,11.60699],[75.742,11.60743],[75.74251,11.60884],[75.74307,11.61012],[75.74309,11.61178],[75.74302,11.61274],[75.74296,11.61342],[75.74211,11.61464],[75.74224,11.61648],[75.74287,11.61818],[75.74449,11.6204],[75.74586,11.62125],[75.74702,11.62196],[75.74817,11.62288],[75.74852,11.62408],[75.74852,11.62729],[75.74829,11.6308],[75.7485,11.6313],[75.74876,11.63191],[75.75024,11.6336],[75.75084,11.63523],[75.7517,11.63642],[75.75326,11.63929],[75.75347,11.64091],[75.75376,11.64219],[75.75354,11.64328],[75.75346,11.64416],[75.75326,11.64619],[75.75417,11.64862],[75.75478,11.64967],[75.755,11.65005],[75.75553,11.65115],[75.75632,11.65171],[75.7578,11.65133],[75.75956,11.65034],[75.76007,11.65006],[75.7615,11.64927],[75.76318,11.6468],[75.76384,11.64648],[75.76604,11.6453],[75.76821,11.64422],[75.76982,11.64324],[75.7714,11.64227],[75.77291,11.641],[75.77443,11.64112],[75.77477,11.64114],[75.77544,11.64107],[75.77645,11.64045],[75.77673,11.64003],[75.77678,11.63974],[75.7773,11.6368],[75.77748,11.6358],[75.77769,11.6345],[75.77919,11.63334],[75.78031,11.63249],[75.78125,11.63084],[75.78214,11.62937],[75.78227,11.62845],[75.78232,11.62815],[75.7828,11.62683],[75.785,11.62494],[75.786,11.62443],[75.78673,11.62406],[75.79023,11.62426],[75.79278,11.62493],[75.79474,11.62455],[75.79725,11.62407],[75.79924,11.62541],[75.80003,11.62596],[75.80103,11.62697],[75.80232,11.62903],[75.80396,11.63098],[75.80558,11.63282],[75.80639,11.6337],[75.80699,11.63381],[75.80738,11.63515],[75.80863,11.63586],[75.81011,11.63689],[75.81167,11.63847],[75.81254,11.63952],[75.81682,11.63965],[75.81877,11.63921],[75.82054,11.63926],[75.8215,11.63929],[75.82308,11.64042],[75.8238,11.64066],[75.82502,11.64107],[75.8271,11.64202],[75.83052,11.64397],[75.83341,11.64694],[75.8358,11.64667],[75.83738,11.64744],[75.83809,11.64795],[75.84064,11.6515],[75.84182,11.65287],[75.84337,11.65343],[75.84457,11.65413],[75.84532,11.65522],[75.8436,11.65741],[75.845,11.6597],[75.84725,11.66096],[75.84982,11.66108],[75.85027,11.6611],[75.85248,11.66184],[75.85281,11.66195],[75.85746,11.66348],[75.86131,11.66486],[75.86478,11.66611],[75.87411,11.66926],[75.87739,11.67048],[75.8821,11.67224],[75.89222,11.67597],[75.89248,11.67607],[75.8986,11.6784],[75.90188,11.6775],[75.90338,11.67907],[75.90461,11.6797],[75.90574,11.68065],[75.90645,11.68168],[75.90737,11.68292],[75.90881,11.68355],[75.91023,11.68382],[75.91375,11.68617],[75.91529,11.68762],[75.91551,11.68895],[75.91476,11.68975],[75.91392,11.69136],[75.9104,11.69307],[75.90819,11.69445],[75.9063,11.695],[75.90469,11.69559],[75.9039,11.69611],[75.90345,11.69641],[75.90188,11.69748],[75.90062,11.69857],[75.89965,11.69887],[75.89836,11.69872],[75.89684,11.69872],[75.89381,11.69912],[75.8922,11.69954],[75.89077,11.6995],[75.88965,11.69927],[75.88925,11.69924],[75.88776,11.69916],[75.88632,11.6992],[75.8851,11.69925],[75.88216,11.69937],[75.88113,11.70071],[75.88019,11.70183],[75.87845,11.70343],[75.87735,11.70429],[75.87605,11.70429],[75.87517,11.70357],[75.87435,11.70256],[75.87353,11.70181],[75.87291,11.70177],[75.87002,11.70183],[75.86757,11.7021],[75.86619,11.70268],[75.86592,11.7028],[75.86493,11.70366],[75.86384,11.70462],[75.86274,11.70471],[75.8615,11.70414],[75.85856,11.70307],[75.85652,11.70233],[75.85392,11.70269],[75.85176,11.70366],[75.85051,11.70448],[75.8465,11.70622],[75.84592,11.70746],[75.84583,11.70988],[75.846,11.71223],[75.84536,11.7141],[75.84339,11.71584],[75.841,11.71803],[75.83873,11.71925],[75.83721,11.71967],[75.83549,11.71965],[75.83289,11.72007],[75.83156,11.72179],[75.83092,11.72324],[75.83062,11.72456],[75.82927,11.72513],[75.82772,11.72574],[75.82747,11.72696],[75.82581,11.72738],[75.82485,11.72776],[75.82384,11.72939],[75.82196,11.73099],[75.82173,11.733],[75.82118,11.73391],[75.81953,11.73406],[75.81759,11.73612],[75.81614,11.73799],[75.81506,11.73931],[75.81399,11.73984],[75.81264,11.73984],[75.81187,11.73982],[75.81144,11.74049],[75.81099,11.74223],[75.80845,11.74211],[75.80652,11.74246],[75.80476,11.74286],[75.80294,11.74351],[75.80191,11.74368],[75.80168,11.74362],[75.79908,11.74297],[75.79749,11.74287],[75.79654,11.74282],[75.7953,11.74282],[75.79453,11.74276],[75.79407,11.743],[75.79407,11.74445],[75.79594,11.74593],[75.79772,11.74673],[75.79888,11.74792],[75.80011,11.74897],[75.80034,11.75114],[75.80017,11.75196],[75.79815,11.75303],[75.79584,11.75341],[75.79423,11.75376],[75.79296,11.75488],[75.78899,11.75776],[75.78584,11.75841],[75.78431,11.75967],[75.78395,11.76141],[75.7847,11.76307],[75.78597,11.76349],[75.78749,11.7641],[75.78816,11.76514],[75.78845,11.76559],[75.78858,11.76706],[75.78996,11.77152],[75.78963,11.77237],[75.78948,11.77273],[75.78845,11.77372],[75.78822,11.77511],[75.78876,11.77601],[75.79026,11.77685],[75.79257,11.77994],[75.7933,11.78296],[75.79401,11.78469],[75.79401,11.78563],[75.79446,11.78899],[75.79381,11.79047],[75.79367,11.7908],[75.79129,11.79246],[75.78856,11.79389],[75.78837,11.79399],[75.78275,11.79754],[75.78186,11.79833],[75.78103,11.79907],[75.77858,11.80048],[75.7771,11.80143],[75.77315,11.80399],[75.77087,11.8039],[75.76564,11.80415],[75.76369,11.80436],[75.76178,11.80502],[75.75991,11.8055],[75.75897,11.80581],[75.75783,11.80596],[75.75583,11.80596],[75.75412,11.8059],[75.75261,11.80577],[75.75122,11.80565],[75.74952,11.80418],[75.74804,11.80151],[75.74746,11.80082],[75.74673,11.80029],[75.74652,11.79909],[75.74751,11.79838],[75.74899,11.79766],[75.75139,11.7964],[75.75201,11.79601],[75.75298,11.79382],[75.75356,11.79271],[75.75416,11.79193],[75.75527,11.79067],[75.75588,11.78964],[75.75615,11.78853],[75.75564,11.78777],[75.75495,11.78676],[75.75399,11.78592],[75.75309,11.78538],[75.75178,11.78466],[75.75012,11.78426],[75.74903,11.78403],[75.74804,11.7842],[75.74723,11.78496],[75.74643,11.78601],[75.74551,11.78794],[75.74126,11.78781],[75.73912,11.7876],[75.73777,11.78771],[75.73652,11.78674],[75.73639,11.78496],[75.73583,11.78359],[75.73485,11.78265],[75.73332,11.78212],[75.73238,11.78216],[75.73078,11.78189],[75.72827,11.78219],[75.72809,11.78408],[75.72752,11.78601],[75.72569,11.78958],[75.724,11.79174],[75.72116,11.79517],[75.71812,11.79691],[75.7134,11.79792],[75.71039,11.79813],[75.70818,11.79786],[75.70752,11.79857],[75.70612,11.79899],[75.70494,11.79899],[75.70368,11.79937],[75.70254,11.80012],[75.70033,11.80038],[75.69847,11.8004],[75.69373,11.80039],[75.69192,11.80019],[75.69123,11.79977],[75.69084,11.79832],[75.69097,11.79689],[75.69099,11.79485],[75.69099,11.79452],[75.69022,11.79338],[75.68793,11.79204],[75.68715,11.78992],[75.68675,11.78813],[75.68638,11.78656],[75.68622,11.78524],[75.68612,11.78441],[75.68552,11.78313],[75.68462,11.78019],[75.68391,11.77801],[75.68314,11.77618],[75.68288,11.77589],[75.68213,11.77509],[75.68112,11.77494],[75.67941,11.77479],[75.67726,11.7746],[75.67374,11.77271],[75.67181,11.7721],[75.67147,11.77197],[75.67052,11.77158],[75.66891,11.7711],[75.66793,11.77023],[75.6672,11.76889],[75.6664,11.76689],[75.66589,11.76429],[75.6652,11.76079],[75.66496,11.76061],[75.66454,11.76029],[75.66359,11.76013],[75.66224,11.76001],[75.66036,11.75989],[75.65923,11.75937],[75.65903,11.7587],[75.65864,11.75802],[75.65817,11.75719],[75.65807,11.75693],[75.65792,11.75668],[75.65785,11.75658],[75.65763,11.75605],[75.65733,11.75537],[75.6572,11.75519],[75.65694,11.75522],[75.6566,11.75534],[75.65633,11.75555],[75.6561,11.75574],[75.6559,11.75586],[75.65569,11.75598],[75.6554,11.75592],[75.65533,11.75591],[75.65499,11.75553],[75.65478,11.75505],[75.65476,11.75475],[75.65473,11.75428],[75.65484,11.75391],[75.65457,11.75351],[75.65408,11.75337],[75.65395,11.75347],[75.65381,11.75358],[75.65345,11.754],[75.65345,11.75432],[75.65285,11.75444],[75.65239,11.75415],[75.65212,11.75406],[75.65169,11.75382],[75.65135,11.75341],[75.65115,11.75289],[75.65088,11.75223],[75.65046,11.75175],[75.65065,11.75111],[75.65072,11.75089],[75.65066,11.75062],[75.65051,11.75047],[75.6503,11.75026],[75.64995,11.75003],[75.64943,11.74998],[75.64936,11.75],[75.64881,11.75017],[75.64853,11.75005],[75.64797,11.74939],[75.64803,11.74878],[75.64807,11.74864],[75.64825,11.74812],[75.64828,11.74801],[75.64837,11.74747],[75.64838,11.74716],[75.64816,11.74636],[75.64816,11.74601],[75.64785,11.74563],[75.64747,11.74562],[75.6474,11.74569],[75.64704,11.746],[75.64674,11.74693],[75.64653,11.74719],[75.64649,11.74724],[75.64628,11.74718],[75.64595,11.74688],[75.64572,11.74636],[75.64591,11.74554],[75.64597,11.74524],[75.64592,11.74491],[75.64587,11.74467],[75.64577,11.7444],[75.64554,11.74419],[75.64536,11.74375],[75.64516,11.74355],[75.64455,11.74336],[75.64398,11.74331],[75.64349,11.74334],[75.64306,11.7438],[75.64284,11.74447],[75.642,11.74442],[75.64159,11.74398],[75.64101,11.7437],[75.64062,11.74287],[75.64029,11.74234],[75.63986,11.74168],[75.63958,11.74088],[75.63925,11.74039],[75.63865,11.73998],[75.63835,11.73965],[75.63799,11.73883],[75.63748,11.73764],[75.637,11.73767],[75.63665,11.73833],[75.63621,11.7385],[75.63597,11.73797],[75.6359,11.73723],[75.63546,11.73704],[75.63506,11.73748],[75.6345,11.73725],[75.63383,11.73734],[75.63332,11.73717],[75.63305,11.73698],[75.63156,11.73817],[75.63057,11.73868],[75.6297,11.73856],[75.6296,11.73736],[75.62922,11.73696],[75.62875,11.73696],[75.62775,11.73734],[75.62698,11.73787],[75.62646,11.73739],[75.62645,11.73633],[75.62541,11.73589],[75.625,11.73455],[75.62427,11.73416],[75.62305,11.7338],[75.62214,11.73341],[75.6216,11.73268],[75.62347,11.73245],[75.62406,11.73204],[75.62395,11.73131],[75.62274,11.731],[75.62208,11.73056],[75.62174,11.73014],[75.6214,11.72985],[75.62013,11.72857],[75.6194,11.72724],[75.61898,11.72701],[75.61809,11.72705],[75.61739,11.72713],[75.61684,11.72673],[75.61647,11.726],[75.61616,11.72489],[75.6156,11.72382],[75.61442,11.72378],[75.61136,11.72493],[75.61021,11.7243],[75.60907,11.72163],[75.6078,11.71991],[75.60729,11.71923],[75.6064,11.7178],[75.60613,11.71804],[75.60607,11.71852],[75.60702,11.72055],[75.60732,11.72149],[75.60687,11.72219],[75.606,11.72208],[75.60505,11.72162],[75.60416,11.72063],[75.60376,11.72008],[75.60264,11.71852],[75.60215,11.7182],[75.60147,11.71816],[75.59941,11.71865],[75.59873,11.71816],[75.59827,11.71754],[75.59755,11.71598],[75.59705,11.71513],[75.59609,11.71362],[75.5946,11.71276],[75.5936,11.71225],[75.59204,11.71257],[75.59052,11.71302],[75.58963,11.71306],[75.58877,11.71291],[75.58761,11.71248],[75.58707,11.71203],[75.58697,11.71164],[75.58686,11.7112],[75.58782,11.71056],[75.59181,11.70938],[75.59299,11.70758],[75.59365,11.70634],[75.59359,11.7052],[75.59332,11.70404],[75.59324,11.70369],[75.59321,11.70356],[75.5918,11.69963],[75.59166,11.6991],[75.59168,11.69847],[75.5925,11.6977],[75.5935,11.6969],[75.5948,11.69631],[75.59718,11.69643],[75.60018,11.6961],[75.60146,11.69523],[75.60237,11.69408],[75.60285,11.69258],[75.60332,11.6912],[75.60333,11.69024],[75.60305,11.68949],[75.60234,11.68871],[75.60087,11.68742],[75.59894,11.68694],[75.59869,11.68699],[75.59685,11.68731],[75.59327,11.68795],[75.58931,11.68845],[75.58663,11.68665],[75.58578,11.68607],[75.58309,11.68426],[75.58057,11.68213],[75.57964,11.68052],[75.57883,11.67966],[75.57859,11.67949],[75.57568,11.67747],[75.57216,11.67586],[75.56962,11.67559],[75.56822,11.67638],[75.56774,11.67684],[75.56582,11.67938],[75.56544,11.67951],[75.56373,11.68011],[75.56352,11.6802],[75.56223,11.68051],[75.5619,11.68164],[75.5614,11.68331],[75.56169,11.68494],[75.56231,11.68845],[75.56242,11.68908],[75.56275,11.68989],[75.56339,11.69148],[75.56388,11.6925],[75.56372,11.69281],[75.56292,11.69456],[75.56006,11.69614],[75.5591,11.69663],[75.55659,11.69794],[75.55642,11.69803],[75.55616,11.6985],[75.5545,11.70145],[75.55362,11.70262],[75.55209,11.70336],[75.55071,11.70373],[75.54642,11.70426],[75.54468,11.70447],[75.54424,11.70373],[75.54366,11.70254],[75.54344,11.70211],[75.54324,11.7006],[75.54206,11.69997],[75.54225,11.69822],[75.54218,11.6976],[75.5413,11.69741],[75.54021,11.69697],[75.53896,11.69548],[75.53784,11.69425],[75.53752,11.69386],[75.53593,11.69239],[75.53609,11.69207],[75.53634,11.69168],[75.53654,11.69141],[75.53662,11.69121],[75.53674,11.69105],[75.53687,11.69087],[75.53693,11.69067],[75.53703,11.69055],[75.53715,11.69039],[75.53725,11.69019],[75.53735,11.69001],[75.53747,11.68985],[75.53755,11.68965],[75.53767,11.68947],[75.53775,11.68936],[75.53787,11.68918],[75.53789,11.68916],[75.53815,11.68873],[75.53828,11.68852],[75.53852,11.68812],[75.5387,11.68785],[75.53882,11.68762],[75.53896,11.68739],[75.53917,11.68707],[75.53929,11.68684],[75.53937,11.68671],[75.5395,11.6865],[75.53965,11.68621],[75.53979,11.68599],[75.53988,11.68584],[75.53999,11.68559],[75.54012,11.68537],[75.54049,11.68474],[75.54125,11.68332],[75.54173,11.68243],[75.54216,11.6816],[75.54261,11.68066],[75.5428,11.68032],[75.54292,11.68011],[75.5432,11.67955],[75.54326,11.67944],[75.54362,11.67874],[75.54386,11.67829],[75.54396,11.6781],[75.54423,11.67749],[75.54451,11.67689],[75.54517,11.67558],[75.5453,11.67529],[75.54552,11.67487],[75.54595,11.67393],[75.54602,11.67382],[75.54624,11.67341],[75.54647,11.6729],[75.54679,11.6722],[75.54693,11.67174],[75.54726,11.67108],[75.54738,11.67078],[75.54765,11.67012],[75.54801,11.66926],[75.54835,11.66824],[75.54841,11.66798],[75.5485,11.66731],[75.54856,11.66703],[75.54859,11.66674],[75.5486,11.66656],[75.54863,11.66563],[75.5486,11.66508],[75.54848,11.66431],[75.54845,11.66417],[75.54846,11.66402],[75.5485,11.66392],[75.54914,11.66413],[75.54991,11.66445],[75.54998,11.66445],[75.55005,11.6644],[75.55067,11.66324],[75.55169,11.66101],[75.55176,11.66086],[75.55153,11.6607],[75.55153,11.66061],[75.55155,11.66051],[75.55158,11.66045],[75.5517,11.66035],[75.55181,11.66024],[75.55204,11.66002],[75.55268,11.65907],[75.55427,11.65617],[75.55441,11.65586],[75.55453,11.65571],[75.55465,11.65544],[75.55515,11.65429],[75.55555,11.65341],[75.55614,11.65214],[75.55666,11.65099],[75.55726,11.6497],[75.55835,11.64733],[75.55848,11.64704],[75.55856,11.64686],[75.55862,11.64669],[75.55876,11.64637],[75.55895,11.64573],[75.5591,11.64533],[75.55927,11.64497],[75.55943,11.64459],[75.55966,11.64411],[75.55981,11.64385],[75.55991,11.64368],[75.56005,11.6434],[75.56021,11.64301],[75.56032,11.64273],[75.56037,11.64264],[75.56052,11.64225],[75.56056,11.64213],[75.56061,11.64201],[75.56074,11.6417],[75.56106,11.64098],[75.5613,11.64037],[75.56157,11.63969],[75.56176,11.63926],[75.56194,11.6388],[75.56226,11.63805],[75.56264,11.63727],[75.56292,11.63659],[75.56312,11.63612],[75.56333,11.63565],[75.56346,11.63532],[75.5637,11.63481],[75.56386,11.63442],[75.56391,11.63425],[75.56416,11.6329],[75.56419,11.63285],[75.56437,11.6326],[75.56449,11.63241],[75.56462,11.63211],[75.56491,11.63158],[75.56516,11.63095],[75.56528,11.63063],[75.56543,11.63032],[75.56581,11.62949],[75.56674,11.62734],[75.56726,11.62613],[75.56804,11.62424],[75.56829,11.62358],[75.56874,11.62253],[75.56886,11.62225],[75.56899,11.62189],[75.56904,11.62171],[75.56911,11.62146],[75.56914,11.62122],[75.56918,11.62101],[75.56924,11.62077],[75.56928,11.62057],[75.56939,11.62017],[75.56951,11.61984],[75.56959,11.61958],[75.56965,11.61948],[75.56986,11.61923],[75.57,11.619],[75.57012,11.61878],[75.57023,11.61853],[75.57036,11.6182],[75.57046,11.61804],[75.5706,11.61782],[75.57069,11.61761],[75.57077,11.61744],[75.57083,11.61726],[75.57099,11.61695],[75.57109,11.61665],[75.57121,11.61631],[75.57137,11.61589],[75.5715,11.61548],[75.5716,11.6152],[75.57192,11.61441],[75.57204,11.61399],[75.57219,11.61366],[75.57232,11.61332],[75.5724,11.61306],[75.57246,11.61284],[75.57261,11.61239],[75.57276,11.61204],[75.5729,11.61174],[75.57295,11.6115],[75.57308,11.61109],[75.57315,11.61085],[75.57331,11.61061],[75.57337,11.61048],[75.57355,11.60988],[75.57359,11.6097],[75.57371,11.60941],[75.57373,11.60929],[75.57376,11.60911],[75.57388,11.6088],[75.57404,11.60846],[75.57416,11.60826],[75.5743,11.60786],[75.57439,11.6076],[75.57448,11.60733],[75.57469,11.60675],[75.57493,11.60604],[75.57515,11.60525],[75.57526,11.60499],[75.57543,11.60456],[75.57557,11.60417],[75.57569,11.60387],[75.57582,11.60361],[75.57601,11.60332],[75.57613,11.60302],[75.57624,11.60265],[75.57634,11.60238],[75.57643,11.60209],[75.57676,11.60133],[75.57685,11.60099],[75.57694,11.60066],[75.57706,11.60032],[75.57718,11.60002],[75.57734,11.59965],[75.57746,11.59932],[75.57757,11.59903],[75.57767,11.5988],[75.57775,11.5986],[75.57787,11.59834],[75.57795,11.5981],[75.57813,11.59763],[75.57826,11.59727],[75.57835,11.597],[75.57841,11.59671],[75.57853,11.5963],[75.57862,11.59607],[75.57876,11.59561],[75.57885,11.59535],[75.57901,11.59493],[75.57915,11.59467],[75.57923,11.59445],[75.57944,11.594],[75.57953,11.59382],[75.57957,11.59361],[75.57973,11.59321],[75.57982,11.59295],[75.57998,11.59255],[75.5801,11.5922],[75.58017,11.59193],[75.58027,11.59162],[75.5803,11.59147],[75.58043,11.59111],[75.5805,11.59083],[75.58064,11.59052],[75.58075,11.59021],[75.58086,11.58991],[75.58099,11.58959],[75.5811,11.58936],[75.58125,11.58899],[75.58132,11.58874],[75.58146,11.58841],[75.58159,11.58812],[75.58166,11.58785],[75.58177,11.58756],[75.58188,11.5872],[75.58197,11.58693],[75.5821,11.58661],[75.58218,11.58631],[75.5823,11.58601],[75.58247,11.58567],[75.58256,11.58537],[75.58264,11.58518],[75.58275,11.5849],[75.58294,11.58435],[75.58311,11.5839],[75.58322,11.58357],[75.58332,11.58328],[75.58341,11.58297],[75.58343,11.58266],[75.58348,11.58247],[75.58353,11.5823],[75.58369,11.58187],[75.58382,11.58156],[75.58394,11.58122],[75.5841,11.58082],[75.58424,11.58046],[75.58438,11.58022],[75.58454,11.57983],[75.58461,11.57963],[75.58473,11.57924],[75.58484,11.57892],[75.58494,11.5786],[75.58504,11.57836],[75.58518,11.57804],[75.58534,11.57762],[75.58545,11.57739],[75.58553,11.5771],[75.58559,11.57683],[75.58569,11.57646],[75.58573,11.57628],[75.5858,11.57619],[75.58592,11.5758],[75.58599,11.5756],[75.58604,11.57544],[75.58615,11.57504],[75.58628,11.57461],[75.58634,11.57442],[75.58647,11.57402],[75.58658,11.57371],[75.58672,11.5734],[75.58681,11.57307],[75.58691,11.57278],[75.58699,11.57245],[75.58706,11.57223],[75.58717,11.57196],[75.58733,11.57163],[75.5875,11.57135],[75.58758,11.57115],[75.58769,11.57085],[75.58782,11.57055],[75.58793,11.57025],[75.58804,11.57002],[75.58836,11.5692],[75.58843,11.56892],[75.58844,11.5687],[75.58846,11.56844],[75.58851,11.56831],[75.58884,11.56741],[75.58966,11.56517],[75.58985,11.56923],[75.5906,11.57124],[75.59216,11.57072],[75.59414,11.57012],[75.59613,11.56931],[75.59721,11.56888],[75.59907,11.56762],[75.59996,11.5671],[75.60017,11.56697],[75.6013,11.56619],[75.6023,11.56571],[75.60335,11.56543],[75.60392,11.5653],[75.6046,11.56508],[75.60632,11.56431],[75.60674,11.56412],[75.60809,11.5638],[75.60869,11.564],[75.60878,11.56403],[75.60887,11.56408],[75.61278,11.56535]]],[[[75.54171,11.66295],[75.54182,11.66296],[75.54192,11.66297],[75.54197,11.66303],[75.54189,11.66312],[75.54189,11.66317],[75.54195,11.66329],[75.54195,11.66338],[75.54191,11.66343],[75.54176,11.66343],[75.54165,11.66345],[75.54149,11.66353],[75.54141,11.66352],[75.54135,11.66346],[75.54144,11.66315],[75.54171,11.66295]]]]}},{"type":"Feature","properties":{"name":"Kozhikode","level":"6"},"geometry":{"type":"MultiPolygon","coordinates":[[[[75.95416,11.34219],[75.95459,11.34265],[75.95648,11.34443],[75.95755,11.34538],[75.95837,11.34773],[75.95946,11.35006],[75.96059,11.35246],[75.95834,11.35376],[75.95756,11.35027],[75.95666,11.35014],[75.95589,11.34988],[75.95531,11.34913],[75.95447,11.34866],[75.9538,11.34773],[75.95346,11.34769],[75.95287,11.3477],[75.95251,11.34713],[75.95192,11.34719],[75.95129,11.34745],[75.94975,11.3467],[75.9491,11.34649],[75.94768,11.34645],[75.94678,11.346],[75.94456,11.3442],[75.94367,11.34355],[75.94302,11.34364],[75.94159,11.34339],[75.93998,11.34271],[75.9393,11.34177],[75.93844,11.33908],[75.93678,11.34052],[75.93566,11.34094],[75.93445,11.34167],[75.93332,11.34244],[75.93169,11.34289],[75.93066,11.34308],[75.9309,11.3437],[75.93129,11.3442],[75.93143,11.34475],[75.93144,11.34482],[75.93196,11.34563],[75.93306,11.34647],[75.93483,11.34678],[75.93662,11.3468],[75.9371,11.34685],[75.93814,11.34695],[75.93971,11.34726],[75.94035,11.34777],[75.941,11.34829],[75.94188,11.3488],[75.9425,11.3492],[75.94274,11.34983],[75.94274,11.35029],[75.94284,11.35082],[75.9431,11.3512],[75.94359,11.3513],[75.944,11.35113],[75.94445,11.35088],[75.9449,11.35088],[75.94525,11.35118],[75.9451,11.35185],[75.94505,11.35229],[75.9452,11.35246],[75.94553,11.35282],[75.94681,11.35309],[75.94808,11.35378],[75.94944,11.35376],[75.95088,11.35396],[75.95127,11.35402],[75.95252,11.35407],[75.95324,11.35617],[75.95396,11.35839],[75.9542,11.35992],[75.95581,11.35981],[75.95632,11.35961],[75.95719,11.35928],[75.95769,11.35823],[75.95851,11.35742],[75.9596,11.35602],[75.96038,11.35553],[75.96129,11.35421],[75.96216,11.35502],[75.96337,11.35604],[75.96356,11.3562],[75.96438,11.35702],[75.96487,11.35804],[75.96518,11.35927],[75.96504,11.35974],[75.96475,11.36071],[75.96422,11.36269],[75.96408,11.36328],[75.96404,11.36414],[75.96413,11.36431],[75.96429,11.36458],[75.96433,11.36465],[75.96443,11.36481],[75.96445,11.36485],[75.96472,11.36492],[75.9653,11.36507],[75.96567,11.36517],[75.96664,11.36579],[75.96825,11.36685],[75.96987,11.36749],[75.97056,11.36831],[75.97108,11.3691],[75.97154,11.36978],[75.9727,11.37077],[75.97297,11.37198],[75.97325,11.37294],[75.9739,11.37449],[75.97528,11.375],[75.97599,11.375],[75.97759,11.37499],[75.97804,11.37505],[75.97858,11.37517],[75.97926,11.37602],[75.97979,11.37657],[75.98039,11.37719],[75.98096,11.37862],[75.9821,11.37889],[75.98349,11.37874],[75.98476,11.37864],[75.98554,11.3786],[75.98666,11.37914],[75.98797,11.37992],[75.98892,11.38067],[75.9909,11.38108],[75.99308,11.38102],[75.99642,11.38055],[75.99768,11.3805],[75.99839,11.38021],[75.99928,11.3797],[75.99987,11.37886],[76.0005,11.37843],[76.00149,11.37794],[76.00182,11.37698],[76.00217,11.37525],[76.00257,11.37462],[76.00173,11.37218],[76.00162,11.37188],[76.00167,11.37088],[76.00232,11.36997],[76.00226,11.36952],[76.00221,11.3692],[76.00227,11.36872],[76.00158,11.36827],[76.00077,11.36768],[75.99873,11.36673],[75.99865,11.36666],[75.99852,11.36521],[75.99778,11.3633],[75.99604,11.36222],[75.99557,11.36063],[75.99577,11.3597],[75.99694,11.35901],[75.99802,11.35862],[75.99894,11.35745],[75.99766,11.35604],[75.99736,11.35566],[75.99746,11.35521],[75.99729,11.35481],[75.99759,11.3542],[75.99838,11.35391],[75.99944,11.35366],[76.00009,11.35339],[76.00032,11.35314],[76.00056,11.35289],[76.00082,11.35226],[76.00091,11.35167],[76.00089,11.35125],[76.00001,11.35052],[75.99837,11.3496],[75.99679,11.34889],[75.99599,11.34824],[75.99542,11.34779],[75.9941,11.34659],[75.99344,11.34582],[75.99303,11.34498],[75.99252,11.34277],[75.99218,11.34187],[75.99204,11.34149],[75.99144,11.3408],[75.99034,11.34016],[75.98996,11.33997],[75.9891,11.33949],[75.9886,11.33872],[75.98819,11.33741],[75.98789,11.33588],[75.9875,11.33468],[75.98729,11.33382],[75.98737,11.3329],[75.98749,11.33149],[75.98814,11.33053],[75.98829,11.33041],[75.98866,11.33011],[75.98917,11.32992],[75.98992,11.32959],[75.99077,11.32961],[75.99162,11.32977],[75.99237,11.32959],[75.99332,11.32902],[75.99532,11.33043],[75.99646,11.33142],[75.99747,11.33293],[75.99774,11.33476],[75.99774,11.33585],[75.99753,11.33664],[75.99763,11.33718],[75.9977,11.33763],[75.99882,11.33778],[75.99973,11.3373],[76.00047,11.33676],[76.00119,11.33641],[76.00197,11.33654],[76.00296,11.33703],[76.00414,11.3378],[76.00718,11.33859],[76.00836,11.33811],[76.00969,11.33767],[76.01128,11.33722],[76.01269,11.33701],[76.01289,11.33705],[76.01388,11.33724],[76.01461,11.33813],[76.01523,11.339],[76.01734,11.33838],[76.01744,11.33738],[76.01795,11.33645],[76.01822,11.33509],[76.01846,11.33391],[76.01903,11.33331],[76.02,11.33368],[76.02082,11.33453],[76.02122,11.33538],[76.02137,11.33631],[76.02177,11.33738],[76.02249,11.33759],[76.02295,11.33687],[76.02308,11.33558],[76.02373,11.33536],[76.02433,11.33515],[76.0257,11.33519],[76.02657,11.33551],[76.02709,11.33571],[76.02846,11.33594],[76.0302,11.33598],[76.03199,11.33587],[76.0333,11.33573],[76.03352,11.33571],[76.03414,11.33565],[76.03756,11.33455],[76.03889,11.33428],[76.04006,11.3342],[76.04139,11.33407],[76.04278,11.3341],[76.04434,11.33382],[76.04612,11.33302],[76.04774,11.33223],[76.04897,11.3307],[76.04806,11.32819],[76.04776,11.32695],[76.04797,11.32552],[76.04844,11.32498],[76.04865,11.32467],[76.04951,11.3238],[76.04939,11.32275],[76.04854,11.32215],[76.04732,11.32192],[76.04552,11.32209],[76.04417,11.32194],[76.04443,11.32062],[76.0458,11.3196],[76.04574,11.31652],[76.04559,11.31509],[76.04637,11.31418],[76.04738,11.31318],[76.04871,11.31238],[76.04913,11.31132],[76.04928,11.30923],[76.04884,11.30672],[76.04827,11.30488],[76.04797,11.30358],[76.04833,11.30271],[76.04903,11.30202],[76.04901,11.30091],[76.04891,11.30011],[76.04894,11.2989],[76.05027,11.29855],[76.05312,11.29887],[76.05334,11.2989],[76.05576,11.29906],[76.05887,11.29904],[76.06018,11.29853],[76.06187,11.29687],[76.06375,11.29654],[76.06795,11.2965],[76.07024,11.29521],[76.06968,11.29422],[76.06972,11.29344],[76.07041,11.29201],[76.07172,11.29142],[76.07298,11.29119],[76.07273,11.28761],[76.06852,11.28606],[76.06804,11.28594],[76.06601,11.28547],[76.06288,11.28435],[76.06183,11.28343],[76.06088,11.28159],[76.05869,11.27905],[76.05867,11.2784],[76.05863,11.27711],[76.05676,11.27631],[76.05594,11.27589],[76.05483,11.27532],[76.05478,11.27528],[76.05215,11.27267],[76.05041,11.27071],[76.05007,11.26951],[76.0499,11.26905],[76.04976,11.26876],[76.04889,11.26859],[76.04762,11.26834],[76.04479,11.26754],[76.04204,11.26787],[76.03863,11.2679],[76.03556,11.26779],[76.03543,11.26777],[76.03351,11.26752],[76.03301,11.26745],[76.03129,11.26758],[76.03035,11.26815],[76.02724,11.26928],[76.02566,11.26935],[76.02224,11.26949],[76.02108,11.2693],[76.0196,11.26905],[76.01913,11.26888],[76.01848,11.26864],[76.01805,11.26848],[76.01796,11.26846],[76.01646,11.26808],[76.01434,11.26773],[76.01237,11.26552],[76.01125,11.26324],[76.01097,11.26268],[76.01043,11.26116],[76.00893,11.2599],[76.00584,11.25897],[76.00539,11.25895],[76.00339,11.25884],[76.00235,11.25878],[75.99958,11.25845],[75.9992,11.25563],[75.99712,11.25293],[75.99695,11.25272],[75.99262,11.25819],[75.98915,11.26063],[75.98858,11.26123],[75.98754,11.26232],[75.98678,11.26259],[75.98473,11.26333],[75.98239,11.2643],[75.98007,11.26562],[75.97809,11.26752],[75.97741,11.26817],[75.97655,11.26872],[75.97499,11.26876],[75.97286,11.26804],[75.97139,11.26719],[75.97012,11.26644],[75.96623,11.26244],[75.96439,11.26034],[75.96301,11.25806],[75.96282,11.25775],[75.96074,11.2549],[75.96037,11.25441],[75.95786,11.25241],[75.95535,11.25146],[75.9513,11.25041],[75.94428,11.24988],[75.93886,11.24908],[75.93518,11.24853],[75.93282,11.24794],[75.92855,11.24687],[75.92551,11.24576],[75.92405,11.2447],[75.92318,11.24348],[75.92205,11.24224],[75.92078,11.24036],[75.92063,11.24014],[75.9196,11.23822],[75.91838,11.23717],[75.91707,11.23652],[75.91559,11.2365],[75.91411,11.23645],[75.91041,11.23826],[75.91008,11.23858],[75.90864,11.23974],[75.90654,11.24123],[75.90512,11.24188],[75.90383,11.24233],[75.90267,11.24228],[75.90113,11.24246],[75.90079,11.24237],[75.89988,11.24188],[75.89952,11.24058],[75.89918,11.23944],[75.89905,11.23803],[75.89952,11.23578],[75.89965,11.23517],[75.89928,11.2334],[75.89718,11.23029],[75.89659,11.23012],[75.89538,11.22978],[75.89336,11.22961],[75.89023,11.22936],[75.88759,11.22867],[75.88529,11.22741],[75.88216,11.2257],[75.87868,11.22353],[75.87731,11.22258],[75.87699,11.22094],[75.87687,11.22035],[75.87652,11.21867],[75.8751,11.21593],[75.87248,11.21115],[75.87182,11.21022],[75.86965,11.20716],[75.86851,11.20655],[75.86757,11.2061],[75.86579,11.20566],[75.86426,11.20528],[75.86223,11.20507],[75.8606,11.20484],[75.85952,11.2053],[75.85901,11.20608],[75.85783,11.20774],[75.85714,11.20657],[75.85751,11.20475],[75.85703,11.20285],[75.85682,11.20177],[75.85744,11.20089],[75.85873,11.20062],[75.85946,11.20043],[75.86055,11.19945],[75.86059,11.19801],[75.8606,11.1976],[75.86085,11.19642],[75.85892,11.19608],[75.85869,11.19493],[75.86009,11.19437],[75.86023,11.19274],[75.86105,11.19175],[75.86184,11.19095],[75.86205,11.18996],[75.86264,11.18973],[75.86275,11.18968],[75.86515,11.18946],[75.86538,11.18955],[75.86581,11.18935],[75.86681,11.18888],[75.86906,11.18808],[75.86925,11.18801],[75.87077,11.1886],[75.87168,11.1881],[75.87217,11.18783],[75.87291,11.18751],[75.87359,11.18722],[75.87444,11.1867],[75.87587,11.18639],[75.87625,11.18581],[75.87644,11.18381],[75.87649,11.18379],[75.87731,11.18336],[75.87862,11.18315],[75.87925,11.18313],[75.87978,11.1835],[75.88021,11.18398],[75.88122,11.18458],[75.88136,11.18466],[75.8825,11.18482],[75.88353,11.18489],[75.88415,11.18472],[75.88521,11.18411],[75.88548,11.18285],[75.88556,11.1825],[75.88589,11.1813],[75.88763,11.18093],[75.88761,11.18027],[75.88732,11.17906],[75.88715,11.17862],[75.88706,11.17786],[75.88688,11.17689],[75.88704,11.17604],[75.88665,11.17447],[75.8874,11.17421],[75.888,11.17403],[75.88832,11.17335],[75.88801,11.17259],[75.88787,11.17258],[75.88761,11.1725],[75.88715,11.17226],[75.88655,11.17232],[75.88513,11.17248],[75.88405,11.17272],[75.88335,11.17289],[75.88266,11.17315],[75.882,11.17325],[75.88152,11.17331],[75.88099,11.1729],[75.88117,11.17136],[75.88113,11.16992],[75.88013,11.16977],[75.87915,11.16942],[75.87818,11.1687],[75.87742,11.16814],[75.87662,11.16775],[75.87603,11.16794],[75.87566,11.16806],[75.87498,11.16784],[75.87464,11.16824],[75.87458,11.16905],[75.87423,11.16933],[75.87418,11.16937],[75.87301,11.16912],[75.87169,11.17024],[75.87002,11.17054],[75.87034,11.17207],[75.87064,11.17273],[75.87079,11.17317],[75.87079,11.17353],[75.87034,11.17374],[75.86945,11.17357],[75.86837,11.17352],[75.86768,11.17343],[75.8666,11.17289],[75.86621,11.17124],[75.86491,11.17006],[75.86458,11.16973],[75.86363,11.16936],[75.86361,11.169],[75.86349,11.16884],[75.86355,11.16857],[75.86337,11.1682],[75.86291,11.16819],[75.86259,11.16824],[75.86199,11.16839],[75.8616,11.16848],[75.86134,11.16843],[75.86109,11.16832],[75.86095,11.16826],[75.86094,11.16818],[75.86077,11.16784],[75.86071,11.16742],[75.86081,11.16703],[75.86099,11.1664],[75.86104,11.1662],[75.86106,11.16589],[75.86094,11.16558],[75.86061,11.1652],[75.86039,11.16458],[75.86012,11.16397],[75.85987,11.16348],[75.85962,11.16315],[75.85969,11.16279],[75.85974,11.16237],[75.85998,11.16217],[75.86045,11.16151],[75.86047,11.16097],[75.86035,11.16063],[75.86015,11.16047],[75.85987,11.16027],[75.85953,11.15963],[75.85915,11.15909],[75.85903,11.15869],[75.85888,11.15833],[75.85872,11.15809],[75.85845,11.15791],[75.85808,11.15779],[75.85684,11.15752],[75.85666,11.15713],[75.85648,11.15684],[75.85645,11.1567],[75.85638,11.1566],[75.8561,11.15643],[75.85575,11.15636],[75.85526,11.15637],[75.85469,11.15648],[75.85434,11.15646],[75.8539,11.15625],[75.85356,11.1557],[75.85316,11.15523],[75.85306,11.15501],[75.85278,11.15478],[75.85235,11.15455],[75.85206,11.15428],[75.85189,11.15388],[75.85174,11.1535],[75.85164,11.15313],[75.85174,11.15289],[75.85207,11.15273],[75.85252,11.15266],[75.85285,11.15264],[75.85319,11.15259],[75.85329,11.15252],[75.8534,11.15245],[75.85382,11.15195],[75.8542,11.15151],[75.85487,11.15053],[75.85504,11.15003],[75.85496,11.14976],[75.85464,11.14953],[75.85439,11.14926],[75.85417,11.14893],[75.85424,11.14848],[75.85439,11.14812],[75.85459,11.14792],[75.85489,11.14766],[75.85521,11.14748],[75.8557,11.14741],[75.85612,11.14742],[75.85653,11.1474],[75.85689,11.14735],[75.85719,11.14708],[75.85731,11.14657],[75.85745,11.14606],[75.85755,11.14496],[75.85771,11.14435],[75.85886,11.14415],[75.85939,11.14169],[75.8592,11.14105],[75.85813,11.14051],[75.85682,11.13994],[75.85608,11.13966],[75.85547,11.13942],[75.85399,11.14069],[75.85286,11.14181],[75.85156,11.14337],[75.85002,11.14394],[75.84907,11.14381],[75.84652,11.14325],[75.84377,11.14186],[75.84169,11.13939],[75.84023,11.13748],[75.83734,11.13527],[75.83489,11.13354],[75.83324,11.13226],[75.83225,11.13129],[75.83118,11.13063],[75.8294,11.12956],[75.8283,11.12842],[75.82759,11.12727],[75.82682,11.12621],[75.82615,11.12529],[75.82559,11.12534],[75.82532,11.12541],[75.82507,11.12557],[75.8248,11.12577],[75.82462,11.12591],[75.82445,11.12612],[75.82427,11.12635],[75.82407,11.12673],[75.82374,11.1274],[75.82341,11.12818],[75.82307,11.12893],[75.82276,11.12961],[75.82251,11.13016],[75.82232,11.13061],[75.82177,11.13197],[75.82127,11.13318],[75.82076,11.13444],[75.82069,11.1347],[75.82067,11.135],[75.82057,11.13519],[75.82052,11.1353],[75.82047,11.1354],[75.82035,11.13551],[75.82011,11.13591],[75.81973,11.13685],[75.81935,11.13781],[75.81919,11.1382],[75.81882,11.13914],[75.81846,11.14001],[75.81795,11.14123],[75.81752,11.14221],[75.81713,11.14329],[75.81678,11.14416],[75.81636,11.14516],[75.81568,11.14663],[75.81498,11.1477],[75.81442,11.14846],[75.81395,11.14905],[75.8139,11.14922],[75.81359,11.1496],[75.81342,11.14965],[75.81329,11.1497],[75.81316,11.1498],[75.81288,11.15006],[75.81261,11.15026],[75.81236,11.15037],[75.81212,11.15045],[75.81186,11.15049],[75.81172,11.15043],[75.81162,11.15038],[75.81147,11.1504],[75.81125,11.15054],[75.81109,11.15056],[75.811,11.1505],[75.81092,11.15053],[75.81096,11.1506],[75.81081,11.15062],[75.81071,11.1508],[75.81037,11.15096],[75.81031,11.15103],[75.81026,11.15105],[75.81011,11.15089],[75.81006,11.15088],[75.81007,11.15101],[75.80997,11.15109],[75.80961,11.15145],[75.80948,11.15158],[75.80946,11.1516],[75.80939,11.15169],[75.80911,11.15198],[75.80901,11.1521],[75.80875,11.15233],[75.80839,11.15268],[75.80813,11.15302],[75.80768,11.15352],[75.80761,11.15354],[75.80749,11.15348],[75.80742,11.15348],[75.80738,11.15354],[75.80739,11.15361],[75.80728,11.15374],[75.80701,11.15405],[75.8069,11.15407],[75.80684,11.1541],[75.80678,11.15417],[75.80635,11.15455],[75.8059,11.1549],[75.80539,11.15522],[75.8049,11.15546],[75.8043,11.1556],[75.8039,11.15556],[75.80373,11.15548],[75.80367,11.15537],[75.80369,11.15518],[75.80362,11.15509],[75.80352,11.15486],[75.80349,11.15474],[75.80345,11.15462],[75.80342,11.15451],[75.80339,11.15444],[75.80331,11.1545],[75.80329,11.15458],[75.8033,11.15469],[75.80334,11.15482],[75.80321,11.1548],[75.80317,11.15485],[75.8032,11.15491],[75.80317,11.15493],[75.80307,11.15489],[75.80301,11.15495],[75.80301,11.15499],[75.80317,11.15527],[75.80316,11.15535],[75.80296,11.15563],[75.80221,11.15653],[75.8013,11.15744],[75.80054,11.15802],[75.8003,11.15814],[75.80009,11.15819],[75.79898,11.15749],[75.79894,11.15742],[75.79883,11.15734],[75.79871,11.15732],[75.79649,11.15594],[75.79649,11.15588],[75.79652,11.15584],[75.79652,11.15579],[75.79646,11.15574],[75.79641,11.15573],[75.79633,11.15573],[75.79628,11.15578],[75.79624,11.15585],[75.79622,11.15593],[75.79619,11.15597],[75.79619,11.15602],[75.79636,11.15612],[75.79643,11.15611],[75.79867,11.1575],[75.79871,11.15759],[75.7988,11.15765],[75.79892,11.15766],[75.80023,11.15848],[75.80359,11.16064],[75.80302,11.1616],[75.80301,11.1616],[75.80239,11.16263],[75.79632,11.15881],[75.79631,11.15878],[75.79629,11.15876],[75.79626,11.15874],[75.79623,11.15873],[75.79619,11.15873],[75.79616,11.15873],[75.79613,11.15875],[75.7961,11.15877],[75.79608,11.1588],[75.79607,11.15884],[75.79608,11.15888],[75.79609,11.15891],[75.7961,11.15893],[75.79613,11.15895],[75.79615,11.15897],[75.79618,11.15897],[75.79621,11.15897],[75.80189,11.16254],[75.80196,11.16265],[75.80202,11.16376],[75.80174,11.16557],[75.80152,11.16648],[75.80144,11.16658],[75.80139,11.16663],[75.80137,11.16695],[75.80125,11.16724],[75.80115,11.16751],[75.80104,11.16774],[75.80097,11.168],[75.80091,11.16826],[75.80083,11.16854],[75.80074,11.1688],[75.80066,11.16904],[75.8006,11.16931],[75.80051,11.16962],[75.80045,11.16987],[75.80036,11.17016],[75.80027,11.17044],[75.8002,11.17065],[75.80009,11.17098],[75.8,11.17126],[75.79993,11.17146],[75.79985,11.17172],[75.79976,11.17203],[75.79955,11.17258],[75.79945,11.17287],[75.79934,11.17312],[75.79922,11.17345],[75.79915,11.17366],[75.79901,11.17392],[75.79888,11.17415],[75.79877,11.17437],[75.79863,11.17467],[75.79852,11.17492],[75.79841,11.17513],[75.79832,11.17535],[75.79823,11.17557],[75.79813,11.17585],[75.79811,11.17615],[75.7981,11.17644],[75.79808,11.17671],[75.79802,11.17703],[75.79795,11.17727],[75.79786,11.17753],[75.79776,11.1778],[75.79764,11.17806],[75.79753,11.17837],[75.79747,11.17861],[75.79737,11.17886],[75.79721,11.1793],[75.79715,11.17947],[75.79702,11.1798],[75.79689,11.1801],[75.79678,11.18035],[75.79671,11.18065],[75.79663,11.18092],[75.79651,11.18118],[75.79637,11.18146],[75.79623,11.18187],[75.79617,11.18211],[75.79606,11.18239],[75.79595,11.18266],[75.79585,11.18294],[75.79575,11.18318],[75.79563,11.18348],[75.79553,11.18374],[75.79544,11.184],[75.79535,11.18426],[75.79524,11.18454],[75.79512,11.18484],[75.79501,11.18514],[75.79489,11.18539],[75.79477,11.18564],[75.79468,11.18588],[75.79457,11.18613],[75.79444,11.18644],[75.79433,11.18671],[75.79419,11.18702],[75.7941,11.18729],[75.794,11.18754],[75.79389,11.18781],[75.79378,11.18809],[75.79371,11.18828],[75.79359,11.18858],[75.79346,11.18888],[75.79333,11.18919],[75.79323,11.18945],[75.79314,11.18972],[75.79302,11.18998],[75.7929,11.19023],[75.79276,11.19054],[75.79253,11.19116],[75.79247,11.19138],[75.79238,11.19167],[75.79228,11.19195],[75.79218,11.19221],[75.79207,11.19244],[75.79197,11.1927],[75.79185,11.19296],[75.79173,11.19325],[75.79163,11.19351],[75.79153,11.19376],[75.7914,11.19401],[75.79131,11.19427],[75.7912,11.19458],[75.79105,11.1949],[75.79097,11.19509],[75.79083,11.19537],[75.79072,11.19563],[75.79061,11.19589],[75.79052,11.19613],[75.79041,11.19642],[75.7903,11.1967],[75.7902,11.19698],[75.79009,11.19725],[75.78997,11.19755],[75.78986,11.19778],[75.78975,11.19805],[75.78955,11.19859],[75.78943,11.19896],[75.78932,11.19921],[75.78921,11.19948],[75.78911,11.19974],[75.78898,11.19999],[75.78886,11.20026],[75.78877,11.2005],[75.78867,11.20075],[75.78855,11.20102],[75.78844,11.20129],[75.78834,11.20157],[75.78824,11.2018],[75.78817,11.20205],[75.78808,11.20235],[75.78797,11.20265],[75.78786,11.20292],[75.78777,11.20318],[75.78769,11.20344],[75.7876,11.2037],[75.78747,11.20398],[75.78736,11.20425],[75.78729,11.2045],[75.78717,11.20475],[75.78705,11.20508],[75.78709,11.20528],[75.78706,11.20551],[75.78697,11.2058],[75.78687,11.20609],[75.78679,11.20636],[75.78668,11.20663],[75.78659,11.20691],[75.78648,11.20715],[75.78638,11.20744],[75.78627,11.20771],[75.78618,11.20792],[75.78614,11.20806],[75.78599,11.20821],[75.78577,11.20838],[75.78541,11.20953],[75.78454,11.21163],[75.78321,11.21508],[75.78184,11.21825],[75.78071,11.22173],[75.77959,11.22456],[75.77919,11.22531],[75.77879,11.22595],[75.77856,11.2258],[75.77848,11.22585],[75.77847,11.22591],[75.77851,11.22595],[75.77961,11.22673],[75.77975,11.2274],[75.77985,11.22758],[75.77969,11.22777],[75.77938,11.22812],[75.77832,11.22737],[75.77806,11.22719],[75.77799,11.22722],[75.77799,11.22727],[75.77803,11.22734],[75.77869,11.22781],[75.7788,11.22816],[75.77891,11.2282],[75.77895,11.22829],[75.77901,11.22837],[75.779,11.22847],[75.77899,11.22856],[75.77897,11.22865],[75.77895,11.22874],[75.7789,11.22883],[75.77882,11.22901],[75.77878,11.22908],[75.77877,11.22918],[75.77874,11.22927],[75.77871,11.22936],[75.77868,11.22945],[75.77863,11.22954],[75.77859,11.22963],[75.77856,11.22972],[75.77852,11.22982],[75.77849,11.2299],[75.77845,11.22998],[75.77839,11.23006],[75.77836,11.23015],[75.77829,11.23022],[75.77825,11.23031],[75.7782,11.2304],[75.77817,11.23049],[75.77815,11.23058],[75.77811,11.23067],[75.77807,11.23076],[75.77793,11.23085],[75.77785,11.2309],[75.77777,11.23092],[75.77783,11.231],[75.77788,11.23108],[75.77785,11.23117],[75.7778,11.23127],[75.77776,11.23136],[75.77772,11.23145],[75.77766,11.23152],[75.77761,11.2316],[75.77757,11.23169],[75.77756,11.23178],[75.7775,11.23187],[75.77741,11.23189],[75.77731,11.23191],[75.77729,11.23199],[75.77738,11.23201],[75.77746,11.23204],[75.77746,11.23214],[75.77743,11.23223],[75.7774,11.23231],[75.77735,11.2324],[75.77732,11.2325],[75.77727,11.23257],[75.77722,11.23265],[75.77719,11.23274],[75.77713,11.23282],[75.77708,11.2329],[75.77699,11.23293],[75.77693,11.233],[75.77703,11.23302],[75.77708,11.23308],[75.77702,11.23315],[75.77696,11.23323],[75.77693,11.23333],[75.77689,11.23342],[75.77685,11.23351],[75.7768,11.2336],[75.77676,11.23369],[75.77666,11.23386],[75.7766,11.23386],[75.77654,11.23383],[75.77645,11.23386],[75.77643,11.23396],[75.77653,11.23396],[75.7766,11.23399],[75.77656,11.23408],[75.77648,11.23418],[75.77639,11.23435],[75.77631,11.23454],[75.77627,11.23464],[75.77621,11.23472],[75.77614,11.23484],[75.77604,11.23483],[75.77603,11.23489],[75.77609,11.23495],[75.77615,11.23497],[75.77616,11.23503],[75.77609,11.23511],[75.77601,11.23517],[75.77597,11.23531],[75.7759,11.23557],[75.77577,11.23587],[75.77565,11.23583],[75.77556,11.23584],[75.77557,11.23589],[75.77564,11.23594],[75.77575,11.23596],[75.77575,11.23603],[75.77568,11.2361],[75.77566,11.23622],[75.77564,11.23631],[75.77552,11.23643],[75.77541,11.23664],[75.7754,11.23667],[75.77534,11.23681],[75.77524,11.23703],[75.77514,11.23722],[75.77513,11.23723],[75.77507,11.23739],[75.77499,11.23756],[75.7749,11.23777],[75.77489,11.2379],[75.77482,11.23801],[75.77476,11.23802],[75.77468,11.23801],[75.7746,11.238],[75.77456,11.23803],[75.77457,11.2381],[75.77463,11.23812],[75.77468,11.23812],[75.77474,11.23814],[75.77476,11.23819],[75.77476,11.23825],[75.77472,11.23839],[75.77468,11.23845],[75.77462,11.23849],[75.77454,11.23861],[75.77453,11.2387],[75.77451,11.23883],[75.77445,11.23898],[75.7744,11.23902],[75.77433,11.23909],[75.77425,11.23909],[75.77425,11.23915],[75.77432,11.23922],[75.77439,11.23927],[75.77436,11.23941],[75.77432,11.23963],[75.77428,11.23982],[75.77425,11.23991],[75.77425,11.23992],[75.77423,11.23996],[75.77421,11.24001],[75.77419,11.24006],[75.77415,11.24009],[75.7741,11.24011],[75.77406,11.24014],[75.77401,11.24013],[75.77396,11.24015],[75.77397,11.2402],[75.774,11.24023],[75.77404,11.24027],[75.77407,11.24031],[75.7741,11.24036],[75.77412,11.24041],[75.77413,11.24046],[75.77412,11.2405],[75.7741,11.24055],[75.77409,11.2406],[75.77409,11.24066],[75.77408,11.24071],[75.77407,11.24076],[75.77405,11.2408],[75.77402,11.24086],[75.77401,11.24091],[75.77398,11.24096],[75.77394,11.241],[75.7739,11.24102],[75.77387,11.24106],[75.77376,11.2411],[75.77376,11.24114],[75.77374,11.24118],[75.77371,11.24123],[75.77371,11.24128],[75.77373,11.24133],[75.77375,11.24138],[75.77376,11.24142],[75.77377,11.24147],[75.77374,11.24152],[75.77372,11.24156],[75.77372,11.24161],[75.77372,11.24167],[75.77371,11.24172],[75.7737,11.24177],[75.77369,11.24182],[75.77368,11.24187],[75.77366,11.24198],[75.77365,11.242],[75.77364,11.24205],[75.77361,11.24209],[75.77357,11.24213],[75.77354,11.24216],[75.77352,11.24221],[75.77349,11.24225],[75.77347,11.2423],[75.77347,11.24234],[75.77347,11.24239],[75.77348,11.24244],[75.77347,11.2425],[75.77347,11.24256],[75.77347,11.2426],[75.77348,11.24265],[75.77348,11.24271],[75.77348,11.24276],[75.77348,11.24281],[75.77345,11.24285],[75.77343,11.24289],[75.7734,11.24294],[75.77339,11.24299],[75.77335,11.24303],[75.77335,11.24308],[75.77334,11.24313],[75.7733,11.24318],[75.77328,11.24322],[75.77325,11.24326],[75.77322,11.2433],[75.77323,11.24335],[75.77323,11.24341],[75.77322,11.24345],[75.77322,11.2435],[75.77328,11.2436],[75.77334,11.24362],[75.77341,11.24369],[75.77336,11.24372],[75.77331,11.2438],[75.77328,11.2439],[75.77324,11.24399],[75.77321,11.24412],[75.77318,11.24425],[75.77318,11.24438],[75.77313,11.24437],[75.77306,11.24438],[75.77305,11.24442],[75.77308,11.24446],[75.77313,11.24446],[75.77316,11.24454],[75.77312,11.24463],[75.77309,11.24473],[75.77307,11.24486],[75.77305,11.24496],[75.773,11.24505],[75.77299,11.24521],[75.773,11.24529],[75.77293,11.24543],[75.77287,11.24542],[75.77277,11.24541],[75.77273,11.24548],[75.77279,11.24551],[75.77287,11.24551],[75.77291,11.24554],[75.77287,11.24565],[75.77292,11.24571],[75.77287,11.24577],[75.77285,11.24587],[75.77284,11.246],[75.77278,11.24616],[75.77273,11.24633],[75.77268,11.24646],[75.77262,11.2465],[75.77255,11.24648],[75.77249,11.2465],[75.7725,11.24657],[75.77256,11.24659],[75.77263,11.24661],[75.77265,11.24671],[75.77264,11.2469],[75.77259,11.24711],[75.77248,11.24729],[75.77244,11.24752],[75.77234,11.24778],[75.77226,11.248],[75.77214,11.24827],[75.77203,11.24851],[75.7719,11.24883],[75.77178,11.2491],[75.77178,11.24911],[75.77181,11.24915],[75.7717,11.2492],[75.77144,11.24912],[75.77142,11.24919],[75.77167,11.24929],[75.77164,11.24935],[75.7717,11.24938],[75.77179,11.24939],[75.77177,11.24946],[75.77168,11.2495],[75.77164,11.24958],[75.7716,11.24974],[75.77157,11.24987],[75.77126,11.25055],[75.77099,11.2514],[75.77057,11.25248],[75.77013,11.25387],[75.77008,11.25399],[75.76989,11.25458],[75.7697,11.25509],[75.76955,11.25532],[75.76936,11.25571],[75.76912,11.25632],[75.76912,11.25633],[75.76887,11.25689],[75.76883,11.25699],[75.76854,11.25767],[75.76827,11.25852],[75.76785,11.25937],[75.76687,11.26136],[75.766,11.26256],[75.76544,11.26233],[75.76471,11.26222],[75.76397,11.26218],[75.76383,11.2622],[75.76371,11.26222],[75.76298,11.26253],[75.76288,11.26259],[75.76219,11.26313],[75.76202,11.26331],[75.76158,11.26401],[75.76153,11.26405],[75.76145,11.26409],[75.76011,11.26467],[75.75988,11.26479],[75.75889,11.26554],[75.75856,11.26576],[75.75841,11.26589],[75.75839,11.26592],[75.75838,11.26596],[75.75838,11.26601],[75.7584,11.26605],[75.75842,11.26608],[75.75846,11.26611],[75.75851,11.26612],[75.75855,11.26612],[75.7586,11.26611],[75.75863,11.26608],[75.75902,11.26566],[75.75998,11.26494],[75.76019,11.26484],[75.76133,11.26432],[75.76139,11.26432],[75.7614,11.26436],[75.76142,11.26439],[75.76145,11.26441],[75.76149,11.26443],[75.76153,11.26443],[75.76157,11.26442],[75.76161,11.26439],[75.76163,11.26436],[75.76164,11.26432],[75.76164,11.26428],[75.76173,11.26411],[75.76214,11.26343],[75.76229,11.26327],[75.76295,11.26275],[75.76307,11.26269],[75.76378,11.26242],[75.76389,11.26238],[75.76397,11.26237],[75.76471,11.2624],[75.76536,11.26248],[75.76573,11.26262],[75.76597,11.26276],[75.76604,11.26287],[75.76607,11.26297],[75.76609,11.2631],[75.76615,11.26322],[75.76617,11.26337],[75.76619,11.26341],[75.76617,11.26343],[75.76644,11.2639],[75.76614,11.26477],[75.7662,11.2648],[75.76611,11.26552],[75.76551,11.26695],[75.76544,11.26694],[75.76527,11.26755],[75.76513,11.26758],[75.76498,11.26762],[75.76494,11.26768],[75.76453,11.26749],[75.76455,11.26745],[75.76369,11.267],[75.76367,11.26703],[75.7618,11.26602],[75.76171,11.26598],[75.76165,11.26593],[75.76158,11.26585],[75.76147,11.26562],[75.76141,11.2654],[75.7614,11.26537],[75.76136,11.26535],[75.76131,11.26535],[75.76125,11.26534],[75.7612,11.26536],[75.76116,11.26547],[75.76117,11.2655],[75.76131,11.26569],[75.76143,11.26593],[75.76148,11.26601],[75.76156,11.26607],[75.76172,11.26618],[75.76406,11.26742],[75.7643,11.26753],[75.76435,11.26815],[75.76442,11.26948],[75.76431,11.2705],[75.76408,11.27117],[75.7637,11.27228],[75.7633,11.27324],[75.76278,11.27469],[75.76262,11.27514],[75.76195,11.2771],[75.76149,11.27851],[75.76091,11.28015],[75.7607,11.28071],[75.76037,11.2814],[75.76015,11.28187],[75.7601,11.28206],[75.7598,11.283],[75.75962,11.28324],[75.75953,11.28372],[75.75933,11.28415],[75.75921,11.28458],[75.75898,11.28521],[75.75872,11.28598],[75.75849,11.28675],[75.75818,11.28753],[75.75805,11.28799],[75.75778,11.28868],[75.75757,11.2891],[75.75736,11.28978],[75.7571,11.29052],[75.75698,11.29093],[75.75682,11.29124],[75.75672,11.29157],[75.7565,11.2922],[75.75621,11.29301],[75.75586,11.29387],[75.75526,11.29523],[75.75498,11.29601],[75.75469,11.2967],[75.75429,11.29762],[75.75387,11.29915],[75.75251,11.30265],[75.75193,11.30372],[75.75143,11.30499],[75.75093,11.30662],[75.75072,11.30708],[75.74988,11.30902],[75.74925,11.31057],[75.74881,11.31165],[75.74757,11.31492],[75.7474,11.31545],[75.74723,11.31612],[75.74712,11.31644],[75.74686,11.31672],[75.74685,11.31681],[75.74685,11.31684],[75.74696,11.3169],[75.74703,11.31708],[75.74704,11.31747],[75.74699,11.31761],[75.74686,11.31763],[75.74676,11.31776],[75.74613,11.32002],[75.7461,11.32009],[75.74603,11.32014],[75.74582,11.32017],[75.74527,11.32038],[75.74488,11.32054],[75.74474,11.32074],[75.74459,11.32092],[75.74448,11.32104],[75.74429,11.32094],[75.74378,11.32082],[75.74329,11.32078],[75.74289,11.32072],[75.74251,11.32057],[75.74221,11.32057],[75.74207,11.32057],[75.74203,11.32087],[75.74196,11.32107],[75.74191,11.32109],[75.74174,11.32127],[75.74165,11.32153],[75.74144,11.32179],[75.74116,11.32185],[75.74064,11.32196],[75.74038,11.32215],[75.7403,11.32215],[75.74022,11.3221],[75.74014,11.32212],[75.74009,11.32217],[75.74009,11.32221],[75.74019,11.32221],[75.7403,11.32228],[75.7403,11.32241],[75.7402,11.32258],[75.74006,11.32267],[75.73993,11.32274],[75.73985,11.32282],[75.73991,11.32291],[75.74,11.32304],[75.73991,11.32317],[75.73981,11.32323],[75.73963,11.32337],[75.73932,11.32362],[75.73873,11.32379],[75.73844,11.32385],[75.73828,11.3238],[75.73811,11.32384],[75.73803,11.32391],[75.738,11.32402],[75.73802,11.32428],[75.73788,11.32453],[75.73772,11.3246],[75.73754,11.32459],[75.73743,11.32451],[75.73732,11.32459],[75.73726,11.32471],[75.7374,11.32492],[75.73741,11.32529],[75.7374,11.32579],[75.73742,11.32621],[75.73737,11.32653],[75.73729,11.32664],[75.73721,11.3268],[75.73707,11.32704],[75.73719,11.32734],[75.73725,11.32786],[75.73718,11.32829],[75.73708,11.32861],[75.73705,11.32877],[75.73677,11.32933],[75.73662,11.32952],[75.73652,11.32959],[75.73647,11.32959],[75.73633,11.32946],[75.73626,11.32944],[75.73621,11.32944],[75.73618,11.32946],[75.73628,11.32962],[75.73643,11.32973],[75.73649,11.32986],[75.73645,11.3303],[75.73642,11.33042],[75.73636,11.33063],[75.73622,11.33102],[75.73607,11.33132],[75.73578,11.33204],[75.73548,11.33243],[75.73525,11.33289],[75.73499,11.33325],[75.73482,11.33351],[75.73463,11.3337],[75.73456,11.33371],[75.73441,11.33378],[75.73437,11.33399],[75.73422,11.33424],[75.73409,11.33457],[75.73389,11.33481],[75.73385,11.33494],[75.73387,11.33504],[75.73393,11.33512],[75.73404,11.33514],[75.73426,11.33555],[75.73428,11.33605],[75.73441,11.33646],[75.73472,11.33665],[75.73521,11.33679],[75.73549,11.33705],[75.73571,11.33722],[75.736,11.33724],[75.73622,11.33742],[75.73624,11.33763],[75.73628,11.33805],[75.73644,11.33855],[75.73654,11.33887],[75.73667,11.33929],[75.73672,11.33979],[75.73675,11.34012],[75.73676,11.34069],[75.73668,11.34098],[75.73658,11.34136],[75.73639,11.34178],[75.73625,11.34211],[75.73612,11.34248],[75.73596,11.3429],[75.73578,11.34328],[75.73561,11.34369],[75.73548,11.34415],[75.73545,11.3443],[75.73553,11.34443],[75.73559,11.34448],[75.7357,11.34455],[75.73565,11.34485],[75.73535,11.34561],[75.73534,11.34563],[75.73528,11.34605],[75.73529,11.34633],[75.73524,11.34662],[75.7352,11.34694],[75.73517,11.34733],[75.73509,11.34767],[75.73503,11.34792],[75.73501,11.34808],[75.73503,11.34829],[75.73498,11.34855],[75.73493,11.34881],[75.73489,11.34925],[75.73489,11.34943],[75.73489,11.34964],[75.73497,11.3499],[75.73495,11.35014],[75.735,11.35039],[75.73505,11.35061],[75.73453,11.35117],[75.73428,11.35148],[75.73367,11.35203],[75.73417,11.35266],[75.73403,11.35336],[75.73402,11.35424],[75.73404,11.35514],[75.73408,11.35534],[75.73418,11.35591],[75.73462,11.35652],[75.73532,11.35698],[75.73652,11.35694],[75.73772,11.35663],[75.73846,11.35641],[75.73964,11.35601],[75.74035,11.35561],[75.74113,11.35553],[75.74136,11.35551],[75.74247,11.35587],[75.74258,11.35591],[75.74331,11.35656],[75.74365,11.35753],[75.74391,11.35906],[75.74483,11.3602],[75.74625,11.36146],[75.74728,11.36239],[75.74672,11.36431],[75.74658,11.36547],[75.74685,11.36609],[75.747,11.36704],[75.74676,11.36885],[75.74683,11.37027],[75.75022,11.36998],[75.75245,11.37011],[75.75359,11.36931],[75.755,11.36862],[75.7567,11.36815],[75.75822,11.36853],[75.75938,11.36929],[75.76022,11.36969],[75.76133,11.3711],[75.7616,11.37399],[75.76174,11.37556],[75.76213,11.37819],[75.76223,11.37888],[75.76326,11.37969],[75.76335,11.37976],[75.76545,11.38029],[75.76792,11.38002],[75.77112,11.38016],[75.77306,11.38031],[75.77612,11.38054],[75.77782,11.38216],[75.77949,11.38374],[75.78172,11.38513],[75.78245,11.38612],[75.78017,11.39224],[75.78017,11.39267],[75.77964,11.3938],[75.77942,11.39586],[75.77971,11.39641],[75.78037,11.39769],[75.78097,11.39882],[75.7817,11.40203],[75.78217,11.40408],[75.78264,11.40865],[75.78293,11.40955],[75.78365,11.41174],[75.78521,11.41281],[75.78474,11.41399],[75.78371,11.41456],[75.78343,11.41838],[75.78322,11.42034],[75.78234,11.42158],[75.78146,11.42249],[75.78037,11.4241],[75.78089,11.4248],[75.78416,11.42434],[75.7853,11.424],[75.78601,11.42286],[75.78631,11.42143],[75.78618,11.4199],[75.78695,11.41912],[75.78833,11.41925],[75.78964,11.41939],[75.79115,11.41912],[75.79165,11.41904],[75.79239,11.41875],[75.79339,11.41836],[75.79491,11.41813],[75.79627,11.41819],[75.79753,11.41859],[75.79848,11.42005],[75.79959,11.42047],[75.80101,11.4203],[75.80176,11.41845],[75.80172,11.41742],[75.80172,11.41655],[75.80209,11.41642],[75.80339,11.41594],[75.80418,11.41622],[75.80448,11.4174],[75.80446,11.41885],[75.80483,11.42063],[75.8051,11.42079],[75.80588,11.42124],[75.80785,11.42122],[75.80824,11.4213],[75.80925,11.4215],[75.80987,11.42204],[75.81004,11.4232],[75.81021,11.42612],[75.81288,11.42612],[75.81669,11.42612],[75.81815,11.42814],[75.81908,11.42943],[75.82184,11.43161],[75.82204,11.4324],[75.82214,11.43281],[75.82281,11.43599],[75.82429,11.43725],[75.82485,11.43881],[75.82545,11.44005],[75.82682,11.44038],[75.82925,11.44034],[75.83078,11.44056],[75.83161,11.44068],[75.83281,11.44326],[75.83344,11.44438],[75.83373,11.44491],[75.83403,11.44586],[75.83396,11.44616],[75.83601,11.44563],[75.83613,11.44515],[75.83606,11.44432],[75.83613,11.44375],[75.83616,11.44301],[75.83616,11.44237],[75.83612,11.43951],[75.83604,11.43895],[75.83645,11.43761],[75.83643,11.43719],[75.83637,11.43586],[75.83474,11.43599],[75.83287,11.43409],[75.83328,11.4314],[75.83429,11.43035],[75.8364,11.42984],[75.83849,11.42957],[75.84094,11.42865],[75.84243,11.42632],[75.8435,11.42571],[75.84409,11.42532],[75.84527,11.42521],[75.8463,11.42421],[75.84664,11.42388],[75.84882,11.4229],[75.85147,11.42242],[75.85182,11.42136],[75.85283,11.42051],[75.85229,11.4195],[75.85166,11.4186],[75.85054,11.41763],[75.84884,11.41619],[75.84848,11.41507],[75.84814,11.41401],[75.84843,11.41261],[75.84848,11.41199],[75.84974,11.41059],[75.85051,11.4102],[75.85109,11.40991],[75.85384,11.40936],[75.85506,11.40785],[75.85512,11.40652],[75.85517,11.40542],[75.85466,11.40484],[75.8539,11.40426],[75.85284,11.40364],[75.85231,11.40228],[75.85274,11.40151],[75.85424,11.4011],[75.85398,11.39942],[75.85193,11.39696],[75.85148,11.39657],[75.85033,11.39559],[75.8504,11.39495],[75.8505,11.3941],[75.85174,11.39209],[75.85255,11.39129],[75.8536,11.39052],[75.85388,11.38959],[75.85381,11.3882],[75.8535,11.38628],[75.85303,11.38394],[75.85248,11.38255],[75.85278,11.38162],[75.85345,11.38056],[75.85409,11.37934],[75.85416,11.37918],[75.85468,11.37794],[75.85453,11.37711],[75.85447,11.3768],[75.85128,11.37421],[75.85073,11.37334],[75.8507,11.37307],[75.85054,11.37166],[75.85048,11.3704],[75.84995,11.36897],[75.849,11.3675],[75.84764,11.36579],[75.84729,11.36535],[75.8465,11.3632],[75.84628,11.3626],[75.84607,11.36092],[75.8461,11.36008],[75.84613,11.35916],[75.84617,11.35682],[75.84649,11.3556],[75.84687,11.35476],[75.84723,11.35399],[75.84813,11.35281],[75.85006,11.35142],[75.85204,11.34941],[75.85288,11.34912],[75.85335,11.34896],[75.85466,11.34877],[75.85595,11.34896],[75.85776,11.35001],[75.85932,11.35134],[75.85958,11.35156],[75.86144,11.35407],[75.86173,11.35484],[75.86214,11.35595],[75.86293,11.35804],[75.86329,11.35945],[75.86367,11.36038],[75.86391,11.36061],[75.86441,11.36107],[75.86566,11.36111],[75.86728,11.361],[75.86847,11.36129],[75.86851,11.36229],[75.86933,11.36322],[75.87017,11.36338],[75.87216,11.36376],[75.87364,11.36355],[75.87448,11.36303],[75.87571,11.36285],[75.87632,11.36365],[75.87577,11.36456],[75.8755,11.36566],[75.87603,11.36663],[75.87733,11.36703],[75.87862,11.36794],[75.87997,11.36906],[75.8812,11.36868],[75.88269,11.36799],[75.88439,11.3673],[75.88633,11.36659],[75.88774,11.36583],[75.88825,11.3644],[75.88802,11.36316],[75.88774,11.36053],[75.88804,11.35843],[75.8881,11.35796],[75.88833,11.35643],[75.88873,11.35562],[75.88888,11.35531],[75.8896,11.35502],[75.89116,11.35475],[75.89228,11.35461],[75.89351,11.35388],[75.89395,11.35277],[75.89444,11.35113],[75.89556,11.35032],[75.8976,11.34912],[75.8979,11.34819],[75.89769,11.34722],[75.89693,11.34662],[75.89594,11.34629],[75.89486,11.3462],[75.89391,11.34577],[75.89435,11.34442],[75.89503,11.3431],[75.89537,11.34284],[75.89585,11.34248],[75.89722,11.34144],[75.89739,11.34115],[75.8975,11.34088],[75.8976,11.33968],[75.89775,11.33896],[75.89832,11.3384],[75.8995,11.33825],[75.90066,11.33842],[75.9018,11.33879],[75.90288,11.33919],[75.90461,11.33948],[75.90552,11.33959],[75.90816,11.34005],[75.90964,11.33941],[75.91112,11.33863],[75.9124,11.33798],[75.91321,11.33757],[75.91448,11.33687],[75.9153,11.33642],[75.91624,11.33637],[75.91676,11.33673],[75.91771,11.33724],[75.91943,11.33666],[75.92083,11.33617],[75.92093,11.33608],[75.9222,11.33487],[75.92387,11.3341],[75.92517,11.3343],[75.92578,11.33451],[75.92628,11.33455],[75.92692,11.33432],[75.92743,11.33434],[75.92784,11.33465],[75.92805,11.3354],[75.9281,11.3362],[75.92902,11.33593],[75.9304,11.33517],[75.93147,11.33448],[75.93289,11.3338],[75.93345,11.33361],[75.93482,11.33315],[75.93641,11.33278],[75.93885,11.33217],[75.93973,11.33205],[75.94069,11.33193],[75.94266,11.33195],[75.94434,11.33218],[75.94522,11.33246],[75.94586,11.33301],[75.94724,11.3346],[75.94737,11.33475],[75.94816,11.33544],[75.9488,11.336],[75.95044,11.33751],[75.95107,11.33839],[75.95181,11.33942],[75.95368,11.34169],[75.95416,11.34219]]]]}},{"type":"Feature","properties":{"name":"Mananthavady","level":"6"},"geometry":{"type":"MultiPolygon","coordinates":[[[[75.78876,11.77601],[75.79026,11.77685],[75.79257,11.77994],[75.7933,11.78296],[75.79401,11.78469],[75.79401,11.78563],[75.79446,11.78899],[75.79381,11.79047],[75.79367,11.7908],[75.79129,11.79246],[75.78856,11.79389],[75.78837,11.79399],[75.78275,11.79754],[75.78186,11.79833],[75.78103,11.79907],[75.77858,11.80048],[75.7771,11.80143],[75.77315,11.80399],[75.77502,11.80437],[75.7765,11.80487],[75.77805,11.80552],[75.77891,11.80609],[75.7797,11.80664],[75.78037,11.8075],[75.78075,11.80806],[75.78144,11.81046],[75.78391,11.81191],[75.78852,11.81321],[75.7924,11.81539],[75.79657,11.81854],[75.7983,11.82025],[75.79848,11.82184],[75.79854,11.82396],[75.7983,11.82564],[75.79826,11.8272],[75.79779,11.82814],[75.7968,11.82942],[75.79558,11.83033],[75.7944,11.83056],[75.79311,11.83144],[75.79219,11.83245],[75.79099,11.83365],[75.79028,11.83518],[75.79,11.83606],[75.79011,11.84108],[75.79146,11.84364],[75.7924,11.84503],[75.79463,11.84564],[75.80062,11.84524],[75.80302,11.84591],[75.80554,11.84791],[75.80588,11.8508],[75.80565,11.85124],[75.80511,11.85227],[75.80545,11.85379],[75.80601,11.85477],[75.80691,11.85563],[75.80843,11.85656],[75.80856,11.85658],[75.80983,11.85702],[75.81137,11.8571],[75.81322,11.85712],[75.81481,11.85662],[75.81656,11.85624],[75.81742,11.85635],[75.81792,11.85725],[75.8185,11.85803],[75.8192,11.8587],[75.82036,11.85832],[75.82096,11.85719],[75.82182,11.85561],[75.82289,11.85358],[75.82392,11.85307],[75.82525,11.85278],[75.82631,11.8525],[75.82839,11.85232],[75.82897,11.85227],[75.83156,11.8525],[75.83287,11.8524],[75.83433,11.85253],[75.83515,11.85248],[75.85384,11.84994],[75.85937,11.85009],[75.86079,11.85055],[75.86208,11.85007],[75.86356,11.84984],[75.86463,11.84984],[75.86513,11.84979],[75.87278,11.84906],[75.87613,11.84818],[75.87737,11.84787],[75.87765,11.8478],[75.87946,11.84738],[75.8804,11.84667],[75.88122,11.84606],[75.88248,11.84557],[75.88461,11.84606],[75.88641,11.84755],[75.88772,11.84688],[75.88905,11.84581],[75.88991,11.84481],[75.8901,11.84459],[75.89132,11.84356],[75.8925,11.84331],[75.89375,11.8432],[75.89538,11.84312],[75.9004,11.84328],[75.90422,11.84385],[75.90626,11.84444],[75.90778,11.84503],[75.90967,11.84564],[75.91158,11.84595],[75.91317,11.84616],[75.91587,11.8457],[75.91774,11.84631],[75.91954,11.8469],[75.9207,11.84709],[75.9219,11.84707],[75.92379,11.8473],[75.92541,11.84696],[75.92548,11.84579],[75.92563,11.84497],[75.92566,11.84431],[75.92594,11.8431],[75.92685,11.84291],[75.92728,11.84327],[75.92753,11.84478],[75.9274,11.84532],[75.92717,11.84627],[75.92691,11.84713],[75.92646,11.84783],[75.92625,11.84867],[75.92612,11.85033],[75.92647,11.852],[75.92719,11.85311],[75.92757,11.85412],[75.9288,11.85679],[75.92931,11.85786],[75.93011,11.85807],[75.93042,11.85863],[75.93039,11.85933],[75.92987,11.86052],[75.92886,11.86201],[75.92852,11.86234],[75.92788,11.86294],[75.92714,11.86321],[75.92637,11.86373],[75.9256,11.86462],[75.9243,11.86589],[75.92318,11.86704],[75.92194,11.86882],[75.9214,11.86943],[75.92053,11.87015],[75.92025,11.87041],[75.91874,11.87098],[75.91748,11.87127],[75.91625,11.87196],[75.91483,11.87271],[75.91376,11.8732],[75.91293,11.87338],[75.91234,11.87372],[75.91189,11.87431],[75.91173,11.87551],[75.91227,11.87614],[75.91378,11.87693],[75.91515,11.87752],[75.91668,11.87826],[75.91728,11.87867],[75.91854,11.87987],[75.91946,11.88048],[75.92146,11.8808],[75.92335,11.88064],[75.92528,11.88097],[75.92644,11.88192],[75.92915,11.88261],[75.93103,11.88397],[75.93201,11.8847],[75.93302,11.88586],[75.93442,11.8883],[75.93528,11.88984],[75.93571,11.89208],[75.93552,11.89415],[75.93541,11.89791],[75.93599,11.90022],[75.93697,11.90163],[75.93778,11.90261],[75.93803,11.90304],[75.93824,11.90383],[75.93763,11.9045],[75.93742,11.90482],[75.93706,11.9062],[75.93674,11.90783],[75.93657,11.90897],[75.93611,11.91039],[75.93552,11.91168],[75.93484,11.91232],[75.93406,11.91265],[75.93302,11.91307],[75.93229,11.91323],[75.93181,11.91395],[75.93156,11.91451],[75.9312,11.9158],[75.93074,11.91651],[75.92976,11.91748],[75.92901,11.91811],[75.92805,11.91876],[75.92745,11.91906],[75.92661,11.91943],[75.92528,11.92001],[75.92495,11.92087],[75.92503,11.92184],[75.92523,11.92258],[75.92597,11.9244],[75.92611,11.92541],[75.92606,11.92629],[75.92579,11.92734],[75.92517,11.92929],[75.92501,11.9308],[75.92531,11.93205],[75.92571,11.93265],[75.92796,11.9348],[75.93011,11.93555],[75.93246,11.93531],[75.93502,11.93473],[75.9366,11.93418],[75.93678,11.9354],[75.93719,11.93701],[75.93836,11.93931],[75.93849,11.94028],[75.9383,11.94166],[75.94536,11.94142],[75.94796,11.94165],[75.9494,11.94146],[75.95078,11.94093],[75.9519,11.94083],[75.95289,11.94111],[75.95367,11.94165],[75.95501,11.94167],[75.95645,11.9416],[75.95786,11.94124],[75.95936,11.9404],[75.96231,11.93919],[75.96538,11.93825],[75.9672,11.93727],[75.96818,11.93706],[75.9691,11.93694],[75.96962,11.93674],[75.9697,11.93672],[75.97083,11.93643],[75.97153,11.93594],[75.97287,11.9354],[75.97394,11.93497],[75.97639,11.93408],[75.97846,11.93437],[75.98015,11.93415],[75.98257,11.93356],[75.98546,11.93307],[75.98704,11.93366],[75.99126,11.93398],[75.99435,11.93213],[75.99721,11.93196],[75.99874,11.93136],[75.99975,11.93125],[76.0013,11.93128],[76.00363,11.93121],[76.00451,11.93344],[76.00507,11.93495],[76.00539,11.93562],[76.00602,11.93696],[76.00659,11.93821],[76.00769,11.93912],[76.00987,11.93985],[76.0107,11.94084],[76.01288,11.94174],[76.01414,11.94154],[76.01618,11.94097],[76.01871,11.94203],[76.02056,11.94259],[76.02207,11.944],[76.02608,11.94345],[76.02726,11.94232],[76.02796,11.94096],[76.03185,11.9398],[76.03364,11.94009],[76.0377,11.9431],[76.03896,11.94502],[76.04029,11.94573],[76.04226,11.94595],[76.04472,11.95043],[76.04802,11.95192],[76.04962,11.95136],[76.05179,11.95158],[76.05388,11.95367],[76.05667,11.95681],[76.06178,11.96016],[76.06655,11.96293],[76.06799,11.96362],[76.06891,11.96547],[76.0706,11.96727],[76.07419,11.96827],[76.07856,11.96878],[76.08157,11.96853],[76.0851,11.96769],[76.08775,11.9676],[76.08966,11.96734],[76.09163,11.96807],[76.09392,11.9686],[76.09612,11.97005],[76.10439,11.97541],[76.10883,11.97729],[76.11255,11.97868],[76.11243,11.95825],[76.11258,11.94722],[76.11263,11.93867],[76.11266,11.93403],[76.11328,11.91857],[76.11326,11.91702],[76.11317,11.90777],[76.11339,11.8947],[76.1118,11.88763],[76.11193,11.8853],[76.11244,11.88058],[76.11361,11.87489],[76.11486,11.86653],[76.11381,11.86307],[76.11345,11.86131],[76.11279,11.85834],[76.1163,11.85774],[76.11783,11.85709],[76.11668,11.85609],[76.11743,11.85421],[76.11916,11.85275],[76.12013,11.85061],[76.1215,11.84925],[76.12043,11.84786],[76.11916,11.84652],[76.11708,11.84375],[76.11566,11.84282],[76.11373,11.84175],[76.10998,11.84039],[76.10504,11.84005],[76.10155,11.83885],[76.10023,11.83839],[76.09637,11.83726],[76.09234,11.8365],[76.09088,11.83522],[76.08918,11.83331],[76.0879,11.83081],[76.0873,11.82894],[76.08754,11.82841],[76.08822,11.8269],[76.08901,11.8251],[76.09045,11.82285],[76.092,11.81999],[76.09195,11.81684],[76.09124,11.81546],[76.09043,11.81449],[76.08869,11.81308],[76.08715,11.81195],[76.0865,11.81168],[76.08627,11.80848],[76.08586,11.80746],[76.08481,11.80741],[76.0832,11.80779],[76.08142,11.80838],[76.07991,11.80798],[76.0788,11.80701],[76.07725,11.80424],[76.07694,11.80373],[76.07507,11.80072],[76.07512,11.79931],[76.07596,11.79832],[76.07612,11.79758],[76.07669,11.7962],[76.07706,11.79519],[76.07779,11.79363],[76.07843,11.79292],[76.08032,11.79233],[76.08326,11.79206],[76.0856,11.79196],[76.08674,11.79191],[76.08707,11.79184],[76.08869,11.79151],[76.0903,11.79147],[76.09086,11.79065],[76.09094,11.78918],[76.09129,11.78845],[76.09195,11.78805],[76.09298,11.78767],[76.09347,11.78748],[76.0947,11.78702],[76.09554,11.78584],[76.09661,11.78538],[76.09852,11.78437],[76.09944,11.78393],[76.10129,11.78416],[76.10294,11.78458],[76.10375,11.78443],[76.1047,11.78353],[76.10633,11.78238],[76.10744,11.78191],[76.10912,11.78175],[76.11034,11.78219],[76.11255,11.78221],[76.11491,11.78204],[76.11521,11.78284],[76.11541,11.78378],[76.11652,11.78425],[76.11701,11.78319],[76.11734,11.78271],[76.11759,11.78147],[76.11841,11.78049],[76.11781,11.77773],[76.11693,11.77702],[76.11686,11.77563],[76.11747,11.77479],[76.11807,11.77326],[76.11843,11.77206],[76.11719,11.77103],[76.11614,11.77047],[76.11667,11.77009],[76.11594,11.76742],[76.11491,11.76521],[76.11431,11.76383],[76.11412,11.7615],[76.11412,11.75965],[76.11427,11.75725],[76.11493,11.75536],[76.11543,11.75257],[76.11579,11.75091],[76.11626,11.74904],[76.11723,11.74698],[76.11832,11.74484],[76.11794,11.74391],[76.11738,11.74244],[76.10944,11.74456],[76.10561,11.74589],[76.1045,11.74639],[76.10311,11.747],[76.09768,11.75032],[76.09375,11.74988],[76.09185,11.74626],[76.0894,11.74574],[76.08777,11.74387],[76.08573,11.74282],[76.08517,11.73982],[76.0833,11.73883],[76.08305,11.73811],[76.08306,11.73696],[76.08307,11.73662],[76.08388,11.73597],[76.08513,11.73471],[76.08539,11.73356],[76.08554,11.7329],[76.08451,11.73087],[76.08388,11.72586],[76.08421,11.72446],[76.0847,11.72349],[76.08401,11.7217],[76.08277,11.72009],[76.08109,11.71618],[76.08097,11.71494],[76.08086,11.7148],[76.08079,11.71444],[76.08004,11.71332],[76.07949,11.71335],[76.0771,11.71349],[76.07591,11.71277],[76.07437,11.70982],[76.07436,11.70811],[76.07436,11.70807],[76.07672,11.7062],[76.07338,11.70411],[76.07262,11.70364],[76.06964,11.70483],[76.06652,11.70317],[76.06635,11.70191],[76.0664,11.70011],[76.06592,11.69752],[76.0661,11.69559],[76.06598,11.69554],[76.06431,11.69492],[76.06268,11.69288],[76.06263,11.69275],[76.06086,11.68905],[76.06095,11.68818],[76.06102,11.68747],[76.06125,11.6854],[76.05904,11.68327],[76.05829,11.68185],[76.05695,11.68092],[76.05603,11.6817],[76.05442,11.68227],[76.0509,11.68248],[76.04869,11.68315],[76.04655,11.68395],[76.04528,11.68451],[76.0455,11.68596],[76.04616,11.6862],[76.047,11.68647],[76.04681,11.68716],[76.0446,11.68733],[76.04303,11.68783],[76.04208,11.68907],[76.04192,11.69036],[76.04171,11.69198],[76.04166,11.69239],[76.03612,11.69582],[76.03571,11.69607],[76.03191,11.69622],[76.03039,11.69609],[76.02865,11.69723],[76.02779,11.69855],[76.02679,11.69996],[76.02597,11.69994],[76.02545,11.69876],[76.02537,11.69737],[76.02468,11.69569],[76.02367,11.69483],[76.02245,11.69439],[76.02061,11.6941],[76.01966,11.69481],[76.01951,11.6958],[76.0197,11.69716],[76.02039,11.69861],[76.02072,11.69917],[76.02127,11.70013],[76.02103,11.702],[76.02041,11.70214],[76.02024,11.7021],[76.01925,11.70183],[76.01833,11.70118],[76.01661,11.69954],[76.01462,11.69845],[76.0139,11.69847],[76.01363,11.69848],[76.01232,11.69853],[76.0123,11.69932],[76.01226,11.70137],[76.01312,11.70261],[76.01458,11.70338],[76.01533,11.7044],[76.01548,11.7046],[76.01625,11.70557],[76.01649,11.70658],[76.01623,11.70742],[76.0161,11.70837],[76.01608,11.70855],[76.01609,11.70858],[76.01644,11.70973],[76.01673,11.71007],[76.01692,11.71029],[76.01698,11.71036],[76.01762,11.71034],[76.01786,11.71034],[76.01892,11.70969],[76.01917,11.70953],[76.01953,11.70931],[76.01987,11.7091],[76.02011,11.70895],[76.02081,11.70791],[76.0211,11.70748],[76.02172,11.70691],[76.02267,11.70677],[76.02387,11.70687],[76.02395,11.70755],[76.0241,11.70872],[76.02393,11.70922],[76.02378,11.70964],[76.02288,11.71042],[76.02276,11.71223],[76.02269,11.71338],[76.023,11.71671],[76.02342,11.71731],[76.02455,11.7178],[76.02561,11.71805],[76.02734,11.71824],[76.02796,11.71839],[76.02994,11.71889],[76.03012,11.71904],[76.03184,11.72049],[76.03168,11.72221],[76.03166,11.72242],[76.03142,11.72494],[76.03055,11.72558],[76.02856,11.72578],[76.02841,11.72579],[76.02779,11.72572],[76.02738,11.72568],[76.02582,11.72501],[76.02452,11.72485],[76.02284,11.72474],[76.02118,11.72405],[76.02061,11.72353],[76.02049,11.72343],[76.01977,11.72361],[76.01904,11.72312],[76.01815,11.7237],[76.01744,11.72415],[76.01671,11.7243],[76.01543,11.72387],[76.01449,11.72303],[76.01376,11.72239],[76.01225,11.72123],[76.01079,11.72068],[76.00921,11.72056],[76.00832,11.72051],[76.00724,11.72045],[76.00581,11.71972],[76.00439,11.71852],[76.00418,11.71748],[76.00406,11.71691],[76.00372,11.7156],[76.00295,11.71373],[76.00294,11.71297],[76.00294,11.71295],[76.00233,11.71209],[76.00145,11.71144],[76.00099,11.71111],[76.00089,11.71103],[75.99996,11.71041],[75.99929,11.71015],[75.99894,11.71002],[75.99826,11.70977],[75.99724,11.70888],[75.99604,11.7088],[75.9953,11.70959],[75.99401,11.70967],[75.99195,11.70966],[75.99068,11.70945],[75.98966,11.70836],[75.98813,11.70743],[75.98617,11.70546],[75.9852,11.7051],[75.9845,11.70537],[75.98311,11.70567],[75.98079,11.70512],[75.97973,11.70495],[75.97867,11.70437],[75.97828,11.70302],[75.9778,11.70216],[75.97671,11.70171],[75.97575,11.70195],[75.97419,11.70386],[75.97327,11.70502],[75.97294,11.70626],[75.97281,11.70642],[75.97253,11.70678],[75.97122,11.70698],[75.97007,11.70647],[75.96936,11.70583],[75.96888,11.70527],[75.96853,11.70488],[75.96818,11.7038],[75.96779,11.70319],[75.96741,11.70258],[75.96714,11.70164],[75.9671,11.7015],[75.96691,11.70034],[75.96686,11.70009],[75.96663,11.69915],[75.96628,11.69866],[75.96588,11.6981],[75.96489,11.69735],[75.96491,11.69613],[75.9647,11.6954],[75.964,11.69464],[75.96331,11.69335],[75.9628,11.6925],[75.96249,11.69199],[75.96248,11.69197],[75.96137,11.69132],[75.9608,11.69098],[75.96074,11.69098],[75.95909,11.69097],[75.95829,11.69097],[75.95716,11.69097],[75.95663,11.69132],[75.95542,11.69251],[75.95273,11.69459],[75.95099,11.69625],[75.9456,11.69638],[75.94506,11.69614],[75.94417,11.69575],[75.94257,11.69491],[75.94034,11.69374],[75.93755,11.69285],[75.93493,11.69113],[75.93269,11.68989],[75.93156,11.68941],[75.93053,11.68901],[75.92925,11.68844],[75.92785,11.68823],[75.92717,11.68851],[75.92601,11.68927],[75.92441,11.69059],[75.92349,11.69098],[75.92224,11.69152],[75.92126,11.69167],[75.91914,11.69135],[75.91834,11.69125],[75.91763,11.6911],[75.91732,11.69096],[75.91476,11.68975],[75.91392,11.69136],[75.9104,11.69307],[75.90819,11.69445],[75.9063,11.695],[75.90469,11.69559],[75.9039,11.69611],[75.90345,11.69641],[75.90188,11.69748],[75.90062,11.69857],[75.89965,11.69887],[75.89836,11.69872],[75.89684,11.69872],[75.89381,11.69912],[75.8922,11.69954],[75.89077,11.6995],[75.88965,11.69927],[75.88925,11.69924],[75.88776,11.69916],[75.88632,11.6992],[75.8851,11.69925],[75.88216,11.69937],[75.88113,11.70071],[75.88019,11.70183],[75.87845,11.70343],[75.87735,11.70429],[75.87605,11.70429],[75.87517,11.70357],[75.87435,11.70256],[75.87353,11.70181],[75.87291,11.70177],[75.87002,11.70183],[75.86757,11.7021],[75.86619,11.70268],[75.86592,11.7028],[75.86493,11.70366],[75.86384,11.70462],[75.86274,11.70471],[75.8615,11.70414],[75.85856,11.70307],[75.85652,11.70233],[75.85392,11.70269],[75.85176,11.70366],[75.85051,11.70448],[75.8465,11.70622],[75.84592,11.70746],[75.84583,11.70988],[75.846,11.71223],[75.84536,11.7141],[75.84339,11.71584],[75.841,11.71803],[75.83873,11.71925],[75.83721,11.71967],[75.83549,11.71965],[75.83289,11.72007],[75.83156,11.72179],[75.83092,11.72324],[75.83062,11.72456],[75.82927,11.72513],[75.82772,11.72574],[75.82747,11.72696],[75.82581,11.72738],[75.82485,11.72776],[75.82384,11.72939],[75.82196,11.73099],[75.82173,11.733],[75.82118,11.73391],[75.81953,11.73406],[75.81759,11.73612],[75.81614,11.73799],[75.81506,11.73931],[75.81399,11.73984],[75.81264,11.73984],[75.81187,11.73982],[75.81144,11.74049],[75.81099,11.74223],[75.80845,11.74211],[75.80652,11.74246],[75.80476,11.74286],[75.80294,11.74351],[75.80191,11.74368],[75.80168,11.74362],[75.79908,11.74297],[75.79749,11.74287],[75.79654,11.74282],[75.7953,11.74282],[75.79453,11.74276],[75.79407,11.743],[75.79407,11.74445],[75.79594,11.74593],[75.79772,11.74673],[75.79888,11.74792],[75.80011,11.74897],[75.80034,11.75114],[75.80017,11.75196],[75.79815,11.75303],[75.79584,11.75341],[75.79423,11.75376],[75.79296,11.75488],[75.78899,11.75776],[75.78584,11.75841],[75.78431,11.75967],[75.78395,11.76141],[75.7847,11.76307],[75.78597,11.76349],[75.78749,11.7641],[75.78816,11.76514],[75.78845,11.76559],[75.78858,11.76706],[75.78996,11.77152],[75.78963,11.77237],[75.78948,11.77273],[75.78845,11.77372],[75.78822,11.77511],[75.78876,11.77601]]]]}},{"type":"Feature","properties":{"name":"Vythiri","level":"6"},"geometry":{"type":"MultiPolygon","coordinates":[[[[76.19572,11.50139],[76.19543,11.50116],[76.1951,11.5008],[76.19472,11.50037],[76.19395,11.49982],[76.1929,11.49872],[76.1925,11.49777],[76.19238,11.49765],[76.19206,11.49731],[76.19193,11.49685],[76.19185,11.49681],[76.19126,11.49651],[76.19124,11.4964],[76.19118,11.49593],[76.19114,11.49563],[76.19104,11.49559],[76.19083,11.4955],[76.19058,11.4954],[76.18997,11.49544],[76.18989,11.49519],[76.18983,11.495],[76.18867,11.49459],[76.18996,11.49318],[76.18956,11.49266],[76.18884,11.49209],[76.18826,11.49177],[76.18768,11.49143],[76.18787,11.49095],[76.1883,11.49076],[76.18836,11.49046],[76.18813,11.49028],[76.18734,11.49034],[76.18721,11.49035],[76.18665,11.48972],[76.18656,11.48972],[76.18622,11.48975],[76.18592,11.48977],[76.18566,11.48946],[76.18571,11.48915],[76.18577,11.48899],[76.18594,11.48853],[76.18576,11.48834],[76.18552,11.48831],[76.18534,11.48829],[76.18501,11.48837],[76.18508,11.48819],[76.18521,11.48783],[76.18515,11.4874],[76.18514,11.48728],[76.18506,11.48676],[76.18505,11.48665],[76.18507,11.48642],[76.18511,11.48599],[76.18511,11.4859],[76.18495,11.4855],[76.18528,11.48495],[76.18524,11.48469],[76.18515,11.48457],[76.18495,11.48433],[76.18478,11.48404],[76.18446,11.48392],[76.18427,11.48397],[76.18405,11.48402],[76.18378,11.48412],[76.18332,11.48418],[76.18302,11.48434],[76.18281,11.48432],[76.18252,11.48419],[76.18236,11.48417],[76.18203,11.4837],[76.18208,11.48338],[76.18299,11.48244],[76.18428,11.48127],[76.18593,11.47915],[76.18656,11.47766],[76.18623,11.47563],[76.18525,11.47528],[76.18291,11.47496],[76.18139,11.47347],[76.18001,11.47154],[76.17729,11.47094],[76.17534,11.46828],[76.17304,11.46755],[76.17103,11.4671],[76.16907,11.46624],[76.16741,11.46414],[76.16603,11.46198],[76.16471,11.45959],[76.16314,11.45777],[76.16129,11.45601],[76.15983,11.45601],[76.1589,11.45698],[76.15816,11.45678],[76.15774,11.45638],[76.15693,11.45539],[76.1529,11.45367],[76.15088,11.45227],[76.14825,11.45301],[76.1462,11.45192],[76.14385,11.45187],[76.14334,11.45136],[76.14215,11.45341],[76.14041,11.45587],[76.13768,11.45789],[76.13688,11.4589],[76.13537,11.46025],[76.13335,11.46104],[76.13261,11.46139],[76.13198,11.46265],[76.13095,11.46396],[76.12976,11.46402],[76.12907,11.46464],[76.1282,11.4654],[76.12793,11.46605],[76.12589,11.46693],[76.12527,11.46831],[76.12467,11.4694],[76.12458,11.47117],[76.12415,11.47361],[76.12325,11.47422],[76.1222,11.47493],[76.1189,11.47625],[76.11631,11.47615],[76.11479,11.47662],[76.11372,11.47747],[76.11299,11.4787],[76.1123,11.47963],[76.11196,11.48035],[76.10839,11.48037],[76.10695,11.481],[76.10612,11.48192],[76.10412,11.48252],[76.10179,11.48348],[76.0989,11.4836],[76.09826,11.48362],[76.09612,11.48367],[76.0945,11.48271],[76.09281,11.48226],[76.0922,11.48196],[76.09128,11.48309],[76.09005,11.48573],[76.08967,11.48654],[76.08906,11.48692],[76.08814,11.48774],[76.08841,11.48929],[76.08928,11.49055],[76.09,11.49138],[76.0909,11.49238],[76.09231,11.49311],[76.09147,11.49419],[76.09096,11.49585],[76.09105,11.49721],[76.09148,11.49901],[76.09103,11.50028],[76.08939,11.50356],[76.08888,11.50586],[76.0889,11.50717],[76.08893,11.50867],[76.08959,11.51123],[76.08964,11.51227],[76.08853,11.51346],[76.08619,11.51428],[76.08584,11.51392],[76.08357,11.51436],[76.08234,11.51522],[76.08213,11.51716],[76.08126,11.51925],[76.07714,11.52417],[76.0761,11.52496],[76.0756,11.5249],[76.07515,11.52412],[76.07422,11.52334],[76.07261,11.52208],[76.07226,11.52043],[76.07139,11.51805],[76.06933,11.51773],[76.06758,11.5171],[76.0673,11.51558],[76.06623,11.51453],[76.06485,11.51334],[76.06363,11.51147],[76.06307,11.51046],[76.06146,11.51029],[76.05909,11.50947],[76.05763,11.50919],[76.0565,11.50824],[76.05594,11.50539],[76.05467,11.5037],[76.05355,11.50337],[76.05094,11.50417],[76.04901,11.50484],[76.04757,11.50595],[76.04649,11.50667],[76.04465,11.50781],[76.04354,11.50614],[76.04198,11.50602],[76.0405,11.50572],[76.03863,11.50515],[76.03827,11.50656],[76.03742,11.50851],[76.03582,11.50968],[76.03398,11.51133],[76.03178,11.51205],[76.03013,11.51265],[76.02787,11.51419],[76.02542,11.51461],[76.02447,11.51457],[76.02355,11.51453],[76.021,11.51421],[76.01877,11.51472],[76.01822,11.51641],[76.01814,11.51649],[76.01688,11.5178],[76.01562,11.51846],[76.01462,11.51899],[76.01419,11.52135],[76.01241,11.52231],[76.01121,11.5224],[76.01095,11.52241],[76.0101,11.52248],[76.00706,11.5226],[76.00441,11.52382],[76.00287,11.52556],[75.99952,11.52734],[75.99927,11.52852],[75.99897,11.52996],[75.99768,11.53265],[75.99616,11.53582],[75.99454,11.53679],[75.99256,11.53643],[75.99046,11.5376],[75.9883,11.53901],[75.98522,11.54059],[75.98112,11.54059],[75.97986,11.5416],[75.97917,11.54215],[75.97694,11.54393],[75.97671,11.54416],[75.97502,11.54581],[75.97449,11.54634],[75.97378,11.54718],[75.97294,11.54826],[75.97126,11.55072],[75.96879,11.55276],[75.96608,11.55544],[75.96528,11.55601],[75.96429,11.5567],[75.96161,11.55811],[75.95876,11.55951],[75.95876,11.55982],[75.95905,11.56043],[75.95942,11.56151],[75.9593,11.56335],[75.95922,11.56381],[75.95912,11.56473],[75.95886,11.56586],[75.95892,11.56679],[75.95869,11.5674],[75.95828,11.56785],[75.95766,11.5683],[75.95757,11.5686],[75.95802,11.56938],[75.95816,11.5703],[75.95806,11.57091],[75.95782,11.57152],[75.95727,11.57235],[75.95811,11.57335],[75.95817,11.57367],[75.95824,11.57421],[75.95814,11.57482],[75.95775,11.57535],[75.95712,11.57579],[75.95641,11.57609],[75.95571,11.5763],[75.95531,11.57683],[75.95507,11.57744],[75.95459,11.57804],[75.95406,11.57882],[75.95385,11.57904],[75.95365,11.57932],[75.95317,11.57985],[75.95268,11.58031],[75.9519,11.58085],[75.95089,11.58104],[75.95028,11.5808],[75.94811,11.5803],[75.94742,11.57991],[75.9472,11.57998],[75.94656,11.58081],[75.94601,11.58118],[75.94463,11.58164],[75.94047,11.58371],[75.94025,11.58437],[75.94,11.5852],[75.93922,11.58718],[75.93877,11.58837],[75.93837,11.58939],[75.93794,11.58962],[75.93732,11.5896],[75.93635,11.58953],[75.93579,11.58971],[75.93497,11.58994],[75.93488,11.58999],[75.93437,11.59035],[75.93373,11.5903],[75.93281,11.59005],[75.93168,11.58969],[75.93065,11.58953],[75.92947,11.59011],[75.92838,11.5911],[75.92768,11.5919],[75.92725,11.59286],[75.9268,11.59218],[75.92614,11.59234],[75.92461,11.59246],[75.92384,11.59209],[75.92282,11.59234],[75.92123,11.59372],[75.91905,11.59435],[75.91823,11.59508],[75.91788,11.59635],[75.91721,11.59801],[75.9166,11.59902],[75.91559,11.59983],[75.9147,11.60037],[75.9136,11.60063],[75.91271,11.60069],[75.91021,11.60105],[75.90922,11.6017],[75.90857,11.60245],[75.90811,11.60349],[75.90756,11.60614],[75.90708,11.60784],[75.90634,11.60934],[75.90629,11.61102],[75.90588,11.61248],[75.90517,11.6137],[75.90449,11.61437],[75.90289,11.6152],[75.90223,11.61567],[75.90198,11.61639],[75.90184,11.6176],[75.90139,11.61988],[75.90003,11.62095],[75.89875,11.62201],[75.89827,11.6226],[75.89817,11.62312],[75.89811,11.62361],[75.89807,11.62422],[75.89799,11.6255],[75.89826,11.62638],[75.89851,11.62701],[75.89958,11.62871],[75.89969,11.62974],[75.8997,11.63091],[75.89965,11.63212],[75.89979,11.63292],[75.90002,11.63501],[75.90006,11.63583],[75.89948,11.63774],[75.89845,11.64009],[75.898,11.64143],[75.89765,11.6424],[75.89795,11.6433],[75.89928,11.64442],[75.90006,11.64593],[75.90068,11.64728],[75.90308,11.65085],[75.90349,11.65266],[75.90349,11.65444],[75.90347,11.65585],[75.90334,11.65701],[75.90422,11.65797],[75.90549,11.66062],[75.90538,11.66319],[75.90499,11.66491],[75.9042,11.66899],[75.90396,11.66943],[75.90252,11.67216],[75.90177,11.67413],[75.90139,11.67556],[75.90188,11.6775],[75.90338,11.67907],[75.90461,11.6797],[75.90574,11.68065],[75.90645,11.68168],[75.90737,11.68292],[75.90881,11.68355],[75.91023,11.68382],[75.91375,11.68617],[75.91529,11.68762],[75.91551,11.68895],[75.91476,11.68975],[75.91732,11.69096],[75.91763,11.6911],[75.91834,11.69125],[75.91914,11.69135],[75.92126,11.69167],[75.92224,11.69152],[75.92349,11.69098],[75.92441,11.69059],[75.92601,11.68927],[75.92717,11.68851],[75.92785,11.68823],[75.92925,11.68844],[75.93053,11.68901],[75.93156,11.68941],[75.93269,11.68989],[75.93493,11.69113],[75.93755,11.69285],[75.94034,11.69374],[75.94257,11.69491],[75.94417,11.69575],[75.94506,11.69614],[75.9456,11.69638],[75.95099,11.69625],[75.95273,11.69459],[75.95542,11.69251],[75.95663,11.69132],[75.95716,11.69097],[75.95829,11.69097],[75.95909,11.69097],[75.96074,11.69098],[75.9608,11.69098],[75.96137,11.69132],[75.96248,11.69197],[75.96249,11.69199],[75.9628,11.6925],[75.96331,11.69335],[75.964,11.69464],[75.9647,11.6954],[75.96491,11.69613],[75.96489,11.69735],[75.96588,11.6981],[75.96628,11.69866],[75.96663,11.69915],[75.96686,11.70009],[75.96691,11.70034],[75.9671,11.7015],[75.96714,11.70164],[75.96741,11.70258],[75.96779,11.70319],[75.96818,11.7038],[75.96853,11.70488],[75.96888,11.70527],[75.96936,11.70583],[75.97007,11.70647],[75.97122,11.70698],[75.97253,11.70678],[75.97281,11.70642],[75.97294,11.70626],[75.97327,11.70502],[75.97419,11.70386],[75.97575,11.70195],[75.97671,11.70171],[75.9778,11.70216],[75.97828,11.70302],[75.97867,11.70437],[75.97973,11.70495],[75.98079,11.70512],[75.98311,11.70567],[75.9845,11.70537],[75.9852,11.7051],[75.98617,11.70546],[75.98813,11.70743],[75.98966,11.70836],[75.99068,11.70945],[75.99195,11.70966],[75.99401,11.70967],[75.9953,11.70959],[75.99604,11.7088],[75.99724,11.70888],[75.99826,11.70977],[75.99894,11.71002],[75.99929,11.71015],[75.99996,11.71041],[76.00089,11.71103],[76.00099,11.71111],[76.00145,11.71144],[76.00233,11.71209],[76.00294,11.71295],[76.00294,11.71297],[76.00295,11.71373],[76.00372,11.7156],[76.00406,11.71691],[76.00418,11.71748],[76.00439,11.71852],[76.00581,11.71972],[76.00724,11.72045],[76.00832,11.72051],[76.00921,11.72056],[76.01079,11.72068],[76.01225,11.72123],[76.01376,11.72239],[76.01449,11.72303],[76.01543,11.72387],[76.01671,11.7243],[76.01744,11.72415],[76.01815,11.7237],[76.01904,11.72312],[76.01977,11.72361],[76.02049,11.72343],[76.02061,11.72353],[76.02118,11.72405],[76.02284,11.72474],[76.02452,11.72485],[76.02582,11.72501],[76.02738,11.72568],[76.02779,11.72572],[76.02841,11.72579],[76.02856,11.72578],[76.03055,11.72558],[76.03142,11.72494],[76.03166,11.72242],[76.03168,11.72221],[76.03184,11.72049],[76.03012,11.71904],[76.02994,11.71889],[76.02796,11.71839],[76.02734,11.71824],[76.02561,11.71805],[76.02455,11.7178],[76.02342,11.71731],[76.023,11.71671],[76.02269,11.71338],[76.02276,11.71223],[76.02288,11.71042],[76.02378,11.70964],[76.02393,11.70922],[76.0241,11.70872],[76.02395,11.70755],[76.02387,11.70687],[76.02267,11.70677],[76.02172,11.70691],[76.0211,11.70748],[76.02081,11.70791],[76.02011,11.70895],[76.01987,11.7091],[76.01953,11.70931],[76.01917,11.70953],[76.01892,11.70969],[76.01786,11.71034],[76.01762,11.71034],[76.01698,11.71036],[76.01692,11.71029],[76.01673,11.71007],[76.01644,11.70973],[76.01609,11.70858],[76.01608,11.70855],[76.0161,11.70837],[76.01623,11.70742],[76.01649,11.70658],[76.01625,11.70557],[76.01548,11.7046],[76.01533,11.7044],[76.01458,11.70338],[76.01312,11.70261],[76.01226,11.70137],[76.0123,11.69932],[76.01232,11.69853],[76.01363,11.69848],[76.0139,11.69847],[76.01462,11.69845],[76.01661,11.69954],[76.01833,11.70118],[76.01925,11.70183],[76.02024,11.7021],[76.02041,11.70214],[76.02103,11.702],[76.02127,11.70013],[76.02072,11.69917],[76.02039,11.69861],[76.0197,11.69716],[76.01951,11.6958],[76.01966,11.69481],[76.02061,11.6941],[76.02245,11.69439],[76.02367,11.69483],[76.02468,11.69569],[76.02537,11.69737],[76.02545,11.69876],[76.02597,11.69994],[76.02679,11.69996],[76.02779,11.69855],[76.02865,11.69723],[76.03039,11.69609],[76.03191,11.69622],[76.03571,11.69607],[76.03612,11.69582],[76.04166,11.69239],[76.04171,11.69198],[76.04192,11.69036],[76.04208,11.68907],[76.04303,11.68783],[76.0446,11.68733],[76.04681,11.68716],[76.047,11.68647],[76.04616,11.6862],[76.0455,11.68596],[76.04528,11.68451],[76.04655,11.68395],[76.04869,11.68315],[76.0509,11.68248],[76.05442,11.68227],[76.05603,11.6817],[76.05695,11.68092],[76.05829,11.68185],[76.05904,11.68327],[76.06125,11.6854],[76.06102,11.68747],[76.06095,11.68818],[76.06086,11.68905],[76.06263,11.69275],[76.06268,11.69288],[76.06431,11.69492],[76.06598,11.69554],[76.0661,11.69559],[76.06592,11.69752],[76.0664,11.70011],[76.06635,11.70191],[76.06652,11.70317],[76.06964,11.70483],[76.07262,11.70364],[76.07338,11.70411],[76.07672,11.7062],[76.07436,11.70807],[76.07436,11.70811],[76.07437,11.70982],[76.07591,11.71277],[76.0771,11.71349],[76.07949,11.71335],[76.08004,11.71332],[76.08079,11.71444],[76.08086,11.7148],[76.08097,11.71494],[76.08109,11.71618],[76.08277,11.72009],[76.08401,11.7217],[76.0847,11.72349],[76.08421,11.72446],[76.08388,11.72586],[76.08451,11.73087],[76.08554,11.7329],[76.08539,11.73356],[76.08513,11.73471],[76.08388,11.73597],[76.08307,11.73662],[76.08306,11.73696],[76.08305,11.73811],[76.0833,11.73883],[76.08517,11.73982],[76.08573,11.74282],[76.08777,11.74387],[76.0894,11.74574],[76.09185,11.74626],[76.09375,11.74988],[76.09768,11.75032],[76.10311,11.747],[76.1045,11.74639],[76.10561,11.74589],[76.10944,11.74456],[76.11738,11.74244],[76.11678,11.74048],[76.11612,11.73846],[76.11239,11.73526],[76.11225,11.73512],[76.11001,11.73281],[76.10795,11.72873],[76.10482,11.72804],[76.10471,11.72797],[76.1027,11.72669],[76.10134,11.7241],[76.10248,11.72081],[76.10222,11.71703],[76.10236,11.71446],[76.10247,11.71253],[76.10248,11.71245],[76.10145,11.70942],[76.1005,11.70816],[76.10003,11.70712],[76.09986,11.70673],[76.10055,11.70535],[76.10153,11.70387],[76.10252,11.70249],[76.10394,11.70051],[76.10634,11.699],[76.10758,11.69791],[76.10866,11.69732],[76.1093,11.69875],[76.10951,11.69992],[76.10951,11.70224],[76.11016,11.70295],[76.11119,11.70333],[76.11252,11.70282],[76.11358,11.70185],[76.11381,11.70165],[76.11479,11.70047],[76.1157,11.70062],[76.11608,11.70068],[76.1196,11.70034],[76.12061,11.69948],[76.12157,11.69927],[76.12325,11.69923],[76.12344,11.69917],[76.12565,11.69851],[76.12627,11.69833],[76.12752,11.69654],[76.12919,11.69566],[76.13084,11.6953],[76.13207,11.69497],[76.13325,11.69581],[76.13548,11.69671],[76.1364,11.69585],[76.13803,11.69518],[76.13915,11.69465],[76.14026,11.6936],[76.14108,11.69247],[76.1413,11.69215],[76.14228,11.6916],[76.14228,11.69036],[76.1414,11.68944],[76.14076,11.68883],[76.14037,11.68809],[76.13975,11.6861],[76.13839,11.68536],[76.13816,11.68524],[76.13692,11.68465],[76.13535,11.6832],[76.13488,11.68148],[76.13492,11.67956],[76.13441,11.6783],[76.13496,11.67753],[76.13509,11.67722],[76.13603,11.67671],[76.1376,11.67662],[76.13952,11.67743],[76.14124,11.67745],[76.14151,11.67695],[76.14191,11.67619],[76.14131,11.67513],[76.14092,11.67443],[76.14131,11.67128],[76.14043,11.66756],[76.13863,11.66624],[76.13769,11.66559],[76.13718,11.6643],[76.13726,11.66275],[76.13722,11.6617],[76.13649,11.66002],[76.13607,11.65858],[76.13578,11.65758],[76.1358,11.65616],[76.13651,11.65575],[76.13715,11.65599],[76.13799,11.65475],[76.1379,11.65312],[76.13857,11.65254],[76.1394,11.65151],[76.14061,11.65065],[76.14213,11.65065],[76.1443,11.65103],[76.14583,11.65002],[76.14752,11.64897],[76.14872,11.6497],[76.14938,11.65088],[76.15159,11.65199],[76.15243,11.65172],[76.15257,11.651],[76.15359,11.65063],[76.15366,11.64943],[76.15491,11.64861],[76.15739,11.64801],[76.15933,11.64814],[76.15998,11.64527],[76.16169,11.64368],[76.16167,11.64197],[76.16278,11.64041],[76.16289,11.639],[76.16329,11.63757],[76.16496,11.63444],[76.16699,11.6324],[76.16756,11.63071],[76.16816,11.62896],[76.1685,11.62752],[76.16951,11.62553],[76.16964,11.62542],[76.17097,11.62427],[76.17067,11.62185],[76.1714,11.62103],[76.17241,11.61969],[76.17324,11.61723],[76.17464,11.61668],[76.17524,11.6153],[76.17536,11.61521],[76.17659,11.61429],[76.17809,11.61316],[76.17844,11.6129],[76.1799,11.61067],[76.1796,11.60979],[76.17921,11.60861],[76.17992,11.60704],[76.17986,11.60573],[76.17981,11.60445],[76.1791,11.60348],[76.17788,11.60277],[76.17736,11.60269],[76.17663,11.60309],[76.1753,11.60342],[76.17417,11.60374],[76.17378,11.60304],[76.17266,11.60224],[76.17211,11.60239],[76.17146,11.60309],[76.17015,11.60456],[76.16861,11.60399],[76.16713,11.6047],[76.16558,11.60475],[76.16417,11.60386],[76.16312,11.60311],[76.16277,11.60127],[76.16204,11.59745],[76.16273,11.59613],[76.1641,11.59438],[76.16522,11.59321],[76.16803,11.59075],[76.16977,11.58818],[76.17254,11.58622],[76.17507,11.58135],[76.17535,11.58045],[76.17563,11.57858],[76.17565,11.57616],[76.17655,11.57273],[76.17713,11.57019],[76.17761,11.56906],[76.17773,11.56878],[76.17867,11.56678],[76.17936,11.56556],[76.18084,11.5627],[76.18118,11.56247],[76.18198,11.56191],[76.1835,11.56184],[76.18472,11.56203],[76.18608,11.56296],[76.18701,11.56372],[76.18713,11.56382],[76.18906,11.56399],[76.19067,11.56386],[76.19281,11.56323],[76.1956,11.56224],[76.19704,11.56165],[76.19891,11.56068],[76.20034,11.55993],[76.20324,11.55785],[76.20406,11.55689],[76.20685,11.55362],[76.20886,11.5515],[76.2109,11.55104],[76.21283,11.55087],[76.21414,11.5516],[76.21601,11.55411],[76.21848,11.55503],[76.22054,11.55549],[76.22221,11.55657],[76.22444,11.55673],[76.22597,11.55768],[76.22689,11.55821],[76.22968,11.55968],[76.23172,11.56077],[76.23285,11.5622],[76.23031,11.56415],[76.23085,11.56604],[76.23317,11.56917],[76.23566,11.56667],[76.23648,11.56304],[76.23758,11.56113],[76.23827,11.56116],[76.23902,11.56042],[76.23837,11.55925],[76.23895,11.55839],[76.23981,11.55813],[76.24038,11.55673],[76.24044,11.55576],[76.24097,11.55562],[76.24171,11.5561],[76.24219,11.55603],[76.24217,11.55514],[76.24313,11.5548],[76.24415,11.5541],[76.24435,11.55371],[76.24346,11.55382],[76.24271,11.55356],[76.2424,11.5528],[76.2428,11.5518],[76.24216,11.55115],[76.24211,11.5506],[76.24222,11.55036],[76.24252,11.54932],[76.24302,11.54835],[76.24412,11.54826],[76.24508,11.54779],[76.2461,11.54661],[76.24651,11.54604],[76.24592,11.545],[76.24423,11.54402],[76.24389,11.54327],[76.24409,11.54275],[76.24503,11.54199],[76.24544,11.54076],[76.24685,11.54107],[76.24776,11.54029],[76.24924,11.53869],[76.24996,11.53698],[76.25043,11.53713],[76.2512,11.53801],[76.25182,11.53811],[76.25188,11.53776],[76.2509,11.53677],[76.25092,11.53569],[76.25031,11.53367],[76.25051,11.53175],[76.25002,11.53008],[76.25069,11.5285],[76.25095,11.52802],[76.25062,11.5276],[76.24987,11.52754],[76.24861,11.52768],[76.24763,11.52782],[76.24702,11.52689],[76.24584,11.52709],[76.24515,11.52725],[76.24431,11.52711],[76.24411,11.52658],[76.24354,11.52669],[76.24327,11.52742],[76.24205,11.52709],[76.24154,11.52786],[76.24065,11.5279],[76.24046,11.52735],[76.23926,11.52647],[76.23874,11.52661],[76.23826,11.52686],[76.23772,11.52745],[76.23707,11.52766],[76.23683,11.5278],[76.23654,11.52828],[76.23629,11.52839],[76.23617,11.52859],[76.23592,11.52875],[76.2357,11.5288],[76.23544,11.52902],[76.23519,11.52903],[76.23485,11.52903],[76.23453,11.52911],[76.23403,11.52928],[76.23379,11.52911],[76.23352,11.52901],[76.23334,11.52896],[76.23308,11.52867],[76.2326,11.52814],[76.2323,11.52806],[76.23205,11.52786],[76.23197,11.52727],[76.23176,11.52703],[76.23148,11.52678],[76.23107,11.52665],[76.23044,11.52629],[76.23024,11.52603],[76.23025,11.52566],[76.22995,11.52542],[76.22971,11.52536],[76.22935,11.52499],[76.22911,11.5247],[76.22909,11.52387],[76.22883,11.52356],[76.2285,11.52315],[76.22831,11.52254],[76.22811,11.522],[76.22775,11.52159],[76.22765,11.52118],[76.22774,11.52085],[76.22786,11.52021],[76.22754,11.5197],[76.22726,11.51912],[76.2272,11.51871],[76.2272,11.51692],[76.22695,11.51598],[76.22661,11.5156],[76.22661,11.51497],[76.22658,11.5138],[76.22595,11.51317],[76.22514,11.51288],[76.22494,11.51255],[76.22451,11.51236],[76.22425,11.51229],[76.22399,11.51238],[76.22337,11.51249],[76.22269,11.51246],[76.22131,11.5121],[76.22106,11.51177],[76.22011,11.51182],[76.21963,11.51164],[76.21898,11.51124],[76.21818,11.51096],[76.21764,11.51074],[76.21696,11.5103],[76.2164,11.5101],[76.21573,11.51022],[76.21526,11.51037],[76.2148,11.51032],[76.21462,11.5103],[76.21388,11.51036],[76.21307,11.51018],[76.21235,11.50985],[76.21172,11.50967],[76.21102,11.50962],[76.21026,11.5096],[76.20911,11.50949],[76.20848,11.50921],[76.20798,11.509],[76.20738,11.50866],[76.20671,11.50806],[76.20624,11.50769],[76.20619,11.50765],[76.20612,11.50762],[76.20569,11.50743],[76.20497,11.50716],[76.20427,11.50704],[76.20349,11.50716],[76.20264,11.5074],[76.2025,11.50747],[76.20234,11.50756],[76.20173,11.50761],[76.20115,11.50754],[76.20079,11.50732],[76.20076,11.5073],[76.20055,11.50714],[76.20034,11.50706],[76.2002,11.50701],[76.19965,11.50642],[76.19928,11.50602],[76.19821,11.50489],[76.198,11.50471],[76.19772,11.50447],[76.19703,11.50389],[76.19703,11.50346],[76.19704,11.50222],[76.19671,11.50204],[76.19651,11.50194],[76.19619,11.50176],[76.19609,11.50168],[76.19572,11.50139]]]]}},{"type":"Feature","properties":{"name":"Sulthanbathery","level":"6"},"geometry":{"type":"MultiPolygon","coordinates":[[[[76.2853,11.80011],[76.28807,11.79565],[76.29064,11.79253],[76.29369,11.79199],[76.30136,11.78559],[76.30411,11.78609],[76.30556,11.78591],[76.30751,11.78447],[76.30804,11.78299],[76.30839,11.7788],[76.31161,11.76774],[76.31434,11.76155],[76.31439,11.75757],[76.31468,11.75649],[76.31676,11.75456],[76.31661,11.75291],[76.31777,11.75129],[76.31994,11.75017],[76.32247,11.74937],[76.32718,11.74877],[76.33003,11.7477],[76.33161,11.7463],[76.33569,11.74406],[76.33707,11.74151],[76.33943,11.74049],[76.34034,11.73821],[76.34185,11.73825],[76.34359,11.73917],[76.3481,11.73945],[76.35032,11.7393],[76.35159,11.73801],[76.35274,11.73834],[76.35401,11.7395],[76.35526,11.74114],[76.35661,11.7433],[76.35919,11.74515],[76.36081,11.74682],[76.36238,11.74817],[76.36534,11.7477],[76.367,11.74806],[76.3689,11.74774],[76.37228,11.74642],[76.37652,11.74454],[76.37902,11.74512],[76.38103,11.74634],[76.3839,11.74661],[76.38537,11.748],[76.38639,11.7484],[76.39102,11.75454],[76.39349,11.75541],[76.39427,11.75402],[76.39601,11.75259],[76.39857,11.75152],[76.40074,11.7522],[76.40235,11.75365],[76.40533,11.7569],[76.40622,11.75686],[76.40876,11.75771],[76.40958,11.75875],[76.41129,11.75913],[76.4134,11.75866],[76.41365,11.75838],[76.41469,11.75765],[76.41524,11.75684],[76.41541,11.75634],[76.41574,11.755],[76.41464,11.75355],[76.4128,11.75291],[76.41252,11.75135],[76.41204,11.74887],[76.41265,11.74607],[76.41238,11.74429],[76.41194,11.74254],[76.4114,11.74238],[76.41054,11.74222],[76.41031,11.74205],[76.41026,11.74153],[76.41045,11.74122],[76.41188,11.74],[76.41282,11.7395],[76.41337,11.73965],[76.41391,11.74009],[76.41601,11.74179],[76.41753,11.74237],[76.418,11.7426],[76.41829,11.74245],[76.41863,11.74176],[76.41896,11.74126],[76.42228,11.73761],[76.42341,11.73453],[76.42532,11.73062],[76.42621,11.72666],[76.4274,11.72613],[76.42727,11.72561],[76.42608,11.72469],[76.42592,11.72358],[76.425,11.72271],[76.42493,11.72103],[76.42399,11.72006],[76.42305,11.71977],[76.42141,11.71957],[76.42006,11.71841],[76.41906,11.71819],[76.41781,11.71822],[76.41717,11.71765],[76.41644,11.71599],[76.41578,11.71456],[76.41585,11.71302],[76.41549,11.7124],[76.41406,11.71115],[76.41331,11.7107],[76.41276,11.71109],[76.41262,11.71157],[76.4126,11.71288],[76.41268,11.71488],[76.41187,11.71538],[76.41076,11.71556],[76.40931,11.71469],[76.40796,11.71464],[76.40677,11.71322],[76.40641,11.71187],[76.40598,11.71127],[76.40533,11.71082],[76.4048,11.71077],[76.40407,11.71144],[76.40357,11.71163],[76.40325,11.71146],[76.4032,11.71041],[76.40335,11.70928],[76.4039,11.70902],[76.40399,11.70869],[76.40359,11.70831],[76.40331,11.7081],[76.40305,11.70764],[76.40315,11.70728],[76.40352,11.7072],[76.40394,11.70685],[76.40475,11.70579],[76.40524,11.70516],[76.40669,11.70546],[76.40712,11.70605],[76.40723,11.70669],[76.40755,11.70701],[76.40803,11.70682],[76.40819,11.70651],[76.40889,11.70575],[76.40904,11.70511],[76.4087,11.70393],[76.4086,11.70261],[76.40918,11.7016],[76.40949,11.70061],[76.41038,11.69954],[76.41028,11.69912],[76.40966,11.69882],[76.40942,11.69863],[76.40953,11.69826],[76.40984,11.69808],[76.41063,11.69792],[76.41106,11.69758],[76.4113,11.6974],[76.41115,11.69658],[76.4114,11.69566],[76.41162,11.69525],[76.41099,11.6945],[76.41028,11.69333],[76.40972,11.69246],[76.40967,11.69057],[76.40908,11.69003],[76.40842,11.68964],[76.40827,11.68912],[76.40858,11.68846],[76.40901,11.68769],[76.40969,11.68771],[76.40995,11.68772],[76.41035,11.68801],[76.41073,11.68779],[76.4111,11.68734],[76.41101,11.68684],[76.4115,11.68641],[76.41219,11.68635],[76.41263,11.68631],[76.41284,11.68536],[76.41261,11.68435],[76.41229,11.68359],[76.41217,11.68294],[76.41213,11.68277],[76.41264,11.6821],[76.41307,11.6819],[76.41391,11.68182],[76.41403,11.68175],[76.41316,11.6802],[76.41338,11.6795],[76.41416,11.67884],[76.41425,11.67773],[76.41437,11.67693],[76.41546,11.67622],[76.41494,11.67493],[76.41543,11.67358],[76.41573,11.67253],[76.41737,11.67171],[76.41865,11.67097],[76.41909,11.67083],[76.41971,11.67117],[76.4203,11.67183],[76.42054,11.67226],[76.42082,11.67238],[76.42162,11.67183],[76.42206,11.67139],[76.4228,11.67117],[76.4235,11.67147],[76.42447,11.6714],[76.42521,11.67121],[76.42655,11.67112],[76.42701,11.67008],[76.42791,11.67002],[76.42847,11.66993],[76.42956,11.66654],[76.42987,11.66646],[76.43128,11.66608],[76.43182,11.66508],[76.43266,11.66352],[76.43331,11.66077],[76.43561,11.65696],[76.43585,11.65657],[76.43589,11.65649],[76.43932,11.65256],[76.43957,11.65227],[76.44353,11.64474],[76.44098,11.64028],[76.43508,11.63582],[76.43268,11.63149],[76.43029,11.6301],[76.42632,11.63296],[76.40634,11.63422],[76.3965,11.6316],[76.38824,11.6298],[76.38544,11.62635],[76.38354,11.6244],[76.38311,11.61647],[76.38324,11.6149],[76.38387,11.61199],[76.37822,11.60854],[76.37751,11.60173],[76.3706,11.59943],[76.36742,11.59831],[76.35991,11.59353],[76.3584,11.59223],[76.35421,11.58942],[76.35177,11.58938],[76.34758,11.58919],[76.34393,11.58802],[76.34073,11.58798],[76.34044,11.59131],[76.33997,11.59332],[76.33602,11.59572],[76.32714,11.59033],[76.32407,11.58834],[76.32137,11.58602],[76.3185,11.58267],[76.31709,11.58047],[76.31601,11.5765],[76.31053,11.57737],[76.30227,11.57127],[76.30091,11.57297],[76.29992,11.57505],[76.29938,11.57813],[76.29936,11.58117],[76.29908,11.58285],[76.2985,11.58443],[76.29692,11.5879],[76.2959,11.59042],[76.29515,11.59054],[76.29128,11.5904],[76.28909,11.59003],[76.28604,11.59028],[76.28076,11.59855],[76.28034,11.59908],[76.27892,11.6009],[76.27804,11.59979],[76.27469,11.59616],[76.27426,11.59351],[76.27162,11.59365],[76.26537,11.59397],[76.26493,11.59388],[76.26483,11.59317],[76.26446,11.59068],[76.26278,11.59065],[76.26206,11.59012],[76.26108,11.5895],[76.26016,11.58868],[76.25923,11.58861],[76.25819,11.58833],[76.25724,11.58721],[76.25611,11.58643],[76.25542,11.58541],[76.25358,11.5839],[76.25278,11.58302],[76.25156,11.58181],[76.25032,11.58165],[76.24908,11.58015],[76.24621,11.57897],[76.246,11.57884],[76.24539,11.57858],[76.24513,11.57846],[76.2446,11.57842],[76.24424,11.57771],[76.24361,11.57774],[76.24309,11.57739],[76.24235,11.5772],[76.24231,11.5771],[76.24217,11.57671],[76.24096,11.57651],[76.24078,11.57576],[76.23925,11.57548],[76.23903,11.57463],[76.23798,11.57436],[76.23648,11.57337],[76.23522,11.57235],[76.2344,11.57216],[76.23418,11.57095],[76.23368,11.57085],[76.23306,11.57041],[76.23295,11.56956],[76.23317,11.56917],[76.23085,11.56604],[76.23031,11.56415],[76.23285,11.5622],[76.23172,11.56077],[76.22968,11.55968],[76.22689,11.55821],[76.22597,11.55768],[76.22444,11.55673],[76.22221,11.55657],[76.22054,11.55549],[76.21848,11.55503],[76.21601,11.55411],[76.21414,11.5516],[76.21283,11.55087],[76.2109,11.55104],[76.20886,11.5515],[76.20685,11.55362],[76.20406,11.55689],[76.20324,11.55785],[76.20034,11.55993],[76.19891,11.56068],[76.19704,11.56165],[76.1956,11.56224],[76.19281,11.56323],[76.19067,11.56386],[76.18906,11.56399],[76.18713,11.56382],[76.18701,11.56372],[76.18608,11.56296],[76.18472,11.56203],[76.1835,11.56184],[76.18198,11.56191],[76.18118,11.56247],[76.18084,11.5627],[76.17936,11.56556],[76.17867,11.56678],[76.17773,11.56878],[76.17761,11.56906],[76.17713,11.57019],[76.17655,11.57273],[76.17565,11.57616],[76.17563,11.57858],[76.17535,11.58045],[76.17507,11.58135],[76.17254,11.58622],[76.16977,11.58818],[76.16803,11.59075],[76.16522,11.59321],[76.1641,11.59438],[76.16273,11.59613],[76.16204,11.59745],[76.16277,11.60127],[76.16312,11.60311],[76.16417,11.60386],[76.16558,11.60475],[76.16713,11.6047],[76.16861,11.60399],[76.17015,11.60456],[76.17146,11.60309],[76.17211,11.60239],[76.17266,11.60224],[76.17378,11.60304],[76.17417,11.60374],[76.1753,11.60342],[76.17663,11.60309],[76.17736,11.60269],[76.17788,11.60277],[76.1791,11.60348],[76.17981,11.60445],[76.17986,11.60573],[76.17992,11.60704],[76.17921,11.60861],[76.1796,11.60979],[76.1799,11.61067],[76.17844,11.6129],[76.17809,11.61316],[76.17659,11.61429],[76.17536,11.61521],[76.17524,11.6153],[76.17464,11.61668],[76.17324,11.61723],[76.17241,11.61969],[76.1714,11.62103],[76.17067,11.62185],[76.17097,11.62427],[76.16964,11.62542],[76.16951,11.62553],[76.1685,11.62752],[76.16816,11.62896],[76.16756,11.63071],[76.16699,11.6324],[76.16496,11.63444],[76.16329,11.63757],[76.16289,11.639],[76.16278,11.64041],[76.16167,11.64197],[76.16169,11.64368],[76.15998,11.64527],[76.15933,11.64814],[76.15739,11.64801],[76.15491,11.64861],[76.15366,11.64943],[76.15359,11.65063],[76.15257,11.651],[76.15243,11.65172],[76.15159,11.65199],[76.14938,11.65088],[76.14872,11.6497],[76.14752,11.64897],[76.14583,11.65002],[76.1443,11.65103],[76.14213,11.65065],[76.14061,11.65065],[76.1394,11.65151],[76.13857,11.65254],[76.1379,11.65312],[76.13799,11.65475],[76.13715,11.65599],[76.13651,11.65575],[76.1358,11.65616],[76.13578,11.65758],[76.13607,11.65858],[76.13649,11.66002],[76.13722,11.6617],[76.13726,11.66275],[76.13718,11.6643],[76.13769,11.66559],[76.13863,11.66624],[76.14043,11.66756],[76.14131,11.67128],[76.14092,11.67443],[76.14131,11.67513],[76.14191,11.67619],[76.14151,11.67695],[76.14124,11.67745],[76.13952,11.67743],[76.1376,11.67662],[76.13603,11.67671],[76.13509,11.67722],[76.13496,11.67753],[76.13441,11.6783],[76.13492,11.67956],[76.13488,11.68148],[76.13535,11.6832],[76.13692,11.68465],[76.13816,11.68524],[76.13839,11.68536],[76.13975,11.6861],[76.14037,11.68809],[76.14076,11.68883],[76.1414,11.68944],[76.14228,11.69036],[76.14228,11.6916],[76.1413,11.69215],[76.14108,11.69247],[76.14026,11.6936],[76.13915,11.69465],[76.13803,11.69518],[76.1364,11.69585],[76.13548,11.69671],[76.13325,11.69581],[76.13207,11.69497],[76.13084,11.6953],[76.12919,11.69566],[76.12752,11.69654],[76.12627,11.69833],[76.12565,11.69851],[76.12344,11.69917],[76.12325,11.69923],[76.12157,11.69927],[76.12061,11.69948],[76.1196,11.70034],[76.11608,11.70068],[76.1157,11.70062],[76.11479,11.70047],[76.11381,11.70165],[76.11358,11.70185],[76.11252,11.70282],[76.11119,11.70333],[76.11016,11.70295],[76.10951,11.70224],[76.10951,11.69992],[76.1093,11.69875],[76.10866,11.69732],[76.10758,11.69791],[76.10634,11.699],[76.10394,11.70051],[76.10252,11.70249],[76.10153,11.70387],[76.10055,11.70535],[76.09986,11.70673],[76.10003,11.70712],[76.1005,11.70816],[76.10145,11.70942],[76.10248,11.71245],[76.10247,11.71253],[76.10236,11.71446],[76.10222,11.71703],[76.10248,11.72081],[76.10134,11.7241],[76.1027,11.72669],[76.10471,11.72797],[76.10482,11.72804],[76.10795,11.72873],[76.11001,11.73281],[76.11225,11.73512],[76.11239,11.73526],[76.11612,11.73846],[76.11678,11.74048],[76.11738,11.74244],[76.11794,11.74391],[76.11832,11.74484],[76.11723,11.74698],[76.11626,11.74904],[76.11579,11.75091],[76.11543,11.75257],[76.11493,11.75536],[76.11427,11.75725],[76.11412,11.75965],[76.11412,11.7615],[76.11431,11.76383],[76.11491,11.76521],[76.11594,11.76742],[76.11667,11.77009],[76.11614,11.77047],[76.11719,11.77103],[76.11843,11.77206],[76.11807,11.77326],[76.11747,11.77479],[76.11686,11.77563],[76.11693,11.77702],[76.11781,11.77773],[76.11841,11.78049],[76.11759,11.78147],[76.11734,11.78271],[76.11701,11.78319],[76.11652,11.78425],[76.11541,11.78378],[76.11521,11.78284],[76.11491,11.78204],[76.11255,11.78221],[76.11034,11.78219],[76.10912,11.78175],[76.10744,11.78191],[76.10633,11.78238],[76.1047,11.78353],[76.10375,11.78443],[76.10294,11.78458],[76.10129,11.78416],[76.09944,11.78393],[76.09852,11.78437],[76.09661,11.78538],[76.09554,11.78584],[76.0947,11.78702],[76.09347,11.78748],[76.09298,11.78767],[76.09195,11.78805],[76.09129,11.78845],[76.09094,11.78918],[76.09086,11.79065],[76.0903,11.79147],[76.08869,11.79151],[76.08707,11.79184],[76.08674,11.79191],[76.0856,11.79196],[76.08326,11.79206],[76.08032,11.79233],[76.07843,11.79292],[76.07779,11.79363],[76.07706,11.79519],[76.07669,11.7962],[76.07612,11.79758],[76.07596,11.79832],[76.07512,11.79931],[76.07507,11.80072],[76.07694,11.80373],[76.07725,11.80424],[76.0788,11.80701],[76.07991,11.80798],[76.08142,11.80838],[76.0832,11.80779],[76.08481,11.80741],[76.08586,11.80746],[76.08627,11.80848],[76.0865,11.81168],[76.08715,11.81195],[76.08869,11.81308],[76.09043,11.81449],[76.09124,11.81546],[76.09195,11.81684],[76.092,11.81999],[76.09045,11.82285],[76.08901,11.8251],[76.08822,11.8269],[76.08754,11.82841],[76.0873,11.82894],[76.0879,11.83081],[76.08918,11.83331],[76.09088,11.83522],[76.09234,11.8365],[76.09637,11.83726],[76.10023,11.83839],[76.10155,11.83885],[76.10504,11.84005],[76.10998,11.84039],[76.11373,11.84175],[76.11566,11.84282],[76.11708,11.84375],[76.11916,11.84652],[76.12043,11.84786],[76.1215,11.84925],[76.12013,11.85061],[76.1204,11.85052],[76.1229,11.8512],[76.12449,11.85205],[76.12642,11.85302],[76.12818,11.85296],[76.13014,11.85316],[76.13227,11.85383],[76.13355,11.85484],[76.13426,11.85605],[76.13506,11.85719],[76.13569,11.85802],[76.13691,11.85872],[76.13894,11.85962],[76.14068,11.86111],[76.14224,11.86313],[76.14492,11.86639],[76.1459,11.86712],[76.1469,11.86721],[76.14765,11.86699],[76.14836,11.86674],[76.14894,11.86657],[76.14946,11.86659],[76.15021,11.867],[76.15118,11.86744],[76.15309,11.86856],[76.15614,11.87054],[76.15768,11.87079],[76.15961,11.87057],[76.16176,11.86964],[76.16385,11.86837],[76.16521,11.86828],[76.16692,11.86865],[76.16867,11.86956],[76.16987,11.87054],[76.17077,11.87105],[76.17211,11.87161],[76.17269,11.87181],[76.173,11.87192],[76.1737,11.87204],[76.17681,11.87126],[76.17945,11.87089],[76.18155,11.87105],[76.18467,11.87163],[76.18633,11.87221],[76.18792,11.87224],[76.18985,11.87185],[76.19078,11.87155],[76.19187,11.87103],[76.19581,11.86901],[76.19876,11.867],[76.2004,11.86587],[76.20126,11.86377],[76.20233,11.8627],[76.20362,11.86234],[76.20482,11.86247],[76.20716,11.86186],[76.2077,11.86088],[76.20801,11.8572],[76.20813,11.85617],[76.20883,11.85506],[76.20872,11.85394],[76.20945,11.85293],[76.2093,11.85149],[76.21002,11.85042],[76.20974,11.84963],[76.21034,11.84868],[76.21029,11.84748],[76.21075,11.84644],[76.21112,11.84551],[76.21069,11.84493],[76.21067,11.84454],[76.2117,11.84433],[76.21222,11.84407],[76.21195,11.84353],[76.21208,11.8433],[76.21282,11.84331],[76.21323,11.84276],[76.21302,11.84166],[76.21193,11.84068],[76.21171,11.84017],[76.21195,11.83978],[76.21216,11.83936],[76.21196,11.83845],[76.2115,11.8361],[76.21079,11.83414],[76.21094,11.83342],[76.21112,11.83272],[76.2107,11.83085],[76.21006,11.82924],[76.21002,11.8281],[76.21042,11.82767],[76.21114,11.82777],[76.21125,11.82746],[76.21115,11.82677],[76.21146,11.82637],[76.21221,11.82612],[76.21313,11.82507],[76.21363,11.82397],[76.21409,11.82363],[76.21463,11.82336],[76.21565,11.82348],[76.21586,11.82278],[76.21575,11.82193],[76.21611,11.82163],[76.21674,11.82191],[76.21702,11.82186],[76.21727,11.8214],[76.21773,11.82055],[76.21821,11.81965],[76.21805,11.81498],[76.22188,11.81014],[76.22667,11.80608],[76.23645,11.80391],[76.23866,11.80338],[76.24139,11.80411],[76.24456,11.80303],[76.2463,11.80302],[76.24895,11.80411],[76.25378,11.80649],[76.25692,11.80811],[76.25842,11.80859],[76.26022,11.80929],[76.26816,11.80992],[76.27299,11.81075],[76.27425,11.81099],[76.27581,11.81179],[76.27664,11.81213],[76.27787,11.81216],[76.28049,11.81154],[76.28132,11.81052],[76.2832,11.80538],[76.2853,11.80011]]]]}},{"type":"Feature","properties":{"name":"Nilambur","level":"6"},"geometry":{"type":"MultiPolygon","coordinates":[[[[76.27632,11.1028],[76.27715,11.1024],[76.2766,11.10086],[76.27668,11.09949],[76.27775,11.09869],[76.27767,11.09642],[76.27824,11.09392],[76.27876,11.09181],[76.27984,11.09097],[76.28185,11.09189],[76.28191,11.09431],[76.28155,11.09513],[76.2819,11.09596],[76.28337,11.09581],[76.28583,11.0965],[76.28759,11.09563],[76.28783,11.09551],[76.29125,11.0961],[76.29428,11.09564],[76.2967,11.09508],[76.29776,11.09348],[76.29869,11.09274],[76.30105,11.09195],[76.30144,11.09076],[76.30095,11.08888],[76.30248,11.08787],[76.30387,11.08678],[76.30378,11.08442],[76.3037,11.08178],[76.30563,11.08193],[76.30623,11.0812],[76.30833,11.07957],[76.31071,11.07719],[76.31209,11.07928],[76.31367,11.07736],[76.31646,11.07941],[76.31634,11.08332],[76.31634,11.08452],[76.31799,11.08558],[76.32041,11.08629],[76.32073,11.08731],[76.32144,11.08965],[76.32271,11.09107],[76.3237,11.09261],[76.3255,11.09246],[76.32844,11.09196],[76.33219,11.09179],[76.33876,11.09345],[76.34067,11.09297],[76.34266,11.09153],[76.34438,11.09017],[76.3462,11.0885],[76.34777,11.08829],[76.34947,11.09008],[76.35133,11.09242],[76.35734,11.09309],[76.36026,11.09794],[76.36511,11.09743],[76.3673,11.09751],[76.36876,11.09857],[76.37567,11.09697],[76.38234,11.10029],[76.38755,11.09874],[76.38871,11.09991],[76.38944,11.10316],[76.38652,11.10775],[76.38534,11.10874],[76.38584,11.11162],[76.3909,11.11209],[76.39867,11.1136],[76.40313,11.11541],[76.4085,11.1187],[76.40871,11.12442],[76.40865,11.12575],[76.4082,11.12939],[76.40862,11.13276],[76.41021,11.13499],[76.41056,11.13912],[76.41283,11.14038],[76.41369,11.14177],[76.41315,11.14329],[76.41043,11.14514],[76.41038,11.14893],[76.40781,11.15045],[76.40618,11.15289],[76.40652,11.15613],[76.4085,11.15693],[76.41008,11.15983],[76.41141,11.16165],[76.41137,11.1632],[76.41086,11.16396],[76.41098,11.1648],[76.41309,11.16682],[76.41369,11.17082],[76.41219,11.17171],[76.41038,11.17592],[76.40948,11.17697],[76.40729,11.17819],[76.40687,11.17908],[76.40618,11.18198],[76.40562,11.18392],[76.40296,11.18594],[76.40223,11.18754],[76.40251,11.18856],[76.40439,11.19019],[76.40622,11.19335],[76.40609,11.19499],[76.40515,11.19806],[76.40669,11.19903],[76.40639,11.20042],[76.40435,11.20109],[76.40416,11.20229],[76.40426,11.20286],[76.40453,11.20478],[76.40455,11.20539],[76.40311,11.20785],[76.40459,11.20958],[76.40528,11.20958],[76.40807,11.2085],[76.41053,11.20993],[76.4139,11.21094],[76.41631,11.21029],[76.41839,11.20863],[76.42223,11.2092],[76.42498,11.20922],[76.42845,11.20745],[76.42974,11.20513],[76.42995,11.20389],[76.43013,11.20349],[76.43236,11.20223],[76.43519,11.2021],[76.43639,11.20299],[76.43751,11.20421],[76.43923,11.20301],[76.44899,11.20548],[76.4502,11.21343],[76.45208,11.23266],[76.45235,11.23431],[76.45322,11.23943],[76.46615,11.24507],[76.47304,11.24937],[76.47581,11.25138],[76.48696,11.25823],[76.49856,11.2631],[76.50018,11.26316],[76.50167,11.26328],[76.50225,11.26355],[76.50488,11.26473],[76.5106,11.26705],[76.52212,11.27064],[76.52398,11.27874],[76.52501,11.2829],[76.52606,11.28751],[76.5364,11.29309],[76.54552,11.29959],[76.53945,11.30367],[76.53826,11.3084],[76.53739,11.31361],[76.53946,11.31658],[76.54097,11.31876],[76.54175,11.32003],[76.54997,11.33024],[76.54723,11.34422],[76.54781,11.35618],[76.54774,11.35821],[76.54179,11.35755],[76.53851,11.35708],[76.5329,11.35648],[76.52809,11.3558],[76.52026,11.35489],[76.50806,11.35347],[76.51504,11.3589],[76.51764,11.37078],[76.50032,11.37595],[76.49902,11.37726],[76.47506,11.38365],[76.46987,11.38498],[76.46193,11.38748],[76.45383,11.39359],[76.45231,11.39473],[76.4152,11.42266],[76.41876,11.44177],[76.40873,11.43874],[76.39784,11.43472],[76.38961,11.44052],[76.37851,11.44911],[76.37297,11.45102],[76.37204,11.45337],[76.37116,11.45435],[76.36556,11.45651],[76.35868,11.45916],[76.3482,11.46327],[76.34563,11.46463],[76.34212,11.46748],[76.33902,11.46396],[76.33814,11.46179],[76.33612,11.46183],[76.33099,11.45827],[76.32544,11.45335],[76.31903,11.45824],[76.31493,11.46086],[76.31028,11.46418],[76.30878,11.46438],[76.30683,11.46628],[76.3053,11.46776],[76.29638,11.46545],[76.29494,11.4657],[76.29359,11.46563],[76.29153,11.46853],[76.29058,11.46955],[76.29288,11.47035],[76.29348,11.47208],[76.29396,11.47314],[76.28798,11.47967],[76.28444,11.483],[76.28172,11.47956],[76.28042,11.47954],[76.27835,11.47943],[76.27503,11.47717],[76.2699,11.47767],[76.26913,11.47868],[76.26818,11.48024],[76.26649,11.48092],[76.26494,11.48103],[76.2635,11.4804],[76.25562,11.47446],[76.24761,11.46851],[76.24864,11.48112],[76.24938,11.49184],[76.24957,11.49569],[76.24984,11.4984],[76.2513,11.49942],[76.25165,11.50048],[76.25159,11.5018],[76.25066,11.50345],[76.24902,11.50585],[76.24853,11.50638],[76.24887,11.5089],[76.24916,11.51292],[76.24834,11.51397],[76.24815,11.51649],[76.24615,11.51659],[76.24551,11.51658],[76.24463,11.51709],[76.24378,11.51797],[76.24349,11.51909],[76.24277,11.51923],[76.24251,11.52111],[76.24046,11.52287],[76.23941,11.52394],[76.23843,11.5248],[76.23874,11.52661],[76.23826,11.52686],[76.23772,11.52745],[76.23707,11.52766],[76.23683,11.5278],[76.23654,11.52828],[76.23629,11.52839],[76.23617,11.52859],[76.23592,11.52875],[76.2357,11.5288],[76.23544,11.52902],[76.23519,11.52903],[76.23485,11.52903],[76.23453,11.52911],[76.23403,11.52928],[76.23379,11.52911],[76.23352,11.52901],[76.23334,11.52896],[76.23308,11.52867],[76.2326,11.52814],[76.2323,11.52806],[76.23205,11.52786],[76.23197,11.52727],[76.23176,11.52703],[76.23148,11.52678],[76.23107,11.52665],[76.23044,11.52629],[76.23024,11.52603],[76.23025,11.52566],[76.22995,11.52542],[76.22971,11.52536],[76.22935,11.52499],[76.22911,11.5247],[76.22909,11.52387],[76.22883,11.52356],[76.2285,11.52315],[76.22831,11.52254],[76.22811,11.522],[76.22775,11.52159],[76.22765,11.52118],[76.22774,11.52085],[76.22786,11.52021],[76.22754,11.5197],[76.22726,11.51912],[76.2272,11.51871],[76.2272,11.51692],[76.22695,11.51598],[76.22661,11.5156],[76.22661,11.51497],[76.22658,11.5138],[76.22595,11.51317],[76.22514,11.51288],[76.22494,11.51255],[76.22451,11.51236],[76.22425,11.51229],[76.22399,11.51238],[76.22337,11.51249],[76.22269,11.51246],[76.22131,11.5121],[76.22106,11.51177],[76.22011,11.51182],[76.21963,11.51164],[76.21898,11.51124],[76.21818,11.51096],[76.21764,11.51074],[76.21696,11.5103],[76.2164,11.5101],[76.21573,11.51022],[76.21526,11.51037],[76.2148,11.51032],[76.21462,11.5103],[76.21388,11.51036],[76.21307,11.51018],[76.21235,11.50985],[76.21172,11.50967],[76.21102,11.50962],[76.21026,11.5096],[76.20911,11.50949],[76.20848,11.50921],[76.20798,11.509],[76.20738,11.50866],[76.20671,11.50806],[76.20624,11.50769],[76.20619,11.50765],[76.20612,11.50762],[76.20569,11.50743],[76.20497,11.50716],[76.20427,11.50704],[76.20349,11.50716],[76.20264,11.5074],[76.2025,11.50747],[76.20234,11.50756],[76.20173,11.50761],[76.20115,11.50754],[76.20079,11.50732],[76.20076,11.5073],[76.20055,11.50714],[76.20034,11.50706],[76.2002,11.50701],[76.19965,11.50642],[76.19928,11.50602],[76.19821,11.50489],[76.198,11.50471],[76.19772,11.50447],[76.19703,11.50389],[76.19703,11.50346],[76.19704,11.50222],[76.19671,11.50204],[76.19651,11.50194],[76.19619,11.50176],[76.19609,11.50168],[76.19572,11.50139],[76.19543,11.50116],[76.1951,11.5008],[76.19472,11.50037],[76.19395,11.49982],[76.1929,11.49872],[76.1925,11.49777],[76.19238,11.49765],[76.19206,11.49731],[76.19193,11.49685],[76.19185,11.49681],[76.19126,11.49651],[76.19124,11.4964],[76.19118,11.49593],[76.19114,11.49563],[76.19104,11.49559],[76.19083,11.4955],[76.19058,11.4954],[76.18997,11.49544],[76.18989,11.49519],[76.18983,11.495],[76.18867,11.49459],[76.18996,11.49318],[76.18956,11.49266],[76.18884,11.49209],[76.18826,11.49177],[76.18768,11.49143],[76.18787,11.49095],[76.1883,11.49076],[76.18836,11.49046],[76.18813,11.49028],[76.18734,11.49034],[76.18721,11.49035],[76.18665,11.48972],[76.18656,11.48972],[76.18622,11.48975],[76.18592,11.48977],[76.18566,11.48946],[76.18571,11.48915],[76.18577,11.48899],[76.18594,11.48853],[76.18576,11.48834],[76.18552,11.48831],[76.18534,11.48829],[76.18501,11.48837],[76.18508,11.48819],[76.18521,11.48783],[76.18515,11.4874],[76.18514,11.48728],[76.18506,11.48676],[76.18505,11.48665],[76.18507,11.48642],[76.18511,11.48599],[76.18511,11.4859],[76.18495,11.4855],[76.18528,11.48495],[76.18524,11.48469],[76.18515,11.48457],[76.18495,11.48433],[76.18478,11.48404],[76.18446,11.48392],[76.18427,11.48397],[76.18405,11.48402],[76.18378,11.48412],[76.18332,11.48418],[76.18302,11.48434],[76.18281,11.48432],[76.18252,11.48419],[76.18236,11.48417],[76.18203,11.4837],[76.18208,11.48338],[76.18299,11.48244],[76.18428,11.48127],[76.18593,11.47915],[76.18656,11.47766],[76.18623,11.47563],[76.18525,11.47528],[76.18291,11.47496],[76.18139,11.47347],[76.18001,11.47154],[76.17729,11.47094],[76.17534,11.46828],[76.17304,11.46755],[76.17103,11.4671],[76.16907,11.46624],[76.16741,11.46414],[76.16603,11.46198],[76.16471,11.45959],[76.16314,11.45777],[76.16129,11.45601],[76.15983,11.45601],[76.1589,11.45698],[76.15816,11.45678],[76.15774,11.45638],[76.15693,11.45539],[76.1529,11.45367],[76.15088,11.45227],[76.14825,11.45301],[76.1462,11.45192],[76.14385,11.45187],[76.14334,11.45136],[76.14232,11.448],[76.14139,11.44615],[76.13947,11.44457],[76.13894,11.44261],[76.13876,11.43979],[76.13927,11.43792],[76.14095,11.43503],[76.14294,11.43268],[76.14637,11.43026],[76.14405,11.42253],[76.14018,11.41945],[76.13794,11.41959],[76.13732,11.4204],[76.1353,11.42297],[76.13281,11.42499],[76.13127,11.42727],[76.12872,11.42516],[76.12632,11.4221],[76.12505,11.41906],[76.12278,11.41723],[76.12111,11.41544],[76.11993,11.41348],[76.11939,11.4104],[76.11741,11.40826],[76.11457,11.40926],[76.11212,11.41022],[76.10967,11.41027],[76.10608,11.40946],[76.10634,11.40468],[76.10617,11.4023],[76.1047,11.40025],[76.10389,11.39829],[76.10296,11.39705],[76.10044,11.39534],[76.1005,11.39246],[76.10008,11.38968],[76.1,11.38918],[76.09963,11.38774],[76.09931,11.38674],[76.09897,11.385],[76.09835,11.38301],[76.09878,11.37783],[76.09897,11.37638],[76.09917,11.37511],[76.10065,11.37087],[76.10135,11.36887],[76.09969,11.36655],[76.09699,11.3632],[76.09446,11.3585],[76.09348,11.3558],[76.09453,11.35345],[76.09207,11.35271],[76.09282,11.3512],[76.09485,11.34706],[76.09663,11.34528],[76.09814,11.34357],[76.10032,11.34104],[76.10085,11.34154],[76.10475,11.33985],[76.10967,11.33849],[76.11336,11.33785],[76.11532,11.34196],[76.11549,11.3444],[76.11618,11.34592],[76.11701,11.34623],[76.11772,11.34651],[76.1195,11.34629],[76.12043,11.34543],[76.12144,11.34427],[76.12339,11.34009],[76.12401,11.33893],[76.12607,11.33228],[76.1283,11.32959],[76.13165,11.329],[76.13594,11.32833],[76.13912,11.32757],[76.14161,11.3258],[76.14032,11.3221],[76.13628,11.32092],[76.13405,11.31991],[76.13259,11.31739],[76.12967,11.31621],[76.12873,11.31335],[76.12933,11.31158],[76.13045,11.31145],[76.13156,11.31133],[76.13422,11.30964],[76.13354,11.30409],[76.13397,11.30266],[76.13628,11.3019],[76.13663,11.29761],[76.1356,11.29491],[76.13886,11.28776],[76.14118,11.28254],[76.14244,11.28093],[76.14349,11.2796],[76.14547,11.2764],[76.14658,11.2737],[76.1471,11.27059],[76.1447,11.26966],[76.14178,11.26798],[76.14006,11.26655],[76.14028,11.26016],[76.14032,11.25914],[76.14097,11.2574],[76.14338,11.25101],[76.14493,11.24689],[76.14547,11.2438],[76.14678,11.24306],[76.14903,11.24428],[76.15006,11.2435],[76.15018,11.24015],[76.15023,11.23884],[76.15025,11.23826],[76.15311,11.23372],[76.15446,11.23193],[76.15624,11.2314],[76.15815,11.23271],[76.15922,11.23496],[76.15972,11.23539],[76.16111,11.23658],[76.16349,11.23605],[76.16475,11.23407],[76.16509,11.23198],[76.16552,11.23068],[76.16744,11.23014],[76.16914,11.22828],[76.17014,11.22723],[76.17164,11.22691],[76.17331,11.22559],[76.17276,11.22168],[76.17178,11.22096],[76.17141,11.22069],[76.16997,11.22027],[76.17014,11.21532],[76.16796,11.21438],[76.16703,11.21299],[76.16542,11.21111],[76.16422,11.21109],[76.1613,11.21107],[76.15796,11.21035],[76.15798,11.20827],[76.15879,11.20585],[76.15785,11.20484],[76.15752,11.20448],[76.1573,11.2039],[76.1555,11.19903],[76.15436,11.19595],[76.15275,11.19437],[76.15281,11.19249],[76.15409,11.19062],[76.15285,11.18954],[76.15139,11.1872],[76.1511,11.18452],[76.15062,11.1821],[76.15194,11.18094],[76.15324,11.18067],[76.15408,11.17844],[76.15402,11.17562],[76.15481,11.17401],[76.15482,11.17183],[76.15542,11.17141],[76.15743,11.17],[76.15827,11.17047],[76.15882,11.17184],[76.15926,11.17293],[76.16122,11.1745],[76.16287,11.1749],[76.16272,11.17576],[76.16201,11.17667],[76.16289,11.17765],[76.16352,11.17835],[76.16404,11.18064],[76.16601,11.18178],[76.16708,11.18064],[76.16801,11.18035],[76.16859,11.18082],[76.16917,11.182],[76.17043,11.18322],[76.17258,11.18502],[76.17347,11.18545],[76.17386,11.18792],[76.17538,11.1886],[76.17633,11.18833],[76.17778,11.19001],[76.18078,11.18913],[76.18181,11.1889],[76.1826,11.18888],[76.18319,11.18879],[76.1844,11.18799],[76.1837,11.18598],[76.18434,11.18505],[76.18608,11.18501],[76.18637,11.18286],[76.18703,11.18192],[76.18835,11.1831],[76.18926,11.18249],[76.19051,11.17941],[76.19495,11.17932],[76.19779,11.17707],[76.20002,11.1753],[76.20111,11.1732],[76.20049,11.17082],[76.19955,11.1689],[76.19981,11.16782],[76.20014,11.16687],[76.19855,11.16596],[76.19817,11.16285],[76.19752,11.16066],[76.19615,11.15899],[76.19534,11.15634],[76.19524,11.1558],[76.19507,11.15486],[76.19486,11.15371],[76.19523,11.15074],[76.19442,11.14937],[76.19501,11.1479],[76.19572,11.1472],[76.194,11.1452],[76.19471,11.14198],[76.19512,11.14091],[76.19701,11.14091],[76.19746,11.13889],[76.19669,11.1379],[76.19658,11.13672],[76.19733,11.13645],[76.19762,11.13641],[76.19887,11.13628],[76.20076,11.13608],[76.20173,11.13597],[76.20422,11.13554],[76.20631,11.13535],[76.20897,11.13682],[76.21117,11.13609],[76.21282,11.13576],[76.21488,11.13689],[76.21641,11.13721],[76.21785,11.13682],[76.21886,11.13657],[76.21922,11.13649],[76.2205,11.13535],[76.22143,11.13449],[76.22316,11.13522],[76.22475,11.13468],[76.22596,11.13315],[76.22725,11.13268],[76.22915,11.13364],[76.23047,11.13517],[76.23148,11.13643],[76.23247,11.13683],[76.2343,11.13594],[76.23584,11.13637],[76.23759,11.13774],[76.23957,11.1387],[76.24151,11.13976],[76.24192,11.14102],[76.24247,11.14138],[76.24518,11.14313],[76.24698,11.14662],[76.24905,11.14789],[76.25097,11.15033],[76.25158,11.15054],[76.2526,11.15089],[76.25532,11.15029],[76.25646,11.15],[76.2574,11.15126],[76.25983,11.15213],[76.26046,11.15275],[76.26072,11.15481],[76.26288,11.15451],[76.26568,11.15469],[76.26684,11.1555],[76.26706,11.1569],[76.26791,11.15742],[76.27046,11.15592],[76.27112,11.15533],[76.27124,11.1532],[76.27121,11.15175],[76.27115,11.14899],[76.2696,11.14805],[76.26805,11.14706],[76.2689,11.14513],[76.26977,11.14383],[76.27049,11.14141],[76.27279,11.14035],[76.27458,11.1419],[76.27691,11.14175],[76.27852,11.14295],[76.28084,11.14068],[76.28206,11.13786],[76.28218,11.13704],[76.28217,11.13655],[76.28215,11.13619],[76.28151,11.1348],[76.28132,11.13175],[76.28129,11.13127],[76.27996,11.12927],[76.27943,11.12758],[76.27857,11.12567],[76.2796,11.12444],[76.27883,11.12305],[76.27599,11.12291],[76.27501,11.11893],[76.27677,11.11857],[76.2767,11.11668],[76.27842,11.1163],[76.27838,11.11213],[76.27842,11.11171],[76.27857,11.1104],[76.27951,11.10872],[76.27861,11.10646],[76.27655,11.10499],[76.27606,11.10387],[76.27632,11.1028]]]]}},{"type":"Feature","properties":{"name":"Ernad","level":"6"},"geometry":{"type":"MultiPolygon","coordinates":[[[[76.04253,11.08458],[76.044,11.08683],[76.04701,11.09085],[76.04564,11.09131],[76.04494,11.09173],[76.04494,11.09279],[76.04464,11.09364],[76.04345,11.09634],[76.04359,11.09714],[76.04315,11.09799],[76.04275,11.09855],[76.04252,11.09886],[76.04299,11.09989],[76.04371,11.10106],[76.0431,11.10245],[76.04254,11.10301],[76.04176,11.10287],[76.04109,11.1037],[76.04046,11.10458],[76.04016,11.10537],[76.04006,11.10547],[76.03911,11.10647],[76.03915,11.10746],[76.03825,11.10807],[76.03681,11.10878],[76.03623,11.1092],[76.0357,11.10959],[76.03531,11.11102],[76.03454,11.11088],[76.03494,11.10959],[76.035,11.10879],[76.03457,11.10847],[76.03413,11.10844],[76.03323,11.1098],[76.03251,11.1108],[76.03143,11.111],[76.03084,11.11201],[76.03047,11.11264],[76.03113,11.11398],[76.03121,11.11627],[76.03143,11.1176],[76.03201,11.119],[76.03228,11.11964],[76.03232,11.12073],[76.03122,11.1215],[76.03072,11.12216],[76.03079,11.12321],[76.03013,11.12378],[76.02927,11.1242],[76.02938,11.12565],[76.03024,11.12797],[76.03106,11.12806],[76.0321,11.12768],[76.03297,11.12751],[76.03326,11.12862],[76.03396,11.1287],[76.03438,11.1287],[76.0347,11.1287],[76.03593,11.12896],[76.03704,11.13011],[76.0366,11.13156],[76.03702,11.13226],[76.03748,11.13241],[76.03766,11.13247],[76.03838,11.13209],[76.03933,11.13207],[76.03989,11.13367],[76.04026,11.13498],[76.0408,11.13569],[76.04218,11.13487],[76.04285,11.13403],[76.04314,11.13406],[76.04393,11.13464],[76.04405,11.13553],[76.04325,11.13677],[76.04215,11.1377],[76.03996,11.13931],[76.03795,11.14008],[76.03608,11.14052],[76.03563,11.14062],[76.03501,11.14275],[76.03297,11.14228],[76.03155,11.1436],[76.0285,11.14482],[76.02877,11.14596],[76.02627,11.14777],[76.02512,11.15033],[76.02435,11.15206],[76.02308,11.15335],[76.02218,11.1539],[76.02125,11.15522],[76.02132,11.15703],[76.01943,11.15575],[76.01882,11.15602],[76.01859,11.15614],[76.01807,11.15724],[76.01777,11.15889],[76.01823,11.16037],[76.01875,11.16088],[76.01986,11.16192],[76.02015,11.16219],[76.02104,11.16317],[76.02134,11.16416],[76.02115,11.16537],[76.01842,11.16539],[76.01919,11.16846],[76.01901,11.1703],[76.02086,11.17148],[76.02106,11.17276],[76.02117,11.17369],[76.02244,11.17348],[76.02246,11.17116],[76.02418,11.17137],[76.02498,11.17006],[76.02628,11.1697],[76.02763,11.17057],[76.02864,11.16967],[76.0288,11.16788],[76.03015,11.16727],[76.0318,11.16812],[76.03327,11.16904],[76.03373,11.16998],[76.03389,11.1703],[76.03394,11.17113],[76.03396,11.17147],[76.03491,11.17271],[76.0365,11.17282],[76.03755,11.17291],[76.03842,11.17346],[76.03807,11.17527],[76.03716,11.17722],[76.03708,11.17904],[76.03716,11.18019],[76.03804,11.18382],[76.03807,11.18467],[76.03813,11.18643],[76.0393,11.18853],[76.03934,11.18979],[76.03836,11.19085],[76.03643,11.19214],[76.03543,11.19325],[76.03546,11.19446],[76.03657,11.19551],[76.03628,11.19638],[76.03612,11.19684],[76.0358,11.1977],[76.03601,11.19884],[76.0359,11.20008],[76.03478,11.20153],[76.03322,11.20209],[76.03225,11.20125],[76.03144,11.20146],[76.03087,11.20164],[76.02936,11.20198],[76.02842,11.20274],[76.02743,11.20377],[76.0263,11.20572],[76.02468,11.20646],[76.02178,11.20669],[76.02071,11.20846],[76.01922,11.20921],[76.01805,11.21075],[76.01807,11.21081],[76.01853,11.21258],[76.01967,11.21459],[76.02082,11.21644],[76.02254,11.21803],[76.02378,11.21921],[76.02398,11.21939],[76.02481,11.22014],[76.02504,11.22241],[76.02377,11.22318],[76.02199,11.2237],[76.01977,11.22411],[76.01957,11.22416],[76.01819,11.22451],[76.01721,11.22476],[76.0157,11.22526],[76.0146,11.22641],[76.0147,11.22753],[76.01309,11.22744],[76.01199,11.22681],[76.01091,11.22677],[76.0103,11.22705],[76.01011,11.22806],[76.0103,11.22916],[76.01106,11.23014],[76.01209,11.23129],[76.01264,11.23213],[76.01287,11.23246],[76.01475,11.23333],[76.01692,11.23313],[76.01814,11.23328],[76.01885,11.23428],[76.01941,11.2355],[76.01916,11.23631],[76.01899,11.23687],[76.01606,11.23687],[76.01294,11.23804],[76.01163,11.23894],[76.00952,11.24039],[76.00701,11.2422],[76.00657,11.24252],[76.00367,11.24551],[76.00279,11.24694],[76.00241,11.24708],[76.00135,11.24745],[75.99984,11.24702],[75.99881,11.24606],[75.99766,11.24465],[75.99622,11.24242],[75.99393,11.24256],[75.99303,11.2439],[75.99293,11.24534],[75.99413,11.24745],[75.99554,11.24912],[75.99666,11.25118],[75.99713,11.25189],[75.99695,11.25272],[75.99712,11.25293],[75.9992,11.25563],[75.99958,11.25845],[76.00235,11.25878],[76.00339,11.25884],[76.00539,11.25895],[76.00584,11.25897],[76.00893,11.2599],[76.01043,11.26116],[76.01097,11.26268],[76.01125,11.26324],[76.01237,11.26552],[76.01434,11.26773],[76.01646,11.26808],[76.01796,11.26846],[76.01805,11.26848],[76.01848,11.26864],[76.01913,11.26888],[76.0196,11.26905],[76.02108,11.2693],[76.02224,11.26949],[76.02566,11.26935],[76.02724,11.26928],[76.03035,11.26815],[76.03129,11.26758],[76.03301,11.26745],[76.03351,11.26752],[76.03543,11.26777],[76.03556,11.26779],[76.03863,11.2679],[76.04204,11.26787],[76.04479,11.26754],[76.04762,11.26834],[76.04889,11.26859],[76.04976,11.26876],[76.0499,11.26905],[76.05007,11.26951],[76.05041,11.27071],[76.05215,11.27267],[76.05478,11.27528],[76.05483,11.27532],[76.05594,11.27589],[76.05676,11.27631],[76.05863,11.27711],[76.05867,11.2784],[76.05869,11.27905],[76.06088,11.28159],[76.06183,11.28343],[76.06288,11.28435],[76.06601,11.28547],[76.06804,11.28594],[76.06852,11.28606],[76.07273,11.28761],[76.07298,11.29119],[76.07172,11.29142],[76.07041,11.29201],[76.06972,11.29344],[76.06968,11.29422],[76.07024,11.29521],[76.07092,11.29583],[76.07133,11.2962],[76.07349,11.2976],[76.07616,11.29933],[76.08315,11.3039],[76.08418,11.3051],[76.08468,11.30619],[76.08453,11.30779],[76.08384,11.3088],[76.08515,11.30964],[76.08753,11.31118],[76.08912,11.31171],[76.09103,11.31223],[76.09262,11.31206],[76.09382,11.31137],[76.09524,11.31116],[76.09648,11.31126],[76.09787,11.31185],[76.09895,11.31257],[76.1025,11.31267],[76.10373,11.31273],[76.10484,11.31321],[76.10511,11.31333],[76.10661,11.31454],[76.10767,11.31494],[76.10955,11.3146],[76.11096,11.31401],[76.11147,11.3138],[76.11457,11.31506],[76.11753,11.31829],[76.11865,11.32006],[76.11996,11.32311],[76.11999,11.32553],[76.11914,11.32685],[76.11764,11.32819],[76.1157,11.33003],[76.11545,11.33103],[76.11586,11.33204],[76.11664,11.33358],[76.11475,11.3345],[76.11336,11.33785],[76.11532,11.34196],[76.11549,11.3444],[76.11618,11.34592],[76.11701,11.34623],[76.11772,11.34651],[76.1195,11.34629],[76.12043,11.34543],[76.12144,11.34427],[76.12339,11.34009],[76.12401,11.33893],[76.12607,11.33228],[76.1283,11.32959],[76.13165,11.329],[76.13594,11.32833],[76.13912,11.32757],[76.14161,11.3258],[76.14032,11.3221],[76.13628,11.32092],[76.13405,11.31991],[76.13259,11.31739],[76.12967,11.31621],[76.12873,11.31335],[76.12933,11.31158],[76.13045,11.31145],[76.13156,11.31133],[76.13422,11.30964],[76.13354,11.30409],[76.13397,11.30266],[76.13628,11.3019],[76.13663,11.29761],[76.1356,11.29491],[76.13886,11.28776],[76.14118,11.28254],[76.14244,11.28093],[76.14349,11.2796],[76.14547,11.2764],[76.14658,11.2737],[76.1471,11.27059],[76.1447,11.26966],[76.14178,11.26798],[76.14006,11.26655],[76.14028,11.26016],[76.14032,11.25914],[76.14097,11.2574],[76.14338,11.25101],[76.14493,11.24689],[76.14547,11.2438],[76.14678,11.24306],[76.14903,11.24428],[76.15006,11.2435],[76.15018,11.24015],[76.15023,11.23884],[76.15025,11.23826],[76.15311,11.23372],[76.15446,11.23193],[76.15624,11.2314],[76.15815,11.23271],[76.15922,11.23496],[76.15972,11.23539],[76.16111,11.23658],[76.16349,11.23605],[76.16475,11.23407],[76.16509,11.23198],[76.16552,11.23068],[76.16744,11.23014],[76.16914,11.22828],[76.17014,11.22723],[76.17164,11.22691],[76.17331,11.22559],[76.17276,11.22168],[76.17178,11.22096],[76.17141,11.22069],[76.16997,11.22027],[76.17014,11.21532],[76.16796,11.21438],[76.16703,11.21299],[76.16542,11.21111],[76.16422,11.21109],[76.1613,11.21107],[76.15796,11.21035],[76.15798,11.20827],[76.15879,11.20585],[76.15785,11.20484],[76.15752,11.20448],[76.1573,11.2039],[76.1555,11.19903],[76.15436,11.19595],[76.15275,11.19437],[76.15281,11.19249],[76.15409,11.19062],[76.15285,11.18954],[76.15139,11.1872],[76.1511,11.18452],[76.15062,11.1821],[76.15194,11.18094],[76.15324,11.18067],[76.15408,11.17844],[76.15402,11.17562],[76.15481,11.17401],[76.15482,11.17183],[76.15542,11.17141],[76.15743,11.17],[76.15827,11.17047],[76.15882,11.17184],[76.15926,11.17293],[76.16122,11.1745],[76.16287,11.1749],[76.16272,11.17576],[76.16201,11.17667],[76.16289,11.17765],[76.16352,11.17835],[76.16404,11.18064],[76.16601,11.18178],[76.16708,11.18064],[76.16801,11.18035],[76.16859,11.18082],[76.16917,11.182],[76.17043,11.18322],[76.17258,11.18502],[76.17347,11.18545],[76.17386,11.18792],[76.17538,11.1886],[76.17633,11.18833],[76.17778,11.19001],[76.18078,11.18913],[76.18181,11.1889],[76.1826,11.18888],[76.18319,11.18879],[76.1844,11.18799],[76.1837,11.18598],[76.18434,11.18505],[76.18608,11.18501],[76.18637,11.18286],[76.18703,11.18192],[76.18835,11.1831],[76.18926,11.18249],[76.19051,11.17941],[76.19495,11.17932],[76.19779,11.17707],[76.20002,11.1753],[76.20111,11.1732],[76.20049,11.17082],[76.19955,11.1689],[76.19981,11.16782],[76.20014,11.16687],[76.19855,11.16596],[76.19817,11.16285],[76.19752,11.16066],[76.19615,11.15899],[76.19534,11.15634],[76.19524,11.1558],[76.19507,11.15486],[76.19486,11.15371],[76.19523,11.15074],[76.19442,11.14937],[76.19501,11.1479],[76.19572,11.1472],[76.194,11.1452],[76.19471,11.14198],[76.19512,11.14091],[76.19701,11.14091],[76.19746,11.13889],[76.19669,11.1379],[76.19658,11.13672],[76.19733,11.13645],[76.19762,11.13641],[76.19887,11.13628],[76.20076,11.13608],[76.20173,11.13597],[76.20422,11.13554],[76.20631,11.13535],[76.20897,11.13682],[76.21117,11.13609],[76.21282,11.13576],[76.21488,11.13689],[76.21641,11.13721],[76.21785,11.13682],[76.21886,11.13657],[76.21922,11.13649],[76.2205,11.13535],[76.22143,11.13449],[76.22316,11.13522],[76.22475,11.13468],[76.22596,11.13315],[76.22725,11.13268],[76.22915,11.13364],[76.23047,11.13517],[76.23148,11.13643],[76.23247,11.13683],[76.2343,11.13594],[76.23584,11.13637],[76.23759,11.13774],[76.23957,11.1387],[76.24151,11.13976],[76.24192,11.14102],[76.24247,11.14138],[76.24518,11.14313],[76.24698,11.14662],[76.24905,11.14789],[76.25097,11.15033],[76.25158,11.15054],[76.2526,11.15089],[76.25532,11.15029],[76.25646,11.15],[76.2574,11.15126],[76.25983,11.15213],[76.26046,11.15275],[76.26072,11.15481],[76.26288,11.15451],[76.26568,11.15469],[76.26684,11.1555],[76.26706,11.1569],[76.26791,11.15742],[76.27046,11.15592],[76.27112,11.15533],[76.27124,11.1532],[76.27121,11.15175],[76.27115,11.14899],[76.2696,11.14805],[76.26805,11.14706],[76.2689,11.14513],[76.26977,11.14383],[76.27049,11.14141],[76.27279,11.14035],[76.27458,11.1419],[76.27691,11.14175],[76.27852,11.14295],[76.28084,11.14068],[76.28206,11.13786],[76.28218,11.13704],[76.28217,11.13655],[76.28215,11.13619],[76.28151,11.1348],[76.28132,11.13175],[76.28129,11.13127],[76.27996,11.12927],[76.27943,11.12758],[76.27857,11.12567],[76.2796,11.12444],[76.27883,11.12305],[76.27599,11.12291],[76.27501,11.11893],[76.27677,11.11857],[76.2767,11.11668],[76.27842,11.1163],[76.27838,11.11213],[76.27842,11.11171],[76.27857,11.1104],[76.27951,11.10872],[76.27861,11.10646],[76.27655,11.10499],[76.27606,11.10387],[76.27632,11.1028],[76.27715,11.1024],[76.2766,11.10086],[76.27668,11.09949],[76.27775,11.09869],[76.27767,11.09642],[76.27824,11.09392],[76.27634,11.09297],[76.27427,11.09202],[76.27107,11.09053],[76.26872,11.09005],[76.26704,11.08977],[76.26675,11.08972],[76.2643,11.08871],[76.26314,11.08654],[76.26091,11.08494],[76.25628,11.08492],[76.2546,11.08525],[76.25194,11.08589],[76.24919,11.08513],[76.24808,11.08562],[76.2464,11.0877],[76.24431,11.08858],[76.24357,11.08802],[76.24178,11.08668],[76.24051,11.08575],[76.2354,11.08576],[76.23347,11.0851],[76.23245,11.08365],[76.23198,11.08312],[76.23119,11.08222],[76.2291,11.08055],[76.22775,11.08026],[76.22602,11.08098],[76.22542,11.08208],[76.22529,11.08541],[76.22437,11.08631],[76.22394,11.08673],[76.22092,11.08721],[76.22025,11.08732],[76.21748,11.08762],[76.21546,11.08819],[76.21473,11.08989],[76.21413,11.09252],[76.21177,11.09225],[76.21053,11.09042],[76.2098,11.08869],[76.20872,11.08846],[76.20632,11.08748],[76.20527,11.08722],[76.2048,11.08682],[76.20481,11.08446],[76.20563,11.08243],[76.2064,11.08034],[76.20692,11.07776],[76.20589,11.07674],[76.20428,11.07467],[76.20291,11.07409],[76.20165,11.07339],[76.20035,11.07267],[76.19889,11.07007],[76.19597,11.07021],[76.19516,11.06883],[76.19619,11.06622],[76.19662,11.06277],[76.19593,11.06091],[76.19542,11.05957],[76.19218,11.0591],[76.1919,11.05906],[76.18993,11.05662],[76.1885,11.05429],[76.18684,11.0519],[76.18524,11.04968],[76.18375,11.05002],[76.17901,11.05112],[76.17754,11.05097],[76.17391,11.0506],[76.17315,11.05187],[76.17002,11.05494],[76.16753,11.05788],[76.16512,11.06075],[76.16419,11.06226],[76.16387,11.06334],[76.16327,11.06426],[76.16008,11.06521],[76.15869,11.06563],[76.15201,11.0678],[76.15071,11.0683],[76.1459,11.0733],[76.1456,11.07349],[76.13997,11.07717],[76.13525,11.07625],[76.13259,11.07608],[76.13101,11.07655],[76.12887,11.07729],[76.12944,11.08132],[76.12796,11.08292],[76.12634,11.0834],[76.12407,11.08301],[76.12341,11.0829],[76.12228,11.08135],[76.12345,11.07864],[76.12522,11.07632],[76.12664,11.07457],[76.12683,11.07345],[76.12625,11.07137],[76.12418,11.06868],[76.12404,11.06848],[76.12196,11.06544],[76.12159,11.06506],[76.11937,11.06275],[76.11825,11.06215],[76.11748,11.06251],[76.11642,11.06337],[76.11598,11.065],[76.1158,11.06687],[76.11616,11.06829],[76.1167,11.06975],[76.11619,11.07008],[76.11539,11.06946],[76.11252,11.06719],[76.11073,11.06611],[76.11009,11.06598],[76.10898,11.06699],[76.10839,11.068],[76.10821,11.06909],[76.10788,11.07149],[76.1074,11.07329],[76.10666,11.07413],[76.10636,11.07447],[76.10383,11.0736],[76.10439,11.06978],[76.10396,11.06943],[76.09826,11.06901],[76.09565,11.06856],[76.09457,11.0671],[76.0942,11.06603],[76.09421,11.06547],[76.09484,11.06411],[76.09568,11.06235],[76.09607,11.06168],[76.09646,11.061],[76.09752,11.0593],[76.0983,11.05863],[76.09905,11.05792],[76.09981,11.05751],[76.10073,11.05655],[76.10125,11.05568],[76.10115,11.05519],[76.10082,11.0543],[76.1003,11.05328],[76.09994,11.05259],[76.09925,11.05153],[76.0983,11.05052],[76.09672,11.04912],[76.09574,11.04807],[76.09485,11.04712],[76.09469,11.04674],[76.09459,11.04593],[76.09466,11.04543],[76.09468,11.04533],[76.09504,11.04469],[76.09596,11.04371],[76.0974,11.04224],[76.09742,11.04207],[76.09746,11.04183],[76.09729,11.04096],[76.09695,11.04009],[76.09673,11.03953],[76.09634,11.03856],[76.09634,11.03799],[76.09667,11.03756],[76.09729,11.03715],[76.09867,11.03626],[76.09978,11.03539],[76.10053,11.03471],[76.10098,11.03414],[76.10172,11.03354],[76.1019,11.03325],[76.10217,11.03287],[76.10241,11.03257],[76.10274,11.03185],[76.10288,11.03143],[76.10279,11.03059],[76.10232,11.02962],[76.10181,11.02926],[76.10097,11.02901],[76.10026,11.02886],[76.09995,11.02884],[76.09887,11.02933],[76.09705,11.03052],[76.09636,11.0312],[76.09553,11.03153],[76.09471,11.03163],[76.09408,11.03159],[76.09309,11.03138],[76.0917,11.03107],[76.09073,11.03106],[76.08997,11.03133],[76.0897,11.03146],[76.08946,11.03187],[76.08914,11.03324],[76.08896,11.03482],[76.08891,11.03559],[76.08861,11.03642],[76.08837,11.03681],[76.08792,11.03714],[76.08736,11.0372],[76.08646,11.03697],[76.08565,11.03658],[76.08465,11.03587],[76.08427,11.03561],[76.08283,11.03487],[76.08217,11.03503],[76.08144,11.03531],[76.08082,11.03571],[76.07946,11.03695],[76.07888,11.03733],[76.07821,11.03748],[76.07783,11.03739],[76.07743,11.03693],[76.0774,11.03682],[76.07717,11.03586],[76.07706,11.03473],[76.07716,11.03327],[76.07702,11.03162],[76.07683,11.0299],[76.0769,11.02901],[76.07699,11.02794],[76.07672,11.02748],[76.07629,11.02701],[76.07586,11.02674],[76.07524,11.02689],[76.07504,11.02725],[76.07492,11.02737],[76.07447,11.02782],[76.07349,11.0292],[76.07236,11.02982],[76.07146,11.03015],[76.07065,11.03104],[76.07032,11.03151],[76.07009,11.03183],[76.06965,11.0328],[76.06959,11.03414],[76.06977,11.03497],[76.07076,11.03788],[76.07091,11.03833],[76.07065,11.03898],[76.07047,11.03923],[76.06995,11.0393],[76.06892,11.03903],[76.06777,11.03864],[76.06576,11.03769],[76.06468,11.03722],[76.06402,11.03706],[76.06345,11.03714],[76.06307,11.03745],[76.06275,11.03782],[76.06239,11.03857],[76.06214,11.03975],[76.06226,11.04008],[76.06239,11.04044],[76.0627,11.04094],[76.06326,11.04128],[76.06416,11.04183],[76.0657,11.04249],[76.0659,11.04272],[76.06616,11.04354],[76.06628,11.0442],[76.06628,11.04441],[76.06628,11.04489],[76.06551,11.04621],[76.06381,11.04825],[76.06326,11.04904],[76.06234,11.05016],[76.06198,11.05045],[76.0613,11.05071],[76.06087,11.05072],[76.06012,11.05058],[76.05953,11.0502],[76.0591,11.04992],[76.05768,11.04899],[76.05675,11.04813],[76.05647,11.04767],[76.05642,11.0472],[76.05632,11.04574],[76.05618,11.04435],[76.05583,11.04273],[76.05581,11.04237],[76.05576,11.04176],[76.05582,11.04093],[76.05612,11.03974],[76.056,11.03943],[76.05566,11.03921],[76.05529,11.03896],[76.05502,11.03877],[76.05355,11.03799],[76.05213,11.03734],[76.05078,11.03648],[76.04922,11.03562],[76.04872,11.0354],[76.04816,11.03563],[76.04714,11.0327],[76.04708,11.03104],[76.04916,11.02867],[76.0501,11.02689],[76.05066,11.02454],[76.05131,11.0235],[76.0518,11.0227],[76.05232,11.02187],[76.05262,11.02037],[76.05446,11.01917],[76.05517,11.01791],[76.05578,11.01682],[76.05594,11.01474],[76.05611,11.01269],[76.05581,11.01163],[76.05481,11.01118],[76.05479,11.01003],[76.05529,11.00965],[76.05637,11.00882],[76.05662,11.00687],[76.05863,11.0056],[76.05993,11.0052],[76.06011,11.00367],[76.06138,11.00138],[76.06345,11.0001],[76.06463,11.00005],[76.06565,11.0],[76.06876,11.00015],[76.06916,11.00015],[76.07038,11.00013],[76.0718,11.00028],[76.07202,11.0003],[76.07303,11.0007],[76.07535,11.0015],[76.07781,11.00132],[76.08001,11.0017],[76.08097,11.00187],[76.08447,11.00222],[76.0867,11.00136],[76.09145,10.99953],[76.09143,10.99856],[76.09093,10.99687],[76.0909,10.99473],[76.08959,10.99292],[76.0887,10.99156],[76.08789,10.99033],[76.08755,10.98818],[76.08753,10.98798],[76.08731,10.9859],[76.08512,10.98357],[76.0844,10.98251],[76.08528,10.97978],[76.08513,10.97803],[76.08446,10.97677],[76.08398,10.97504],[76.08151,10.97538],[76.08112,10.97451],[76.08103,10.97425],[76.08026,10.9718],[76.08002,10.97106],[76.07797,10.97175],[76.07655,10.97153],[76.07574,10.96952],[76.07349,10.96917],[76.07185,10.96796],[76.07059,10.96723],[76.06995,10.9644],[76.06774,10.96096],[76.06616,10.96167],[76.06511,10.96547],[76.06333,10.96563],[76.06157,10.96725],[76.05942,10.96776],[76.05865,10.96795],[76.05622,10.96799],[76.05399,10.96487],[76.0495,10.96596],[76.04729,10.96671],[76.04547,10.96734],[76.04447,10.96844],[76.04462,10.96961],[76.04608,10.97055],[76.04962,10.97056],[76.05022,10.97126],[76.05028,10.97264],[76.05001,10.97271],[76.04607,10.97367],[76.04365,10.97375],[76.04236,10.97379],[76.04019,10.97315],[76.03911,10.97272],[76.03865,10.97255],[76.037,10.9719],[76.0336,10.9728],[76.0331,10.97266],[76.03204,10.97238],[76.03108,10.97185],[76.03038,10.97147],[76.02938,10.97092],[76.02919,10.97094],[76.02482,10.97124],[76.02242,10.97085],[76.02158,10.97273],[76.01902,10.97276],[76.01675,10.97138],[76.01416,10.96878],[76.01239,10.969],[76.01027,10.96927],[76.00949,10.96985],[76.00836,10.97068],[76.00828,10.97279],[76.0076,10.97463],[76.00568,10.97626],[76.00191,10.9788],[76.00135,10.97941],[76.00066,10.98015],[76.00028,10.98151],[75.99996,10.98266],[75.99719,10.98424],[75.99637,10.98604],[75.99597,10.98645],[75.99453,10.98796],[75.99413,10.98931],[75.99411,10.98943],[75.99367,10.99094],[75.99287,10.9937],[75.99294,10.99494],[75.99296,10.99546],[75.99295,10.99569],[75.99262,10.99647],[75.99232,10.99749],[75.99187,10.999],[75.98947,10.99912],[75.98878,11.00005],[75.98805,11.00111],[75.98762,11.00369],[75.98923,11.00371],[75.9904,11.00398],[75.99196,11.00435],[75.9943,11.00417],[75.99608,11.00403],[75.9969,11.00434],[75.99736,11.00452],[75.99835,11.00535],[75.99911,11.00636],[75.99951,11.00678],[75.99998,11.00695],[76.00032,11.00704],[76.00084,11.00716],[76.00151,11.00719],[76.00305,11.00708],[76.00355,11.00621],[76.00404,11.00562],[76.00424,11.00557],[76.00454,11.00549],[76.00543,11.00567],[76.00668,11.00593],[76.00695,11.00596],[76.00765,11.00603],[76.00842,11.00639],[76.00817,11.00368],[76.0084,11.00308],[76.00898,11.00228],[76.00977,11.00213],[76.0111,11.00282],[76.01181,11.00133],[76.01233,11.00075],[76.01396,11.00035],[76.01527,10.9999],[76.01607,10.99917],[76.01623,10.99902],[76.0171,10.99773],[76.01727,10.99759],[76.01831,10.99673],[76.01926,10.99597],[76.02009,10.99546],[76.02049,10.99521],[76.02147,10.99493],[76.02257,10.99511],[76.02342,10.99566],[76.02381,10.99653],[76.02403,10.99806],[76.02402,10.99928],[76.02433,11.00002],[76.02537,11.00083],[76.0266,11.00281],[76.02766,11.00396],[76.02921,11.00523],[76.02981,11.00669],[76.0305,11.00733],[76.03105,11.00756],[76.03175,11.00736],[76.03292,11.00645],[76.0336,11.00613],[76.03456,11.00602],[76.03629,11.00562],[76.03637,11.00509],[76.03725,11.00509],[76.03771,11.00494],[76.03855,11.0046],[76.03866,11.00638],[76.0388,11.00806],[76.03881,11.0082],[76.03796,11.00999],[76.03613,11.00973],[76.03463,11.00971],[76.0335,11.01055],[76.03362,11.01164],[76.03514,11.01325],[76.03476,11.01432],[76.03389,11.01457],[76.03317,11.01494],[76.03385,11.01572],[76.03567,11.01598],[76.03633,11.01648],[76.03664,11.01743],[76.03649,11.01889],[76.03642,11.01909],[76.03595,11.0204],[76.03445,11.02073],[76.03405,11.02197],[76.03362,11.02275],[76.03331,11.02317],[76.03211,11.0248],[76.03186,11.02558],[76.0323,11.02676],[76.03253,11.02706],[76.03297,11.02731],[76.03455,11.02859],[76.03574,11.03002],[76.03591,11.03101],[76.036,11.03153],[76.03565,11.03331],[76.03567,11.03453],[76.03662,11.03595],[76.03732,11.03834],[76.03783,11.03934],[76.03852,11.0407],[76.04396,11.0436],[76.04541,11.04455],[76.04538,11.04485],[76.04523,11.04521],[76.04486,11.04553],[76.04403,11.04597],[76.04383,11.04607],[76.04299,11.04634],[76.04189,11.04632],[76.0405,11.04624],[76.03954,11.04582],[76.03811,11.04484],[76.03771,11.04479],[76.03724,11.0448],[76.03689,11.04509],[76.03674,11.04541],[76.03605,11.04655],[76.03498,11.04817],[76.03398,11.04937],[76.03402,11.04967],[76.03434,11.05014],[76.03488,11.05081],[76.03558,11.05136],[76.03635,11.05194],[76.03709,11.05237],[76.03781,11.05265],[76.03919,11.05345],[76.04017,11.05424],[76.04074,11.05508],[76.0408,11.05556],[76.04034,11.05597],[76.03985,11.05642],[76.03923,11.05699],[76.03686,11.05852],[76.03495,11.05919],[76.03462,11.06102],[76.03458,11.06126],[76.03476,11.06578],[76.03578,11.0666],[76.0359,11.06673],[76.03591,11.06696],[76.03597,11.06917],[76.03704,11.07229],[76.03886,11.07437],[76.04038,11.07696],[76.04087,11.07734],[76.0416,11.07791],[76.04158,11.08084],[76.04221,11.08213],[76.04239,11.08248],[76.04243,11.08309],[76.04253,11.08458]]]]}},{"type":"Feature","properties":{"name":"Mannarkad","level":"6"},"geometry":{"type":"MultiPolygon","coordinates":[[[[76.40251,11.18856],[76.40223,11.18754],[76.40296,11.18594],[76.40562,11.18392],[76.40618,11.18198],[76.40687,11.17908],[76.40729,11.17819],[76.40948,11.17697],[76.41038,11.17592],[76.41219,11.17171],[76.41369,11.17082],[76.41309,11.16682],[76.41098,11.1648],[76.41086,11.16396],[76.41137,11.1632],[76.41141,11.16165],[76.41008,11.15983],[76.4085,11.15693],[76.40652,11.15613],[76.40618,11.15289],[76.40781,11.15045],[76.41038,11.14893],[76.41043,11.14514],[76.41315,11.14329],[76.41369,11.14177],[76.41283,11.14038],[76.41056,11.13912],[76.41021,11.13499],[76.40862,11.13276],[76.4082,11.12939],[76.40865,11.12575],[76.40871,11.12442],[76.4085,11.1187],[76.40313,11.11541],[76.39867,11.1136],[76.3909,11.11209],[76.38584,11.11162],[76.38534,11.10874],[76.38652,11.10775],[76.38944,11.10316],[76.38871,11.09991],[76.38755,11.09874],[76.38234,11.10029],[76.37567,11.09697],[76.36876,11.09857],[76.3673,11.09751],[76.36511,11.09743],[76.36026,11.09794],[76.35734,11.09309],[76.35133,11.09242],[76.34947,11.09008],[76.34777,11.08829],[76.3462,11.0885],[76.34573,11.08785],[76.34412,11.08798],[76.34288,11.08612],[76.34258,11.08309],[76.33951,11.0777],[76.33816,11.07778],[76.33683,11.07595],[76.33518,11.0749],[76.33397,11.07473],[76.3338,11.07416],[76.33235,11.07356],[76.33195,11.07303],[76.33156,11.07258],[76.33086,11.07271],[76.32977,11.07385],[76.32938,11.07381],[76.33118,11.0706],[76.33063,11.06909],[76.33168,11.0674],[76.33279,11.0669],[76.33342,11.06643],[76.33359,11.0626],[76.33461,11.06268],[76.33457,11.06026],[76.33461,11.05774],[76.33254,11.05716],[76.33187,11.05628],[76.33253,11.05539],[76.33247,11.05425],[76.33085,11.0531],[76.3286,11.05194],[76.32641,11.05015],[76.3237,11.05113],[76.32242,11.05184],[76.32156,11.05082],[76.3199,11.05008],[76.31709,11.0511],[76.31456,11.0515],[76.31416,11.05157],[76.31248,11.05042],[76.30949,11.04762],[76.30779,11.04666],[76.30545,11.0471],[76.30227,11.04958],[76.30096,11.05038],[76.29904,11.05157],[76.29676,11.05108],[76.29724,11.04766],[76.29495,11.04518],[76.2939,11.04253],[76.29299,11.04181],[76.29164,11.03969],[76.28939,11.03993],[76.28792,11.03869],[76.28761,11.03842],[76.28547,11.03532],[76.28601,11.0344],[76.28828,11.0343],[76.28924,11.03344],[76.28895,11.03218],[76.28751,11.02961],[76.28866,11.02751],[76.28656,11.0241],[76.28697,11.0234],[76.28848,11.02085],[76.28951,11.02087],[76.29449,11.024],[76.29722,11.02337],[76.29909,11.02402],[76.30063,11.02665],[76.30444,11.02632],[76.30629,11.02762],[76.30906,11.02574],[76.31236,11.02738],[76.31565,11.02646],[76.31907,11.02686],[76.32023,11.02766],[76.3218,11.02787],[76.32227,11.02605],[76.32232,11.02454],[76.3239,11.02469],[76.32512,11.02508],[76.32575,11.02438],[76.32551,11.02246],[76.3272,11.02254],[76.3307,11.02184],[76.33106,11.02001],[76.3298,11.0171],[76.32921,11.0155],[76.32757,11.01106],[76.32635,11.0049],[76.32673,11.0042],[76.32863,11.00143],[76.33329,11.00024],[76.33743,10.9992],[76.34191,10.99809],[76.34946,10.99551],[76.35329,10.99655],[76.35641,10.99741],[76.35973,10.99836],[76.36944,10.99721],[76.37241,10.99527],[76.37187,10.99178],[76.36917,10.98464],[76.36597,10.9789],[76.36535,10.97584],[76.36483,10.97322],[76.35276,10.97462],[76.35235,10.97467],[76.34616,10.9744],[76.34296,10.97455],[76.34077,10.97466],[76.3376,10.97814],[76.33722,10.97987],[76.33153,10.97882],[76.33025,10.9757],[76.32867,10.96674],[76.3299,10.96225],[76.3276,10.95841],[76.32437,10.95335],[76.32426,10.95136],[76.32372,10.94112],[76.32461,10.93059],[76.32719,10.92797],[76.33211,10.92506],[76.33294,10.92178],[76.33257,10.91659],[76.33246,10.91515],[76.33245,10.91501],[76.33244,10.91475],[76.33242,10.91457],[76.33565,10.91475],[76.33612,10.90984],[76.33711,10.90541],[76.33782,10.90728],[76.3388,10.90978],[76.3391,10.9117],[76.33908,10.91416],[76.3396,10.91595],[76.33998,10.91804],[76.34374,10.92168],[76.34571,10.92092],[76.34927,10.92029],[76.35189,10.92042],[76.35361,10.92172],[76.35451,10.92375],[76.35532,10.92552],[76.35695,10.92775],[76.35742,10.92855],[76.3597,10.93251],[76.3624,10.93432],[76.36406,10.93643],[76.36507,10.93812],[76.36532,10.94005],[76.36743,10.94182],[76.36794,10.93896],[76.36854,10.9374],[76.36983,10.93786],[76.37047,10.9393],[76.3718,10.94123],[76.37438,10.94157],[76.37901,10.94406],[76.37949,10.94747],[76.38013,10.95],[76.38129,10.9524],[76.38429,10.95737],[76.38562,10.9599],[76.38734,10.96184],[76.3897,10.96226],[76.39129,10.96323],[76.39245,10.96496],[76.39382,10.96622],[76.39536,10.96491],[76.39609,10.96424],[76.39747,10.96504],[76.39828,10.96672],[76.40051,10.96753],[76.40339,10.96748],[76.40463,10.9663],[76.40558,10.96512],[76.40691,10.96559],[76.40832,10.9679],[76.41068,10.96984],[76.4124,10.96963],[76.41326,10.96841],[76.41386,10.96668],[76.41485,10.9631],[76.41601,10.95307],[76.41708,10.95012],[76.4194,10.94987],[76.42107,10.95092],[76.42206,10.95189],[76.42502,10.95307],[76.42661,10.95265],[76.42781,10.95118],[76.4309,10.94966],[76.43326,10.94899],[76.434,10.94896],[76.43592,10.9489],[76.43931,10.95084],[76.44373,10.95118],[76.44711,10.95091],[76.44825,10.95058],[76.45139,10.94869],[76.45485,10.94681],[76.45718,10.94579],[76.45923,10.94528],[76.46119,10.94421],[76.4637,10.94336],[76.46543,10.94219],[76.47257,10.94064],[76.47471,10.93618],[76.47832,10.9275],[76.47802,10.92472],[76.47755,10.92299],[76.4766,10.92118],[76.47879,10.92021],[76.47948,10.91852],[76.47905,10.91642],[76.48077,10.91477],[76.48231,10.91406],[76.48319,10.91362],[76.48454,10.91296],[76.48798,10.91288],[76.49064,10.91275],[76.49407,10.9125],[76.49647,10.91266],[76.50012,10.91347],[76.5012,10.91297],[76.50437,10.91153],[76.50862,10.91237],[76.51205,10.91182],[76.51141,10.9087],[76.51407,10.90828],[76.51574,10.90689],[76.51484,10.90428],[76.51407,10.90234],[76.51523,10.89914],[76.51634,10.8972],[76.51853,10.89513],[76.52207,10.89214],[76.52381,10.8921],[76.52559,10.89242],[76.52634,10.8924],[76.52679,10.89218],[76.52761,10.89115],[76.52857,10.89037],[76.52937,10.89018],[76.53055,10.88999],[76.53136,10.88991],[76.53308,10.88966],[76.53398,10.88909],[76.53441,10.88837],[76.5346,10.88738],[76.53507,10.88618],[76.53516,10.88557],[76.53516,10.88477],[76.53553,10.88439],[76.53698,10.88403],[76.53857,10.88363],[76.53973,10.88363],[76.5481,10.88426],[76.55119,10.8843],[76.55273,10.88599],[76.55342,10.88869],[76.55561,10.8897],[76.55814,10.88915],[76.55999,10.88645],[76.56136,10.88266],[76.56188,10.88099],[76.56226,10.87975],[76.56638,10.87754],[76.56728,10.88005],[76.56788,10.88666],[76.56837,10.89688],[76.56877,10.90537],[76.56831,10.91587],[76.56857,10.9208],[76.57479,10.92303],[76.57874,10.92151],[76.57891,10.92151],[76.58243,10.92151],[76.58526,10.92156],[76.58831,10.92202],[76.59101,10.9224],[76.59296,10.92236],[76.59348,10.92185],[76.59408,10.92167],[76.59561,10.92168],[76.60041,10.92455],[76.6032,10.92665],[76.60432,10.92796],[76.60702,10.92994],[76.61466,10.92939],[76.61955,10.92775],[76.62087,10.92728],[76.62242,10.92693],[76.62492,10.92628],[76.62897,10.92821],[76.63093,10.92914],[76.63565,10.93028],[76.63891,10.93053],[76.64286,10.93066],[76.6462,10.93083],[76.65084,10.93104],[76.65381,10.93035],[76.65926,10.93048],[76.658,10.93518],[76.65593,10.93891],[76.65876,10.94132],[76.66002,10.94203],[76.6611,10.94252],[76.66473,10.94343],[76.66569,10.94633],[76.66587,10.94749],[76.66427,10.94983],[76.66352,10.95095],[76.66406,10.95286],[76.66517,10.9556],[76.6665,10.958],[76.66731,10.96],[76.66663,10.96769],[76.66811,10.96985],[76.67057,10.97179],[76.6736,10.97444],[76.6741,10.97591],[76.68616,10.98959],[76.68564,10.99272],[76.68779,11.00169],[76.68835,11.00881],[76.69067,11.01337],[76.69293,11.01643],[76.69393,11.02121],[76.69556,11.02324],[76.70166,11.02826],[76.70627,11.03032],[76.71014,11.03408],[76.71099,11.03905],[76.71274,11.03919],[76.71284,11.03931],[76.71286,11.03933],[76.71402,11.04061],[76.71528,11.04112],[76.71844,11.0406],[76.72224,11.04026],[76.72383,11.04066],[76.72608,11.04109],[76.7282,11.03964],[76.73253,11.03847],[76.73524,11.03868],[76.73673,11.03956],[76.73777,11.03968],[76.74197,11.03844],[76.7437,11.03748],[76.7456,11.03628],[76.74898,11.03466],[76.74922,11.03352],[76.75102,11.03378],[76.75182,11.03362],[76.75454,11.03235],[76.75857,11.03145],[76.7615,11.0307],[76.764,11.03064],[76.76654,11.02904],[76.76836,11.03119],[76.77384,11.03359],[76.77541,11.03382],[76.77835,11.03424],[76.78037,11.03431],[76.7831,11.0346],[76.78475,11.03569],[76.78585,11.0356],[76.78742,11.03586],[76.78914,11.03619],[76.79169,11.03726],[76.7925,11.0383],[76.79358,11.04144],[76.79317,11.04333],[76.79688,11.04698],[76.79855,11.04992],[76.79993,11.05227],[76.80098,11.05429],[76.79847,11.05658],[76.79679,11.0562],[76.79537,11.05545],[76.79367,11.0537],[76.79293,11.05259],[76.7925,11.05114],[76.79248,11.0502],[76.79199,11.04898],[76.79035,11.04759],[76.78847,11.04521],[76.78643,11.0444],[76.78507,11.04385],[76.78402,11.04334],[76.78287,11.04318],[76.78087,11.04301],[76.78043,11.04325],[76.77856,11.04257],[76.77742,11.04241],[76.77649,11.04259],[76.77564,11.04309],[76.77478,11.04255],[76.77286,11.04302],[76.76998,11.04359],[76.76817,11.04438],[76.7672,11.0449],[76.76574,11.04561],[76.76441,11.04685],[76.76312,11.04748],[76.76213,11.04826],[76.7619,11.04975],[76.76196,11.05083],[76.76142,11.05171],[76.76112,11.0528],[76.75983,11.05249],[76.7586,11.05318],[76.75772,11.05285],[76.75681,11.05364],[76.75518,11.0541],[76.75344,11.05463],[76.75115,11.05557],[76.75003,11.05518],[76.74881,11.05503],[76.74798,11.05548],[76.7465,11.05497],[76.74609,11.05521],[76.74568,11.05601],[76.74531,11.05669],[76.74461,11.05663],[76.74439,11.05707],[76.74511,11.05785],[76.74585,11.05867],[76.74587,11.0601],[76.74481,11.06062],[76.74332,11.06226],[76.74316,11.06371],[76.7431,11.06428],[76.74272,11.06532],[76.7424,11.06625],[76.74285,11.06681],[76.74368,11.06688],[76.74403,11.0674],[76.74377,11.0683],[76.74313,11.06899],[76.74135,11.06947],[76.74099,11.07039],[76.7411,11.07188],[76.74156,11.07306],[76.74218,11.07328],[76.74388,11.07241],[76.74465,11.07217],[76.74487,11.07309],[76.74487,11.07439],[76.74534,11.07538],[76.74634,11.0754],[76.74746,11.07418],[76.74835,11.07416],[76.74936,11.07578],[76.74984,11.07755],[76.74977,11.07843],[76.75004,11.07896],[76.75104,11.07898],[76.75153,11.07853],[76.75234,11.07759],[76.75352,11.07753],[76.75438,11.07793],[76.75456,11.07923],[76.75414,11.0805],[76.75457,11.08307],[76.75379,11.08543],[76.75317,11.08613],[76.75276,11.08699],[76.75285,11.08808],[76.75272,11.08956],[76.75238,11.09052],[76.75183,11.09279],[76.7509,11.09342],[76.74959,11.09318],[76.74813,11.09238],[76.74672,11.09236],[76.74612,11.09346],[76.7456,11.09503],[76.74442,11.09784],[76.74321,11.09986],[76.74235,11.09988],[76.74122,11.09997],[76.74068,11.10121],[76.73969,11.10237],[76.73906,11.10338],[76.73893,11.10442],[76.73893,11.10444],[76.73935,11.10444],[76.73948,11.10443],[76.74028,11.10416],[76.74065,11.10474],[76.74113,11.10718],[76.74073,11.10819],[76.74062,11.10907],[76.74098,11.10932],[76.74135,11.10925],[76.74198,11.10853],[76.74248,11.10824],[76.74364,11.10828],[76.74542,11.10863],[76.74614,11.10922],[76.74649,11.11006],[76.74754,11.11143],[76.74743,11.11215],[76.74715,11.11397],[76.74771,11.11467],[76.74777,11.11549],[76.74782,11.11685],[76.7471,11.1189],[76.74719,11.11972],[76.74747,11.12107],[76.74795,11.12277],[76.74723,11.12388],[76.74652,11.12594],[76.74582,11.12825],[76.74522,11.13049],[76.74687,11.13024],[76.74762,11.13101],[76.74673,11.13277],[76.74755,11.13337],[76.74796,11.13419],[76.74796,11.1343],[76.74809,11.13621],[76.74675,11.13676],[76.74495,11.13647],[76.74449,11.13581],[76.74338,11.1345],[76.74234,11.13302],[76.74138,11.13208],[76.74015,11.13164],[76.73911,11.13163],[76.73848,11.132],[76.7383,11.13235],[76.73901,11.13262],[76.74002,11.13279],[76.74015,11.13336],[76.73914,11.13392],[76.73828,11.13429],[76.73731,11.13444],[76.73639,11.13469],[76.73553,11.13536],[76.73497,11.13614],[76.73442,11.13614],[76.73412,11.13573],[76.73398,11.13478],[76.734,11.13376],[76.73342,11.13306],[76.73215,11.13182],[76.73125,11.13101],[76.73022,11.13047],[76.72854,11.12997],[76.72823,11.13002],[76.72798,11.13053],[76.7281,11.13165],[76.72857,11.13297],[76.72849,11.13373],[76.72775,11.13404],[76.72729,11.13394],[76.72672,11.13341],[76.72616,11.13331],[76.72592,11.1337],[76.72592,11.13442],[76.72604,11.13528],[76.72591,11.13602],[76.72524,11.13717],[76.7245,11.1381],[76.72305,11.13921],[76.72218,11.13986],[76.72075,11.14047],[76.71935,11.14089],[76.71913,11.14179],[76.71879,11.14207],[76.71779,11.14277],[76.71699,11.14332],[76.71689,11.14378],[76.71754,11.14539],[76.71818,11.14686],[76.7181,11.14739],[76.71712,11.1474],[76.71646,11.14773],[76.71607,11.14831],[76.71577,11.14884],[76.71515,11.14875],[76.71409,11.14822],[76.71291,11.14792],[76.71174,11.1478],[76.71067,11.14775],[76.70912,11.14725],[76.70848,11.14655],[76.7086,11.14594],[76.70902,11.14533],[76.71062,11.14497],[76.71182,11.14425],[76.71237,11.1432],[76.71268,11.14222],[76.71221,11.1416],[76.71111,11.14134],[76.70905,11.14122],[76.70713,11.1413],[76.70589,11.14154],[76.70449,11.14217],[76.70346,11.14311],[76.70221,11.14407],[76.70178,11.14482],[76.70105,11.14547],[76.70017,11.14621],[76.7,11.14684],[76.70161,11.14694],[76.70191,11.1474],[76.70172,11.14825],[76.70114,11.14924],[76.70045,11.14974],[76.69968,11.14978],[76.69873,11.1496],[76.69784,11.14927],[76.69678,11.14946],[76.69609,11.15004],[76.6957,11.15074],[76.69544,11.15167],[76.69613,11.15225],[76.69666,11.15305],[76.69655,11.15411],[76.69602,11.15517],[76.6953,11.15566],[76.69284,11.156],[76.69146,11.15798],[76.69038,11.15845],[76.68996,11.1591],[76.68968,11.15948],[76.68949,11.16069],[76.68997,11.16219],[76.69171,11.1632],[76.69283,11.17199],[76.69438,11.17284],[76.69601,11.17514],[76.70068,11.17525],[76.70126,11.17567],[76.70106,11.17658],[76.70003,11.17852],[76.69977,11.17984],[76.69988,11.18126],[76.70097,11.18181],[76.70203,11.18163],[76.70347,11.18105],[76.70521,11.17952],[76.70714,11.17893],[76.7081,11.18014],[76.70919,11.1826],[76.70971,11.18492],[76.70987,11.1873],[76.71145,11.18786],[76.7131,11.18813],[76.71587,11.186],[76.7174,11.18581],[76.71935,11.18641],[76.72058,11.18782],[76.72126,11.19047],[76.72313,11.19172],[76.72466,11.19179],[76.72598,11.19107],[76.72751,11.19095],[76.72809,11.1909],[76.72881,11.19092],[76.72894,11.19347],[76.72705,11.19654],[76.72596,11.19827],[76.7239,11.20085],[76.72221,11.20361],[76.72526,11.20748],[76.72695,11.21052],[76.72902,11.2113],[76.72997,11.21303],[76.73081,11.21345],[76.73179,11.21363],[76.7317,11.21503],[76.73156,11.21556],[76.73091,11.21605],[76.72933,11.21731],[76.72776,11.21857],[76.72616,11.21825],[76.72581,11.21868],[76.7257,11.22051],[76.72577,11.22443],[76.72546,11.22556],[76.72482,11.22572],[76.722,11.22455],[76.72094,11.2246],[76.72036,11.22541],[76.71963,11.22703],[76.71796,11.22832],[76.71468,11.23097],[76.71103,11.23186],[76.71028,11.23291],[76.70913,11.23532],[76.70764,11.23689],[76.70719,11.23832],[76.70662,11.23845],[76.70347,11.23865],[76.70103,11.23887],[76.69828,11.23973],[76.69636,11.23908],[76.69489,11.23834],[76.69249,11.23656],[76.69039,11.23645],[76.68802,11.2354],[76.68672,11.23488],[76.68524,11.23412],[76.68422,11.23379],[76.68506,11.2313],[76.68282,11.23011],[76.6848,11.22772],[76.67824,11.22147],[76.67487,11.21895],[76.67279,11.21912],[76.67236,11.21897],[76.67049,11.21815],[76.65702,11.21005],[76.65613,11.20962],[76.65543,11.20962],[76.6541,11.20981],[76.65311,11.20999],[76.62971,11.19413],[76.60091,11.20654],[76.53385,11.19671],[76.51606,11.20431],[76.51048,11.21163],[76.50206,11.21144],[76.50054,11.21142],[76.4828,11.2107],[76.47238,11.20875],[76.47347,11.19493],[76.46664,11.19331],[76.45845,11.18768],[76.45192,11.19922],[76.43862,11.19895],[76.43923,11.20301],[76.43751,11.20421],[76.43639,11.20299],[76.43519,11.2021],[76.43236,11.20223],[76.43013,11.20349],[76.42995,11.20389],[76.42974,11.20513],[76.42845,11.20745],[76.42498,11.20922],[76.42223,11.2092],[76.41839,11.20863],[76.41631,11.21029],[76.4139,11.21094],[76.41053,11.20993],[76.40807,11.2085],[76.40528,11.20958],[76.40459,11.20958],[76.40311,11.20785],[76.40455,11.20539],[76.40453,11.20478],[76.40426,11.20286],[76.40416,11.20229],[76.40435,11.20109],[76.40639,11.20042],[76.40669,11.19903],[76.40515,11.19806],[76.40609,11.19499],[76.40622,11.19335],[76.40439,11.19019],[76.40251,11.18856]]]]}},{"type":"Feature","properties":{"name":"Pandalur","level":"6"},"geometry":{"type":"MultiPolygon","coordinates":[[[[76.23874,11.52661],[76.23926,11.52647],[76.24046,11.52735],[76.24065,11.5279],[76.24154,11.52786],[76.24205,11.52709],[76.24327,11.52742],[76.24354,11.52669],[76.24411,11.52658],[76.24431,11.52711],[76.24515,11.52725],[76.24584,11.52709],[76.24702,11.52689],[76.24763,11.52782],[76.24861,11.52768],[76.24987,11.52754],[76.25062,11.5276],[76.25095,11.52802],[76.25069,11.5285],[76.25002,11.53008],[76.25051,11.53175],[76.25031,11.53367],[76.25092,11.53569],[76.2509,11.53677],[76.25188,11.53776],[76.25182,11.53811],[76.2512,11.53801],[76.25043,11.53713],[76.24996,11.53698],[76.24924,11.53869],[76.24776,11.54029],[76.24685,11.54107],[76.24544,11.54076],[76.24503,11.54199],[76.24409,11.54275],[76.24389,11.54327],[76.24423,11.54402],[76.24592,11.545],[76.24651,11.54604],[76.2461,11.54661],[76.24508,11.54779],[76.24412,11.54826],[76.24302,11.54835],[76.24252,11.54932],[76.24222,11.55036],[76.24211,11.5506],[76.24216,11.55115],[76.2428,11.5518],[76.2424,11.5528],[76.24271,11.55356],[76.24346,11.55382],[76.24435,11.55371],[76.24415,11.5541],[76.24313,11.5548],[76.24217,11.55514],[76.24219,11.55603],[76.24171,11.5561],[76.24097,11.55562],[76.24044,11.55576],[76.24038,11.55673],[76.23981,11.55813],[76.23895,11.55839],[76.23837,11.55925],[76.23902,11.56042],[76.23827,11.56116],[76.23758,11.56113],[76.23648,11.56304],[76.23566,11.56667],[76.23317,11.56917],[76.23295,11.56956],[76.23306,11.57041],[76.23368,11.57085],[76.23418,11.57095],[76.2344,11.57216],[76.23522,11.57235],[76.23648,11.57337],[76.23798,11.57436],[76.23903,11.57463],[76.23925,11.57548],[76.24078,11.57576],[76.24096,11.57651],[76.24217,11.57671],[76.24231,11.5771],[76.24235,11.5772],[76.24309,11.57739],[76.24361,11.57774],[76.24424,11.57771],[76.2446,11.57842],[76.24513,11.57846],[76.24539,11.57858],[76.246,11.57884],[76.24621,11.57897],[76.24908,11.58015],[76.25032,11.58165],[76.25156,11.58181],[76.25278,11.58302],[76.25358,11.5839],[76.25542,11.58541],[76.25611,11.58643],[76.25724,11.58721],[76.25819,11.58833],[76.25923,11.58861],[76.26016,11.58868],[76.26108,11.5895],[76.26206,11.59012],[76.26278,11.59065],[76.26446,11.59068],[76.26483,11.59317],[76.26493,11.59388],[76.26537,11.59397],[76.27162,11.59365],[76.27426,11.59351],[76.27469,11.59616],[76.27804,11.59979],[76.27892,11.6009],[76.28034,11.59908],[76.28076,11.59855],[76.28604,11.59028],[76.28909,11.59003],[76.29128,11.5904],[76.29515,11.59054],[76.2959,11.59042],[76.29692,11.5879],[76.2985,11.58443],[76.29908,11.58285],[76.29936,11.58117],[76.29938,11.57813],[76.29992,11.57505],[76.30091,11.57297],[76.30227,11.57127],[76.31053,11.57737],[76.31601,11.5765],[76.31709,11.58047],[76.3185,11.58267],[76.32137,11.58602],[76.32407,11.58834],[76.32714,11.59033],[76.33602,11.59572],[76.33997,11.59332],[76.34044,11.59131],[76.34073,11.58798],[76.34393,11.58802],[76.34758,11.58919],[76.35177,11.58938],[76.35421,11.58942],[76.3584,11.59223],[76.35931,11.59133],[76.35979,11.59058],[76.36032,11.58953],[76.36066,11.58847],[76.3608,11.58741],[76.36133,11.58622],[76.36236,11.5852],[76.36339,11.58457],[76.36414,11.58432],[76.36469,11.58432],[76.36551,11.58433],[76.36652,11.58488],[76.36811,11.58567],[76.37009,11.58609],[76.37152,11.58652],[76.37269,11.58672],[76.37644,11.58656],[76.37818,11.58586],[76.37983,11.58576],[76.38208,11.58574],[76.38363,11.58559],[76.38652,11.58504],[76.38953,11.58441],[76.39223,11.58355],[76.39661,11.58046],[76.39916,11.57983],[76.40075,11.57943],[76.40369,11.57985],[76.40543,11.5796],[76.40706,11.57914],[76.4088,11.57895],[76.41008,11.57888],[76.41238,11.5789],[76.41395,11.57911],[76.41624,11.58014],[76.41922,11.57998],[76.42206,11.5792],[76.4236,11.5785],[76.42588,11.5788],[76.42708,11.57914],[76.42558,11.57644],[76.42414,11.5743],[76.42287,11.5734],[76.42096,11.57346],[76.41564,11.5735],[76.41541,11.5702],[76.41558,11.56898],[76.41622,11.56801],[76.41712,11.56652],[76.4183,11.56551],[76.41965,11.56526],[76.42165,11.56516],[76.42403,11.56444],[76.42588,11.56408],[76.42697,11.56349],[76.42753,11.56232],[76.42772,11.56095],[76.42794,11.56013],[76.43322,11.55973],[76.43545,11.55853],[76.43654,11.55744],[76.43611,11.55597],[76.43519,11.55494],[76.43369,11.55431],[76.43131,11.55349],[76.42637,11.55187],[76.42465,11.55004],[76.42317,11.54907],[76.42176,11.54804],[76.42015,11.5464],[76.4165,11.54243],[76.41418,11.53921],[76.41307,11.53579],[76.41277,11.53358],[76.41191,11.53108],[76.41092,11.52836],[76.41015,11.52645],[76.40856,11.52469],[76.40616,11.52302],[76.40386,11.52159],[76.3983,11.51707],[76.39478,11.51403],[76.39348,11.51257],[76.3915,11.51112],[76.38099,11.49702],[76.37893,11.49188],[76.37455,11.48827],[76.36657,11.48356],[76.36331,11.48204],[76.35807,11.47969],[76.35498,11.47716],[76.3518,11.4738],[76.34974,11.4722],[76.34863,11.46808],[76.3482,11.46327],[76.34563,11.46463],[76.34212,11.46748],[76.33902,11.46396],[76.33814,11.46179],[76.33612,11.46183],[76.33099,11.45827],[76.32544,11.45335],[76.31903,11.45824],[76.31493,11.46086],[76.31028,11.46418],[76.30878,11.46438],[76.30683,11.46628],[76.3053,11.46776],[76.29638,11.46545],[76.29494,11.4657],[76.29359,11.46563],[76.29153,11.46853],[76.29058,11.46955],[76.29288,11.47035],[76.29348,11.47208],[76.29396,11.47314],[76.28798,11.47967],[76.28444,11.483],[76.28172,11.47956],[76.28042,11.47954],[76.27835,11.47943],[76.27503,11.47717],[76.2699,11.47767],[76.26913,11.47868],[76.26818,11.48024],[76.26649,11.48092],[76.26494,11.48103],[76.2635,11.4804],[76.25562,11.47446],[76.24761,11.46851],[76.24864,11.48112],[76.24938,11.49184],[76.24957,11.49569],[76.24984,11.4984],[76.2513,11.49942],[76.25165,11.50048],[76.25159,11.5018],[76.25066,11.50345],[76.24902,11.50585],[76.24853,11.50638],[76.24887,11.5089],[76.24916,11.51292],[76.24834,11.51397],[76.24815,11.51649],[76.24615,11.51659],[76.24551,11.51658],[76.24463,11.51709],[76.24378,11.51797],[76.24349,11.51909],[76.24277,11.51923],[76.24251,11.52111],[76.24046,11.52287],[76.23941,11.52394],[76.23843,11.5248],[76.23874,11.52661]]]]}},{"type":"Feature","properties":{"name":"Gudalur","level":"6"},"geometry":{"type":"MultiPolygon","coordinates":[[[[76.3584,11.59223],[76.35991,11.59353],[76.36742,11.59831],[76.3706,11.59943],[76.37751,11.60173],[76.37822,11.60854],[76.38387,11.61199],[76.38324,11.6149],[76.38311,11.61647],[76.38354,11.6244],[76.38544,11.62635],[76.38824,11.6298],[76.3965,11.6316],[76.40634,11.63422],[76.42632,11.63296],[76.43029,11.6301],[76.43268,11.63149],[76.43508,11.63582],[76.44098,11.64028],[76.44353,11.64474],[76.43957,11.65227],[76.43932,11.65256],[76.43589,11.65649],[76.43585,11.65657],[76.43561,11.65696],[76.43331,11.66077],[76.43266,11.66352],[76.43182,11.66508],[76.43128,11.66608],[76.43757,11.66529],[76.43953,11.66505],[76.44071,11.6649],[76.46091,11.66239],[76.48321,11.69182],[76.49481,11.68959],[76.51399,11.70565],[76.5345,11.69361],[76.55012,11.678],[76.56305,11.62046],[76.56974,11.61734],[76.61671,11.60812],[76.61612,11.6069],[76.61593,11.60615],[76.61513,11.60535],[76.61438,11.60509],[76.61348,11.60503],[76.61279,11.6044],[76.61288,11.60219],[76.61329,11.60144],[76.61382,11.60041],[76.61387,11.59952],[76.61337,11.59862],[76.61237,11.59843],[76.61076,11.59835],[76.60827,11.59761],[76.60771,11.59753],[76.60646,11.59677],[76.60556,11.59604],[76.60498,11.59507],[76.6044,11.5941],[76.6038,11.59284],[76.6029,11.59147],[76.60093,11.5899],[76.59797,11.58752],[76.59702,11.58687],[76.59567,11.58582],[76.5949,11.58502],[76.5932,11.58429],[76.59243,11.58403],[76.59136,11.58452],[76.59031,11.58485],[76.58936,11.58485],[76.5887,11.58424],[76.58758,11.58286],[76.58683,11.58153],[76.58621,11.58069],[76.58499,11.58033],[76.58434,11.58044],[76.58381,11.58048],[76.5832,11.58004],[76.58076,11.57892],[76.57996,11.57932],[76.57938,11.58008],[76.57831,11.58071],[76.5779,11.58077],[76.5766,11.58056],[76.57569,11.58004],[76.5752,11.57926],[76.57436,11.57848],[76.57411,11.57827],[76.57327,11.57806],[76.57254,11.57808],[76.57162,11.57794],[76.57112,11.57768],[76.57054,11.57733],[76.56964,11.57703],[76.56848,11.57689],[76.56808,11.57672],[76.56767,11.57619],[76.56728,11.57567],[76.5669,11.57501],[76.56608,11.57466],[76.56533,11.57472],[76.56456,11.57497],[76.5631,11.57443],[76.56228,11.57319],[76.56209,11.57266],[76.56155,11.57232],[76.56024,11.57243],[76.55943,11.57291],[76.55836,11.57293],[76.55791,11.57241],[76.55709,11.57174],[76.55636,11.57092],[76.55608,11.56997],[76.5561,11.56865],[76.55615,11.56772],[76.55619,11.56669],[76.5564,11.56574],[76.55812,11.56587],[76.55831,11.56705],[76.55868,11.56766],[76.55952,11.56764],[76.56082,11.56684],[76.56134,11.56633],[76.56203,11.56583],[76.5623,11.56503],[76.56237,11.56429],[76.56185,11.56339],[76.56132,11.56272],[76.56127,11.56183],[76.56162,11.5615],[76.56235,11.56146],[76.56314,11.56188],[76.56368,11.56282],[76.56428,11.56333],[76.56516,11.56303],[76.56533,11.562],[76.56522,11.56104],[76.56492,11.55998],[76.564,11.55858],[76.56248,11.55696],[76.5623,11.55618],[76.5619,11.55586],[76.56142,11.55528],[76.56153,11.55443],[76.56213,11.55332],[76.56284,11.55315],[76.56353,11.55353],[76.56458,11.55385],[76.56572,11.55353],[76.5664,11.55248],[76.56642,11.55158],[76.56593,11.55055],[76.56503,11.55027],[76.56413,11.55029],[76.56357,11.55046],[76.5625,11.55097],[76.56209,11.55097],[76.56185,11.55036],[76.56168,11.54907],[76.56181,11.54811],[76.56245,11.54773],[76.56299,11.54674],[76.56265,11.54542],[76.56149,11.5431],[76.55703,11.54386],[76.55651,11.54247],[76.5563,11.5402],[76.55479,11.53865],[76.55342,11.53881],[76.55149,11.53944],[76.54909,11.54016],[76.54711,11.53886],[76.54608,11.53907],[76.54376,11.54041],[76.54166,11.54184],[76.53677,11.53928],[76.53398,11.53688],[76.53162,11.53415],[76.53123,11.53238],[76.53196,11.52986],[76.53063,11.51228],[76.53027,11.51089],[76.5298,11.50932],[76.52817,11.5073],[76.52237,11.5036],[76.51939,11.5028],[76.51806,11.50023],[76.51752,11.49714],[76.51714,11.49468],[76.51636,11.49174],[76.51443,11.48921],[76.51291,11.48757],[76.51248,11.48614],[76.5122,11.4848],[76.51143,11.48398],[76.51051,11.48305],[76.51098,11.4823],[76.51254,11.48188],[76.51452,11.48169],[76.52121,11.48192],[76.52424,11.48194],[76.52587,11.48223],[76.52763,11.48291],[76.5302,11.48345],[76.53201,11.48415],[76.53383,11.4841],[76.53544,11.48257],[76.53737,11.48076],[76.53898,11.47868],[76.54181,11.4758],[76.54299,11.47273],[76.54578,11.46951],[76.54638,11.46554],[76.54293,11.46408],[76.54136,11.46295],[76.53992,11.46137],[76.53823,11.45778],[76.53458,11.45744],[76.52853,11.45096],[76.53733,11.43691],[76.53196,11.42892],[76.52587,11.42934],[76.51613,11.42888],[76.51347,11.42703],[76.5154,11.42286],[76.52334,11.424],[76.51849,11.41975],[76.51626,11.41727],[76.51278,11.41079],[76.5148,11.40524],[76.49922,11.40913],[76.4989,11.41031],[76.4916,11.41045],[76.48828,11.40387],[76.48991,11.40044],[76.48673,11.39819],[76.48939,11.39466],[76.48716,11.39365],[76.47506,11.38365],[76.46987,11.38498],[76.46193,11.38748],[76.45383,11.39359],[76.45231,11.39473],[76.4152,11.42266],[76.41876,11.44177],[76.40873,11.43874],[76.39784,11.43472],[76.38961,11.44052],[76.37851,11.44911],[76.37297,11.45102],[76.37204,11.45337],[76.37116,11.45435],[76.36556,11.45651],[76.35868,11.45916],[76.3482,11.46327],[76.34863,11.46808],[76.34974,11.4722],[76.3518,11.4738],[76.35498,11.47716],[76.35807,11.47969],[76.36331,11.48204],[76.36657,11.48356],[76.37455,11.48827],[76.37893,11.49188],[76.38099,11.49702],[76.3915,11.51112],[76.39348,11.51257],[76.39478,11.51403],[76.3983,11.51707],[76.40386,11.52159],[76.40616,11.52302],[76.40856,11.52469],[76.41015,11.52645],[76.41092,11.52836],[76.41191,11.53108],[76.41277,11.53358],[76.41307,11.53579],[76.41418,11.53921],[76.4165,11.54243],[76.42015,11.5464],[76.42176,11.54804],[76.42317,11.54907],[76.42465,11.55004],[76.42637,11.55187],[76.43131,11.55349],[76.43369,11.55431],[76.43519,11.55494],[76.43611,11.55597],[76.43654,11.55744],[76.43545,11.55853],[76.43322,11.55973],[76.42794,11.56013],[76.42772,11.56095],[76.42753,11.56232],[76.42697,11.56349],[76.42588,11.56408],[76.42403,11.56444],[76.42165,11.56516],[76.41965,11.56526],[76.4183,11.56551],[76.41712,11.56652],[76.41622,11.56801],[76.41558,11.56898],[76.41541,11.5702],[76.41564,11.5735],[76.42096,11.57346],[76.42287,11.5734],[76.42414,11.5743],[76.42558,11.57644],[76.42708,11.57914],[76.42588,11.5788],[76.4236,11.5785],[76.42206,11.5792],[76.41922,11.57998],[76.41624,11.58014],[76.41395,11.57911],[76.41238,11.5789],[76.41008,11.57888],[76.4088,11.57895],[76.40706,11.57914],[76.40543,11.5796],[76.40369,11.57985],[76.40075,11.57943],[76.39916,11.57983],[76.39661,11.58046],[76.39223,11.58355],[76.38953,11.58441],[76.38652,11.58504],[76.38363,11.58559],[76.38208,11.58574],[76.37983,11.58576],[76.37818,11.58586],[76.37644,11.58656],[76.37269,11.58672],[76.37152,11.58652],[76.37009,11.58609],[76.36811,11.58567],[76.36652,11.58488],[76.36551,11.58433],[76.36469,11.58432],[76.36414,11.58432],[76.36339,11.58457],[76.36236,11.5852],[76.36133,11.58622],[76.3608,11.58741],[76.36066,11.58847],[76.36032,11.58953],[76.35979,11.59058],[76.35931,11.59133],[76.3584,11.59223]]]]}},{"type":"Feature","properties":{"name":"Udhagamandalam","level":"6"},"geometry":{"type":"MultiPolygon","coordinates":[[[[76.84638,11.59456],[76.84831,11.59168],[76.84831,11.5912],[76.84767,11.58967],[76.84698,11.58773],[76.84619,11.58532],[76.84627,11.58473],[76.84464,11.58477],[76.84391,11.58536],[76.84284,11.58616],[76.84185,11.58498],[76.84164,11.58288],[76.84027,11.58246],[76.83864,11.58229],[76.83761,11.58065],[76.83499,11.57598],[76.83379,11.57506],[76.83316,11.57351],[76.8316,11.57451],[76.83083,11.57417],[76.83138,11.57169],[76.83349,11.57211],[76.83563,11.57228],[76.83838,11.57115],[76.83911,11.56698],[76.84082,11.56598],[76.84387,11.56463],[76.84585,11.56337],[76.84795,11.56211],[76.84881,11.55967],[76.84902,11.55731],[76.85031,11.55626],[76.85276,11.5537],[76.857,11.54979],[76.86091,11.54596],[76.86224,11.54491],[76.86404,11.54218],[76.86537,11.53755],[76.8658,11.53495],[76.8655,11.53339],[76.8646,11.53204],[76.86387,11.53103],[76.86348,11.52965],[76.86413,11.52717],[76.86443,11.52384],[76.86606,11.52153],[76.8676,11.51981],[76.86889,11.51859],[76.87052,11.51653],[76.86996,11.51464],[76.86722,11.51009],[76.85954,11.49655],[76.85795,11.49411],[76.85211,11.49012],[76.84456,11.48495],[76.84031,11.4791],[76.83743,11.47464],[76.83628,11.46657],[76.83357,11.46387],[76.83074,11.46219],[76.82761,11.46047],[76.824,11.45874],[76.81945,11.45407],[76.81353,11.44739],[76.8125,11.44461],[76.81177,11.43506],[76.8107,11.41605],[76.81053,11.41344],[76.80838,11.41062],[76.80542,11.40886],[76.8016,11.40692],[76.79804,11.4052],[76.79405,11.40452],[76.78718,11.40431],[76.78452,11.40297],[76.78233,11.40305],[76.78057,11.40377],[76.77886,11.40583],[76.77564,11.40713],[76.77014,11.40772],[76.76645,11.40751],[76.76173,11.40368],[76.76102,11.40366],[76.75982,11.4037],[76.75849,11.40236],[76.75742,11.3984],[76.75723,11.39724],[76.75607,11.39624],[76.7551,11.39563],[76.75341,11.39523],[76.75145,11.39489],[76.74952,11.3922],[76.74856,11.39232],[76.74688,11.3918],[76.74444,11.39011],[76.74291,11.38923],[76.74145,11.38868],[76.73897,11.38887],[76.73826,11.38965],[76.73847,11.39131],[76.73854,11.39249],[76.73809,11.39352],[76.73564,11.39581],[76.7344,11.39588],[76.73246,11.39447],[76.72759,11.39363],[76.7257,11.39302],[76.72373,11.39203],[76.72148,11.39081],[76.7192,11.39079],[76.71734,11.39186],[76.71663,11.39371],[76.71528,11.39491],[76.71264,11.39417],[76.7083,11.39127],[76.70747,11.38908],[76.70588,11.38767],[76.70238,11.3861],[76.69839,11.38439],[76.69268,11.38204],[76.68905,11.3822],[76.6882,11.38143],[76.68706,11.37804],[76.68403,11.3764],[76.6818,11.37667],[76.68017,11.37745],[76.67734,11.3781],[76.67609,11.37688],[76.67547,11.37455],[76.67487,11.37312],[76.67418,11.37173],[76.67273,11.36941],[76.67086,11.36849],[76.66575,11.3666],[76.66318,11.36609],[76.6611,11.36571],[76.65839,11.36458],[76.65436,11.3626],[76.64874,11.35894],[76.64726,11.3574],[76.64569,11.35633],[76.64367,11.35521],[76.64157,11.35395],[76.63908,11.35273],[76.63505,11.35189],[76.63202,11.34993],[76.63037,11.34873],[76.62827,11.34812],[76.62612,11.34781],[76.62408,11.34697],[76.62239,11.34495],[76.62069,11.34173],[76.6196,11.33822],[76.61891,11.33628],[76.61786,11.33491],[76.61681,11.33424],[76.61561,11.3342],[76.61417,11.33472],[76.61275,11.33546],[76.61046,11.33552],[76.60902,11.33481],[76.60692,11.33399],[76.60333,11.33514],[76.60226,11.33514],[76.60035,11.33508],[76.59797,11.33441],[76.59481,11.33277],[76.58872,11.32896],[76.58565,11.32826],[76.58492,11.32782],[76.58338,11.32654],[76.5819,11.32597],[76.58054,11.32616],[76.57904,11.32662],[76.57705,11.3273],[76.57533,11.32774],[76.57237,11.3278],[76.56848,11.3278],[76.56587,11.32839],[76.56394,11.32917],[76.55954,11.32846],[76.5546,11.32951],[76.54997,11.33024],[76.54723,11.34422],[76.54781,11.35618],[76.54774,11.35821],[76.54179,11.35755],[76.53851,11.35708],[76.5329,11.35648],[76.52809,11.3558],[76.52026,11.35489],[76.50806,11.35347],[76.51504,11.3589],[76.51764,11.37078],[76.50032,11.37595],[76.49902,11.37726],[76.47506,11.38365],[76.48716,11.39365],[76.48939,11.39466],[76.48673,11.39819],[76.48991,11.40044],[76.48828,11.40387],[76.4916,11.41045],[76.4989,11.41031],[76.49922,11.40913],[76.5148,11.40524],[76.51278,11.41079],[76.51626,11.41727],[76.51849,11.41975],[76.52334,11.424],[76.5154,11.42286],[76.51347,11.42703],[76.51613,11.42888],[76.52587,11.42934],[76.53196,11.42892],[76.53733,11.43691],[76.52853,11.45096],[76.53458,11.45744],[76.53823,11.45778],[76.53992,11.46137],[76.54136,11.46295],[76.54293,11.46408],[76.54638,11.46554],[76.54578,11.46951],[76.54299,11.47273],[76.54181,11.4758],[76.53898,11.47868],[76.53737,11.48076],[76.53544,11.48257],[76.53383,11.4841],[76.53201,11.48415],[76.5302,11.48345],[76.52763,11.48291],[76.52587,11.48223],[76.52424,11.48194],[76.52121,11.48192],[76.51452,11.48169],[76.51254,11.48188],[76.51098,11.4823],[76.51051,11.48305],[76.51143,11.48398],[76.5122,11.4848],[76.51248,11.48614],[76.51291,11.48757],[76.51443,11.48921],[76.51636,11.49174],[76.51714,11.49468],[76.51752,11.49714],[76.51806,11.50023],[76.51939,11.5028],[76.52237,11.5036],[76.52817,11.5073],[76.5298,11.50932],[76.53027,11.51089],[76.53063,11.51228],[76.53196,11.52986],[76.53123,11.53238],[76.53162,11.53415],[76.53398,11.53688],[76.53677,11.53928],[76.54166,11.54184],[76.54376,11.54041],[76.54608,11.53907],[76.54711,11.53886],[76.54909,11.54016],[76.55149,11.53944],[76.55342,11.53881],[76.55479,11.53865],[76.5563,11.5402],[76.55651,11.54247],[76.55703,11.54386],[76.56149,11.5431],[76.56265,11.54542],[76.56299,11.54674],[76.56245,11.54773],[76.56181,11.54811],[76.56168,11.54907],[76.56185,11.55036],[76.56209,11.55097],[76.5625,11.55097],[76.56357,11.55046],[76.56413,11.55029],[76.56503,11.55027],[76.56593,11.55055],[76.56642,11.55158],[76.5664,11.55248],[76.56572,11.55353],[76.56458,11.55385],[76.56353,11.55353],[76.56284,11.55315],[76.56213,11.55332],[76.56153,11.55443],[76.56142,11.55528],[76.5619,11.55586],[76.5623,11.55618],[76.56248,11.55696],[76.564,11.55858],[76.56492,11.55998],[76.56522,11.56104],[76.56533,11.562],[76.56516,11.56303],[76.56428,11.56333],[76.56368,11.56282],[76.56314,11.56188],[76.56235,11.56146],[76.56162,11.5615],[76.56127,11.56183],[76.56132,11.56272],[76.56185,11.56339],[76.56237,11.56429],[76.5623,11.56503],[76.56203,11.56583],[76.56134,11.56633],[76.56082,11.56684],[76.55952,11.56764],[76.55868,11.56766],[76.55831,11.56705],[76.55812,11.56587],[76.5564,11.56574],[76.55619,11.56669],[76.55615,11.56772],[76.5561,11.56865],[76.55608,11.56997],[76.55636,11.57092],[76.55709,11.57174],[76.55791,11.57241],[76.55836,11.57293],[76.55943,11.57291],[76.56024,11.57243],[76.56155,11.57232],[76.56209,11.57266],[76.56228,11.57319],[76.5631,11.57443],[76.56456,11.57497],[76.56533,11.57472],[76.56608,11.57466],[76.5669,11.57501],[76.56728,11.57567],[76.56767,11.57619],[76.56808,11.57672],[76.56848,11.57689],[76.56964,11.57703],[76.57054,11.57733],[76.57112,11.57768],[76.57162,11.57794],[76.57254,11.57808],[76.57327,11.57806],[76.57411,11.57827],[76.57436,11.57848],[76.5752,11.57926],[76.57569,11.58004],[76.5766,11.58056],[76.5779,11.58077],[76.57831,11.58071],[76.57938,11.58008],[76.57996,11.57932],[76.58076,11.57892],[76.5832,11.58004],[76.58381,11.58048],[76.58434,11.58044],[76.58499,11.58033],[76.58621,11.58069],[76.58683,11.58153],[76.58758,11.58286],[76.5887,11.58424],[76.58936,11.58485],[76.59031,11.58485],[76.59136,11.58452],[76.59243,11.58403],[76.5932,11.58429],[76.5949,11.58502],[76.59567,11.58582],[76.59702,11.58687],[76.59797,11.58752],[76.60093,11.5899],[76.6029,11.59147],[76.6038,11.59284],[76.6044,11.5941],[76.60498,11.59507],[76.60556,11.59604],[76.60646,11.59677],[76.60771,11.59753],[76.60827,11.59761],[76.61076,11.59835],[76.61237,11.59843],[76.61337,11.59862],[76.61387,11.59952],[76.61382,11.60041],[76.61329,11.60144],[76.61288,11.60219],[76.61279,11.6044],[76.61348,11.60503],[76.61438,11.60509],[76.61513,11.60535],[76.61593,11.60615],[76.61612,11.6069],[76.61671,11.60812],[76.61746,11.60798],[76.66545,11.61465],[76.74502,11.61288],[76.75573,11.61779],[76.8262,11.60485],[76.84349,11.59628],[76.84638,11.59456]]]]}},{"type":"Feature","properties":{"name":"Kundah","level":"6"},"geometry":{"type":"MultiPolygon","coordinates":[[[[76.45322,11.23943],[76.45235,11.23431],[76.45208,11.23266],[76.4502,11.21343],[76.44899,11.20548],[76.43923,11.20301],[76.43862,11.19895],[76.45192,11.19922],[76.45845,11.18768],[76.46664,11.19331],[76.47347,11.19493],[76.47238,11.20875],[76.4828,11.2107],[76.50054,11.21142],[76.50206,11.21144],[76.51048,11.21163],[76.51606,11.20431],[76.53385,11.19671],[76.60091,11.20654],[76.62971,11.19413],[76.65311,11.20999],[76.6541,11.20981],[76.65543,11.20962],[76.65613,11.20962],[76.65702,11.21005],[76.67049,11.21815],[76.67236,11.21897],[76.67279,11.21912],[76.67487,11.21895],[76.67824,11.22147],[76.6848,11.22772],[76.68282,11.23011],[76.68506,11.2313],[76.68422,11.23379],[76.68524,11.23412],[76.68672,11.23488],[76.68802,11.2354],[76.69039,11.23645],[76.69249,11.23656],[76.69489,11.23834],[76.69636,11.23908],[76.69828,11.23973],[76.70103,11.23887],[76.70347,11.23865],[76.70662,11.23845],[76.7044,11.24243],[76.70352,11.24444],[76.70188,11.24726],[76.70043,11.24942],[76.69966,11.25116],[76.69955,11.25495],[76.69978,11.25763],[76.70051,11.25933],[76.6986,11.25998],[76.69706,11.26133],[76.6938,11.26204],[76.6923,11.26204],[76.69015,11.26188],[76.68912,11.26327],[76.68753,11.26554],[76.68431,11.26722],[76.67826,11.27122],[76.67599,11.27396],[76.67577,11.27556],[76.67672,11.27657],[76.67955,11.27694],[76.68122,11.27564],[76.68264,11.27522],[76.68448,11.27505],[76.68616,11.27534],[76.68843,11.27547],[76.68993,11.27467],[76.69101,11.27303],[76.69302,11.27299],[76.69487,11.27375],[76.69732,11.27501],[76.70118,11.27678],[76.69963,11.27783],[76.69719,11.27884],[76.69633,11.27972],[76.69491,11.28157],[76.69646,11.28225],[76.69809,11.28279],[76.69886,11.28347],[76.69697,11.28448],[76.69405,11.2841],[76.6923,11.28401],[76.6923,11.28612],[76.69251,11.28695],[76.69285,11.28827],[76.6938,11.29096],[76.69665,11.29838],[76.69706,11.29946],[76.69716,11.30001],[76.69744,11.30161],[76.69616,11.30367],[76.6947,11.30607],[76.69272,11.30868],[76.69075,11.31116],[76.69066,11.31604],[76.69028,11.31701],[76.68826,11.31734],[76.68856,11.31873],[76.68972,11.31924],[76.69139,11.32105],[76.69358,11.3234],[76.69594,11.32563],[76.69581,11.32702],[76.69388,11.32774],[76.69337,11.32765],[76.69105,11.32765],[76.68946,11.32854],[76.68959,11.32976],[76.69071,11.33144],[76.69054,11.33342],[76.68916,11.33535],[76.68736,11.33742],[76.68646,11.34015],[76.68517,11.34327],[76.68779,11.34621],[76.68865,11.34693],[76.68895,11.34873],[76.68903,11.35029],[76.68963,11.35134],[76.69101,11.35273],[76.69075,11.3542],[76.68869,11.3558],[76.68543,11.35749],[76.68406,11.35787],[76.67942,11.35896],[76.67792,11.35997],[76.67633,11.36224],[76.67513,11.36535],[76.67273,11.36941],[76.67086,11.36849],[76.66575,11.3666],[76.66318,11.36609],[76.6611,11.36571],[76.65839,11.36458],[76.65436,11.3626],[76.64874,11.35894],[76.64726,11.3574],[76.64569,11.35633],[76.64367,11.35521],[76.64157,11.35395],[76.63908,11.35273],[76.63505,11.35189],[76.63202,11.34993],[76.63037,11.34873],[76.62827,11.34812],[76.62612,11.34781],[76.62408,11.34697],[76.62239,11.34495],[76.62069,11.34173],[76.6196,11.33822],[76.61891,11.33628],[76.61786,11.33491],[76.61681,11.33424],[76.61561,11.3342],[76.61417,11.33472],[76.61275,11.33546],[76.61046,11.33552],[76.60902,11.33481],[76.60692,11.33399],[76.60333,11.33514],[76.60226,11.33514],[76.60035,11.33508],[76.59797,11.33441],[76.59481,11.33277],[76.58872,11.32896],[76.58565,11.32826],[76.58492,11.32782],[76.58338,11.32654],[76.5819,11.32597],[76.58054,11.32616],[76.57904,11.32662],[76.57705,11.3273],[76.57533,11.32774],[76.57237,11.3278],[76.56848,11.3278],[76.56587,11.32839],[76.56394,11.32917],[76.55954,11.32846],[76.5546,11.32951],[76.54997,11.33024],[76.54175,11.32003],[76.54097,11.31876],[76.53946,11.31658],[76.53739,11.31361],[76.53826,11.3084],[76.53945,11.30367],[76.54552,11.29959],[76.5364,11.29309],[76.52606,11.28751],[76.52501,11.2829],[76.52398,11.27874],[76.52212,11.27064],[76.5106,11.26705],[76.50488,11.26473],[76.50225,11.26355],[76.50167,11.26328],[76.50018,11.26316],[76.49856,11.2631],[76.48696,11.25823],[76.47581,11.25138],[76.47304,11.24937],[76.46615,11.24507],[76.45322,11.23943]]]]}},{"type":"Feature","properties":{"name":"Iritty","level":"6"},"geometry":{"type":"MultiPolygon","coordinates":[[[[75.80311,12.07833],[75.8039,12.07705],[75.80418,12.07598],[75.80354,12.07462],[75.80146,12.07126],[75.80103,12.06893],[75.79974,12.06582],[75.79873,12.06404],[75.79845,12.05951],[75.79796,12.0573],[75.79742,12.05714],[75.79609,12.05728],[75.79534,12.0572],[75.79451,12.05672],[75.7944,12.05598],[75.79515,12.05529],[75.79603,12.05435],[75.79813,12.05218],[75.79942,12.04914],[75.7997,12.04849],[75.80057,12.04612],[75.80086,12.04534],[75.80094,12.04408],[75.80099,12.0393],[75.80105,12.03791],[75.80129,12.03746],[75.8015,12.03705],[75.8021,12.0363],[75.80661,12.03313],[75.80882,12.03172],[75.80996,12.03061],[75.81038,12.02975],[75.81034,12.02501],[75.81075,12.02356],[75.81228,12.02201],[75.81884,12.0184],[75.82139,12.01588],[75.82257,12.01405],[75.82298,12.01296],[75.82311,12.01168],[75.823,12.01074],[75.8224,12.00824],[75.82126,12.0069],[75.8206,12.00583],[75.82017,12.00471],[75.82083,12.00368],[75.82169,12.00371],[75.82277,12.00392],[75.82377,12.0041],[75.82474,12.00377],[75.82549,12.00295],[75.82571,12.00173],[75.82553,12.00041],[75.82444,11.99682],[75.82487,11.99506],[75.82601,11.99229],[75.82783,11.98868],[75.8288,11.98708],[75.82942,11.98616],[75.83053,11.98523],[75.83135,11.98461],[75.83298,11.98374],[75.83467,11.98332],[75.83626,11.98303],[75.83744,11.98314],[75.83925,11.98318],[75.84038,11.98288],[75.84186,11.98263],[75.84379,11.9828],[75.84549,11.98267],[75.84676,11.98207],[75.84815,11.98106],[75.84867,11.9799],[75.84852,11.97833],[75.84847,11.97778],[75.84817,11.97671],[75.84862,11.9761],[75.84942,11.9752],[75.84991,11.97426],[75.85083,11.97331],[75.85236,11.97251],[75.85294,11.97149],[75.85306,11.96806],[75.85326,11.96683],[75.85442,11.96578],[75.85557,11.9646],[75.85626,11.96326],[75.85785,11.96055],[75.8589,11.95982],[75.86019,11.95967],[75.86141,11.95963],[75.86253,11.95937],[75.86454,11.95883],[75.8662,11.95818],[75.86761,11.95704],[75.86776,11.95606],[75.86806,11.95425],[75.86918,11.95341],[75.87068,11.95335],[75.87278,11.95318],[75.87463,11.95261],[75.87598,11.95201],[75.8771,11.95136],[75.87802,11.95081],[75.87952,11.95068],[75.88042,11.95062],[75.8821,11.95087],[75.88416,11.95146],[75.88558,11.95145],[75.887,11.95133],[75.89046,11.95132],[75.892,11.95013],[75.89574,11.9475],[75.89974,11.94508],[75.90165,11.94552],[75.90349,11.94486],[75.90983,11.94428],[75.91109,11.94465],[75.914,11.94376],[75.91674,11.945],[75.91918,11.94476],[75.92223,11.94421],[75.92401,11.94371],[75.92628,11.94333],[75.9279,11.94277],[75.92932,11.94188],[75.93068,11.94089],[75.93406,11.94096],[75.93539,11.94117],[75.93635,11.94143],[75.93647,11.94277],[75.9383,11.94166],[75.93849,11.94028],[75.93836,11.93931],[75.93719,11.93701],[75.93678,11.9354],[75.9366,11.93418],[75.93502,11.93473],[75.93246,11.93531],[75.93011,11.93555],[75.92796,11.9348],[75.92571,11.93265],[75.92531,11.93205],[75.92501,11.9308],[75.92517,11.92929],[75.92579,11.92734],[75.92606,11.92629],[75.92611,11.92541],[75.92597,11.9244],[75.92523,11.92258],[75.92503,11.92184],[75.92495,11.92087],[75.92528,11.92001],[75.92661,11.91943],[75.92745,11.91906],[75.92805,11.91876],[75.92901,11.91811],[75.92976,11.91748],[75.93074,11.91651],[75.9312,11.9158],[75.93156,11.91451],[75.93181,11.91395],[75.93229,11.91323],[75.93302,11.91307],[75.93406,11.91265],[75.93484,11.91232],[75.93552,11.91168],[75.93611,11.91039],[75.93657,11.90897],[75.93674,11.90783],[75.93706,11.9062],[75.93742,11.90482],[75.93763,11.9045],[75.93824,11.90383],[75.93803,11.90304],[75.93778,11.90261],[75.93697,11.90163],[75.93599,11.90022],[75.93541,11.89791],[75.93552,11.89415],[75.93571,11.89208],[75.93528,11.88984],[75.93442,11.8883],[75.93302,11.88586],[75.93201,11.8847],[75.93103,11.88397],[75.92915,11.88261],[75.92644,11.88192],[75.92528,11.88097],[75.92335,11.88064],[75.92146,11.8808],[75.91946,11.88048],[75.91854,11.87987],[75.91728,11.87867],[75.91668,11.87826],[75.91515,11.87752],[75.91378,11.87693],[75.91227,11.87614],[75.91173,11.87551],[75.91189,11.87431],[75.91234,11.87372],[75.91293,11.87338],[75.91376,11.8732],[75.91483,11.87271],[75.91625,11.87196],[75.91748,11.87127],[75.91874,11.87098],[75.92025,11.87041],[75.92053,11.87015],[75.9214,11.86943],[75.92194,11.86882],[75.92318,11.86704],[75.9243,11.86589],[75.9256,11.86462],[75.92637,11.86373],[75.92714,11.86321],[75.92788,11.86294],[75.92852,11.86234],[75.92886,11.86201],[75.92987,11.86052],[75.93039,11.85933],[75.93042,11.85863],[75.93011,11.85807],[75.92931,11.85786],[75.9288,11.85679],[75.92757,11.85412],[75.92719,11.85311],[75.92647,11.852],[75.92612,11.85033],[75.92625,11.84867],[75.92646,11.84783],[75.92691,11.84713],[75.92717,11.84627],[75.9274,11.84532],[75.92753,11.84478],[75.92728,11.84327],[75.92685,11.84291],[75.92594,11.8431],[75.92566,11.84431],[75.92563,11.84497],[75.92548,11.84579],[75.92541,11.84696],[75.92379,11.8473],[75.9219,11.84707],[75.9207,11.84709],[75.91954,11.8469],[75.91774,11.84631],[75.91587,11.8457],[75.91317,11.84616],[75.91158,11.84595],[75.90967,11.84564],[75.90778,11.84503],[75.90626,11.84444],[75.90422,11.84385],[75.9004,11.84328],[75.89538,11.84312],[75.89375,11.8432],[75.8925,11.84331],[75.89132,11.84356],[75.8901,11.84459],[75.88991,11.84481],[75.88905,11.84581],[75.88772,11.84688],[75.88641,11.84755],[75.88461,11.84606],[75.88248,11.84557],[75.88122,11.84606],[75.8804,11.84667],[75.87946,11.84738],[75.87765,11.8478],[75.87737,11.84787],[75.87613,11.84818],[75.87278,11.84906],[75.86513,11.84979],[75.86463,11.84984],[75.86356,11.84984],[75.86208,11.85007],[75.86079,11.85055],[75.85937,11.85009],[75.85384,11.84994],[75.83515,11.85248],[75.83433,11.85253],[75.83287,11.8524],[75.83156,11.8525],[75.82897,11.85227],[75.82839,11.85232],[75.82631,11.8525],[75.82525,11.85278],[75.82392,11.85307],[75.82289,11.85358],[75.82182,11.85561],[75.82096,11.85719],[75.82036,11.85832],[75.8192,11.8587],[75.8185,11.85803],[75.81792,11.85725],[75.81742,11.85635],[75.81656,11.85624],[75.81481,11.85662],[75.81322,11.85712],[75.81137,11.8571],[75.80983,11.85702],[75.80856,11.85658],[75.80843,11.85656],[75.80691,11.85563],[75.80601,11.85477],[75.80545,11.85379],[75.80511,11.85227],[75.80565,11.85124],[75.80588,11.8508],[75.80223,11.85028],[75.79828,11.84996],[75.794,11.849],[75.79476,11.85013],[75.79752,11.85141],[75.79674,11.85176],[75.79336,11.85112],[75.79076,11.85161],[75.7891,11.85259],[75.78833,11.85169],[75.78648,11.85017],[75.78554,11.8474],[75.78562,11.84551],[75.78524,11.84494],[75.78476,11.84421],[75.78279,11.84337],[75.77987,11.84261],[75.77605,11.84211],[75.77446,11.84219],[75.77296,11.84337],[75.77176,11.84488],[75.76846,11.84576],[75.7661,11.84711],[75.76425,11.84837],[75.76176,11.85001],[75.76022,11.85076],[75.75928,11.85082],[75.75743,11.85093],[75.75532,11.84942],[75.75438,11.84753],[75.75348,11.8477],[75.75305,11.84862],[75.75292,11.85022],[75.75189,11.85135],[75.7499,11.85154],[75.74846,11.854],[75.74972,11.85649],[75.75045,11.85794],[75.75116,11.85931],[75.75273,11.86072],[75.7535,11.86229],[75.7544,11.86351],[75.75492,11.86521],[75.7549,11.86722],[75.75361,11.86916],[75.75421,11.87063],[75.75438,11.87243],[75.75331,11.87449],[75.75206,11.87785],[75.74683,11.87835],[75.7443,11.8781],[75.7404,11.87491],[75.73951,11.87418],[75.73781,11.87718],[75.73153,11.88071],[75.73102,11.881],[75.72881,11.88225],[75.72513,11.88434],[75.72275,11.88726],[75.71947,11.88577],[75.71692,11.88694],[75.71537,11.8868],[75.71404,11.88562],[75.71084,11.88621],[75.70737,11.88614],[75.70651,11.88694],[75.7049,11.88843],[75.70207,11.89162],[75.70151,11.89167],[75.69833,11.89192],[75.69441,11.89156],[75.69589,11.89675],[75.69636,11.90134],[75.69662,11.9038],[75.69485,11.90597],[75.68374,11.90651],[75.68206,11.90761],[75.67722,11.90703],[75.67318,11.90762],[75.67016,11.90788],[75.66698,11.90814],[75.66479,11.90829],[75.66192,11.90849],[75.66084,11.90885],[75.65889,11.90951],[75.65666,11.90758],[75.6546,11.90725],[75.65134,11.90733],[75.64797,11.90746],[75.64705,11.9075],[75.64445,11.90737],[75.6437,11.90733],[75.64078,11.90599],[75.63988,11.90583],[75.63685,11.90531],[75.63641,11.90523],[75.63417,11.90573],[75.63194,11.90588],[75.63047,11.90599],[75.62915,11.90609],[75.62578,11.90641],[75.62716,11.90777],[75.62709,11.9109],[75.62769,11.9143],[75.62836,11.91535],[75.63048,11.91538],[75.63113,11.91631],[75.63077,11.91729],[75.63117,11.9185],[75.63135,11.91925],[75.63151,11.91993],[75.62877,11.92035],[75.62559,11.92094],[75.62236,11.92142],[75.61985,11.92139],[75.62207,11.92698],[75.62229,11.92739],[75.62253,11.9282],[75.61923,11.93137],[75.61469,11.9338],[75.61357,11.93539],[75.61324,11.93586],[75.6115,11.93746],[75.60665,11.93731],[75.60597,11.93729],[75.60493,11.93704],[75.60293,11.93656],[75.60124,11.93747],[75.60013,11.93666],[75.59732,11.93535],[75.59461,11.93597],[75.59421,11.93612],[75.58991,11.93774],[75.58855,11.93795],[75.58713,11.93816],[75.58584,11.93836],[75.5846,11.94071],[75.58385,11.94303],[75.58346,11.94539],[75.58336,11.94601],[75.58371,11.94809],[75.58394,11.94948],[75.58457,11.95157],[75.58638,11.95249],[75.5871,11.95334],[75.58737,11.95435],[75.58748,11.95477],[75.58761,11.95697],[75.58799,11.95943],[75.58919,11.96054],[75.58879,11.9624],[75.5897,11.96291],[75.59178,11.96307],[75.5935,11.96346],[75.59345,11.9648],[75.59391,11.96549],[75.59637,11.96599],[75.59623,11.96739],[75.59641,11.96938],[75.59623,11.97194],[75.59742,11.97322],[75.59838,11.9738],[75.59898,11.97417],[75.59873,11.97455],[75.59789,11.97613],[75.59802,11.97768],[75.59798,11.97917],[75.59819,11.98051],[75.59729,11.98202],[75.59549,11.98236],[75.59377,11.98209],[75.59214,11.9815],[75.591,11.98104],[75.58963,11.981],[75.58712,11.98141],[75.58401,11.98236],[75.58195,11.98284],[75.58027,11.98284],[75.57909,11.98215],[75.57838,11.98108],[75.57808,11.98003],[75.57793,11.97833],[75.57722,11.97711],[75.57602,11.97669],[75.57467,11.97675],[75.57319,11.97751],[75.57218,11.97883],[75.57107,11.98024],[75.56982,11.98129],[75.56847,11.98257],[75.56729,11.98341],[75.566,11.98372],[75.56516,11.98369],[75.56481,11.98363],[75.56463,11.98429],[75.5646,11.98446],[75.56449,11.98498],[75.56372,11.98647],[75.56408,11.98831],[75.56331,11.98995],[75.56195,11.99151],[75.56156,11.99179],[75.56068,11.99243],[75.55994,11.99365],[75.56049,11.99552],[75.56066,11.99703],[75.55948,11.99779],[75.55869,11.99917],[75.55835,11.99984],[75.55778,12.00097],[75.55768,12.00117],[75.55693,12.00316],[75.55755,12.00547],[75.5571,12.00698],[75.55643,12.00902],[75.55582,12.01469],[75.56208,12.01598],[75.5686,12.02203],[75.57109,12.02362],[75.57177,12.02481],[75.57272,12.02648],[75.5698,12.02983],[75.57006,12.03252],[75.57499,12.03278],[75.57746,12.03567],[75.57974,12.03986],[75.58271,12.04075],[75.58344,12.04056],[75.58628,12.03982],[75.59066,12.04125],[75.5918,12.04255],[75.59325,12.04217],[75.59378,12.04195],[75.59512,12.0414],[75.59452,12.03907],[75.59692,12.03697],[75.60019,12.03529],[75.60231,12.03586],[75.60467,12.03634],[75.60602,12.0354],[75.60669,12.03355],[75.60791,12.03286],[75.61031,12.03328],[75.61109,12.03437],[75.61214,12.03672],[75.61289,12.0394],[75.61272,12.04142],[75.61145,12.04547],[75.61315,12.04587],[75.61409,12.04832],[75.61516,12.05213],[75.6151,12.05275],[75.61656,12.05651],[75.61928,12.05852],[75.62417,12.05835],[75.62679,12.05735],[75.62757,12.05548],[75.63008,12.05547],[75.63018,12.05737],[75.6292,12.05863],[75.62914,12.06017],[75.62894,12.06626],[75.63005,12.07113],[75.63069,12.07311],[75.63086,12.07365],[75.63012,12.07481],[75.63001,12.07675],[75.63012,12.07787],[75.63063,12.08064],[75.62941,12.08351],[75.62937,12.08393],[75.62894,12.08784],[75.62908,12.08829],[75.62945,12.08951],[75.62971,12.09161],[75.62948,12.09889],[75.62761,12.10565],[75.62905,12.10722],[75.63093,12.10638],[75.63505,12.10659],[75.64113,12.10663],[75.64309,12.10685],[75.64422,12.10697],[75.64778,12.10936],[75.6504,12.11218],[75.65172,12.11189],[75.6527,12.11056],[75.65325,12.10956],[75.65338,12.10841],[75.65424,12.10757],[75.65498,12.10673],[75.65548,12.10519],[75.65728,12.10426],[75.6578,12.10378],[75.65821,12.10317],[75.659,12.1025],[75.65927,12.10197],[75.65953,12.10145],[75.65998,12.10086],[75.66023,12.10002],[75.66052,12.0998],[75.66092,12.09954],[75.6615,12.0993],[75.66194,12.09914],[75.66237,12.09907],[75.664,12.09893],[75.66551,12.09842],[75.66656,12.09777],[75.66755,12.09751],[75.66848,12.09753],[75.6693,12.09758],[75.67013,12.09763],[75.67117,12.09774],[75.67374,12.09781],[75.67444,12.09774],[75.67585,12.09743],[75.67705,12.09836],[75.67732,12.0987],[75.67874,12.10048],[75.67951,12.10155],[75.68071,12.10256],[75.68166,12.10319],[75.68363,12.10435],[75.68462,12.10517],[75.68535,12.10649],[75.68578,12.10814],[75.68625,12.1093],[75.68733,12.10995],[75.68923,12.11068],[75.6908,12.11091],[75.69211,12.11087],[75.69285,12.1107],[75.69351,12.1105],[75.69488,12.10997],[75.69638,12.10968],[75.69823,12.10984],[75.69983,12.1097],[75.70149,12.10936],[75.70254,12.10861],[75.70314,12.10777],[75.70327,12.1067],[75.70338,12.10527],[75.70329,12.10382],[75.70286,12.10265],[75.70245,12.10145],[75.70232,12.09975],[75.70252,12.09898],[75.70256,12.09823],[75.70277,12.0969],[75.70245,12.09598],[75.70204,12.09377],[75.70217,12.09256],[75.70348,12.09214],[75.70533,12.09228],[75.70685,12.0923],[75.7081,12.09214],[75.70971,12.09153],[75.71116,12.09115],[75.71237,12.09092],[75.71346,12.09058],[75.71428,12.08968],[75.71528,12.08857],[75.71597,12.08788],[75.71681,12.08731],[75.71749,12.08678],[75.71784,12.08651],[75.71805,12.08563],[75.71799,12.08475],[75.7176,12.08383],[75.71717,12.08316],[75.71539,12.08204],[75.71582,12.08099],[75.71631,12.07997],[75.71614,12.07885],[75.71537,12.07757],[75.71498,12.07699],[75.7147,12.07619],[75.7149,12.07508],[75.71474,12.0744],[75.71415,12.07191],[75.71449,12.07086],[75.71527,12.07046],[75.71556,12.07031],[75.71745,12.07044],[75.71856,12.06994],[75.71937,12.07015],[75.71978,12.07051],[75.7202,12.07086],[75.72062,12.0713],[75.72104,12.07183],[75.72163,12.07212],[75.72247,12.07254],[75.72306,12.07274],[75.72361,12.07286],[75.72475,12.07257],[75.72509,12.07216],[75.7255,12.07192],[75.72583,12.0719],[75.72641,12.072],[75.7272,12.07236],[75.7282,12.07293],[75.72861,12.07337],[75.72971,12.07417],[75.73049,12.07465],[75.73196,12.07602],[75.73373,12.07732],[75.73498,12.07828],[75.73566,12.07893],[75.73607,12.0791],[75.73703,12.07919],[75.73776,12.07919],[75.73858,12.07897],[75.73966,12.07873],[75.74049,12.07883],[75.74133,12.07928],[75.74213,12.07989],[75.7426,12.08032],[75.7431,12.08048],[75.74348,12.08026],[75.74402,12.07982],[75.74436,12.07934],[75.74472,12.07887],[75.74502,12.07829],[75.7456,12.07795],[75.74617,12.07791],[75.74666,12.078],[75.74721,12.07819],[75.74862,12.07901],[75.74956,12.07976],[75.75009,12.08025],[75.75037,12.08075],[75.75039,12.08162],[75.75123,12.08278],[75.75247,12.08326],[75.75466,12.0837],[75.75627,12.08395],[75.7576,12.08393],[75.7591,12.08368],[75.76054,12.08351],[75.76161,12.08347],[75.76281,12.08339],[75.76361,12.08322],[75.76496,12.08301],[75.76706,12.08395],[75.76889,12.08437],[75.7697,12.08437],[75.77041,12.08408],[75.77103,12.08383],[75.77148,12.08351],[75.77228,12.08349],[75.77288,12.08349],[75.77335,12.08326],[75.77438,12.08251],[75.77509,12.08221],[75.77597,12.0824],[75.77715,12.08288],[75.77824,12.0832],[75.77908,12.0833],[75.77985,12.08322],[75.78041,12.08295],[75.78135,12.08274],[75.78219,12.0829],[75.78305,12.08332],[75.78373,12.08376],[75.78509,12.0841],[75.78648,12.08376],[75.78758,12.08324],[75.78824,12.08259],[75.78976,12.082],[75.79073,12.08177],[75.79187,12.0816],[75.79283,12.08207],[75.79388,12.0824],[75.79483,12.08232],[75.79549,12.08192],[75.79605,12.08141],[75.79654,12.08068],[75.79751,12.08016],[75.79811,12.07961],[75.79867,12.07919],[75.80051,12.0789],[75.80122,12.07869],[75.80311,12.07833]]]]}},{"type":"Feature","properties":{"name":"Thamarassery","level":"6"},"geometry":{"type":"MultiPolygon","coordinates":[[[[75.95946,11.35006],[75.95837,11.34773],[75.95755,11.34538],[75.95648,11.34443],[75.95459,11.34265],[75.95416,11.34219],[75.95368,11.34169],[75.95181,11.33942],[75.95107,11.33839],[75.95044,11.33751],[75.9488,11.336],[75.94816,11.33544],[75.94737,11.33475],[75.94724,11.3346],[75.94586,11.33301],[75.94522,11.33246],[75.94434,11.33218],[75.94266,11.33195],[75.94069,11.33193],[75.93973,11.33205],[75.93885,11.33217],[75.93641,11.33278],[75.93482,11.33315],[75.93345,11.33361],[75.93289,11.3338],[75.93147,11.33448],[75.9304,11.33517],[75.92902,11.33593],[75.9281,11.3362],[75.92805,11.3354],[75.92784,11.33465],[75.92743,11.33434],[75.92692,11.33432],[75.92628,11.33455],[75.92578,11.33451],[75.92517,11.3343],[75.92387,11.3341],[75.9222,11.33487],[75.92093,11.33608],[75.92083,11.33617],[75.91943,11.33666],[75.91771,11.33724],[75.91676,11.33673],[75.91624,11.33637],[75.9153,11.33642],[75.91448,11.33687],[75.91321,11.33757],[75.9124,11.33798],[75.91112,11.33863],[75.90964,11.33941],[75.90816,11.34005],[75.90552,11.33959],[75.90461,11.33948],[75.90288,11.33919],[75.9018,11.33879],[75.90066,11.33842],[75.8995,11.33825],[75.89832,11.3384],[75.89775,11.33896],[75.8976,11.33968],[75.8975,11.34088],[75.89739,11.34115],[75.89722,11.34144],[75.89585,11.34248],[75.89537,11.34284],[75.89503,11.3431],[75.89435,11.34442],[75.89391,11.34577],[75.89486,11.3462],[75.89594,11.34629],[75.89693,11.34662],[75.89769,11.34722],[75.8979,11.34819],[75.8976,11.34912],[75.89556,11.35032],[75.89444,11.35113],[75.89395,11.35277],[75.89351,11.35388],[75.89228,11.35461],[75.89116,11.35475],[75.8896,11.35502],[75.88888,11.35531],[75.88873,11.35562],[75.88833,11.35643],[75.8881,11.35796],[75.88804,11.35843],[75.88774,11.36053],[75.88802,11.36316],[75.88825,11.3644],[75.88774,11.36583],[75.88633,11.36659],[75.88439,11.3673],[75.88269,11.36799],[75.8812,11.36868],[75.87997,11.36906],[75.87862,11.36794],[75.87733,11.36703],[75.87603,11.36663],[75.8755,11.36566],[75.87577,11.36456],[75.87632,11.36365],[75.87571,11.36285],[75.87448,11.36303],[75.87364,11.36355],[75.87216,11.36376],[75.87017,11.36338],[75.86933,11.36322],[75.86851,11.36229],[75.86847,11.36129],[75.86728,11.361],[75.86566,11.36111],[75.86441,11.36107],[75.86391,11.36061],[75.86367,11.36038],[75.86329,11.35945],[75.86293,11.35804],[75.86214,11.35595],[75.86173,11.35484],[75.86144,11.35407],[75.85958,11.35156],[75.85932,11.35134],[75.85776,11.35001],[75.85595,11.34896],[75.85466,11.34877],[75.85335,11.34896],[75.85288,11.34912],[75.85204,11.34941],[75.85006,11.35142],[75.84813,11.35281],[75.84723,11.35399],[75.84687,11.35476],[75.84649,11.3556],[75.84617,11.35682],[75.84613,11.35916],[75.8461,11.36008],[75.84607,11.36092],[75.84628,11.3626],[75.8465,11.3632],[75.84729,11.36535],[75.84764,11.36579],[75.849,11.3675],[75.84995,11.36897],[75.85048,11.3704],[75.85054,11.37166],[75.8507,11.37307],[75.85073,11.37334],[75.85128,11.37421],[75.85447,11.3768],[75.85453,11.37711],[75.85468,11.37794],[75.85416,11.37918],[75.85409,11.37934],[75.85345,11.38056],[75.85278,11.38162],[75.85248,11.38255],[75.85303,11.38394],[75.8535,11.38628],[75.85381,11.3882],[75.85388,11.38959],[75.8536,11.39052],[75.85255,11.39129],[75.85174,11.39209],[75.8505,11.3941],[75.8504,11.39495],[75.85033,11.39559],[75.85148,11.39657],[75.85193,11.39696],[75.85398,11.39942],[75.85424,11.4011],[75.85274,11.40151],[75.85231,11.40228],[75.85284,11.40364],[75.8539,11.40426],[75.85466,11.40484],[75.85517,11.40542],[75.85512,11.40652],[75.85506,11.40785],[75.85696,11.40687],[75.85818,11.40726],[75.86019,11.40797],[75.86268,11.4088],[75.86347,11.4095],[75.86414,11.40994],[75.86415,11.41194],[75.86422,11.41335],[75.86482,11.41415],[75.86592,11.41415],[75.86662,11.41338],[75.86685,11.4119],[75.86826,11.41096],[75.87082,11.41076],[75.8718,11.41013],[75.87268,11.40943],[75.87306,11.40912],[75.87426,11.40807],[75.87514,11.40752],[75.87579,11.40692],[75.87712,11.4067],[75.87832,11.40724],[75.87939,11.40685],[75.88034,11.40618],[75.88078,11.40594],[75.88201,11.40559],[75.88263,11.40613],[75.88261,11.40765],[75.88262,11.40936],[75.88398,11.40969],[75.88514,11.40972],[75.88658,11.40998],[75.88865,11.4107],[75.88946,11.41063],[75.89036,11.4102],[75.89149,11.41045],[75.89199,11.41162],[75.89218,11.41236],[75.8948,11.41191],[75.89647,11.41363],[75.89727,11.41645],[75.89929,11.41608],[75.90089,11.41724],[75.90184,11.41857],[75.90455,11.41856],[75.90499,11.41819],[75.9056,11.41767],[75.90659,11.41648],[75.90836,11.41746],[75.90969,11.41783],[75.91016,11.4177],[75.91212,11.41716],[75.91403,11.41794],[75.91382,11.41876],[75.9136,11.41958],[75.91282,11.42136],[75.91179,11.4234],[75.90991,11.42672],[75.90906,11.42838],[75.90846,11.42956],[75.90806,11.43036],[75.90757,11.43131],[75.90671,11.4322],[75.90536,11.43286],[75.90515,11.43302],[75.90485,11.43311],[75.90445,11.43334],[75.90439,11.43387],[75.90441,11.43513],[75.90449,11.43566],[75.90459,11.43633],[75.90459,11.43696],[75.90459,11.43727],[75.90507,11.43849],[75.90514,11.43853],[75.90645,11.43959],[75.90659,11.44045],[75.90686,11.44158],[75.90692,11.44198],[75.90706,11.44277],[75.90707,11.44328],[75.90708,11.44403],[75.90691,11.4466],[75.90748,11.44943],[75.90706,11.45096],[75.90676,11.45177],[75.90557,11.45359],[75.90516,11.45433],[75.90446,11.45527],[75.90364,11.45639],[75.90291,11.45706],[75.90233,11.45874],[75.90224,11.46015],[75.90096,11.46249],[75.901,11.46431],[75.90102,11.46526],[75.90296,11.46791],[75.9033,11.46987],[75.90342,11.47167],[75.90433,11.47619],[75.90502,11.47809],[75.90583,11.47958],[75.90545,11.48232],[75.90571,11.48281],[75.90735,11.48478],[75.90797,11.48553],[75.9087,11.48695],[75.90883,11.48722],[75.90864,11.48953],[75.90781,11.49047],[75.90705,11.49132],[75.90585,11.49298],[75.9057,11.49321],[75.90508,11.49474],[75.90505,11.49467],[75.9037,11.49613],[75.90169,11.49689],[75.90045,11.49728],[75.89991,11.49746],[75.89875,11.4982],[75.89735,11.49933],[75.89687,11.50108],[75.89666,11.50207],[75.89602,11.50271],[75.89611,11.50353],[75.8959,11.50423],[75.89652,11.50503],[75.89616,11.51087],[75.89969,11.51363],[75.90542,11.51421],[75.91355,11.51159],[75.91729,11.51218],[75.92008,11.51207],[75.92287,11.51104],[75.92647,11.50875],[75.92782,11.50793],[75.92952,11.50801],[75.93166,11.50709],[75.93321,11.50589],[75.9343,11.50532],[75.93675,11.50423],[75.93849,11.50448],[75.93999,11.50515],[75.94018,11.50524],[75.94143,11.50593],[75.94221,11.50678],[75.94754,11.51255],[75.9528,11.51569],[75.96121,11.52452],[75.96625,11.52883],[75.97271,11.53438],[75.9767,11.53839],[75.9798,11.54155],[75.97986,11.5416],[75.98112,11.54059],[75.98522,11.54059],[75.9883,11.53901],[75.99046,11.5376],[75.99256,11.53643],[75.99454,11.53679],[75.99616,11.53582],[75.99768,11.53265],[75.99897,11.52996],[75.99927,11.52852],[75.99952,11.52734],[76.00287,11.52556],[76.00441,11.52382],[76.00706,11.5226],[76.0101,11.52248],[76.01095,11.52241],[76.01121,11.5224],[76.01241,11.52231],[76.01419,11.52135],[76.01462,11.51899],[76.01562,11.51846],[76.01688,11.5178],[76.01814,11.51649],[76.01822,11.51641],[76.01877,11.51472],[76.021,11.51421],[76.02355,11.51453],[76.02447,11.51457],[76.02542,11.51461],[76.02787,11.51419],[76.03013,11.51265],[76.03178,11.51205],[76.03398,11.51133],[76.03582,11.50968],[76.03742,11.50851],[76.03827,11.50656],[76.03863,11.50515],[76.0405,11.50572],[76.04198,11.50602],[76.04354,11.50614],[76.04465,11.50781],[76.04649,11.50667],[76.04757,11.50595],[76.04901,11.50484],[76.05094,11.50417],[76.05355,11.50337],[76.05467,11.5037],[76.05594,11.50539],[76.0565,11.50824],[76.05763,11.50919],[76.05909,11.50947],[76.06146,11.51029],[76.06307,11.51046],[76.06363,11.51147],[76.06485,11.51334],[76.06623,11.51453],[76.0673,11.51558],[76.06758,11.5171],[76.06933,11.51773],[76.07139,11.51805],[76.07226,11.52043],[76.07261,11.52208],[76.07422,11.52334],[76.07515,11.52412],[76.0756,11.5249],[76.0761,11.52496],[76.07714,11.52417],[76.08126,11.51925],[76.08213,11.51716],[76.08234,11.51522],[76.08357,11.51436],[76.08584,11.51392],[76.08619,11.51428],[76.08853,11.51346],[76.08964,11.51227],[76.08959,11.51123],[76.08893,11.50867],[76.0889,11.50717],[76.08888,11.50586],[76.08939,11.50356],[76.09103,11.50028],[76.09148,11.49901],[76.09105,11.49721],[76.09096,11.49585],[76.09147,11.49419],[76.09231,11.49311],[76.0909,11.49238],[76.09,11.49138],[76.08928,11.49055],[76.08841,11.48929],[76.08814,11.48774],[76.08906,11.48692],[76.08967,11.48654],[76.09005,11.48573],[76.09128,11.48309],[76.0922,11.48196],[76.09281,11.48226],[76.0945,11.48271],[76.09612,11.48367],[76.09826,11.48362],[76.0989,11.4836],[76.10179,11.48348],[76.10412,11.48252],[76.10612,11.48192],[76.10695,11.481],[76.10839,11.48037],[76.11196,11.48035],[76.1123,11.47963],[76.11299,11.4787],[76.11372,11.47747],[76.11479,11.47662],[76.11631,11.47615],[76.1189,11.47625],[76.1222,11.47493],[76.12325,11.47422],[76.12415,11.47361],[76.12458,11.47117],[76.12467,11.4694],[76.12527,11.46831],[76.12589,11.46693],[76.12793,11.46605],[76.1282,11.4654],[76.12907,11.46464],[76.12976,11.46402],[76.13095,11.46396],[76.13198,11.46265],[76.13261,11.46139],[76.13335,11.46104],[76.13537,11.46025],[76.13688,11.4589],[76.13768,11.45789],[76.14041,11.45587],[76.14215,11.45341],[76.14334,11.45136],[76.14232,11.448],[76.14139,11.44615],[76.13947,11.44457],[76.13894,11.44261],[76.13876,11.43979],[76.13927,11.43792],[76.14095,11.43503],[76.14294,11.43268],[76.14637,11.43026],[76.14405,11.42253],[76.14018,11.41945],[76.13794,11.41959],[76.13732,11.4204],[76.1353,11.42297],[76.13281,11.42499],[76.13127,11.42727],[76.12872,11.42516],[76.12632,11.4221],[76.12505,11.41906],[76.12278,11.41723],[76.12111,11.41544],[76.11993,11.41348],[76.11939,11.4104],[76.11741,11.40826],[76.11457,11.40926],[76.11212,11.41022],[76.10967,11.41027],[76.10608,11.40946],[76.10634,11.40468],[76.10617,11.4023],[76.1047,11.40025],[76.10389,11.39829],[76.10296,11.39705],[76.10044,11.39534],[76.1005,11.39246],[76.10008,11.38968],[76.1,11.38918],[76.09963,11.38774],[76.09931,11.38674],[76.09897,11.385],[76.09835,11.38301],[76.09878,11.37783],[76.09897,11.37638],[76.09917,11.37511],[76.10065,11.37087],[76.10135,11.36887],[76.09969,11.36655],[76.09699,11.3632],[76.09446,11.3585],[76.09348,11.3558],[76.09453,11.35345],[76.09207,11.35271],[76.09282,11.3512],[76.09485,11.34706],[76.09663,11.34528],[76.09814,11.34357],[76.10032,11.34104],[76.10085,11.34154],[76.10475,11.33985],[76.10967,11.33849],[76.11336,11.33785],[76.11475,11.3345],[76.11664,11.33358],[76.11586,11.33204],[76.11545,11.33103],[76.1157,11.33003],[76.11764,11.32819],[76.11914,11.32685],[76.11999,11.32553],[76.11996,11.32311],[76.11865,11.32006],[76.11753,11.31829],[76.11457,11.31506],[76.11147,11.3138],[76.11096,11.31401],[76.10955,11.3146],[76.10767,11.31494],[76.10661,11.31454],[76.10511,11.31333],[76.10484,11.31321],[76.10373,11.31273],[76.1025,11.31267],[76.09895,11.31257],[76.09787,11.31185],[76.09648,11.31126],[76.09524,11.31116],[76.09382,11.31137],[76.09262,11.31206],[76.09103,11.31223],[76.08912,11.31171],[76.08753,11.31118],[76.08515,11.30964],[76.08384,11.3088],[76.08453,11.30779],[76.08468,11.30619],[76.08418,11.3051],[76.08315,11.3039],[76.07616,11.29933],[76.07349,11.2976],[76.07133,11.2962],[76.07092,11.29583],[76.07024,11.29521],[76.06795,11.2965],[76.06375,11.29654],[76.06187,11.29687],[76.06018,11.29853],[76.05887,11.29904],[76.05576,11.29906],[76.05334,11.2989],[76.05312,11.29887],[76.05027,11.29855],[76.04894,11.2989],[76.04891,11.30011],[76.04901,11.30091],[76.04903,11.30202],[76.04833,11.30271],[76.04797,11.30358],[76.04827,11.30488],[76.04884,11.30672],[76.04928,11.30923],[76.04913,11.31132],[76.04871,11.31238],[76.04738,11.31318],[76.04637,11.31418],[76.04559,11.31509],[76.04574,11.31652],[76.0458,11.3196],[76.04443,11.32062],[76.04417,11.32194],[76.04552,11.32209],[76.04732,11.32192],[76.04854,11.32215],[76.04939,11.32275],[76.04951,11.3238],[76.04865,11.32467],[76.04844,11.32498],[76.04797,11.32552],[76.04776,11.32695],[76.04806,11.32819],[76.04897,11.3307],[76.04774,11.33223],[76.04612,11.33302],[76.04434,11.33382],[76.04278,11.3341],[76.04139,11.33407],[76.04006,11.3342],[76.03889,11.33428],[76.03756,11.33455],[76.03414,11.33565],[76.03352,11.33571],[76.0333,11.33573],[76.03199,11.33587],[76.0302,11.33598],[76.02846,11.33594],[76.02709,11.33571],[76.02657,11.33551],[76.0257,11.33519],[76.02433,11.33515],[76.02373,11.33536],[76.02308,11.33558],[76.02295,11.33687],[76.02249,11.33759],[76.02177,11.33738],[76.02137,11.33631],[76.02122,11.33538],[76.02082,11.33453],[76.02,11.33368],[76.01903,11.33331],[76.01846,11.33391],[76.01822,11.33509],[76.01795,11.33645],[76.01744,11.33738],[76.01734,11.33838],[76.01523,11.339],[76.01461,11.33813],[76.01388,11.33724],[76.01289,11.33705],[76.01269,11.33701],[76.01128,11.33722],[76.00969,11.33767],[76.00836,11.33811],[76.00718,11.33859],[76.00414,11.3378],[76.00296,11.33703],[76.00197,11.33654],[76.00119,11.33641],[76.00047,11.33676],[75.99973,11.3373],[75.99882,11.33778],[75.9977,11.33763],[75.99763,11.33718],[75.99753,11.33664],[75.99774,11.33585],[75.99774,11.33476],[75.99747,11.33293],[75.99646,11.33142],[75.99532,11.33043],[75.99332,11.32902],[75.99237,11.32959],[75.99162,11.32977],[75.99077,11.32961],[75.98992,11.32959],[75.98917,11.32992],[75.98866,11.33011],[75.98829,11.33041],[75.98814,11.33053],[75.98749,11.33149],[75.98737,11.3329],[75.98729,11.33382],[75.9875,11.33468],[75.98789,11.33588],[75.98819,11.33741],[75.9886,11.33872],[75.9891,11.33949],[75.98996,11.33997],[75.99034,11.34016],[75.99144,11.3408],[75.99204,11.34149],[75.99218,11.34187],[75.99252,11.34277],[75.99303,11.34498],[75.99344,11.34582],[75.9941,11.34659],[75.99542,11.34779],[75.99599,11.34824],[75.99679,11.34889],[75.99837,11.3496],[76.00001,11.35052],[76.00089,11.35125],[76.00091,11.35167],[76.00082,11.35226],[76.00056,11.35289],[76.00032,11.35314],[76.00009,11.35339],[75.99944,11.35366],[75.99838,11.35391],[75.99759,11.3542],[75.99729,11.35481],[75.99746,11.35521],[75.99736,11.35566],[75.99766,11.35604],[75.99894,11.35745],[75.99802,11.35862],[75.99694,11.35901],[75.99577,11.3597],[75.99557,11.36063],[75.99604,11.36222],[75.99778,11.3633],[75.99852,11.36521],[75.99865,11.36666],[75.99873,11.36673],[76.00077,11.36768],[76.00158,11.36827],[76.00227,11.36872],[76.00221,11.3692],[76.00226,11.36952],[76.00232,11.36997],[76.00167,11.37088],[76.00162,11.37188],[76.00173,11.37218],[76.00257,11.37462],[76.00217,11.37525],[76.00182,11.37698],[76.00149,11.37794],[76.0005,11.37843],[75.99987,11.37886],[75.99928,11.3797],[75.99839,11.38021],[75.99768,11.3805],[75.99642,11.38055],[75.99308,11.38102],[75.9909,11.38108],[75.98892,11.38067],[75.98797,11.37992],[75.98666,11.37914],[75.98554,11.3786],[75.98476,11.37864],[75.98349,11.37874],[75.9821,11.37889],[75.98096,11.37862],[75.98039,11.37719],[75.97979,11.37657],[75.97926,11.37602],[75.97858,11.37517],[75.97804,11.37505],[75.97759,11.37499],[75.97599,11.375],[75.97528,11.375],[75.9739,11.37449],[75.97325,11.37294],[75.97297,11.37198],[75.9727,11.37077],[75.97154,11.36978],[75.97108,11.3691],[75.97056,11.36831],[75.96987,11.36749],[75.96825,11.36685],[75.96664,11.36579],[75.96567,11.36517],[75.9653,11.36507],[75.96472,11.36492],[75.96445,11.36485],[75.96443,11.36481],[75.96433,11.36465],[75.96429,11.36458],[75.96413,11.36431],[75.96404,11.36414],[75.96408,11.36328],[75.96422,11.36269],[75.96475,11.36071],[75.96504,11.35974],[75.96518,11.35927],[75.96487,11.35804],[75.96438,11.35702],[75.96356,11.3562],[75.96337,11.35604],[75.96216,11.35502],[75.96129,11.35421],[75.96038,11.35553],[75.9596,11.35602],[75.95851,11.35742],[75.95769,11.35823],[75.95719,11.35928],[75.95632,11.35961],[75.95581,11.35981],[75.9542,11.35992],[75.95396,11.35839],[75.95324,11.35617],[75.95252,11.35407],[75.95127,11.35402],[75.95088,11.35396],[75.94944,11.35376],[75.94808,11.35378],[75.94681,11.35309],[75.94553,11.35282],[75.9452,11.35246],[75.94505,11.35229],[75.9451,11.35185],[75.94525,11.35118],[75.9449,11.35088],[75.94445,11.35088],[75.944,11.35113],[75.94359,11.3513],[75.9431,11.3512],[75.94284,11.35082],[75.94274,11.35029],[75.94274,11.34983],[75.9425,11.3492],[75.94188,11.3488],[75.941,11.34829],[75.94035,11.34777],[75.93971,11.34726],[75.93814,11.34695],[75.9371,11.34685],[75.93662,11.3468],[75.93483,11.34678],[75.93306,11.34647],[75.93196,11.34563],[75.93144,11.34482],[75.93143,11.34475],[75.93129,11.3442],[75.9309,11.3437],[75.93066,11.34308],[75.93169,11.34289],[75.93332,11.34244],[75.93445,11.34167],[75.93566,11.34094],[75.93678,11.34052],[75.93844,11.33908],[75.9393,11.34177],[75.93998,11.34271],[75.94159,11.34339],[75.94302,11.34364],[75.94367,11.34355],[75.94456,11.3442],[75.94678,11.346],[75.94768,11.34645],[75.9491,11.34649],[75.94975,11.3467],[75.95129,11.34745],[75.95192,11.34719],[75.95251,11.34713],[75.95287,11.3477],[75.95346,11.34769],[75.9538,11.34773],[75.95447,11.34866],[75.95531,11.34913],[75.95589,11.34988],[75.95666,11.35014],[75.95756,11.35027],[75.95834,11.35376],[75.96059,11.35246],[75.95946,11.35006]]]]}},{"type":"Feature","properties":{"name":"Kondotty","level":"6"},"geometry":{"type":"MultiPolygon","coordinates":[[[[76.02941,11.08652],[76.02765,11.08842],[76.02724,11.08889],[76.02614,11.09013],[76.02422,11.09266],[76.02125,11.09517],[76.01808,11.09819],[76.0143,11.10245],[76.01325,11.10214],[76.01168,11.10027],[76.01056,11.09924],[76.00681,11.10029],[76.00391,11.10215],[76.00239,11.10497],[75.99891,11.10758],[75.99732,11.1092],[75.99548,11.10983],[75.99447,11.11091],[75.9927,11.11196],[75.99135,11.11145],[75.99043,11.11112],[75.98949,11.11132],[75.98872,11.112],[75.98846,11.11223],[75.98765,11.11309],[75.98665,11.11371],[75.98513,11.11387],[75.98181,11.11391],[75.97978,11.11441],[75.97947,11.11454],[75.978,11.11517],[75.9775,11.11515],[75.97723,11.11514],[75.97704,11.11421],[75.97707,11.11363],[75.97627,11.11324],[75.97441,11.11375],[75.97301,11.11436],[75.97227,11.11499],[75.97089,11.116],[75.96903,11.11723],[75.96803,11.11835],[75.96469,11.11878],[75.96351,11.11813],[75.96301,11.11758],[75.96357,11.11602],[75.96273,11.11505],[75.96116,11.11419],[75.96035,11.11665],[75.95759,11.1166],[75.9558,11.11657],[75.95507,11.11691],[75.95284,11.11712],[75.95082,11.11713],[75.94949,11.11777],[75.94771,11.11836],[75.94623,11.11912],[75.94522,11.11927],[75.94457,11.1185],[75.94423,11.11764],[75.9418,11.11702],[75.94086,11.11823],[75.93952,11.11785],[75.93823,11.11805],[75.93726,11.11838],[75.93652,11.11857],[75.93568,11.11899],[75.93372,11.11962],[75.93203,11.11881],[75.93182,11.1201],[75.93299,11.12125],[75.93411,11.1227],[75.93421,11.12313],[75.93449,11.12386],[75.93438,11.12658],[75.93441,11.12808],[75.93444,11.13027],[75.93374,11.13156],[75.93285,11.13194],[75.93205,11.13042],[75.93029,11.12917],[75.92838,11.12725],[75.92609,11.1278],[75.92547,11.1274],[75.92505,11.12665],[75.92432,11.12411],[75.92224,11.12097],[75.92064,11.1184],[75.91955,11.11676],[75.9183,11.11523],[75.91681,11.11625],[75.91614,11.11792],[75.91496,11.12047],[75.91482,11.12078],[75.91364,11.12163],[75.91098,11.12168],[75.91027,11.12243],[75.90869,11.12411],[75.9084,11.12442],[75.9081,11.12473],[75.90514,11.12771],[75.90346,11.12873],[75.90286,11.12874],[75.89987,11.12881],[75.89984,11.13158],[75.89774,11.13351],[75.89417,11.13422],[75.89323,11.1344],[75.8928,11.13474],[75.88993,11.13702],[75.88993,11.13722],[75.8901,11.14242],[75.88849,11.14334],[75.88775,11.14353],[75.88656,11.14273],[75.88543,11.14289],[75.88361,11.14357],[75.88236,11.14175],[75.88126,11.14072],[75.87903,11.14069],[75.87887,11.14069],[75.87713,11.14093],[75.87698,11.14012],[75.87789,11.13989],[75.87819,11.13933],[75.87843,11.13869],[75.8774,11.13769],[75.87519,11.13554],[75.87493,11.13443],[75.87489,11.13422],[75.87435,11.13268],[75.87255,11.13146],[75.87134,11.12986],[75.86916,11.13034],[75.86733,11.13016],[75.86652,11.13131],[75.86648,11.13292],[75.86563,11.13627],[75.86439,11.13612],[75.86345,11.13572],[75.86292,11.13652],[75.86262,11.13879],[75.86205,11.13988],[75.85939,11.14169],[75.85886,11.14415],[75.85771,11.14435],[75.85755,11.14496],[75.85745,11.14606],[75.85731,11.14657],[75.85719,11.14708],[75.85689,11.14735],[75.85653,11.1474],[75.85612,11.14742],[75.8557,11.14741],[75.85521,11.14748],[75.85489,11.14766],[75.85459,11.14792],[75.85439,11.14812],[75.85424,11.14848],[75.85417,11.14893],[75.85439,11.14926],[75.85464,11.14953],[75.85496,11.14976],[75.85504,11.15003],[75.85487,11.15053],[75.8542,11.15151],[75.85382,11.15195],[75.8534,11.15245],[75.85329,11.15252],[75.85319,11.15259],[75.85285,11.15264],[75.85252,11.15266],[75.85207,11.15273],[75.85174,11.15289],[75.85164,11.15313],[75.85174,11.1535],[75.85189,11.15388],[75.85206,11.15428],[75.85235,11.15455],[75.85278,11.15478],[75.85306,11.15501],[75.85316,11.15523],[75.85356,11.1557],[75.8539,11.15625],[75.85434,11.15646],[75.85469,11.15648],[75.85526,11.15637],[75.85575,11.15636],[75.8561,11.15643],[75.85638,11.1566],[75.85645,11.1567],[75.85648,11.15684],[75.85666,11.15713],[75.85684,11.15752],[75.85808,11.15779],[75.85845,11.15791],[75.85872,11.15809],[75.85888,11.15833],[75.85903,11.15869],[75.85915,11.15909],[75.85953,11.15963],[75.85987,11.16027],[75.86015,11.16047],[75.86035,11.16063],[75.86047,11.16097],[75.86045,11.16151],[75.85998,11.16217],[75.85974,11.16237],[75.85969,11.16279],[75.85962,11.16315],[75.85987,11.16348],[75.86012,11.16397],[75.86039,11.16458],[75.86061,11.1652],[75.86094,11.16558],[75.86106,11.16589],[75.86104,11.1662],[75.86099,11.1664],[75.86081,11.16703],[75.86071,11.16742],[75.86077,11.16784],[75.86094,11.16818],[75.86095,11.16826],[75.86109,11.16832],[75.86134,11.16843],[75.8616,11.16848],[75.86199,11.16839],[75.86259,11.16824],[75.86291,11.16819],[75.86337,11.1682],[75.86355,11.16857],[75.86349,11.16884],[75.86361,11.169],[75.86363,11.16936],[75.86458,11.16973],[75.86491,11.17006],[75.86621,11.17124],[75.8666,11.17289],[75.86768,11.17343],[75.86837,11.17352],[75.86945,11.17357],[75.87034,11.17374],[75.87079,11.17353],[75.87079,11.17317],[75.87064,11.17273],[75.87034,11.17207],[75.87002,11.17054],[75.87169,11.17024],[75.87301,11.16912],[75.87418,11.16937],[75.87423,11.16933],[75.87458,11.16905],[75.87464,11.16824],[75.87498,11.16784],[75.87566,11.16806],[75.87603,11.16794],[75.87662,11.16775],[75.87742,11.16814],[75.87818,11.1687],[75.87915,11.16942],[75.88013,11.16977],[75.88113,11.16992],[75.88117,11.17136],[75.88099,11.1729],[75.88152,11.17331],[75.882,11.17325],[75.88266,11.17315],[75.88335,11.17289],[75.88405,11.17272],[75.88513,11.17248],[75.88655,11.17232],[75.88715,11.17226],[75.88761,11.1725],[75.88787,11.17258],[75.88801,11.17259],[75.88832,11.17335],[75.888,11.17403],[75.8874,11.17421],[75.88665,11.17447],[75.88704,11.17604],[75.88688,11.17689],[75.88706,11.17786],[75.88715,11.17862],[75.88732,11.17906],[75.88761,11.18027],[75.88763,11.18093],[75.88589,11.1813],[75.88556,11.1825],[75.88548,11.18285],[75.88521,11.18411],[75.88415,11.18472],[75.88353,11.18489],[75.8825,11.18482],[75.88136,11.18466],[75.88122,11.18458],[75.88021,11.18398],[75.87978,11.1835],[75.87925,11.18313],[75.87862,11.18315],[75.87731,11.18336],[75.87649,11.18379],[75.87644,11.18381],[75.87625,11.18581],[75.87587,11.18639],[75.87444,11.1867],[75.87359,11.18722],[75.87291,11.18751],[75.87217,11.18783],[75.87168,11.1881],[75.87077,11.1886],[75.86925,11.18801],[75.86906,11.18808],[75.86681,11.18888],[75.86581,11.18935],[75.86538,11.18955],[75.86515,11.18946],[75.86275,11.18968],[75.86264,11.18973],[75.86205,11.18996],[75.86184,11.19095],[75.86105,11.19175],[75.86023,11.19274],[75.86009,11.19437],[75.85869,11.19493],[75.85892,11.19608],[75.86085,11.19642],[75.8606,11.1976],[75.86059,11.19801],[75.86055,11.19945],[75.85946,11.20043],[75.85873,11.20062],[75.85744,11.20089],[75.85682,11.20177],[75.85703,11.20285],[75.85751,11.20475],[75.85714,11.20657],[75.85783,11.20774],[75.85901,11.20608],[75.85952,11.2053],[75.8606,11.20484],[75.86223,11.20507],[75.86426,11.20528],[75.86579,11.20566],[75.86757,11.2061],[75.86851,11.20655],[75.86965,11.20716],[75.87182,11.21022],[75.87248,11.21115],[75.8751,11.21593],[75.87652,11.21867],[75.87687,11.22035],[75.87699,11.22094],[75.87731,11.22258],[75.87868,11.22353],[75.88216,11.2257],[75.88529,11.22741],[75.88759,11.22867],[75.89023,11.22936],[75.89336,11.22961],[75.89538,11.22978],[75.89659,11.23012],[75.89718,11.23029],[75.89928,11.2334],[75.89965,11.23517],[75.89952,11.23578],[75.89905,11.23803],[75.89918,11.23944],[75.89952,11.24058],[75.89988,11.24188],[75.90079,11.24237],[75.90113,11.24246],[75.90267,11.24228],[75.90383,11.24233],[75.90512,11.24188],[75.90654,11.24123],[75.90864,11.23974],[75.91008,11.23858],[75.91041,11.23826],[75.91411,11.23645],[75.91559,11.2365],[75.91707,11.23652],[75.91838,11.23717],[75.9196,11.23822],[75.92063,11.24014],[75.92078,11.24036],[75.92205,11.24224],[75.92318,11.24348],[75.92405,11.2447],[75.92551,11.24576],[75.92855,11.24687],[75.93282,11.24794],[75.93518,11.24853],[75.93886,11.24908],[75.94428,11.24988],[75.9513,11.25041],[75.95535,11.25146],[75.95786,11.25241],[75.96037,11.25441],[75.96074,11.2549],[75.96282,11.25775],[75.96301,11.25806],[75.96439,11.26034],[75.96623,11.26244],[75.97012,11.26644],[75.97139,11.26719],[75.97286,11.26804],[75.97499,11.26876],[75.97655,11.26872],[75.97741,11.26817],[75.97809,11.26752],[75.98007,11.26562],[75.98239,11.2643],[75.98473,11.26333],[75.98678,11.26259],[75.98754,11.26232],[75.98858,11.26123],[75.98915,11.26063],[75.99262,11.25819],[75.99695,11.25272],[75.99713,11.25189],[75.99666,11.25118],[75.99554,11.24912],[75.99413,11.24745],[75.99293,11.24534],[75.99303,11.2439],[75.99393,11.24256],[75.99622,11.24242],[75.99766,11.24465],[75.99881,11.24606],[75.99984,11.24702],[76.00135,11.24745],[76.00241,11.24708],[76.00279,11.24694],[76.00367,11.24551],[76.00657,11.24252],[76.00701,11.2422],[76.00952,11.24039],[76.01163,11.23894],[76.01294,11.23804],[76.01606,11.23687],[76.01899,11.23687],[76.01916,11.23631],[76.01941,11.2355],[76.01885,11.23428],[76.01814,11.23328],[76.01692,11.23313],[76.01475,11.23333],[76.01287,11.23246],[76.01264,11.23213],[76.01209,11.23129],[76.01106,11.23014],[76.0103,11.22916],[76.01011,11.22806],[76.0103,11.22705],[76.01091,11.22677],[76.01199,11.22681],[76.01309,11.22744],[76.0147,11.22753],[76.0146,11.22641],[76.0157,11.22526],[76.01721,11.22476],[76.01819,11.22451],[76.01957,11.22416],[76.01977,11.22411],[76.02199,11.2237],[76.02377,11.22318],[76.02504,11.22241],[76.02481,11.22014],[76.02398,11.21939],[76.02378,11.21921],[76.02254,11.21803],[76.02082,11.21644],[76.01967,11.21459],[76.01853,11.21258],[76.01807,11.21081],[76.01805,11.21075],[76.01922,11.20921],[76.02071,11.20846],[76.02178,11.20669],[76.02468,11.20646],[76.0263,11.20572],[76.02743,11.20377],[76.02842,11.20274],[76.02936,11.20198],[76.03087,11.20164],[76.03144,11.20146],[76.03225,11.20125],[76.03322,11.20209],[76.03478,11.20153],[76.0359,11.20008],[76.03601,11.19884],[76.0358,11.1977],[76.03612,11.19684],[76.03628,11.19638],[76.03657,11.19551],[76.03546,11.19446],[76.03543,11.19325],[76.03643,11.19214],[76.03836,11.19085],[76.03934,11.18979],[76.0393,11.18853],[76.03813,11.18643],[76.03807,11.18467],[76.03804,11.18382],[76.03716,11.18019],[76.03708,11.17904],[76.03716,11.17722],[76.03807,11.17527],[76.03842,11.17346],[76.03755,11.17291],[76.0365,11.17282],[76.03491,11.17271],[76.03396,11.17147],[76.03394,11.17113],[76.03389,11.1703],[76.03373,11.16998],[76.03327,11.16904],[76.0318,11.16812],[76.03015,11.16727],[76.0288,11.16788],[76.02864,11.16967],[76.02763,11.17057],[76.02628,11.1697],[76.02498,11.17006],[76.02418,11.17137],[76.02246,11.17116],[76.02244,11.17348],[76.02117,11.17369],[76.02106,11.17276],[76.02086,11.17148],[76.01901,11.1703],[76.01919,11.16846],[76.01842,11.16539],[76.02115,11.16537],[76.02134,11.16416],[76.02104,11.16317],[76.02015,11.16219],[76.01986,11.16192],[76.01875,11.16088],[76.01823,11.16037],[76.01777,11.15889],[76.01807,11.15724],[76.01859,11.15614],[76.01882,11.15602],[76.01943,11.15575],[76.02132,11.15703],[76.02125,11.15522],[76.02218,11.1539],[76.02308,11.15335],[76.02435,11.15206],[76.02512,11.15033],[76.02627,11.14777],[76.02877,11.14596],[76.0285,11.14482],[76.03155,11.1436],[76.03297,11.14228],[76.03501,11.14275],[76.03563,11.14062],[76.03608,11.14052],[76.03795,11.14008],[76.03996,11.13931],[76.04215,11.1377],[76.04325,11.13677],[76.04405,11.13553],[76.04393,11.13464],[76.04314,11.13406],[76.04285,11.13403],[76.04218,11.13487],[76.0408,11.13569],[76.04026,11.13498],[76.03989,11.13367],[76.03933,11.13207],[76.03838,11.13209],[76.03766,11.13247],[76.03748,11.13241],[76.03702,11.13226],[76.0366,11.13156],[76.03704,11.13011],[76.03593,11.12896],[76.0347,11.1287],[76.03438,11.1287],[76.03396,11.1287],[76.03326,11.12862],[76.03297,11.12751],[76.0321,11.12768],[76.03106,11.12806],[76.03024,11.12797],[76.02938,11.12565],[76.02927,11.1242],[76.03013,11.12378],[76.03079,11.12321],[76.03072,11.12216],[76.03122,11.1215],[76.03232,11.12073],[76.03228,11.11964],[76.03201,11.119],[76.03143,11.1176],[76.03121,11.11627],[76.03113,11.11398],[76.03047,11.11264],[76.03084,11.11201],[76.03143,11.111],[76.03251,11.1108],[76.03323,11.1098],[76.03413,11.10844],[76.03457,11.10847],[76.035,11.10879],[76.03494,11.10959],[76.03454,11.11088],[76.03531,11.11102],[76.0357,11.10959],[76.03623,11.1092],[76.03681,11.10878],[76.03825,11.10807],[76.03915,11.10746],[76.03911,11.10647],[76.04006,11.10547],[76.04016,11.10537],[76.04046,11.10458],[76.04109,11.1037],[76.04176,11.10287],[76.04254,11.10301],[76.0431,11.10245],[76.04371,11.10106],[76.04299,11.09989],[76.04252,11.09886],[76.04275,11.09855],[76.04315,11.09799],[76.04359,11.09714],[76.04345,11.09634],[76.04464,11.09364],[76.04494,11.09279],[76.04494,11.09173],[76.04564,11.09131],[76.04701,11.09085],[76.044,11.08683],[76.04253,11.08458],[76.03989,11.08489],[76.03718,11.08549],[76.03591,11.08596],[76.03367,11.08524],[76.03156,11.08536],[76.02941,11.08652]]]]}},{"type":"Feature","properties":{"name":"Ponnampete taluk","level":"6"},"geometry":{"type":"MultiPolygon","coordinates":[[[[75.80311,12.07833],[75.80471,12.07969],[75.80879,12.07933],[75.81523,12.07731],[75.82166,12.07566],[75.82776,12.07638],[75.83092,12.07412],[75.8346,12.07484],[75.83691,12.07211],[75.83888,12.07007],[75.84127,12.07049],[75.84345,12.0724],[75.84415,12.073],[75.84562,12.07082],[75.84644,12.07047],[75.84832,12.07102],[75.85304,12.07113],[75.85769,12.07142],[75.85913,12.07441],[75.85997,12.07732],[75.85995,12.08013],[75.86097,12.08543],[75.86111,12.09128],[75.86186,12.09721],[75.86226,12.10036],[75.8612,12.10229],[75.86148,12.10878],[75.861,12.11104],[75.859,12.11157],[75.86002,12.1141],[75.86055,12.11649],[75.86048,12.11922],[75.86346,12.12042],[75.86447,12.12314],[75.86607,12.1241],[75.86616,12.12562],[75.86552,12.12638],[75.86476,12.12709],[75.86445,12.1281],[75.86498,12.13291],[75.86941,12.13484],[75.87152,12.13613],[75.87285,12.13723],[75.87675,12.13661],[75.87959,12.13675],[75.8814,12.13735],[75.88353,12.13699],[75.884,12.13823],[75.88389,12.14],[75.88269,12.14226],[75.87976,12.14315],[75.87854,12.1449],[75.87593,12.14594],[75.87438,12.1471],[75.87008,12.14913],[75.86822,12.15084],[75.86966,12.15317],[75.86831,12.15601],[75.86995,12.15937],[75.87039,12.16068],[75.86951,12.16254],[75.86749,12.16434],[75.86798,12.16544],[75.86995,12.165],[75.86975,12.16784],[75.86828,12.17191],[75.86722,12.17395],[75.86551,12.17325],[75.86529,12.175],[75.86551,12.17579],[75.8653,12.17659],[75.86439,12.17663],[75.86421,12.17788],[75.86551,12.1787],[75.86722,12.17936],[75.86853,12.1798],[75.8707,12.17817],[75.87192,12.17828],[75.87276,12.1789],[75.87418,12.1791],[75.87522,12.1792],[75.87817,12.17956],[75.87917,12.18158],[75.87897,12.18388],[75.87883,12.18649],[75.88265,12.19029],[75.88326,12.18616],[75.88449,12.18324],[75.88821,12.18461],[75.8926,12.18587],[75.8941,12.188],[75.89472,12.1917],[75.89523,12.19605],[75.8994,12.19443],[75.90314,12.19388],[75.90538,12.1939],[75.90591,12.197],[75.91041,12.198],[75.91023,12.19942],[75.91103,12.20172],[75.91484,12.20396],[75.91287,12.20511],[75.9085,12.20762],[75.9072,12.20896],[75.90512,12.21061],[75.9035,12.21227],[75.91034,12.2083],[75.915,12.2093],[75.91664,12.21138],[75.92639,12.21971],[75.93937,12.23195],[75.94899,12.23596],[75.97581,12.26476],[75.99776,12.2894],[76.00957,12.28735],[76.01714,12.27338],[76.01715,12.27334],[76.01746,12.27226],[76.01735,12.27213],[76.01726,12.27202],[76.01669,12.27174],[76.01669,12.27174],[76.01665,12.27173],[76.01584,12.27138],[76.01477,12.2711],[76.01477,12.27107],[76.0147,12.27082],[76.01469,12.27012],[76.01486,12.26811],[76.0149,12.26789],[76.0151,12.26667],[76.01535,12.26567],[76.01574,12.26494],[76.0162,12.26407],[76.0162,12.26407],[76.01738,12.26238],[76.01771,12.26179],[76.01833,12.26063],[76.01867,12.25974],[76.01883,12.25932],[76.01921,12.25839],[76.01965,12.25733],[76.01984,12.25648],[76.02003,12.25559],[76.02033,12.25448],[76.02064,12.25378],[76.02116,12.25306],[76.02165,12.25239],[76.02284,12.25126],[76.02284,12.25126],[76.02354,12.25013],[76.02354,12.25013],[76.02425,12.24924],[76.02425,12.24924],[76.02468,12.24882],[76.02488,12.24868],[76.02497,12.24863],[76.0251,12.24855],[76.02529,12.24869],[76.02537,12.24881],[76.02556,12.24907],[76.0257,12.25001],[76.02573,12.25089],[76.0254,12.25125],[76.0254,12.25126],[76.0254,12.25126],[76.02583,12.25134],[76.02583,12.25134],[76.0272,12.25145],[76.02811,12.25164],[76.02868,12.25173],[76.02915,12.25183],[76.02975,12.25188],[76.02987,12.25189],[76.03003,12.25187],[76.03038,12.25199],[76.03087,12.25217],[76.03152,12.25208],[76.03223,12.25198],[76.03286,12.25171],[76.03322,12.25156],[76.0336,12.25126],[76.03675,12.25168],[76.03675,12.25168],[76.03711,12.25186],[76.03718,12.2519],[76.03889,12.25259],[76.0393,12.25255],[76.04025,12.25261],[76.04263,12.25126],[76.04305,12.25092],[76.04352,12.25065],[76.04372,12.25054],[76.04424,12.25039],[76.0447,12.2503],[76.04545,12.25026],[76.04585,12.25031],[76.04618,12.25004],[76.047,12.24938],[76.04761,12.24889],[76.04823,12.24866],[76.04831,12.24863],[76.04904,12.24845],[76.04931,12.24849],[76.04966,12.24838],[76.05023,12.24847],[76.05047,12.24852],[76.05093,12.24847],[76.05126,12.24806],[76.05133,12.24781],[76.05143,12.24746],[76.05159,12.24665],[76.05163,12.24661],[76.05187,12.24638],[76.05241,12.2463],[76.05241,12.2463],[76.05242,12.2463],[76.05357,12.24649],[76.0536,12.24649],[76.05458,12.24654],[76.05495,12.2467],[76.05602,12.24717],[76.05665,12.24758],[76.05692,12.24792],[76.05807,12.24833],[76.05951,12.24867],[76.06091,12.24897],[76.06216,12.249],[76.06224,12.24905],[76.06465,12.24758],[76.06597,12.24677],[76.06713,12.24544],[76.06791,12.24435],[76.06934,12.24273],[76.07007,12.24207],[76.07095,12.24159],[76.07149,12.24145],[76.07236,12.24101],[76.07326,12.24049],[76.07381,12.24009],[76.07391,12.23989],[76.074,12.23883],[76.074,12.23793],[76.07399,12.23756],[76.07394,12.23623],[76.07392,12.23567],[76.07394,12.23525],[76.074,12.23497],[76.07411,12.23471],[76.0745,12.2341],[76.0756,12.23267],[76.07617,12.23177],[76.0766,12.23122],[76.0775,12.23005],[76.07794,12.22947],[76.07843,12.2288],[76.07897,12.22799],[76.07938,12.22747],[76.08002,12.22651],[76.08069,12.22595],[76.08112,12.22562],[76.08143,12.22521],[76.08204,12.22425],[76.08234,12.22352],[76.08259,12.22294],[76.08278,12.2226],[76.08302,12.22205],[76.08333,12.22146],[76.08348,12.22111],[76.0837,12.22071],[76.08402,12.22032],[76.08477,12.21969],[76.0854,12.21921],[76.08589,12.21882],[76.08643,12.21845],[76.08796,12.21756],[76.08858,12.21729],[76.08923,12.21692],[76.08984,12.21657],[76.09063,12.21614],[76.09102,12.2158],[76.09183,12.21516],[76.09269,12.2143],[76.09318,12.21366],[76.09358,12.2131],[76.09394,12.2122],[76.09418,12.21141],[76.09438,12.21026],[76.0946,12.20924],[76.0948,12.20849],[76.09494,12.20816],[76.09519,12.2076],[76.09552,12.207],[76.09584,12.20651],[76.0966,12.20526],[76.09699,12.20462],[76.09728,12.20415],[76.09785,12.20326],[76.09815,12.20264],[76.09863,12.20181],[76.09922,12.20076],[76.09959,12.20011],[76.09987,12.19959],[76.1006,12.19847],[76.10113,12.1979],[76.10187,12.19721],[76.10253,12.19671],[76.10385,12.19637],[76.10525,12.19602],[76.10647,12.19552],[76.10742,12.19515],[76.10886,12.19461],[76.10983,12.19434],[76.11138,12.1939],[76.11432,12.19271],[76.1159,12.19188],[76.11706,12.1912],[76.11772,12.19089],[76.11875,12.19066],[76.11971,12.19065],[76.12129,12.19085],[76.12228,12.19116],[76.12391,12.19197],[76.12461,12.19218],[76.12569,12.19264],[76.12682,12.19335],[76.12775,12.19409],[76.12843,12.1945],[76.12876,12.19472],[76.12893,12.19477],[76.12925,12.19484],[76.12971,12.19477],[76.13011,12.19457],[76.13048,12.1943],[76.13082,12.19393],[76.13188,12.19278],[76.13268,12.19193],[76.13315,12.19155],[76.13328,12.19131],[76.13342,12.19075],[76.13349,12.19008],[76.13344,12.18984],[76.13349,12.1895],[76.13407,12.1888],[76.13436,12.18821],[76.13453,12.18788],[76.1346,12.18722],[76.13471,12.18674],[76.13484,12.18613],[76.13502,12.18526],[76.13522,12.1845],[76.13536,12.18351],[76.13539,12.18228],[76.13541,12.18159],[76.13548,12.18064],[76.13558,12.17988],[76.13566,12.17946],[76.13584,12.17875],[76.13603,12.17799],[76.13617,12.17754],[76.13643,12.17699],[76.13657,12.17657],[76.13679,12.17579],[76.13698,12.17501],[76.13705,12.17439],[76.13716,12.17381],[76.13731,12.17337],[76.13749,12.17312],[76.138,12.17271],[76.13821,12.17243],[76.13849,12.172],[76.13862,12.17157],[76.13883,12.17097],[76.13891,12.1706],[76.13914,12.17001],[76.13932,12.16979],[76.14024,12.16917],[76.14079,12.1687],[76.14126,12.1681],[76.1415,12.16757],[76.14161,12.16693],[76.1417,12.16635],[76.14169,12.16561],[76.14152,12.16451],[76.1415,12.16362],[76.14161,12.16338],[76.14194,12.16256],[76.1423,12.16183],[76.14255,12.16129],[76.14282,12.16088],[76.14307,12.16032],[76.1433,12.15929],[76.14346,12.1582],[76.14363,12.15623],[76.14381,12.15552],[76.14402,12.15491],[76.1442,12.15454],[76.14489,12.15348],[76.14587,12.15202],[76.14671,12.15107],[76.14747,12.15022],[76.14793,12.14949],[76.14842,12.14867],[76.14877,12.14744],[76.149,12.14654],[76.14928,12.1457],[76.14949,12.14493],[76.15001,12.14386],[76.15057,12.1432],[76.15123,12.1423],[76.15196,12.14138],[76.1527,12.14063],[76.15325,12.14025],[76.15376,12.14005],[76.15423,12.13984],[76.15487,12.13889],[76.15556,12.13795],[76.1565,12.13706],[76.15763,12.13621],[76.15902,12.13538],[76.15969,12.13492],[76.16046,12.13459],[76.16093,12.13431],[76.16155,12.13363],[76.16212,12.1325],[76.16248,12.13162],[76.16282,12.13072],[76.16307,12.13037],[76.16323,12.12992],[76.16339,12.12898],[76.16361,12.12817],[76.1642,12.12684],[76.16472,12.12596],[76.16593,12.12519],[76.16668,12.12388],[76.16668,12.12387],[76.1679,12.12266],[76.16818,12.12251],[76.16871,12.12188],[76.16895,12.12153],[76.16918,12.12117],[76.16959,12.12033],[76.16984,12.1198],[76.17013,12.11935],[76.17013,12.11935],[76.17057,12.119],[76.17057,12.119],[76.17094,12.11874],[76.17095,12.11809],[76.1708,12.11749],[76.17077,12.11662],[76.17099,12.11549],[76.17134,12.11433],[76.17145,12.11357],[76.17151,12.11262],[76.17146,12.11172],[76.17148,12.11084],[76.17165,12.1098],[76.17172,12.10935],[76.17181,12.10873],[76.17189,12.10761],[76.17192,12.10722],[76.17189,12.10625],[76.17189,12.10625],[76.17191,12.10619],[76.172,12.10593],[76.17254,12.10525],[76.17254,12.10525],[76.17361,12.1041],[76.17412,12.10367],[76.17412,12.10367],[76.17498,12.10255],[76.17529,12.10211],[76.17564,12.10161],[76.17621,12.10084],[76.17646,12.10013],[76.17659,12.09937],[76.17651,12.09837],[76.17626,12.09708],[76.17612,12.09614],[76.17607,12.09547],[76.17604,12.09501],[76.17594,12.09335],[76.17574,12.09155],[76.17538,12.0917],[76.17551,12.09133],[76.17553,12.09114],[76.17556,12.0908],[76.17552,12.09041],[76.17547,12.08997],[76.17529,12.08778],[76.17521,12.08676],[76.17518,12.08634],[76.17509,12.08508],[76.17518,12.08416],[76.17504,12.08287],[76.17496,12.08231],[76.17499,12.08135],[76.17506,12.0805],[76.17511,12.0799],[76.17513,12.07966],[76.17513,12.07966],[76.17538,12.0789],[76.17552,12.07777],[76.17566,12.0769],[76.17573,12.0764],[76.17578,12.07611],[76.17629,12.07534],[76.17641,12.07507],[76.17652,12.0748],[76.17678,12.07438],[76.17705,12.07371],[76.17734,12.07321],[76.17753,12.07245],[76.17768,12.072],[76.17784,12.07151],[76.17807,12.07069],[76.17834,12.06978],[76.17857,12.06914],[76.17857,12.06911],[76.17869,12.06821],[76.17887,12.06792],[76.17908,12.06757],[76.18041,12.06601],[76.18082,12.06534],[76.18159,12.06434],[76.1821,12.06368],[76.18218,12.06362],[76.18231,12.06352],[76.18263,12.0635],[76.18303,12.06337],[76.18335,12.06259],[76.18367,12.06167],[76.18377,12.06141],[76.18416,12.06034],[76.18435,12.05955],[76.18519,12.05795],[76.18558,12.05713],[76.18599,12.05588],[76.18645,12.05446],[76.18703,12.05345],[76.18792,12.05196],[76.18841,12.05136],[76.18895,12.05052],[76.18926,12.05004],[76.18893,12.04937],[76.1887,12.04836],[76.1884,12.04687],[76.18803,12.04506],[76.18765,12.04385],[76.18711,12.04246],[76.18619,12.04062],[76.1851,12.03837],[76.18443,12.03711],[76.1839,12.03589],[76.18374,12.03546],[76.18379,12.03481],[76.18385,12.0339],[76.18361,12.03335],[76.18278,12.03234],[76.18154,12.0317],[76.18028,12.03109],[76.17704,12.02956],[76.17595,12.02904],[76.17519,12.02884],[76.17427,12.02866],[76.17326,12.02841],[76.17242,12.02808],[76.17118,12.02758],[76.16901,12.02664],[76.16852,12.02631],[76.16835,12.02621],[76.16724,12.02629],[76.16627,12.02634],[76.16585,12.02634],[76.1645,12.02561],[76.16002,12.02348],[76.15691,12.022],[76.15552,12.02123],[76.15467,12.02074],[76.15435,12.02056],[76.15307,12.01998],[76.15204,12.01937],[76.15085,12.01837],[76.14964,12.01721],[76.14896,12.0161],[76.14865,12.01506],[76.14871,12.01317],[76.14836,12.01165],[76.14813,12.01096],[76.14786,12.01033],[76.14758,12.00981],[76.14717,12.00938],[76.14646,12.00874],[76.14481,12.00777],[76.14317,12.00702],[76.14263,12.0067],[76.14182,12.00598],[76.14077,12.00528],[76.14005,12.00489],[76.13956,12.00442],[76.13913,12.00389],[76.13865,12.00285],[76.13844,12.00169],[76.13848,12.00169],[76.13846,12.00156],[76.13838,12.00122],[76.13788,11.99875],[76.13664,11.99658],[76.13528,11.99484],[76.13464,11.99404],[76.13324,11.99321],[76.13277,11.9928],[76.13115,11.99047],[76.12923,11.98847],[76.12889,11.98768],[76.12829,11.98568],[76.12668,11.9846],[76.12451,11.98306],[76.12145,11.98249],[76.12057,11.9825],[76.1182,11.98277],[76.11765,11.98287],[76.11693,11.98269],[76.11581,11.98202],[76.11473,11.98077],[76.1141,11.97935],[76.11336,11.97897],[76.11255,11.97868],[76.10883,11.97729],[76.10439,11.97541],[76.09612,11.97005],[76.09392,11.9686],[76.09163,11.96807],[76.08966,11.96734],[76.08775,11.9676],[76.0851,11.96769],[76.08157,11.96853],[76.07856,11.96878],[76.07419,11.96827],[76.0706,11.96727],[76.06891,11.96547],[76.06799,11.96362],[76.06655,11.96293],[76.06178,11.96016],[76.05667,11.95681],[76.05388,11.95367],[76.05179,11.95158],[76.04962,11.95136],[76.04802,11.95192],[76.04472,11.95043],[76.04226,11.94595],[76.04029,11.94573],[76.03896,11.94502],[76.0377,11.9431],[76.03364,11.94009],[76.03185,11.9398],[76.02796,11.94096],[76.02726,11.94232],[76.02608,11.94345],[76.02207,11.944],[76.02056,11.94259],[76.01871,11.94203],[76.01618,11.94097],[76.01414,11.94154],[76.01288,11.94174],[76.0107,11.94084],[76.00987,11.93985],[76.00769,11.93912],[76.00659,11.93821],[76.00602,11.93696],[76.00539,11.93562],[76.00507,11.93495],[76.00451,11.93344],[76.00363,11.93121],[76.0013,11.93128],[75.99975,11.93125],[75.99874,11.93136],[75.99721,11.93196],[75.99435,11.93213],[75.99126,11.93398],[75.98704,11.93366],[75.98546,11.93307],[75.98257,11.93356],[75.98015,11.93415],[75.97846,11.93437],[75.97639,11.93408],[75.97394,11.93497],[75.97287,11.9354],[75.97153,11.93594],[75.97083,11.93643],[75.9697,11.93672],[75.96962,11.93674],[75.9691,11.93694],[75.96818,11.93706],[75.9672,11.93727],[75.96538,11.93825],[75.96231,11.93919],[75.95936,11.9404],[75.95786,11.94124],[75.95645,11.9416],[75.95501,11.94167],[75.95367,11.94165],[75.95289,11.94111],[75.9519,11.94083],[75.95078,11.94093],[75.9494,11.94146],[75.94796,11.94165],[75.94536,11.94142],[75.9383,11.94166],[75.93647,11.94277],[75.93635,11.94143],[75.93539,11.94117],[75.93406,11.94096],[75.93068,11.94089],[75.92932,11.94188],[75.9279,11.94277],[75.92628,11.94333],[75.92401,11.94371],[75.92223,11.94421],[75.91918,11.94476],[75.91674,11.945],[75.914,11.94376],[75.91109,11.94465],[75.90983,11.94428],[75.90349,11.94486],[75.90165,11.94552],[75.89974,11.94508],[75.89574,11.9475],[75.892,11.95013],[75.89046,11.95132],[75.887,11.95133],[75.88558,11.95145],[75.88416,11.95146],[75.8821,11.95087],[75.88042,11.95062],[75.87952,11.95068],[75.87802,11.95081],[75.8771,11.95136],[75.87598,11.95201],[75.87463,11.95261],[75.87278,11.95318],[75.87068,11.95335],[75.86918,11.95341],[75.86806,11.95425],[75.86776,11.95606],[75.86761,11.95704],[75.8662,11.95818],[75.86454,11.95883],[75.86253,11.95937],[75.86141,11.95963],[75.86019,11.95967],[75.8589,11.95982],[75.85785,11.96055],[75.85626,11.96326],[75.85557,11.9646],[75.85442,11.96578],[75.85326,11.96683],[75.85306,11.96806],[75.85294,11.97149],[75.85236,11.97251],[75.85083,11.97331],[75.84991,11.97426],[75.84942,11.9752],[75.84862,11.9761],[75.84817,11.97671],[75.84847,11.97778],[75.84852,11.97833],[75.84867,11.9799],[75.84815,11.98106],[75.84676,11.98207],[75.84549,11.98267],[75.84379,11.9828],[75.84186,11.98263],[75.84038,11.98288],[75.83925,11.98318],[75.83744,11.98314],[75.83626,11.98303],[75.83467,11.98332],[75.83298,11.98374],[75.83135,11.98461],[75.83053,11.98523],[75.82942,11.98616],[75.8288,11.98708],[75.82783,11.98868],[75.82601,11.99229],[75.82487,11.99506],[75.82444,11.99682],[75.82553,12.00041],[75.82571,12.00173],[75.82549,12.00295],[75.82474,12.00377],[75.82377,12.0041],[75.82277,12.00392],[75.82169,12.00371],[75.82083,12.00368],[75.82017,12.00471],[75.8206,12.00583],[75.82126,12.0069],[75.8224,12.00824],[75.823,12.01074],[75.82311,12.01168],[75.82298,12.01296],[75.82257,12.01405],[75.82139,12.01588],[75.81884,12.0184],[75.81228,12.02201],[75.81075,12.02356],[75.81034,12.02501],[75.81038,12.02975],[75.80996,12.03061],[75.80882,12.03172],[75.80661,12.03313],[75.8021,12.0363],[75.8015,12.03705],[75.80129,12.03746],[75.80105,12.03791],[75.80099,12.0393],[75.80094,12.04408],[75.80086,12.04534],[75.80057,12.04612],[75.7997,12.04849],[75.79942,12.04914],[75.79813,12.05218],[75.79603,12.05435],[75.79515,12.05529],[75.7944,12.05598],[75.79451,12.05672],[75.79534,12.0572],[75.79609,12.05728],[75.79742,12.05714],[75.79796,12.0573],[75.79845,12.05951],[75.79873,12.06404],[75.79974,12.06582],[75.80103,12.06893],[75.80146,12.07126],[75.80354,12.07462],[75.80418,12.07598],[75.8039,12.07705],[75.80311,12.07833]]]]}},{"type":"Feature","properties":{"name":"Saraguru taluk","level":"6"},"geometry":{"type":"MultiPolygon","coordinates":[[[[76.43692,12.1189],[76.43532,12.11372],[76.44317,12.09371],[76.45191,12.09191],[76.44989,12.08599],[76.4541,12.07975],[76.44989,12.07646],[76.43864,12.0758],[76.43398,12.06056],[76.44491,12.05035],[76.45031,12.05104],[76.4541,12.05625],[76.46754,12.05888],[76.47459,12.05494],[76.46461,12.04025],[76.47964,12.04162],[76.47392,12.03785],[76.46464,12.0304],[76.48115,12.02338],[76.49039,12.03209],[76.50837,12.03029],[76.50921,12.02486],[76.50282,12.0178],[76.50503,12.01152],[76.50654,12.00712],[76.50672,12.00704],[76.50322,12.00091],[76.48703,11.99873],[76.48921,11.98838],[76.50165,11.98328],[76.50064,11.96865],[76.49375,11.96257],[76.48989,11.94909],[76.47258,11.93873],[76.47426,11.92723],[76.48568,11.93627],[76.4882,11.93841],[76.49224,11.93314],[76.49224,11.90816],[76.50114,11.90174],[76.50081,11.89599],[76.48972,11.88727],[76.4793,11.88711],[76.47224,11.89155],[76.46434,11.88135],[76.4709,11.87593],[76.48955,11.87461],[76.4882,11.86343],[76.48938,11.85699],[76.48936,11.85672],[76.48922,11.85398],[76.48871,11.849],[76.48846,11.84621],[76.48825,11.84339],[76.48838,11.84161],[76.48846,11.8396],[76.48861,11.83739],[76.48897,11.83615],[76.48929,11.83455],[76.49015,11.83118],[76.49117,11.82766],[76.4918,11.82513],[76.49278,11.82208],[76.49226,11.82199],[76.49057,11.82178],[76.48744,11.82138],[76.48364,11.82093],[76.47974,11.82039],[76.47811,11.82022],[76.47609,11.82],[76.47415,11.81975],[76.47195,11.81944],[76.4701,11.81929],[76.46884,11.81912],[76.46863,11.81848],[76.46832,11.81732],[76.46794,11.8154],[76.46743,11.81369],[76.46679,11.81117],[76.4663,11.80928],[76.46599,11.80807],[76.46525,11.80496],[76.46478,11.8032],[76.46454,11.80257],[76.4643,11.8012],[76.46388,11.79937],[76.46329,11.79692],[76.46287,11.79514],[76.4622,11.79264],[76.46107,11.79241],[76.46041,11.79253],[76.45979,11.79271],[76.4592,11.79281],[76.45858,11.79299],[76.45803,11.79327],[76.45776,11.79392],[76.45755,11.79442],[76.45632,11.79514],[76.45493,11.79596],[76.45321,11.79709],[76.45137,11.79821],[76.44938,11.79946],[76.44886,11.79951],[76.44796,11.7996],[76.44713,11.79962],[76.44628,11.79964],[76.44477,11.79971],[76.44402,11.80001],[76.44347,11.80024],[76.44194,11.8007],[76.4398,11.80132],[76.43797,11.80184],[76.43579,11.80235],[76.43421,11.80261],[76.43201,11.803],[76.43085,11.80328],[76.42945,11.80367],[76.42825,11.80419],[76.42638,11.80481],[76.42527,11.8052],[76.42396,11.80565],[76.42216,11.8062],[76.42084,11.8068],[76.42017,11.80723],[76.41878,11.808],[76.41742,11.80889],[76.41635,11.80968],[76.41489,11.81077],[76.41315,11.81189],[76.41242,11.81169],[76.41189,11.81156],[76.41129,11.81147],[76.41068,11.81136],[76.40992,11.81123],[76.41009,11.81071],[76.41033,11.81012],[76.41069,11.80958],[76.41097,11.80908],[76.41133,11.80867],[76.41181,11.80828],[76.41221,11.80788],[76.41239,11.80774],[76.41281,11.80743],[76.41325,11.80713],[76.41349,11.80699],[76.41381,11.80688],[76.41438,11.80674],[76.41499,11.80669],[76.41556,11.80655],[76.4157,11.80653],[76.41606,11.80637],[76.41657,11.80612],[76.41718,11.80578],[76.41769,11.80548],[76.41835,11.80523],[76.41878,11.80491],[76.4191,11.80475],[76.41939,11.80448],[76.41944,11.8044],[76.41965,11.80403],[76.41978,11.80376],[76.42001,11.80342],[76.42028,11.80315],[76.42078,11.80285],[76.42104,11.80285],[76.42133,11.80299],[76.42161,11.80334],[76.42168,11.8035],[76.42188,11.80386],[76.42198,11.80408],[76.42225,11.80439],[76.42276,11.8046],[76.42299,11.80478],[76.42349,11.8048],[76.42404,11.80471],[76.42433,11.80462],[76.42466,11.80426],[76.42489,11.80387],[76.42497,11.80374],[76.42506,11.80355],[76.42528,11.80303],[76.42534,11.80263],[76.42537,11.80247],[76.42532,11.80206],[76.42529,11.80179],[76.42522,11.80103],[76.42506,11.80033],[76.4251,11.79977],[76.4251,11.79948],[76.42523,11.79916],[76.42553,11.79886],[76.42576,11.7987],[76.42608,11.79859],[76.42663,11.79834],[76.42713,11.79813],[76.4277,11.79784],[76.42779,11.7977],[76.42802,11.79734],[76.42818,11.79705],[76.42836,11.79673],[76.42853,11.79614],[76.42864,11.7959],[76.42873,11.79547],[76.42873,11.79526],[76.42866,11.79481],[76.42852,11.79456],[76.42831,11.79422],[76.42792,11.79382],[76.42737,11.79351],[76.42696,11.79335],[76.42664,11.79333],[76.42641,11.79336],[76.42602,11.79347],[76.42545,11.79384],[76.42497,11.79424],[76.42459,11.79474],[76.42426,11.79492],[76.42397,11.79515],[76.42328,11.79545],[76.4228,11.7956],[76.42233,11.79572],[76.42199,11.79572],[76.42185,11.79572],[76.42166,11.79566],[76.42143,11.79559],[76.42127,11.79546],[76.42117,11.7953],[76.42113,11.79505],[76.42115,11.79485],[76.42131,11.79439],[76.42172,11.79374],[76.42211,11.79326],[76.42252,11.79274],[76.42257,11.7926],[76.42263,11.79247],[76.42268,11.79231],[76.42274,11.79211],[76.42271,11.7915],[76.42262,11.7912],[76.42252,11.79089],[76.42244,11.79079],[76.42215,11.79039],[76.42171,11.78999],[76.42116,11.7897],[76.42052,11.78946],[76.41988,11.78937],[76.41917,11.78942],[76.41851,11.78947],[76.41791,11.78954],[76.41739,11.78968],[76.4167,11.78992],[76.4164,11.78986],[76.41614,11.78969],[76.41564,11.78935],[76.41516,11.7889],[76.41471,11.78858],[76.41454,11.78847],[76.41413,11.78831],[76.41353,11.78816],[76.41317,11.78805],[76.41301,11.78794],[76.41294,11.78775],[76.41294,11.78746],[76.41297,11.78729],[76.41302,11.78711],[76.41307,11.78697],[76.41323,11.78679],[76.4135,11.78665],[76.4138,11.78658],[76.41428,11.78642],[76.41496,11.78628],[76.41551,11.78612],[76.41597,11.78578],[76.41613,11.78556],[76.41629,11.78526],[76.41636,11.78493],[76.41636,11.78465],[76.41634,11.7844],[76.41624,11.78408],[76.4162,11.78395],[76.41595,11.78332],[76.41565,11.7828],[76.41526,11.78236],[76.41479,11.78179],[76.41445,11.78137],[76.41399,11.78072],[76.41383,11.78002],[76.41386,11.77935],[76.41394,11.77916],[76.41417,11.77873],[76.41434,11.77858],[76.41467,11.77828],[76.41522,11.77791],[76.41568,11.77773],[76.4165,11.77739],[76.417,11.77707],[76.41737,11.77678],[76.4175,11.77666],[76.41788,11.77648],[76.41817,11.77634],[76.41876,11.77609],[76.41942,11.776],[76.42004,11.7762],[76.42066,11.77645],[76.42121,11.77663],[76.42192,11.77689],[76.42249,11.77682],[76.4229,11.77625],[76.42292,11.77562],[76.42285,11.7752],[76.42276,11.77459],[76.42252,11.77394],[76.42233,11.77359],[76.4222,11.77335],[76.42209,11.77261],[76.422,11.77191],[76.42209,11.7713],[76.422,11.771],[76.42188,11.77055],[76.42165,11.77017],[76.42156,11.77002],[76.42114,11.76955],[76.42082,11.76928],[76.42066,11.76914],[76.42011,11.76894],[76.41995,11.76887],[76.41944,11.76865],[76.41882,11.76834],[76.41837,11.76813],[76.41777,11.76775],[76.41733,11.76726],[76.417,11.76663],[76.41686,11.76643],[76.41679,11.76586],[76.41678,11.76533],[76.41671,11.76467],[76.41637,11.76413],[76.41584,11.76362],[76.41555,11.76345],[76.41529,11.7633],[76.41502,11.76314],[76.41471,11.76297],[76.41439,11.7626],[76.41423,11.76242],[76.41402,11.76212],[76.41382,11.76182],[76.41375,11.76124],[76.4138,11.76083],[76.41383,11.76056],[76.41406,11.76006],[76.41503,11.75889],[76.41574,11.755],[76.41541,11.75634],[76.41524,11.75684],[76.41469,11.75765],[76.41365,11.75838],[76.4134,11.75866],[76.41129,11.75913],[76.40958,11.75875],[76.40876,11.75771],[76.40622,11.75686],[76.40533,11.7569],[76.40235,11.75365],[76.40074,11.7522],[76.39857,11.75152],[76.39601,11.75259],[76.39427,11.75402],[76.39349,11.75541],[76.39102,11.75454],[76.38639,11.7484],[76.38537,11.748],[76.3839,11.74661],[76.38103,11.74634],[76.37902,11.74512],[76.37652,11.74454],[76.37228,11.74642],[76.3689,11.74774],[76.367,11.74806],[76.36534,11.7477],[76.36238,11.74817],[76.36081,11.74682],[76.35919,11.74515],[76.35661,11.7433],[76.35526,11.74114],[76.35401,11.7395],[76.35274,11.73834],[76.35159,11.73801],[76.35032,11.7393],[76.3481,11.73945],[76.34359,11.73917],[76.34185,11.73825],[76.34034,11.73821],[76.33943,11.74049],[76.33707,11.74151],[76.33569,11.74406],[76.33161,11.7463],[76.33003,11.7477],[76.32718,11.74877],[76.32247,11.74937],[76.31994,11.75017],[76.31777,11.75129],[76.31661,11.75291],[76.31676,11.75456],[76.31468,11.75649],[76.31439,11.75757],[76.31434,11.76155],[76.31161,11.76774],[76.30839,11.7788],[76.30804,11.78299],[76.30751,11.78447],[76.30556,11.78591],[76.30411,11.78609],[76.30136,11.78559],[76.29369,11.79199],[76.29064,11.79253],[76.28807,11.79565],[76.2853,11.80011],[76.28271,11.8179],[76.28745,11.82498],[76.29896,11.82709],[76.30582,11.83416],[76.30603,11.84655],[76.31434,11.85238],[76.31916,11.85953],[76.31558,11.86995],[76.31114,11.87578],[76.29984,11.8814],[76.29962,11.89051],[76.30866,11.90246],[76.32491,11.90421],[76.3271,11.91799],[76.33497,11.92185],[76.32462,11.9236],[76.32455,11.92667],[76.31908,11.92659],[76.31799,11.92965],[76.31383,11.93432],[76.31668,11.94292],[76.31536,11.94751],[76.31442,11.95378],[76.31289,11.961],[76.32105,11.96814],[76.32134,11.97179],[76.32142,11.97879],[76.32185,11.98491],[76.32105,11.98906],[76.3279,11.98753],[76.33235,11.98498],[76.34248,11.98156],[76.35035,11.97674],[76.35546,11.97193],[76.36071,11.97478],[76.3618,11.97952],[76.35961,11.98513],[76.36027,11.9887],[76.36377,11.99089],[76.37288,11.99089],[76.3798,11.99038],[76.38899,11.99198],[76.39329,11.99584],[76.39322,11.9984],[76.38666,12.00226],[76.3801,12.00481],[76.37346,12.00496],[76.37208,12.00809],[76.37368,12.01188],[76.37769,12.01399],[76.38134,12.01924],[76.38688,12.02041],[76.39242,12.01932],[76.39515,12.01611],[76.39883,12.0223],[76.39898,12.03113],[76.40058,12.03441],[76.40248,12.03725],[76.40641,12.0441],[76.40729,12.04658],[76.40255,12.05037],[76.40182,12.05285],[76.40102,12.05766],[76.39934,12.06028],[76.39504,12.06305],[76.39234,12.06961],[76.39176,12.07326],[76.38833,12.07545],[76.3844,12.07625],[76.38134,12.07814],[76.38381,12.08332],[76.38804,12.08507],[76.3957,12.08478],[76.40029,12.08536],[76.40138,12.08791],[76.39861,12.09054],[76.39643,12.09382],[76.39599,12.09841],[76.39963,12.09877],[76.40379,12.09848],[76.40874,12.09797],[76.41436,12.09783],[76.41727,12.09826],[76.4188,12.10023],[76.41829,12.10446],[76.41574,12.10701],[76.41888,12.11065],[76.42515,12.11277],[76.42821,12.11466],[76.43098,12.11641],[76.43692,12.1189]]]]}}]}