transect_id,gctr_id,lat,lon,change_rate_m_per_yr,change_rate_std_err,r_squared,obs_start,obs_end,shore_type,coastal_type,sandy
cl48218s02tr00367831,8876185,20.250137,86.626493,2.0637393,0.44434682,0.4103186,1989-12-31,2022-12-31,sandy_gravel_or_small_boulder_sediments,dune,true
cl48218s02tr00367931,8899672,20.250479,86.627379,2.2460861,0.43200365,0.46581188,1989-12-31,2022-12-31,sandy_gravel_or_small_boulder_sediments,dune,true
cl48218s02tr00368031,8899671,20.250821,86.628266,2.3761606,0.4065779,0.5242171,1989-12-31,2022-12-31,sandy_gravel_or_small_boulder_sediments,dune,true
cl48218s02tr00368131,8899670,20.251163,86.629152,2.420528,0.3863526,0.5587262,1989-12-31,2022-12-31,sandy_gravel_or_small_boulder_sediments,dune,true
cl48218s02tr00368231,8899677,20.251505,86.630038,2.616862,0.36644217,0.62194073,1989-12-31,2022-12-31,sandy_gravel_or_small_boulder_sediments,dune,true
cl48218s02tr00368331,8899669,20.2519,86.631089,2.9388409,0.39508712,0.6409159,1989-12-31,2022-12-31,sandy_gravel_or_small_boulder_sediments,dune,true
cl48218s02tr00368431,8899636,20.252227,86.631981,3.070462,0.3807561,0.69158775,1989-12-31,2022-12-31,sandy_gravel_or_small_boulder_sediments,inlet,true
cl48218s02tr00368531,8899401,20.252554,86.632874,3.440943,0.37309843,0.732889,1989-12-31,2022-12-31,sandy_gravel_or_small_boulder_sediments,inlet,true
cl48218s02tr00368631,8899379,20.252881,86.633767,3.330591,0.36902544,0.7243398,1989-12-31,2022-12-31,sandy_gravel_or_small_boulder_sediments,inlet,true
cl48218s02tr00368731,8899400,20.253208,86.634659,3.5101376,0.35746875,0.7567122,1989-12-31,2022-12-31,sandy_gravel_or_small_boulder_sediments,inlet,true
cl48218s02tr00368831,8899399,20.253534,86.635552,3.7286115,0.33610868,0.79878634,1989-12-31,2022-12-31,sandy_gravel_or_small_boulder_sediments,inlet,true
cl48218s02tr00368931,8899398,20.253861,86.636445,3.8307528,0.34799033,0.796295,1989-12-31,2022-12-31,sandy_gravel_or_small_boulder_sediments,dune,true
cl48218s02tr00369031,8899397,20.254188,86.637338,4.038599,0.33246118,0.82639253,1989-12-31,2022-12-31,sandy_gravel_or_small_boulder_sediments,dune,true
cl48218s02tr00369131,8899396,20.254553,86.638355,3.9744961,0.33836696,0.8165367,1989-12-31,2022-12-31,sandy_gravel_or_small_boulder_sediments,dune,true
cl48218s02tr00369231,8899395,20.254868,86.639252,3.9654882,0.29710713,0.8517756,1989-12-31,2022-12-31,sandy_gravel_or_small_boulder_sediments,dune,true
cl48218s02tr00369331,8899394,20.255183,86.640149,4.160549,0.29439905,0.86563987,1989-12-31,2022-12-31,sandy_gravel_or_small_boulder_sediments,dune,true
cl48218s02tr00369431,8899404,20.255498,86.641047,4.2829127,0.3049004,0.8642233,1989-12-31,2022-12-31,sandy_gravel_or_small_boulder_sediments,dune,true
cl48218s02tr00369531,8899393,20.255813,86.641944,4.3204484,0.29530874,0.87707186,1989-12-31,2021-12-31,sandy_gravel_or_small_boulder_sediments,inlet,true
cl48218s02tr00369631,8899391,20.256129,86.642842,4.450999,0.25373667,0.9111677,1989-12-31,2022-12-31,sandy_gravel_or_small_boulder_sediments,inlet,true
cl48218s02tr00369731,8899390,20.256444,86.643739,4.4897666,0.23796318,0.9198929,1989-12-31,2022-12-31,sandy_gravel_or_small_boulder_sediments,inlet,true
cl48218s02tr00369831,8899402,20.256759,86.644636,4.728058,0.23467457,0.9290477,1989-12-31,2022-12-31,sandy_gravel_or_small_boulder_sediments,inlet,true
cl48218s02tr00369931,8899370,20.257112,86.645652,4.714319,0.22204176,0.93565583,1989-12-31,2022-12-31,sandy_gravel_or_small_boulder_sediments,dune,true
cl48218s02tr00370031,8899369,20.257416,86.646553,4.8096995,0.23649698,0.930275,1989-12-31,2022-12-31,sandy_gravel_or_small_boulder_sediments,dune,true
cl48218s02tr00370131,8899368,20.257721,86.647455,4.8216996,0.22765946,0.9353586,1989-12-31,2022-12-31,sandy_gravel_or_small_boulder_sediments,dune,true
cl48218s02tr00370231,8899378,20.258025,86.648357,5.0902514,0.21879388,0.9458291,1989-12-31,2022-12-31,sandy_gravel_or_small_boulder_sediments,dune,true
cl48218s02tr00370331,8899367,20.258329,86.649258,5.1352634,0.22666283,0.9430453,1989-12-31,2022-12-31,sandy_gravel_or_small_boulder_sediments,dune,true
cl48218s02tr00370431,8899376,20.258633,86.65016,5.210222,0.2235889,0.94599444,1989-12-31,2022-12-31,sandy_gravel_or_small_boulder_sediments,dune,true
cl48218s02tr00370531,8899365,20.258937,86.651062,5.126622,0.22522487,0.943546,1989-12-31,2022-12-31,sandy_gravel_or_small_boulder_sediments,dune,true
cl48218s02tr00370631,8899363,20.259241,86.651963,5.2300043,0.22248684,0.9468796,1989-12-31,2022-12-31,sandy_gravel_or_small_boulder_sediments,dune,true
cl48218s02tr00370731,8899362,20.259585,86.652989,5.253365,0.19027227,0.9609226,1989-12-31,2022-12-31,sandy_gravel_or_small_boulder_sediments,dune,true
cl48218s02tr00370831,8899361,20.259877,86.653895,5.3568215,0.20429371,0.95685756,1989-12-31,2022-12-31,sandy_gravel_or_small_boulder_sediments,dune,true
cl48218s02tr00370931,8899360,20.26017,86.654801,5.4892015,0.20869593,0.95711213,1989-12-31,2022-12-31,sandy_gravel_or_small_boulder_sediments,dune,true
cl48218s02tr00371031,8899359,20.260462,86.655707,5.6013317,0.17487206,0.9715906,1989-12-31,2022-12-31,sandy_gravel_or_small_boulder_sediments,dune,true
cl48218s02tr00371131,8899358,20.260755,86.656613,5.6700835,0.19814189,0.9646598,1989-12-31,2022-12-31,sandy_gravel_or_small_boulder_sediments,dune,true
cl48218s02tr00371231,8899356,20.261047,86.657519,5.9147105,0.22195673,0.9581713,1989-12-31,2022-12-31,sandy_gravel_or_small_boulder_sediments,dune,true
cl48218s02tr00371331,8899366,20.261339,86.658425,5.895101,0.24211207,0.9503091,1989-12-31,2022-12-31,sandy_gravel_or_small_boulder_sediments,dune,true
cl48218s02tr00371431,8899380,20.261632,86.659331,5.8561387,0.25326002,0.9451982,1989-12-31,2022-12-31,sandy_gravel_or_small_boulder_sediments,dune,true
cl48218s02tr00371531,8899371,20.261966,86.660409,5.8647394,0.27695206,0.935339,1989-12-31,2022-12-31,sandy_gravel_or_small_boulder_sediments,dune,true
cl48218s02tr00371631,8899372,20.262243,86.661321,5.7701254,0.29359195,0.92570615,1989-12-31,2022-12-31,sandy_gravel_or_small_boulder_sediments,dune,true
cl48218s02tr00371731,8899373,20.262519,86.662232,5.919371,0.30182928,0.9276441,1989-12-31,2022-12-31,sandy_gravel_or_small_boulder_sediments,dune,true
cl48218s02tr00371831,8899374,20.262796,86.663144,5.9381447,0.28483912,0.9374478,1989-12-31,2022-12-31,sandy_gravel_or_small_boulder_sediments,dune,true
cl48218s02tr00371931,8899375,20.263072,86.664055,5.758999,0.33177832,0.90671057,1989-12-31,2022-12-31,sandy_gravel_or_small_boulder_sediments,dune,true
cl48218s02tr00372031,8899392,20.263349,86.664967,5.7244945,0.34701473,0.8977341,1989-12-31,2022-12-31,sandy_gravel_or_small_boulder_sediments,dune,true
cl48218s02tr00372131,8899381,20.263699,86.666178,5.3257875,0.37800446,0.8649273,1989-12-31,2022-12-31,sandy_gravel_or_small_boulder_sediments,inlet,true
cl48218s02tr00372231,8899403,20.263947,86.667099,5.229156,0.38809085,0.854152,1989-12-31,2022-12-31,sandy_gravel_or_small_boulder_sediments,inlet,true
cl48218s02tr00372331,8899522,20.264196,86.668019,5.509662,0.34003896,0.89439195,1989-12-31,2022-12-31,sandy_gravel_or_small_boulder_sediments,inlet,true
cl48218s02tr00372431,8899382,20.264445,86.66894,5.9454865,0.32050344,0.9173597,1989-12-31,2022-12-31,sandy_gravel_or_small_boulder_sediments,inlet,true
cl48218s02tr00372531,8899383,20.264693,86.66986,5.887356,0.37689957,0.8872726,1989-12-31,2022-12-31,sandy_gravel_or_small_boulder_sediments,sediment_plain,true
cl48218s02tr00372631,8899384,20.26507,86.671694,5.83943,0.44363922,0.84822756,1989-12-31,2022-12-31,sandy_gravel_or_small_boulder_sediments,sediment_plain,true
cl48218s02tr00372731,8899385,20.265234,86.672635,6.1807785,0.3763756,0.89989215,1989-12-31,2021-12-31,sandy_gravel_or_small_boulder_sediments,sediment_plain,true
cl48218s02tr00372831,8899386,20.265477,86.674459,6.123211,0.38500875,0.89082193,1989-12-31,2022-12-31,sandy_gravel_or_small_boulder_sediments,sediment_plain,true
cl48218s02tr00372931,8899387,20.264685,86.671774,6.5087843,0.34858704,0.9207691,1989-12-31,2021-12-31,sandy_gravel_or_small_boulder_sediments,inlet,true
cl48218s02tr00373031,8899388,20.255878,86.667315,21.092562,3.5752316,0.74362093,1998-12-31,2022-12-31,sandy_gravel_or_small_boulder_sediments,sediment_plain,true
cl48218s02tr00373131,8899389,20.253646,86.668212,3.048237,0.93784237,0.5690637,2013-12-31,2022-12-31,sandy_gravel_or_small_boulder_sediments,sediment_plain,true
cl48218s02tr00373231,2051205,20.252789,86.66889,2.0960827,0.41690454,0.4491636,1989-12-31,2022-12-31,no_sediment_or_shore_platform,engineered_structures,false
cl48218s02tr00373331,2051476,20.252517,86.669239,-0.023375027,0.14407867,0.00084833556,1989-12-31,2022-12-31,no_sediment_or_shore_platform,engineered_structures,false
cl48218s02tr00373431,2051475,20.253082,86.668491,-0.21124354,0.12741289,0.083935365,1989-12-31,2022-12-31,no_sediment_or_shore_platform,engineered_structures,false
cl48218s02tr00373531,2051474,20.252921,86.668651,4.952134,0.48831746,0.79205865,1989-12-31,2018-12-31,no_sediment_or_shore_platform,engineered_structures,false
cl48218s02tr00373631,2051473,20.253324,86.667952,9.247688,0.98136115,0.79427385,1989-12-31,2014-12-31,no_sediment_or_shore_platform,engineered_structures,false
cl48218s02tr00373731,8876034,20.253786,86.667129,0.99801975,0.7227116,0.13712448,2001-12-31,2014-12-31,sandy_gravel_or_small_boulder_sediments,engineered_structures,true
cl48218s02tr00373831,2051472,20.254816,86.665548,0.842921,0.72039884,0.10240627,2001-12-31,2014-12-31,no_sediment_or_shore_platform,engineered_structures,false
cl48218s02tr00373931,8876337,20.256397,86.66367,1.9056965,0.7678304,0.33920512,2001-12-31,2014-12-31,sandy_gravel_or_small_boulder_sediments,inlet,true
cl48218s02tr00374031,2051471,20.25863,86.661839,2.0008578,0.7719274,0.3589267,2001-12-31,2014-12-31,no_sediment_or_shore_platform,engineered_structures,false
cl48218s02tr00374131,8876334,20.260924,86.660623,11.546206,1.7218486,0.7375607,1989-12-31,2012-12-31,sandy_gravel_or_small_boulder_sediments,sediment_plain,true
cl48218s02tr00374231,8876333,20.263006,86.659916,-22.596453,2.4105725,0.8625698,2007-12-31,2022-12-31,sandy_gravel_or_small_boulder_sediments,sediment_plain,true
cl48218s02tr00374331,8876332,20.263886,86.659698,3.349418,1.2159982,0.38735023,2001-12-31,2014-12-31,sandy_gravel_or_small_boulder_sediments,sediment_plain,true
cl48218s02tr00374431,2051470,20.265655,86.659402,6.156425,1.700858,0.521941,2001-12-31,2014-12-31,no_sediment_or_shore_platform,engineered_structures,false
cl48218s02tr00374531,2051469,20.267017,86.659241,2.3838148,1.0446244,0.3026275,2001-12-31,2014-12-31,no_sediment_or_shore_platform,engineered_structures,false
cl48218s02tr00374631,8876331,20.267917,86.659164,9.035397,0.88926667,0.84456277,1989-12-31,2014-12-31,sandy_gravel_or_small_boulder_sediments,inlet,true
cl48218s02tr00374731,8876335,20.269118,86.659079,7.4003344,0.82075006,0.7576846,1989-12-31,2018-12-31,sandy_gravel_or_small_boulder_sediments,engineered_structures,true
cl48218s02tr00374831,8876339,20.27002,86.659034,2.7277188,0.32092968,0.70657355,1989-12-31,2021-12-31,sandy_gravel_or_small_boulder_sediments,engineered_structures,true
cl48218s02tr00374931,8876347,20.271282,86.659014,0.48737916,0.09210099,0.5091181,1989-12-31,2021-12-31,sandy_gravel_or_small_boulder_sediments,engineered_structures,true
cl48218s02tr00375031,8876306,20.27258,86.659037,0.0026515457,0.20384003,5.6812664e-06,1989-12-31,2021-12-31,sandy_gravel_or_small_boulder_sediments,inlet,true
cl48218s02tr00375131,8876307,20.273798,86.6591,-0.028282572,0.17147677,0.0009372686,1989-12-31,2021-12-31,sandy_gravel_or_small_boulder_sediments,inlet,true
cl48218s02tr00375231,8876308,20.275279,86.65924,9.682143,0.8061291,0.91153574,1989-12-31,2021-12-31,sandy_gravel_or_small_boulder_sediments,inlet,true
cl48218s02tr00375331,2051468,20.276691,86.659465,5.029427,1.3077005,0.3539399,1989-12-31,2021-12-31,muddy_sediments,inlet,false
cl48218s02tr00375431,2051500,20.278737,86.660004,8.427027,0.65551615,0.927075,1989-12-31,2021-12-31,muddy_sediments,engineered_structures,false
cl48218s02tr00375531,8876380,20.284124,86.664167,0.071622826,0.13246478,0.009980394,1989-12-31,2022-12-31,sandy_gravel_or_small_boulder_sediments,inlet,true
cl48218s02tr00375631,8876379,20.285902,86.668207,-4.786656,1.2658997,0.3380253,1989-12-31,2022-12-31,sandy_gravel_or_small_boulder_sediments,inlet,true
cl48218s02tr00375731,8876378,20.286237,86.67208,-0.63877726,2.6515744,0.00822266,1992-12-31,2022-12-31,sandy_gravel_or_small_boulder_sediments,inlet,true
cl48218s02tr00375831,2051498,20.285611,86.675436,1.1229565,0.2029237,0.5606318,1989-12-31,2017-12-31,no_sediment_or_shore_platform,engineered_structures,false
cl48218s02tr00375931,2051497,20.284409,86.6782,1.1278769,0.42323187,0.18638946,1989-12-31,2022-12-31,no_sediment_or_shore_platform,inlet,false
cl48218s02tr00376031,2051496,20.282797,86.680514,0.035972018,0.100622974,0.004891418,1990-12-31,2022-12-31,no_sediment_or_shore_platform,engineered_structures,false
cl48218s02tr00376131,2051495,20.282171,86.681205,0.51070094,0.20654194,0.16929449,1989-12-31,2022-12-31,no_sediment_or_shore_platform,engineered_structures,false
cl48218s02tr00376231,2051499,20.279998,86.68304,0.1819519,0.16545407,0.038750157,1990-12-31,2022-12-31,muddy_sediments,wetland,false
cl48218s02tr00376331,2051501,20.277387,86.684439,0.453796,0.28336185,0.07641092,1989-12-31,2022-12-31,no_sediment_or_shore_platform,engineered_structures,false
cl48218s02tr00376431,2051505,20.276298,86.684871,0.21295281,0.16795291,0.05086271,1990-12-31,2022-12-31,muddy_sediments,engineered_structures,false
cl48218s02tr00376531,2051502,20.278064,86.68389,9.226232,0.79226077,0.8139439,1989-12-31,2022-12-31,no_sediment_or_shore_platform,engineered_structures,false
cl48218s02tr00376631,2051508,20.27914,86.682717,-9.508552,0.74497485,0.84888685,1989-12-31,2021-12-31,no_sediment_or_shore_platform,engineered_structures,false
cl48218s02tr00376731,2051507,20.280071,86.680588,-9.585578,1.0171046,0.7943103,1989-12-31,2014-12-31,no_sediment_or_shore_platform,inlet,false
cl48218s02tr00376831,2051506,20.280211,86.679796,-2.7374942,0.5231568,0.543475,1989-12-31,2014-12-31,no_sediment_or_shore_platform,inlet,false
cl48218s02tr00376931,8876395,20.280135,86.677116,-0.2625804,0.14092986,0.10690942,1989-12-31,2021-12-31,sandy_gravel_or_small_boulder_sediments,inlet,true
cl48218s02tr00377031,8876394,20.280381,86.678037,-0.17212796,0.086828105,0.1270584,1989-12-31,2021-12-31,sandy_gravel_or_small_boulder_sediments,inlet,true
cl48218s02tr00377131,8876393,20.280329,86.677937,-0.19121851,0.11587533,0.08584232,1989-12-31,2021-12-31,sandy_gravel_or_small_boulder_sediments,inlet,true
cl48218s02tr00377231,8876396,20.28067,86.678824,-0.25962204,0.12355352,0.13213748,1989-12-31,2021-12-31,sandy_gravel_or_small_boulder_sediments,inlet,true
cl48218s02tr00377331,8876392,20.281011,86.679711,-0.34015,0.17499304,0.11185652,1989-12-31,2021-12-31,sandy_gravel_or_small_boulder_sediments,inlet,true
cl48218s02tr00377431,8876391,20.281353,86.680597,-0.30550787,0.19357367,0.07666383,1989-12-31,2021-12-31,sandy_gravel_or_small_boulder_sediments,sediment_plain,true
cl48218s02tr00377531,8876390,20.281694,86.681484,-0.4913429,0.1973877,0.17118497,1989-12-31,2021-12-31,sandy_gravel_or_small_boulder_sediments,inlet,true
cl48218s02tr00377631,8876389,20.281926,86.682076,-0.5686388,0.2026629,0.21946241,1989-12-31,2021-12-31,sandy_gravel_or_small_boulder_sediments,sediment_plain,true
cl48218s02tr00377731,8876381,20.282295,86.68295,-0.62447023,0.23940171,0.20127982,1989-12-31,2021-12-31,sandy_gravel_or_small_boulder_sediments,inlet,true
cl48218s02tr00377831,8876382,20.282664,86.683825,-0.42360133,0.22158836,0.11544802,1989-12-31,2021-12-31,sandy_gravel_or_small_boulder_sediments,inlet,true
cl48218s02tr00377931,8876383,20.283032,86.684699,-0.06791069,0.20082693,0.003927459,1989-12-31,2021-12-31,sandy_gravel_or_small_boulder_sediments,sediment_plain,true
cl48218s02tr00378031,8876384,20.283401,86.685573,-0.24405356,0.15092759,0.08829273,1989-12-31,2021-12-31,sandy_gravel_or_small_boulder_sediments,inlet,true
cl48218s02tr00378131,8876310,20.28377,86.686447,-0.39414415,0.15806238,0.18171804,1989-12-31,2022-12-31,sandy_gravel_or_small_boulder_sediments,inlet,true
cl48218s02tr00378231,8876311,20.284139,86.687322,-0.2800849,0.14488664,0.13004135,1989-12-31,2021-12-31,sandy_gravel_or_small_boulder_sediments,inlet,true
cl48218s02tr00378331,8876312,20.284439,86.688006,-0.12234861,0.13434571,0.030912928,1989-12-31,2021-12-31,sandy_gravel_or_small_boulder_sediments,inlet,true
cl48218s02tr00378431,8876313,20.284825,86.688872,0.08673277,0.27042,0.003534761,1989-12-31,2022-12-31,sandy_gravel_or_small_boulder_sediments,inlet,true
cl48218s02tr00378531,8876326,20.285211,86.689738,0.09356137,0.20237568,0.0075756917,1989-12-31,2022-12-31,sandy_gravel_or_small_boulder_sediments,inlet,true
cl48218s02tr00378631,8876325,20.285597,86.690603,0.25056165,0.14903802,0.09168787,1989-12-31,2022-12-31,sandy_gravel_or_small_boulder_sediments,inlet,true
cl48218s02tr00378731,8876324,20.285984,86.691469,0.32068565,0.16200025,0.119038306,1989-12-31,2022-12-31,sandy_gravel_or_small_boulder_sediments,sediment_plain,true
cl48218s02tr00378831,8876323,20.28637,86.692335,0.26846784,0.15386811,0.0950028,1989-12-31,2022-12-31,sandy_gravel_or_small_boulder_sediments,sediment_plain,true
cl48218s02tr00378931,8876322,20.286756,86.693201,0.17630212,0.12357997,0.06776227,1989-12-31,2022-12-31,sandy_gravel_or_small_boulder_sediments,sediment_plain,true
cl48218s02tr00379031,8876321,20.287079,86.69392,0.23763634,0.11995776,0.12292691,1989-12-31,2022-12-31,sandy_gravel_or_small_boulder_sediments,sediment_plain,true
cl48218s02tr00379131,8876327,20.287479,86.694779,0.19283094,0.11898551,0.08049998,1989-12-31,2022-12-31,sandy_gravel_or_small_boulder_sediments,sediment_plain,true
cl48218s02tr00379231,8876309,20.287879,86.695637,0.2682327,0.094332516,0.21802081,1989-12-31,2022-12-31,sandy_gravel_or_small_boulder_sediments,sediment_plain,true
cl48218s02tr00379331,8876320,20.288278,86.696496,0.30990383,0.11109463,0.20596226,1989-12-31,2022-12-31,sandy_gravel_or_small_boulder_sediments,sediment_plain,true
cl48218s02tr00379431,8876318,20.288678,86.697355,0.38741004,0.103939705,0.3238903,1989-12-31,2022-12-31,sandy_gravel_or_small_boulder_sediments,sediment_plain,true
cl48218s02tr00379531,8876317,20.289078,86.698214,0.21224177,0.07048635,0.26614663,1989-12-31,2022-12-31,sandy_gravel_or_small_boulder_sediments,sediment_plain,true
cl48218s02tr00379631,8876316,20.289478,86.699073,0.22258013,0.107918784,0.12791964,1989-12-31,2022-12-31,sandy_gravel_or_small_boulder_sediments,sediment_plain,true
cl48218s02tr00379731,8876315,20.289878,86.699931,0.09573262,0.086213544,0.04367282,1989-12-31,2022-12-31,sandy_gravel_or_small_boulder_sediments,sediment_plain,true
cl48218s02tr00379831,8876314,20.290204,86.700601,0.22634804,0.096176066,0.1603657,1989-12-31,2022-12-31,sandy_gravel_or_small_boulder_sediments,sediment_plain,true
cl48218s02tr00379931,8876338,20.290622,86.701451,0.15717126,0.07461956,0.13677499,1989-12-31,2022-12-31,sandy_gravel_or_small_boulder_sediments,sediment_plain,true
cl48218s02tr00380031,8876354,20.291039,86.7023,0.12876177,0.08000376,0.08467755,1989-12-31,2022-12-31,sandy_gravel_or_small_boulder_sediments,sediment_plain,true
cl48218s02tr00380131,8876387,20.291456,86.70315,0.18104473,0.06961,0.18913758,1989-12-31,2022-12-31,sandy_gravel_or_small_boulder_sediments,sediment_plain,true
cl48218s02tr00380231,8876355,20.291873,86.704,0.14689381,0.059284948,0.17471303,1989-12-31,2022-12-31,sandy_gravel_or_small_boulder_sediments,sediment_plain,true
cl48218s02tr00380331,8876386,20.29229,86.704849,0.17055275,0.093026355,0.100754075,1989-12-31,2022-12-31,sandy_gravel_or_small_boulder_sediments,sediment_plain,true
cl48218s02tr00380431,8876385,20.292563,86.705403,0.026785571,0.013019262,0.14479671,1989-12-31,2022-12-31,sandy_gravel_or_small_boulder_sediments,sediment_plain,true
cl48218s02tr00380531,8876035,20.293007,86.706237,0.10369155,0.057196382,0.11222253,1989-12-31,2022-12-31,sandy_gravel_or_small_boulder_sediments,sediment_plain,true
cl48218s02tr00380631,8717133,20.293452,86.707071,0.2343558,0.09255858,0.17607057,1989-12-31,2022-12-31,sandy_gravel_or_small_boulder_sediments,sediment_plain,true
cl48218s02tr00380731,8717134,20.293897,86.707904,0.3163488,0.09161928,0.2843898,1989-12-31,2022-12-31,sandy_gravel_or_small_boulder_sediments,sediment_plain,true
cl48218s02tr00380831,8717135,20.294341,86.708738,0.17587249,0.09885451,0.09543775,1989-12-31,2022-12-31,sandy_gravel_or_small_boulder_sediments,sediment_plain,true
cl48218s02tr00380931,8717136,20.294212,86.708562,-0.11596068,0.050639823,0.18565881,1989-12-31,2020-12-31,sandy_gravel_or_small_boulder_sediments,sediment_plain,true
cl48218s02tr00381031,8717137,20.29475,86.709332,-0.0041171205,0.0063590817,0.02158591,1990-12-31,2020-12-31,sandy_gravel_or_small_boulder_sediments,sediment_plain,true
cl48218s02tr00381131,8717138,20.295288,86.710102,0.090106726,0.048885826,0.1516878,1990-12-31,2022-12-31,sandy_gravel_or_small_boulder_sediments,sediment_plain,true
cl48218s02tr00381231,8717132,20.287863,86.706478,0.28999045,0.16261196,0.09584794,1989-12-31,2022-12-31,sandy_gravel_or_small_boulder_sediments,sediment_plain,true
cl48218s02tr00381331,1950161,20.286391,86.706899,-0.019994365,0.049379747,0.005821369,1989-12-31,2020-12-31,rocky_shore_platform_or_large_boulders,bedrock_plain,false
cl48218s02tr00381431,1950163,20.286365,86.706912,0.102953695,0.07915011,0.065854296,1989-12-31,2022-12-31,rocky_shore_platform_or_large_boulders,bedrock_plain,false
cl48218s02tr00381531,1950158,20.285561,86.707475,-3.9078913,0.59979427,0.5859228,1989-12-31,2022-12-31,rocky_shore_platform_or_large_boulders,bedrock_plain,false
cl48218s02tr00381631,8717130,20.28668,86.706547,-2.8915446,0.35374933,0.6973308,1990-12-31,2022-12-31,sandy_gravel_or_small_boulder_sediments,bedrock_plain,true
cl48218s02tr00381731,8717129,20.287407,86.705979,-13.603763,0.7853005,0.9091147,1989-12-31,2022-12-31,sandy_gravel_or_small_boulder_sediments,sediment_plain,true
cl48218s02tr00381831,8717119,20.288134,86.70541,-14.164799,1.0548737,0.85735345,1989-12-31,2022-12-31,sandy_gravel_or_small_boulder_sediments,inlet,true
cl48218s02tr00381931,8717630,20.291182,86.70376,,,,,,sandy_gravel_or_small_boulder_sediments,inlet,true
cl48218s02tr00382031,8717629,20.292029,86.703427,,,,,,sandy_gravel_or_small_boulder_sediments,inlet,true
cl48218s02tr00382131,8717120,20.296481,86.702743,5.3243165,1.6149119,0.3410734,2000-12-31,2022-12-31,sandy_gravel_or_small_boulder_sediments,sediment_plain,true
cl48218s02tr00382231,8875795,20.297384,86.702789,7.7732496,1.2340721,0.6041151,1991-12-31,2022-12-31,sandy_gravel_or_small_boulder_sediments,sediment_plain,true
cl48218s02tr00382331,8875728,20.301821,86.704078,4.911562,0.7834236,0.56712973,1989-12-31,2022-12-31,sandy_gravel_or_small_boulder_sediments,sediment_plain,true
cl48218s02tr00382431,8875797,20.302629,86.704505,4.5720243,0.8303487,0.50263345,1989-12-31,2022-12-31,sandy_gravel_or_small_boulder_sediments,sediment_plain,true
cl48218s02tr00382531,8876164,20.305693,86.706856,4.000348,0.7778391,0.46855074,1989-12-31,2022-12-31,sandy_gravel_or_small_boulder_sediments,sediment_plain,true
cl48218s02tr00382631,8876177,20.306333,86.707531,3.4028378,0.7745517,0.3914941,1989-12-31,2022-12-31,sandy_gravel_or_small_boulder_sediments,sediment_plain,true
cl48218s02tr00382731,8876161,20.306973,86.708207,3.230734,0.7968401,0.35398325,1989-12-31,2022-12-31,sandy_gravel_or_small_boulder_sediments,sediment_plain,true
cl48218s02tr00382831,8876176,20.308652,86.710542,2.7929592,0.86917484,0.25605553,1989-12-31,2022-12-31,sandy_gravel_or_small_boulder_sediments,sediment_plain,true
cl48218s02tr00382931,8876141,20.309147,86.711343,2.7825701,0.9386114,0.22657724,1989-12-31,2022-12-31,sandy_gravel_or_small_boulder_sediments,sediment_plain,true
cl48218s02tr00383031,8875848,20.309643,86.712144,2.5244796,0.95285773,0.18960969,1989-12-31,2022-12-31,sandy_gravel_or_small_boulder_sediments,sediment_plain,true
cl48218s02tr00383131,8875849,20.310652,86.714121,2.2249572,0.969594,0.14931723,1989-12-31,2022-12-31,sandy_gravel_or_small_boulder_sediments,sediment_plain,true
cl48218s02tr00383231,8875850,20.311042,86.714985,2.0325212,0.94661427,0.13320471,1989-12-31,2022-12-31,sandy_gravel_or_small_boulder_sediments,sediment_plain,true
cl48218s02tr00383331,8875851,20.311431,86.71585,1.9397378,0.9442876,0.12331097,1989-12-31,2022-12-31,sandy_gravel_or_small_boulder_sediments,inlet,true
cl48218s02tr00383431,8875852,20.31182,86.716714,1.8344562,0.9608357,0.108341224,1989-12-31,2022-12-31,sandy_gravel_or_small_boulder_sediments,inlet,true
cl48218s02tr00383531,8875853,20.312453,86.718366,0.9414494,0.80528235,0.0465415,1990-12-31,2022-12-31,sandy_gravel_or_small_boulder_sediments,inlet,true
cl48218s02tr00383631,8875855,20.312771,86.719263,0.92408156,0.7549284,0.05079374,1990-12-31,2022-12-31,sandy_gravel_or_small_boulder_sediments,inlet,true
cl48218s02tr00383731,8875862,20.313089,86.720159,1.3818493,0.60795164,0.16576679,1990-12-31,2022-12-31,sandy_gravel_or_small_boulder_sediments,inlet,true
cl48218s02tr00383831,8875856,20.313406,86.721056,0.8860629,0.6926162,0.057150807,1990-12-31,2022-12-31,sandy_gravel_or_small_boulder_sediments,inlet,true
cl48218s02tr00383931,8875857,20.313784,86.722133,0.46468258,0.7952287,0.011637173,1990-12-31,2022-12-31,sandy_gravel_or_small_boulder_sediments,inlet,true
cl48218s02tr00384031,8875858,20.314084,86.723036,1.1018223,0.81063765,0.05800895,1989-12-31,2022-12-31,sandy_gravel_or_small_boulder_sediments,inlet,true
cl48218s02tr00384131,8875859,20.314385,86.723939,0.6986225,0.78058016,0.026006652,1989-12-31,2022-12-31,sandy_gravel_or_small_boulder_sediments,inlet,true
cl48218s02tr00384231,8875860,20.314686,86.724843,0.7756608,0.78548074,0.032532033,1989-12-31,2022-12-31,sandy_gravel_or_small_boulder_sediments,dune,true
cl48218s02tr00384331,8875861,20.314872,86.725395,1.0932992,0.79060113,0.061863054,1989-12-31,2022-12-31,sandy_gravel_or_small_boulder_sediments,dune,true
cl48218s02tr00384431,8875942,20.315206,86.726285,1.2581697,0.8662514,0.0678105,1989-12-31,2022-12-31,sandy_gravel_or_small_boulder_sediments,dune,true
cl48218s02tr00384531,8876121,20.315539,86.727175,2.6597185,1.0174823,0.2146538,1989-12-31,2022-12-31,sandy_gravel_or_small_boulder_sediments,dune,true
cl48218s02tr00384631,8875879,20.315873,86.728065,0.5180248,1.176436,0.006641714,1989-12-31,2022-12-31,sandy_gravel_or_small_boulder_sediments,dune,true
cl48218s02tr00384731,8876123,20.316059,86.728491,0.104207255,1.1478271,0.00029421615,1989-12-31,2022-12-31,sandy_gravel_or_small_boulder_sediments,inlet,true
cl48218s02tr00384831,8876142,20.316435,86.729362,-1.5390579,1.130308,0.062103126,1989-12-31,2022-12-31,sandy_gravel_or_small_boulder_sediments,inlet,true
cl48218s02tr00384931,8876174,20.316811,86.730233,-1.6820141,1.1562477,0.06800969,1989-12-31,2022-12-31,sandy_gravel_or_small_boulder_sediments,dune,true
cl48218s02tr00385031,8876143,20.316967,86.730558,1.9429127,1.3061544,0.121490896,1989-12-31,2022-12-31,sandy_gravel_or_small_boulder_sediments,dune,true
cl48218s02tr00385131,8876131,20.317393,86.731402,-1.0186979,0.9033283,0.046632253,1989-12-31,2022-12-31,sandy_gravel_or_small_boulder_sediments,dune,true
cl48218s02tr00385231,8876130,20.317819,86.732247,1.3031847,0.96661794,0.122666016,1989-12-31,2011-12-31,sandy_gravel_or_small_boulder_sediments,dune,true
cl48218s02tr00385331,8876129,20.317988,86.732561,-0.5630116,1.2070336,0.011321262,1989-12-31,2022-12-31,sandy_gravel_or_small_boulder_sediments,dune,true
cl48218s02tr00385431,8876128,20.318462,86.733376,-0.5904601,0.82171965,0.026456797,1989-12-31,2022-12-31,sandy_gravel_or_small_boulder_sediments,dune,true
cl48218s02tr00385531,8876127,20.318937,86.734191,-0.6756369,0.67056674,0.05072042,1989-12-31,2022-12-31,sandy_gravel_or_small_boulder_sediments,dune,true
cl48218s02tr00385631,8876126,20.319138,86.734531,-1.3307189,0.80056417,0.1269585,1989-12-31,2022-12-31,sandy_gravel_or_small_boulder_sediments,dune,true
cl48218s02tr00385731,8876125,20.319656,86.735316,-1.1065116,0.8108493,0.08926285,1989-12-31,2022-12-31,sandy_gravel_or_small_boulder_sediments,sediment_plain,true
cl48218s02tr00385831,8876124,20.320175,86.7361,-1.134159,0.8616981,0.083558045,1989-12-31,2022-12-31,sandy_gravel_or_small_boulder_sediments,sediment_plain,true
cl48218s02tr00385931,8876147,20.320448,86.736528,-1.4946392,0.96592784,0.11191395,1989-12-31,2022-12-31,sandy_gravel_or_small_boulder_sediments,dune,true
cl48218s02tr00386031,8876156,20.321,86.737287,0.070092596,0.71169543,0.001076532,1996-12-31,2018-12-31,sandy_gravel_or_small_boulder_sediments,dune,true
cl48218s02tr00386131,8876157,20.321552,86.738045,-2.785686,0.81504816,0.35743415,1989-12-31,2021-12-31,sandy_gravel_or_small_boulder_sediments,dune,true
cl48218s02tr00386231,8876158,20.322104,86.738803,-1.0226084,0.78807473,0.060821615,1989-12-31,2021-12-31,sandy_gravel_or_small_boulder_sediments,dune,true
cl48218s02tr00386331,8876169,20.322444,86.739256,-2.1925678,0.728591,0.25833037,1989-12-31,2021-12-31,sandy_gravel_or_small_boulder_sediments,dune,true
cl48218s02tr00386431,8876170,20.323024,86.73999,-3.00979,0.5716028,0.506631,1989-12-31,2021-12-31,sandy_gravel_or_small_boulder_sediments,dune,true
cl48218s02tr00386531,8876171,20.323604,86.740725,-6.2152023,0.9770687,0.59102124,1989-12-31,2021-12-31,sandy_gravel_or_small_boulder_sediments,dune,true
cl48218s02tr00386631,8876172,20.324184,86.741459,-7.3515196,1.104674,0.6126604,1989-12-31,2021-12-31,sandy_gravel_or_small_boulder_sediments,dune,true
cl48218s02tr00386731,8876145,20.324861,86.74233,-8.181938,1.1575063,0.6327485,1989-12-31,2021-12-31,sandy_gravel_or_small_boulder_sediments,dune,true
cl48218s02tr00386831,8876136,20.325428,86.743075,-4.951854,0.8624424,0.53200686,1989-12-31,2021-12-31,sandy_gravel_or_small_boulder_sediments,sediment_plain,true
cl48218s02tr00386931,8876137,20.325996,86.74382,-5.619789,0.84665686,0.6030553,1989-12-31,2021-12-31,sandy_gravel_or_small_boulder_sediments,sediment_plain,true
cl48218s02tr00387031,8876138,20.326563,86.744566,-6.4859943,0.8421368,0.6716418,1989-12-31,2021-12-31,sandy_gravel_or_small_boulder_sediments,dune,true
cl48218s02tr00387131,8876139,20.327131,86.745311,-2.147562,1.5292827,0.06367152,1989-12-31,2021-12-31,sandy_gravel_or_small_boulder_sediments,sediment_plain,true
cl48218s02tr00387231,8876140,20.327883,86.746367,-7.5729513,0.7672895,0.77059114,1989-12-31,2021-12-31,sandy_gravel_or_small_boulder_sediments,sediment_plain,true
cl48218s02tr00387331,8876154,20.328423,86.747134,-8.622378,0.76852006,0.81275374,1989-12-31,2021-12-31,sandy_gravel_or_small_boulder_sediments,sediment_plain,true
cl48218s02tr00387431,8876153,20.328963,86.747902,-9.733475,0.8044473,0.83466345,1989-12-31,2021-12-31,sandy_gravel_or_small_boulder_sediments,sediment_plain,true
cl48218s02tr00387531,8876135,20.329504,86.74867,-10.386726,0.64474213,0.9026184,1989-12-31,2021-12-31,sandy_gravel_or_small_boulder_sediments,sediment_plain,true
cl48218s02tr00387631,8876152,20.330204,86.749675,-14.289021,0.87513596,0.9049546,1989-12-31,2021-12-31,sandy_gravel_or_small_boulder_sediments,sediment_plain,true
cl48218s02tr00387731,8876150,20.330722,86.75046,-7.4796486,1.4336755,0.49292153,1989-12-31,2021-12-31,sandy_gravel_or_small_boulder_sediments,sediment_plain,true
cl48218s02tr00387831,8876149,20.33124,86.751245,-11.358176,0.8534126,0.8635031,1989-12-31,2021-12-31,sandy_gravel_or_small_boulder_sediments,sediment_plain,true
cl48218s02tr00387931,8876155,20.331758,86.752029,-10.986459,0.87902915,0.84342104,1989-12-31,2021-12-31,sandy_gravel_or_small_boulder_sediments,sediment_plain,true
cl48218s02tr00388031,8876148,20.332277,86.752814,-11.248853,0.9528528,0.8277588,1989-12-31,2021-12-31,sandy_gravel_or_small_boulder_sediments,sediment_plain,true
cl48218s02tr00388131,8876146,20.332795,86.753599,-7.4869666,1.4475152,0.47984457,1989-12-31,2021-12-31,sandy_gravel_or_small_boulder_sediments,sediment_plain,true
cl48218s02tr00388231,8876144,20.333438,86.75462,-7.844272,1.5184109,0.47924754,1989-12-31,2021-12-31,sandy_gravel_or_small_boulder_sediments,dune,true
cl48218s02tr00388331,8876151,20.333935,86.75542,-9.394779,1.2158504,0.6730748,1989-12-31,2021-12-31,sandy_gravel_or_small_boulder_sediments,dune,true
cl48218s02tr00388431,8876134,20.334432,86.756221,-15.611064,0.57215977,0.96375126,1989-12-31,2021-12-31,sandy_gravel_or_small_boulder_sediments,dune,true
cl48218s02tr00388531,8872406,20.334929,86.757021,-15.758285,0.56736946,0.9649742,1989-12-31,2021-12-31,sandy_gravel_or_small_boulder_sediments,dune,true
cl48218s02tr00388631,8872407,20.335426,86.757821,-11.071471,1.028401,0.80542123,1989-12-31,2021-12-31,sandy_gravel_or_small_boulder_sediments,dune,true
cl48218s02tr00388731,8872405,20.336048,86.758854,-9.479894,1.1186997,0.7123278,1989-12-31,2021-12-31,sandy_gravel_or_small_boulder_sediments,dune,true
cl48218s02tr00388831,8872335,20.336524,86.759668,-10.005941,1.0352492,0.7631049,1989-12-31,2021-12-31,sandy_gravel_or_small_boulder_sediments,dune,true
cl48218s02tr00388931,8872412,20.337,86.760483,-9.781993,1.0206445,0.76004416,1989-12-31,2021-12-31,sandy_gravel_or_small_boulder_sediments,dune,true
cl48218s02tr00389031,8872337,20.337475,86.761297,-9.300949,1.0104086,0.7450203,1989-12-31,2021-12-31,sandy_gravel_or_small_boulder_sediments,dune,true
cl48218s02tr00389131,8872336,20.337951,86.762112,-5.689184,1.5373992,0.3207458,1989-12-31,2021-12-31,sandy_gravel_or_small_boulder_sediments,dune,true
cl48218s02tr00389231,8872317,20.338552,86.763163,-9.16854,1.0633756,0.719375,1989-12-31,2021-12-31,sandy_gravel_or_small_boulder_sediments,dune,true
cl48218s02tr00389331,8872318,20.339006,86.763992,-10.175331,0.9135936,0.82124925,1989-12-31,2021-12-31,sandy_gravel_or_small_boulder_sediments,dune,true
cl48218s02tr00389431,8872319,20.339459,86.76482,-13.910918,0.5110571,0.96233386,1988-12-31,2021-12-31,sandy_gravel_or_small_boulder_sediments,inlet,true
cl48218s02tr00389531,8872320,20.339913,86.765649,-13.308774,0.47162256,0.96838206,1988-12-31,2021-12-31,sandy_gravel_or_small_boulder_sediments,dune,true
cl48218s02tr00389631,8872321,20.340367,86.766477,-14.508261,0.6166639,0.95844305,1988-12-31,2020-12-31,sandy_gravel_or_small_boulder_sediments,dune,true
cl48218s02tr00389731,8872322,20.340975,86.767631,-12.954177,0.44854638,0.97316456,1988-12-31,2022-12-31,sandy_gravel_or_small_boulder_sediments,dune,true
cl48218s02tr00389831,8876133,20.341399,86.768478,-12.751874,0.40166035,0.9748532,1988-12-31,2022-12-31,sandy_gravel_or_small_boulder_sediments,dune,true
cl48218s02tr00389931,8876132,20.341823,86.769324,-12.142647,0.64544207,0.9490515,1998-12-31,2022-12-31,sandy_gravel_or_small_boulder_sediments,dune,true
cl48218s02tr00390031,8876173,20.342246,86.77017,-10.803357,0.59570384,0.9373031,1996-12-31,2022-12-31,sandy_gravel_or_small_boulder_sediments,dune,true
cl48218s02tr00390131,8875877,20.342894,86.7715,-11.412314,0.5385845,0.9512705,1996-12-31,2022-12-31,sandy_gravel_or_small_boulder_sediments,sediment_plain,true
cl48218s02tr00390231,8875876,20.343272,86.77237,-12.271771,0.47938278,0.95902324,1991-12-31,2022-12-31,sandy_gravel_or_small_boulder_sediments,sediment_plain,true
cl48218s02tr00390331,8875875,20.34365,86.77324,-11.916283,0.53537995,0.9465038,1991-12-31,2022-12-31,sandy_gravel_or_small_boulder_sediments,sediment_plain,true
cl48218s02tr00390431,8875874,20.344028,86.77411,0.28973246,1.7247999,0.0013420167,1995-12-31,2022-12-31,sandy_gravel_or_small_boulder_sediments,inlet,true
cl48218s02tr00390531,8875880,20.343947,86.773982,-10.60113,0.6231815,0.92637277,1996-12-31,2022-12-31,sandy_gravel_or_small_boulder_sediments,sediment_plain,true
cl48218s02tr00390631,8875865,20.344418,86.7748,-11.546042,0.5325198,0.9437869,1991-12-31,2022-12-31,sandy_gravel_or_small_boulder_sediments,inlet,true
cl48218s02tr00390731,8875873,20.344888,86.775618,-11.469175,0.5163791,0.94629,1991-12-31,2022-12-31,sandy_gravel_or_small_boulder_sediments,inlet,true
cl48218s02tr00390831,8875870,20.344654,86.775324,-11.5213375,0.86187303,0.8645365,1991-12-31,2022-12-31,sandy_gravel_or_small_boulder_sediments,sediment_plain,true
cl48218s02tr00390931,8875869,20.345228,86.776064,-3.1137075,2.629881,0.06257496,1995-12-31,2022-12-31,sandy_gravel_or_small_boulder_sediments,sediment_plain,true
cl48218s02tr00391031,8875868,20.345801,86.776804,-10.744403,0.5533527,0.930867,1991-12-31,2022-12-31,sandy_gravel_or_small_boulder_sediments,sediment_plain,true
cl48218s02tr00391131,8875867,20.346375,86.777545,-10.694713,0.58250785,0.92584074,1991-12-31,2022-12-31,sandy_gravel_or_small_boulder_sediments,sediment_plain,true
cl48218s02tr00391231,8872323,20.346948,86.778285,-10.119804,0.5893546,0.9218367,1991-12-31,2021-12-31,sandy_gravel_or_small_boulder_sediments,inlet,true
cl48218s02tr00391331,8872324,20.347136,86.77848,-9.377278,0.45935494,0.9434046,1991-12-31,2022-12-31,sandy_gravel_or_small_boulder_sediments,inlet,true
cl48218s02tr00391431,8872325,20.347758,86.779175,-9.349305,0.52555066,0.93777186,1991-12-31,2022-12-31,sandy_gravel_or_small_boulder_sediments,inlet,true
cl48218s02tr00391531,8872326,20.348379,86.779871,-9.307091,0.53616995,0.9233873,1991-12-31,2019-12-31,sandy_gravel_or_small_boulder_sediments,inlet,true
cl48218s02tr00391631,8872316,20.349001,86.780566,-14.6389475,1.268591,0.8366432,1991-12-31,2020-12-31,sandy_gravel_or_small_boulder_sediments,sediment_plain,true
cl48218s02tr00391731,8872327,20.349622,86.781262,-8.852339,0.39860535,0.95359695,1988-12-31,2018-12-31,sandy_gravel_or_small_boulder_sediments,inlet,true
cl48218s02tr00391831,8872328,20.34995,86.781625,-9.817945,0.5095391,0.9275483,1988-12-31,2022-12-31,sandy_gravel_or_small_boulder_sediments,inlet,true
cl48218s02tr00391931,8872329,20.350602,86.782289,-8.847463,0.53393555,0.9134989,1991-12-31,2019-12-31,sandy_gravel_or_small_boulder_sediments,sediment_plain,true
cl48218s02tr00392031,8872330,20.351254,86.782952,-8.821889,0.4347365,0.9384665,1988-12-31,2019-12-31,sandy_gravel_or_small_boulder_sediments,sediment_plain,true
cl48218s02tr00392131,8872331,20.351906,86.783616,-9.436985,0.5268658,0.91710114,1988-12-31,2022-12-31,sandy_gravel_or_small_boulder_sediments,sediment_plain,true
cl48218s02tr00392231,8716325,20.352558,86.784279,-10.062203,0.52070767,0.9279361,1988-12-31,2022-12-31,sandy_gravel_or_small_boulder_sediments,sediment_plain,true
cl48218s02tr00392331,8716078,20.35321,86.784942,-8.850024,0.5704535,0.89246696,1988-12-31,2022-12-31,sandy_gravel_or_small_boulder_sediments,sediment_plain,true
cl48218s02tr00392431,8716324,20.353622,86.785366,-7.6133018,0.46930453,0.9132457,1988-12-31,2019-12-31,sandy_gravel_or_small_boulder_sediments,sediment_plain,true
cl48218s02tr00392531,8716323,20.354296,86.786004,-7.332719,0.51191247,0.88371176,1988-12-31,2020-12-31,sandy_gravel_or_small_boulder_sediments,sediment_plain,true
cl48218s02tr00392631,8716322,20.354971,86.786641,-7.9826627,0.49726388,0.9051648,1992-12-31,2022-12-31,sandy_gravel_or_small_boulder_sediments,sediment_plain,true
cl48218s02tr00392731,8716321,20.355645,86.787279,-8.277914,0.37638,0.948991,1993-12-31,2022-12-31,sandy_gravel_or_small_boulder_sediments,sediment_plain,true
cl48218s02tr00392831,8716335,20.356319,86.787917,-8.338582,0.38286784,0.946144,1993-12-31,2022-12-31,sandy_gravel_or_small_boulder_sediments,sediment_plain,true
cl48218s02tr00392931,8716381,20.356994,86.788555,-8.484781,0.352143,0.95555955,1993-12-31,2022-12-31,sandy_gravel_or_small_boulder_sediments,sediment_plain,true
cl48218s02tr00393031,8716333,20.357668,86.789193,-7.6916356,0.34304228,0.9526281,1993-12-31,2020-12-31,sandy_gravel_or_small_boulder_sediments,sediment_plain,true
cl48218s02tr00393131,8715709,20.358084,86.789566,-8.15343,0.36250445,0.94933265,1993-12-31,2022-12-31,sandy_gravel_or_small_boulder_sediments,sediment_plain,true
cl48218s02tr00393231,8715697,20.358782,86.790175,-7.4465246,0.43494207,0.912805,1989-12-31,2022-12-31,sandy_gravel_or_small_boulder_sediments,sediment_plain,true
cl48218s02tr00393331,8715698,20.359479,86.790784,-7.2195168,0.41383368,0.91851366,1989-12-31,2022-12-31,sandy_gravel_or_small_boulder_sediments,wetland,true
cl48218s02tr00393431,8715721,20.360177,86.791393,-6.9144726,0.37173483,0.92761016,1989-12-31,2022-12-31,sandy_gravel_or_small_boulder_sediments,sediment_plain,true
cl48218s02tr00393531,1949559,20.360875,86.792002,-6.409635,0.39182705,0.90834874,1989-12-31,2022-12-31,muddy_sediments,wetland,false
cl48218s02tr00393631,8715699,20.361572,86.792611,-5.9100485,0.40667915,0.8866463,1989-12-31,2022-12-31,sandy_gravel_or_small_boulder_sediments,wetland,true
cl48218s02tr00393731,8715700,20.361964,86.792956,-6.1142225,0.3463272,0.9257456,1994-12-31,2022-12-31,sandy_gravel_or_small_boulder_sediments,wetland,true
cl48218s02tr00393831,8715708,20.362686,86.793532,6.2192435,1.491406,0.41022927,1994-12-31,2022-12-31,sandy_gravel_or_small_boulder_sediments,wetland,true
cl48218s02tr00393931,8715701,20.363408,86.794108,-5.611405,0.60909235,0.84981143,1995-12-31,2012-12-31,sandy_gravel_or_small_boulder_sediments,wetland,true
cl48218s02tr00394031,8715702,20.36413,86.794685,-5.1615934,0.5092617,0.8580106,1995-12-31,2014-12-31,sandy_gravel_or_small_boulder_sediments,wetland,true
cl48218s02tr00394131,8715703,20.364852,86.795261,-4.752813,0.38383633,0.8598055,1995-12-31,2022-12-31,sandy_gravel_or_small_boulder_sediments,sediment_plain,true
cl48218s02tr00394231,8715704,20.365574,86.795837,-4.8296957,0.35920122,0.8828043,1996-12-31,2022-12-31,sandy_gravel_or_small_boulder_sediments,wetland,true
cl48218s02tr00394331,8715705,20.365836,86.79606,6.954209,1.1841085,0.5609152,1988-12-31,2022-12-31,sandy_gravel_or_small_boulder_sediments,wetland,true
cl48218s02tr00394431,8715706,20.366591,86.796587,-2.8355193,0.39062828,0.6782131,1989-12-31,2022-12-31,sandy_gravel_or_small_boulder_sediments,wetland,true
cl48218s02tr00394531,8715707,20.367345,86.797114,-2.6618264,0.4074379,0.6400785,1989-12-31,2022-12-31,sandy_gravel_or_small_boulder_sediments,wetland,true
cl48218s02tr00394631,8715719,20.3681,86.797641,-2.5283668,0.42605826,0.60492074,1989-12-31,2022-12-31,sandy_gravel_or_small_boulder_sediments,sediment_plain,true
cl48218s02tr00394731,1949805,20.368855,86.798168,-2.3640172,0.33660653,0.6726845,1989-12-31,2022-12-31,muddy_sediments,wetland,false
cl48218s02tr00394831,8716331,20.36961,86.798695,-2.0180137,0.3428114,0.5809079,1989-12-31,2022-12-31,sandy_gravel_or_small_boulder_sediments,wetland,true
cl48218s02tr00394931,8716330,20.369847,86.798818,5.317845,1.3017471,0.3652675,1989-12-31,2022-12-31,sandy_gravel_or_small_boulder_sediments,sediment_plain,true
cl48218s02tr00395031,8716329,20.370635,86.799287,-0.99113864,0.29286206,0.30580798,1989-12-31,2022-12-31,sandy_gravel_or_small_boulder_sediments,sediment_plain,true
cl48218s02tr00395131,8716328,20.371112,86.799537,-7.401148,1.2791374,0.5358391,1988-12-31,2022-12-31,sandy_gravel_or_small_boulder_sediments,sediment_plain,true
cl48218s02tr00395231,8716327,20.37158,86.799798,0.27377304,0.61154884,0.0071065696,1989-12-31,2022-12-31,sandy_gravel_or_small_boulder_sediments,wetland,true
cl48218s02tr00395331,8716326,20.372402,86.800196,-0.5257311,0.4903234,0.049661312,1998-12-31,2021-12-31,sandy_gravel_or_small_boulder_sediments,inlet,true
cl48218s02tr00395431,8715720,20.372833,86.800412,-0.30685973,0.5334553,0.015512267,1998-12-31,2020-12-31,sandy_gravel_or_small_boulder_sediments,inlet,true
cl48218s02tr00395531,8716073,20.373672,86.800769,0.87100226,0.6006658,0.06985024,1988-12-31,2022-12-31,sandy_gravel_or_small_boulder_sediments,inlet,true
cl48218s02tr00395631,8716400,20.374154,86.800972,2.392692,0.58138746,0.39446485,1990-12-31,2022-12-31,sandy_gravel_or_small_boulder_sediments,inlet,true
cl48218s02tr00395731,8716072,20.375006,86.801291,4.750154,1.0250746,0.42544198,1990-12-31,2022-12-31,sandy_gravel_or_small_boulder_sediments,inlet,true
cl48218s02tr00395831,8716332,20.375372,86.801413,2.6764667,0.8511995,0.24181128,1988-12-31,2022-12-31,sandy_gravel_or_small_boulder_sediments,inlet,true
cl48218s02tr00395931,8715856,20.37624,86.801679,0.33743623,0.8149567,0.0077325655,1998-12-31,2021-12-31,sandy_gravel_or_small_boulder_sediments,sediment_plain,true
cl48218s02tr00396031,8715710,20.376457,86.8017,3.2086203,0.82528055,0.32778037,1988-12-31,2022-12-31,sandy_gravel_or_small_boulder_sediments,dune,true
cl48218s02tr00396131,8715711,20.376359,86.801668,4.0979834,0.8579063,0.423975,1988-12-31,2022-12-31,sandy_gravel_or_small_boulder_sediments,dune,true
cl48218s02tr00396231,8715712,20.376989,86.80172,4.6667395,0.79270965,0.53601766,1988-12-31,2022-12-31,sandy_gravel_or_small_boulder_sediments,dune,true
cl48218s02tr00396331,8715713,20.378548,86.801879,5.3111854,1.0284243,0.47908193,1988-12-31,2022-12-31,sandy_gravel_or_small_boulder_sediments,dune,true
cl48218s02tr00396431,8715714,20.379443,86.802011,5.66924,0.79242235,0.6383329,1988-12-31,2022-12-31,sandy_gravel_or_small_boulder_sediments,dune,true
cl48218s02tr00396531,8715715,20.380681,86.802231,6.9319944,0.8457211,0.6984927,1988-12-31,2022-12-31,sandy_gravel_or_small_boulder_sediments,dune,true
cl48218s02tr00396631,8715722,20.38157,86.802399,7.4121246,0.80976456,0.75628537,1988-12-31,2022-12-31,sandy_gravel_or_small_boulder_sediments,dune,true
cl48218s02tr00396731,8715716,20.382652,86.802625,8.616691,0.8511675,0.7914781,1988-12-31,2022-12-31,sandy_gravel_or_small_boulder_sediments,inlet,true
cl48218s02tr00396831,8715717,20.383538,86.802814,9.953443,0.8770284,0.82670206,1988-12-31,2022-12-31,sandy_gravel_or_small_boulder_sediments,dune,true
cl48218s02tr00396931,8715718,20.384643,86.80307,11.304203,0.8090254,0.8824774,1988-12-31,2022-12-31,sandy_gravel_or_small_boulder_sediments,dune,true
cl48218s02tr00397031,8716320,20.385524,86.803283,12.382814,0.73910475,0.91224927,1988-12-31,2022-12-31,sandy_gravel_or_small_boulder_sediments,dune,true
cl48218s02tr00397131,8716380,20.386571,86.803543,13.903958,0.7735682,0.92024094,1988-12-31,2022-12-31,sandy_gravel_or_small_boulder_sediments,dune,true
cl48218s02tr00397231,8716246,20.387448,86.803773,15.7263775,0.7691262,0.93304807,1988-12-31,2022-12-31,sandy_gravel_or_small_boulder_sediments,inlet,true
cl48218s02tr00397331,8716378,20.388326,86.804004,16.276752,0.7471494,0.94054604,1988-12-31,2022-12-31,sandy_gravel_or_small_boulder_sediments,dune,true
cl48218s02tr00397431,8716244,20.389331,86.80428,16.983507,0.7657879,0.94251287,1988-12-31,2022-12-31,sandy_gravel_or_small_boulder_sediments,inlet,true
cl48218s02tr00397531,8716243,20.390204,86.804524,17.293362,0.77034307,0.94381535,1988-12-31,2022-12-31,sandy_gravel_or_small_boulder_sediments,inlet,true
cl48218s02tr00397631,8716113,20.391245,86.80482,18.38102,0.91988057,0.92580205,1988-12-31,2022-12-31,sandy_gravel_or_small_boulder_sediments,dune,true
cl48218s02tr00397731,8716112,20.392114,86.805081,18.184086,0.8555541,0.9338487,1988-12-31,2022-12-31,sandy_gravel_or_small_boulder_sediments,dune,true
cl48218s02tr00397831,8716111,20.392983,86.805343,18.038958,0.86720586,0.93113714,1988-12-31,2022-12-31,sandy_gravel_or_small_boulder_sediments,dune,true
cl48218s02tr00397931,8716110,20.393682,86.805545,17.9295,0.847787,0.9332308,1988-12-31,2022-12-31,sandy_gravel_or_small_boulder_sediments,dune,true
cl48218s02tr00398031,8716109,20.394556,86.805789,17.924055,0.87643033,0.9289287,1988-12-31,2022-12-31,sandy_gravel_or_small_boulder_sediments,dune,true
cl48218s02tr00398131,8716108,20.39543,86.806032,17.848063,0.8611682,0.9306673,1988-12-31,2022-12-31,sandy_gravel_or_small_boulder_sediments,dune,true
cl48218s02tr00398231,8716107,20.396304,86.806276,17.468231,0.7852744,0.93925923,1988-12-31,2022-12-31,sandy_gravel_or_small_boulder_sediments,dune,true
cl48218s02tr00398331,8716106,20.397178,86.806519,17.045866,0.77207875,0.93839437,1988-12-31,2022-12-31,sandy_gravel_or_small_boulder_sediments,dune,true
cl48218s02tr00398431,8716105,20.398052,86.806763,16.403744,0.7199952,0.94193125,1988-12-31,2022-12-31,sandy_gravel_or_small_boulder_sediments,dune,true
cl48218s02tr00398531,8716266,20.398395,86.806842,15.759414,0.6806025,0.94367766,1988-12-31,2022-12-31,sandy_gravel_or_small_boulder_sediments,dune,true
cl48218s02tr00398631,8716317,20.399281,86.807029,15.066526,0.67401505,0.9398128,1988-12-31,2022-12-31,sandy_gravel_or_small_boulder_sediments,dune,true
cl48218s02tr00398731,8716318,20.400168,86.807215,14.219115,0.7153179,0.92508245,1988-12-31,2022-12-31,sandy_gravel_or_small_boulder_sediments,dune,true
cl48218s02tr00398831,8716319,20.401054,86.807402,13.5548525,0.6370156,0.933991,1988-12-31,2022-12-31,sandy_gravel_or_small_boulder_sediments,dune,true
cl48218s02tr00398931,8716352,20.40194,86.807588,12.991512,0.6227363,0.9315101,1988-12-31,2022-12-31,sandy_gravel_or_small_boulder_sediments,dune,true
cl48218s02tr00399031,8716353,20.402827,86.807775,12.509103,0.5831174,0.93498486,1988-12-31,2022-12-31,sandy_gravel_or_small_boulder_sediments,dune,true
cl48218s02tr00399131,8716334,20.403086,86.807792,12.3495865,0.57705885,0.93469375,1988-12-31,2022-12-31,sandy_gravel_or_small_boulder_sediments,dune,true
cl48218s02tr00399231,8716354,20.403983,86.807911,12.576532,0.5429821,0.9453722,1988-12-31,2022-12-31,sandy_gravel_or_small_boulder_sediments,dune,true
cl48218s02tr00399331,8716355,20.404879,86.80803,12.29192,0.63707685,0.9208446,1988-12-31,2022-12-31,sandy_gravel_or_small_boulder_sediments,dune,true
cl48218s02tr00399431,8716356,20.405776,86.808149,11.867252,0.5847358,0.93000513,1989-12-31,2022-12-31,sandy_gravel_or_small_boulder_sediments,dune,true
cl48218s02tr00399531,8716357,20.406673,86.808269,13.401121,0.7718522,0.9040333,1988-12-31,2022-12-31,sandy_gravel_or_small_boulder_sediments,dune,true
cl48218s02tr00399631,8716359,20.40687,86.808289,14.23939,0.7963469,0.9090201,1988-12-31,2022-12-31,sandy_gravel_or_small_boulder_sediments,dune,true
cl48218s02tr00399731,8716366,20.407773,86.808334,15.087627,0.815662,0.9144737,1988-12-31,2022-12-31,sandy_gravel_or_small_boulder_sediments,dune,true
cl48218s02tr00399831,8716245,20.408675,86.808378,16.203419,0.8812069,0.9135391,1988-12-31,2022-12-31,sandy_gravel_or_small_boulder_sediments,dune,true
cl48218s02tr00399931,8716247,20.409578,86.808423,17.502356,0.9550854,0.9130013,1988-12-31,2022-12-31,sandy_gravel_or_small_boulder_sediments,dune,true
cl48218s02tr00400031,8717054,20.410481,86.808468,14.368441,0.54637223,0.9624259,1993-12-31,2022-12-31,sandy_gravel_or_small_boulder_sediments,dune,true
cl48218s02tr00400131,8717055,20.410661,86.808489,15.135715,0.6217705,0.956422,1993-12-31,2022-12-31,sandy_gravel_or_small_boulder_sediments,dune,true
cl48218s02tr00400231,8717059,20.411564,86.808457,21.516853,1.20649,0.9085873,1988-12-31,2022-12-31,sandy_gravel_or_small_boulder_sediments,dune,true
cl48218s02tr00400331,8717076,20.412468,86.808425,24.23473,1.373773,0.9067612,1988-12-31,2022-12-31,sandy_gravel_or_small_boulder_sediments,dune,true
cl48218s02tr00400431,8717087,20.413371,86.808393,26.020979,1.5626718,0.89944065,1988-12-31,2022-12-31,sandy_gravel_or_small_boulder_sediments,dune,true
cl48218s02tr00400531,8717086,20.414274,86.808361,28.323448,1.7091743,0.8985642,1988-12-31,2022-12-31,sandy_gravel_or_small_boulder_sediments,dune,true
cl48218s02tr00400631,8717085,20.414387,86.808379,29.991632,1.6730393,0.90944004,1988-12-31,2022-12-31,sandy_gravel_or_small_boulder_sediments,dune,true
cl48218s02tr00400731,8717084,20.415284,86.808264,31.55171,1.7546972,0.9125101,1989-12-31,2022-12-31,sandy_gravel_or_small_boulder_sediments,dune,true
cl48218s02tr00400831,8717083,20.416181,86.808148,31.977385,1.8212204,0.91402084,1991-12-31,2022-12-31,sandy_gravel_or_small_boulder_sediments,dune,true
cl48218s02tr00400931,8717082,20.417078,86.808032,33.36626,1.9438899,0.91321236,1992-12-31,2022-12-31,sandy_gravel_or_small_boulder_sediments,dune,true
cl48218s02tr00401031,8717846,20.417975,86.807917,26.939407,1.5626037,0.92817444,1998-12-31,2022-12-31,sandy_gravel_or_small_boulder_sediments,dune,true
cl48218s02tr00401131,8717845,20.418084,86.807923,27.939444,1.5872585,0.93089813,1998-12-31,2022-12-31,sandy_gravel_or_small_boulder_sediments,dune,true
cl48218s02tr00401231,8717836,20.418968,86.807724,29.94958,1.7202035,0.9294749,1998-12-31,2022-12-31,sandy_gravel_or_small_boulder_sediments,dune,true
cl48218s02tr00401331,8717837,20.419852,86.807525,31.140974,2.0463533,0.91324276,1998-12-31,2022-12-31,sandy_gravel_or_small_boulder_sediments,dune,true
cl48218s02tr00401431,8717847,20.420736,86.807326,31.057493,2.25233,0.9005389,2000-12-31,2022-12-31,sandy_gravel_or_small_boulder_sediments,dune,true
cl48218s02tr00401531,8717820,20.42162,86.807127,33.69824,2.611221,0.89278626,2000-12-31,2021-12-31,sandy_gravel_or_small_boulder_sediments,dune,true
cl48218s02tr00401631,8717892,20.421728,86.807118,33.332386,2.6096675,0.8907944,2000-12-31,2022-12-31,sandy_gravel_or_small_boulder_sediments,dune,true
cl48218s02tr00401731,8717891,20.422592,86.806837,35.33417,2.7695851,0.8857235,2000-12-31,2022-12-31,sandy_gravel_or_small_boulder_sediments,inlet,true
cl48218s02tr00401831,8717890,20.423456,86.806556,36.945423,2.8656738,0.88782895,2000-12-31,2022-12-31,sandy_gravel_or_small_boulder_sediments,inlet,true
cl48218s02tr00401931,8717889,20.42432,86.806276,40.101788,3.0986762,0.8885851,2000-12-31,2022-12-31,sandy_gravel_or_small_boulder_sediments,inlet,true
cl48218s02tr00402031,8717888,20.425184,86.805995,20.713203,2.0429013,0.887739,2008-12-31,2022-12-31,sandy_gravel_or_small_boulder_sediments,inlet,true
cl48218s02tr00402131,8717881,20.425623,86.805848,22.381477,2.1225808,0.8953181,2008-12-31,2022-12-31,sandy_gravel_or_small_boulder_sediments,inlet,true
cl48218s02tr00402231,8717897,20.426473,86.805522,32.183144,3.4972098,0.84952813,2006-12-31,2022-12-31,sandy_gravel_or_small_boulder_sediments,inlet,true
cl48218s02tr00402331,8717880,20.427323,86.805197,39.93877,4.065059,0.8578138,2005-12-31,2022-12-31,sandy_gravel_or_small_boulder_sediments,inlet,true
cl48218s02tr00402431,8717878,20.428173,86.804872,45.02596,4.387074,0.86813456,2005-12-31,2022-12-31,sandy_gravel_or_small_boulder_sediments,inlet,true
cl48218s02tr00402531,8717873,20.428844,86.804608,30.350853,1.9163162,0.9653641,2012-12-31,2022-12-31,sandy_gravel_or_small_boulder_sediments,dune,true
cl48218s02tr00402631,8717893,20.429687,86.804264,33.733063,2.242043,0.9576939,2011-12-31,2022-12-31,sandy_gravel_or_small_boulder_sediments,dune,true
cl48218s02tr00402731,8717872,20.430531,86.80392,37.313255,2.0805168,0.9727809,2012-12-31,2022-12-31,sandy_gravel_or_small_boulder_sediments,dune,true
cl48218s02tr00402831,8717870,20.431061,86.8037,38.90758,2.1413467,0.97346205,2012-12-31,2022-12-31,sandy_gravel_or_small_boulder_sediments,dune,true
cl48218s02tr00402931,8717869,20.431892,86.803323,41.04334,2.4627445,0.96861327,2012-12-31,2022-12-31,sandy_gravel_or_small_boulder_sediments,dune,true
cl48218s02tr00403031,8717868,20.432722,86.802946,43.384377,2.463434,0.97485536,2013-12-31,2022-12-31,sandy_gravel_or_small_boulder_sediments,dune,true
cl48218s02tr00403131,8717867,20.433005,86.802782,41.8684,2.681812,0.9682204,2013-12-31,2022-12-31,sandy_gravel_or_small_boulder_sediments,dune,true
cl48218s02tr00403231,8717865,20.432779,86.802991,39.312866,3.9416573,0.93425655,2014-12-31,2022-12-31,sandy_gravel_or_small_boulder_sediments,dune,true
cl48218s02tr00403331,8717864,20.433524,86.802449,32.0149,5.1095705,0.848677,2014-12-31,2022-12-31,sandy_gravel_or_small_boulder_sediments,dune,true
cl48218s02tr00403431,8717863,20.43228,86.803556,28.402245,5.395153,0.7983517,2014-12-31,2022-12-31,sandy_gravel_or_small_boulder_sediments,inlet,true
cl48218s02tr00403531,8717862,20.430875,86.81218,8.214652,12.631794,0.09561814,2015-12-31,2021-12-31,sandy_gravel_or_small_boulder_sediments,dune,true
cl48218s02tr00403631,8717861,20.43297,86.815263,-4.0073028,3.1683228,0.24239278,2014-12-31,2022-12-31,sandy_gravel_or_small_boulder_sediments,inlet,true
cl48218s02tr00403731,8717860,20.436896,86.817163,-3.4821076,1.498737,0.51913863,2014-12-31,2022-12-31,sandy_gravel_or_small_boulder_sediments,dune,true
cl48218s02tr00403831,8717866,20.440502,86.816794,-7.335811,1.5609202,0.81540895,2014-12-31,2022-12-31,sandy_gravel_or_small_boulder_sediments,inlet,true
cl48218s02tr00403931,8717875,20.435347,86.817584,-5.6981535,1.3996315,0.73421353,2013-12-31,2022-12-31,sandy_gravel_or_small_boulder_sediments,inlet,true
cl48218s02tr00404031,8717871,20.43219,86.816781,-5.617557,1.6077164,0.7094524,2013-12-31,2022-12-31,sandy_gravel_or_small_boulder_sediments,inlet,true
cl48218s02tr00404131,8717895,20.429722,86.815486,4.3402076,2.7925491,0.25655043,2012-12-31,2022-12-31,sandy_gravel_or_small_boulder_sediments,inlet,true
cl48218s02tr00404231,8717882,20.428243,86.81438,6.7993946,5.0677395,0.1836871,2011-12-31,2022-12-31,sandy_gravel_or_small_boulder_sediments,inlet,true
cl48218s02tr00404331,8717896,20.429062,86.814878,-11.110209,3.951294,0.49705032,2011-12-31,2022-12-31,sandy_gravel_or_small_boulder_sediments,inlet,true
cl48218s02tr00404431,8717818,20.428979,86.814797,-0.44468856,6.094915,0.00053206965,2009-12-31,2022-12-31,sandy_gravel_or_small_boulder_sediments,sediment_plain,true
cl48218s02tr00404531,8717817,20.428138,86.814447,-1.592026,3.882986,0.016532052,2009-12-31,2022-12-31,sandy_gravel_or_small_boulder_sediments,inlet,true
cl48218s02tr00404631,8717816,20.427784,86.814333,-8.577186,1.3250602,0.80732334,2008-12-31,2022-12-31,sandy_gravel_or_small_boulder_sediments,inlet,true
cl48218s02tr00404731,8717856,20.427333,86.814192,-4.9986963,0.42782715,0.9254307,2003-12-31,2020-12-31,sandy_gravel_or_small_boulder_sediments,inlet,true
cl48218s02tr00404831,8717857,20.426847,86.814044,-3.517661,0.8475656,0.5516426,2004-12-31,2022-12-31,sandy_gravel_or_small_boulder_sediments,inlet,true
cl48218s02tr00404931,8717858,20.425966,86.813832,-4.5066156,0.4633151,0.8476872,2002-12-31,2022-12-31,sandy_gravel_or_small_boulder_sediments,inlet,true
cl48218s02tr00405031,8717859,20.42545,86.813722,-3.96317,0.37677062,0.866818,2002-12-31,2022-12-31,sandy_gravel_or_small_boulder_sediments,sediment_plain,true
cl48218s02tr00405131,8717886,20.424561,86.813549,-0.57724315,0.39403215,0.1251666,2001-12-31,2020-12-31,sandy_gravel_or_small_boulder_sediments,inlet,true
cl48218s02tr00405231,8717885,20.424051,86.813483,-3.237797,0.37585595,0.8047912,2001-12-31,2022-12-31,sandy_gravel_or_small_boulder_sediments,inlet,true
cl48218s02tr00405331,8717884,20.42349,86.813408,-13.576296,1.7356669,0.78256106,2000-12-31,2022-12-31,sandy_gravel_or_small_boulder_sediments,inlet,true
cl48218s02tr00405431,8717883,20.422591,86.813312,-6.7393756,5.3597074,0.18425299,2000-12-31,2011-12-31,sandy_gravel_or_small_boulder_sediments,inlet,true
cl48218s02tr00405531,1950469,20.422089,86.813256,11.411031,1.379047,0.76528084,1996-12-31,2022-12-31,muddy_sediments,wetland,false
cl48218s02tr00405631,1950515,20.421187,86.813202,-0.31073165,0.33274257,0.030204872,1991-12-31,2022-12-31,muddy_sediments,wetland,false
cl48218s02tr00405731,1950480,20.421016,86.813185,-2.3127484,0.88017356,0.18708679,1989-12-31,2022-12-31,muddy_sediments,wetland,false
cl48218s02tr00405831,8717887,20.420112,86.813209,-5.0723004,0.6309936,0.6902337,1989-12-31,2022-12-31,sandy_gravel_or_small_boulder_sediments,wetland,true
cl48218s02tr00405931,1950513,20.420315,86.813227,-1.1924416,0.45816898,0.18419847,1989-12-31,2022-12-31,muddy_sediments,wetland,false
cl48218s02tr00406031,1950512,20.420991,86.81306,-2.324548,0.6376841,0.3069704,1989-12-31,2022-12-31,muddy_sediments,wetland,false
cl48218s02tr00406131,1950511,20.421626,86.812738,-1.8132224,0.9051672,0.11460879,1988-12-31,2022-12-31,muddy_sediments,wetland,false
cl48218s02tr00406231,1950510,20.421894,86.812502,0.35862345,0.7852273,0.012121,1989-12-31,2022-12-31,muddy_sediments,wetland,false
cl48218s02tr00406331,1950509,20.421169,86.813074,-4.2014956,1.1426444,0.31066623,1989-12-31,2022-12-31,muddy_sediments,wetland,false
cl48218s02tr00406431,1950508,20.421114,86.813157,-1.3744936,0.20650716,0.5883198,1989-12-31,2022-12-31,muddy_sediments,wetland,false
cl48218s02tr00406531,1950514,20.420459,86.813779,6.467581,2.3651943,0.3184932,1989-12-31,2022-12-31,muddy_sediments,wetland,false
cl48218s02tr00406631,1950516,20.419591,86.814593,-0.14696102,0.17976335,0.045563873,1989-12-31,2022-12-31,muddy_sediments,wetland,false
cl48218s02tr00406731,1950517,20.418718,86.815368,-4.6629095,1.4798086,0.45277798,1989-12-31,2021-12-31,muddy_sediments,wetland,false
cl48218s02tr00406831,1950518,20.417819,86.816123,-1.2422825,1.2890387,0.11713944,1989-12-31,2020-12-31,muddy_sediments,wetland,false
cl48218s02tr00406931,1950524,20.416621,86.817037,-36.144382,1.7293671,0.95413095,1988-12-31,2013-12-31,muddy_sediments,wetland,false
cl48218s02tr00407031,1950523,20.415538,86.817762,-29.765217,1.4351857,0.942999,1988-12-31,2017-12-31,muddy_sediments,wetland,false
cl48218s02tr00407131,1950522,20.408507,86.81927,-1.020896,0.19145845,0.47048292,1988-12-31,2022-12-31,muddy_sediments,wetland,false
cl48218s02tr00407231,1950494,20.404787,86.81789,2.5473769,1.3728828,0.18667716,1989-12-31,2022-12-31,muddy_sediments,wetland,false
cl48218s02tr00407331,1950477,20.40056,86.813235,-0.89645916,2.0918274,0.013930563,1989-12-31,2021-12-31,muddy_sediments,wetland,false
cl48218s02tr00407431,1950111,20.399297,86.806991,-0.117438585,0.6286157,0.008650144,1989-12-31,2021-12-31,muddy_sediments,wetland,false
cl48218s02tr00407531,1950110,20.400329,86.802894,0.191378,0.5066157,0.01997854,1989-12-31,2022-12-31,muddy_sediments,wetland,false
cl48218s02tr00407631,1950109,20.403612,86.798712,0.4733122,0.28586078,0.2552242,1989-12-31,2022-12-31,muddy_sediments,wetland,false
cl48218s02tr00407731,1950108,20.401158,86.802282,0.24063674,0.27123913,0.072965086,1989-12-31,2022-12-31,muddy_sediments,wetland,false
cl48218s02tr00407831,1950107,20.400902,86.806782,-0.851517,1.0528333,0.024541546,1988-12-31,2022-12-31,muddy_sediments,wetland,false
cl48218s02tr00407931,1950106,20.405388,86.812563,-2.1887023,0.79258555,0.19742605,1989-12-31,2022-12-31,muddy_sediments,wetland,false
cl48218s02tr00408031,1950105,20.409266,86.813294,-3.5191822,1.157482,0.33930144,1988-12-31,2018-12-31,muddy_sediments,wetland,false
cl48218s02tr00408131,1950104,20.4108,86.812899,-4.2028456,1.6791637,0.2069971,1988-12-31,2022-12-31,muddy_sediments,wetland,false
cl48218s02tr00408231,1950103,20.410708,86.812944,7.6626883,1.4869591,0.6096988,1988-12-31,2022-12-31,muddy_sediments,wetland,false
cl48218s02tr00408331,1950112,20.410549,86.813054,1.5612236,2.5380716,0.01856745,1989-12-31,2022-12-31,muddy_sediments,wetland,false
cl48218s02tr00408431,1950120,20.409554,86.813672,8.654476,1.6434295,0.6199579,1989-12-31,2022-12-31,muddy_sediments,wetland,false
cl48218s02tr00408531,1950121,20.40757,86.814685,5.8440404,1.4734038,0.51190877,1991-12-31,2022-12-31,muddy_sediments,wetland,false
cl48218s02tr00408631,1950122,20.40542,86.815437,5.540259,1.4905324,0.49668965,1991-12-31,2022-12-31,muddy_sediments,wetland,false
cl48218s02tr00408731,1950129,20.40454,86.815653,3.014295,2.3345451,0.056194317,1989-12-31,2022-12-31,muddy_sediments,wetland,false
cl48218s02tr00408831,1950128,20.402578,86.815972,3.8202665,2.0316927,0.10867046,1989-12-31,2022-12-31,muddy_sediments,wetland,false
cl48218s02tr00408931,1950127,20.400943,86.816124,2.0670233,1.5315166,0.053858444,1988-12-31,2022-12-31,muddy_sediments,wetland,false
cl48218s02tr00409031,1950126,20.400039,86.816148,2.8044038,1.0693915,0.17689405,1988-12-31,2022-12-31,muddy_sediments,wetland,false
cl48218s02tr00409131,1950125,20.399136,86.816173,1.1390338,0.62356,0.094425805,1988-12-31,2022-12-31,muddy_sediments,wetland,false
cl48218s02tr00409231,1950124,20.397746,86.816152,0.117904484,0.5778854,0.0012991687,1988-12-31,2022-12-31,muddy_sediments,wetland,false
cl48218s02tr00409331,1950123,20.396843,86.816125,-0.06543102,0.5047509,0.0005417615,1989-12-31,2022-12-31,muddy_sediments,wetland,false
cl48218s02tr00409431,1950144,20.395683,86.816082,2.986242,1.8468446,0.094678685,1989-12-31,2022-12-31,muddy_sediments,wetland,false
cl48218s02tr00409531,1950143,20.394781,86.816028,4.682853,1.4648306,0.26739708,1988-12-31,2022-12-31,muddy_sediments,wetland,false
cl48218s02tr00409631,1950113,20.393878,86.815974,3.3261175,0.96098465,0.29233083,1988-12-31,2022-12-31,muddy_sediments,wetland,false
cl48218s02tr00409731,1950119,20.392976,86.81592,5.0095167,0.8189288,0.5994849,1988-12-31,2022-12-31,muddy_sediments,wetland,false
cl48218s02tr00409831,1950114,20.391898,86.815838,9.567387,1.0443372,0.7849013,1989-12-31,2022-12-31,muddy_sediments,wetland,false
cl48218s02tr00409931,1950115,20.390997,86.815765,7.2114244,1.0132135,0.6695617,1989-12-31,2022-12-31,muddy_sediments,wetland,false
cl48218s02tr00410031,1950666,20.390096,86.815692,2.6695104,0.7091592,0.30691215,1988-12-31,2022-12-31,muddy_sediments,wetland,false
cl48218s02tr00410131,1950665,20.389194,86.815619,2.9435637,0.8048355,0.2947845,1988-12-31,2022-12-31,muddy_sediments,wetland,false
cl48218s02tr00410231,1950664,20.38834,86.815554,4.962255,1.1459593,0.38462546,1989-12-31,2022-12-31,muddy_sediments,wetland,false
cl48218s02tr00410331,1950663,20.387438,86.815486,4.0684886,1.13609,0.3066267,1989-12-31,2022-12-31,muddy_sediments,wetland,false
cl48218s02tr00410431,8718289,20.386537,86.815418,5.3984137,1.1554074,0.43809423,1989-12-31,2022-12-31,sandy_gravel_or_small_boulder_sediments,wetland,true
cl48218s02tr00410531,8718331,20.38579,86.815375,7.200049,1.2270447,0.5697575,1989-12-31,2022-12-31,sandy_gravel_or_small_boulder_sediments,wetland,true
cl48218s02tr00410631,8718332,20.384888,86.815323,1.2052661,5.826655,0.0013353565,1988-12-31,2022-12-31,sandy_gravel_or_small_boulder_sediments,wetland,true
cl48218s02tr00410731,8718352,20.384145,86.815281,-0.014409739,0.14750054,0.00032904334,1989-12-31,2022-12-31,sandy_gravel_or_small_boulder_sediments,wetland,true
cl48218s02tr00410831,8718333,20.383242,86.815246,0.29928517,0.20795916,0.07124449,1989-12-31,2021-12-31,sandy_gravel_or_small_boulder_sediments,sediment_plain,true
cl48218s02tr00410931,8718344,20.382339,86.815212,0.654239,0.30595237,0.14038236,1989-12-31,2021-12-31,sandy_gravel_or_small_boulder_sediments,sediment_plain,true
cl48218s02tr00411031,8718343,20.381652,86.815193,1.8616908,0.5366464,0.3083093,1989-12-31,2022-12-31,sandy_gravel_or_small_boulder_sediments,sediment_plain,true
cl48218s02tr00411131,8718338,20.380749,86.815182,-1.0776211,1.1130497,0.03131064,1989-12-31,2022-12-31,sandy_gravel_or_small_boulder_sediments,wetland,true
cl48218s02tr00411231,8718342,20.380077,86.815173,0.013348639,1.1710498,4.2680444e-06,1989-12-31,2022-12-31,sandy_gravel_or_small_boulder_sediments,wetland,true
cl48218s02tr00411331,8718341,20.379173,86.815186,-0.6035437,0.5864898,0.034096505,1989-12-31,2022-12-31,sandy_gravel_or_small_boulder_sediments,wetland,true
cl48218s02tr00411431,8718340,20.378605,86.815189,-4.6203566,0.4893336,0.89016914,2009-12-31,2022-12-31,sandy_gravel_or_small_boulder_sediments,wetland,true
cl48218s02tr00411531,8718290,20.377703,86.815238,-4.182959,0.4292522,0.89618754,2009-12-31,2022-12-31,sandy_gravel_or_small_boulder_sediments,wetland,true
cl48218s02tr00411631,8718291,20.377454,86.815253,-1.919275,0.41253373,0.64333373,1988-12-31,2022-12-31,sandy_gravel_or_small_boulder_sediments,wetland,true
cl48218s02tr00411731,8718321,20.377901,86.815108,-1.3217865,0.46425706,0.218455,1988-12-31,2022-12-31,sandy_gravel_or_small_boulder_sediments,sediment_plain,true
cl48218s02tr00411831,8718320,20.377207,86.815322,-1.1861115,0.49899223,0.16306393,1988-12-31,2022-12-31,sandy_gravel_or_small_boulder_sediments,sediment_plain,true
cl48218s02tr00411931,8718283,20.371565,86.815466,-2.70811,0.32097998,0.8557399,1988-12-31,2022-12-31,sandy_gravel_or_small_boulder_sediments,inlet,true
cl48218s02tr00412031,8718284,20.369631,86.814889,-3.9123774,0.5825895,0.8039142,2009-12-31,2022-12-31,sandy_gravel_or_small_boulder_sediments,inlet,true
cl48218s02tr00412131,8718285,20.368785,86.814552,-1.7234095,0.54320204,0.45617533,1988-12-31,2022-12-31,sandy_gravel_or_small_boulder_sediments,inlet,true
cl48218s02tr00412231,8718286,20.367204,86.8138,-1.8186249,0.5772043,0.45273474,1988-12-31,2022-12-31,sandy_gravel_or_small_boulder_sediments,inlet,true
cl48218s02tr00412331,8718287,20.365932,86.813104,-1.9900972,0.70303595,0.40038884,1988-12-31,2022-12-31,sandy_gravel_or_small_boulder_sediments,inlet,true
cl48218s02tr00412431,8718171,20.365143,86.812636,-4.6508193,0.96421325,0.6597243,1988-12-31,2022-12-31,sandy_gravel_or_small_boulder_sediments,wetland,true
cl48218s02tr00412531,8718288,20.363992,86.811905,-8.784522,0.7525784,0.9316234,2011-12-31,2022-12-31,sandy_gravel_or_small_boulder_sediments,wetland,true
cl48218s02tr00412631,1950651,20.363226,86.811397,-8.252406,1.2308639,0.80340004,2009-12-31,2022-12-31,muddy_sediments,wetland,false
cl48218s02tr00412731,1950652,20.362228,86.810703,-6.426042,1.3483319,0.67372596,2009-12-31,2022-12-31,muddy_sediments,wetland,false
cl48218s02tr00412831,1950653,20.361477,86.81017,-2.2094073,0.85103613,0.402626,2009-12-31,2022-12-31,muddy_sediments,wetland,false
cl48218s02tr00412931,1950654,20.360514,86.809462,-0.25476295,0.62479275,0.014889897,2009-12-31,2022-12-31,muddy_sediments,wetland,false
cl48218s02tr00413031,1950655,20.359779,86.808905,-0.07468294,0.5952043,0.0014290737,2009-12-31,2022-12-31,muddy_sediments,wetland,false
cl48218s02tr00413131,1950656,20.359044,86.808348,0.18772145,0.45707923,0.015102285,2009-12-31,2022-12-31,muddy_sediments,wetland,false
cl48218s02tr00413231,1950657,20.358309,86.807791,-0.5098495,0.39697325,0.13040277,2009-12-31,2022-12-31,muddy_sediments,wetland,false
cl48218s02tr00413331,1950658,20.357574,86.807234,-3.5315464,0.98323494,0.53976357,2009-12-31,2022-12-31,muddy_sediments,wetland,false
cl48218s02tr00413431,1950659,20.356703,86.806568,-6.4537416,1.3242663,0.6834577,2009-12-31,2022-12-31,muddy_sediments,wetland,false
cl48218s02tr00413531,1950660,20.355978,86.805996,-4.9829707,1.4119296,0.5310208,2009-12-31,2022-12-31,muddy_sediments,wetland,false
cl48218s02tr00413631,1950679,20.355253,86.805425,-11.298139,1.351936,0.8747488,2009-12-31,2022-12-31,muddy_sediments,wetland,false
cl48218s02tr00413731,1950680,20.354527,86.804853,-15.049914,2.3683684,0.7162129,1988-12-31,2022-12-31,muddy_sediments,wetland,false
cl48218s02tr00413831,1950681,20.353802,86.804281,-20.964577,2.035985,0.88336116,2004-12-31,2022-12-31,muddy_sediments,wetland,false
cl48218s02tr00413931,1950685,20.353077,86.80371,-11.142307,0.8909263,0.8967954,1988-12-31,2022-12-31,muddy_sediments,wetland,false
cl48218s02tr00414031,1950686,20.35222,86.803015,-10.708735,1.0026726,0.8086009,1988-12-31,2022-12-31,muddy_sediments,wetland,false
cl48218s02tr00414131,1950687,20.351505,86.802429,-4.2173443,0.65042776,0.56781095,1988-12-31,2022-12-31,muddy_sediments,wetland,false
cl48218s02tr00414231,1950599,20.35079,86.801842,-0.015815903,0.2549931,0.00012410698,1989-12-31,2022-12-31,muddy_sediments,wetland,false
cl48218s02tr00414331,1950590,20.350076,86.801256,0.31683132,0.23710597,0.056174733,1990-12-31,2022-12-31,muddy_sediments,wetland,false
cl48218s02tr00414431,1950648,20.349361,86.80067,0.58561915,0.13646902,0.36526322,1988-12-31,2022-12-31,muddy_sediments,wetland,false
cl48218s02tr00414531,1950586,20.348527,86.799976,0.60593677,0.14536707,0.35189754,1988-12-31,2022-12-31,muddy_sediments,wetland,false
cl48218s02tr00414631,1950667,20.347822,86.799376,0.31738696,0.2169592,0.06268418,1988-12-31,2022-12-31,muddy_sediments,wetland,false
cl48218s02tr00414731,1950647,20.347117,86.798777,-0.14672883,0.1866967,0.019535642,1988-12-31,2022-12-31,muddy_sediments,wetland,false
cl48218s02tr00414831,8718345,20.346412,86.798178,-0.14381187,0.13184942,0.04075712,1988-12-31,2022-12-31,sandy_gravel_or_small_boulder_sediments,sediment_plain,true
cl48218s02tr00414931,8718335,20.345707,86.797578,-0.0053586927,0.09648707,0.0001542488,1988-12-31,2021-12-31,sandy_gravel_or_small_boulder_sediments,sediment_plain,true
cl48218s02tr00415031,8718334,20.344862,86.796848,0.08427771,0.12366716,0.022694264,1992-12-31,2022-12-31,sandy_gravel_or_small_boulder_sediments,sediment_plain,true
cl48218s02tr00415131,8718348,20.344168,86.796233,-0.022425313,0.040536486,0.01436418,1990-12-31,2022-12-31,sandy_gravel_or_small_boulder_sediments,sediment_plain,true
cl48218s02tr00415231,8718349,20.343475,86.795618,0.06586464,0.16432671,0.005326546,1989-12-31,2022-12-31,sandy_gravel_or_small_boulder_sediments,sediment_plain,true
cl48218s02tr00415331,8718351,20.342782,86.795004,0.09896831,0.19497947,0.008242505,1989-12-31,2022-12-31,sandy_gravel_or_small_boulder_sediments,wetland,true
cl48218s02tr00415431,8718346,20.342089,86.794389,-2.2808754,0.51351714,0.38138503,1988-12-31,2022-12-31,sandy_gravel_or_small_boulder_sediments,sediment_plain,true
cl48218s02tr00415531,8718347,20.341194,86.793551,-3.1149974,0.658928,0.41120237,1988-12-31,2022-12-31,sandy_gravel_or_small_boulder_sediments,wetland,true
cl48218s02tr00415631,8718350,20.34052,86.792913,-7.087122,0.7670371,0.72735876,1988-12-31,2022-12-31,sandy_gravel_or_small_boulder_sediments,wetland,true
cl48218s02tr00415731,1950705,20.339846,86.792275,-9.69193,0.63662314,0.8786818,1988-12-31,2022-12-31,muddy_sediments,wetland,false
cl48218s02tr00415831,8718337,20.338796,86.791227,-10.824682,0.71120566,0.87862885,1988-12-31,2022-12-31,sandy_gravel_or_small_boulder_sediments,wetland,true
cl48218s02tr00415931,8718336,20.338159,86.790547,-12.115751,0.887228,0.8535329,1988-12-31,2022-12-31,sandy_gravel_or_small_boulder_sediments,inlet,true
cl48218s02tr00416031,8718339,20.337522,86.789868,-12.323936,1.0217632,0.8196963,1988-12-31,2022-12-31,sandy_gravel_or_small_boulder_sediments,wetland,true
cl48218s02tr00416131,1950697,20.335834,86.787497,-12.837716,1.1044216,0.80851585,1988-12-31,2022-12-31,muddy_sediments,inlet,false
cl48218s02tr00416231,8718293,20.338639,86.773402,-7.9878254,1.0835994,0.7309658,2000-12-31,2022-12-31,sandy_gravel_or_small_boulder_sediments,inlet,true
cl48218s02tr00416331,8718292,20.343658,86.771508,-13.513407,1.0013689,0.8966094,1995-12-31,2019-12-31,sandy_gravel_or_small_boulder_sediments,wetland,true
cl48218s02tr00416431,1950671,20.346971,86.771671,-11.236276,0.64119613,0.9219426,1991-12-31,2019-12-31,muddy_sediments,wetland,false
cl48218s02tr00416531,1950672,20.349161,86.772239,-10.616756,0.5352948,0.9357704,1988-12-31,2019-12-31,muddy_sediments,wetland,false
cl48218s02tr00416631,1950673,20.350013,86.772558,-9.516448,0.5621371,0.9168247,1991-12-31,2019-12-31,muddy_sediments,wetland,false
cl48218s02tr00416731,1950674,20.351654,86.773264,-9.323894,0.5461514,0.9180981,1991-12-31,2019-12-31,muddy_sediments,wetland,false
cl48218s02tr00416831,1950670,20.352473,86.773669,-8.897098,0.47652274,0.93059295,1991-12-31,2019-12-31,muddy_sediments,wetland,false
cl48218s02tr00416931,1950675,20.353918,86.774458,-8.077539,0.41066852,0.93930256,1991-12-31,2018-12-31,muddy_sediments,wetland,false
cl48218s02tr00417031,1950677,20.354704,86.774931,-9.331469,0.7076907,0.8612937,1988-12-31,2022-12-31,muddy_sediments,wetland,false
cl48218s02tr00417131,1950678,20.355918,86.775694,-8.451117,0.6225157,0.87222016,1988-12-31,2022-12-31,muddy_sediments,wetland,false
cl48218s02tr00417231,1950662,20.356678,86.776212,-8.669238,0.8265457,0.8148271,1991-12-31,2022-12-31,muddy_sediments,wetland,false
cl48218s02tr00417331,1950669,20.357438,86.776731,-10.650083,0.6837447,0.9168604,1999-12-31,2022-12-31,muddy_sediments,wetland,false
cl48218s02tr00417431,1950661,20.358281,86.777317,-6.7299843,1.4677544,0.5252882,1991-12-31,2022-12-31,muddy_sediments,wetland,false
cl48218s02tr00417531,1950649,20.359035,86.777846,-10.109542,0.86094,0.90782505,2005-12-31,2022-12-31,muddy_sediments,wetland,false
cl48218s02tr00417631,1950676,20.359789,86.778374,-11.279885,1.1684093,0.8694039,2006-12-31,2022-12-31,muddy_sediments,wetland,false
cl48218s02tr00417731,1950668,20.360543,86.778902,-9.019222,0.7240079,0.9282235,2006-12-31,2022-12-31,muddy_sediments,wetland,false
cl48218s02tr00417831,1951289,20.36099,86.779199,-4.047494,1.1941648,0.5346237,1992-12-31,2022-12-31,muddy_sediments,wetland,false
cl48218s02tr00417931,1951290,20.361764,86.779693,1.3768126,2.4153783,0.010714814,1988-12-31,2022-12-31,muddy_sediments,wetland,false
cl48218s02tr00418031,1951291,20.362538,86.780188,5.54522,0.88083255,0.6759473,1993-12-31,2022-12-31,muddy_sediments,wetland,false
cl48218s02tr00418131,1951292,20.363312,86.780682,-10.025325,0.9603927,0.80142397,1993-12-31,2022-12-31,muddy_sediments,wetland,false
cl48218s02tr00418231,1951293,20.3638,86.780987,-11.479161,1.3664385,0.72328484,1993-12-31,2022-12-31,muddy_sediments,wetland,false
cl48218s02tr00418331,1951294,20.364591,86.78145,-9.45787,1.3805354,0.6348116,1993-12-31,2022-12-31,muddy_sediments,wetland,false
cl48218s02tr00418431,1951288,20.365382,86.781914,4.019794,1.4085462,0.35189837,1988-12-31,2022-12-31,muddy_sediments,wetland,false
cl48218s02tr00418531,1951295,20.366173,86.782377,-1.1108289,0.94431835,0.079600126,1989-12-31,2011-12-31,muddy_sediments,wetland,false
cl48218s02tr00418631,1951297,20.366657,86.782657,-0.7278991,0.5619261,0.070866205,1989-12-31,2017-12-31,muddy_sediments,wetland,false
cl48218s02tr00418731,1951298,20.367464,86.783088,-0.07370767,0.40535018,0.0015007695,1989-12-31,2017-12-31,muddy_sediments,wetland,false
cl48218s02tr00418831,1951299,20.368271,86.783518,-5.742444,1.7932103,0.37625876,1994-12-31,2017-12-31,muddy_sediments,wetland,false
cl48218s02tr00418931,1951734,20.369079,86.783949,1.9275794,0.79473823,0.21882823,1988-12-31,2017-12-31,muddy_sediments,wetland,false
cl48218s02tr00419031,1951729,20.369545,86.784188,-13.3579035,2.0420485,0.6312153,1988-12-31,2022-12-31,muddy_sediments,wetland,false
cl48218s02tr00419131,1951738,20.370369,86.784582,-6.605146,1.0186114,0.7502151,1988-12-31,2018-12-31,muddy_sediments,wetland,false
cl48218s02tr00419231,1951735,20.371193,86.784976,-4.312274,1.5668653,0.35108334,1988-12-31,2018-12-31,muddy_sediments,wetland,false
cl48218s02tr00419331,1951731,20.372017,86.785369,-1.4066309,1.3822976,0.12886749,1988-12-31,2015-12-31,muddy_sediments,wetland,false
cl48218s02tr00419431,1951730,20.37238,86.785507,0.47861382,0.52808726,0.055420406,1989-12-31,2022-12-31,muddy_sediments,wetland,false
cl48218s02tr00419531,1951733,20.373224,86.78585,-3.1947951,0.76390153,0.61391133,1993-12-31,2022-12-31,muddy_sediments,wetland,false
cl48218s02tr00419631,1951300,20.374068,86.786193,2.3486638,0.95710725,0.35376683,2009-12-31,2022-12-31,muddy_sediments,wetland,false
cl48218s02tr00419731,1951301,20.374232,86.786226,6.782545,0.5557934,0.9254297,1988-12-31,2022-12-31,muddy_sediments,wetland,false
cl48218s02tr00419831,1951302,20.375099,86.786495,8.519378,1.0308691,0.86128294,2009-12-31,2022-12-31,muddy_sediments,wetland,false
cl48218s02tr00419931,1951296,20.374634,86.786419,0.27251577,0.24246469,0.05430207,1996-12-31,2020-12-31,muddy_sediments,wetland,false
cl48218s02tr00420031,1951287,20.37553,86.786546,1.13787,0.4197432,0.20217517,1988-12-31,2022-12-31,muddy_sediments,wetland,false
cl48218s02tr00420131,1951259,20.374811,86.786519,1.4457604,0.37361982,0.34051684,1988-12-31,2022-12-31,muddy_sediments,wetland,false
cl48218s02tr00420231,1951284,20.373987,86.786689,1.9109728,0.4638313,0.36921126,1988-12-31,2022-12-31,muddy_sediments,wetland,false
cl48218s02tr00420331,1951237,20.372296,86.787502,3.9348578,0.35498798,0.91782814,2009-12-31,2022-12-31,muddy_sediments,wetland,false
cl48218s02tr00420431,1951238,20.370628,86.789111,2.6301217,0.45253107,0.7543526,2009-12-31,2022-12-31,muddy_sediments,wetland,false
cl48218s02tr00420531,1951239,20.36986,86.79053,0.68031037,0.27796108,0.3525705,2009-12-31,2022-12-31,muddy_sediments,wetland,false
cl48218s02tr00420631,1951240,20.369794,86.790892,0.60737836,0.73355186,0.058668762,2009-12-31,2022-12-31,muddy_sediments,wetland,false
cl48218s02tr00420731,1951241,20.370033,86.789968,1.6556923,1.0762476,0.17705663,2009-12-31,2022-12-31,muddy_sediments,wetland,false
cl48218s02tr00420831,1951242,20.370089,86.789742,2.6758664,0.6864627,0.5800693,2009-12-31,2022-12-31,muddy_sediments,wetland,false
cl48218s02tr00420931,1951243,20.370262,86.788801,6.997404,1.8623161,0.5020948,2007-12-31,2022-12-31,muddy_sediments,wetland,false
cl48218s02tr00421031,1951244,20.370378,86.788159,10.8999405,0.4731266,0.96368617,2001-12-31,2022-12-31,muddy_sediments,wetland,false
cl48218s02tr00421131,1951245,20.370522,86.787213,-0.30768663,0.11461785,0.18861562,1988-12-31,2022-12-31,muddy_sediments,wetland,false
cl48218s02tr00421231,1951246,20.370667,86.786267,-0.66320556,0.6192285,0.063210264,1988-12-31,2020-12-31,muddy_sediments,wetland,false
cl48218s02tr00421331,1951226,20.371017,86.784457,-0.28458253,0.30237058,0.059506513,2000-12-31,2022-12-31,muddy_sediments,wetland,false
cl48218s02tr00421431,1951247,20.372123,86.781443,-0.24273692,0.1748365,0.056813948,1988-12-31,2022-12-31,muddy_sediments,wetland,false
cl48218s02tr00421531,1951248,20.373829,86.778853,7.1951895,1.0879507,0.6756192,2000-12-31,2022-12-31,muddy_sediments,wetland,false
cl48218s02tr00421631,1951249,20.37552,86.777107,10.256202,1.6839246,0.6385297,2000-12-31,2022-12-31,muddy_sediments,wetland,false
cl48218s02tr00421731,1951258,20.377028,86.77588,5.064187,0.72627395,0.77643067,2007-12-31,2022-12-31,muddy_sediments,wetland,false
cl48218s02tr00421831,1951303,20.377786,86.775359,9.687193,0.54280305,0.9087022,1988-12-31,2022-12-31,muddy_sediments,wetland,false
cl48218s02tr00421931,1951236,20.379134,86.774491,2.9703524,0.27734113,0.7872433,1989-12-31,2022-12-31,muddy_sediments,wetland,false
cl48218s02tr00422031,1951304,20.379926,86.774031,-9.55898,1.0187378,0.7587116,1992-12-31,2022-12-31,muddy_sediments,wetland,false
cl48218s02tr00422131,1951305,20.381029,86.773407,-1.7847576,0.33549315,0.51175684,1989-12-31,2022-12-31,muddy_sediments,wetland,false
cl48218s02tr00422231,1951272,20.381837,86.772979,-1.0889956,0.32198495,0.29003963,1988-12-31,2022-12-31,muddy_sediments,wetland,false
cl48218s02tr00422331,1951273,20.382646,86.772551,-0.75100875,0.12065208,0.5719268,1988-12-31,2022-12-31,muddy_sediments,wetland,false
cl48218s02tr00422431,1951274,20.383678,86.772024,-0.57189566,0.14713688,0.3207016,1988-12-31,2022-12-31,muddy_sediments,wetland,false
cl48218s02tr00422531,1951275,20.384497,86.771619,0.29601023,0.09193119,0.24470983,1988-12-31,2022-12-31,muddy_sediments,wetland,false
cl48218s02tr00422631,1951276,20.385316,86.771214,0.31475556,0.10346205,0.22433981,1988-12-31,2022-12-31,muddy_sediments,wetland,false
cl48218s02tr00422731,10643,20.385144,86.771337,0.44102192,0.1094955,0.3364145,1988-12-31,2022-12-31,muddy_sediments,wetland,false
cl48218s02tr00422831,1951271,20.38591,86.770829,0.5028574,0.1204507,0.35260606,1988-12-31,2022-12-31,muddy_sediments,wetland,false
cl48218s02tr00422931,1951277,20.385138,86.771523,0.78805137,0.1605388,0.42955175,1988-12-31,2022-12-31,muddy_sediments,wetland,false
cl48218s02tr00423031,1951279,20.385786,86.770856,1.080345,0.15272303,0.60994565,1988-12-31,2022-12-31,muddy_sediments,wetland,false
cl48218s02tr00423131,1951280,20.385478,86.77133,1.1196233,0.14853933,0.6396994,1988-12-31,2022-12-31,muddy_sediments,wetland,false
cl48218s02tr00423231,1951281,20.386018,86.770561,1.114919,0.18242508,0.5385878,1988-12-31,2022-12-31,muddy_sediments,wetland,false
cl48218s02tr00423331,1951229,20.386559,86.769793,1.1231097,0.22165354,0.44515806,1988-12-31,2022-12-31,muddy_sediments,wetland,false
cl48218s02tr00423431,1951228,20.38637,86.770073,1.0291071,0.2251815,0.39492518,1988-12-31,2022-12-31,muddy_sediments,wetland,false
cl48218s02tr00423531,1951227,20.386807,86.769234,0.7737902,0.21837744,0.28179318,1988-12-31,2022-12-31,muddy_sediments,wetland,false
cl48218s02tr00423631,1951278,20.386786,86.769397,1.2845426,0.28275096,0.39208585,1988-12-31,2022-12-31,muddy_sediments,wetland,false
cl48218s02tr00423731,1951270,20.387129,86.76851,2.1151845,0.36008763,0.5188321,1988-12-31,2022-12-31,muddy_sediments,wetland,false
cl48218s02tr00423831,1951269,20.387471,86.767623,2.9503977,0.4584334,0.56415063,1988-12-31,2022-12-31,muddy_sediments,wetland,false
cl48218s02tr00423931,1951268,20.387449,86.767742,3.593658,0.5681866,0.5555735,1988-12-31,2022-12-31,muddy_sediments,wetland,false
cl48218s02tr00424031,1951306,20.387696,86.76682,4.152469,0.6627751,0.5509004,1988-12-31,2022-12-31,muddy_sediments,wetland,false
cl48218s02tr00424131,1951307,20.387942,86.765898,4.704882,0.7118189,0.57720965,1988-12-31,2022-12-31,muddy_sediments,wetland,false
cl48218s02tr00424231,1951308,20.387901,86.766057,5.3649497,0.7564277,0.6111942,1988-12-31,2022-12-31,muddy_sediments,wetland,false
cl48218s02tr00424331,1951286,20.388044,86.765111,6.368107,0.81228215,0.65761495,1988-12-31,2022-12-31,muddy_sediments,wetland,false
cl48218s02tr00424431,1951309,20.388188,86.764165,7.237422,0.78072435,0.7286651,1988-12-31,2022-12-31,muddy_sediments,wetland,false
cl48218s02tr00424531,1951285,20.388131,86.7644,7.7546935,0.6778872,0.80351496,1988-12-31,2022-12-31,muddy_sediments,wetland,false
cl48218s02tr00424631,1951283,20.388162,86.763442,7.8966303,0.6262651,0.8324511,1988-12-31,2022-12-31,muddy_sediments,wetland,false
cl48218s02tr00424731,1951260,20.388184,86.76295,7.590656,0.58207947,0.84162873,1988-12-31,2022-12-31,muddy_sediments,wetland,false
cl48218s02tr00424831,1951261,20.388171,86.761992,7.5661225,0.5951001,0.83475053,1988-12-31,2022-12-31,muddy_sediments,wetland,false
cl48218s02tr00424931,1951262,20.388169,86.760573,8.826143,0.7053394,0.8303138,1988-12-31,2022-12-31,muddy_sediments,wetland,false
cl48218s02tr00425031,1951263,20.388199,86.759615,10.644861,1.0504991,0.7624009,1988-12-31,2022-12-31,muddy_sediments,wetland,false
cl48218s02tr00425131,1951264,20.388322,86.75787,1.3184671,2.3694859,0.015245099,1998-12-31,2022-12-31,muddy_sediments,wetland,false
cl48218s02tr00425231,1951265,20.388598,86.755899,7.218885,0.8353555,0.72029,1989-12-31,2022-12-31,muddy_sediments,wetland,false
cl48218s02tr00425331,1951266,20.388799,86.754965,8.539669,0.62112427,0.8552216,1988-12-31,2022-12-31,muddy_sediments,moderately_sloped,false
cl48218s02tr00425431,1951267,20.389445,86.752804,12.671572,1.1110452,0.8025618,1988-12-31,2022-12-31,muddy_sediments,wetland,false
cl48218s02tr00425531,1950706,20.39036,86.750711,11.112521,1.3198242,0.6889922,1988-12-31,2022-12-31,muddy_sediments,wetland,false
cl48218s02tr00425631,1950704,20.391408,86.748911,9.618324,1.4996195,0.5624673,1988-12-31,2022-12-31,muddy_sediments,wetland,false
cl48218s02tr00425731,1950701,20.392463,86.74743,8.062293,1.0662876,0.641135,1988-12-31,2022-12-31,muddy_sediments,wetland,false
cl48218s02tr00425831,1950703,20.393057,86.746708,4.3628993,0.73859584,0.52162313,1988-12-31,2022-12-31,muddy_sediments,wetland,false
cl48218s02tr00425931,1950702,20.393556,86.746089,2.8743572,0.49105844,0.51707,1988-12-31,2022-12-31,muddy_sediments,wetland,false
cl48218s02tr00426031,1950708,20.393578,86.746104,2.3249645,0.4962284,0.40687755,1988-12-31,2022-12-31,muddy_sediments,wetland,false
cl48218s02tr00426131,1950707,20.39409,86.745315,2.4226582,0.39824623,0.5441629,1988-12-31,2022-12-31,muddy_sediments,wetland,false
cl48218s02tr00426231,1950700,20.39398,86.745434,2.236378,0.35447967,0.5621609,1988-12-31,2022-12-31,muddy_sediments,wetland,false
cl48218s02tr00426331,1950699,20.393925,86.745569,2.1627703,0.3069421,0.61561686,1988-12-31,2022-12-31,muddy_sediments,wetland,false
cl48218s02tr00426431,1950698,20.394252,86.744676,2.7189302,0.36437333,0.6423647,1988-12-31,2022-12-31,muddy_sediments,wetland,false
cl48218s02tr00426531,1950696,20.394223,86.744624,2.769922,0.35739154,0.6595968,1988-12-31,2022-12-31,muddy_sediments,wetland,false
cl48218s02tr00426631,1950690,20.394268,86.744461,2.082756,0.31184998,0.5899752,1988-12-31,2022-12-31,muddy_sediments,wetland,false
cl48218s02tr00426731,1950969,20.394441,86.74352,,,,,,muddy_sediments,wetland,false
cl48218s02tr00426831,1950970,20.394508,86.74307,,,,,,muddy_sediments,wetland,false
cl48218s02tr00426931,1950691,20.394634,86.742121,-0.15945943,0.18481526,0.05416244,1988-12-31,2021-12-31,muddy_sediments,wetland,false
cl48218s02tr00427031,1950692,20.394692,86.741597,8.508722,1.0020574,0.71315914,1988-12-31,2022-12-31,muddy_sediments,wetland,false
cl48218s02tr00427131,1950693,20.394778,86.740643,7.581158,0.82287425,0.7262144,1988-12-31,2022-12-31,muddy_sediments,wetland,false
cl48218s02tr00427231,1950694,20.394855,86.739771,6.7449126,0.8804546,0.65435183,1988-12-31,2022-12-31,muddy_sediments,wetland,false
cl48218s02tr00427331,1950695,20.394933,86.738816,5.7697506,0.73944193,0.6626195,1988-12-31,2022-12-31,muddy_sediments,wetland,false
cl48218s02tr00427431,1950617,20.395011,86.737861,5.2025776,0.62917,0.68805224,1988-12-31,2022-12-31,muddy_sediments,wetland,false
cl48218s02tr00427531,1950589,20.395116,86.736689,4.613452,0.5538728,0.69117236,1988-12-31,2022-12-31,muddy_sediments,wetland,false
cl48218s02tr00427631,1949482,20.395214,86.735736,3.9070327,0.48463297,0.6770606,1988-12-31,2022-12-31,muddy_sediments,wetland,false
cl48218s02tr00427731,1949443,20.395414,86.734124,2.8990195,0.4344851,0.5895112,1988-12-31,2022-12-31,muddy_sediments,wetland,false
cl48218s02tr00427831,1949451,20.395575,86.733181,2.5766797,0.46320072,0.49161503,1988-12-31,2022-12-31,muddy_sediments,wetland,false
cl48218s02tr00427931,1949444,20.396172,86.73083,2.6135187,0.40573835,0.56457543,1988-12-31,2022-12-31,muddy_sediments,wetland,false
cl48218s02tr00428031,1949715,20.397982,86.727279,,,,,,muddy_sediments,wetland,false
cl48218s02tr00428131,1949445,20.40215,86.723905,-0.89650416,0.1735932,0.46246812,1988-12-31,2022-12-31,muddy_sediments,wetland,false
cl48218s02tr00428231,1949446,20.407671,86.723046,-0.084397405,0.13363536,0.01312072,1990-12-31,2022-12-31,muddy_sediments,wetland,false
cl48218s02tr00428331,1949447,20.408571,86.723141,1.0549406,0.28465578,0.30031094,1988-12-31,2022-12-31,muddy_sediments,wetland,false
cl48218s02tr00428431,1949448,20.40918,86.723205,2.3448489,0.38097113,0.5420924,1988-12-31,2022-12-31,muddy_sediments,wetland,false
cl48218s02tr00428531,1949449,20.410082,86.723269,4.037841,0.49089894,0.6788994,1988-12-31,2022-12-31,muddy_sediments,wetland,false
cl48218s02tr00428631,1949450,20.410829,86.723307,6.09619,0.495594,0.8254314,1988-12-31,2022-12-31,muddy_sediments,wetland,false
cl48218s02tr00428731,1949453,20.41163,86.723343,7.9815273,0.43623665,0.9127484,1988-12-31,2022-12-31,muddy_sediments,wetland,false
cl48218s02tr00428831,1949454,20.412402,86.723373,9.740407,0.38745448,0.9518068,1988-12-31,2022-12-31,muddy_sediments,wetland,false
cl48218s02tr00428931,1949455,20.413305,86.723395,11.3470335,0.33101052,0.97349054,1988-12-31,2022-12-31,muddy_sediments,wetland,false
cl48218s02tr00429031,1949456,20.414099,86.723409,12.318616,0.39610955,0.96797276,1988-12-31,2022-12-31,muddy_sediments,wetland,false
cl48218s02tr00429131,1949527,20.415003,86.72342,12.729228,0.4954102,0.95377046,1988-12-31,2022-12-31,muddy_sediments,wetland,false
cl48218s02tr00429231,1949528,20.415804,86.72342,12.827873,0.57708526,0.939177,1988-12-31,2022-12-31,muddy_sediments,wetland,false
cl48218s02tr00429331,1949529,20.416657,86.723419,13.416289,0.47672576,0.96233314,1989-12-31,2022-12-31,muddy_sediments,wetland,false
cl48218s02tr00429431,1949523,20.41756,86.723414,9.907163,0.51456726,0.92053497,1988-12-31,2022-12-31,muddy_sediments,wetland,false
cl48218s02tr00429531,1949475,20.418415,86.723406,9.062159,0.4831085,0.916637,1988-12-31,2022-12-31,muddy_sediments,wetland,false
cl48218s02tr00429631,1949474,20.419318,86.723395,8.801157,0.46008044,0.9219029,1988-12-31,2022-12-31,muddy_sediments,wetland,false
cl48218s02tr00429731,1949473,20.420222,86.723384,8.393646,0.39471197,0.9358458,1988-12-31,2022-12-31,muddy_sediments,wetland,false
cl48218s02tr00429831,1949458,20.421125,86.723374,7.3917527,0.3383781,0.93715495,1988-12-31,2022-12-31,muddy_sediments,wetland,false
cl48218s02tr00429931,1949459,20.422029,86.723363,5.5233703,0.236425,0.9446161,1988-12-31,2022-12-31,muddy_sediments,wetland,false
cl48218s02tr00430031,1949460,20.422932,86.723352,3.3527427,0.2557613,0.8430161,1988-12-31,2022-12-31,muddy_sediments,wetland,false
cl48218s02tr00430131,1949461,20.423836,86.723341,2.4424272,0.27137172,0.72974294,1989-12-31,2022-12-31,muddy_sediments,wetland,false
cl48218s02tr00430231,1949462,20.424739,86.723331,1.8121953,0.27216592,0.5885023,1989-12-31,2022-12-31,muddy_sediments,wetland,false
cl48218s02tr00430331,1949463,20.425643,86.72332,1.2670413,0.22296178,0.518412,1989-12-31,2022-12-31,muddy_sediments,wetland,false
cl48218s02tr00430431,1949464,20.426547,86.723309,-0.7821459,0.32509035,0.15734583,1989-12-31,2022-12-31,muddy_sediments,wetland,false
cl48218s02tr00430531,1949465,20.42745,86.723299,-0.8868623,0.3478097,0.17337155,1989-12-31,2022-12-31,muddy_sediments,wetland,false
cl48218s02tr00430631,1949466,20.428354,86.723288,-1.1111902,0.33526772,0.26163813,1989-12-31,2022-12-31,muddy_sediments,wetland,false
cl48218s02tr00430731,1949467,20.429257,86.723277,-1.1399266,0.31926492,0.29140058,1989-12-31,2022-12-31,muddy_sediments,wetland,false
cl48218s02tr00430831,1949468,20.430161,86.723266,-0.8333312,0.23298517,0.2989539,1990-12-31,2022-12-31,muddy_sediments,wetland,false
cl48218s02tr00430931,1949469,20.431202,86.723259,0.22247382,0.076345526,0.261348,1990-12-31,2022-12-31,muddy_sediments,wetland,false
cl48218s02tr00431031,1949470,20.432106,86.723263,0.12946971,0.11576525,0.047647245,1990-12-31,2022-12-31,muddy_sediments,wetland,false
cl48218s02tr00431131,1949471,20.43301,86.723267,0.2872187,0.1189878,0.18307512,1990-12-31,2022-12-31,muddy_sediments,wetland,false
cl48218s02tr00431231,1949472,20.433913,86.723271,0.74887496,0.16397731,0.4101103,1989-12-31,2022-12-31,muddy_sediments,wetland,false
cl48218s02tr00431331,1949531,20.434817,86.723274,0.80853105,0.21422334,0.31484008,1989-12-31,2022-12-31,muddy_sediments,wetland,false
cl48218s02tr00431431,1949530,20.43572,86.723278,1.221611,0.2562313,0.42304233,1989-12-31,2022-12-31,muddy_sediments,wetland,false
cl48218s02tr00431531,1949526,20.436624,86.723282,1.0144306,0.27340338,0.3145509,1990-12-31,2022-12-31,muddy_sediments,wetland,false
cl48218s02tr00431631,1949525,20.437528,86.723286,1.4406993,0.29998317,0.42661583,1989-12-31,2022-12-31,muddy_sediments,wetland,false
cl48218s02tr00431731,1949524,20.438431,86.72329,1.4389329,0.27303705,0.4725556,1989-12-31,2022-12-31,muddy_sediments,wetland,false
cl48218s02tr00431831,1949522,20.439335,86.723294,1.6592704,0.32190558,0.46151692,1989-12-31,2022-12-31,muddy_sediments,wetland,false
cl48218s02tr00431931,1949499,20.440238,86.723298,1.9694519,0.33734065,0.5236941,1989-12-31,2022-12-31,muddy_sediments,wetland,false
cl48218s02tr00432031,1949521,20.441142,86.723302,1.9493759,0.3292507,0.5306871,1989-12-31,2022-12-31,muddy_sediments,wetland,false
cl48218s02tr00432131,1949520,20.442354,86.723343,1.6050254,0.3431823,0.4136926,1989-12-31,2022-12-31,muddy_sediments,wetland,false
cl48218s02tr00432231,1949519,20.443257,86.72338,1.4497478,0.3352393,0.3762757,1989-12-31,2022-12-31,muddy_sediments,wetland,false
cl48218s02tr00432331,1949517,20.44416,86.723417,1.4933919,0.35355097,0.36530033,1989-12-31,2022-12-31,muddy_sediments,wetland,false
cl48218s02tr00432431,1949441,20.445063,86.723453,1.5373152,0.38205558,0.35052234,1989-12-31,2022-12-31,muddy_sediments,wetland,false
cl48218s02tr00432531,1949518,20.445966,86.72349,1.8694072,0.44725052,0.3604361,1989-12-31,2022-12-31,muddy_sediments,wetland,false
cl48218s02tr00432631,1949516,20.446869,86.723527,2.0463686,0.40357384,0.45337042,1989-12-31,2022-12-31,muddy_sediments,wetland,false
cl48218s02tr00432731,1949457,20.447772,86.723564,2.1656716,0.42092112,0.46060517,1989-12-31,2022-12-31,muddy_sediments,wetland,false
cl48218s02tr00432831,1949476,20.448675,86.7236,2.3045585,0.3982231,0.5193096,1989-12-31,2022-12-31,muddy_sediments,wetland,false
cl48218s02tr00432931,1949477,20.450135,86.723687,2.4828029,0.34627995,0.6238224,1989-12-31,2022-12-31,muddy_sediments,wetland,false
cl48218s02tr00433031,1949498,20.451034,86.723782,2.2928884,0.32579747,0.6150514,1989-12-31,2022-12-31,muddy_sediments,wetland,false
cl48218s02tr00433131,1949479,20.451933,86.723878,1.580305,0.2982906,0.47517604,1989-12-31,2022-12-31,muddy_sediments,wetland,false
cl48218s02tr00433231,1949480,20.452832,86.723974,1.3125081,0.27797952,0.41831565,1989-12-31,2022-12-31,muddy_sediments,wetland,false
cl48218s02tr00433331,1949442,20.453731,86.72407,1.1597768,0.24072447,0.42816854,1989-12-31,2022-12-31,muddy_sediments,wetland,false
cl48218s02tr00433431,1949481,20.454631,86.724166,1.020066,0.24272925,0.362938,1989-12-31,2022-12-31,muddy_sediments,wetland,false
cl48218s02tr00433531,1949483,20.45553,86.724262,1.0675784,0.24639185,0.3771795,1989-12-31,2022-12-31,muddy_sediments,wetland,false
cl48218s02tr00433631,1949478,20.457444,86.724574,1.4000473,0.25467917,0.49363187,1989-12-31,2022-12-31,muddy_sediments,wetland,false
cl48218s02tr00433731,1949497,20.458327,86.724778,1.5192136,0.2492754,0.5531935,1990-12-31,2022-12-31,muddy_sediments,wetland,false
cl48218s02tr00433831,1949496,20.45921,86.724982,2.8877742,0.3815997,0.648796,1989-12-31,2022-12-31,muddy_sediments,wetland,false
cl48218s02tr00433931,1949495,20.460093,86.725187,3.4522839,0.42967486,0.6755811,1989-12-31,2022-12-31,muddy_sediments,wetland,false
cl48218s02tr00434031,1949494,20.460975,86.725391,3.9000797,0.48539588,0.67559206,1989-12-31,2022-12-31,muddy_sediments,wetland,false
cl48218s02tr00434131,1949493,20.46333,86.726116,5.359596,0.53950703,0.7609671,1989-12-31,2022-12-31,muddy_sediments,wetland,false
cl48218s02tr00434231,1949492,20.464167,86.726478,6.5209684,0.50695145,0.8422066,1989-12-31,2022-12-31,muddy_sediments,wetland,false
cl48218s02tr00434331,1949491,20.465003,86.726839,6.6523714,0.5166359,0.84247947,1989-12-31,2022-12-31,muddy_sediments,wetland,false
cl48218s02tr00434431,1949490,20.46584,86.727201,5.7007833,0.47387978,0.82829803,1990-12-31,2022-12-31,muddy_sediments,wetland,false
cl48218s02tr00434531,1949489,20.466677,86.727562,6.2144494,0.51074576,0.82685983,1989-12-31,2022-12-31,muddy_sediments,wetland,false
cl48218s02tr00434631,1949488,20.469059,86.729016,6.56329,0.43901953,0.87475485,1988-12-31,2022-12-31,muddy_sediments,wetland,false
cl48218s02tr00434731,1949487,20.469809,86.72955,5.6618853,0.31377432,0.9130684,1989-12-31,2022-12-31,muddy_sediments,wetland,false
cl48218s02tr00434831,1949486,20.470559,86.730085,4.714888,0.2539529,0.91748655,1989-12-31,2022-12-31,muddy_sediments,wetland,false
cl48218s02tr00434931,1949485,20.472465,86.731629,3.7022295,0.2714511,0.85715145,1989-12-31,2022-12-31,muddy_sediments,wetland,false
cl48218s02tr00435031,1949484,20.473122,86.732288,4.0263104,0.35776538,0.813689,1991-12-31,2022-12-31,muddy_sediments,wetland,false
cl48218s02tr00435131,1948360,20.473778,86.732946,10.303723,1.0542139,0.74907476,1988-12-31,2022-12-31,muddy_sediments,wetland,false
cl48218s02tr00435231,1948359,20.474435,86.733605,10.575735,0.7892675,0.84873176,1988-12-31,2022-12-31,muddy_sediments,wetland,false
cl48218s02tr00435331,1948358,20.475053,86.734224,10.479522,0.4750529,0.938299,1988-12-31,2022-12-31,muddy_sediments,wetland,false
cl48218s02tr00435431,1948361,20.475713,86.734879,5.1613235,2.1406531,0.30900285,2004-12-31,2022-12-31,muddy_sediments,wetland,false
cl48218s02tr00435531,1948357,20.475635,86.734809,-3.5518668,0.17851149,0.9542054,1988-12-31,2010-12-31,muddy_sediments,wetland,false
cl48218s02tr00435631,1948354,20.476359,86.735381,-2.5560405,0.21723542,0.8122551,1988-12-31,2022-12-31,muddy_sediments,wetland,false
cl48218s02tr00435731,1948356,20.476497,86.73546,-1.4781681,0.18393886,0.6686698,1988-12-31,2022-12-31,muddy_sediments,wetland,false
cl48218s02tr00435831,1948355,20.477263,86.735968,-0.9656676,0.12086643,0.66608506,1988-12-31,2022-12-31,muddy_sediments,wetland,false
cl48218s02tr00435931,1948353,20.47751,86.736103,-0.8124591,0.1027,0.66167575,1988-12-31,2022-12-31,muddy_sediments,wetland,false
cl48218s02tr00436031,1944203,20.478308,86.736553,-0.89765376,0.09032141,0.75530034,1988-12-31,2022-12-31,muddy_sediments,sediment_plain,false
cl48218s02tr00436131,1938614,20.478685,86.736757,-1.0361481,0.12956265,0.66651523,1988-12-31,2022-12-31,muddy_sediments,sediment_plain,false
cl48218s02tr00436231,1938620,20.479504,86.737161,-1.2150805,0.148511,0.67657524,1988-12-31,2022-12-31,muddy_sediments,wetland,false
cl48218s02tr00436331,1940056,20.480324,86.737565,-1.429381,0.16483293,0.7014878,1988-12-31,2022-12-31,muddy_sediments,wetland,false
cl48218s02tr00436431,1944198,20.480799,86.737769,-1.7205133,0.19817026,0.7019847,1988-12-31,2022-12-31,muddy_sediments,wetland,false
cl48218s02tr00436531,1938612,20.481634,86.738135,-1.6700431,0.21477804,0.6539083,1988-12-31,2022-12-31,muddy_sediments,sediment_plain,false
cl48218s02tr00436631,10555,20.482469,86.738501,-1.5454214,0.22459088,0.59671766,1988-12-31,2022-12-31,muddy_sediments,wetland,false
cl48218s02tr00436731,1944202,20.48303,86.738718,-1.4728718,0.22823395,0.5654867,1988-12-31,2022-12-31,muddy_sediments,wetland,false
cl48218s02tr00436831,1948550,20.483876,86.739054,-1.4628929,0.22805353,0.56253237,1988-12-31,2022-12-31,muddy_sediments,wetland,false
cl48218s02tr00436931,1948541,20.484722,86.739389,-1.3563406,0.22690247,0.52755076,1988-12-31,2022-12-31,muddy_sediments,sediment_plain,false
cl48218s02tr00437031,1948562,20.485355,86.739623,-1.2815582,0.23016371,0.49208724,1988-12-31,2022-12-31,muddy_sediments,sediment_plain,false
cl48218s02tr00437131,1948542,20.48621,86.739936,-1.3644313,0.23414655,0.5148345,1988-12-31,2022-12-31,muddy_sediments,sediment_plain,false
cl48218s02tr00437231,8712963,20.487064,86.740248,-1.4926084,0.2253947,0.57813424,1988-12-31,2022-12-31,sandy_gravel_or_small_boulder_sediments,sediment_plain,true
cl48218s02tr00437331,8712965,20.487873,86.740543,-1.6031058,0.22659773,0.60999894,1988-12-31,2022-12-31,sandy_gravel_or_small_boulder_sediments,sediment_plain,true
cl48218s02tr00437431,8713148,20.488729,86.74085,-1.6232226,0.20344535,0.6654789,1988-12-31,2022-12-31,sandy_gravel_or_small_boulder_sediments,sediment_plain,true
cl48218s02tr00437531,8712948,20.489585,86.741158,-1.3994473,0.17967612,0.6546671,1988-12-31,2022-12-31,sandy_gravel_or_small_boulder_sediments,sediment_plain,true
cl48218s02tr00437631,8712947,20.490607,86.741532,-1.0466595,0.16124062,0.5683657,1988-12-31,2022-12-31,sandy_gravel_or_small_boulder_sediments,sediment_plain,true
cl48218s02tr00437731,8712950,20.491457,86.741858,-0.4545752,0.13890667,0.25676233,1989-12-31,2022-12-31,sandy_gravel_or_small_boulder_sediments,sediment_plain,true
cl48218s02tr00437831,8712991,20.492307,86.742183,0.09821387,0.14263727,0.015063525,1989-12-31,2022-12-31,sandy_gravel_or_small_boulder_sediments,sediment_plain,true
cl48218s02tr00437931,8712989,20.493295,86.742569,0.75186604,0.21280886,0.28706947,1989-12-31,2022-12-31,sandy_gravel_or_small_boulder_sediments,sediment_plain,true
cl48218s02tr00438031,8713003,20.49414,86.742909,1.3322736,0.33244157,0.33417112,1988-12-31,2022-12-31,sandy_gravel_or_small_boulder_sediments,sediment_plain,true
cl48218s02tr00438131,8713002,20.494985,86.74325,2.8448224,0.3810495,0.6425999,1989-12-31,2022-12-31,sandy_gravel_or_small_boulder_sediments,sediment_plain,true
cl48218s02tr00438231,8713001,20.496003,86.743677,3.843364,0.4594461,0.69299865,1989-12-31,2022-12-31,sandy_gravel_or_small_boulder_sediments,dune,true
cl48218s02tr00438331,8713000,20.496841,86.744036,3.586869,0.52585393,0.5924945,1988-12-31,2022-12-31,sandy_gravel_or_small_boulder_sediments,sediment_plain,true
cl48218s02tr00438431,8712999,20.497824,86.744462,3.9503627,0.56069195,0.60803175,1988-12-31,2022-12-31,sandy_gravel_or_small_boulder_sediments,inlet,true
cl48218s02tr00438531,8712998,20.498656,86.744837,4.400893,0.6041929,0.62377506,1988-12-31,2022-12-31,sandy_gravel_or_small_boulder_sediments,inlet,true
cl48218s02tr00438631,8712997,20.499488,86.745211,4.2499924,0.50292665,0.69729906,1989-12-31,2022-12-31,sandy_gravel_or_small_boulder_sediments,inlet,true
cl48218s02tr00438731,8712996,20.500615,86.745764,3.3556254,0.5363563,0.5501938,1988-12-31,2022-12-31,sandy_gravel_or_small_boulder_sediments,inlet,true
cl48218s02tr00438831,8712995,20.501817,86.74638,3.2506146,0.3821217,0.7000914,1989-12-31,2022-12-31,sandy_gravel_or_small_boulder_sediments,inlet,true
cl48218s02tr00438931,8712994,20.502616,86.746829,2.5115352,0.2573676,0.7544153,1989-12-31,2022-12-31,sandy_gravel_or_small_boulder_sediments,inlet,true
cl48218s02tr00439031,8712993,20.504168,86.747832,0.91139585,0.1884162,0.4301255,1989-12-31,2022-12-31,sandy_gravel_or_small_boulder_sediments,inlet,true
cl48218s02tr00439131,8712992,20.506425,86.749946,-4.068547,0.3558986,0.803301,1988-12-31,2022-12-31,sandy_gravel_or_small_boulder_sediments,dune,true
cl48218s02tr00439231,8712990,20.507617,86.751555,4.797544,2.467444,0.22528894,2008-12-31,2022-12-31,sandy_gravel_or_small_boulder_sediments,inlet,true
cl48218s02tr00439331,8713325,20.508474,86.752953,,,,,,sandy_gravel_or_small_boulder_sediments,inlet,true
cl48218s02tr00439431,8713327,20.509186,86.754272,,,,,,sandy_gravel_or_small_boulder_sediments,inlet,true
cl48218s02tr00439531,8713326,20.509766,86.755446,,,,,,sandy_gravel_or_small_boulder_sediments,inlet,true
cl48218s02tr00439631,8713004,20.510341,86.756696,8.199458,0.803287,0.8389573,2000-12-31,2021-12-31,sandy_gravel_or_small_boulder_sediments,inlet,true
cl48218s02tr00439731,8712978,20.510709,86.757572,14.407292,1.0309393,0.85921586,1988-12-31,2022-12-31,sandy_gravel_or_small_boulder_sediments,inlet,true
cl48218s02tr00439831,8712949,20.511183,86.758765,0.49773365,0.65725094,0.018163824,1988-12-31,2021-12-31,sandy_gravel_or_small_boulder_sediments,inlet,true
cl48218s02tr00439931,8712976,20.511655,86.760037,-0.72684014,0.523228,0.060436655,1988-12-31,2020-12-31,sandy_gravel_or_small_boulder_sediments,sediment_plain,true
cl48218s02tr00440031,8712958,20.511958,86.760941,0.123466335,0.5180993,0.0018894293,1988-12-31,2020-12-31,sandy_gravel_or_small_boulder_sediments,sediment_plain,true
cl48218s02tr00440131,8712957,20.51224,86.761771,0.9104742,0.29625055,0.22789854,1988-12-31,2022-12-31,sandy_gravel_or_small_boulder_sediments,sediment_plain,true
cl48218s02tr00440231,8712956,20.51255,86.762672,0.07672677,0.32311204,0.0017590706,1988-12-31,2022-12-31,sandy_gravel_or_small_boulder_sediments,sediment_plain,true
cl48218s02tr00440331,8712955,20.512859,86.763573,-0.3326876,0.44342303,0.017286796,1988-12-31,2022-12-31,sandy_gravel_or_small_boulder_sediments,sediment_plain,true
cl48218s02tr00440431,8712954,20.512842,86.76358,-1.2127335,0.4188152,0.20762014,1988-12-31,2022-12-31,sandy_gravel_or_small_boulder_sediments,inlet,true
cl48218s02tr00440531,8712953,20.513235,86.764444,-2.0335293,0.38783193,0.4621168,1988-12-31,2022-12-31,sandy_gravel_or_small_boulder_sediments,inlet,true
cl48218s02tr00440631,8712952,20.513627,86.765308,-3.7348418,0.38740134,0.7559868,1988-12-31,2022-12-31,sandy_gravel_or_small_boulder_sediments,sediment_plain,true
cl48218s02tr00440731,8712933,20.513345,86.764806,-4.7471814,0.37373817,0.84320945,1990-12-31,2022-12-31,sandy_gravel_or_small_boulder_sediments,sediment_plain,true
cl48218s02tr00440831,8712904,20.513863,86.765592,-3.2386816,0.56872195,0.503331,1988-12-31,2022-12-31,sandy_gravel_or_small_boulder_sediments,sediment_plain,true
cl48218s02tr00440931,8713015,20.514381,86.766378,-2.422116,0.70347995,0.27031577,1988-12-31,2022-12-31,sandy_gravel_or_small_boulder_sediments,sediment_plain,true
cl48218s02tr00441031,8713016,20.513873,86.765637,-0.48723656,0.7365878,0.013489127,1988-12-31,2022-12-31,sandy_gravel_or_small_boulder_sediments,sediment_plain,true
cl48218s02tr00441131,8713017,20.514524,86.766302,0.971256,0.69518197,0.057491884,1988-12-31,2022-12-31,sandy_gravel_or_small_boulder_sediments,sediment_plain,true
cl48218s02tr00441231,8713018,20.513924,86.765839,2.6677766,0.725275,0.29716465,1988-12-31,2022-12-31,sandy_gravel_or_small_boulder_sediments,sediment_plain,true
cl48218s02tr00441331,8713019,20.514678,86.766367,3.674207,0.84730303,0.3701281,1988-12-31,2022-12-31,sandy_gravel_or_small_boulder_sediments,sediment_plain,true
cl48218s02tr00441431,8713020,20.515432,86.766896,4.5926824,0.9967128,0.39885882,1988-12-31,2022-12-31,sandy_gravel_or_small_boulder_sediments,sediment_plain,true
cl48218s02tr00441531,8713022,20.515173,86.766754,5.761386,1.0650592,0.47765478,1988-12-31,2022-12-31,sandy_gravel_or_small_boulder_sediments,sediment_plain,true
cl48218s02tr00441631,8713021,20.515986,86.767173,6.9246173,1.1367143,0.53696895,1988-12-31,2022-12-31,sandy_gravel_or_small_boulder_sediments,sediment_plain,true
cl48218s02tr00441731,8713041,20.516799,86.767591,8.253211,1.1544136,0.6149774,1988-12-31,2022-12-31,sandy_gravel_or_small_boulder_sediments,sediment_plain,true
cl48218s02tr00441831,8713043,20.517612,86.768009,9.485533,1.1006855,0.69887227,1988-12-31,2022-12-31,sandy_gravel_or_small_boulder_sediments,sediment_plain,true
cl48218s02tr00441931,8713057,20.517803,86.768062,10.373701,0.959169,0.78519267,1988-12-31,2022-12-31,sandy_gravel_or_small_boulder_sediments,sediment_plain,true
cl48218s02tr00442031,8713058,20.518645,86.768411,11.025951,0.79507375,0.8573446,1988-12-31,2022-12-31,sandy_gravel_or_small_boulder_sediments,inlet,true
cl48218s02tr00442131,8713059,20.519486,86.768761,11.524808,0.60882974,0.9180168,1988-12-31,2022-12-31,sandy_gravel_or_small_boulder_sediments,dune,true
cl48218s02tr00442231,8713060,20.520328,86.76911,11.699464,0.43428612,0.95776904,1988-12-31,2022-12-31,sandy_gravel_or_small_boulder_sediments,dune,true
cl48218s02tr00442331,8713061,20.520811,86.76929,11.787831,0.29868084,0.979869,1988-12-31,2022-12-31,sandy_gravel_or_small_boulder_sediments,dune,true
cl48218s02tr00442431,8713062,20.521666,86.7696,12.035369,0.28227815,0.98270154,1988-12-31,2022-12-31,sandy_gravel_or_small_boulder_sediments,dune,true
cl48218s02tr00442531,8713034,20.522521,86.769911,12.187788,0.3585571,0.9730504,1988-12-31,2022-12-31,sandy_gravel_or_small_boulder_sediments,dune,true
cl48218s02tr00442631,8713036,20.523376,86.770221,11.898511,0.42770836,0.9602933,1988-12-31,2022-12-31,sandy_gravel_or_small_boulder_sediments,inlet,true
cl48218s02tr00442731,8713037,20.524231,86.770532,11.165978,0.4760376,0.9450349,1988-12-31,2022-12-31,sandy_gravel_or_small_boulder_sediments,inlet,true
cl48218s02tr00442831,8712934,20.525097,86.770847,10.597776,0.49156094,0.93558896,1988-12-31,2022-12-31,sandy_gravel_or_small_boulder_sediments,inlet,true
cl48218s02tr00442931,8713039,20.525951,86.771159,9.997373,0.5125401,0.9224179,1988-12-31,2022-12-31,sandy_gravel_or_small_boulder_sediments,inlet,true
cl48218s02tr00443031,8713024,20.526806,86.771471,9.032403,0.5430257,0.89633024,1988-12-31,2022-12-31,sandy_gravel_or_small_boulder_sediments,inlet,true
cl48218s02tr00443131,8713031,20.527834,86.771864,7.991873,0.58546114,0.85343814,1988-12-31,2022-12-31,sandy_gravel_or_small_boulder_sediments,inlet,true
cl48218s02tr00443231,8713023,20.528682,86.772195,7.1151867,0.63691735,0.7959153,1988-12-31,2022-12-31,sandy_gravel_or_small_boulder_sediments,inlet,true
cl48218s02tr00443331,8713013,20.529531,86.772526,6.1546354,0.7024149,0.7058135,1988-12-31,2022-12-31,sandy_gravel_or_small_boulder_sediments,inlet,true
cl48218s02tr00443431,8713007,20.530555,86.772949,5.0568647,0.759465,0.5807954,1988-12-31,2022-12-31,sandy_gravel_or_small_boulder_sediments,inlet,true
cl48218s02tr00443531,8713008,20.531396,86.773299,3.8942525,0.7871777,0.43336627,1988-12-31,2022-12-31,sandy_gravel_or_small_boulder_sediments,inlet,true
cl48218s02tr00443631,8713009,20.532418,86.773731,2.3602312,0.77892226,0.22295494,1988-12-31,2022-12-31,sandy_gravel_or_small_boulder_sediments,inlet,true
cl48218s02tr00443731,8713010,20.533252,86.774101,1.0732998,0.761551,0.058444057,1988-12-31,2022-12-31,sandy_gravel_or_small_boulder_sediments,dune,true
cl48218s02tr00443831,8713063,20.534086,86.77447,-0.33940384,0.775482,0.00595039,1988-12-31,2022-12-31,sandy_gravel_or_small_boulder_sediments,dune,true
cl48218s02tr00443931,8713069,20.535097,86.774933,-1.4471443,0.7570789,0.10247932,1988-12-31,2022-12-31,sandy_gravel_or_small_boulder_sediments,sediment_plain,true
cl48218s02tr00444031,8713068,20.535923,86.775322,-2.3686252,0.72938186,0.2478708,1988-12-31,2022-12-31,sandy_gravel_or_small_boulder_sediments,sediment_plain,true
cl48218s02tr00444131,8713067,20.536965,86.775816,-3.57432,0.69680965,0.45123056,1988-12-31,2022-12-31,sandy_gravel_or_small_boulder_sediments,sediment_plain,true
cl48218s02tr00444231,8713750,20.537781,86.776228,-4.8782134,0.6186083,0.6602454,1988-12-31,2022-12-31,sandy_gravel_or_small_boulder_sediments,sediment_plain,true
cl48218s02tr00444331,8713749,20.538597,86.77664,-5.957913,0.61088955,0.74826545,1988-12-31,2022-12-31,sandy_gravel_or_small_boulder_sediments,sediment_plain,true
cl48218s02tr00444431,8714068,20.539723,86.777249,-7.007008,0.5869105,0.8166557,1988-12-31,2022-12-31,sandy_gravel_or_small_boulder_sediments,sediment_plain,true
cl48218s02tr00444531,8714069,20.540523,86.777695,-8.012254,0.56101954,0.8643861,1988-12-31,2022-12-31,sandy_gravel_or_small_boulder_sediments,sediment_plain,true
cl48218s02tr00444631,8714070,20.541753,86.778452,-8.688695,0.5246772,0.8955055,1988-12-31,2022-12-31,sandy_gravel_or_small_boulder_sediments,sediment_plain,true
cl48218s02tr00444731,8714071,20.54358,86.779794,-9.117814,0.5342335,0.90101635,1988-12-31,2022-12-31,sandy_gravel_or_small_boulder_sediments,sediment_plain,true
cl48218s02tr00444831,8714072,20.544278,86.780403,-10.307241,0.52448875,0.9256952,1988-12-31,2022-12-31,sandy_gravel_or_small_boulder_sediments,sediment_plain,true
cl48218s02tr00444931,8713741,20.544977,86.781011,-7.05539,0.59318227,0.86015725,1998-12-31,2022-12-31,sandy_gravel_or_small_boulder_sediments,sediment_plain,true
cl48218s02tr00445031,8713769,20.546396,86.782342,-11.092666,0.60348964,0.9134799,1988-12-31,2022-12-31,sandy_gravel_or_small_boulder_sediments,sediment_plain,true
cl48218s02tr00445131,8713770,20.547027,86.783028,-11.814536,0.61659455,0.919828,1988-12-31,2022-12-31,sandy_gravel_or_small_boulder_sediments,sediment_plain,true
cl48218s02tr00445231,8713771,20.547659,86.783715,-12.561057,0.58693695,0.9346944,1988-12-31,2022-12-31,sandy_gravel_or_small_boulder_sediments,sediment_plain,true
cl48218s02tr00445331,8714045,20.548291,86.784401,-12.091621,0.5415085,0.9396917,1988-12-31,2022-12-31,sandy_gravel_or_small_boulder_sediments,sediment_plain,true
cl48218s02tr00445431,8713813,20.548922,86.785087,-10.256913,0.5756503,0.9297176,1992-12-31,2022-12-31,sandy_gravel_or_small_boulder_sediments,sediment_plain,true
cl48218s02tr00445531,8713812,20.549881,86.786193,-9.973552,0.76493704,0.8762885,1992-12-31,2022-12-31,sandy_gravel_or_small_boulder_sediments,sediment_plain,true
cl48218s02tr00445631,8713811,20.550475,86.786916,-14.767647,0.4611213,0.9697438,1988-12-31,2022-12-31,sandy_gravel_or_small_boulder_sediments,sediment_plain,true
cl48218s02tr00445731,8713810,20.551069,86.787639,-15.226531,0.4186232,0.9763835,1988-12-31,2022-12-31,sandy_gravel_or_small_boulder_sediments,sediment_plain,true
cl48218s02tr00445831,8713809,20.551663,86.788362,-15.381988,0.4249971,0.976154,1988-12-31,2022-12-31,sandy_gravel_or_small_boulder_sediments,sediment_plain,true
cl48218s02tr00445931,8713808,20.552257,86.789085,-15.593924,0.41547576,0.9777886,1988-12-31,2022-12-31,sandy_gravel_or_small_boulder_sediments,sediment_plain,true
cl48218s02tr00446031,8714046,20.55285,86.789808,-15.709303,0.37523004,0.98207027,1988-12-31,2022-12-31,sandy_gravel_or_small_boulder_sediments,sediment_plain,true
cl48218s02tr00446131,8714049,20.553638,86.790807,-15.661525,0.37618724,0.9818722,1988-12-31,2022-12-31,sandy_gravel_or_small_boulder_sediments,sediment_plain,true
cl48218s02tr00446231,8713851,20.554207,86.791552,-15.7501335,0.37157992,0.9825008,1988-12-31,2022-12-31,sandy_gravel_or_small_boulder_sediments,sediment_plain,true
cl48218s02tr00446331,8713852,20.554776,86.792297,-15.715465,0.3458989,0.9847344,1988-12-31,2022-12-31,sandy_gravel_or_small_boulder_sediments,sediment_plain,true
cl48218s02tr00446431,8713853,20.555345,86.793042,-15.43229,0.29648784,0.9886871,1988-12-31,2022-12-31,sandy_gravel_or_small_boulder_sediments,sediment_plain,true
cl48218s02tr00446531,8713854,20.555914,86.793787,-15.665172,0.27413407,0.990596,1988-12-31,2022-12-31,sandy_gravel_or_small_boulder_sediments,sediment_plain,true
cl48218s02tr00446631,8713855,20.556484,86.794532,-15.955846,0.27477214,0.99059945,1988-12-31,2022-12-31,sandy_gravel_or_small_boulder_sediments,sediment_plain,true
cl48218s02tr00446731,8713856,20.557053,86.795278,-16.26075,0.2593404,0.99217635,1988-12-31,2022-12-31,sandy_gravel_or_small_boulder_sediments,sediment_plain,true
cl48218s02tr00446831,8713857,20.557754,86.796212,-16.478655,0.2691869,0.99153316,1988-12-31,2022-12-31,sandy_gravel_or_small_boulder_sediments,sediment_plain,true
cl48218s02tr00446931,8713858,20.558305,86.796972,-16.628235,0.21417765,0.9948833,1988-12-31,2022-12-31,sandy_gravel_or_small_boulder_sediments,sediment_plain,true
cl48218s02tr00447031,8713859,20.558857,86.797732,-17.018658,0.2913522,0.9907086,1988-12-31,2022-12-31,sandy_gravel_or_small_boulder_sediments,inlet,true
cl48218s02tr00447131,8713850,20.559409,86.798491,-17.037333,0.29374826,0.9905771,1988-12-31,2022-12-31,sandy_gravel_or_small_boulder_sediments,inlet,true
cl48218s02tr00447231,8713860,20.559961,86.799251,-17.078827,0.30656323,0.98979485,1988-12-31,2022-12-31,sandy_gravel_or_small_boulder_sediments,sediment_plain,true
cl48218s02tr00447331,8713862,20.560512,86.800011,-17.12212,0.34057704,0.9874974,1988-12-31,2022-12-31,sandy_gravel_or_small_boulder_sediments,sediment_plain,true
cl48218s02tr00447431,8713863,20.561064,86.800771,-17.45962,0.35299933,0.98708826,1988-12-31,2022-12-31,sandy_gravel_or_small_boulder_sediments,inlet,true
cl48218s02tr00447531,8713864,20.561616,86.801531,-17.594374,0.35853517,0.9868861,1988-12-31,2022-12-31,sandy_gravel_or_small_boulder_sediments,sediment_plain,true
cl48218s02tr00447631,8713865,20.562167,86.802291,-17.46654,0.34472063,0.9876891,1988-12-31,2022-12-31,sandy_gravel_or_small_boulder_sediments,sediment_plain,true
cl48218s02tr00447731,8713866,20.562811,86.803205,-17.385712,0.34328094,0.98767805,1988-12-31,2022-12-31,sandy_gravel_or_small_boulder_sediments,inlet,true
cl48218s02tr00447831,8713867,20.563349,86.803975,-17.650978,0.33451346,0.9889886,1988-12-31,2022-12-31,sandy_gravel_or_small_boulder_sediments,inlet,true
cl48218s02tr00447931,8713834,20.563887,86.804746,-17.869757,0.36555898,0.98719317,1988-12-31,2022-12-31,sandy_gravel_or_small_boulder_sediments,inlet,true
cl48218s02tr00448031,8713847,20.564425,86.805517,-18.212143,0.39280954,0.98578376,1988-12-31,2022-12-31,sandy_gravel_or_small_boulder_sediments,inlet,true
cl48218s02tr00448131,8713846,20.564963,86.806288,-18.606873,0.3889594,0.9866347,1988-12-31,2022-12-31,sandy_gravel_or_small_boulder_sediments,inlet,true
cl48218s02tr00448231,8713861,20.565501,86.807059,-18.543736,0.39265287,0.98629147,1988-12-31,2022-12-31,sandy_gravel_or_small_boulder_sediments,inlet,true
cl48218s02tr00448331,8713849,20.566039,86.807829,-18.583578,0.38123485,0.9871217,1988-12-31,2022-12-31,sandy_gravel_or_small_boulder_sediments,inlet,true
cl48218s02tr00448431,8713952,20.566577,86.8086,-18.845074,0.4054943,0.98585033,1988-12-31,2022-12-31,sandy_gravel_or_small_boulder_sediments,inlet,true
cl48218s02tr00448531,8713848,20.567115,86.809371,-18.464483,0.42605945,0.9832475,1988-12-31,2022-12-31,sandy_gravel_or_small_boulder_sediments,sediment_plain,true
cl48218s02tr00448631,8713944,20.567729,86.810258,-18.311268,0.46090573,0.98012894,1988-12-31,2022-12-31,sandy_gravel_or_small_boulder_sediments,sediment_plain,true
cl48218s02tr00448731,8713945,20.568256,86.811037,-18.334469,0.4370525,0.98214114,1988-12-31,2022-12-31,sandy_gravel_or_small_boulder_sediments,inlet,true
cl48218s02tr00448831,8713946,20.568783,86.811816,-17.722769,0.5178712,0.9734036,1988-12-31,2022-12-31,sandy_gravel_or_small_boulder_sediments,inlet,true
cl48218s02tr00448931,8713947,20.569311,86.812595,-17.464506,0.5685412,0.96719974,1988-12-31,2022-12-31,sandy_gravel_or_small_boulder_sediments,inlet,true
cl48218s02tr00449031,8713948,20.569838,86.813374,-17.636972,0.5308501,0.97268325,1989-12-31,2022-12-31,sandy_gravel_or_small_boulder_sediments,inlet,true
cl48218s02tr00449131,8713949,20.570365,86.814153,-17.109783,0.55413526,0.9675246,1988-12-31,2022-12-31,sandy_gravel_or_small_boulder_sediments,inlet,true
cl48218s02tr00449231,8713950,20.570892,86.814933,-17.46684,0.50589657,0.9738579,1988-12-31,2022-12-31,sandy_gravel_or_small_boulder_sediments,inlet,true
cl48218s02tr00449331,8713951,20.57142,86.815712,-17.469109,0.5079494,0.97365755,1988-12-31,2022-12-31,sandy_gravel_or_small_boulder_sediments,sediment_plain,true
cl48218s02tr00449431,8713900,20.571947,86.816491,-17.59062,0.5430658,0.9704032,1988-12-31,2022-12-31,sandy_gravel_or_small_boulder_sediments,inlet,true
cl48218s02tr00449531,8713898,20.572474,86.81727,-17.346954,0.5838549,0.9660738,1989-12-31,2022-12-31,sandy_gravel_or_small_boulder_sediments,inlet,true
cl48218s02tr00449631,8713908,20.573002,86.818049,-17.143448,0.60641783,0.96265936,1989-12-31,2022-12-31,sandy_gravel_or_small_boulder_sediments,sediment_plain,true
cl48218s02tr00449731,8713901,20.573592,86.818935,-17.419535,0.61101776,0.9621197,1988-12-31,2022-12-31,sandy_gravel_or_small_boulder_sediments,sediment_plain,true
cl48218s02tr00449831,8713904,20.57411,86.819722,-16.831795,0.5830073,0.9630278,1988-12-31,2022-12-31,sandy_gravel_or_small_boulder_sediments,sediment_plain,true
cl48218s02tr00449931,8713905,20.574627,86.820508,-16.640211,0.6071682,0.9591369,1988-12-31,2022-12-31,sandy_gravel_or_small_boulder_sediments,sediment_plain,true
cl48218s02tr00450031,8713906,20.575145,86.821295,-16.451448,0.6423835,0.95347977,1988-12-31,2022-12-31,sandy_gravel_or_small_boulder_sediments,sediment_plain,true
cl48218s02tr00450131,8713909,20.575663,86.822081,-16.200453,0.669973,0.94811165,1988-12-31,2022-12-31,sandy_gravel_or_small_boulder_sediments,inlet,true
cl48218s02tr00450231,8713907,20.57618,86.822868,-16.020046,0.63891965,0.9515656,1988-12-31,2022-12-31,sandy_gravel_or_small_boulder_sediments,sediment_plain,true
cl48218s02tr00450331,8713903,20.576698,86.823654,-15.92476,0.6301973,0.9522778,1988-12-31,2022-12-31,sandy_gravel_or_small_boulder_sediments,sediment_plain,true
cl48218s02tr00450431,8713902,20.577215,86.824441,-15.676092,0.6185057,0.9525486,1988-12-31,2022-12-31,sandy_gravel_or_small_boulder_sediments,sediment_plain,true
cl48218s02tr00450531,8713899,20.577733,86.825227,-15.528763,0.5934238,0.95535517,1988-12-31,2022-12-31,sandy_gravel_or_small_boulder_sediments,sediment_plain,true
cl48218s02tr00450631,8713871,20.57825,86.826014,-14.846828,0.54782975,0.95825034,1988-12-31,2022-12-31,sandy_gravel_or_small_boulder_sediments,sediment_plain,true
cl48218s02tr00450731,8713825,20.578768,86.826801,-14.852929,0.58293205,0.9530251,1988-12-31,2022-12-31,sandy_gravel_or_small_boulder_sediments,inlet,true
cl48218s02tr00450831,8713869,20.579285,86.827587,-14.515485,0.65112174,0.9412856,1989-12-31,2022-12-31,sandy_gravel_or_small_boulder_sediments,sediment_plain,true
cl48218s02tr00450931,8713826,20.579811,86.828388,-14.074734,0.65707856,0.9367119,1989-12-31,2022-12-31,sandy_gravel_or_small_boulder_sediments,sediment_plain,true
cl48218s02tr00451031,8713827,20.580327,86.829175,-14.114895,0.5553483,0.95420897,1989-12-31,2022-12-31,sandy_gravel_or_small_boulder_sediments,sediment_plain,true
cl48218s02tr00451131,8713828,20.580843,86.829963,-14.031321,0.5645306,0.9522168,1989-12-31,2022-12-31,sandy_gravel_or_small_boulder_sediments,sediment_plain,true
cl48218s02tr00451231,8713829,20.581359,86.83075,-13.551474,0.5684185,0.94670016,1988-12-31,2022-12-31,sandy_gravel_or_small_boulder_sediments,sediment_plain,true
cl48218s02tr00451331,8713830,20.58185,86.831497,-13.302041,0.57357216,0.9438448,1988-12-31,2022-12-31,sandy_gravel_or_small_boulder_sediments,sediment_plain,true
cl48218s02tr00451431,8713831,20.58237,86.832282,-13.246959,0.5627265,0.9454077,1988-12-31,2022-12-31,sandy_gravel_or_small_boulder_sediments,sediment_plain,true
cl48218s02tr00451531,8713832,20.58289,86.833067,-13.10364,0.5262479,0.9509215,1988-12-31,2022-12-31,sandy_gravel_or_small_boulder_sediments,sediment_plain,true
cl48218s02tr00451631,8713833,20.58341,86.833851,-12.350357,0.5174742,0.9468099,1988-12-31,2022-12-31,sandy_gravel_or_small_boulder_sediments,sediment_plain,true
cl48218s02tr00451731,8713835,20.58393,86.834636,-11.896331,0.54222727,0.9376647,1988-12-31,2022-12-31,sandy_gravel_or_small_boulder_sediments,sediment_plain,true
cl48218s02tr00451831,8713845,20.58445,86.835421,-11.839451,0.58644557,0.9293166,1989-12-31,2022-12-31,sandy_gravel_or_small_boulder_sediments,sediment_plain,true
cl48218s02tr00451931,8713836,20.584961,86.83619,-11.764764,0.5459983,0.93740964,1989-12-31,2022-12-31,sandy_gravel_or_small_boulder_sediments,sediment_plain,true
cl48218s02tr00452031,8713870,20.585483,86.836974,-11.683326,0.54092073,0.9376903,1989-12-31,2022-12-31,sandy_gravel_or_small_boulder_sediments,sediment_plain,true
cl48218s02tr00452131,8713837,20.586004,86.837757,-11.311505,0.59046775,0.92210764,1989-12-31,2022-12-31,sandy_gravel_or_small_boulder_sediments,sediment_plain,true
cl48218s02tr00452231,8713838,20.586526,86.838541,-10.927757,0.57697785,0.9204537,1989-12-31,2022-12-31,sandy_gravel_or_small_boulder_sediments,sediment_plain,true
cl48218s02tr00452331,8713839,20.587047,86.839325,-10.731215,0.50123966,0.936652,1989-12-31,2022-12-31,sandy_gravel_or_small_boulder_sediments,sediment_plain,true
cl48218s02tr00452431,8713840,20.587568,86.840109,-10.628735,0.4807699,0.9385504,1988-12-31,2022-12-31,sandy_gravel_or_small_boulder_sediments,sediment_plain,true
cl48218s02tr00452531,8713841,20.588072,86.840864,-10.606564,0.4662841,0.9434746,1988-12-31,2022-12-31,sandy_gravel_or_small_boulder_sediments,sediment_plain,true
cl48218s02tr00452631,8713842,20.588596,86.841645,-10.475633,0.43795407,0.94860244,1988-12-31,2022-12-31,sandy_gravel_or_small_boulder_sediments,sediment_plain,true
cl48218s02tr00452731,8713843,20.58912,86.842427,-10.241197,0.5568897,0.9135583,1988-12-31,2022-12-31,sandy_gravel_or_small_boulder_sediments,sediment_plain,true
cl48218s02tr00452831,8713868,20.589644,86.843209,-10.409259,0.5408873,0.9204696,1988-12-31,2022-12-31,sandy_gravel_or_small_boulder_sediments,sediment_plain,true
cl48218s02tr00452931,8713844,20.590168,86.843991,-10.439643,0.48614213,0.9351114,1988-12-31,2022-12-31,sandy_gravel_or_small_boulder_sediments,sediment_plain,true
cl48218s02tr00453031,8685222,20.590692,86.844772,-10.433585,0.49244764,0.93345773,1988-12-31,2022-12-31,sandy_gravel_or_small_boulder_sediments,sediment_plain,true
cl48218s02tr00453131,8685223,20.591216,86.845554,-10.399994,0.4898277,0.93371934,1988-12-31,2022-12-31,sandy_gravel_or_small_boulder_sediments,sediment_plain,true
cl48218s02tr00453231,8685224,20.591731,86.84632,-10.274449,0.4969838,0.9303436,1988-12-31,2022-12-31,sandy_gravel_or_small_boulder_sediments,sediment_plain,true
cl48218s02tr00453331,8685228,20.592256,86.8471,-11.01331,0.7415229,0.87678385,1989-12-31,2022-12-31,sandy_gravel_or_small_boulder_sediments,sediment_plain,true
cl48218s02tr00453431,8685210,20.592782,86.847881,-12.685322,1.23041,0.79150015,1989-12-31,2022-12-31,sandy_gravel_or_small_boulder_sediments,sediment_plain,true
cl48218s02tr00453531,8685217,20.593307,86.848662,-8.299551,1.8403375,0.559693,1989-12-31,2013-12-31,sandy_gravel_or_small_boulder_sediments,inlet,true
cl48218s02tr00453631,8685225,20.593833,86.849442,3.1905096,0.566152,0.5142335,1989-12-31,2022-12-31,sandy_gravel_or_small_boulder_sediments,inlet,true
cl48218s02tr00453731,8685215,20.594358,86.850223,-5.162856,0.3028673,0.9036029,1989-12-31,2022-12-31,sandy_gravel_or_small_boulder_sediments,inlet,true
cl48218s02tr00453831,8685194,20.594883,86.851004,-6.75863,0.35085484,0.9229001,1989-12-31,2022-12-31,sandy_gravel_or_small_boulder_sediments,inlet,true
cl48218s02tr00453931,8685199,20.595393,86.851757,-7.1508226,0.35269195,0.9426704,1989-12-31,2018-12-31,sandy_gravel_or_small_boulder_sediments,inlet,true
cl48218s02tr00454031,8690705,20.595921,86.852536,-7.387322,0.44137484,0.9120892,1989-12-31,2018-12-31,sandy_gravel_or_small_boulder_sediments,inlet,true
cl48218s02tr00454131,8690706,20.596448,86.853315,-8.788878,0.5744249,0.8965911,1990-12-31,2019-12-31,sandy_gravel_or_small_boulder_sediments,inlet,true
cl48218s02tr00454231,8690707,20.596976,86.854094,-10.43128,0.7710602,0.8591682,1990-12-31,2022-12-31,sandy_gravel_or_small_boulder_sediments,inlet,true
cl48218s02tr00454331,8690680,20.597504,86.854873,-9.611064,0.53406143,0.9152213,1990-12-31,2022-12-31,sandy_gravel_or_small_boulder_sediments,sediment_plain,true
cl48218s02tr00454431,8690679,20.598032,86.855651,-9.337154,0.4855029,0.92497504,1990-12-31,2022-12-31,sandy_gravel_or_small_boulder_sediments,sediment_plain,true
cl48218s02tr00454531,8690678,20.59856,86.85643,-9.226834,0.5034947,0.917994,1990-12-31,2022-12-31,sandy_gravel_or_small_boulder_sediments,sediment_plain,true
cl48218s02tr00454631,8690681,20.599083,86.8572,-9.227898,0.46215793,0.93001777,1990-12-31,2022-12-31,sandy_gravel_or_small_boulder_sediments,sediment_plain,true
cl48218s02tr00454731,8690682,20.599611,86.857979,-8.75617,0.4640978,0.9222731,1990-12-31,2022-12-31,sandy_gravel_or_small_boulder_sediments,sediment_plain,true
cl48218s02tr00454831,8690688,20.60014,86.858757,-9.03424,0.4417442,0.9330739,1990-12-31,2022-12-31,sandy_gravel_or_small_boulder_sediments,sediment_plain,true
cl48218s02tr00454931,8690687,20.600669,86.859535,-9.104304,0.3964207,0.9444892,1988-12-31,2022-12-31,sandy_gravel_or_small_boulder_sediments,sediment_plain,true
cl48218s02tr00455031,8690686,20.601197,86.860314,-9.261169,0.38526684,0.94908357,1988-12-31,2022-12-31,sandy_gravel_or_small_boulder_sediments,sediment_plain,true
cl48218s02tr00455131,8690685,20.601726,86.861092,-9.236195,0.38431686,0.9490612,1988-12-31,2022-12-31,sandy_gravel_or_small_boulder_sediments,sediment_plain,true
cl48218s02tr00455231,8690639,20.602255,86.86187,-9.18995,0.3816146,0.9492578,1988-12-31,2022-12-31,sandy_gravel_or_small_boulder_sediments,sediment_plain,true
cl48218s02tr00455331,8690623,20.602765,86.862619,-8.127885,0.33877254,0.95361346,1988-12-31,2019-12-31,sandy_gravel_or_small_boulder_sediments,sediment_plain,true
cl48218s02tr00455431,8690621,20.603296,86.863395,-8.989661,0.5009207,0.92796814,1988-12-31,2022-12-31,sandy_gravel_or_small_boulder_sediments,sediment_plain,true
cl48218s02tr00455531,8690699,20.603828,86.864171,-9.319494,0.31786367,0.97504574,1988-12-31,2022-12-31,sandy_gravel_or_small_boulder_sediments,sediment_plain,true
cl48218s02tr00455631,8690653,20.604359,86.864947,-9.130492,0.31680387,0.9787893,1988-12-31,2022-12-31,sandy_gravel_or_small_boulder_sediments,sediment_plain,true
cl48218s02tr00455731,8690534,20.60489,86.865724,-9.179882,0.43456832,0.95098346,1996-12-31,2022-12-31,sandy_gravel_or_small_boulder_sediments,sediment_plain,true
cl48218s02tr00455831,8690655,20.605422,86.8665,-8.528839,0.28189656,0.9692919,1990-12-31,2022-12-31,sandy_gravel_or_small_boulder_sediments,sediment_plain,true
cl48218s02tr00455931,8690522,20.605953,86.867276,-8.417284,0.24261223,0.9756829,1988-12-31,2022-12-31,sandy_gravel_or_small_boulder_sediments,sediment_plain,true
cl48218s02tr00456031,8690525,20.606495,86.868071,-8.243211,0.24449562,0.97428674,1988-12-31,2022-12-31,sandy_gravel_or_small_boulder_sediments,sediment_plain,true
cl48218s02tr00456131,8690526,20.607024,86.868848,-8.355216,0.25688815,0.97242284,1988-12-31,2022-12-31,sandy_gravel_or_small_boulder_sediments,sediment_plain,true
cl48218s02tr00456231,8690555,20.607554,86.869626,-8.413409,0.21303096,0.9817468,1988-12-31,2022-12-31,sandy_gravel_or_small_boulder_sediments,sediment_plain,true
cl48218s02tr00456331,8690654,20.608084,86.870403,-8.15371,0.23814698,0.9758585,1988-12-31,2022-12-31,sandy_gravel_or_small_boulder_sediments,sediment_plain,true
cl48218s02tr00456431,8690554,20.608614,86.871181,-8.131194,0.19274804,0.98396575,1988-12-31,2022-12-31,sandy_gravel_or_small_boulder_sediments,sediment_plain,true
cl48218s02tr00456531,8690553,20.609143,86.871958,-8.1782465,0.23389277,0.97604996,1988-12-31,2022-12-31,sandy_gravel_or_small_boulder_sediments,sediment_plain,true
cl48218s02tr00456631,8690277,20.609673,86.872736,-8.067659,0.22540843,0.977117,1988-12-31,2022-12-31,sandy_gravel_or_small_boulder_sediments,sediment_plain,true
cl48218s02tr00456731,8690293,20.610203,86.873513,-7.839965,0.2451299,0.97150743,1988-12-31,2022-12-31,sandy_gravel_or_small_boulder_sediments,sediment_plain,true
cl48218s02tr00456831,8690294,20.610732,86.874291,-7.897459,0.35903245,0.9416168,1988-12-31,2022-12-31,sandy_gravel_or_small_boulder_sediments,sediment_plain,true
cl48218s02tr00456931,8690295,20.611262,86.875068,-8.3022585,0.4115914,0.9292034,1988-12-31,2022-12-31,sandy_gravel_or_small_boulder_sediments,sediment_plain,true
cl48218s02tr00457031,8690321,20.611841,86.875922,-8.617052,0.37652498,0.9441197,1988-12-31,2022-12-31,sandy_gravel_or_small_boulder_sediments,sediment_plain,true
cl48218s02tr00457131,8690320,20.612363,86.876705,-8.671391,0.38930637,0.94119084,1988-12-31,2022-12-31,sandy_gravel_or_small_boulder_sediments,sediment_plain,true
cl48218s02tr00457231,8690319,20.612886,86.877488,-8.564612,0.3619446,0.94754004,1988-12-31,2022-12-31,sandy_gravel_or_small_boulder_sediments,sediment_plain,true
cl48218s02tr00457331,8690318,20.613408,86.878271,-8.490901,0.32565737,0.9563876,1988-12-31,2022-12-31,sandy_gravel_or_small_boulder_sediments,sediment_plain,true
cl48218s02tr00457431,8690317,20.613931,86.879054,-8.57725,0.27723226,0.96863025,1988-12-31,2022-12-31,sandy_gravel_or_small_boulder_sediments,sediment_plain,true
cl48218s02tr00457531,8690316,20.614454,86.879837,-8.709834,0.24961321,0.97595274,1988-12-31,2022-12-31,sandy_gravel_or_small_boulder_sediments,sediment_plain,true
cl48218s02tr00457631,8690315,20.614976,86.88062,-8.800881,0.24825849,0.97592676,1988-12-31,2022-12-31,sandy_gravel_or_small_boulder_sediments,sediment_plain,true
cl48218s02tr00457731,8690314,20.615499,86.881403,-9.163322,0.23060144,0.9807453,1988-12-31,2022-12-31,sandy_gravel_or_small_boulder_sediments,sediment_plain,true
cl48218s02tr00457831,8690313,20.616021,86.882186,-9.063167,0.2615159,0.97483885,1988-12-31,2022-12-31,sandy_gravel_or_small_boulder_sediments,sediment_plain,true
cl48218s02tr00457931,8690312,20.616544,86.882969,-8.992304,0.2215238,0.9815343,1988-12-31,2022-12-31,sandy_gravel_or_small_boulder_sediments,sediment_plain,true
cl48218s02tr00458031,8690311,20.617066,86.883752,-9.235799,0.18014824,0.9883432,1988-12-31,2022-12-31,sandy_gravel_or_small_boulder_sediments,sediment_plain,true
cl48218s02tr00458131,8690264,20.617637,86.88462,-9.070278,0.16700265,0.9896002,1988-12-31,2022-12-31,sandy_gravel_or_small_boulder_sediments,sediment_plain,true
cl48218s02tr00458231,8690310,20.618152,86.885409,-9.100008,0.1496654,0.9916844,1988-12-31,2022-12-31,sandy_gravel_or_small_boulder_sediments,sediment_plain,true
cl48218s02tr00458331,8690265,20.618667,86.886198,-8.699748,0.16835512,0.9888901,1990-12-31,2022-12-31,sandy_gravel_or_small_boulder_sediments,sediment_plain,true
cl48218s02tr00458431,8690267,20.619182,86.886986,-9.204824,0.21369919,0.9835661,1988-12-31,2022-12-31,sandy_gravel_or_small_boulder_sediments,sediment_plain,true
cl48218s02tr00458531,8690282,20.619697,86.887775,-9.047387,0.15485018,0.9910006,1988-12-31,2022-12-31,sandy_gravel_or_small_boulder_sediments,sediment_plain,true
cl48218s02tr00458631,8690281,20.620211,86.888564,-8.794404,0.15172008,0.9908579,1988-12-31,2022-12-31,sandy_gravel_or_small_boulder_sediments,sediment_plain,true
cl48218s02tr00458731,8690280,20.620726,86.889353,-8.580416,0.16401082,0.9888005,1988-12-31,2022-12-31,sandy_gravel_or_small_boulder_sediments,sediment_plain,true
cl48218s02tr00458831,8690303,20.621241,86.890141,-8.439781,0.15107144,0.99016505,1988-12-31,2022-12-31,sandy_gravel_or_small_boulder_sediments,sediment_plain,true
cl48218s02tr00458931,8690379,20.621756,86.89093,-8.183594,0.19579579,0.9825642,1989-12-31,2022-12-31,sandy_gravel_or_small_boulder_sediments,sediment_plain,true
cl48218s02tr00459031,8690284,20.622271,86.891719,-8.526495,0.15894012,0.9896832,1990-12-31,2022-12-31,sandy_gravel_or_small_boulder_sediments,sediment_plain,true
cl48218s02tr00459131,8690279,20.622786,86.892508,-8.484782,0.16177005,0.9892124,1990-12-31,2022-12-31,sandy_gravel_or_small_boulder_sediments,sediment_plain,true
cl48218s02tr00459231,8690292,20.623346,86.893382,-8.280384,0.16852745,0.9877257,1990-12-31,2022-12-31,sandy_gravel_or_small_boulder_sediments,sediment_plain,true
cl48218s02tr00459331,8690278,20.623853,86.894176,-8.204367,0.17005378,0.9872755,1990-12-31,2022-12-31,sandy_gravel_or_small_boulder_sediments,inlet,true
cl48218s02tr00459431,8690276,20.62436,86.89497,-8.079225,0.1645551,0.9877077,1990-12-31,2022-12-31,sandy_gravel_or_small_boulder_sediments,sediment_plain,true
cl48218s02tr00459531,8690275,20.624868,86.895764,-8.120412,0.18572594,0.9840425,1988-12-31,2022-12-31,sandy_gravel_or_small_boulder_sediments,sediment_plain,true
cl48218s02tr00459631,8690274,20.625375,86.896559,-7.8727922,0.1303351,0.9921146,1990-12-31,2022-12-31,sandy_gravel_or_small_boulder_sediments,inlet,true
cl48218s02tr00459731,8690273,20.625882,86.897353,-8.1433,0.19678152,0.98165673,1988-12-31,2022-12-31,sandy_gravel_or_small_boulder_sediments,inlet,true
cl48218s02tr00459831,8690308,20.62639,86.898147,-8.173232,0.20736387,0.97981757,1988-12-31,2022-12-31,sandy_gravel_or_small_boulder_sediments,sediment_plain,true
cl48218s02tr00459931,8690272,20.626897,86.898942,-8.202802,0.16913794,0.98699135,1989-12-31,2022-12-31,sandy_gravel_or_small_boulder_sediments,sediment_plain,true
cl48218s02tr00460031,8690271,20.627404,86.899736,-7.8317575,0.14918551,0.9888766,1989-12-31,2022-12-31,sandy_gravel_or_small_boulder_sediments,sediment_plain,true
cl48218s02tr00460131,8690270,20.627912,86.90053,-4.123299,0.9700906,0.41949737,1991-12-31,2022-12-31,sandy_gravel_or_small_boulder_sediments,sediment_plain,true
cl48218s02tr00460231,8690269,20.628419,86.901324,-7.684566,0.21240203,0.9761362,1988-12-31,2022-12-31,sandy_gravel_or_small_boulder_sediments,sediment_plain,true
cl48218s02tr00460331,8690268,20.628964,86.90218,-7.822531,0.22156356,0.974971,1988-12-31,2022-12-31,sandy_gravel_or_small_boulder_sediments,sediment_plain,true
cl48218s02tr00460431,8690266,20.629465,86.902978,-7.8348975,0.20641172,0.9782724,1988-12-31,2022-12-31,sandy_gravel_or_small_boulder_sediments,sediment_plain,true
cl48218s02tr00460531,8690301,20.629967,86.903776,-8.19638,0.21623683,0.97821295,1988-12-31,2022-12-31,sandy_gravel_or_small_boulder_sediments,sediment_plain,true
cl48218s02tr00460631,8690297,20.630468,86.904575,-8.407015,0.194797,0.9831099,1988-12-31,2022-12-31,sandy_gravel_or_small_boulder_sediments,sediment_plain,true
cl48218s02tr00460731,8685100,20.63097,86.905373,-8.51879,0.18105283,0.9857514,1988-12-31,2022-12-31,sandy_gravel_or_small_boulder_sediments,sediment_plain,true
cl48218s02tr00460831,8685158,20.631471,86.906172,-8.293201,0.19530053,0.9830986,1989-12-31,2022-12-31,sandy_gravel_or_small_boulder_sediments,sediment_plain,true
cl48218s02tr00460931,8685157,20.631973,86.90697,-8.157967,0.2198785,0.9779762,1989-12-31,2022-12-31,sandy_gravel_or_small_boulder_sediments,sediment_plain,true
cl48218s02tr00461031,8685156,20.632475,86.907768,-7.7490473,0.17655154,0.9841629,1989-12-31,2022-12-31,sandy_gravel_or_small_boulder_sediments,sediment_plain,true
cl48218s02tr00461131,1996263,20.632976,86.908567,-7.49408,0.15210819,0.98738986,1989-12-31,2022-12-31,,,false
cl48218s02tr00461231,1996251,20.633478,86.909365,-7.7047997,0.16342677,0.9862447,1989-12-31,2022-12-31,,,false
cl48218s02tr00461331,1996252,20.633979,86.910164,-7.8745894,0.19596994,0.98116237,1989-12-31,2022-12-31,,,false
cl48218s02tr00461431,1996253,20.634481,86.910962,-7.751535,0.15974401,0.98700565,1989-12-31,2022-12-31,,,false
cl48218s02tr00461531,1996254,20.634982,86.911761,-7.5939236,0.1725663,0.98424405,1989-12-31,2022-12-31,,,false
cl48218s02tr00461631,1996255,20.635484,86.912559,-7.5311475,0.1771432,0.98313826,1989-12-31,2022-12-31,,,false
cl48218s02tr00461731,1996256,20.636012,86.913411,-7.508115,0.19609976,0.97929066,1989-12-31,2022-12-31,,,false
cl48218s02tr00461831,1996257,20.636509,86.914213,-7.474004,0.13605464,0.9904816,1989-12-31,2022-12-31,,,false
cl48218s02tr00461931,1996259,20.637006,86.915015,-7.3349853,0.1420228,0.98851156,1989-12-31,2022-12-31,,,false
cl48218s02tr00462031,1996260,20.637503,86.915817,-7.5062275,0.1353161,0.9900261,1989-12-31,2022-12-31,,,false
cl48218s02tr00462131,1996264,20.638,86.916619,-7.3584313,0.13204774,0.9901159,1989-12-31,2022-12-31,,,false
cl48218s02tr00462231,1996261,20.638496,86.91742,-7.5346403,0.14276484,0.9893442,1989-12-31,2022-12-31,,,false
cl48218s02tr00462331,1996244,20.638993,86.918222,-7.5227184,0.15457782,0.9870801,1989-12-31,2022-12-31,,,false
cl48218s02tr00462431,1996248,20.63949,86.919024,-7.434103,0.15630868,0.98648053,1989-12-31,2022-12-31,,,false
cl48218s02tr00462531,1996247,20.639987,86.919826,-7.4123487,0.14978805,0.9874991,1989-12-31,2022-12-31,,,false
cl48218s02tr00462631,1996246,20.640483,86.920628,-7.40635,0.12980929,0.990567,1989-12-31,2022-12-31,,,false
cl48218s02tr00462731,1996245,20.64098,86.92143,-7.5880923,0.16087101,0.98582125,1988-12-31,2022-12-31,,,false
cl48218s02tr00462831,1996258,20.641477,86.922231,-7.301306,0.14514531,0.9878974,1989-12-31,2022-12-31,,,false
cl48218s02tr00462931,1996262,20.641974,86.923033,-7.262964,0.15865363,0.98496026,1988-12-31,2022-12-31,,,false
cl48218s02tr00463031,1996250,20.64247,86.923835,-6.7622013,0.17833342,0.97889495,1989-12-31,2022-12-31,,,false
cl48218s02tr00463131,1996249,20.642967,86.924637,-6.9183297,0.15615666,0.984946,1989-12-31,2022-12-31,,,false
cl48218s02tr00463231,1996243,20.643484,86.925479,-6.8325324,0.19209409,0.9829077,1999-12-31,2022-12-31,,,false
cl48218s02tr00463331,1996241,20.643977,86.926283,-6.4883237,0.14700085,0.98483443,1989-12-31,2022-12-31,,,false
cl48218s02tr00463431,1996242,20.644471,86.927088,-6.5236692,0.16630867,0.9808759,1989-12-31,2022-12-31,,,false
cl48218s02tr00463531,2071366,20.644964,86.927892,-6.5401263,0.14837945,0.98479307,1989-12-31,2022-12-31,,,false
cl48218s02tr00463631,2071367,20.645457,86.928696,-6.2973623,0.15852873,0.98134303,1989-12-31,2022-12-31,,,false
cl48218s02tr00463731,2071361,20.64595,86.929501,-6.183006,0.16737717,0.9784885,1989-12-31,2022-12-31,,,false
cl48218s02tr00463831,2071362,20.646443,86.930305,-5.926046,0.1912545,0.9696994,1989-12-31,2022-12-31,,,false
cl48218s02tr00463931,2071363,20.646936,86.93111,-5.777763,0.20089483,0.9638756,1989-12-31,2022-12-31,,,false
cl48218s02tr00464031,2071364,20.647429,86.931914,-5.716387,0.14963605,0.97920007,1989-12-31,2022-12-31,,,false
cl48218s02tr00464131,2071365,20.647923,86.932718,-5.6632133,0.13989954,0.9814335,1989-12-31,2022-12-31,,,false
cl48218s02tr00464231,8908144,20.648416,86.933523,-5.554131,0.14508565,0.9792849,1989-12-31,2022-12-31,sandy_gravel_or_small_boulder_sediments,sediment_plain,true
cl48218s02tr00464331,8908121,20.648909,86.934327,-5.5625954,0.13803537,0.9812684,1989-12-31,2022-12-31,sandy_gravel_or_small_boulder_sediments,sediment_plain,true
cl48218s02tr00464431,8908123,20.649402,86.935132,-5.590535,0.14291818,0.9801428,1989-12-31,2022-12-31,sandy_gravel_or_small_boulder_sediments,sediment_plain,true
cl48218s02tr00464531,8908136,20.649895,86.935936,-5.559271,0.112138964,0.9883378,1989-12-31,2022-12-31,sandy_gravel_or_small_boulder_sediments,sediment_plain,true
cl48218s02tr00464631,8908124,20.650388,86.936741,-5.3478785,0.12665124,0.9829104,1989-12-31,2022-12-31,sandy_gravel_or_small_boulder_sediments,sediment_plain,true
cl48218s02tr00464731,8908125,20.650881,86.937545,-5.2758083,0.121039994,0.9844548,1989-12-31,2022-12-31,sandy_gravel_or_small_boulder_sediments,sediment_plain,true
cl48218s02tr00464831,8908126,20.651374,86.938349,-5.3542795,0.14454362,0.977907,1989-12-31,2022-12-31,sandy_gravel_or_small_boulder_sediments,sediment_plain,true
cl48218s02tr00464931,8908127,20.651878,86.939172,-5.327081,0.13729806,0.9798229,1989-12-31,2022-12-31,sandy_gravel_or_small_boulder_sediments,sediment_plain,true
cl48218s02tr00465031,8908128,20.652369,86.939978,-5.538415,0.16020183,0.97551394,1989-12-31,2022-12-31,sandy_gravel_or_small_boulder_sediments,sediment_plain,true
cl48218s02tr00465131,8908129,20.652861,86.940783,-5.5550814,0.13867915,0.98164654,1989-12-31,2022-12-31,sandy_gravel_or_small_boulder_sediments,sediment_plain,true
cl48218s02tr00465231,8908130,20.653352,86.941589,-5.5901957,0.16248894,0.9744773,1989-12-31,2022-12-31,sandy_gravel_or_small_boulder_sediments,sediment_plain,true
cl48218s02tr00465331,8908131,20.653844,86.942394,-5.688253,0.19086017,0.9662762,1989-12-31,2022-12-31,sandy_gravel_or_small_boulder_sediments,sediment_plain,true
cl48218s02tr00465431,8908132,20.654335,86.9432,-5.794964,0.14145617,0.9824382,1989-12-31,2022-12-31,sandy_gravel_or_small_boulder_sediments,sediment_plain,true
cl48218s02tr00465531,8908133,20.654826,86.944006,-5.6328945,0.16673021,0.9735583,1989-12-31,2022-12-31,sandy_gravel_or_small_boulder_sediments,sediment_plain,true
cl48218s02tr00465631,8908134,20.655318,86.944811,-5.7786174,0.1602931,0.9767027,1989-12-31,2022-12-31,sandy_gravel_or_small_boulder_sediments,sediment_plain,true
cl48218s02tr00465731,8908135,20.655809,86.945617,-6.0237293,0.16952884,0.97678983,1989-12-31,2022-12-31,sandy_gravel_or_small_boulder_sediments,sediment_plain,true
cl48218s02tr00465831,8908119,20.656301,86.946423,-6.105444,0.15207723,0.9823255,1989-12-31,2022-12-31,sandy_gravel_or_small_boulder_sediments,sediment_plain,true
cl48218s02tr00465931,8908118,20.656792,86.947228,-5.978868,0.15196557,0.9809876,1989-12-31,2022-12-31,sandy_gravel_or_small_boulder_sediments,sediment_plain,true
cl48218s02tr00466031,8908117,20.657283,86.948034,-5.8581,0.15189828,0.97958285,1989-12-31,2022-12-31,sandy_gravel_or_small_boulder_sediments,sediment_plain,true
cl48218s02tr00466131,8908116,20.657775,86.94884,-5.7335696,0.15048298,0.9790921,1989-12-31,2022-12-31,sandy_gravel_or_small_boulder_sediments,sediment_plain,true
cl48218s02tr00466231,8908146,20.658266,86.949645,-5.6746626,0.17221114,0.9722426,1989-12-31,2022-12-31,sandy_gravel_or_small_boulder_sediments,sediment_plain,true
cl48218s02tr00466331,8908147,20.658757,86.950451,-5.6347995,0.15308091,0.9776322,1989-12-31,2022-12-31,sandy_gravel_or_small_boulder_sediments,sediment_plain,true
cl48218s02tr00466431,8908148,20.659249,86.951257,-5.6012654,0.14156388,0.98058313,1989-12-31,2022-12-31,sandy_gravel_or_small_boulder_sediments,sediment_plain,true
cl48218s02tr00466531,8908149,20.65974,86.952062,-5.3971562,0.14380266,0.97846663,1989-12-31,2022-12-31,sandy_gravel_or_small_boulder_sediments,sediment_plain,true
cl48218s02tr00466631,8908150,20.660231,86.952868,-5.485156,0.15131497,0.9769527,1989-12-31,2022-12-31,sandy_gravel_or_small_boulder_sediments,sediment_plain,true
cl48218s02tr00466731,8908151,20.660723,86.953674,-5.6485066,0.15340091,0.9769427,1988-12-31,2022-12-31,sandy_gravel_or_small_boulder_sediments,sediment_plain,true
cl48218s02tr00466831,8908152,20.661214,86.95448,-5.3328986,0.17526172,0.9676029,1989-12-31,2022-12-31,sandy_gravel_or_small_boulder_sediments,sediment_plain,true
cl48218s02tr00466931,8908153,20.661705,86.955285,-5.205101,0.1699584,0.96800613,1989-12-31,2022-12-31,sandy_gravel_or_small_boulder_sediments,sediment_plain,true
cl48218s02tr00467031,8908154,20.662197,86.956092,-5.207613,0.14754558,0.9757193,1989-12-31,2022-12-31,sandy_gravel_or_small_boulder_sediments,sediment_plain,true
cl48218s02tr00467131,8908155,20.662689,86.956898,-5.273084,0.17560603,0.96779996,1989-12-31,2022-12-31,sandy_gravel_or_small_boulder_sediments,sediment_plain,true
cl48218s02tr00467231,8908145,20.66318,86.957703,-5.1336784,0.18807979,0.9588175,1988-12-31,2022-12-31,sandy_gravel_or_small_boulder_sediments,sediment_plain,true
cl48218s02tr00467331,8908156,20.663671,86.958509,-4.8816347,0.17211652,0.9628931,1989-12-31,2022-12-31,sandy_gravel_or_small_boulder_sediments,sediment_plain,true
cl48218s02tr00467431,8908157,20.664162,86.959315,-4.8288136,0.15158649,0.9703563,1989-12-31,2022-12-31,sandy_gravel_or_small_boulder_sediments,sediment_plain,true
cl48218s02tr00467531,8908158,20.664653,86.960121,-4.897808,0.1702045,0.96391404,1989-12-31,2022-12-31,sandy_gravel_or_small_boulder_sediments,sediment_plain,true
cl48218s02tr00467631,8908159,20.665145,86.960927,-4.7982326,0.17609246,0.95992106,1989-12-31,2022-12-31,sandy_gravel_or_small_boulder_sediments,sediment_plain,true
cl48218s02tr00467731,8908160,20.665636,86.961732,-4.874759,0.1869469,0.9563957,1989-12-31,2022-12-31,sandy_gravel_or_small_boulder_sediments,sediment_plain,true
cl48218s02tr00467831,8908161,20.666127,86.962538,-4.8817964,0.17954038,0.9597572,1989-12-31,2022-12-31,sandy_gravel_or_small_boulder_sediments,sediment_plain,true
cl48218s02tr00467931,8908139,20.666618,86.963344,-4.935057,0.15668051,0.96969986,1989-12-31,2022-12-31,sandy_gravel_or_small_boulder_sediments,sediment_plain,true
cl48218s02tr00468031,8908138,20.66711,86.96415,-4.8800316,0.17009799,0.96370405,1989-12-31,2022-12-31,sandy_gravel_or_small_boulder_sediments,sediment_plain,true
cl48218s02tr00468131,8908137,20.667592,86.964939,-4.785878,0.18487695,0.95442426,1988-12-31,2022-12-31,sandy_gravel_or_small_boulder_sediments,sediment_plain,true
cl48218s02tr00468231,8908122,20.668085,86.965743,-4.562914,0.1806017,0.95368457,1989-12-31,2022-12-31,sandy_gravel_or_small_boulder_sediments,sediment_plain,true
cl48218s02tr00468331,8908115,20.668577,86.966548,-4.5174212,0.16889074,0.9584692,1989-12-31,2022-12-31,sandy_gravel_or_small_boulder_sediments,sediment_plain,true
cl48218s02tr00468431,8907691,20.66907,86.967353,-4.568251,0.1526747,0.9665333,1989-12-31,2022-12-31,sandy_gravel_or_small_boulder_sediments,sediment_plain,true
cl48218s02tr00468531,8907690,20.669563,86.968158,-4.51812,0.1501222,0.96690816,1989-12-31,2022-12-31,sandy_gravel_or_small_boulder_sediments,sediment_plain,true
cl48218s02tr00468631,8907638,20.670056,86.968962,-4.48362,0.1261694,0.97604036,1989-12-31,2022-12-31,sandy_gravel_or_small_boulder_sediments,sediment_plain,true
cl48218s02tr00468731,8907657,20.670548,86.969767,-4.365647,0.12246888,0.97618514,1989-12-31,2022-12-31,sandy_gravel_or_small_boulder_sediments,sediment_plain,true
cl48218s02tr00468831,8907656,20.671041,86.970572,-4.184646,0.121321626,0.97460496,1989-12-31,2022-12-31,sandy_gravel_or_small_boulder_sediments,sediment_plain,true
cl48218s02tr00468931,8907655,20.671534,86.971377,-4.211805,0.11797556,0.9755078,1988-12-31,2022-12-31,sandy_gravel_or_small_boulder_sediments,sediment_plain,true
cl48218s02tr00469031,8907654,20.671992,86.972111,-4.251254,0.17060712,0.95098984,1988-12-31,2022-12-31,sandy_gravel_or_small_boulder_sediments,sediment_plain,true
cl48218s02tr00469131,8907653,20.672491,86.972912,-3.9775107,0.1478827,0.9576392,1988-12-31,2022-12-31,sandy_gravel_or_small_boulder_sediments,sediment_plain,true
cl48218s02tr00469231,8907652,20.67299,86.973712,-3.7427516,0.1375108,0.95859283,1988-12-31,2022-12-31,sandy_gravel_or_small_boulder_sediments,sediment_plain,true
cl48218s02tr00469331,8907640,20.673489,86.974513,-3.7218883,0.124841854,0.96524775,1988-12-31,2022-12-31,sandy_gravel_or_small_boulder_sediments,sediment_plain,true
cl48218s02tr00469431,8907651,20.673987,86.975313,-3.8294618,0.11052726,0.974035,1988-12-31,2022-12-31,sandy_gravel_or_small_boulder_sediments,sediment_plain,true
cl48218s02tr00469531,8907658,20.674486,86.976114,-3.2956483,0.11652865,0.96268946,1989-12-31,2022-12-31,sandy_gravel_or_small_boulder_sediments,sediment_plain,true
cl48218s02tr00469631,8907649,20.674985,86.976914,-3.0055578,0.15617722,0.9204677,1988-12-31,2022-12-31,sandy_gravel_or_small_boulder_sediments,sediment_plain,true
cl48218s02tr00469731,8907648,20.675432,86.977618,-2.9759002,0.15673868,0.91846776,1988-12-31,2022-12-31,sandy_gravel_or_small_boulder_sediments,sediment_plain,true
cl48218s02tr00469831,8907647,20.675939,86.978412,-3.4415798,0.13340977,0.9541211,1988-12-31,2022-12-31,sandy_gravel_or_small_boulder_sediments,sediment_plain,true
cl48218s02tr00469931,8907646,20.676447,86.979206,-4.0904546,0.12483334,0.971059,1988-12-31,2022-12-31,sandy_gravel_or_small_boulder_sediments,sediment_plain,true
cl48218s02tr00470031,8907645,20.676955,86.98,-4.1267805,0.17798851,0.94381773,1988-12-31,2022-12-31,sandy_gravel_or_small_boulder_sediments,sediment_plain,true
cl48218s02tr00470131,8907650,20.677462,86.980795,-3.7814643,0.23708902,0.8882636,1988-12-31,2022-12-31,sandy_gravel_or_small_boulder_sediments,sediment_plain,true
cl48218s02tr00470231,8907641,20.67797,86.981589,-3.5940151,0.24167965,0.8735909,1988-12-31,2022-12-31,sandy_gravel_or_small_boulder_sediments,sediment_plain,true
cl48218s02tr00470331,8907639,20.678416,86.982283,-3.8337862,0.23372947,0.8937045,1988-12-31,2022-12-31,sandy_gravel_or_small_boulder_sediments,sediment_plain,true
cl48218s02tr00470431,8907637,20.678933,86.983071,-4.287128,0.2067848,0.93071026,1988-12-31,2022-12-31,sandy_gravel_or_small_boulder_sediments,sediment_plain,true
cl48218s02tr00470531,8907634,20.67945,86.983858,-4.684515,0.21104744,0.939011,1988-12-31,2022-12-31,sandy_gravel_or_small_boulder_sediments,sediment_plain,true
cl48218s02tr00470631,8907633,20.679967,86.984646,-4.843881,0.1797943,0.9577742,1988-12-31,2022-12-31,sandy_gravel_or_small_boulder_sediments,sediment_plain,true
cl48218s02tr00470731,8907632,20.680484,86.985433,-4.5914526,0.23715481,0.9213434,1988-12-31,2022-12-31,sandy_gravel_or_small_boulder_sediments,sediment_plain,true
cl48218s02tr00470831,8907631,20.681001,86.986221,-4.34416,0.24367397,0.9085267,1988-12-31,2022-12-31,sandy_gravel_or_small_boulder_sediments,sediment_plain,true
cl48218s02tr00470931,8907630,20.681452,86.986907,-4.4685807,0.23904972,0.9161056,1988-12-31,2022-12-31,sandy_gravel_or_small_boulder_sediments,sediment_plain,true
cl48218s02tr00471031,8907636,20.681978,86.987688,-4.4164443,0.19542833,0.94103616,1988-12-31,2022-12-31,sandy_gravel_or_small_boulder_sediments,sediment_plain,true
cl48218s02tr00471131,8907629,20.682505,86.988468,-4.786193,0.17563035,0.95869076,1988-12-31,2022-12-31,sandy_gravel_or_small_boulder_sediments,sediment_plain,true
cl48218s02tr00471231,8907628,20.683031,86.989249,-4.921228,0.23710504,0.93085414,1988-12-31,2022-12-31,sandy_gravel_or_small_boulder_sediments,sediment_plain,true
cl48218s02tr00471331,8907627,20.683557,86.990029,-4.774891,0.32605755,0.8701594,1988-12-31,2022-12-31,sandy_gravel_or_small_boulder_sediments,sediment_plain,true
cl48218s02tr00471431,2069630,20.684084,86.99081,-4.337814,0.37187514,0.80959785,1988-12-31,2022-12-31,muddy_sediments,sediment_plain,false
cl48218s02tr00471531,2069629,20.68461,86.99159,-3.7916243,0.34325612,0.79222834,1988-12-31,2022-12-31,muddy_sediments,sediment_plain,false
cl48218s02tr00471631,8907626,20.685086,86.992285,-3.3684194,0.26073065,0.8391188,1988-12-31,2022-12-31,sandy_gravel_or_small_boulder_sediments,sediment_plain,true
cl48218s02tr00471731,8907625,20.68562,86.99306,-3.6942348,0.21734224,0.90028316,1988-12-31,2022-12-31,sandy_gravel_or_small_boulder_sediments,sediment_plain,true
cl48218s02tr00471831,2069628,20.686154,86.993834,-3.7951248,0.22866365,0.8959213,1988-12-31,2022-12-31,muddy_sediments,sediment_plain,false
cl48218s02tr00471931,8907624,20.686688,86.994609,-3.9787827,0.25769675,0.8816511,1988-12-31,2022-12-31,sandy_gravel_or_small_boulder_sediments,sediment_plain,true
cl48218s02tr00472031,8907644,20.687222,86.995383,-4.1153545,0.25926125,0.88730985,1988-12-31,2022-12-31,sandy_gravel_or_small_boulder_sediments,sediment_plain,true
cl48218s02tr00472131,8907635,20.687756,86.996158,-4.1273704,0.25835258,0.8885886,1988-12-31,2022-12-31,sandy_gravel_or_small_boulder_sediments,sediment_plain,true
cl48218s02tr00472231,8907643,20.68829,86.996933,-3.95753,0.22464086,0.90653217,1988-12-31,2022-12-31,sandy_gravel_or_small_boulder_sediments,sediment_plain,true
cl48218s02tr00472331,8907642,20.688803,86.997673,-3.8629444,0.2410847,0.8891746,1988-12-31,2022-12-31,sandy_gravel_or_small_boulder_sediments,sediment_plain,true
cl48218s02tr00472431,8906431,20.68934,86.998445,-3.6532435,0.26090997,0.85968244,1988-12-31,2022-12-31,sandy_gravel_or_small_boulder_sediments,sediment_plain,true
cl48218s02tr00472531,8843452,20.689877,86.999218,-3.5647657,0.26451024,0.8502052,1988-12-31,2022-12-31,sandy_gravel_or_small_boulder_sediments,sediment_plain,true
cl48218s02tr00472631,8843006,20.690414,86.99999,-3.4644792,0.29744455,0.8091418,1988-12-31,2022-12-31,sandy_gravel_or_small_boulder_sediments,sediment_plain,true
cl48218s02tr00472731,8843011,20.690951,87.000762,-3.613787,0.27832672,0.8404655,1988-12-31,2022-12-31,sandy_gravel_or_small_boulder_sediments,sediment_plain,true
cl48218s02tr00472831,8843015,20.691488,87.001534,-4.188874,0.29115948,0.8660987,1988-12-31,2022-12-31,sandy_gravel_or_small_boulder_sediments,sediment_plain,true
cl48218s02tr00472931,8843014,20.692025,87.002307,-4.369476,0.22401005,0.92241913,1988-12-31,2022-12-31,sandy_gravel_or_small_boulder_sediments,sediment_plain,true
cl48218s02tr00473031,8843057,20.692562,87.003079,-4.251293,0.2555535,0.89635426,1988-12-31,2022-12-31,sandy_gravel_or_small_boulder_sediments,sediment_plain,true
cl48218s02tr00473131,8843009,20.693099,87.003851,-4.2587233,0.35422048,0.818746,1988-12-31,2022-12-31,sandy_gravel_or_small_boulder_sediments,sediment_plain,true
cl48218s02tr00473231,8843095,20.693689,87.004716,-4.0201235,0.42566445,0.7359643,1988-12-31,2022-12-31,sandy_gravel_or_small_boulder_sediments,sediment_plain,true
cl48218s02tr00473331,8843096,20.694218,87.005495,-3.4824378,0.43866992,0.6632353,1988-12-31,2022-12-31,sandy_gravel_or_small_boulder_sediments,sediment_plain,true
cl48218s02tr00473431,8843097,20.694746,87.006274,-3.1681972,0.3095404,0.76601106,1988-12-31,2022-12-31,sandy_gravel_or_small_boulder_sediments,sediment_plain,true
cl48218s02tr00473531,8843098,20.695275,87.007052,-3.5397348,0.2723488,0.84073555,1988-12-31,2022-12-31,sandy_gravel_or_small_boulder_sediments,sediment_plain,true
cl48218s02tr00473631,8843099,20.695804,87.007831,-4.3923626,0.26848802,0.8932042,1988-12-31,2022-12-31,sandy_gravel_or_small_boulder_sediments,sediment_plain,true
cl48218s02tr00473731,8843093,20.696333,87.00861,-4.7066436,0.27155358,0.9037328,1988-12-31,2022-12-31,sandy_gravel_or_small_boulder_sediments,sediment_plain,true
cl48218s02tr00473831,8843092,20.696862,87.009388,-4.9373775,0.2988631,0.89505714,1988-12-31,2022-12-31,sandy_gravel_or_small_boulder_sediments,sediment_plain,true
cl48218s02tr00473931,8843091,20.697507,87.010357,-4.5351934,0.32811564,0.8565318,1988-12-31,2022-12-31,sandy_gravel_or_small_boulder_sediments,sediment_plain,true
cl48218s02tr00474031,8843080,20.698019,87.011148,-4.0887485,0.31476152,0.84058964,1988-12-31,2022-12-31,sandy_gravel_or_small_boulder_sediments,sediment_plain,true
cl48218s02tr00474131,8843072,20.69853,87.01194,-3.7909899,0.24867812,0.8789698,1988-12-31,2022-12-31,sandy_gravel_or_small_boulder_sediments,sediment_plain,true
cl48218s02tr00474231,8843073,20.699041,87.012732,-4.162488,0.28517538,0.8694145,1988-12-31,2022-12-31,sandy_gravel_or_small_boulder_sediments,sediment_plain,true
cl48218s02tr00474331,8843078,20.699553,87.013524,-3.888954,0.27451473,0.8662028,1989-12-31,2022-12-31,sandy_gravel_or_small_boulder_sediments,sediment_plain,true
cl48218s02tr00474431,8843079,20.700064,87.014315,-4.1421027,0.23446128,0.9096484,1989-12-31,2022-12-31,sandy_gravel_or_small_boulder_sediments,sediment_plain,true
cl48218s02tr00474531,8843081,20.700575,87.015107,-3.925334,0.21219566,0.91448426,1988-12-31,2022-12-31,sandy_gravel_or_small_boulder_sediments,sediment_plain,true
cl48218s02tr00474631,8843090,20.701086,87.015899,-3.747096,0.22359675,0.8977112,1988-12-31,2022-12-31,sandy_gravel_or_small_boulder_sediments,sediment_plain,true
cl48218s02tr00474731,8843082,20.701705,87.016896,-3.669333,0.20619413,0.91083777,1989-12-31,2022-12-31,sandy_gravel_or_small_boulder_sediments,sediment_plain,true
cl48218s02tr00474831,8843083,20.702198,87.017701,-4.195454,0.30606082,0.8544838,1988-12-31,2022-12-31,sandy_gravel_or_small_boulder_sediments,sediment_plain,true
cl48218s02tr00474931,8843084,20.702691,87.018506,-2.6223078,0.4031469,0.6790231,1998-12-31,2022-12-31,sandy_gravel_or_small_boulder_sediments,sediment_plain,true
cl48218s02tr00475031,8843085,20.703184,87.019311,-5.5559735,0.53536093,0.7821395,1989-12-31,2022-12-31,sandy_gravel_or_small_boulder_sediments,sediment_plain,true
cl48218s02tr00475131,8843086,20.703677,87.020116,-6.705174,0.359398,0.9304946,1990-12-31,2021-12-31,sandy_gravel_or_small_boulder_sediments,sediment_plain,true
cl48218s02tr00475231,8843087,20.70417,87.020921,-6.958412,0.39567986,0.92244965,1990-12-31,2021-12-31,sandy_gravel_or_small_boulder_sediments,sediment_plain,true
cl48218s02tr00475331,8843088,20.704663,87.021725,-6.717775,0.44384006,0.89807343,1990-12-31,2021-12-31,sandy_gravel_or_small_boulder_sediments,sediment_plain,true
cl48218s02tr00475431,8843089,20.705271,87.022739,-5.888999,0.42949656,0.87850606,1990-12-31,2021-12-31,sandy_gravel_or_small_boulder_sediments,sediment_plain,true
cl48218s02tr00475531,8843059,20.705744,87.023556,-4.976315,0.41394708,0.84752464,1990-12-31,2021-12-31,sandy_gravel_or_small_boulder_sediments,sediment_plain,true
cl48218s02tr00475631,8843100,20.706218,87.024374,-4.063592,0.33988842,0.8460973,1990-12-31,2021-12-31,sandy_gravel_or_small_boulder_sediments,sediment_plain,true
cl48218s02tr00475731,8843599,20.706692,87.025192,-3.4565854,0.31485486,0.82255477,1990-12-31,2021-12-31,sandy_gravel_or_small_boulder_sediments,sediment_plain,true
cl48218s02tr00475831,8843737,20.707165,87.02601,-3.616729,0.301788,0.8467201,1990-12-31,2021-12-31,sandy_gravel_or_small_boulder_sediments,sediment_plain,true
cl48218s02tr00475931,8843732,20.707639,87.026827,-4.1076145,0.31111524,0.870205,1990-12-31,2021-12-31,sandy_gravel_or_small_boulder_sediments,sediment_plain,true
cl48218s02tr00476031,8843745,20.708113,87.027645,-4.3154354,0.3532943,0.8516002,1990-12-31,2021-12-31,sandy_gravel_or_small_boulder_sediments,sediment_plain,true
cl48218s02tr00476131,8843744,20.708587,87.028463,-4.2639318,0.35284245,0.8488685,1990-12-31,2021-12-31,sandy_gravel_or_small_boulder_sediments,sediment_plain,true
cl48218s02tr00476231,8843743,20.709161,87.029505,-4.0492373,0.397623,0.79954654,1990-12-31,2021-12-31,sandy_gravel_or_small_boulder_sediments,sediment_plain,true
cl48218s02tr00476331,8843738,20.709615,87.030335,-3.7277663,0.39998427,0.7696227,1990-12-31,2021-12-31,sandy_gravel_or_small_boulder_sediments,sediment_plain,true
cl48218s02tr00476431,8843741,20.710068,87.031166,-3.5898836,0.40093368,0.75511134,1990-12-31,2021-12-31,sandy_gravel_or_small_boulder_sediments,sediment_plain,true
cl48218s02tr00476531,8843740,20.710522,87.031996,-3.706329,0.38954216,0.7768761,1990-12-31,2021-12-31,sandy_gravel_or_small_boulder_sediments,sediment_plain,true
cl48218s02tr00476631,8843739,20.710976,87.032827,-4.04108,0.4451258,0.7818239,1990-12-31,2018-12-31,sandy_gravel_or_small_boulder_sediments,sediment_plain,true
cl48218s02tr00476731,8843758,20.71143,87.033657,-3.2644713,0.46495533,0.6461107,1990-12-31,2021-12-31,sandy_gravel_or_small_boulder_sediments,sediment_plain,true
cl48218s02tr00476831,8843730,20.711883,87.034488,-2.2562437,0.569416,0.35927457,1990-12-31,2021-12-31,sandy_gravel_or_small_boulder_sediments,sediment_plain,true
cl48218s02tr00476931,8843742,20.712436,87.035535,-1.9431868,0.45158553,0.41594142,1990-12-31,2021-12-31,sandy_gravel_or_small_boulder_sediments,sediment_plain,true
cl48218s02tr00477031,8843751,20.71287,87.036377,-1.8231128,0.45886725,0.3777717,1990-12-31,2021-12-31,sandy_gravel_or_small_boulder_sediments,sediment_plain,true
cl48218s02tr00477131,8843752,20.713304,87.03722,-1.1120659,0.525232,0.14239141,1990-12-31,2021-12-31,sandy_gravel_or_small_boulder_sediments,sediment_plain,true
cl48218s02tr00477231,8843753,20.713738,87.038062,-1.3422842,0.5254668,0.18899982,1990-12-31,2021-12-31,sandy_gravel_or_small_boulder_sediments,sediment_plain,true
cl48218s02tr00477331,8843756,20.714172,87.038904,-1.2918093,0.48635754,0.201251,1990-12-31,2021-12-31,sandy_gravel_or_small_boulder_sediments,sediment_plain,true
cl48218s02tr00477431,8843759,20.714606,87.039747,-0.59620297,0.58091736,0.036254637,1990-12-31,2021-12-31,sandy_gravel_or_small_boulder_sediments,sediment_plain,true
cl48218s02tr00477531,8843760,20.71504,87.040589,0.1624755,0.5037829,0.003701041,1988-12-31,2021-12-31,sandy_gravel_or_small_boulder_sediments,sediment_plain,true
cl48218s02tr00477631,8843757,20.71558,87.041663,2.6424425,0.4097954,0.60629505,1990-12-31,2021-12-31,sandy_gravel_or_small_boulder_sediments,sediment_plain,true
cl48218s02tr00477731,8843504,20.715993,87.042518,3.0642157,0.4706809,0.6289832,1990-12-31,2021-12-31,sandy_gravel_or_small_boulder_sediments,sediment_plain,true
cl48218s02tr00477831,8843505,20.716405,87.043372,3.4171586,0.49074036,0.65094656,1990-12-31,2021-12-31,sandy_gravel_or_small_boulder_sediments,sediment_plain,true
cl48218s02tr00477931,8843503,20.716818,87.044226,3.3295684,0.5383905,0.6047154,1990-12-31,2021-12-31,sandy_gravel_or_small_boulder_sediments,sediment_plain,true
cl48218s02tr00478031,8843493,20.71723,87.045081,3.8142035,0.58166873,0.6417846,1990-12-31,2021-12-31,sandy_gravel_or_small_boulder_sediments,sediment_plain,true
cl48218s02tr00478131,8843548,20.717643,87.045935,5.1844945,0.6030425,0.7626721,1988-12-31,2021-12-31,sandy_gravel_or_small_boulder_sediments,sediment_plain,true
cl48218s02tr00478231,8843549,20.718056,87.04679,6.02839,0.6822625,0.78016,1988-12-31,2021-12-31,sandy_gravel_or_small_boulder_sediments,sediment_plain,true
cl48218s02tr00478331,8843550,20.718572,87.04788,5.7519226,0.8898586,0.6550724,1988-12-31,2021-12-31,sandy_gravel_or_small_boulder_sediments,sediment_plain,true
cl48218s02tr00478431,8843551,20.718962,87.048746,6.918114,1.0995879,0.6427622,1988-12-31,2021-12-31,sandy_gravel_or_small_boulder_sediments,sediment_plain,true
cl48218s02tr00478531,8843552,20.719353,87.049612,11.346811,2.0821722,0.5857753,1988-12-31,2021-12-31,sandy_gravel_or_small_boulder_sediments,sediment_plain,true
cl48218s02tr00478631,8843553,20.719744,87.050478,5.158025,1.4749608,0.39159936,1999-12-31,2021-12-31,sandy_gravel_or_small_boulder_sediments,sediment_plain,true
cl48218s02tr00478731,8843554,20.720134,87.051344,2.9055233,0.89370745,0.38337854,2002-12-31,2021-12-31,sandy_gravel_or_small_boulder_sediments,sediment_plain,true
cl48218s02tr00478831,8843555,20.720525,87.05221,2.954384,1.1885948,0.25552958,2002-12-31,2021-12-31,sandy_gravel_or_small_boulder_sediments,sediment_plain,true
cl48218s02tr00478931,8843556,20.720915,87.053076,2.7689636,1.1696383,0.23743118,2002-12-31,2021-12-31,sandy_gravel_or_small_boulder_sediments,sediment_plain,true
cl48218s02tr00479031,8843485,20.72124,87.05379,2.3889313,1.2349807,0.17210376,2002-12-31,2021-12-31,sandy_gravel_or_small_boulder_sediments,sediment_plain,true
cl48218s02tr00479131,8843486,20.721645,87.054649,0.343749,0.79606164,0.011519716,2003-12-31,2021-12-31,sandy_gravel_or_small_boulder_sediments,sediment_plain,true
cl48218s02tr00479231,8843450,20.72205,87.055508,0.111076206,1.3894334,0.0004562299,2004-12-31,2020-12-31,sandy_gravel_or_small_boulder_sediments,sediment_plain,true
cl48218s02tr00479331,8843453,20.722162,87.055718,-0.32657588,1.4123418,0.004096025,2004-12-31,2020-12-31,sandy_gravel_or_small_boulder_sediments,sediment_plain,true
cl48218s02tr00479431,8843448,20.722626,87.056542,10.80543,2.986561,0.723605,2005-12-31,2011-12-31,sandy_gravel_or_small_boulder_sediments,sediment_plain,true
cl48218s02tr00479531,8843438,20.722679,87.056682,-0.9751917,0.35418501,0.3871573,1998-12-31,2021-12-31,sandy_gravel_or_small_boulder_sediments,sediment_plain,true
cl48218s02tr00479631,8843473,20.723207,87.057462,-2.1005287,1.3049415,0.16618802,2005-12-31,2020-12-31,sandy_gravel_or_small_boulder_sediments,sediment_plain,true
cl48218s02tr00479731,8843449,20.723095,87.057392,-2.3812084,1.0996913,0.2988588,2006-12-31,2020-12-31,sandy_gravel_or_small_boulder_sediments,sediment_plain,true
cl48218s02tr00479831,8843475,20.723702,87.058103,3.5163257,2.3921366,0.1259128,2004-12-31,2021-12-31,sandy_gravel_or_small_boulder_sediments,sediment_plain,true
cl48218s02tr00479931,8843459,20.723153,87.05761,5.9374185,2.710245,0.24239765,2004-12-31,2021-12-31,sandy_gravel_or_small_boulder_sediments,sediment_plain,true
cl48218s02tr00480031,8843458,20.723869,87.058195,10.813081,2.4942784,0.5401447,1998-12-31,2021-12-31,sandy_gravel_or_small_boulder_sediments,sediment_plain,true
cl48218s02tr00480131,8843457,20.722478,87.05723,13.845177,2.6270049,0.6345059,1998-12-31,2021-12-31,sandy_gravel_or_small_boulder_sediments,sediment_plain,true
cl48218s02tr00480231,8843446,20.713766,87.059229,-7.0768414,3.5396457,0.44427356,2011-12-31,2021-12-31,sandy_gravel_or_small_boulder_sediments,sediment_plain,true
cl48218s02tr00480331,8843439,20.711682,87.066425,-3.795166,4.6589684,0.11716349,2005-12-31,2011-12-31,sandy_gravel_or_small_boulder_sediments,sediment_plain,true
cl48218s02tr00480431,8843456,20.712046,87.067659,-22.345047,1.8114386,0.93833447,2004-12-31,2021-12-31,sandy_gravel_or_small_boulder_sediments,sediment_plain,true
cl48218s02tr00480531,8843440,20.711744,87.066754,-0.9812077,1.3465946,0.046045072,2004-12-31,2018-12-31,sandy_gravel_or_small_boulder_sediments,sediment_plain,true
cl48218s02tr00480631,8843441,20.711441,87.065849,-4.5767183,2.3413005,0.19278145,1998-12-31,2021-12-31,sandy_gravel_or_small_boulder_sediments,sediment_plain,true
cl48218s02tr00480731,8843442,20.711304,87.065503,-5.109243,1.3830526,0.5121393,2004-12-31,2021-12-31,sandy_gravel_or_small_boulder_sediments,sediment_plain,true
cl48218s02tr00480831,8843443,20.71095,87.06462,-3.608976,0.9473718,0.56883025,2005-12-31,2020-12-31,sandy_gravel_or_small_boulder_sediments,sediment_plain,true
cl48218s02tr00480931,8843444,20.710597,87.063736,-3.850141,0.99553645,0.5993077,2004-12-31,2019-12-31,sandy_gravel_or_small_boulder_sediments,sediment_plain,true
cl48218s02tr00481031,8843445,20.710363,87.063146,-3.620326,0.93810046,0.5154619,2004-12-31,2021-12-31,sandy_gravel_or_small_boulder_sediments,sediment_plain,true
cl48218s02tr00481131,8843447,20.709982,87.062275,-10.042876,3.2882292,0.35430142,1998-12-31,2021-12-31,sandy_gravel_or_small_boulder_sediments,sediment_plain,true
cl48218s02tr00481231,8857813,20.709601,87.061404,-15.1730995,2.8480966,0.63949144,1998-12-31,2021-12-31,sandy_gravel_or_small_boulder_sediments,sediment_plain,true
cl48218s02tr00481331,8857814,20.70922,87.060534,-6.6359043,1.1359854,0.6946477,1988-12-31,2021-12-31,sandy_gravel_or_small_boulder_sediments,sediment_plain,true
cl48218s02tr00481431,8857815,20.708839,87.059663,-7.5249243,2.1082046,0.4432899,1988-12-31,2021-12-31,sandy_gravel_or_small_boulder_sediments,sediment_plain,true
cl48218s02tr00481531,8857816,20.708523,87.058955,-8.369723,3.8234878,0.3034379,1999-12-31,2015-12-31,sandy_gravel_or_small_boulder_sediments,sediment_plain,true
cl48218s02tr00481631,8857835,20.708127,87.058092,-5.8761716,0.63653535,0.825616,2000-12-31,2021-12-31,sandy_gravel_or_small_boulder_sediments,sediment_plain,true
cl48218s02tr00481731,8857807,20.70773,87.057229,-3.0154154,0.5372211,0.611693,1988-12-31,2021-12-31,sandy_gravel_or_small_boulder_sediments,sediment_plain,true
cl48218s02tr00481831,8857834,20.707334,87.056366,-2.6595454,0.44927654,0.6366403,1988-12-31,2021-12-31,sandy_gravel_or_small_boulder_sediments,sediment_plain,true
cl48218s02tr00481931,8857832,20.706938,87.055503,-1.4126781,0.5334179,0.3047639,2002-12-31,2021-12-31,sandy_gravel_or_small_boulder_sediments,sediment_plain,true
cl48218s02tr00482031,8857289,20.706542,87.05464,-2.5583553,0.6360507,0.45989737,1999-12-31,2021-12-31,sandy_gravel_or_small_boulder_sediments,sediment_plain,true
cl48218s02tr00482131,8857288,20.706194,87.053906,-1.9697074,0.44427514,0.5084875,1999-12-31,2021-12-31,sandy_gravel_or_small_boulder_sediments,sediment_plain,true
cl48218s02tr00482231,8857262,20.705787,87.053049,-1.4482094,0.5188769,0.30205348,1999-12-31,2021-12-31,sandy_gravel_or_small_boulder_sediments,sediment_plain,true
cl48218s02tr00482331,8857269,20.705379,87.052192,3.2768188,0.92731476,0.39657214,1990-12-31,2021-12-31,sandy_gravel_or_small_boulder_sediments,sediment_plain,true
cl48218s02tr00482431,8857268,20.704971,87.051335,5.333319,1.2552443,0.40979588,1988-12-31,2021-12-31,sandy_gravel_or_small_boulder_sediments,sediment_plain,true
cl48218s02tr00482531,8857267,20.704563,87.050478,-2.1345012,0.4874915,0.47724286,1988-12-31,2021-12-31,sandy_gravel_or_small_boulder_sediments,sediment_plain,true
cl48218s02tr00482631,8857266,20.704155,87.049621,-1.7376069,0.3773709,0.5549911,1999-12-31,2021-12-31,sandy_gravel_or_small_boulder_sediments,sediment_plain,true
cl48218s02tr00482731,8857265,20.703787,87.048854,2.097359,0.7943001,0.3035091,1993-12-31,2021-12-31,sandy_gravel_or_small_boulder_sediments,sediment_plain,true
cl48218s02tr00482831,8857264,20.703371,87.048001,-1.7631062,0.45243502,0.50308156,1999-12-31,2021-12-31,sandy_gravel_or_small_boulder_sediments,sediment_plain,true
cl48218s02tr00482931,8857263,20.702955,87.047149,-0.7986877,0.6190083,0.08056198,1999-12-31,2021-12-31,sandy_gravel_or_small_boulder_sediments,sediment_plain,true
cl48218s02tr00483031,8857300,20.702538,87.046297,-0.41319302,0.45992532,0.04074835,1999-12-31,2021-12-31,sandy_gravel_or_small_boulder_sediments,sediment_plain,true
cl48218s02tr00483131,8857270,20.702122,87.045444,-0.15162045,0.47552064,0.0053222855,1999-12-31,2021-12-31,sandy_gravel_or_small_boulder_sediments,sediment_plain,true
cl48218s02tr00483231,8857299,20.701706,87.044592,-1.2776506,0.6372305,0.17463237,1999-12-31,2021-12-31,sandy_gravel_or_small_boulder_sediments,sediment_plain,true
cl48218s02tr00483331,8857297,20.70129,87.043739,-1.6358281,0.61265564,0.28370264,1999-12-31,2021-12-31,sandy_gravel_or_small_boulder_sediments,sediment_plain,true
cl48218s02tr00483431,8857301,20.700921,87.042987,-1.6698593,0.94460154,0.13513847,1999-12-31,2021-12-31,sandy_gravel_or_small_boulder_sediments,sediment_plain,true
cl48218s02tr00483531,8857277,20.700496,87.04214,-1.3151776,1.171093,0.059319653,1999-12-31,2021-12-31,sandy_gravel_or_small_boulder_sediments,sediment_plain,true
cl48218s02tr00483631,8857255,20.70007,87.041293,-0.92003167,0.6950745,0.08442719,1999-12-31,2021-12-31,sandy_gravel_or_small_boulder_sediments,sediment_plain,true
cl48218s02tr00483731,8857254,20.699644,87.040446,-1.214327,0.4444106,0.28210458,1999-12-31,2021-12-31,sandy_gravel_or_small_boulder_sediments,sediment_plain,true
cl48218s02tr00483831,8857252,20.699219,87.039598,-5.839436,1.7740493,0.4037535,1999-12-31,2021-12-31,sandy_gravel_or_small_boulder_sediments,sediment_plain,true
cl48218s02tr00483931,8857251,20.698793,87.038751,-1.4949679,0.38130334,0.44722,1999-12-31,2021-12-31,sandy_gravel_or_small_boulder_sediments,sediment_plain,true
cl48218s02tr00484031,8857250,20.698368,87.037904,-0.981898,0.3749921,0.26516888,1999-12-31,2021-12-31,sandy_gravel_or_small_boulder_sediments,sediment_plain,true
cl48218s02tr00484131,8857240,20.697942,87.037057,-0.94739825,0.45651332,0.18478848,1999-12-31,2021-12-31,sandy_gravel_or_small_boulder_sediments,sediment_plain,true
cl48218s02tr00484231,8857230,20.697453,87.036066,-1.185581,0.5182494,0.2159585,1999-12-31,2021-12-31,sandy_gravel_or_small_boulder_sediments,sediment_plain,true
cl48218s02tr00484331,8857229,20.69704,87.035211,-2.1253476,0.79787445,0.27190867,1999-12-31,2021-12-31,sandy_gravel_or_small_boulder_sediments,sediment_plain,true
cl48218s02tr00484431,8857831,20.696473,87.03401,-1.3968949,0.6825493,0.1806286,1999-12-31,2021-12-31,sandy_gravel_or_small_boulder_sediments,sediment_plain,true
cl48218s02tr00484531,2044582,20.696093,87.033139,-1.2299279,0.38089603,0.35432762,1999-12-31,2021-12-31,muddy_sediments,sediment_plain,false
cl48218s02tr00484631,2044599,20.695713,87.032268,-1.31434,0.28488192,0.5418166,1999-12-31,2021-12-31,muddy_sediments,sediment_plain,false
cl48218s02tr00484731,2044811,20.695235,87.03111,-1.2008547,0.3590889,0.37051657,1999-12-31,2021-12-31,muddy_sediments,wetland,false
cl48218s02tr00484831,2044597,20.694881,87.030227,-1.2050952,0.28065977,0.49247617,1999-12-31,2021-12-31,muddy_sediments,wetland,false
cl48218s02tr00484931,2044596,20.69441,87.029015,-0.9509589,0.3381323,0.2939301,1999-12-31,2021-12-31,muddy_sediments,wetland,false
cl48218s02tr00485031,2044595,20.694086,87.028119,-1.0302624,0.28562757,0.43353236,1999-12-31,2021-12-31,muddy_sediments,wetland,false
cl48218s02tr00485131,2044594,20.693763,87.027222,7.2488117,0.39069125,0.929776,1990-12-31,2021-12-31,muddy_sediments,wetland,false
cl48218s02tr00485231,2044593,20.693367,87.026053,0.28711665,0.142756,0.115425214,1989-12-31,2022-12-31,muddy_sediments,wetland,false
cl48218s02tr00485331,2044592,20.693069,87.025146,0.99369204,0.2555328,0.32787007,1989-12-31,2022-12-31,muddy_sediments,wetland,false
cl48218s02tr00485431,2044591,20.692677,87.023889,4.5183573,0.6433144,0.6140938,1989-12-31,2022-12-31,muddy_sediments,wetland,false
cl48218s02tr00485531,2044590,20.692412,87.022971,4.952144,0.453328,0.7937914,1989-12-31,2022-12-31,muddy_sediments,wetland,false
cl48218s02tr00485631,2044598,20.692034,87.021587,2.1391366,0.19112547,0.80678564,1989-12-31,2022-12-31,muddy_sediments,wetland,false
cl48218s02tr00485731,2044589,20.691812,87.020656,0.121688135,0.1713446,0.016009802,1988-12-31,2022-12-31,muddy_sediments,wetland,false
cl48218s02tr00485831,2044588,20.691473,87.019054,-0.45452836,0.14348207,0.23873347,1988-12-31,2022-12-31,muddy_sediments,wetland,false
cl48218s02tr00485931,2044587,20.691314,87.018109,-0.61253625,0.12339546,0.4350421,1988-12-31,2022-12-31,muddy_sediments,wetland,false
cl48218s02tr00486031,2044586,20.691112,87.016614,-0.67759347,0.11632162,0.5146561,1988-12-31,2022-12-31,muddy_sediments,wetland,false
cl48218s02tr00486131,2044585,20.691004,87.01566,-0.7665668,0.10134756,0.6412966,1988-12-31,2022-12-31,muddy_sediments,wetland,false
cl48218s02tr00486231,2044584,20.690875,87.014214,-1.0071553,0.09653142,0.77281886,1988-12-31,2022-12-31,muddy_sediments,wetland,false
cl48218s02tr00486331,2044583,20.690813,87.013256,-0.8633805,0.10017027,0.69893515,1988-12-31,2022-12-31,muddy_sediments,wetland,false
cl48218s02tr00486431,1951801,20.690789,87.011455,-1.0125009,0.10908988,0.72914267,1988-12-31,2022-12-31,muddy_sediments,wetland,false
cl48218s02tr00486531,1951802,20.690982,87.008999,-1.0509787,0.13796642,0.6517967,1989-12-31,2022-12-31,muddy_sediments,wetland,false
cl48218s02tr00486631,1951803,20.691141,87.008054,-3.4718356,0.7861874,0.5821072,2004-12-31,2022-12-31,muddy_sediments,wetland,false
cl48218s02tr00486731,1951796,20.69191,87.005429,-0.7756613,0.16555549,0.40687075,1988-12-31,2022-12-31,muddy_sediments,wetland,false
cl48218s02tr00486831,1951800,20.69297,87.003163,-0.5556101,0.17627144,0.23691773,1988-12-31,2022-12-31,muddy_sediments,wetland,false
cl48218s02tr00486931,1951798,20.694055,87.001413,6.9817314,0.8043925,0.75839055,1988-12-31,2022-12-31,muddy_sediments,wetland,false
cl48218s02tr00487031,1951797,20.694598,87.000646,3.566732,0.59490275,0.5369393,1989-12-31,2022-12-31,muddy_sediments,wetland,false
cl48218s02tr00487131,1951811,20.695562,86.999416,-5.2047973,0.78006554,0.6900138,2000-12-31,2022-12-31,muddy_sediments,wetland,false
cl48218s02tr00487231,1951812,20.696584,86.998195,-5.23342,0.56358486,0.75487804,1988-12-31,2022-12-31,muddy_sediments,wetland,false
cl48218s02tr00487331,1951813,20.697221,86.997514,-3.104408,0.3550921,0.7114455,1988-12-31,2022-12-31,muddy_sediments,wetland,false
cl48218s02tr00487431,1951814,20.697858,86.996833,-2.2101212,0.32154536,0.61162084,1988-12-31,2021-12-31,muddy_sediments,wetland,false
cl48218s02tr00487531,1951810,20.699729,86.995124,-3.7783563,0.5409621,0.61144805,1988-12-31,2022-12-31,muddy_sediments,wetland,false
cl48218s02tr00487631,1951744,20.700467,86.99457,-2.965063,0.3410104,0.7091984,1988-12-31,2022-12-31,muddy_sediments,wetland,false
cl48218s02tr00487731,1951804,20.70313,86.992916,-4.5240145,0.7453327,0.54305845,1988-12-31,2022-12-31,muddy_sediments,wetland,false
cl48218s02tr00487831,1951805,20.703972,86.992567,-2.5407848,0.4873715,0.4753215,1988-12-31,2021-12-31,muddy_sediments,wetland,false
cl48218s02tr00487931,1951806,20.704814,86.992217,-3.069448,0.3154363,0.7533585,1988-12-31,2022-12-31,muddy_sediments,wetland,false
cl48218s02tr00488031,1951807,20.707668,86.991445,-2.9592025,0.20471738,0.8708058,1988-12-31,2022-12-31,muddy_sediments,wetland,false
cl48218s02tr00488131,1951808,20.708562,86.991306,-4.2110624,0.28467634,0.87590903,1988-12-31,2022-12-31,muddy_sediments,wetland,false
cl48218s02tr00488231,1951216,20.709457,86.991167,-0.2075847,0.37399864,0.021531237,2007-12-31,2022-12-31,muddy_sediments,wetland,false
cl48218s02tr00488331,1951159,20.711916,86.991083,0.73849076,0.22286564,0.43955255,2007-12-31,2022-12-31,muddy_sediments,wetland,false
cl48218s02tr00488431,1951160,20.71282,86.99111,0.8709891,0.16362341,0.66931015,2007-12-31,2022-12-31,muddy_sediments,wetland,false
cl48218s02tr00488531,1951161,20.713723,86.991136,-1.024743,0.18033093,0.60594165,1988-12-31,2014-12-31,muddy_sediments,wetland,false
cl48218s02tr00488631,1951203,20.715533,86.991291,-1.1556246,0.159456,0.70479023,1988-12-31,2014-12-31,muddy_sediments,wetland,false
cl48218s02tr00488731,1951202,20.716429,86.991414,-1.6102527,0.16042846,0.80118555,1988-12-31,2018-12-31,muddy_sediments,wetland,false
cl48218s02tr00488831,1951201,20.717325,86.991538,-1.2863266,0.11982057,0.80453706,1988-12-31,2019-12-31,muddy_sediments,wetland,false
cl48218s02tr00488931,1951235,20.718221,86.991661,-1.2648135,0.15024726,0.7167893,1988-12-31,2019-12-31,muddy_sediments,wetland,false
cl48218s02tr00489031,1951200,20.719617,86.991882,-0.6250162,0.06867074,0.7541875,1988-12-31,2019-12-31,muddy_sediments,wetland,false
cl48218s02tr00489131,1951199,20.720505,86.992059,-11.7058,1.305819,0.7216219,1988-12-31,2022-12-31,muddy_sediments,wetland,false
cl48218s02tr00489231,1951197,20.721393,86.992235,-3.4921572,0.29745424,0.8212489,1988-12-31,2022-12-31,muddy_sediments,wetland,false
cl48218s02tr00489331,1951208,20.722281,86.992412,-4.317923,0.24662112,0.90815943,1988-12-31,2022-12-31,muddy_sediments,wetland,false
cl48218s02tr00489431,1951196,20.72317,86.992589,-2.4946828,0.19462726,0.85885644,1992-12-31,2022-12-31,muddy_sediments,wetland,false
cl48218s02tr00489531,1951195,20.724058,86.992765,0.1266748,0.13343097,0.028252656,1988-12-31,2022-12-31,muddy_sediments,wetland,false
cl48218s02tr00489631,1951194,20.725207,86.993022,0.019963393,0.12777966,0.00081302266,1988-12-31,2021-12-31,muddy_sediments,wetland,false
cl48218s02tr00489731,1951193,20.72609,86.993227,0.09380829,0.1570416,0.011379374,1988-12-31,2022-12-31,muddy_sediments,wetland,false
cl48218s02tr00489831,1951192,20.726972,86.993432,0.7321096,0.22756685,0.31993505,1999-12-31,2022-12-31,muddy_sediments,wetland,false
cl48218s02tr00489931,1951177,20.727855,86.993636,-0.0891462,0.18263699,0.0073901936,1988-12-31,2022-12-31,muddy_sediments,wetland,false
cl48218s02tr00490031,1951204,20.728738,86.993841,-0.35782218,0.15326804,0.14953013,1988-12-31,2022-12-31,muddy_sediments,wetland,false
cl48218s02tr00490131,1951198,20.729621,86.994046,-0.61792475,0.17144927,0.2952899,1988-12-31,2022-12-31,muddy_sediments,wetland,false
cl48218s02tr00490231,1951205,20.730545,86.994261,-0.9095569,0.16060981,0.50849223,1988-12-31,2022-12-31,muddy_sediments,wetland,false
cl48218s02tr00490331,1951180,20.731427,86.99447,-1.170052,0.16703606,0.605265,1988-12-31,2022-12-31,muddy_sediments,wetland,false
cl48218s02tr00490431,1951186,20.732309,86.994679,-1.4511526,0.15732443,0.72668546,1988-12-31,2022-12-31,muddy_sediments,wetland,false
cl48218s02tr00490531,1951188,20.733191,86.994889,-1.4854137,0.1670574,0.7118706,1988-12-31,2022-12-31,muddy_sediments,wetland,false
cl48218s02tr00490631,1951185,20.734073,86.995098,-1.3285462,0.18119426,0.6268684,1988-12-31,2022-12-31,muddy_sediments,wetland,false
cl48218s02tr00490731,1951183,20.73479,86.995267,-1.2345138,0.18809949,0.57375467,1988-12-31,2022-12-31,muddy_sediments,wetland,false
cl48218s02tr00490831,1951182,20.735675,86.995458,-1.120041,0.19700812,0.5025038,1988-12-31,2022-12-31,muddy_sediments,wetland,false
cl48218s02tr00490931,1951181,20.73656,86.99565,-0.7405213,0.2112623,0.27743357,1988-12-31,2022-12-31,muddy_sediments,wetland,false
cl48218s02tr00491031,1951179,20.737446,86.995842,-0.33558905,0.19767953,0.082621,1988-12-31,2022-12-31,muddy_sediments,wetland,false
cl48218s02tr00491131,1951207,20.737808,86.995913,0.1558652,0.16980226,0.025655152,1988-12-31,2022-12-31,muddy_sediments,wetland,false
cl48218s02tr00491231,1951178,20.738703,86.996049,0.9360163,0.13814628,0.58925915,1988-12-31,2022-12-31,muddy_sediments,wetland,false
cl48218s02tr00491331,1951142,20.739597,86.996185,1.8875067,0.15058681,0.8307861,1988-12-31,2022-12-31,muddy_sediments,wetland,false
cl48218s02tr00491431,1951184,20.739468,86.996172,3.0590742,0.1083572,0.9613998,1988-12-31,2022-12-31,muddy_sediments,wetland,false
cl48218s02tr00491531,1951189,20.740371,86.996199,3.866846,0.12531994,0.9674823,1988-12-31,2022-12-31,muddy_sediments,wetland,false
cl48218s02tr00491631,1951190,20.739816,86.996289,4.0172,0.31875026,0.83231574,1988-12-31,2022-12-31,muddy_sediments,wetland,false
cl48218s02tr00491731,1951191,20.740711,86.99616,3.0589833,0.38588747,0.6625879,1988-12-31,2022-12-31,muddy_sediments,wetland,false
cl48218s02tr00491831,1951206,20.741607,86.996032,1.2216452,0.3648084,0.25949925,1988-12-31,2022-12-31,muddy_sediments,wetland,false
cl48218s02tr00491931,1951176,20.741065,86.996085,-0.2231351,0.24405167,0.02625761,1989-12-31,2022-12-31,muddy_sediments,wetland,false
cl48218s02tr00492031,1951175,20.741929,86.995807,-0.58031017,0.15851921,0.31606355,1989-12-31,2022-12-31,muddy_sediments,wetland,false
cl48218s02tr00492131,1951154,20.741923,86.995793,-0.03339155,0.21197148,0.0008853959,1989-12-31,2020-12-31,muddy_sediments,wetland,false
cl48218s02tr00492231,1951158,20.742757,86.995424,1.4308085,0.34204224,0.36080644,1989-12-31,2022-12-31,muddy_sediments,wetland,false
cl48218s02tr00492331,1951174,20.743591,86.995055,1.2222176,0.17828773,0.6103657,1989-12-31,2022-12-31,muddy_sediments,wetland,false
cl48218s02tr00492431,1951173,20.744077,86.99481,0.80155504,0.25109604,0.25355124,1990-12-31,2022-12-31,muddy_sediments,wetland,false
cl48218s02tr00492531,1951172,20.744897,86.994405,0.24806651,0.21890166,0.042405594,1990-12-31,2022-12-31,muddy_sediments,wetland,false
cl48218s02tr00492631,1951171,20.745717,86.994001,0.9521227,0.19067119,0.46231934,1990-12-31,2022-12-31,muddy_sediments,wetland,false
cl48218s02tr00492731,1951170,20.746562,86.993585,1.3930659,0.2083043,0.60664433,1990-12-31,2022-12-31,muddy_sediments,wetland,false
cl48218s02tr00492831,1951132,20.747383,86.993184,2.3153644,0.27997026,0.70223886,1990-12-31,2022-12-31,muddy_sediments,wetland,false
cl48218s02tr00492931,1951169,20.748342,86.992721,2.5130687,0.3975831,0.57114255,1990-12-31,2022-12-31,muddy_sediments,wetland,false
cl48218s02tr00493031,1951168,20.749169,86.992334,2.7020454,0.5096178,0.483758,1990-12-31,2022-12-31,muddy_sediments,wetland,false
cl48218s02tr00493131,1951167,20.750165,86.991872,3.883114,0.6197961,0.56679994,1990-12-31,2022-12-31,muddy_sediments,wetland,false
cl48218s02tr00493231,1951166,20.750999,86.991503,4.964381,0.6472034,0.66230196,1990-12-31,2022-12-31,muddy_sediments,wetland,false
cl48218s02tr00493331,1951165,20.751833,86.991134,5.3315578,0.5824418,0.7363613,1990-12-31,2022-12-31,muddy_sediments,wetland,false
cl48218s02tr00493431,1951164,20.752765,86.990733,4.2822595,0.7297717,0.5262313,1989-12-31,2022-12-31,muddy_sediments,wetland,false
cl48218s02tr00493531,1951163,20.753603,86.990374,5.167063,0.5156978,0.7699237,1990-12-31,2022-12-31,muddy_sediments,wetland,false
cl48218s02tr00493631,1951162,20.754613,86.989961,4.622,0.51612294,0.7212134,1989-12-31,2022-12-31,muddy_sediments,wetland,false
cl48218s02tr00493731,1951157,20.755458,86.989619,4.5433292,0.5151859,0.7149989,1989-12-31,2022-12-31,muddy_sediments,wetland,false
cl48218s02tr00493831,1951156,20.756518,86.989217,5.0766296,0.5333903,0.7450363,1989-12-31,2022-12-31,muddy_sediments,wetland,false
cl48218s02tr00493931,1951109,20.757627,86.988813,5.5102067,0.50523037,0.7932616,1989-12-31,2022-12-31,muddy_sediments,wetland,false
cl48218s02tr00494031,1951155,20.758488,86.988521,5.6360993,0.46085474,0.82831645,1989-12-31,2022-12-31,muddy_sediments,wetland,false
cl48218s02tr00494131,1951153,20.759743,86.98814,5.785728,0.3116328,0.919934,1989-12-31,2022-12-31,muddy_sediments,wetland,false
cl48218s02tr00494231,1951152,20.760493,86.987916,5.685053,0.20051636,0.96402186,1989-12-31,2022-12-31,muddy_sediments,wetland,false
cl48218s02tr00494331,1951151,20.760397,86.987928,5.132941,0.2879067,0.9111378,1989-12-31,2022-12-31,muddy_sediments,wetland,false
cl48218s02tr00494431,1951150,20.760581,86.987829,4.180477,0.28781787,0.8718838,1989-12-31,2022-12-31,muddy_sediments,wetland,false
cl48218s02tr00494531,1951149,20.760817,86.987693,4.007286,0.2530207,0.89000666,1989-12-31,2022-12-31,muddy_sediments,wetland,false
cl48218s02tr00494631,1951148,20.761007,86.987581,4.251363,0.23451968,0.91634667,1989-12-31,2022-12-31,muddy_sediments,wetland,false
cl48218s02tr00494731,1951147,20.761245,86.987424,2.4080794,0.21062559,0.8083026,1989-12-31,2022-12-31,muddy_sediments,wetland,false
cl48218s02tr00494831,1951143,20.761947,86.986819,1.5841681,0.15508588,0.7766889,1989-12-31,2022-12-31,muddy_sediments,wetland,false
cl48218s02tr00494931,1951146,20.762163,86.986586,0.477867,0.1295948,0.30488393,1989-12-31,2022-12-31,muddy_sediments,wetland,false
cl48218s02tr00495031,1951145,20.762122,86.98659,0.5203875,0.14989422,0.27995196,1989-12-31,2022-12-31,muddy_sediments,wetland,false
cl48218s02tr00495131,1951144,20.762196,86.986464,0.44690973,0.18320821,0.15679522,1988-12-31,2022-12-31,muddy_sediments,wetland,false
cl48218s02tr00495231,1951736,20.762176,86.986536,0.43815237,0.08871837,0.4568336,1989-12-31,2020-12-31,muddy_sediments,wetland,false
cl48218s02tr00495331,1951737,20.762632,86.985707,0.66557926,0.087282516,0.652269,1989-12-31,2022-12-31,muddy_sediments,wetland,false
cl48218s02tr00495431,1951887,20.762476,86.985907,0.57854545,0.09308068,0.55480736,1989-12-31,2022-12-31,muddy_sediments,wetland,false
cl48218s02tr00495531,1951880,20.762295,86.986382,0.33531135,0.0952812,0.27902937,1988-12-31,2022-12-31,muddy_sediments,wetland,false
cl48218s02tr00495631,1951877,20.762257,86.986673,0.15467909,0.01687897,0.7705983,1989-12-31,2022-12-31,muddy_sediments,wetland,false
cl48218s02tr00495731,1951876,20.762363,86.985719,-0.28020713,0.077787444,0.3166725,1988-12-31,2022-12-31,muddy_sediments,wetland,false
cl48218s02tr00495831,1951875,20.762336,86.985639,-0.6925501,0.118493326,0.5324171,1988-12-31,2022-12-31,muddy_sediments,wetland,false
cl48218s02tr00495931,1951874,20.762354,86.985225,-0.7344981,0.19648471,0.3039559,1988-12-31,2022-12-31,muddy_sediments,wetland,false
cl48218s02tr00496031,1951873,20.762326,86.984265,-0.7179808,0.16679733,0.36669797,1988-12-31,2022-12-31,muddy_sediments,wetland,false
cl48218s02tr00496131,1951872,20.762316,86.98367,-0.85546297,0.1489076,0.50772375,1988-12-31,2022-12-31,muddy_sediments,wetland,false
cl48218s02tr00496231,1951871,20.762254,86.982712,-0.8963971,0.13021956,0.5969053,1988-12-31,2022-12-31,muddy_sediments,wetland,false
cl48218s02tr00496331,1951881,20.762192,86.981753,-0.8199017,0.098706864,0.6831582,1988-12-31,2022-12-31,muddy_sediments,wetland,false
cl48218s02tr00496431,1951888,20.762128,86.980663,-0.77430797,0.062195588,0.83783054,1988-12-31,2022-12-31,muddy_sediments,wetland,false
cl48218s02tr00496531,1951882,20.762078,86.979704,-0.9025608,0.069072135,0.8463404,1988-12-31,2022-12-31,muddy_sediments,wetland,false
cl48218s02tr00496631,1951883,20.762028,86.978744,-0.95319647,0.058130056,0.89962626,1988-12-31,2022-12-31,muddy_sediments,wetland,false
cl48218s02tr00496731,1951892,20.761979,86.977785,-1.1217005,0.07575709,0.8761158,1988-12-31,2022-12-31,muddy_sediments,wetland,false
cl48218s02tr00496831,1951891,20.761981,86.976055,-1.1891286,0.086186975,0.85995626,1988-12-31,2022-12-31,muddy_sediments,wetland,false
cl48218s02tr00496931,1951890,20.762004,86.975095,-1.2429501,0.095147125,0.8462712,1988-12-31,2022-12-31,muddy_sediments,wetland,false
cl48218s02tr00497031,1951889,20.762027,86.974135,-1.4620386,0.0971644,0.87957144,1988-12-31,2022-12-31,muddy_sediments,wetland,false
cl48218s02tr00497131,2012018,20.762277,86.971886,-1.5565759,0.14956518,0.7774791,1988-12-31,2022-12-31,muddy_sediments,wetland,false
cl48218s02tr00497231,2012029,20.762422,86.970938,-2.2538218,0.1388782,0.89469135,1988-12-31,2022-12-31,muddy_sediments,wetland,false
cl48218s02tr00497331,2012026,20.763106,86.968162,-2.1780753,0.19927911,0.79396504,1988-12-31,2022-12-31,muddy_sediments,wetland,false
cl48218s02tr00497431,2012027,20.763425,86.967263,-1.0562478,0.18936764,0.5008971,1988-12-31,2022-12-31,muddy_sediments,wetland,false
cl48218s02tr00497531,2012028,20.764719,86.964439,-1.4598193,0.26611903,0.4925659,1988-12-31,2022-12-31,muddy_sediments,wetland,false
cl48218s02tr00497631,2011570,20.765221,86.96364,-1.532561,0.3454293,0.3883692,1988-12-31,2022-12-31,muddy_sediments,wetland,false
cl48218s02tr00497731,2012030,20.765722,86.962841,-1.296643,0.30746156,0.36456162,1988-12-31,2022-12-31,muddy_sediments,wetland,false
cl48218s02tr00497831,2012492,20.767537,86.960651,,,,,,muddy_sediments,wetland,false
cl48218s02tr00497931,2012491,20.76818,86.959977,,,,,,muddy_sediments,wetland,false
cl48218s02tr00498031,2012516,20.769829,86.95848,,,,,,muddy_sediments,wetland,false
cl48218s02tr00498131,2012515,20.770556,86.957909,,,,,,muddy_sediments,wetland,false
cl48218s02tr00498231,2012514,20.771282,86.957337,,,,,,muddy_sediments,wetland,false
cl48218s02tr00498331,2012513,20.772649,86.956362,,,,,,muddy_sediments,wetland,false
cl48218s02tr00498431,2012512,20.773417,86.955856,,,,,,muddy_sediments,sediment_plain,false
cl48218s02tr00498531,2012511,20.774185,86.95535,,,,,,muddy_sediments,sediment_plain,false
cl48218s02tr00498631,2012517,20.775206,86.954688,,,,,,muddy_sediments,sediment_plain,false
cl48218s02tr00498731,2012518,20.775989,86.954208,,,,,,muddy_sediments,sediment_plain,false
cl48218s02tr00498831,2012520,20.776771,86.953729,,,,,,muddy_sediments,sediment_plain,false
cl48218s02tr00498931,2012519,20.777949,86.953065,,,,,,muddy_sediments,sediment_plain,false
cl48218s02tr00499031,2012507,20.779723,86.952174,,,,,,muddy_sediments,sediment_plain,false
cl48218s02tr00499131,2012508,20.780569,86.951837,,,,,,muddy_sediments,sediment_plain,false
cl48218s02tr00499231,2012509,20.782986,86.951128,,,,,,muddy_sediments,sediment_plain,false
cl48218s02tr00499331,2012405,20.785543,86.950806,-0.8476845,0.5152577,0.08275319,1988-12-31,2021-12-31,muddy_sediments,sediment_plain,false
cl48218s02tr00499431,2012404,20.786447,86.950811,-0.88563716,0.3258801,0.19240913,1988-12-31,2022-12-31,muddy_sediments,sediment_plain,false
cl48218s02tr00499531,2012403,20.788428,86.950939,-0.99444526,0.33968472,0.2112509,1988-12-31,2022-12-31,muddy_sediments,sediment_plain,false
cl48218s02tr00499631,2012402,20.789324,86.951059,-1.1083953,0.3596232,0.2345557,1988-12-31,2022-12-31,muddy_sediments,sediment_plain,false
cl48218s02tr00499731,2012401,20.790779,86.951297,-1.1423935,0.32192576,0.2956545,1988-12-31,2022-12-31,muddy_sediments,sediment_plain,false
cl48218s02tr00499831,8794310,20.791667,86.951477,-1.9689609,0.27361885,0.6410109,1988-12-31,2022-12-31,sandy_gravel_or_small_boulder_sediments,sediment_plain,true
cl48218s02tr00499931,2012276,20.792554,86.951657,-1.6256427,0.34692457,0.40693915,1988-12-31,2022-12-31,muddy_sediments,sediment_plain,false
cl48218s02tr00500031,8794309,20.793643,86.951899,-1.997862,0.36107108,0.48894686,1988-12-31,2022-12-31,sandy_gravel_or_small_boulder_sediments,sediment_plain,true
cl48218s02tr00500131,8794308,20.794527,86.952101,-2.5119936,0.40737662,0.5430064,1988-12-31,2022-12-31,sandy_gravel_or_small_boulder_sediments,sediment_plain,true
cl48218s02tr00500231,8794307,20.79541,86.952303,-2.8111534,0.42915538,0.5728103,1988-12-31,2022-12-31,sandy_gravel_or_small_boulder_sediments,sediment_plain,true
cl48218s02tr00500331,8794306,20.796321,86.952512,-2.9308097,0.42530298,0.59742045,1988-12-31,2022-12-31,sandy_gravel_or_small_boulder_sediments,sediment_plain,true
cl48218s02tr00500431,8794305,20.797204,86.952717,-2.9070122,0.41887298,0.6008219,1988-12-31,2022-12-31,sandy_gravel_or_small_boulder_sediments,sediment_plain,true
cl48218s02tr00500531,8794304,20.79808,86.95292,-2.8192143,0.42100513,0.5835591,1988-12-31,2022-12-31,sandy_gravel_or_small_boulder_sediments,sediment_plain,true
cl48218s02tr00500631,8794303,20.798963,86.953124,-2.5443602,0.45573872,0.49342385,1988-12-31,2022-12-31,sandy_gravel_or_small_boulder_sediments,sediment_plain,true
cl48218s02tr00500731,8794302,20.799846,86.953329,-2.5218678,0.47583807,0.46745086,1988-12-31,2022-12-31,sandy_gravel_or_small_boulder_sediments,sediment_plain,true
cl48218s02tr00500831,8794301,20.800752,86.95354,-2.4397545,0.5140722,0.41310164,1988-12-31,2022-12-31,sandy_gravel_or_small_boulder_sediments,sediment_plain,true
cl48218s02tr00500931,8794268,20.801635,86.953747,-2.1392868,0.5231878,0.3431785,1988-12-31,2022-12-31,sandy_gravel_or_small_boulder_sediments,sediment_plain,true
cl48218s02tr00501031,8794300,20.802508,86.953951,-2.0907745,0.558777,0.3043524,1988-12-31,2022-12-31,sandy_gravel_or_small_boulder_sediments,sediment_plain,true
cl48218s02tr00501131,8794267,20.80339,86.954157,-2.1279511,0.5895092,0.2893616,1988-12-31,2022-12-31,sandy_gravel_or_small_boulder_sediments,sediment_plain,true
cl48218s02tr00501231,8794275,20.804273,86.954362,-2.0888598,0.6289226,0.25635412,1988-12-31,2022-12-31,sandy_gravel_or_small_boulder_sediments,sediment_plain,true
cl48218s02tr00501331,8794294,20.805138,86.954563,-2.0328138,0.7160148,0.20120415,1988-12-31,2022-12-31,sandy_gravel_or_small_boulder_sediments,sediment_plain,true
cl48218s02tr00501431,8794289,20.806021,86.954767,-3.1850128,0.6795049,0.41476706,1988-12-31,2022-12-31,sandy_gravel_or_small_boulder_sediments,sediment_plain,true
cl48218s02tr00501531,8794287,20.806904,86.954971,-2.5042846,0.7193168,0.26862806,1987-12-31,2022-12-31,sandy_gravel_or_small_boulder_sediments,sediment_plain,true
cl48218s02tr00501631,8794286,20.807823,86.955186,-3.2696826,0.67726743,0.41392964,1987-12-31,2022-12-31,sandy_gravel_or_small_boulder_sediments,sediment_plain,true
cl48218s02tr00501731,8794285,20.808706,86.955394,-3.6880567,0.64418,0.49831152,1987-12-31,2022-12-31,sandy_gravel_or_small_boulder_sediments,sediment_plain,true
cl48218s02tr00501831,8794284,20.80956,86.955594,-4.0021963,0.6801968,0.5119789,1987-12-31,2022-12-31,sandy_gravel_or_small_boulder_sediments,sediment_plain,true
cl48218s02tr00501931,8794283,20.810443,86.955799,-4.3876123,0.640194,0.5947899,1987-12-31,2022-12-31,sandy_gravel_or_small_boulder_sediments,sediment_plain,true
cl48218s02tr00502031,8794282,20.811326,86.956004,-4.484051,0.6095297,0.628422,1987-12-31,2022-12-31,sandy_gravel_or_small_boulder_sediments,sediment_plain,true
cl48218s02tr00502131,8794281,20.812211,86.95621,-4.864118,0.5626012,0.6937334,1987-12-31,2022-12-31,sandy_gravel_or_small_boulder_sediments,sediment_plain,true
cl48218s02tr00502231,8794280,20.813094,86.956415,-4.895269,0.6073121,0.65647006,1987-12-31,2022-12-31,sandy_gravel_or_small_boulder_sediments,sediment_plain,true
cl48218s02tr00502331,8794279,20.813906,86.956597,-5.3006387,0.53839296,0.740319,1987-12-31,2022-12-31,sandy_gravel_or_small_boulder_sediments,sediment_plain,true
cl48218s02tr00502431,8794278,20.814791,86.956795,-4.9444575,0.50982064,0.7344983,1987-12-31,2022-12-31,sandy_gravel_or_small_boulder_sediments,sediment_plain,true
cl48218s02tr00502531,8794277,20.81561,86.956971,-3.5352762,0.48814544,0.60671055,1987-12-31,2022-12-31,sandy_gravel_or_small_boulder_sediments,sediment_plain,true
cl48218s02tr00502631,8794276,20.816496,86.957162,-2.8649464,0.43040243,0.56581783,1987-12-31,2022-12-31,sandy_gravel_or_small_boulder_sediments,sediment_plain,true
cl48218s02tr00502731,8794261,20.817227,86.957304,-2.4701283,0.4673599,0.4510302,1987-12-31,2022-12-31,sandy_gravel_or_small_boulder_sediments,sediment_plain,true
cl48218s02tr00502831,2012383,20.818031,86.957461,-1.6547889,0.6223166,0.17645568,1987-12-31,2022-12-31,muddy_sediments,sediment_plain,false
cl48218s02tr00502931,2012382,20.818921,86.957626,-0.4934642,0.7707442,0.013050365,1987-12-31,2022-12-31,muddy_sediments,engineered_structures,false
cl48218s02tr00503031,2012343,20.81967,86.957761,-1.3426052,0.5726418,0.15061659,1987-12-31,2022-12-31,muddy_sediments,sediment_plain,false
cl48218s02tr00503131,2012325,20.820562,86.95791,-1.6472751,0.5157941,0.2537223,1987-12-31,2022-12-31,muddy_sediments,sediment_plain,false
cl48218s02tr00503231,8794290,20.821301,86.958022,-0.40909806,0.5864331,0.015455907,1987-12-31,2022-12-31,sandy_gravel_or_small_boulder_sediments,sediment_plain,true
cl48218s02tr00503331,2012392,20.821882,86.958101,-0.40350008,0.57230663,0.016299432,1987-12-31,2022-12-31,muddy_sediments,sediment_plain,false
cl48218s02tr00503431,2012388,20.822295,86.958143,-2.4578438,0.40877023,0.53837085,1986-12-31,2022-12-31,muddy_sediments,wetland,false
cl48218s02tr00503531,2012390,20.823182,86.958189,-2.6086414,0.5699218,0.44622746,1986-12-31,2014-12-31,muddy_sediments,sediment_plain,false
cl48218s02tr00503631,2012391,20.824756,86.958354,-1.8078173,0.81538767,0.1826316,1990-12-31,2013-12-31,muddy_sediments,sediment_plain,false
cl48218s02tr00503731,2012399,20.825884,86.958522,-6.763579,1.0510558,0.55650914,1986-12-31,2022-12-31,muddy_sediments,engineered_structures,false
cl48218s02tr00503831,2012398,20.827034,86.958715,-6.269317,0.8938765,0.598496,1986-12-31,2022-12-31,muddy_sediments,engineered_structures,false
cl48218s02tr00503931,2012397,20.827923,86.958885,-2.7471128,1.2240884,0.16767876,1987-12-31,2014-12-31,muddy_sediments,engineered_structures,false
cl48218s02tr00504031,8794293,20.828858,86.959067,-4.6321554,0.9059308,0.44964465,1987-12-31,2022-12-31,sandy_gravel_or_small_boulder_sediments,sediment_plain,true
cl48218s02tr00504131,2012396,20.829747,86.959242,-3.2732658,1.0673355,0.23867612,1988-12-31,2022-12-31,muddy_sediments,sediment_plain,false
cl48218s02tr00504231,2012395,20.83081,86.959465,-4.52469,1.2860656,0.3143384,1988-12-31,2022-12-31,muddy_sediments,sediment_plain,false
cl48218s02tr00504331,8794292,20.831695,86.959659,0.77178776,1.7396953,0.0078108944,1988-12-31,2022-12-31,sandy_gravel_or_small_boulder_sediments,sediment_plain,true
cl48218s02tr00504431,8794163,20.832661,86.959876,2.5231123,1.8207493,0.06015967,1987-12-31,2022-12-31,sandy_gravel_or_small_boulder_sediments,sediment_plain,true
cl48218s02tr00504531,8794203,20.833544,86.960078,5.6098914,1.8490446,0.38028806,1987-12-31,2022-12-31,sandy_gravel_or_small_boulder_sediments,sediment_plain,true
cl48218s02tr00504631,8794298,20.834551,86.960316,10.277197,1.9220386,0.5883988,1987-12-31,2022-12-31,sandy_gravel_or_small_boulder_sediments,sediment_plain,true
cl48218s02tr00504731,8794297,20.835432,86.960532,8.345286,1.3138927,0.7289606,1988-12-31,2022-12-31,sandy_gravel_or_small_boulder_sediments,sediment_plain,true
cl48218s02tr00504831,8794296,20.83617,86.96071,9.2803545,1.0939381,0.8570896,1988-12-31,2022-12-31,sandy_gravel_or_small_boulder_sediments,sediment_plain,true
cl48218s02tr00504931,8794164,20.837054,86.96091,11.795133,2.525454,0.5478928,1988-12-31,2022-12-31,sandy_gravel_or_small_boulder_sediments,sediment_plain,true
cl48218s02tr00505031,8794295,20.837938,86.961111,-0.18109031,0.7039769,0.013061509,2015-12-31,2022-12-31,sandy_gravel_or_small_boulder_sediments,sediment_plain,true
cl48218s02tr00505131,8794288,20.838821,86.961311,-4.3612957,2.2433114,0.21258308,1988-12-31,2014-12-31,sandy_gravel_or_small_boulder_sediments,sediment_plain,true
cl48218s02tr00505231,8794274,20.83919,86.96139,-4.3116617,0.3832872,0.95473194,1986-12-31,2022-12-31,sandy_gravel_or_small_boulder_sediments,sediment_plain,true
cl48218s02tr00505331,8794273,20.840083,86.961535,-1.9450399,1.4623364,0.26135382,2015-12-31,2022-12-31,sandy_gravel_or_small_boulder_sediments,sediment_plain,true
cl48218s02tr00505431,8794272,20.840977,86.961681,-0.2405814,0.1606419,0.30966705,1986-12-31,2022-12-31,sandy_gravel_or_small_boulder_sediments,sediment_plain,true
cl48218s02tr00505531,8794299,20.840912,86.961701,-3.0898402,0.9150244,0.7403048,2017-12-31,2022-12-31,sandy_gravel_or_small_boulder_sediments,sediment_plain,true
cl48218s02tr00505631,8794271,20.841815,86.961744,13.622091,7.834663,0.37679645,2015-12-31,2022-12-31,sandy_gravel_or_small_boulder_sediments,sediment_plain,true
cl48218s02tr00505731,8794270,20.842718,86.961788,-3.570002,0.9444999,0.7812623,2017-12-31,2022-12-31,sandy_gravel_or_small_boulder_sediments,sediment_plain,true
cl48218s02tr00505831,8794269,20.841945,86.961781,-2.5588343,1.8897668,0.3142989,2017-12-31,2022-12-31,sandy_gravel_or_small_boulder_sediments,sediment_plain,true
cl48218s02tr00505931,8794291,20.84284,86.961647,-1.6663766,2.5655277,0.03143254,1988-12-31,2014-12-31,sandy_gravel_or_small_boulder_sediments,sediment_plain,true
cl48218s02tr00506031,8794266,20.841042,86.962128,1.3264871,2.9473693,0.018080931,1987-12-31,2014-12-31,sandy_gravel_or_small_boulder_sediments,sediment_plain,true
cl48218s02tr00506131,8824538,20.839076,86.963788,-14.983024,0.8703605,0.9932964,2017-12-31,2022-12-31,sandy_gravel_or_small_boulder_sediments,sediment_plain,true
cl48218s02tr00506231,8824539,20.83969,86.963084,-1.1491737,2.8707867,0.017492931,1988-12-31,2014-12-31,sandy_gravel_or_small_boulder_sediments,sediment_plain,true
cl48218s02tr00506331,8824540,20.838484,86.964915,-0.6387028,4.515468,0.0018155327,1988-12-31,2014-12-31,sandy_gravel_or_small_boulder_sediments,wetland,true
cl48218s02tr00506431,8825516,20.838281,86.965896,,,,,,sandy_gravel_or_small_boulder_sediments,wetland,true
cl48218s02tr00506531,2026414,20.83847,86.964956,-6.6593795,4.444922,0.69179577,1993-12-31,2014-12-31,muddy_sediments,wetland,false
cl48218s02tr00506631,8824542,20.83866,86.964016,3.9488437,3.2310915,0.19931933,1988-12-31,2014-12-31,sandy_gravel_or_small_boulder_sediments,wetland,true
cl48218s02tr00506731,8824543,20.839427,86.961174,17.350613,6.3141093,0.48556417,1988-12-31,2018-12-31,sandy_gravel_or_small_boulder_sediments,wetland,true
cl48218s02tr00506831,2026415,20.841223,86.957999,6.822569,1.538748,0.79723406,1993-12-31,2015-12-31,muddy_sediments,wetland,false
cl48218s02tr00506931,2026416,20.843919,86.955482,5.5588436,1.6618835,0.6509273,1993-12-31,2015-12-31,muddy_sediments,sediment_plain,false
cl48218s02tr00507031,2026417,20.846464,86.954156,14.7998085,3.506261,0.5781488,1987-12-31,2018-12-31,muddy_sediments,sediment_plain,false
cl48218s02tr00507131,2026418,20.848359,86.953544,9.838,3.054639,0.50914824,1988-12-31,2015-12-31,muddy_sediments,wetland,false
cl48218s02tr00507231,2026407,20.849239,86.953324,6.561195,1.7091055,0.67797804,1993-12-31,2018-12-31,muddy_sediments,wetland,false
cl48218s02tr00507331,2026419,20.850793,86.953035,4.051891,1.8356549,0.37851015,1993-12-31,2018-12-31,muddy_sediments,wetland,false
cl48218s02tr00507431,2026413,20.852045,86.952841,3.1196887,2.0573988,0.20348671,1993-12-31,2018-12-31,muddy_sediments,wetland,false
cl48218s02tr00507531,2026411,20.852942,86.95273,14.215063,2.2005825,0.8391232,1990-12-31,2018-12-31,muddy_sediments,wetland,false
cl48218s02tr00507631,2026359,20.85384,86.952618,6.3874974,1.8011751,0.6112014,1993-12-31,2018-12-31,muddy_sediments,wetland,false
cl48218s02tr00507731,2026410,20.854547,86.952514,10.155858,0.88914853,0.9422225,1993-12-31,2020-12-31,muddy_sediments,wetland,false
cl48218s02tr00507831,2026360,20.855443,86.952383,13.868872,1.3543113,0.9050648,1988-12-31,2020-12-31,muddy_sediments,wetland,false
cl48218s02tr00507931,2026361,20.856338,86.952252,8.561461,1.1597618,0.858257,1993-12-31,2020-12-31,muddy_sediments,sediment_plain,false
cl48218s02tr00508031,2026362,20.856608,86.952198,1.7717372,3.330378,0.045044713,2001-12-31,2022-12-31,muddy_sediments,wetland,false
cl48218s02tr00508131,2026363,20.857493,86.952001,12.496562,1.1631714,0.91299075,1988-12-31,2022-12-31,muddy_sediments,wetland,false
cl48218s02tr00508231,2026364,20.858377,86.951804,4.532994,4.0222874,0.12366628,2001-12-31,2022-12-31,muddy_sediments,wetland,false
cl48218s02tr00508331,2026365,20.858404,86.951797,2.3874934,2.5673752,0.09755242,2001-12-31,2022-12-31,muddy_sediments,wetland,false
cl48218s02tr00508431,2026366,20.859266,86.95151,11.19257,2.0420134,0.71457756,1987-12-31,2022-12-31,muddy_sediments,wetland,false
cl48218s02tr00508531,2026367,20.860128,86.951223,8.6805,1.2251412,0.78193676,1988-12-31,2022-12-31,muddy_sediments,wetland,false
cl48218s02tr00508631,2026368,20.860039,86.951249,11.276078,1.4415522,0.79270977,1987-12-31,2022-12-31,muddy_sediments,wetland,false
cl48218s02tr00508731,2026369,20.860867,86.950863,11.475393,1.2795461,0.8428183,1987-12-31,2022-12-31,muddy_sediments,sediment_plain,false
cl48218s02tr00508831,2026370,20.861694,86.950476,10.230359,1.2544398,0.80608237,1987-12-31,2022-12-31,muddy_sediments,wetland,false
cl48218s02tr00508931,2026371,20.86167,86.950472,10.677663,1.3100969,0.79622936,1987-12-31,2022-12-31,muddy_sediments,wetland,false
cl48218s02tr00509031,2026372,20.862456,86.949998,14.346984,1.8532838,0.789277,1992-12-31,2022-12-31,muddy_sediments,wetland,false
cl48218s02tr00509131,2026373,20.863242,86.949524,2.8538585,0.98476833,0.43294302,1987-12-31,2022-12-31,muddy_sediments,wetland,false
cl48218s02tr00509231,2026374,20.863385,86.949428,14.275911,2.12452,0.7764515,1992-12-31,2022-12-31,muddy_sediments,wetland,false
cl48218s02tr00509331,2026375,20.864132,86.948888,2.7091045,1.1401948,0.30277652,1987-12-31,2022-12-31,muddy_sediments,wetland,false
cl48218s02tr00509431,2026378,20.86488,86.948347,3.27917,0.52451056,0.7651012,1987-12-31,2022-12-31,muddy_sediments,wetland,false
cl48218s02tr00509531,2026405,20.865164,86.948162,13.384377,1.7325653,0.85648346,1987-12-31,2022-12-31,muddy_sediments,wetland,false
cl48218s02tr00509631,2026379,20.865878,86.947573,-4.374626,1.6015131,0.34766632,1987-12-31,2022-12-31,muddy_sediments,wetland,false
cl48218s02tr00509731,2026408,20.866592,86.946984,0.58108723,2.2810104,0.006447998,1987-12-31,2022-12-31,muddy_sediments,wetland,false
cl48218s02tr00509831,2026409,20.867306,86.946394,-0.5805782,1.4522576,0.01214465,1988-12-31,2022-12-31,muddy_sediments,wetland,false
cl48218s02tr00509931,2026406,20.86774,86.946045,-12.386004,2.4904335,0.6733364,1987-12-31,2022-12-31,muddy_sediments,wetland,false
cl48218s02tr00510031,2026412,20.868431,86.945426,-6.646628,1.4155866,0.62905896,1987-12-31,2022-12-31,muddy_sediments,wetland,false
cl48218s02tr00510131,2026404,20.869122,86.944807,-8.006406,2.2950501,0.43201995,1987-12-31,2022-12-31,muddy_sediments,wetland,false
cl48218s02tr00510231,2026420,20.869813,86.944188,-7.965609,2.1499972,0.46176103,1987-12-31,2022-12-31,muddy_sediments,wetland,false
cl48218s02tr00510331,2026455,20.870505,86.943569,-4.801536,1.7908845,0.2853821,1987-12-31,2022-12-31,muddy_sediments,wetland,false
cl48218s02tr00510431,2026453,20.871178,86.942964,-4.4351144,1.8415407,0.25439423,1988-12-31,2022-12-31,muddy_sediments,wetland,false
cl48218s02tr00510531,2026456,20.871868,86.942343,-4.7053814,1.4813992,0.3867132,1988-12-31,2022-12-31,muddy_sediments,wetland,false
cl48218s02tr00510631,2026457,20.872558,86.941722,-7.3120413,1.525641,0.60495764,1988-12-31,2022-12-31,muddy_sediments,wetland,false
cl48218s02tr00510731,2026458,20.873248,86.941101,-1.413738,1.6074982,0.06569518,1999-12-31,2022-12-31,muddy_sediments,wetland,false
cl48218s02tr00510831,2026459,20.873938,86.94048,-1.7857745,2.5096326,0.040485885,1999-12-31,2022-12-31,muddy_sediments,wetland,false
cl48218s02tr00510931,2026460,20.87482,86.939693,-1.6772145,2.1944673,0.046419024,1999-12-31,2022-12-31,muddy_sediments,wetland,false
cl48218s02tr00511031,2026461,20.875525,86.939092,-6.761775,1.4943727,0.5938973,1988-12-31,2022-12-31,muddy_sediments,wetland,false
cl48218s02tr00511131,2026462,20.876231,86.938492,-5.072264,2.8281827,0.31483647,1989-12-31,2016-12-31,muddy_sediments,wetland,false
cl48218s02tr00511231,2026463,20.876936,86.937891,-6.433083,3.5895772,0.28646752,1988-12-31,2016-12-31,muddy_sediments,wetland,false
cl48218s02tr00511331,2026464,20.877642,86.937291,-9.568359,5.645705,0.2909495,1995-12-31,2016-12-31,muddy_sediments,wetland,false
cl48218s02tr00511431,2026465,20.878652,86.936465,-7.6155243,2.0190456,0.56395584,1988-12-31,2022-12-31,muddy_sediments,wetland,false
cl48218s02tr00511531,2026466,20.87938,86.935895,2.158565,2.1463013,0.06737922,1987-12-31,2022-12-31,muddy_sediments,wetland,false
cl48218s02tr00511631,2026467,20.880108,86.935326,-14.169842,2.1772637,0.71358925,1988-12-31,2022-12-31,muddy_sediments,wetland,false
cl48218s02tr00511731,2026468,20.880836,86.934757,-1.7783494,1.7961842,0.054517657,1987-12-31,2022-12-31,muddy_sediments,sediment_plain,false
cl48218s02tr00511831,2026469,20.88201,86.933889,-3.833512,1.954386,0.19385107,1987-12-31,2022-12-31,muddy_sediments,sediment_plain,false
cl48218s02tr00511931,2026470,20.882768,86.933366,-2.5607557,2.6350646,0.063193955,1992-12-31,2022-12-31,muddy_sediments,sediment_plain,false
cl48218s02tr00512031,2026471,20.883526,86.932843,-5.78652,2.1265929,0.33047664,1992-12-31,2022-12-31,muddy_sediments,sediment_plain,false
cl48218s02tr00512131,8824677,20.884284,86.932319,-3.0152905,1.2873737,0.52316993,1992-12-31,2010-12-31,sandy_gravel_or_small_boulder_sediments,sediment_plain,true
cl48218s02tr00512231,8824678,20.885583,86.931513,-16.649635,1.3439965,0.90027356,1987-12-31,2022-12-31,sandy_gravel_or_small_boulder_sediments,sediment_plain,true
cl48218s02tr00512331,8824679,20.886372,86.931044,-9.416761,1.9318198,0.59759855,1992-12-31,2022-12-31,sandy_gravel_or_small_boulder_sediments,sediment_plain,true
cl48218s02tr00512431,8824625,20.887161,86.930575,-13.678231,1.745633,0.7274816,1987-12-31,2022-12-31,sandy_gravel_or_small_boulder_sediments,sediment_plain,true
cl48218s02tr00512531,2026403,20.888625,86.929792,-12.3020315,1.2998983,0.8484336,1987-12-31,2022-12-31,muddy_sediments,sediment_plain,false
cl48218s02tr00512631,2026380,20.889447,86.929394,-11.597898,1.2097248,0.8517349,1990-12-31,2022-12-31,muddy_sediments,sediment_plain,false
cl48218s02tr00512731,2026402,20.89027,86.928995,-12.615779,1.1920025,0.875014,1987-12-31,2022-12-31,muddy_sediments,sediment_plain,false
cl48218s02tr00512831,2026381,20.891728,86.928349,-12.056635,2.3859427,0.6147807,1992-12-31,2022-12-31,muddy_sediments,wetland,false
cl48218s02tr00512931,2026382,20.892576,86.928017,-13.9448805,1.6921754,0.7997899,1987-12-31,2022-12-31,muddy_sediments,wetland,false
cl48218s02tr00513031,2026383,20.893424,86.927685,-9.805349,1.4539819,0.6841094,1987-12-31,2022-12-31,muddy_sediments,wetland,false
cl48218s02tr00513131,2026384,20.894869,86.927162,-9.563042,0.7929292,0.8634636,1987-12-31,2022-12-31,muddy_sediments,sediment_plain,false
cl48218s02tr00513231,2026385,20.895736,86.926893,-9.945573,0.48571128,0.94372904,1987-12-31,2022-12-31,muddy_sediments,sediment_plain,false
cl48218s02tr00513331,2026386,20.896603,86.926624,-9.17233,0.3026344,0.9745383,1987-12-31,2022-12-31,muddy_sediments,sediment_plain,false
cl48218s02tr00513431,2026387,20.897471,86.926354,-6.887747,0.22577155,0.97384155,1987-12-31,2022-12-31,muddy_sediments,wetland,false
cl48218s02tr00513531,2026388,20.898306,86.926091,-5.4408183,0.23710607,0.95294577,1987-12-31,2022-12-31,muddy_sediments,wetland,false
cl48218s02tr00513631,2026389,20.899172,86.925819,-4.7799063,0.25209147,0.9349838,1987-12-31,2022-12-31,muddy_sediments,wetland,false
cl48218s02tr00513731,2026390,20.899736,86.92562,-4.626821,0.2748431,0.9249341,1987-12-31,2022-12-31,muddy_sediments,wetland,false
cl48218s02tr00513831,2026391,20.900594,86.925316,-5.089711,0.27968407,0.9350594,1987-12-31,2022-12-31,muddy_sediments,sediment_plain,false
cl48218s02tr00513931,2026578,20.901451,86.925012,-6.6089883,0.3569133,0.93458384,1987-12-31,2022-12-31,muddy_sediments,wetland,false
cl48218s02tr00514031,2026587,20.902177,86.924747,-7.335996,0.40644303,0.9313846,1987-12-31,2022-12-31,muddy_sediments,sediment_plain,false
cl48218s02tr00514131,2026583,20.90303,86.924429,-9.690823,0.8530249,0.8377275,1987-12-31,2022-12-31,muddy_sediments,sediment_plain,false
cl48218s02tr00514231,2026576,20.903883,86.924111,-7.9894266,0.6558918,0.85089785,1988-12-31,2022-12-31,muddy_sediments,wetland,false
cl48218s02tr00514331,2026585,20.904736,86.923793,-8.909746,0.8589903,0.7993842,1988-12-31,2022-12-31,muddy_sediments,wetland,false
cl48218s02tr00514431,2026565,20.905502,86.923503,-6.146043,0.1748322,0.9832909,1988-12-31,2022-12-31,muddy_sediments,wetland,false
cl48218s02tr00514531,2026579,20.906352,86.923176,-6.1780286,0.18429485,0.98165554,1988-12-31,2022-12-31,muddy_sediments,wetland,false
cl48218s02tr00514631,2026580,20.907202,86.922849,-7.2821226,0.26986134,0.9693812,1987-12-31,2022-12-31,muddy_sediments,wetland,false
cl48218s02tr00514731,2026577,20.908052,86.922523,-6.9012346,0.42807165,0.9154658,1987-12-31,2022-12-31,muddy_sediments,wetland,false
cl48218s02tr00514831,2026581,20.908902,86.922196,-6.4843946,0.5006728,0.87029004,1987-12-31,2022-12-31,muddy_sediments,wetland,false
cl48218s02tr00514931,2026582,20.909679,86.92189,-6.0881834,0.42887667,0.8857226,1987-12-31,2022-12-31,muddy_sediments,wetland,false
cl48218s02tr00515031,2026392,20.910526,86.921556,-6.144365,0.5375023,0.83405167,1987-12-31,2022-12-31,muddy_sediments,wetland,false
cl48218s02tr00515131,2026393,20.911374,86.921222,-6.016032,0.41196787,0.89884186,1987-12-31,2022-12-31,muddy_sediments,wetland,false
cl48218s02tr00515231,2026394,20.912221,86.920888,-8.058535,0.8229661,0.79319096,1987-12-31,2022-12-31,muddy_sediments,wetland,false
cl48218s02tr00515331,2026395,20.913068,86.920554,-6.8925095,0.28559035,0.96360403,1987-12-31,2022-12-31,muddy_sediments,wetland,false
cl48218s02tr00515431,2026396,20.913844,86.920243,-6.1179986,0.2255097,0.9684218,1987-12-31,2022-12-31,muddy_sediments,wetland,false
cl48218s02tr00515531,2026397,20.914688,86.919902,-6.713946,0.22817513,0.97193545,1987-12-31,2022-12-31,muddy_sediments,sediment_plain,false
cl48218s02tr00515631,2026398,20.915533,86.91956,-7.0850105,0.34675846,0.9413717,1987-12-31,2022-12-31,muddy_sediments,wetland,false
cl48218s02tr00515731,2026399,20.916377,86.919218,-6.6640215,0.34518224,0.9347904,1987-12-31,2022-12-31,muddy_sediments,wetland,false
cl48218s02tr00515831,2026400,20.917222,86.918876,-6.139524,0.31337562,0.93884987,1987-12-31,2022-12-31,muddy_sediments,wetland,false
cl48218s02tr00515931,2026401,20.918067,86.918535,-5.929087,0.5070408,0.8506889,1987-12-31,2022-12-31,muddy_sediments,wetland,false
cl48218s02tr00516031,2027831,20.918873,86.918204,-8.600519,1.3998376,0.6113235,1987-12-31,2022-12-31,muddy_sediments,sediment_plain,false
cl48218s02tr00516131,2028485,20.919717,86.917859,-8.558393,1.2183784,0.7014601,1988-12-31,2022-12-31,muddy_sediments,wetland,false
cl48218s02tr00516231,2028486,20.92056,86.917513,-12.422233,1.1092542,0.86245924,1993-12-31,2022-12-31,muddy_sediments,wetland,false
cl48218s02tr00516331,2028487,20.921403,86.917167,-1.8413979,0.69575083,0.21223275,1987-12-31,2022-12-31,muddy_sediments,wetland,false
cl48218s02tr00516431,2028507,20.922246,86.916822,-0.3331391,0.5312004,0.014901901,1987-12-31,2022-12-31,muddy_sediments,wetland,false
cl48218s02tr00516531,2028509,20.923032,86.9165,0.07991272,0.6106421,0.00065819337,1987-12-31,2022-12-31,muddy_sediments,wetland,false
cl48218s02tr00516631,2028511,20.923873,86.916148,1.3576745,0.88176316,0.08071842,1987-12-31,2022-12-31,muddy_sediments,wetland,false
cl48218s02tr00516731,2028522,20.924714,86.915797,2.6333528,1.0437069,0.19079107,1987-12-31,2022-12-31,muddy_sediments,sediment_plain,false
cl48218s02tr00516831,2028687,20.925555,86.915445,-6.0631056,0.6146511,0.8366357,1993-12-31,2022-12-31,muddy_sediments,sediment_plain,false
cl48218s02tr00516931,2028688,20.926396,86.915093,1.6288372,1.0860507,0.07962456,1987-12-31,2022-12-31,muddy_sediments,sediment_plain,false
cl48218s02tr00517031,2028675,20.927237,86.914741,2.2796547,1.058842,0.16187301,1987-12-31,2022-12-31,muddy_sediments,wetland,false
cl48218s02tr00517131,2028689,20.928097,86.914381,-3.109072,0.40826643,0.7733116,1993-12-31,2022-12-31,muddy_sediments,wetland,false
cl48218s02tr00517231,2028674,20.928939,86.914032,-0.71236473,1.0233886,0.023653647,1989-12-31,2022-12-31,muddy_sediments,wetland,false
cl48218s02tr00517331,2028672,20.929781,86.913682,-3.207355,0.1932582,0.9450991,2000-12-31,2022-12-31,muddy_sediments,wetland,false
cl48218s02tr00517431,2028662,20.930622,86.913332,-3.7613423,0.35262805,0.8700071,2000-12-31,2022-12-31,muddy_sediments,wetland,false
cl48218s02tr00517531,2028663,20.931464,86.912982,-2.841792,0.5537298,0.60773784,2000-12-31,2022-12-31,muddy_sediments,wetland,false
cl48218s02tr00517631,2028664,20.932306,86.912633,-2.838556,0.51694137,0.6394618,2000-12-31,2022-12-31,muddy_sediments,wetland,false
cl48218s02tr00517731,2028665,20.933148,86.912283,-2.9042544,0.53503686,0.64807856,2000-12-31,2022-12-31,muddy_sediments,sediment_plain,false
cl48218s02tr00517831,2028666,20.93405,86.911915,-3.5505023,0.46333525,0.7754898,1995-12-31,2022-12-31,muddy_sediments,wetland,false
cl48218s02tr00517931,2028667,20.934894,86.911571,0.039106637,0.9138152,0.00010159969,1993-12-31,2022-12-31,muddy_sediments,wetland,false
cl48218s02tr00518031,2028686,20.935738,86.911228,1.3584319,0.90862733,0.105256535,1993-12-31,2022-12-31,muddy_sediments,wetland,false
cl48218s02tr00518131,2028510,20.936582,86.910884,-0.8681323,0.5127287,0.14430076,1993-12-31,2022-12-31,muddy_sediments,wetland,false
cl48218s02tr00518231,2028501,20.937426,86.910541,0.3080175,1.1708583,0.0038300855,1993-12-31,2022-12-31,muddy_sediments,wetland,false
cl48218s02tr00518331,2028512,20.93827,86.910197,0.17242546,1.0916227,0.0014655569,1993-12-31,2022-12-31,muddy_sediments,wetland,false
cl48218s02tr00518431,2028513,20.939183,86.90983,1.9302843,1.0374256,0.15412739,1993-12-31,2022-12-31,muddy_sediments,wetland,false
cl48218s02tr00518531,2028514,20.94003,86.909494,-4.205941,0.8080351,0.6144561,1995-12-31,2022-12-31,muddy_sediments,wetland,false
cl48218s02tr00518631,2028515,20.940876,86.909158,-1.1279407,0.44548416,0.33026755,2000-12-31,2019-12-31,muddy_sediments,wetland,false
cl48218s02tr00518731,2028523,20.941723,86.908821,9.492149,1.5527923,0.57165724,1987-12-31,2022-12-31,muddy_sediments,wetland,false
cl48218s02tr00518831,2028516,20.942569,86.908485,3.1320343,1.4315255,0.1931222,1995-12-31,2022-12-31,muddy_sediments,wetland,false
cl48218s02tr00518931,2028517,20.943416,86.908149,0.8859227,1.0184758,0.034777444,1987-12-31,2022-12-31,muddy_sediments,wetland,false
cl48218s02tr00519031,2028518,20.944328,86.907787,-8.168835,2.1063182,0.42923748,1995-12-31,2022-12-31,muddy_sediments,wetland,false
cl48218s02tr00519131,2028519,20.945177,86.907458,0.2952888,0.9363238,0.005207485,1993-12-31,2022-12-31,muddy_sediments,wetland,false
cl48218s02tr00519231,2028520,20.946026,86.907129,0.57937187,0.7691356,0.030560385,1993-12-31,2022-12-31,muddy_sediments,wetland,false
cl48218s02tr00519331,2028521,20.946875,86.906799,-0.73204774,0.7167177,0.05204925,1993-12-31,2022-12-31,muddy_sediments,wetland,false
cl48218s02tr00519431,2028488,20.947724,86.90647,-4.6366343,0.90490586,0.58014953,1997-12-31,2022-12-31,muddy_sediments,wetland,false
cl48218s02tr00519531,2028508,20.948573,86.906141,-4.1138377,0.807729,0.5646455,1995-12-31,2022-12-31,muddy_sediments,wetland,false
cl48218s02tr00519631,2028489,20.949422,86.905811,-0.4881577,0.77516323,0.020446004,1993-12-31,2022-12-31,muddy_sediments,wetland,false
cl48218s02tr00519731,2028504,20.950346,86.905461,-1.8724365,0.81091934,0.22851464,2000-12-31,2022-12-31,muddy_sediments,wetland,false
cl48218s02tr00519831,2028505,20.951197,86.905139,-6.9151535,1.3407369,0.5833529,1997-12-31,2022-12-31,muddy_sediments,wetland,false
cl48218s02tr00519931,2028506,20.952049,86.904817,-2.3164234,0.6819088,0.37785286,1993-12-31,2022-12-31,muddy_sediments,wetland,false
cl48218s02tr00520031,2028483,20.9529,86.904496,8.297701,1.4699097,0.5506899,1987-12-31,2022-12-31,muddy_sediments,wetland,false
cl48218s02tr00520131,2028469,20.953752,86.904174,-2.9924414,0.96634525,0.3240799,1993-12-31,2022-12-31,muddy_sediments,wetland,false
cl48218s02tr00520231,2028470,20.954603,86.903852,-0.6335815,0.7561226,0.032353338,1993-12-31,2022-12-31,muddy_sediments,wetland,false
cl48218s02tr00520331,2028471,20.955526,86.903511,-0.17270991,0.9254459,0.0016557173,1993-12-31,2022-12-31,muddy_sediments,wetland,false
cl48218s02tr00520431,2028490,20.95638,86.903197,-6.62777,1.8047892,0.41513196,1997-12-31,2022-12-31,muddy_sediments,wetland,false
cl48218s02tr00520531,2028472,20.957234,86.902883,0.3606092,0.9740491,0.00648439,1993-12-31,2022-12-31,muddy_sediments,wetland,false
cl48218s02tr00520631,2028474,20.958088,86.902569,-1.4917047,0.91725886,0.11679255,1993-12-31,2022-12-31,muddy_sediments,wetland,false
cl48218s02tr00520731,2028475,20.958942,86.902254,-6.2703695,1.7678179,0.37464425,1993-12-31,2022-12-31,muddy_sediments,wetland,false
cl48218s02tr00520831,2028476,20.959904,86.901907,-5.3096046,1.0460904,0.57553643,1993-12-31,2022-12-31,muddy_sediments,wetland,false
cl48218s02tr00520931,2028477,20.960761,86.901604,-5.282318,1.064367,0.56452084,1993-12-31,2022-12-31,muddy_sediments,wetland,false
cl48218s02tr00521031,2028478,20.961619,86.901301,-5.113049,0.9125032,0.622995,1993-12-31,2022-12-31,muddy_sediments,wetland,false
cl48218s02tr00521131,2028339,20.962476,86.900998,-7.0490108,1.3454565,0.60394645,2002-12-31,2022-12-31,muddy_sediments,wetland,false
cl48218s02tr00521231,2028479,20.963334,86.900695,-2.7611232,0.43642905,0.72740257,1993-12-31,2022-12-31,muddy_sediments,wetland,false
cl48218s02tr00521331,2028480,20.964352,86.900349,-4.8591495,0.86003155,0.60319054,1993-12-31,2022-12-31,muddy_sediments,wetland,false
cl48218s02tr00521431,2028481,20.965215,86.900063,-4.107293,0.49956584,0.78059226,1993-12-31,2022-12-31,muddy_sediments,wetland,false
cl48218s02tr00521531,2028482,20.966078,86.899777,1.8059597,0.9988281,0.10454857,1987-12-31,2022-12-31,muddy_sediments,wetland,false
cl48218s02tr00521631,2028484,20.96694,86.899491,2.4050374,0.9463149,0.19304474,1987-12-31,2022-12-31,muddy_sediments,wetland,false
cl48218s02tr00521731,2028496,20.967754,86.899216,2.882592,1.1576949,0.18128198,1987-12-31,2022-12-31,muddy_sediments,wetland,false
cl48218s02tr00521831,2028870,20.968615,86.898925,2.4177747,1.0346888,0.16318601,1987-12-31,2022-12-31,muddy_sediments,wetland,false
cl48218s02tr00521931,2028710,20.969476,86.898633,2.2134118,1.1928402,0.10950476,1987-12-31,2022-12-31,muddy_sediments,wetland,false
cl48218s02tr00522031,2028495,20.970338,86.898342,3.1384559,1.1008651,0.23137416,1987-12-31,2022-12-31,muddy_sediments,wetland,false
cl48218s02tr00522131,2028494,20.971199,86.898051,2.5156214,0.9915475,0.19843885,1987-12-31,2022-12-31,muddy_sediments,wetland,false
cl48218s02tr00522231,2028493,20.97206,86.897759,2.7620893,1.0966237,0.19614045,1988-12-31,2022-12-31,muddy_sediments,wetland,false
cl48218s02tr00522331,2028492,20.972921,86.897468,3.1483343,1.14941,0.23083082,1988-12-31,2022-12-31,muddy_sediments,wetland,false
cl48218s02tr00522431,2028491,20.973782,86.897177,-2.5534096,0.42429593,0.6935819,1987-12-31,2022-12-31,muddy_sediments,wetland,false
cl48218s02tr00522531,2028502,20.974643,86.896885,-11.833038,1.527853,0.74068683,1994-12-31,2022-12-31,muddy_sediments,wetland,false
cl48218s02tr00522631,2028473,20.975504,86.896594,-11.032269,1.5679804,0.68278015,1993-12-31,2022-12-31,muddy_sediments,wetland,false
cl48218s02tr00522731,2028497,20.976365,86.896302,-9.065584,1.4973347,0.614461,1993-12-31,2022-12-31,muddy_sediments,wetland,false
cl48218s02tr00522831,2028503,20.977227,86.896011,-11.637867,1.4321331,0.7587202,1993-12-31,2022-12-31,muddy_sediments,wetland,false
cl48218s02tr00522931,2028868,20.978088,86.89572,-10.91462,1.932943,0.5809379,1993-12-31,2022-12-31,muddy_sediments,wetland,false
cl48218s02tr00523031,2028867,20.978949,86.895428,-8.234963,0.9957264,0.76509535,1993-12-31,2022-12-31,muddy_sediments,wetland,false
cl48218s02tr00523131,2028866,20.979418,86.89524,2.0728931,0.9284802,0.16623168,1988-12-31,2022-12-31,muddy_sediments,wetland,false
cl48218s02tr00523231,2028865,20.980266,86.894908,-7.202798,0.80667543,0.7915154,1993-12-31,2022-12-31,muddy_sediments,wetland,false
cl48218s02tr00523331,2028863,20.981114,86.894576,3.1472232,1.4434168,0.14514609,1988-12-31,2022-12-31,muddy_sediments,wetland,false
cl48218s02tr00523431,2028862,20.981962,86.894244,1.6895385,0.99533397,0.103343956,1988-12-31,2022-12-31,muddy_sediments,wetland,false
cl48218s02tr00523531,2028500,20.98281,86.893912,-0.4210398,1.5784266,0.0022186225,1988-12-31,2022-12-31,muddy_sediments,wetland,false
cl48218s02tr00523631,2028499,20.983659,86.89358,0.73086965,1.1839876,0.013916515,1988-12-31,2022-12-31,muddy_sediments,wetland,false
cl48218s02tr00523731,2028498,20.984507,86.893248,0.4480749,1.392979,0.003681716,1988-12-31,2022-12-31,muddy_sediments,wetland,false
cl48218s02tr00523831,2028989,20.985355,86.892916,1.2211516,1.3562629,0.030237447,1988-12-31,2022-12-31,muddy_sediments,wetland,false
cl48218s02tr00523931,2028988,20.986203,86.892584,0.12473363,1.5434158,0.00026114675,1988-12-31,2022-12-31,muddy_sediments,wetland,false
cl48218s02tr00524031,2028987,20.987051,86.892252,-1.5058098,0.75452024,0.15328898,1987-12-31,2022-12-31,muddy_sediments,wetland,false
cl48218s02tr00524131,2028986,20.987899,86.891921,0.6723497,0.8277089,0.026757492,1988-12-31,2022-12-31,muddy_sediments,wetland,false
cl48218s02tr00524231,2028985,20.988747,86.891589,0.57379115,1.0023365,0.012938512,1988-12-31,2022-12-31,muddy_sediments,wetland,false
cl48218s02tr00524331,2028984,20.989595,86.891257,1.0660682,1.1395872,0.03382144,1988-12-31,2022-12-31,muddy_sediments,wetland,false
cl48218s02tr00524431,2029510,20.99003,86.891069,-9.5881195,1.0654421,0.78637767,1993-12-31,2022-12-31,muddy_sediments,wetland,false
cl48218s02tr00524531,2029509,20.990862,86.890694,-10.234961,1.119719,0.799142,1993-12-31,2022-12-31,muddy_sediments,wetland,false
cl48218s02tr00524631,2029508,20.991695,86.890319,-10.229817,1.2247105,0.7602703,1987-12-31,2022-12-31,muddy_sediments,wetland,false
cl48218s02tr00524731,2029507,20.992527,86.889944,-9.324166,1.3708462,0.66793686,1987-12-31,2022-12-31,muddy_sediments,wetland,false
cl48218s02tr00524831,2029506,20.993359,86.889569,-14.443383,1.2863301,0.8514278,1994-12-31,2022-12-31,muddy_sediments,wetland,false
cl48218s02tr00524931,2029505,20.994191,86.889194,-7.7343836,1.0098922,0.7096347,1987-12-31,2022-12-31,muddy_sediments,wetland,false
cl48218s02tr00525031,2029504,20.995023,86.888819,-9.435686,1.0750679,0.7778512,1987-12-31,2022-12-31,muddy_sediments,wetland,false
cl48218s02tr00525131,2029503,20.995855,86.888444,-8.931073,1.1252449,0.7078522,1987-12-31,2022-12-31,muddy_sediments,wetland,false
cl48218s02tr00525231,2029502,20.996688,86.88807,0.96444106,1.8436673,0.010033259,1988-12-31,2022-12-31,muddy_sediments,wetland,false
cl48218s02tr00525331,2029496,20.99752,86.887695,2.8192415,1.7484862,0.08496146,1988-12-31,2022-12-31,muddy_sediments,wetland,false
cl48218s02tr00525431,2029489,20.998352,86.88732,3.4156792,1.5645758,0.15003674,1988-12-31,2022-12-31,muddy_sediments,wetland,false
cl48218s02tr00525531,2029490,20.999184,86.886945,-10.327581,1.0005794,0.828841,1993-12-31,2022-12-31,muddy_sediments,wetland,false
cl48339s00tr00000056,8742684,20.75269,87.084775,-0.3845328,0.1760918,0.15498194,1990-12-31,2021-12-31,sandy_gravel_or_small_boulder_sediments,sediment_plain,true
cl48339s00tr00000156,8742686,20.752008,87.084145,-0.915781,0.22605975,0.36952662,1990-12-31,2021-12-31,sandy_gravel_or_small_boulder_sediments,sediment_plain,true
cl48339s00tr00000256,8742693,20.751326,87.083514,-1.2584116,0.23162684,0.5131847,1990-12-31,2021-12-31,sandy_gravel_or_small_boulder_sediments,sediment_plain,true
cl48339s00tr00000356,8742687,20.750644,87.082884,-1.0787961,0.27494478,0.36313686,1990-12-31,2021-12-31,sandy_gravel_or_small_boulder_sediments,sediment_plain,true
cl48339s00tr00000456,8742688,20.749962,87.082254,-1.4935501,0.26038772,0.54023135,1990-12-31,2021-12-31,sandy_gravel_or_small_boulder_sediments,sediment_plain,true
cl48339s00tr00000556,8742690,20.74928,87.081624,-1.0777774,0.18977901,0.55366635,1990-12-31,2021-12-31,sandy_gravel_or_small_boulder_sediments,sediment_plain,true
cl48339s00tr00000656,8742697,20.748598,87.080994,0.37598586,0.24136227,0.08536475,1990-12-31,2021-12-31,sandy_gravel_or_small_boulder_sediments,sediment_plain,true
cl48339s00tr00000756,8742691,20.763105,87.07505,-0.073152624,0.164746,0.008882437,1990-12-31,2021-12-31,sandy_gravel_or_small_boulder_sediments,inlet,true
cl48339s00tr00000856,8742692,20.762998,87.076004,-1.1463057,0.54021037,0.18376404,1999-12-31,2021-12-31,sandy_gravel_or_small_boulder_sediments,sediment_plain,true
cl48339s00tr00000956,8742713,20.762891,87.076958,-0.46174836,0.15561101,0.25298125,1990-12-31,2021-12-31,sandy_gravel_or_small_boulder_sediments,sediment_plain,true
cl48339s00tr00001056,8742685,20.762784,87.077912,-0.7007296,0.12375784,0.5521828,1990-12-31,2021-12-31,sandy_gravel_or_small_boulder_sediments,sediment_plain,true
cl48339s00tr00001156,8742712,20.762677,87.078866,-0.9623936,0.19426522,0.47615853,1990-12-31,2021-12-31,sandy_gravel_or_small_boulder_sediments,sediment_plain,true
cl48339s00tr00001256,8742702,20.76257,87.07982,-1.1648791,0.20786947,0.5377002,1990-12-31,2021-12-31,sandy_gravel_or_small_boulder_sediments,sediment_plain,true
cl48339s00tr00001356,8742743,20.762425,87.081042,-0.8486704,0.17288901,0.47158203,1990-12-31,2021-12-31,sandy_gravel_or_small_boulder_sediments,sediment_plain,true
cl48339s00tr00001456,1984615,20.762293,87.081993,-0.97788006,0.1719585,0.55432755,1990-12-31,2021-12-31,muddy_sediments,sediment_plain,false
cl48339s00tr00001556,1984608,20.762065,87.083339,-1.6224304,0.68491703,0.2190919,1999-12-31,2021-12-31,muddy_sediments,sediment_plain,false
cl48339s00tr00001656,1984603,20.761806,87.084643,-0.9813263,0.1740233,0.5598506,1990-12-31,2021-12-31,muddy_sediments,sediment_plain,false
cl48339s00tr00001756,1984604,20.761488,87.086019,-0.47983733,0.100612506,0.48657504,1990-12-31,2021-12-31,muddy_sediments,sediment_plain,false
cl48339s00tr00001856,8742701,20.761242,87.086944,0.17450956,0.21648021,0.02438419,1990-12-31,2021-12-31,sandy_gravel_or_small_boulder_sediments,sediment_plain,true
cl48339s00tr00001956,8742703,20.760853,87.088241,0.87944514,0.4129216,0.1485487,1990-12-31,2021-12-31,sandy_gravel_or_small_boulder_sediments,inlet,true
cl48339s00tr00002056,8742710,20.760351,87.089675,2.0532768,1.5157205,0.08807673,2000-12-31,2021-12-31,sandy_gravel_or_small_boulder_sediments,inlet,true
cl48339s00tr00002156,8742704,20.75968,87.091247,6.600913,1.3104957,0.5471302,1990-12-31,2021-12-31,sandy_gravel_or_small_boulder_sediments,inlet,true
cl48339s00tr00002256,8742705,20.758572,87.093198,11.6016655,5.0995517,0.25653476,1999-12-31,2021-12-31,sandy_gravel_or_small_boulder_sediments,inlet,true
cl48339s00tr00002356,8742706,20.758066,87.093994,1.1280063,2.319286,0.032687612,1998-12-31,2021-12-31,sandy_gravel_or_small_boulder_sediments,sediment_plain,true
cl48339s00tr00002456,8742707,20.758683,87.092951,16.481716,1.2661288,0.8714342,1990-12-31,2021-12-31,sandy_gravel_or_small_boulder_sediments,sediment_plain,true
cl48339s00tr00002556,8742708,20.758959,87.088248,9.788442,2.4851646,0.5256448,1999-12-31,2021-12-31,sandy_gravel_or_small_boulder_sediments,inlet,true
cl48339s00tr00002656,8742709,20.758024,87.086134,15.264814,1.5259856,0.8001039,1990-12-31,2021-12-31,sandy_gravel_or_small_boulder_sediments,sediment_plain,true
cl48339s00tr00002756,8742711,20.756495,87.084413,14.771119,1.3763955,0.82164544,1990-12-31,2021-12-31,sandy_gravel_or_small_boulder_sediments,sediment_plain,true
cl48339s00tr00002856,8742694,20.754993,87.083504,6.7490964,1.5489874,0.4747944,1990-12-31,2021-12-31,sandy_gravel_or_small_boulder_sediments,sediment_plain,true
cl48339s00tr00002956,8742695,20.753699,87.083145,-2.4758494,1.720308,0.07651167,1990-12-31,2021-12-31,sandy_gravel_or_small_boulder_sediments,sediment_plain,true
cl48339s00tr00003056,8742696,20.752173,87.083181,-3.7952166,1.3424243,0.2756797,1990-12-31,2021-12-31,sandy_gravel_or_small_boulder_sediments,sediment_plain,true
cl48339s00tr00003156,8742741,20.753065,87.083029,-2.7532678,0.53262174,0.55994576,1990-12-31,2021-12-31,sandy_gravel_or_small_boulder_sediments,sediment_plain,true
cl48339s00tr00003256,8742732,20.752154,87.083201,-1.7056313,0.66497505,0.20833458,1990-12-31,2021-12-31,sandy_gravel_or_small_boulder_sediments,sediment_plain,true
cl48339s00tr00003356,8742742,20.752999,87.082862,-2.3687449,0.38595247,0.62088543,1990-12-31,2021-12-31,sandy_gravel_or_small_boulder_sediments,sediment_plain,true
cl48339s00tr00003456,8742731,20.75283,87.082884,-2.138384,0.46267113,0.470914,1990-12-31,2021-12-31,sandy_gravel_or_small_boulder_sediments,sediment_plain,true
cl48339s00tr00003556,8742730,20.753632,87.082441,-2.0974407,0.5028048,0.42030737,1990-12-31,2021-12-31,sandy_gravel_or_small_boulder_sediments,sediment_plain,true
cl48339s00tr00003656,8742717,20.753635,87.082411,-2.6042564,0.6981204,0.35758665,1990-12-31,2021-12-31,sandy_gravel_or_small_boulder_sediments,sediment_plain,true
cl48339s00tr00003756,8742718,20.754393,87.081886,-1.6777458,0.80192095,0.15424842,1990-12-31,2021-12-31,sandy_gravel_or_small_boulder_sediments,sediment_plain,true
cl48339s00tr00003856,8742719,20.754492,87.081815,-2.0999656,0.6527966,0.31030944,1990-12-31,2019-12-31,sandy_gravel_or_small_boulder_sediments,sediment_plain,true
cl48339s00tr00003956,8742720,20.755203,87.081223,-1.976182,0.7422052,0.23560975,1990-12-31,2019-12-31,sandy_gravel_or_small_boulder_sediments,sediment_plain,true
cl48339s00tr00004056,8742721,20.755187,87.081274,0.5317667,0.69240147,0.03783426,2000-12-31,2019-12-31,sandy_gravel_or_small_boulder_sediments,sediment_plain,true
cl48339s00tr00004156,8742722,20.755837,87.080606,-1.6603408,0.98740005,0.12953986,1990-12-31,2015-12-31,sandy_gravel_or_small_boulder_sediments,wetland,true
cl48339s00tr00004256,8742723,20.755492,87.081087,1.0766423,1.5444977,0.023719992,1990-12-31,2019-12-31,sandy_gravel_or_small_boulder_sediments,wetland,true
cl48339s00tr00004356,8742724,20.756032,87.080316,0.05647997,0.85472924,0.00019849827,1990-12-31,2019-12-31,sandy_gravel_or_small_boulder_sediments,sediment_plain,true
cl48339s00tr00004456,8742725,20.755072,87.082217,0.22229531,0.42147493,0.012486405,1990-12-31,2020-12-31,sandy_gravel_or_small_boulder_sediments,sediment_plain,true
cl48339s00tr00004556,8742726,20.75487,87.086053,-0.98609203,0.71771777,0.0999422,1990-12-31,2021-12-31,sandy_gravel_or_small_boulder_sediments,sediment_plain,true
cl48339s00tr00004656,8742740,20.755618,87.08823,0.1946891,0.104579605,0.13095023,1988-12-31,2021-12-31,sandy_gravel_or_small_boulder_sediments,sediment_plain,true
cl48339s00tr00004756,8742739,20.755563,87.088074,-0.707962,0.22888492,0.2689896,1988-12-31,2021-12-31,sandy_gravel_or_small_boulder_sediments,sediment_plain,true
cl48339s00tr00004856,8742738,20.755043,87.087288,-3.8242424,0.4440013,0.74048287,1988-12-31,2021-12-31,sandy_gravel_or_small_boulder_sediments,sediment_plain,true
cl48339s00tr00004956,8742735,20.754809,87.086999,-4.333338,0.4855947,0.7538666,1988-12-31,2021-12-31,sandy_gravel_or_small_boulder_sediments,sediment_plain,true
cl48339s00tr00005056,8742714,20.754546,87.086681,-3.4165857,0.4286568,0.70958805,1988-12-31,2021-12-31,sandy_gravel_or_small_boulder_sediments,sediment_plain,true
cl48339s00tr00005156,8742715,20.754236,87.086317,-0.09952289,0.989269,0.0004398895,1988-12-31,2021-12-31,sandy_gravel_or_small_boulder_sediments,sediment_plain,true
cl48339s00tr00005256,1984605,20.753602,87.085633,7.32385,1.7682424,0.4381331,1994-12-31,2021-12-31,muddy_sediments,sediment_plain,false
cl48345s00tr00000033,8742716,20.417879,86.800494,1.01814,0.5735566,0.09226934,1988-12-31,2022-12-31,sandy_gravel_or_small_boulder_sediments,sediment_plain,true
cl48345s00tr00000133,8742733,20.417849,86.800495,2.1542978,0.59903586,0.29438323,1988-12-31,2022-12-31,sandy_gravel_or_small_boulder_sediments,sediment_plain,true
cl48345s00tr00000233,8742734,20.417309,86.800424,3.0402157,0.5453646,0.5006178,1988-12-31,2022-12-31,sandy_gravel_or_small_boulder_sediments,sediment_plain,true
cl48345s00tr00000333,8742736,20.416409,86.800341,3.391607,0.5344902,0.5650061,1988-12-31,2022-12-31,sandy_gravel_or_small_boulder_sediments,sediment_plain,true
cl48345s00tr00000433,8742737,20.415693,86.800281,3.0020375,0.3905746,0.66321576,1989-12-31,2022-12-31,sandy_gravel_or_small_boulder_sediments,sediment_plain,true
cl48345s00tr00000533,1984609,20.414792,86.800218,1.7870947,0.2374602,0.6613682,1989-12-31,2022-12-31,muddy_sediments,sediment_plain,false
cl48345s00tr00000633,1984610,20.414036,86.800165,0.6914194,0.3861879,0.09371102,1988-12-31,2022-12-31,muddy_sediments,wetland,false
cl48345s00tr00000733,1984611,20.413134,86.800118,0.85552865,0.33869663,0.17068824,1988-12-31,2022-12-31,muddy_sediments,wetland,false
cl48345s00tr00000833,1984612,20.412231,86.800071,1.3827574,0.31165197,0.38838834,1988-12-31,2022-12-31,muddy_sediments,wetland,false
cl48345s00tr00000933,1984613,20.4114,86.80003,1.8731678,0.32214138,0.52168745,1988-12-31,2022-12-31,muddy_sediments,wetland,false
cl48345s00tr00001033,1984614,20.410497,86.79999,2.5243645,0.49902987,0.45218903,1988-12-31,2022-12-31,muddy_sediments,wetland,false
cl48345s00tr00001133,1984606,20.409594,86.79995,3.2488945,0.57316166,0.5089534,1988-12-31,2022-12-31,muddy_sediments,wetland,false
cl48345s00tr00001233,1981933,20.408798,86.79992,3.7905958,0.5972202,0.5651274,1988-12-31,2022-12-31,muddy_sediments,wetland,false
cl48345s00tr00001333,1981934,20.407895,86.799892,3.593979,0.5771577,0.5557206,1988-12-31,2022-12-31,muddy_sediments,wetland,false
cl48345s00tr00001433,1981935,20.406991,86.799863,2.228789,0.4178426,0.47857085,1988-12-31,2022-12-31,muddy_sediments,wetland,false
cl48345s00tr00001533,1982040,20.406151,86.799839,1.1001989,0.26895642,0.36588714,1988-12-31,2022-12-31,muddy_sediments,wetland,false
cl48345s00tr00001633,1982041,20.405247,86.799817,0.09014349,0.04831088,0.10718678,1988-12-31,2020-12-31,muddy_sediments,wetland,false
cl48345s00tr00001733,1982042,20.404344,86.799795,-0.083297364,0.06125826,0.06409173,1988-12-31,2020-12-31,muddy_sediments,wetland,false
cl48345s00tr00001833,1982043,20.403535,86.799775,-0.09357974,0.041698754,0.16227314,1988-12-31,2022-12-31,muddy_sediments,wetland,false
cl48345s00tr00001933,1982044,20.402632,86.799764,0.48084596,0.17698407,0.20289119,1988-12-31,2022-12-31,muddy_sediments,wetland,false
cl48345s00tr00002033,1982045,20.401728,86.799752,0.82222813,0.30585,0.18905824,1988-12-31,2022-12-31,muddy_sediments,wetland,false
cl48345s00tr00002133,1982046,20.400825,86.79974,1.5227882,0.3035376,0.44808725,1988-12-31,2022-12-31,muddy_sediments,wetland,false
cl48345s00tr00002233,1982031,20.399921,86.799728,1.6826537,0.3207337,0.4702963,1988-12-31,2022-12-31,muddy_sediments,wetland,false
cl48345s00tr00002333,1982047,20.399128,86.799722,1.4167494,0.29643303,0.4242406,1988-12-31,2022-12-31,muddy_sediments,wetland,false
cl48345s00tr00002433,1982030,20.398225,86.799722,1.3112751,0.2872749,0.40194786,1988-12-31,2022-12-31,muddy_sediments,wetland,false
cl48345s00tr00002533,1982029,20.397321,86.799722,1.0324955,0.20510018,0.4497907,1988-12-31,2022-12-31,muddy_sediments,wetland,false
cl48345s00tr00002633,1982021,20.396417,86.799722,0.6435295,0.17266774,0.30942905,1988-12-31,2022-12-31,muddy_sediments,wetland,false
cl48345s00tr00002733,1982022,20.395753,86.799739,0.3798684,0.13765693,0.19720328,1988-12-31,2022-12-31,muddy_sediments,wetland,false
cl48345s00tr00002833,1982023,20.39485,86.799764,0.3627361,0.14110067,0.17117372,1988-12-31,2022-12-31,muddy_sediments,wetland,false
cl48345s00tr00002933,1982024,20.393946,86.799789,0.09971339,0.07630713,0.06393552,1988-12-31,2022-12-31,muddy_sediments,wetland,false
cl48345s00tr00003033,1982039,20.393491,86.799835,0.3100883,0.12781964,0.18457961,1988-12-31,2022-12-31,muddy_sediments,wetland,false
cl48345s00tr00003133,1982038,20.39259,86.799908,0.52547485,0.14189473,0.29999912,1988-12-31,2022-12-31,muddy_sediments,wetland,false
cl48345s00tr00003233,1982037,20.392553,86.799944,0.6693331,0.13279997,0.45038596,1988-12-31,2022-12-31,muddy_sediments,wetland,false
cl48345s00tr00003333,1981923,20.39347,86.799642,1.0862889,0.22942877,0.41195825,1988-12-31,2022-12-31,muddy_sediments,wetland,false
cl48345s00tr00003433,1981894,20.395719,86.798025,1.2386907,0.47376972,0.17601854,1988-12-31,2022-12-31,muddy_sediments,wetland,false
cl48345s00tr00003533,1981895,20.397806,86.789642,2.96994,0.37289858,0.6646855,1988-12-31,2022-12-31,muddy_sediments,moderately_sloped,false
cl48345s00tr00003633,1981896,20.395535,86.785738,1.8529068,0.33674857,0.48615676,1988-12-31,2022-12-31,muddy_sediments,wetland,false
cl48345s00tr00003733,1981897,20.393607,86.784384,-2.2180598,1.664456,0.06632217,1988-12-31,2022-12-31,muddy_sediments,wetland,false
cl48345s00tr00003833,1981898,20.392865,86.784131,-3.2901354,0.91999626,0.28554773,1988-12-31,2022-12-31,muddy_sediments,wetland,false
cl48345s00tr00003933,1981899,20.393753,86.784314,-2.5942442,0.6880469,0.30760315,1988-12-31,2022-12-31,muddy_sediments,wetland,false
cl48345s00tr00004033,1981955,20.393859,86.784288,-7.4054637,0.9310777,0.7784902,1991-12-31,2022-12-31,muddy_sediments,wetland,false
cl48345s00tr00004133,1982036,20.394758,86.784387,-8.0369425,1.0553186,0.7160431,1989-12-31,2022-12-31,muddy_sediments,wetland,false
cl48345s00tr00004233,1982048,20.395258,86.78442,0.6627674,0.93412787,0.0176609,1988-12-31,2021-12-31,muddy_sediments,wetland,false
cl48345s00tr00004333,1981956,20.39616,86.784476,0.44472495,1.2967124,0.0046828412,1988-12-31,2022-12-31,muddy_sediments,wetland,false
cl48345s00tr00004433,1982032,20.397062,86.784532,-6.9726844,1.5224689,0.5247036,1989-12-31,2022-12-31,muddy_sediments,wetland,false
cl48345s00tr00004533,1982033,20.397761,86.784563,0.094441816,0.49758115,0.0011606906,1989-12-31,2022-12-31,muddy_sediments,wetland,false
cl48345s00tr00004633,1982034,20.398664,86.784598,-0.30097672,0.5408253,0.010218082,1989-12-31,2021-12-31,muddy_sediments,wetland,false
cl48345s00tr00004733,1982035,20.399567,86.784632,-1.664396,0.75446033,0.13200954,1988-12-31,2022-12-31,muddy_sediments,wetland,false
cl48345s00tr00004833,1982025,20.40047,86.784667,-2.2927713,1.1365178,0.11604758,1988-12-31,2022-12-31,muddy_sediments,wetland,false
cl48345s00tr00004933,1982027,20.401257,86.784688,0.95423555,1.2728347,0.03859624,1999-12-31,2020-12-31,muddy_sediments,wetland,false
cl48345s00tr00005033,1982050,20.40216,86.78471,-6.094942,2.357834,0.37790182,1995-12-31,2020-12-31,muddy_sediments,wetland,false
cl48345s00tr00005133,1982028,20.403064,86.784732,-1.5282555,2.437192,0.012525068,1989-12-31,2022-12-31,muddy_sediments,wetland,false
cl48345s00tr00005233,1982061,20.403967,86.784754,-8.096478,1.6780832,0.5030149,1989-12-31,2022-12-31,muddy_sediments,wetland,false
cl48345s00tr00005333,1982062,20.404871,86.784776,-1.887926,1.6785673,0.046396665,1989-12-31,2022-12-31,muddy_sediments,wetland,false
cl48345s00tr00005433,1982063,20.405657,86.784785,4.4347563,1.5816559,0.23923558,1988-12-31,2022-12-31,muddy_sediments,wetland,false
cl48345s00tr00005533,1982064,20.406561,86.784795,3.8003073,1.4546833,0.2452821,1988-12-31,2022-12-31,muddy_sediments,wetland,false
cl48345s00tr00005633,1982065,20.407465,86.784804,0.20552917,1.1819202,0.00094410486,1988-12-31,2022-12-31,muddy_sediments,wetland,false
cl48345s00tr00005733,1961925,20.408226,86.784811,4.35142,2.159986,0.12659533,1988-12-31,2022-12-31,muddy_sediments,wetland,false
cl48345s00tr00005833,1961526,20.40913,86.784805,2.2974873,1.1053731,0.118943945,1988-12-31,2022-12-31,muddy_sediments,wetland,false
cl48345s00tr00005933,1961527,20.410034,86.7848,0.76984036,0.6486743,0.043460023,1989-12-31,2022-12-31,muddy_sediments,wetland,false
cl48345s00tr00006033,1961574,20.410937,86.784795,1.472503,0.20794372,0.6335802,1988-12-31,2022-12-31,muddy_sediments,wetland,false
cl48345s00tr00006133,1961528,20.411695,86.784779,1.36697,0.93409985,0.0646187,1988-12-31,2022-12-31,muddy_sediments,wetland,false
cl48345s00tr00006233,1961573,20.412599,86.784758,0.5355536,0.27295047,0.107386954,1988-12-31,2022-12-31,muddy_sediments,wetland,false
cl48345s00tr00006333,1961572,20.413502,86.784737,2.2876172,0.40760416,0.49605083,1988-12-31,2022-12-31,muddy_sediments,wetland,false
cl48345s00tr00006433,1961571,20.414183,86.784706,-0.49865937,0.23871881,0.3839924,1989-12-31,2022-12-31,muddy_sediments,sediment_plain,false
cl48345s00tr00006533,8729728,20.415086,86.784662,2.25133,1.3224318,0.093799174,1989-12-31,2022-12-31,sandy_gravel_or_small_boulder_sediments,sediment_plain,true
cl48345s00tr00006633,8729729,20.415708,86.784632,1.7043883,0.41296932,0.35461578,1988-12-31,2022-12-31,sandy_gravel_or_small_boulder_sediments,sediment_plain,true
cl48345s00tr00006733,1961570,20.416609,86.784558,1.9961768,0.67337954,0.22086601,1988-12-31,2022-12-31,muddy_sediments,sediment_plain,false
cl48345s00tr00006833,8729727,20.41751,86.784484,1.19956,0.45694783,0.18680349,1989-12-31,2022-12-31,sandy_gravel_or_small_boulder_sediments,sediment_plain,true
cl48345s00tr00006933,8729726,20.418008,86.784412,4.387808,0.61206967,0.6392665,1989-12-31,2022-12-31,sandy_gravel_or_small_boulder_sediments,sediment_plain,true
cl48345s00tr00007033,8729725,20.418003,86.784437,5.410958,0.97058606,0.5855308,1990-12-31,2021-12-31,sandy_gravel_or_small_boulder_sediments,sediment_plain,true
cl48345s00tr00007133,8729724,20.416412,86.785209,-1.6075251,0.19172429,0.6871975,1988-12-31,2022-12-31,sandy_gravel_or_small_boulder_sediments,sediment_plain,true
cl48345s00tr00007233,1961568,20.412457,86.791424,-5.102053,0.58579737,0.7673405,1998-12-31,2022-12-31,rocky_shore_platform_or_large_boulders,bedrock_plain,false
cl48345s00tr00007333,8729723,20.413832,86.797609,-2.5962489,0.8458464,0.23307708,1988-12-31,2022-12-31,sandy_gravel_or_small_boulder_sediments,sediment_plain,true
